Name;YT Scope Project;
File;C:\Users\Tobno\Desktop\Kv Tester\MainOpp120bar\15prosent.csv;
Starttime of export;134212473263990000;tirsdag 21. april 2026;14:15:26.399
Endtime of export;134212473350267837;tirsdag 21. april 2026;14:15:35.026


Name;fPresSupply_bar (1);Name;fPres2A_bar;Name;fPres2B_bar;Name;fCylinder2_m;Name;fSensor2_V;Name;fValve2_V

0;122.57454145939512;0;1.2695699942014831;0;0.18311105685598317;0;0.12433722913969686;0;5.6416516617328405;0;5.749992370372631
10;122.68440809350871;10;1.2451551866206854;10;0.20752586443678089;10;0.12441631508899567;10;5.6419568468276005;10;5.749992370372631
20;122.58674886318552;20;1.19632557145909;20;0.20752586443678089;20;0.12437677211434627;20;5.6413464766380805;20;5.749992370372631
30;122.59895626697592;30;1.19632557145909;30;0.20752586443678089;30;0.12433722913969686;30;5.6416516617328405;30;5.749992370372631
40;122.48908963286233;40;1.1841181676686912;40;0.17090365306558428;40;0.12433722913969686;40;5.6434827723014;40;5.749992370372631
50;122.68440809350871;50;1.2329477828302866;50;0.17090365306558428;50;0.12429768616504745;50;5.6416516617328405;50;5.749992370372631
60;122.63557847834711;60;1.3306070131534775;60;0.17090365306558428;60;0.12433722913969686;60;5.64378795739616;60;5.749992370372631
70;122.65999328592791;70;1.3306070131534775;70;0.15869624927518539;70;0.12433722913969686;70;5.6413464766380805;70;5.749992370372631
80;122.61116367076632;80;1.2695699942014831;80;0.15869624927518539;80;0.12433722913969686;80;5.64409314249092;80;5.749992370372631
90;122.58674886318552;90;1.2695699942014831;90;0.15869624927518539;90;0.12433722913969686;90;5.6419568468276005;90;5.749992370372631
100;122.69661549729911;100;1.3794366283150732;100;0.17090365306558428;100;0.12433722913969686;100;5.64226203192236;100;5.749992370372631
110;122.62337107455672;110;1.3794366283150732;110;0.17090365306558428;110;0.12433722913969686;110;5.6416516617328405;110;5.749992370372631
120;122.68440809350871;120;1.4160588396862697;120;0.18311105685598317;120;0.12437677211434627;120;5.64287240211188;120;5.749992370372631
130;122.47688222907193;130;1.4282662434766686;130;0.17090365306558428;130;0.12433722913969686;130;5.6419568468276005;130;5.749992370372631
140;122.61116367076632;140;1.3794366283150732;140;0.17090365306558428;140;0.12433722913969686;140;5.6407361064485606;140;5.749992370372631
150;122.62337107455672;150;1.3794366283150732;150;0.17090365306558428;150;0.12437677211434627;150;5.6434827723014;150;5.749992370372631
160;122.67220068971831;160;1.4404736472670676;160;0.17090365306558428;160;0.12433722913969686;160;5.6416516617328405;160;5.749992370372631
170;122.63557847834711;170;1.4282662434766686;170;0.18311105685598317;170;0.12433722913969686;170;5.64439832758568;170;5.749992370372631
180;122.65999328592791;180;1.3794366283150732;180;0.18311105685598317;180;0.12433722913969686;180;5.6413464766380805;180;5.749992370372631
190;122.62337107455672;190;1.3550218207342752;190;0.17090365306558428;190;0.12433722913969686;190;5.6434827723014;190;5.749992370372631
200;122.62337107455672;200;1.3794366283150732;200;0.15869624927518539;200;0.12429768616504745;200;5.6410412915433206;200;5.749992370372631
210;122.67220068971831;210;1.3916440321054717;210;0.17090365306558428;210;0.12429768616504745;210;5.6413464766380805;210;5.749992370372631
220;122.51350444044313;220;1.3550218207342752;220;0.15869624927518539;220;0.12429768616504745;220;5.6413464766380805;220;5.749992370372631
230;122.68440809350871;230;1.4160588396862697;230;0.17090365306558428;230;0.12433722913969686;230;5.6407361064485606;230;5.749992370372631
240;122.58674886318552;240;1.4526810510574664;240;0.17090365306558428;240;0.12433722913969686;240;5.64287240211188;240;5.749992370372631
250;122.67220068971831;250;1.4282662434766686;250;0.15869624927518539;250;0.12429768616504745;250;5.6410412915433206;250;5.749992370372631
260;122.65999328592791;260;1.4282662434766686;260;0.17090365306558428;260;0.12421860021574863;260;5.6434827723014;260;5.749992370372631
270;122.63557847834711;270;1.5259254737998595;270;0.17090365306558428;270;0.12433722913969686;270;5.6410412915433206;270;5.749992370372631
280;122.61116367076632;280;1.5625476851710562;280;0.17090365306558428;280;0.12437677211434627;280;5.64317758720664;280;5.749992370372631
290;122.67220068971831;290;1.4893032624286628;290;0.17090365306558428;290;0.12437677211434627;290;5.6416516617328405;290;5.749992370372631
300;122.7332377086703;300;1.5259254737998595;300;0.18311105685598317;300;0.12437677211434627;300;5.64317758720664;300;5.749992370372631
310;122.62337107455672;310;1.5991698965422529;310;0.18311105685598317;310;0.12437677211434627;310;5.6416516617328405;310;5.749992370372631
320;122.67220068971831;320;1.6113773003326517;320;0.20752586443678089;320;0.12437677211434627;320;5.6416516617328405;320;5.749992370372631
330;122.53791924802393;330;1.5625476851710562;330;0.18311105685598317;330;0.12429768616504745;330;5.64287240211188;330;5.749992370372631
340;122.7088229010895;340;1.5381328775902587;340;0.17090365306558428;340;0.12421860021574863;340;5.6416516617328405;340;5.749992370372631
350;122.58674886318552;350;1.5259254737998595;350;0.18311105685598317;350;0.12433722913969686;350;5.6434827723014;350;5.749992370372631
360;122.65999328592791;360;1.5259254737998595;360;0.18311105685598317;360;0.12433722913969686;360;5.6419568468276005;360;5.749992370372631
370;122.65999328592791;370;1.4893032624286628;370;0.18311105685598317;370;0.12433722913969686;370;5.64409314249092;370;5.749992370372631
380;122.58674886318552;380;1.5625476851710562;380;0.17090365306558428;380;0.12421860021574863;380;5.6416516617328405;380;5.749992370372631
390;122.63557847834711;390;1.6235847041230507;390;0.17090365306558428;390;0.12421860021574863;390;5.6434827723014;390;5.749992370372631
400;122.61116367076632;400;1.6235847041230507;400;0.15869624927518539;400;0.12429768616504745;400;5.6416516617328405;400;5.749992370372631
410;122.68440809350871;410;1.6357921079134494;410;0.15869624927518539;410;0.12429768616504745;410;5.64226203192236;410;5.749992370372631
420;122.62337107455672;420;1.6357921079134494;420;0.15869624927518539;420;0.12421860021574863;420;5.6413464766380805;420;5.749992370372631
430;122.62337107455672;430;1.6357921079134494;430;0.17090365306558428;430;0.12421860021574863;430;5.6413464766380805;430;5.749992370372631
440;122.52571184423353;440;1.5747550889614552;440;0.15869624927518539;440;0.12421860021574863;440;5.64317758720664;440;5.749992370372631
450;122.63557847834711;450;1.5503402813806573;450;0.17090365306558428;450;0.12433722913969686;450;5.64287240211188;450;5.749992370372631
460;122.53791924802393;460;1.5747550889614552;460;0.18311105685598317;460;0.12437677211434627;460;5.644703512680441;460;5.749992370372631
470;122.59895626697592;470;1.5625476851710562;470;0.18311105685598317;470;0.12421860021574863;470;5.6416516617328405;470;5.749992370372631
480;122.69661549729911;480;1.5503402813806573;480;0.20752586443678089;480;0.12421860021574863;480;5.6434827723014;480;5.749992370372631
490;122.7088229010895;490;1.6357921079134494;490;0.20752586443678089;490;0.12421860021574863;490;5.6410412915433206;490;5.749992370372631
500;122.7088229010895;500;1.7090365306558428;500;0.20752586443678089;500;0.12429768616504745;500;5.64317758720664;500;5.749992370372631
510;122.61116367076632;510;1.6724143192846461;510;0.20752586443678089;510;0.12433722913969686;510;5.6416516617328405;510;5.749992370372631
520;122.63557847834711;520;1.6602069154942471;520;0.18311105685598317;520;0.12433722913969686;520;5.6410412915433206;520;5.749992370372631
530;122.59895626697592;530;1.6968291268654438;530;0.15869624927518539;530;0.12429768616504745;530;5.6419568468276005;530;5.749992370372631
540;122.7698599200415;540;1.7212439344462416;540;0.17090365306558428;540;0.12433722913969686;540;5.6419568468276005;540;5.749992370372631
550;122.63557847834711;550;1.7456587420270393;550;0.17090365306558428;550;0.12433722913969686;550;5.64378795739616;550;5.749992370372631
560;122.7088229010895;560;1.7456587420270393;560;0.17090365306558428;560;0.12429768616504745;560;5.6410412915433206;560;5.749992370372631
570;122.7698599200415;570;1.6602069154942471;570;0.18311105685598317;570;0.12437677211434627;570;5.64409314249092;570;5.749992370372631
580;122.7332377086703;580;1.6724143192846461;580;0.18311105685598317;580;0.12433722913969686;580;5.6419568468276005;580;5.749992370372631
590;122.7332377086703;590;1.794488357188635;590;0.18311105685598317;590;0.12433722913969686;590;5.6434827723014;590;5.749992370372631
600;122.59895626697592;600;1.7578661458174383;600;0.18311105685598317;600;0.12429768616504745;600;5.6416516617328405;600;5.749992370372631
610;122.65999328592791;610;1.7700735496078372;610;0.17090365306558428;610;0.12429768616504745;610;5.64226203192236;610;5.749992370372631
620;122.62337107455672;620;1.7456587420270393;620;0.17090365306558428;620;0.12429768616504745;620;5.6419568468276005;620;5.749992370372631
630;122.67220068971831;630;1.7578661458174383;630;0.17090365306558428;630;0.12429768616504745;630;5.6416516617328405;630;5.749992370372631
640;122.58674886318552;640;1.7700735496078372;640;0.15869624927518539;640;0.12421860021574863;640;5.64317758720664;640;5.749992370372631
650;122.68440809350871;650;1.7456587420270393;650;0.15869624927518539;650;0.12429768616504745;650;5.6416516617328405;650;5.749992370372631
660;122.52571184423353;660;1.7700735496078372;660;0.17090365306558428;660;0.12437677211434627;660;5.64378795739616;660;5.749992370372631
670;122.63557847834711;670;1.7700735496078372;670;0.15869624927518539;670;0.12433722913969686;670;5.6413464766380805;670;5.749992370372631
680;122.69661549729911;680;1.8799401837214271;680;0.17090365306558428;680;0.12433722913969686;680;5.64378795739616;680;5.749992370372631
690;122.63557847834711;690;1.9043549913022249;690;0.17090365306558428;690;0.12437677211434627;690;5.6419568468276005;690;5.749992370372631
700;122.7332377086703;700;1.8921475875118259;700;0.17090365306558428;700;0.12433722913969686;700;5.64378795739616;700;5.749992370372631
710;122.61116367076632;710;1.8311105685598315;710;0.15869624927518539;710;0.12433722913969686;710;5.6419568468276005;710;5.749992370372631
720;122.65999328592791;720;1.8189031647694327;720;0.17090365306558428;720;0.12433722913969686;720;5.6416516617328405;720;5.749992370372631
730;122.56233405560472;730;1.794488357188635;730;0.20752586443678089;730;0.12433722913969686;730;5.64226203192236;730;5.749992370372631
740;122.68440809350871;740;1.794488357188635;740;0.20752586443678089;740;0.12433722913969686;740;5.6419568468276005;740;5.749992370372631
750;122.42805261391034;750;1.9165623950926236;750;0.18311105685598317;750;0.12433722913969686;750;5.64409314249092;750;5.749992370372631
760;122.51350444044313;760;1.9531846064638203;760;0.17090365306558428;760;0.12433722913969686;760;5.6416516617328405;760;5.749992370372631
770;122.56233405560472;770;1.8555253761406294;770;0.18311105685598317;770;0.12433722913969686;770;5.64409314249092;770;5.749992370372631
780;122.62337107455672;780;1.8555253761406294;780;0.18311105685598317;780;0.12429768616504745;780;5.6413464766380805;780;5.749992370372631
790;122.65999328592791;790;1.9287697988830226;790;0.20752586443678089;790;0.12433722913969686;790;5.64317758720664;790;5.749992370372631
800;122.51350444044313;800;1.8921475875118259;800;0.20752586443678089;800;0.12433722913969686;800;5.6410412915433206;800;5.749992370372631
810;122.62337107455672;810;1.8921475875118259;810;0.18311105685598317;810;0.12433722913969686;810;5.6413464766380805;810;5.749992370372631
820;122.58674886318552;820;1.8555253761406294;820;0.15869624927518539;820;0.12433722913969686;820;5.6419568468276005;820;5.749992370372631
830;122.63557847834711;830;1.8799401837214271;830;0.17090365306558428;830;0.12437677211434627;830;5.6419568468276005;830;5.749992370372631
840;122.56233405560472;840;1.9165623950926236;840;0.15869624927518539;840;0.12429768616504745;840;5.64317758720664;840;5.749992370372631
850;122.62337107455672;850;2.0264290292062137;850;0.15869624927518539;850;0.12421860021574863;850;5.6419568468276005;850;5.749992370372631
860;122.62337107455672;860;2.0142216254158147;860;0.15869624927518539;860;0.12429768616504745;860;5.6453138828699609;860;5.749992370372631
870;122.7210303048799;870;1.9531846064638203;870;0.15869624927518539;870;0.12433722913969686;870;5.6419568468276005;870;5.749992370372631
880;122.62337107455672;880;2.0142216254158147;880;0.18311105685598317;880;0.12429768616504745;880;5.6434827723014;880;5.749992370372631
890;122.68440809350871;890;2.0020142216254158;890;0.17090365306558428;890;0.12429768616504745;890;5.6416516617328405;890;5.749992370372631
900;122.7210303048799;900;1.989806817835017;900;0.18311105685598317;900;0.12429768616504745;900;5.64317758720664;900;5.749992370372631
910;122.65999328592791;910;1.9531846064638203;910;0.20752586443678089;910;0.12429768616504745;910;5.6416516617328405;910;5.749992370372631
920;122.67220068971831;920;1.989806817835017;920;0.18311105685598317;920;0.12433722913969686;920;5.6419568468276005;920;5.749992370372631
930;122.56233405560472;930;2.0752586443678092;930;0.18311105685598317;930;0.12429768616504745;930;5.64317758720664;930;5.749992370372631
940;122.7332377086703;940;2.0874660481582081;940;0.18311105685598317;940;0.12429768616504745;940;5.64287240211188;940;5.749992370372631
950;122.61116367076632;950;1.989806817835017;950;0.18311105685598317;950;0.12421860021574863;950;5.64439832758568;950;5.749992370372631
960;122.67220068971831;960;1.977599414044618;960;0.18311105685598317;960;0.12421860021574863;960;5.6419568468276005;960;5.749992370372631
970;122.67220068971831;970;2.0386364329966122;970;0.17090365306558428;970;0.12433722913969686;970;5.6453138828699609;970;5.749992370372631
980;122.7332377086703;980;2.0752586443678092;980;0.17090365306558428;980;0.12433722913969686;980;5.64287240211188;980;5.749992370372631
990;122.7210303048799;990;2.0996734519486067;990;0.18311105685598317;990;0.12429768616504745;990;5.64378795739616;990;5.749992370372631
1000;122.57454145939512;1000;2.0996734519486067;1000;0.17090365306558428;1000;0.12421860021574863;1000;5.6419568468276005;1000;5.749992370372631
1010;122.65999328592791;1010;2.0508438367870112;1010;0.17090365306558428;1010;0.12433722913969686;1010;5.64287240211188;1010;5.749992370372631
1020;122.58674886318552;1020;2.1118808557390056;1020;0.17090365306558428;1020;0.12437677211434627;1020;5.6419568468276005;1020;5.749992370372631
1030;122.59895626697592;1030;2.1485030671102026;1030;0.17090365306558428;1030;0.12437677211434627;1030;5.6416516617328405;1030;5.749992370372631
1040;122.52571184423353;1040;2.1240882595294046;1040;0.18311105685598317;1040;0.12429768616504745;1040;5.6434827723014;1040;5.749992370372631
1050;122.67220068971831;1050;2.0874660481582081;1050;0.18311105685598317;1050;0.12429768616504745;1050;5.6419568468276005;1050;5.749992370372631
1060;122.65999328592791;1060;2.0874660481582081;1060;0.17090365306558428;1060;0.12433722913969686;1060;5.6453138828699609;1060;5.749992370372631
1070;122.58674886318552;1070;2.1240882595294046;1070;0.15869624927518539;1070;0.12433722913969686;1070;5.6419568468276005;1070;5.749992370372631
1080;122.57454145939512;1080;2.1118808557390056;1080;0.20752586443678089;1080;0.12433722913969686;1080;5.64317758720664;1080;5.749992370372631
1090;122.67220068971831;1090;2.1118808557390056;1090;0.20752586443678089;1090;0.12433722913969686;1090;5.6416516617328405;1090;5.749992370372631
1100;122.69661549729911;1100;2.1240882595294046;1100;0.18311105685598317;1100;0.12433722913969686;1100;5.64317758720664;1100;5.749992370372631
1110;122.53791924802393;1110;2.0874660481582081;1110;0.17090365306558428;1110;0.12433722913969686;1110;5.6416516617328405;1110;5.749992370372631
1120;122.56233405560472;1120;2.1485030671102026;1120;0.18311105685598317;1120;0.12437677211434627;1120;5.6416516617328405;1120;5.749992370372631
1130;122.52571184423353;1130;2.1485030671102026;1130;0.18311105685598317;1130;0.12433722913969686;1130;5.64226203192236;1130;5.749992370372631
1140;122.7332377086703;1140;2.1240882595294046;1140;0.17090365306558428;1140;0.12433722913969686;1140;5.6413464766380805;1140;5.749992370372631
1150;122.69661549729911;1150;2.172917874691;1150;0.18311105685598317;1150;0.12433722913969686;1150;5.64378795739616;1150;5.749992370372631
1160;122.7332377086703;1160;2.172917874691;1160;0.18311105685598317;1160;0.12429768616504745;1160;5.6419568468276005;1160;5.749992370372631
1170;122.63557847834711;1170;2.2095400860621965;1170;0.18311105685598317;1170;0.12429768616504745;1170;5.6434827723014;1170;5.749992370372631
1180;122.62337107455672;1180;2.197332682271798;1180;0.17090365306558428;1180;0.12421860021574863;1180;5.6410412915433206;1180;5.749992370372631
1190;122.69661549729911;1190;2.172917874691;1190;0.17090365306558428;1190;0.12429768616504745;1190;5.64378795739616;1190;5.749992370372631
1200;122.59895626697592;1200;2.172917874691;1200;0.18311105685598317;1200;0.12433722913969686;1200;5.6419568468276005;1200;5.749992370372631
1210;122.67220068971831;1210;2.2949919125949889;1210;0.20752586443678089;1210;0.12433722913969686;1210;5.6419568468276005;1210;5.749992370372631
1220;122.61116367076632;1220;2.28278450880459;1220;0.17090365306558428;1220;0.12433722913969686;1220;5.6419568468276005;1220;5.749992370372631
1230;122.68440809350871;1230;2.2583697012237924;1230;0.15869624927518539;1230;0.12429768616504745;1230;5.6413464766380805;1230;5.749992370372631
1240;122.50129703665273;1240;2.2339548936429945;1240;0.17090365306558428;1240;0.12429768616504745;1240;5.64317758720664;1240;5.749992370372631
1250;122.61116367076632;1250;2.2095400860621965;1250;0.18311105685598317;1250;0.12433722913969686;1250;5.6413464766380805;1250;5.749992370372631
1260;122.62337107455672;1260;2.28278450880459;1260;0.17090365306558428;1260;0.12433722913969686;1260;5.64378795739616;1260;5.749992370372631
1270;122.7576525162511;1270;2.2949919125949889;1270;0.17090365306558428;1270;0.12429768616504745;1270;5.6419568468276005;1270;5.749992370372631
1280;122.7210303048799;1280;2.2583697012237924;1280;0.18311105685598317;1280;0.12433722913969686;1280;5.6434827723014;1280;5.749992370372631
1290;122.68440809350871;1290;2.2339548936429945;1290;0.18311105685598317;1290;0.12437677211434627;1290;5.6413464766380805;1290;5.749992370372631
1300;122.68440809350871;1300;2.28278450880459;1300;0.18311105685598317;1300;0.12437677211434627;1300;5.64287240211188;1300;5.749992370372631
1310;122.7210303048799;1310;2.3804437391277808;1310;0.17090365306558428;1310;0.12433722913969686;1310;5.6413464766380805;1310;5.749992370372631
1320;122.84310434278389;1320;2.3682363353373823;1320;0.20752586443678089;1320;0.12437677211434627;1320;5.6413464766380805;1320;5.749992370372631
1330;122.52571184423353;1330;2.28278450880459;1330;0.20752586443678089;1330;0.12429768616504745;1330;5.64287240211188;1330;5.749992370372631
1340;122.53791924802393;1340;2.3316141239661854;1340;0.18311105685598317;1340;0.12429768616504745;1340;5.6416516617328405;1340;5.749992370372631
1350;122.59895626697592;1350;2.3194067201757864;1350;0.20752586443678089;1350;0.12433722913969686;1350;5.64378795739616;1350;5.749992370372631
1360;122.7698599200415;1360;2.2583697012237924;1360;0.18311105685598317;1360;0.12433722913969686;1360;5.64226203192236;1360;5.749992370372631
1370;122.57454145939512;1370;2.2583697012237924;1370;0.17090365306558428;1370;0.12433722913969686;1370;5.64409314249092;1370;5.749992370372631
1380;122.58674886318552;1380;2.2949919125949889;1380;0.17090365306558428;1380;0.12433722913969686;1380;5.6416516617328405;1380;5.749992370372631
1390;122.7332377086703;1390;2.4170659504989778;1390;0.18311105685598317;1390;0.12433722913969686;1390;5.6434827723014;1390;5.749992370372631
1400;122.65999328592791;1400;2.4536881618701742;1400;0.18311105685598317;1400;0.12433722913969686;1400;5.6416516617328405;1400;5.749992370372631
1410;122.67220068971831;1410;2.4170659504989778;1410;0.18311105685598317;1410;0.12437677211434627;1410;5.6419568468276005;1410;5.749992370372631
1420;122.7820673238319;1420;2.4536881618701742;1420;0.17090365306558428;1420;0.12437677211434627;1420;5.6419568468276005;1420;5.749992370372631
1430;122.79427472762229;1430;2.4903103732413707;1430;0.17090365306558428;1430;0.12437677211434627;1430;5.6419568468276005;1430;5.749992370372631
1440;122.50129703665273;1440;2.4781029694509722;1440;0.17090365306558428;1440;0.12429768616504745;1440;5.64378795739616;1440;5.749992370372631
1450;122.68440809350871;1450;2.4048585467085788;1450;0.17090365306558428;1450;0.12421860021574863;1450;5.6413464766380805;1450;5.749992370372631
1460;122.57454145939512;1460;2.3682363353373823;1460;0.17090365306558428;1460;0.12421860021574863;1460;5.64317758720664;1460;5.749992370372631
1470;122.62337107455672;1470;2.39265114291818;1470;0.17090365306558428;1470;0.12421860021574863;1470;5.6416516617328405;1470;5.749992370372631
1480;122.7088229010895;1480;2.4292733542893763;1480;0.17090365306558428;1480;0.12429768616504745;1480;5.6434827723014;1480;5.749992370372631
1490;122.59895626697592;1490;2.4292733542893763;1490;0.17090365306558428;1490;0.12421860021574863;1490;5.6413464766380805;1490;5.749992370372631
1500;122.67220068971831;1500;2.3804437391277808;1500;0.18311105685598317;1500;0.12421860021574863;1500;5.64287240211188;1500;5.749992370372631
1510;122.7820673238319;1510;2.3316141239661854;1510;0.18311105685598317;1510;0.12429768616504745;1510;5.6413464766380805;1510;5.749992370372631
1520;122.79427472762229;1520;2.39265114291818;1520;0.18311105685598317;1520;0.12433722913969686;1520;5.6413464766380805;1520;5.749992370372631
1530;122.58674886318552;1530;2.4781029694509722;1530;0.18311105685598317;1530;0.12429768616504745;1530;5.64317758720664;1530;5.749992370372631
1540;122.65999328592791;1540;2.4781029694509722;1540;0.18311105685598317;1540;0.12433722913969686;1540;5.6416516617328405;1540;5.749992370372631
1550;122.52571184423353;1550;2.4536881618701742;1550;0.20752586443678089;1550;0.12437677211434627;1550;5.64287240211188;1550;5.749992370372631
1560;122.62337107455672;1560;2.4658955656605732;1560;0.18311105685598317;1560;0.12433722913969686;1560;5.6416516617328405;1560;5.749992370372631
1570;122.61116367076632;1570;2.5025177770317697;1570;0.18311105685598317;1570;0.12433722913969686;1570;5.64439832758568;1570;5.749992370372631
1580;122.58674886318552;1580;2.5635547959837641;1580;0.18311105685598317;1580;0.12433722913969686;1580;5.6407361064485606;1580;5.749992370372631
1590;122.62337107455672;1590;2.5635547959837641;1590;0.20752586443678089;1590;0.12429768616504745;1590;5.64226203192236;1590;5.749992370372631
1600;122.52571184423353;1600;2.5025177770317697;1600;0.18311105685598317;1600;0.12429768616504745;1600;5.6419568468276005;1600;5.749992370372631
1610;122.68440809350871;1610;2.5635547959837641;1610;0.17090365306558428;1610;0.12433722913969686;1610;5.64287240211188;1610;5.749992370372631
1620;122.7210303048799;1620;2.5635547959837641;1620;0.17090365306558428;1620;0.12429768616504745;1620;5.64226203192236;1620;5.749992370372631
1630;122.65999328592791;1630;2.6001770073549606;1630;0.17090365306558428;1630;0.12433722913969686;1630;5.6413464766380805;1630;5.749992370372631
1640;122.52571184423353;1640;2.5879696035645616;1640;0.17090365306558428;1640;0.12437677211434627;1640;5.64317758720664;1640;5.749992370372631
1650;122.69661549729911;1650;2.5391399884029662;1650;0.15869624927518539;1650;0.12433722913969686;1650;5.6410412915433206;1650;5.749992370372631
1660;122.56233405560472;1660;2.5635547959837641;1660;0.15869624927518539;1660;0.12433722913969686;1660;5.64287240211188;1660;5.749992370372631
1670;122.62337107455672;1670;2.5391399884029662;1670;0.15869624927518539;1670;0.12437677211434627;1670;5.6419568468276005;1670;5.749992370372631
1680;122.7820673238319;1680;2.5635547959837641;1680;0.18311105685598317;1680;0.12433722913969686;1680;5.64439832758568;1680;5.749992370372631
1690;122.7210303048799;1690;2.5879696035645616;1690;0.18311105685598317;1690;0.12433722913969686;1690;5.6416516617328405;1690;5.749992370372631
1700;122.67220068971831;1700;2.5757621997741631;1700;0.17090365306558428;1700;0.12433722913969686;1700;5.64317758720664;1700;5.749992370372631
1710;122.61116367076632;1710;2.5513473921933656;1710;0.18311105685598317;1710;0.12421860021574863;1710;5.6407361064485606;1710;5.749992370372631
1720;122.7698599200415;1720;2.5025177770317697;1720;0.20752586443678089;1720;0.12429768616504745;1720;5.6419568468276005;1720;5.749992370372631
1730;122.69661549729911;1730;2.5025177770317697;1730;0.18311105685598317;1730;0.12433722913969686;1730;5.6419568468276005;1730;5.749992370372631
1740;122.7576525162511;1740;2.6001770073549606;1740;0.18311105685598317;1740;0.12421860021574863;1740;5.6416516617328405;1740;5.749992370372631
1750;122.53791924802393;1750;2.5513473921933656;1750;0.18311105685598317;1750;0.12417905724109922;1750;5.6434827723014;1750;5.749992370372631
1760;122.67220068971831;1760;2.5757621997741631;1760;0.17090365306558428;1760;0.12429768616504745;1760;5.6434827723014;1760;5.749992370372631
1770;122.68440809350871;1770;2.661214026306955;1770;0.17090365306558428;1770;0.12437677211434627;1770;5.6453138828699609;1770;5.749992370372631
1780;122.68440809350871;1780;2.6490066225165565;1780;0.15869624927518539;1780;0.12433722913969686;1780;5.6416516617328405;1780;5.749992370372631
1790;122.65999328592791;1790;2.6490066225165565;1790;0.17090365306558428;1790;0.12433722913969686;1790;5.64378795739616;1790;5.749992370372631
1800;122.52571184423353;1800;2.6123844111453596;1800;0.17090365306558428;1800;0.12437677211434627;1800;5.6419568468276005;1800;5.749992370372631
1810;122.59895626697592;1810;2.6367992187261575;1810;0.15869624927518539;1810;0.12433722913969686;1810;5.6434827723014;1810;5.749992370372631
1820;122.57454145939512;1820;2.6856288338877534;1820;0.17090365306558428;1820;0.12421860021574863;1820;5.64226203192236;1820;5.749992370372631
1830;122.65999328592791;1830;2.6490066225165565;1830;0.20752586443678089;1830;0.12429768616504745;1830;5.6419568468276005;1830;5.749992370372631
1840;122.62337107455672;1840;2.661214026306955;1840;0.17090365306558428;1840;0.12433722913969686;1840;5.6419568468276005;1840;5.749992370372631
1850;122.68440809350871;1850;2.673421430097354;1850;0.17090365306558428;1850;0.12429768616504745;1850;5.6413464766380805;1850;5.749992370372631
1860;122.56233405560472;1860;2.6123844111453596;1860;0.17090365306558428;1860;0.12421860021574863;1860;5.64378795739616;1860;5.749992370372631
1870;122.68440809350871;1870;2.6001770073549606;1870;0.17090365306558428;1870;0.12421860021574863;1870;5.6419568468276005;1870;5.749992370372631
1880;122.7210303048799;1880;2.6001770073549606;1880;0.17090365306558428;1880;0.12429768616504745;1880;5.64409314249092;1880;5.749992370372631
1890;122.65999328592791;1890;2.6490066225165565;1890;0.17090365306558428;1890;0.12433722913969686;1890;5.6413464766380805;1890;5.749992370372631
1900;122.67220068971831;1900;2.6856288338877534;1900;0.17090365306558428;1900;0.12433722913969686;1900;5.64378795739616;1900;5.749992370372631
1910;122.68440809350871;1910;2.7466658528397478;1910;0.18311105685598317;1910;0.12429768616504745;1910;5.6419568468276005;1910;5.749992370372631
1920;122.7698599200415;1920;2.7588732566301464;1920;0.18311105685598317;1920;0.12433722913969686;1920;5.6419568468276005;1920;5.749992370372631
1930;122.68440809350871;1930;2.7466658528397478;1930;0.17090365306558428;1930;0.12433722913969686;1930;5.64287240211188;1930;5.749992370372631
1940;122.7576525162511;1940;2.7344584490493484;1940;0.17090365306558428;1940;0.12433722913969686;1940;5.64287240211188;1940;5.749992370372631
1950;122.62337107455672;1950;2.6978362376781519;1950;0.15869624927518539;1950;0.12433722913969686;1950;5.64378795739616;1950;5.749992370372631
1960;122.69661549729911;1960;2.7100436414685505;1960;0.17090365306558428;1960;0.12433722913969686;1960;5.64317758720664;1960;5.749992370372631
1970;122.59895626697592;1970;2.7710806604205449;1970;0.18311105685598317;1970;0.12437677211434627;1970;5.64409314249092;1970;5.749992370372631
1980;122.65999328592791;1980;2.7588732566301464;1980;0.17090365306558428;1980;0.12433722913969686;1980;5.6419568468276005;1980;5.749992370372631
1990;122.7088229010895;1990;2.7100436414685505;1990;0.15869624927518539;1990;0.12437677211434627;1990;5.644703512680441;1990;5.749992370372631
2000;122.52571184423353;2000;2.7832880642109434;2000;0.17090365306558428;2000;0.12433722913969686;2000;5.6416516617328405;2000;5.749992370372631
2010;122.61116367076632;2010;2.7954954680013429;2010;0.17090365306558428;2010;0.12429768616504745;2010;5.64226203192236;2010;5.749992370372631
2020;122.67220068971831;2020;2.7100436414685505;2020;0.17090365306558428;2020;0.12433722913969686;2020;5.6416516617328405;2020;5.749992370372631
2030;122.68440809350871;2030;2.7710806604205449;2030;0.17090365306558428;2030;0.12433722913969686;2030;5.6419568468276005;2030;5.749992370372631
2040;122.56233405560472;2040;2.7954954680013429;2040;0.17090365306558428;2040;0.12429768616504745;2040;5.64317758720664;2040;5.749992370372631
2050;122.65999328592791;2050;2.7954954680013429;2050;0.17090365306558428;2050;0.12433722913969686;2050;5.64226203192236;2050;5.749992370372631
2060;122.61116367076632;2060;2.8809472945341352;2060;0.18311105685598317;2060;0.12433722913969686;2060;5.64409314249092;2060;5.749992370372631
2070;122.65999328592791;2070;2.8687398907437363;2070;0.18311105685598317;2070;0.12421860021574863;2070;5.64317758720664;2070;5.749992370372631
2080;122.7210303048799;2080;2.7832880642109434;2080;0.18311105685598317;2080;0.12433722913969686;2080;5.6462294381542408;2080;5.749992370372631
2090;122.67220068971831;2090;2.7344584490493484;2090;0.18311105685598317;2090;0.12437677211434627;2090;5.6434827723014;2090;5.749992370372631
2100;122.68440809350871;2100;2.7588732566301464;2100;0.18311105685598317;2100;0.12437677211434627;2100;5.644703512680441;2100;5.749992370372631
2110;122.69661549729911;2110;2.8199102755821404;2110;0.18311105685598317;2110;0.12437677211434627;2110;5.64287240211188;2110;5.749992370372631
2120;122.7088229010895;2120;2.8199102755821404;2120;0.20752586443678089;2120;0.12437677211434627;2120;5.64317758720664;2120;5.749992370372631
2130;122.52571184423353;2130;2.8199102755821404;2130;0.20752586443678089;2130;0.12429768616504745;2130;5.64287240211188;2130;5.749992370372631
2140;122.53791924802393;2140;2.8443250831629387;2140;0.17090365306558428;2140;0.12429768616504745;2140;5.64317758720664;2140;5.749992370372631
2150;122.50129703665273;2150;2.8199102755821404;2150;0.17090365306558428;2150;0.12433722913969686;2150;5.64439832758568;2150;5.749992370372631
2160;122.61116367076632;2160;2.8321176793725393;2160;0.18311105685598317;2160;0.12433722913969686;2160;5.64287240211188;2160;5.749992370372631
2170;122.65999328592791;2170;2.9297769096957307;2170;0.18311105685598317;2170;0.12437677211434627;2170;5.64439832758568;2170;5.749992370372631
2180;122.62337107455672;2180;3.0396435438093206;2180;0.17090365306558428;2180;0.12429768616504745;2180;5.6434827723014;2180;5.749992370372631
2190;122.7210303048799;2190;3.0518509475997191;2190;0.17090365306558428;2190;0.12421860021574863;2190;5.6459242530594809;2190;5.749992370372631
2200;122.61116367076632;2200;2.9297769096957307;2200;0.15869624927518539;2200;0.12429768616504745;2200;5.64317758720664;2200;5.749992370372631
2210;122.56233405560472;2210;2.9175695059053313;2210;0.18311105685598317;2210;0.12433722913969686;2210;5.64378795739616;2210;5.749992370372631
2220;122.59895626697592;2220;2.9419843134861297;2220;0.20752586443678089;2220;0.12429768616504745;2220;5.64287240211188;2220;5.749992370372631
2230;122.7332377086703;2230;3.0152287362285222;2230;0.20752586443678089;2230;0.12429768616504745;2230;5.64317758720664;2230;5.749992370372631
2240;122.68440809350871;2240;2.9786065248573257;2240;0.15869624927518539;2240;0.12429768616504745;2240;5.64378795739616;2240;5.749992370372631
2250;122.7332377086703;2250;2.9786065248573257;2250;0.15869624927518539;2250;0.12429768616504745;2250;5.6434827723014;2250;5.749992370372631
2260;122.59895626697592;2260;3.0518509475997191;2260;0.17090365306558428;2260;0.12429768616504745;2260;5.6453138828699609;2260;5.749992370372631
2270;122.7088229010895;2270;2.9908139286477247;2270;0.17090365306558428;2270;0.12429768616504745;2270;5.64287240211188;2270;5.749992370372631
2280;122.65999328592791;2280;2.9786065248573257;2280;0.18311105685598317;2280;0.12421860021574863;2280;5.64409314249092;2280;5.749992370372631
2290;122.59895626697592;2290;2.9541917172765282;2290;0.15869624927518539;2290;0.12421860021574863;2290;5.6416516617328405;2290;5.749992370372631
2300;122.67220068971831;2300;2.9908139286477247;2300;0.18311105685598317;2300;0.12429768616504745;2300;5.64409314249092;2300;5.749992370372631
2310;122.63557847834711;2310;3.1128879665517131;2310;0.20752586443678089;2310;0.12429768616504745;2310;5.64226203192236;2310;5.749992370372631
2320;122.7820673238319;2320;3.0518509475997191;2320;0.20752586443678089;2320;0.12433722913969686;2320;5.64317758720664;2320;5.749992370372631
2330;122.65999328592791;2330;2.9175695059053313;2330;0.20752586443678089;2330;0.12437677211434627;2330;5.64287240211188;2330;5.749992370372631
2340;122.59895626697592;2340;2.9908139286477247;2340;0.18311105685598317;2340;0.12441631508899567;2340;5.6419568468276005;2340;5.749992370372631
2350;122.56233405560472;2350;3.0274361400189216;2350;0.20752586443678089;2350;0.12437677211434627;2350;5.6434827723014;2350;5.749992370372631
2360;122.7332377086703;2360;2.9297769096957307;2360;0.20752586443678089;2360;0.12421860021574863;2360;5.64226203192236;2360;5.749992370372631
2370;122.65999328592791;2370;3.0396435438093206;2370;0.18311105685598317;2370;0.12429768616504745;2370;5.644703512680441;2370;5.749992370372631
2380;122.68440809350871;2380;3.0762657551805175;2380;0.17090365306558428;2380;0.12429768616504745;2380;5.64226203192236;2380;5.749992370372631
2390;122.68440809350871;2390;2.9908139286477247;2390;0.17090365306558428;2390;0.12429768616504745;2390;5.64409314249092;2390;5.749992370372631
2400;122.53791924802393;2400;2.9786065248573257;2400;0.17090365306558428;2400;0.12429768616504745;2400;5.6419568468276005;2400;5.749992370372631
2410;122.65999328592791;2410;3.0762657551805175;2410;0.18311105685598317;2410;0.12433722913969686;2410;5.64378795739616;2410;5.749992370372631
2420;122.68440809350871;2420;3.0640583513901181;2420;0.17090365306558428;2420;0.12421860021574863;2420;5.64287240211188;2420;5.749992370372631
2430;122.7576525162511;2430;2.9908139286477247;2430;0.17090365306558428;2430;0.12433722913969686;2430;5.64287240211188;2430;5.749992370372631
2440;122.67220068971831;2440;3.0152287362285222;2440;0.15869624927518539;2440;0.12437677211434627;2440;5.6434827723014;2440;5.749992370372631
2450;122.7820673238319;2450;2.9908139286477247;2450;0.15869624927518539;2450;0.12437677211434627;2450;5.64226203192236;2450;5.749992370372631
2460;122.7210303048799;2460;2.9908139286477247;2460;0.15869624927518539;2460;0.12437677211434627;2460;5.64409314249092;2460;5.749992370372631
2470;122.68440809350871;2470;3.0640583513901181;2470;0.15869624927518539;2470;0.12433722913969686;2470;5.6419568468276005;2470;5.749992370372631
2480;122.62337107455672;2480;3.0762657551805175;2480;0.18311105685598317;2480;0.12433722913969686;2480;5.64439832758568;2480;5.749992370372631
2490;122.53791924802393;2490;3.1128879665517131;2490;0.18311105685598317;2490;0.12433722913969686;2490;5.64226203192236;2490;5.749992370372631
2500;122.58674886318552;2500;3.088473158970916;2500;0.15869624927518539;2500;0.12441631508899567;2500;5.64439832758568;2500;5.749992370372631
2510;122.7576525162511;2510;3.088473158970916;2510;0.17090365306558428;2510;0.12437677211434627;2510;5.64287240211188;2510;5.749992370372631
2520;122.85531174657429;2520;3.1495101779229104;2520;0.17090365306558428;2520;0.12433722913969686;2520;5.64287240211188;2520;5.749992370372631
2530;122.62337107455672;2530;3.1739249855037079;2530;0.14648884548478652;2530;0.12429768616504745;2530;5.64287240211188;2530;5.749992370372631
2540;122.67220068971831;2540;3.0762657551805175;2540;0.15869624927518539;2540;0.12429768616504745;2540;5.64226203192236;2540;5.749992370372631
2550;122.50129703665273;2550;3.1128879665517131;2550;0.18311105685598317;2550;0.12433722913969686;2550;5.6434827723014;2550;5.749992370372631
2560;122.68440809350871;2560;3.2593768120365003;2560;0.18311105685598317;2560;0.12437677211434627;2560;5.6416516617328405;2560;5.749992370372631
2570;122.68440809350871;2570;3.2227546006653034;2570;0.17090365306558428;2570;0.12433722913969686;2570;5.64439832758568;2570;5.749992370372631
2580;122.56233405560472;2580;3.1373027741325119;2580;0.17090365306558428;2580;0.12429768616504745;2580;5.64226203192236;2580;5.749992370372631
2590;122.61116367076632;2590;3.1373027741325119;2590;0.18311105685598317;2590;0.12433722913969686;2590;5.64378795739616;2590;5.749992370372631
2600;122.63557847834711;2600;3.1617175817133094;2600;0.20752586443678089;2600;0.12433722913969686;2600;5.6410412915433206;2600;5.749992370372631
2610;122.67220068971831;2610;3.2105471968749049;2610;0.20752586443678089;2610;0.12437677211434627;2610;5.64287240211188;2610;5.749992370372631
2620;122.53791924802393;2620;3.1739249855037079;2620;0.17090365306558428;2620;0.12433722913969686;2620;5.6416516617328405;2620;5.749992370372631
2630;122.69661549729911;2630;3.2105471968749049;2630;0.17090365306558428;2630;0.12429768616504745;2630;5.6419568468276005;2630;5.749992370372631
2640;122.56233405560472;2640;3.2593768120365003;2640;0.17090365306558428;2640;0.12429768616504745;2640;5.64317758720664;2640;5.749992370372631
2650;122.52571184423353;2650;3.1983397930845059;2650;0.17090365306558428;2650;0.12433722913969686;2650;5.6413464766380805;2650;5.749992370372631
2660;122.51350444044313;2660;3.2105471968749049;2660;0.17090365306558428;2660;0.12429768616504745;2660;5.64317758720664;2660;5.749992370372631
2670;122.69661549729911;2670;3.1373027741325119;2670;0.15869624927518539;2670;0.12429768616504745;2670;5.64226203192236;2670;5.749992370372631
2680;122.58674886318552;2680;3.0518509475997191;2680;0.18311105685598317;2680;0.12433722913969686;2680;5.6453138828699609;2680;5.749992370372631
2690;122.63557847834711;2690;3.1495101779229104;2690;0.17090365306558428;2690;0.12429768616504745;2690;5.64226203192236;2690;5.749992370372631
2700;122.65999328592791;2700;3.2227546006653034;2700;0.18311105685598317;2700;0.12433722913969686;2700;5.6434827723014;2700;5.749992370372631
2710;122.57454145939512;2710;3.1617175817133094;2710;0.18311105685598317;2710;0.12437677211434627;2710;5.6413464766380805;2710;5.749992370372631
2720;122.65999328592791;2720;3.2227546006653034;2720;0.18311105685598317;2720;0.12433722913969686;2720;5.64226203192236;2720;5.749992370372631
2730;122.61116367076632;2730;3.2471694082461013;2730;0.17090365306558428;2730;0.12433722913969686;2730;5.6419568468276005;2730;5.749992370372631
2740;122.7210303048799;2740;3.1739249855037079;2740;0.18311105685598317;2740;0.12433722913969686;2740;5.6413464766380805;2740;5.749992370372631
2750;122.65999328592791;2750;3.2105471968749049;2750;0.17090365306558428;2750;0.12433722913969686;2750;5.64287240211188;2750;5.749992370372631
2760;122.63557847834711;2760;3.2105471968749049;2760;0.15869624927518539;2760;0.12433722913969686;2760;5.6413464766380805;2760;5.749992370372631
2770;122.52571184423353;2770;3.2349620044557028;2770;0.17090365306558428;2770;0.12437677211434627;2770;5.6434827723014;2770;5.749992370372631
2780;122.84310434278389;2780;3.2715842158268988;2780;0.17090365306558428;2780;0.12437677211434627;2780;5.6410412915433206;2780;5.749992370372631
2790;122.96517838068787;2790;3.3448286385692922;2790;0.17090365306558428;2790;0.12433722913969686;2790;5.6434827723014;2790;5.749992370372631
2800;122.69661549729911;2800;3.2593768120365003;2800;0.15869624927518539;2800;0.12429768616504745;2800;5.6416516617328405;2800;5.749992370372631
2810;122.61116367076632;2810;3.1983397930845059;2810;0.15869624927518539;2810;0.12433722913969686;2810;5.64287240211188;2810;5.749992370372631
2820;122.63557847834711;2820;3.2349620044557028;2820;0.17090365306558428;2820;0.12433722913969686;2820;5.6410412915433206;2820;5.749992370372631
2830;122.69661549729911;2830;3.2715842158268988;2830;0.20752586443678089;2830;0.12433722913969686;2830;5.6410412915433206;2830;5.749992370372631
2840;122.53791924802393;2840;3.2715842158268988;2840;0.21973326822717978;2840;0.12433722913969686;2840;5.6419568468276005;2840;5.749992370372631
2850;122.68440809350871;2850;3.3448286385692922;2850;0.20752586443678089;2850;0.12433722913969686;2850;5.6419568468276005;2850;5.749992370372631
2860;122.62337107455672;2860;3.47911008026368;2860;0.15869624927518539;2860;0.12429768616504745;2860;5.64378795739616;2860;5.749992370372631
2870;122.68440809350871;2870;3.4546952726828826;2870;0.15869624927518539;2870;0.12433722913969686;2870;5.6416516617328405;2870;5.749992370372631
2880;122.63557847834711;2880;3.36924344615009;2880;0.17090365306558428;2880;0.12433722913969686;2880;5.64439832758568;2880;5.749992370372631
2890;122.7332377086703;2890;3.3326212347788937;2890;0.15869624927518539;2890;0.12429768616504745;2890;5.6419568468276005;2890;5.749992370372631
2900;122.7332377086703;2900;3.3936582537308877;2900;0.17090365306558428;2900;0.12433722913969686;2900;5.6434827723014;2900;5.749992370372631
2910;122.62337107455672;2910;3.4302804651020846;2910;0.18311105685598317;2910;0.12437677211434627;2910;5.6413464766380805;2910;5.749992370372631
2920;122.7698599200415;2920;3.4546952726828826;2920;0.20752586443678089;2920;0.12437677211434627;2920;5.64226203192236;2920;5.749992370372631
2930;122.57454145939512;2930;3.3570360423596917;2930;0.20752586443678089;2930;0.12441631508899567;2930;5.6416516617328405;2930;5.749992370372631
2940;122.57454145939512;2940;3.3570360423596917;2940;0.20752586443678089;2940;0.12441631508899567;2940;5.6416516617328405;2940;5.749992370372631
2950;122.58674886318552;2950;3.47911008026368;2950;0.18311105685598317;2950;0.12429768616504745;2950;5.64409314249092;2950;5.749992370372631
2960;122.7088229010895;2960;3.4424878688924831;2960;0.17090365306558428;2960;0.12429768616504745;2960;5.6419568468276005;2960;5.749992370372631
2970;122.62337107455672;2970;3.4424878688924831;2970;0.17090365306558428;2970;0.12433722913969686;2970;5.64378795739616;2970;5.749992370372631
2980;122.7332377086703;2980;3.47911008026368;2980;0.17090365306558428;2980;0.12433722913969686;2980;5.6419568468276005;2980;5.749992370372631
2990;122.7576525162511;2990;3.4058656575212871;2990;0.17090365306558428;2990;0.12433722913969686;2990;5.64378795739616;2990;5.749992370372631
3000;122.67220068971831;3000;3.4180730613116856;3000;0.17090365306558428;3000;0.12429768616504745;3000;5.6413464766380805;3000;5.749992370372631
3010;122.69661549729911;3010;3.503524887844478;3010;0.18311105685598317;3010;0.12437677211434627;3010;5.64317758720664;3010;5.749992370372631
3020;122.58674886318552;3020;3.4180730613116856;3020;0.18311105685598317;3020;0.12433722913969686;3020;5.6419568468276005;3020;5.749992370372631
3030;122.62337107455672;3030;3.2715842158268988;3030;0.20752586443678089;3030;0.12433722913969686;3030;5.64226203192236;3030;5.749992370372631
3040;122.52571184423353;3040;3.3448286385692922;3040;0.18311105685598317;3040;0.12433722913969686;3040;5.64317758720664;3040;5.749992370372631
3050;122.7210303048799;3050;3.5157322916348765;3050;0.18311105685598317;3050;0.12429768616504745;3050;5.64226203192236;3050;5.749992370372631
3060;122.69661549729911;3060;3.47911008026368;3060;0.15869624927518539;3060;0.12433722913969686;3060;5.64409314249092;3060;5.749992370372631
3070;122.68440809350871;3070;3.47911008026368;3070;0.15869624927518539;3070;0.12437677211434627;3070;5.6407361064485606;3070;5.749992370372631
3080;122.63557847834711;3080;3.5157322916348765;3080;0.17090365306558428;3080;0.12433722913969686;3080;5.64287240211188;3080;5.749992370372631
3090;122.58674886318552;3090;3.47911008026368;3090;0.15869624927518539;3090;0.12429768616504745;3090;5.6413464766380805;3090;5.749992370372631
3100;122.65999328592791;3100;3.503524887844478;3100;0.20752586443678089;3100;0.12429768616504745;3100;5.6434827723014;3100;5.749992370372631
3110;122.7576525162511;3110;3.4546952726828826;3110;0.20752586443678089;3110;0.12429768616504745;3110;5.6416516617328405;3110;5.749992370372631
3120;122.79427472762229;3120;3.3326212347788937;3120;0.20752586443678089;3120;0.12437677211434627;3120;5.6416516617328405;3120;5.749992370372631
3130;122.65999328592791;3130;3.4302804651020846;3130;0.21973326822717978;3130;0.12433722913969686;3130;5.6416516617328405;3130;5.749992370372631
3140;122.7088229010895;3140;3.6133915219580675;3140;0.20752586443678089;3140;0.12429768616504745;3140;5.64226203192236;3140;5.749992370372631
3150;122.53791924802393;3150;3.58897671437727;3150;0.18311105685598317;3150;0.12421860021574863;3150;5.6434827723014;3150;5.749992370372631
3160;122.69661549729911;3160;3.503524887844478;3160;0.17090365306558428;3160;0.12421860021574863;3160;5.6419568468276005;3160;5.749992370372631
3170;122.69661549729911;3170;3.527939695425276;3170;0.17090365306558428;3170;0.12433722913969686;3170;5.64439832758568;3170;5.749992370372631
3180;122.7088229010895;3180;3.5401470992156745;3180;0.17090365306558428;3180;0.12421860021574863;3180;5.6413464766380805;3180;5.749992370372631
3190;122.67220068971831;3190;3.4546952726828826;3190;0.18311105685598317;3190;0.12421860021574863;3190;5.64317758720664;3190;5.749992370372631
3200;122.68440809350871;3200;3.5401470992156745;3200;0.17090365306558428;3200;0.12433722913969686;3200;5.6413464766380805;3200;5.749992370372631
3210;122.68440809350871;3210;3.6744285409100623;3210;0.20752586443678089;3210;0.12441631508899567;3210;5.64317758720664;3210;5.749992370372631
3220;122.67220068971831;3220;3.527939695425276;3220;0.18311105685598317;3220;0.12433722913969686;3220;5.64226203192236;3220;5.749992370372631
3230;122.85531174657429;3230;3.4424878688924831;3230;0.15869624927518539;3230;0.12429768616504745;3230;5.64287240211188;3230;5.749992370372631
3240;122.7210303048799;3240;3.4302804651020846;3240;0.15869624927518539;3240;0.12429768616504745;3240;5.64378795739616;3240;5.749992370372631
3250;122.7332377086703;3250;3.4913174840540786;3250;0.15869624927518539;3250;0.12429768616504745;3250;5.64226203192236;3250;5.749992370372631
3260;122.57454145939512;3260;3.527939695425276;3260;0.15869624927518539;3260;0.12429768616504745;3260;5.64317758720664;3260;5.749992370372631
3270;122.69661549729911;3270;3.6011841181676689;3270;0.17090365306558428;3270;0.12433722913969686;3270;5.6413464766380805;3270;5.749992370372631
3280;122.69661549729911;3280;3.58897671437727;3280;0.17090365306558428;3280;0.12433722913969686;3280;5.64439832758568;3280;5.749992370372631
3290;122.67220068971831;3290;3.5401470992156745;3290;0.17090365306558428;3290;0.12433722913969686;3290;5.6419568468276005;3290;5.749992370372631
3300;122.7332377086703;3300;3.58897671437727;3300;0.20752586443678089;3300;0.12437677211434627;3300;5.64378795739616;3300;5.749992370372631
3310;122.65999328592791;3310;3.6500137333292644;3310;0.18311105685598317;3310;0.12433722913969686;3310;5.64226203192236;3310;5.749992370372631
3320;122.68440809350871;3320;3.58897671437727;3320;0.17090365306558428;3320;0.12429768616504745;3320;5.64317758720664;3320;5.749992370372631
3330;122.63557847834711;3330;3.4424878688924831;3330;0.17090365306558428;3330;0.12433722913969686;3330;5.64226203192236;3330;5.749992370372631
3340;122.67220068971831;3340;3.503524887844478;3340;0.18311105685598317;3340;0.12421860021574863;3340;5.6416516617328405;3340;5.749992370372631
3350;122.57454145939512;3350;3.6255989257484669;3350;0.20752586443678089;3350;0.12429768616504745;3350;5.6434827723014;3350;5.749992370372631
3360;122.58674886318552;3360;3.7110507522812588;3360;0.18311105685598317;3360;0.12437677211434627;3360;5.64287240211188;3360;5.749992370372631
3370;122.56233405560472;3370;3.6378063295388654;3370;0.17090365306558428;3370;0.12433722913969686;3370;5.6453138828699609;3370;5.749992370372631
3380;122.67220068971831;3380;3.503524887844478;3380;0.15869624927518539;3380;0.12433722913969686;3380;5.6419568468276005;3380;5.749992370372631
3390;122.69661549729911;3390;3.5523545030060735;3390;0.17090365306558428;3390;0.12437677211434627;3390;5.64439832758568;3390;5.749992370372631
3400;122.65999328592791;3400;3.6011841181676689;3400;0.15869624927518539;3400;0.12433722913969686;3400;5.64287240211188;3400;5.749992370372631
3410;122.67220068971831;3410;3.527939695425276;3410;0.15869624927518539;3410;0.12433722913969686;3410;5.64317758720664;3410;5.749992370372631
3420;122.7576525162511;3420;3.5523545030060735;3420;0.17090365306558428;3420;0.12433722913969686;3420;5.6419568468276005;3420;5.749992370372631
3430;122.80648213141269;3430;3.6011841181676689;3430;0.17090365306558428;3430;0.12433722913969686;3430;5.64317758720664;3430;5.749992370372631
3440;122.56233405560472;3440;3.6500137333292644;3440;0.15869624927518539;3440;0.12429768616504745;3440;5.64317758720664;3440;5.749992370372631
3450;122.62337107455672;3450;3.6744285409100623;3450;0.15869624927518539;3450;0.12429768616504745;3450;5.6413464766380805;3450;5.749992370372631
3460;122.59895626697592;3460;3.7232581560716578;3460;0.15869624927518539;3460;0.12433722913969686;3460;5.64317758720664;3460;5.749992370372631
3470;122.7820673238319;3470;3.6866359447004609;3470;0.15869624927518539;3470;0.12429768616504745;3470;5.6419568468276005;3470;5.749992370372631
3480;122.7210303048799;3480;3.5523545030060735;3480;0.17090365306558428;3480;0.12421860021574863;3480;5.64409314249092;3480;5.749992370372631
3490;122.50129703665273;3490;3.6378063295388654;3490;0.17090365306558428;3490;0.12429768616504745;3490;5.6407361064485606;3490;5.749992370372631
3500;122.57454145939512;3500;3.7232581560716578;3500;0.18311105685598317;3500;0.12437677211434627;3500;5.64287240211188;3500;5.749992370372631
3510;122.61116367076632;3510;3.7110507522812588;3510;0.17090365306558428;3510;0.12437677211434627;3510;5.64226203192236;3510;5.749992370372631
3520;122.62337107455672;3520;3.7720877712332532;3520;0.17090365306558428;3520;0.12437677211434627;3520;5.6434827723014;3520;5.749992370372631
3530;122.63557847834711;3530;3.7598803674428543;3530;0.17090365306558428;3530;0.12433722913969686;3530;5.64287240211188;3530;5.749992370372631
3540;122.81868953520309;3540;3.8087099826044497;3540;0.18311105685598317;3540;0.12429768616504745;3540;5.64226203192236;3540;5.749992370372631
3550;122.7576525162511;3550;3.7842951750236518;3550;0.18311105685598317;3550;0.12429768616504745;3550;5.64378795739616;3550;5.749992370372631
3560;122.7576525162511;3560;3.6744285409100623;3560;0.18311105685598317;3560;0.12433722913969686;3560;5.64226203192236;3560;5.749992370372631
3570;122.53791924802393;3570;3.6744285409100623;3570;0.20752586443678089;3570;0.12429768616504745;3570;5.64409314249092;3570;5.749992370372631
3580;122.62337107455672;3580;3.7232581560716578;3580;0.20752586443678089;3580;0.12429768616504745;3580;5.6416516617328405;3580;5.749992370372631
3590;122.68440809350871;3590;3.7232581560716578;3590;0.18311105685598317;3590;0.12433722913969686;3590;5.64378795739616;3590;5.749992370372631
3600;122.62337107455672;3600;3.7598803674428543;3600;0.17090365306558428;3600;0.12433722913969686;3600;5.6419568468276005;3600;5.749992370372631
3610;122.84310434278389;3610;3.8209173863948487;3610;0.18311105685598317;3610;0.12433722913969686;3610;5.6434827723014;3610;5.749992370372631
3620;122.65999328592791;3620;3.8697470015564441;3620;0.17090365306558428;3620;0.12433722913969686;3620;5.6419568468276005;3620;5.749992370372631
3630;122.59895626697592;3630;3.8087099826044497;3630;0.18311105685598317;3630;0.12433722913969686;3630;5.6419568468276005;3630;5.749992370372631
3640;122.52571184423353;3640;3.6500137333292644;3640;0.15869624927518539;3640;0.12429768616504745;3640;5.64287240211188;3640;5.749992370372631
3650;122.62337107455672;3650;3.6866359447004609;3650;0.15869624927518539;3650;0.12433722913969686;3650;5.64226203192236;3650;5.749992370372631
3660;122.62337107455672;3660;3.8209173863948487;3660;0.15869624927518539;3660;0.12433722913969686;3660;5.64439832758568;3660;5.749992370372631
3670;122.7088229010895;3670;3.8209173863948487;3670;0.17090365306558428;3670;0.12429768616504745;3670;5.64226203192236;3670;5.749992370372631
3680;122.65999328592791;3680;3.8209173863948487;3680;0.17090365306558428;3680;0.12429768616504745;3680;5.64439832758568;3680;5.749992370372631
3690;122.7210303048799;3690;3.8819544053468427;3690;0.17090365306558428;3690;0.12421860021574863;3690;5.6413464766380805;3690;5.749992370372631
3700;122.7332377086703;3700;3.8575395977660452;3700;0.17090365306558428;3700;0.12429768616504745;3700;5.64287240211188;3700;5.749992370372631
3710;122.61116367076632;3710;3.8209173863948487;3710;0.17090365306558428;3710;0.12429768616504745;3710;5.6416516617328405;3710;5.749992370372631
3720;122.59895626697592;3720;3.9063692129276406;3720;0.18311105685598317;3720;0.12433722913969686;3720;5.64287240211188;3720;5.749992370372631
3730;122.65999328592791;3730;3.9307840205084386;3730;0.17090365306558428;3730;0.12433722913969686;3730;5.64226203192236;3730;5.749992370372631
3740;122.7576525162511;3740;3.8087099826044497;3740;0.17090365306558428;3740;0.12433722913969686;3740;5.6419568468276005;3740;5.749992370372631
3750;122.7088229010895;3750;3.7354655598620563;3750;0.18311105685598317;3750;0.12437677211434627;3750;5.64317758720664;3750;5.749992370372631
3760;122.7820673238319;3760;3.8331247901852472;3760;0.20752586443678089;3760;0.12429768616504745;3760;5.6419568468276005;3760;5.749992370372631
3770;122.65999328592791;3770;3.9307840205084386;3770;0.18311105685598317;3770;0.12433722913969686;3770;5.64378795739616;3770;5.749992370372631
3780;122.7820673238319;3780;3.9307840205084386;3780;0.17090365306558428;3780;0.12433722913969686;3780;5.6419568468276005;3780;5.749992370372631
3790;122.69661549729911;3790;3.8209173863948487;3790;0.17090365306558428;3790;0.12433722913969686;3790;5.64409314249092;3790;5.749992370372631
3800;122.67220068971831;3800;3.8331247901852472;3800;0.17090365306558428;3800;0.12437677211434627;3800;5.6413464766380805;3800;5.749992370372631
3810;122.65999328592791;3810;3.8941618091372421;3810;0.18311105685598317;3810;0.12437677211434627;3810;5.64287240211188;3810;5.749992370372631
3820;122.61116367076632;3820;3.7965025788140512;3820;0.18311105685598317;3820;0.12433722913969686;3820;5.6419568468276005;3820;5.749992370372631
3830;122.7210303048799;3830;3.8331247901852472;3830;0.17090365306558428;3830;0.12421860021574863;3830;5.64287240211188;3830;5.749992370372631
3840;122.67220068971831;3840;3.8697470015564441;3840;0.18311105685598317;3840;0.12421860021574863;3840;5.6434827723014;3840;5.749992370372631
3850;122.59895626697592;3850;3.8697470015564441;3850;0.18311105685598317;3850;0.12433722913969686;3850;5.6419568468276005;3850;5.749992370372631
3860;122.35480819116795;3860;3.9551988280892361;3860;0.15869624927518539;3860;0.12433722913969686;3860;5.64378795739616;3860;5.749992370372631
3870;122.57454145939512;3870;3.9551988280892361;3870;0.17090365306558428;3870;0.12433722913969686;3870;5.6416516617328405;3870;5.749992370372631
3880;122.53791924802393;3880;3.8941618091372421;3880;0.18311105685598317;3880;0.12429768616504745;3880;5.64378795739616;3880;5.749992370372631
3890;122.58674886318552;3890;3.8087099826044497;3890;0.17090365306558428;3890;0.12429768616504745;3890;5.6416516617328405;3890;5.749992370372631
3900;122.79427472762229;3900;3.7842951750236518;3900;0.17090365306558428;3900;0.12429768616504745;3900;5.64378795739616;3900;5.749992370372631
3910;122.79427472762229;3910;3.8087099826044497;3910;0.15869624927518539;3910;0.12421860021574863;3910;5.6419568468276005;3910;5.749992370372631
3920;122.7088229010895;3920;3.8941618091372421;3920;0.15869624927518539;3920;0.12429768616504745;3920;5.64226203192236;3920;5.749992370372631
3930;122.58674886318552;3930;3.9063692129276406;3930;0.17090365306558428;3930;0.12433722913969686;3930;5.6419568468276005;3930;5.749992370372631
3940;122.7088229010895;3940;4.0162358470412309;3940;0.17090365306558428;3940;0.12437677211434627;3940;5.64226203192236;3940;5.749992370372631
3950;122.62337107455672;3950;4.0528580584124274;3950;0.17090365306558428;3950;0.12433722913969686;3950;5.6434827723014;3950;5.749992370372631
3960;122.69661549729911;3960;3.8697470015564441;3960;0.17090365306558428;3960;0.12433722913969686;3960;5.6416516617328405;3960;5.749992370372631
3970;122.63557847834711;3970;3.8209173863948487;3970;0.18311105685598317;3970;0.12433722913969686;3970;5.6434827723014;3970;5.749992370372631
3980;122.7210303048799;3980;3.9063692129276406;3980;0.17090365306558428;3980;0.12433722913969686;3980;5.6410412915433206;3980;5.749992370372631
3990;122.7698599200415;3990;3.9063692129276406;3990;0.17090365306558428;3990;0.12433722913969686;3990;5.64378795739616;3990;5.749992370372631
4000;122.61116367076632;4000;3.8819544053468427;4000;0.17090365306558428;4000;0.12433722913969686;4000;5.6410412915433206;4000;5.749992370372631
4010;122.62337107455672;4010;4.0040284432508315;4010;0.17090365306558428;4010;0.12433722913969686;4010;5.6416516617328405;4010;5.749992370372631
4020;122.7210303048799;4020;3.9674062318796355;4020;0.15869624927518539;4020;0.12437677211434627;4020;5.6413464766380805;4020;5.749992370372631
4030;122.7820673238319;4030;3.979613635670034;4030;0.15869624927518539;4030;0.12437677211434627;4030;5.6419568468276005;4030;5.749992370372631
4040;122.59895626697592;4040;4.0528580584124274;4040;0.15869624927518539;4040;0.12437677211434627;4040;5.64287240211188;4040;5.749992370372631
4050;122.7576525162511;4050;4.0528580584124274;4050;0.17090365306558428;4050;0.12433722913969686;4050;5.6419568468276005;4050;5.749992370372631
4060;122.68440809350871;4060;4.1016876735740224;4060;0.17090365306558428;4060;0.12429768616504745;4060;5.64378795739616;4060;5.749992370372631
4070;122.7820673238319;4070;4.1016876735740224;4070;0.18311105685598317;4070;0.12429768616504745;4070;5.6416516617328405;4070;5.749992370372631
4080;122.79427472762229;4080;4.0650654622028259;4080;0.18311105685598317;4080;0.12433722913969686;4080;5.64409314249092;4080;5.749992370372631
4090;122.7820673238319;4090;3.991821039460433;4090;0.18311105685598317;4090;0.12429768616504745;4090;5.6413464766380805;4090;5.749992370372631
4100;122.79427472762229;4100;4.0650654622028259;4100;0.18311105685598317;4100;0.12433722913969686;4100;5.64317758720664;4100;5.749992370372631
4110;122.68440809350871;4110;4.0894802697836239;4110;0.15869624927518539;4110;0.12429768616504745;4110;5.6413464766380805;4110;5.749992370372631
4120;122.68440809350871;4120;4.1138950773644218;4120;0.15869624927518539;4120;0.12433722913969686;4120;5.64226203192236;4120;5.749992370372631
4130;122.61116367076632;4130;4.13830988494522;4130;0.17090365306558428;4130;0.12433722913969686;4130;5.6416516617328405;4130;5.749992370372631
4140;122.61116367076632;4140;4.0894802697836239;4140;0.18311105685598317;4140;0.12433722913969686;4140;5.6413464766380805;4140;5.749992370372631
4150;122.56233405560472;4150;4.0040284432508315;4150;0.17090365306558428;4150;0.12433722913969686;4150;5.64378795739616;4150;5.749992370372631
4160;122.69661549729911;4160;4.0894802697836239;4160;0.17090365306558428;4160;0.12437677211434627;4160;5.6419568468276005;4160;5.749992370372631
4170;122.65999328592791;4170;4.0284432508316295;4170;0.17090365306558428;4170;0.12437677211434627;4170;5.64409314249092;4170;5.749992370372631
4180;122.7820673238319;4180;3.979613635670034;4180;0.17090365306558428;4180;0.12433722913969686;4180;5.6419568468276005;4180;5.749992370372631
4190;122.7088229010895;4190;4.1138950773644218;4190;0.15869624927518539;4190;0.12433722913969686;4190;5.64378795739616;4190;5.749992370372631
4200;122.69661549729911;4200;4.1016876735740224;4200;0.15869624927518539;4200;0.12433722913969686;4200;5.6413464766380805;4200;5.749992370372631
4210;122.84310434278389;4210;4.0772728659932245;4210;0.17090365306558428;4210;0.12433722913969686;4210;5.64226203192236;4210;5.749992370372631
4220;122.7820673238319;4220;4.13830988494522;4220;0.14648884548478652;4220;0.12429768616504745;4220;5.6413464766380805;4220;5.749992370372631
4230;122.80648213141269;4230;4.1749320963164163;4230;0.15869624927518539;4230;0.12429768616504745;4230;5.6419568468276005;4230;5.749992370372631
4240;122.61116367076632;4240;4.0162358470412309;4240;0.17090365306558428;4240;0.12437677211434627;4240;5.64317758720664;4240;5.749992370372631
4250;122.61116367076632;4250;3.991821039460433;4250;0.17090365306558428;4250;0.12437677211434627;4250;5.6419568468276005;4250;5.749992370372631
4260;122.59895626697592;4260;4.13830988494522;4260;0.17090365306558428;4260;0.12429768616504745;4260;5.64378795739616;4260;5.749992370372631
4270;122.7088229010895;4270;4.1871395001068148;4270;0.15869624927518539;4270;0.12429768616504745;4270;5.6419568468276005;4270;5.749992370372631
4280;122.65999328592791;4280;4.1138950773644218;4280;0.17090365306558428;4280;0.12429768616504745;4280;5.64439832758568;4280;5.749992370372631
4290;122.58674886318552;4290;3.9674062318796355;4290;0.17090365306558428;4290;0.12421860021574863;4290;5.6410412915433206;4290;5.749992370372631
4300;122.7332377086703;4300;4.0162358470412309;4300;0.20752586443678089;4300;0.12437677211434627;4300;5.64287240211188;4300;5.749992370372631
4310;122.79427472762229;4310;4.1016876735740224;4310;0.17090365306558428;4310;0.12429768616504745;4310;5.6416516617328405;4310;5.749992370372631
4320;122.67220068971831;4320;4.1138950773644218;4320;0.18311105685598317;4320;0.12421860021574863;4320;5.64317758720664;4320;5.749992370372631
4330;122.51350444044313;4330;4.1871395001068148;4330;0.20752586443678089;4330;0.12417905724109922;4330;5.64287240211188;4330;5.749992370372631
4340;122.58674886318552;4340;4.1016876735740224;4340;0.18311105685598317;4340;0.12429768616504745;4340;5.6416516617328405;4340;5.749992370372631
4350;122.57454145939512;4350;4.0040284432508315;4350;0.18311105685598317;4350;0.12429768616504745;4350;5.64317758720664;4350;5.749992370372631
4360;122.7698599200415;4360;4.1138950773644218;4360;0.18311105685598317;4360;0.12421860021574863;4360;5.6416516617328405;4360;5.749992370372631
4370;122.69661549729911;4370;4.1871395001068148;4370;0.17090365306558428;4370;0.12429768616504745;4370;5.64439832758568;4370;5.749992370372631
4380;122.79427472762229;4380;4.1993469038972133;4380;0.17090365306558428;4380;0.12433722913969686;4380;5.6416516617328405;4380;5.749992370372631
4390;122.85531174657429;4390;4.1749320963164163;4390;0.20752586443678089;4390;0.12433722913969686;4390;5.64409314249092;4390;5.749992370372631
4400;122.7210303048799;4400;4.13830988494522;4400;0.18311105685598317;4400;0.12429768616504745;4400;5.64226203192236;4400;5.749992370372631
4410;122.69661549729911;4410;4.1749320963164163;4410;0.18311105685598317;4410;0.12433722913969686;4410;5.6434827723014;4410;5.749992370372631
4420;122.63557847834711;4420;4.0650654622028259;4420;0.17090365306558428;4420;0.12433722913969686;4420;5.6419568468276005;4420;5.749992370372631
4430;122.7210303048799;4430;4.0528580584124274;4430;0.15869624927518539;4430;0.12433722913969686;4430;5.64226203192236;4430;5.749992370372631
4440;122.67220068971831;4440;4.1138950773644218;4440;0.17090365306558428;4440;0.12433722913969686;4440;5.64226203192236;4440;5.749992370372631
4450;122.7088229010895;4450;4.13830988494522;4450;0.18311105685598317;4450;0.12429768616504745;4450;5.6413464766380805;4450;5.749992370372631
4460;122.68440809350871;4460;4.2359691152684107;4460;0.18311105685598317;4460;0.12433722913969686;4460;5.64378795739616;4460;5.749992370372631
4470;122.7332377086703;4470;4.1627246925260177;4470;0.18311105685598317;4470;0.12429768616504745;4470;5.6419568468276005;4470;5.749992370372631
4480;122.57454145939512;4480;4.1016876735740224;4480;0.20752586443678089;4480;0.12421860021574863;4480;5.64439832758568;4480;5.749992370372631
4490;122.61116367076632;4490;4.13830988494522;4490;0.17090365306558428;4490;0.12433722913969686;4490;5.6410412915433206;4490;5.749992370372631
4500;122.63557847834711;4500;4.2481765190588092;4500;0.17090365306558428;4500;0.12433722913969686;4500;5.64287240211188;4500;5.749992370372631
4510;122.61116367076632;4510;4.2603839228492086;4510;0.20752586443678089;4510;0.12429768616504745;4510;5.6410412915433206;4510;5.749992370372631
4520;122.7210303048799;4520;4.1627246925260177;4520;0.18311105685598317;4520;0.12429768616504745;4520;5.6416516617328405;4520;5.749992370372631
4530;122.63557847834711;4530;4.2603839228492086;4530;0.18311105685598317;4530;0.12433722913969686;4530;5.64226203192236;4530;5.749992370372631
4540;122.7210303048799;4540;4.3702505569627981;4540;0.20752586443678089;4540;0.12437677211434627;4540;5.6419568468276005;4540;5.749992370372631
4550;122.63557847834711;4550;4.2970061342204051;4550;0.18311105685598317;4550;0.12437677211434627;4550;5.6434827723014;4550;5.749992370372631
4560;122.7698599200415;4560;4.2725913266396072;4560;0.18311105685598317;4560;0.12433722913969686;4560;5.64226203192236;4560;5.749992370372631
4570;122.67220068971831;4570;4.2970061342204051;4570;0.18311105685598317;4570;0.12433722913969686;4570;5.64409314249092;4570;5.749992370372631
4580;122.68440809350871;4580;4.1138950773644218;4580;0.18311105685598317;4580;0.12429768616504745;4580;5.6416516617328405;4580;5.749992370372631
4590;122.67220068971831;4590;4.0772728659932245;4590;0.20752586443678089;4590;0.12433722913969686;4590;5.64409314249092;4590;5.749992370372631
4600;122.65999328592791;4600;4.2359691152684107;4600;0.18311105685598317;4600;0.12433722913969686;4600;5.6413464766380805;4600;5.749992370372631
4610;122.7576525162511;4610;4.4801171910763884;4610;0.17090365306558428;4610;0.12429768616504745;4610;5.64226203192236;4610;5.749992370372631
4620;122.7088229010895;4620;4.3336283455916016;4620;0.15869624927518539;4620;0.12421860021574863;4620;5.6410412915433206;4620;5.749992370372631
4630;122.7698599200415;4630;4.2115543076876127;4630;0.17090365306558428;4630;0.12421860021574863;4630;5.6416516617328405;4630;5.749992370372631
4640;122.68440809350871;4640;4.2970061342204051;4640;0.17090365306558428;4640;0.12429768616504745;4640;5.64226203192236;4640;5.749992370372631
4650;122.58674886318552;4650;4.1993469038972133;4650;0.18311105685598317;4650;0.12433722913969686;4650;5.6413464766380805;4650;5.749992370372631
4660;122.52571184423353;4660;4.1993469038972133;4660;0.18311105685598317;4660;0.12429768616504745;4660;5.6434827723014;4660;5.749992370372631
4670;122.69661549729911;4670;4.2481765190588092;4670;0.18311105685598317;4670;0.12429768616504745;4670;5.6413464766380805;4670;5.749992370372631
4680;122.58674886318552;4680;4.2115543076876127;4680;0.17090365306558428;4680;0.12429768616504745;4680;5.64378795739616;4680;5.749992370372631
4690;122.67220068971831;4690;4.3336283455916016;4690;0.17090365306558428;4690;0.12429768616504745;4690;5.6416516617328405;4690;5.749992370372631
4700;122.68440809350871;4700;4.2847987304300066;4700;0.18311105685598317;4700;0.12429768616504745;4700;5.64378795739616;4700;5.749992370372631
4710;122.61116367076632;4710;4.2115543076876127;4710;0.17090365306558428;4710;0.12429768616504745;4710;5.64287240211188;4710;5.749992370372631
4720;122.68440809350871;4720;4.3336283455916016;4720;0.17090365306558428;4720;0.12429768616504745;4720;5.6434827723014;4720;5.749992370372631
4730;122.68440809350871;4730;4.3580431531723995;4730;0.17090365306558428;4730;0.12429768616504745;4730;5.6419568468276005;4730;5.749992370372631
4740;122.7820673238319;4740;4.4312875759147925;4740;0.18311105685598317;4740;0.12437677211434627;4740;5.6413464766380805;4740;5.749992370372631
4750;122.62337107455672;4750;4.394665364543596;4750;0.18311105685598317;4750;0.12437677211434627;4750;5.64287240211188;4750;5.749992370372631
4760;122.61116367076632;4760;4.4312875759147925;4760;0.18311105685598317;4760;0.12433722913969686;4760;5.6410412915433206;4760;5.749992370372631
4770;122.53791924802393;4770;4.4923245948667869;4770;0.18311105685598317;4770;0.12429768616504745;4770;5.6434827723014;4770;5.749992370372631
4780;122.7210303048799;4780;4.5411542100283819;4780;0.17090365306558428;4780;0.12421860021574863;4780;5.6407361064485606;4780;5.749992370372631
4790;122.84310434278389;4790;4.4801171910763884;4790;0.15869624927518539;4790;0.12429768616504745;4790;5.64287240211188;4790;5.749992370372631
4800;122.81868953520309;4800;4.2970061342204051;4800;0.15869624927518539;4800;0.12429768616504745;4800;5.6413464766380805;4800;5.749992370372631
4810;122.7698599200415;4810;4.3092135380108036;4810;0.17090365306558428;4810;0.12429768616504745;4810;5.64287240211188;4810;5.749992370372631
4820;122.62337107455672;4820;4.394665364543596;4820;0.17090365306558428;4820;0.12433722913969686;4820;5.6416516617328405;4820;5.749992370372631
4830;122.62337107455672;4830;4.3702505569627981;4830;0.17090365306558428;4830;0.12437677211434627;4830;5.6413464766380805;4830;5.749992370372631
4840;122.67220068971831;4840;4.2970061342204051;4840;0.15869624927518539;4840;0.12433722913969686;4840;5.6416516617328405;4840;5.749992370372631
4850;122.80648213141269;4850;4.345835749382;4850;0.15869624927518539;4850;0.12429768616504745;4850;5.6416516617328405;4850;5.749992370372631
4860;122.63557847834711;4860;4.443494979705191;4860;0.17090365306558428;4860;0.12429768616504745;4860;5.64409314249092;4860;5.749992370372631
4870;122.81868953520309;4870;4.394665364543596;4870;0.17090365306558428;4870;0.12433722913969686;4870;5.6413464766380805;4870;5.749992370372631
4880;122.7576525162511;4880;4.3580431531723995;4880;0.18311105685598317;4880;0.12437677211434627;4880;5.64378795739616;4880;5.749992370372631
4890;122.69661549729911;4890;4.3702505569627981;4890;0.18311105685598317;4890;0.12433722913969686;4890;5.6410412915433206;4890;5.749992370372631
4900;122.69661549729911;4900;4.3702505569627981;4900;0.20752586443678089;4900;0.12429768616504745;4900;5.64317758720664;4900;5.749992370372631
4910;122.59895626697592;4910;4.3580431531723995;4910;0.20752586443678089;4910;0.12429768616504745;4910;5.6416516617328405;4910;5.749992370372631
4920;122.59895626697592;4920;4.4312875759147925;4920;0.17090365306558428;4920;0.12433722913969686;4920;5.6419568468276005;4920;5.749992370372631
4930;122.52571184423353;4930;4.4312875759147925;4930;0.15869624927518539;4930;0.12433722913969686;4930;5.6416516617328405;4930;5.749992370372631
4940;122.61116367076632;4940;4.4190801721243931;4940;0.20752586443678089;4940;0.12429768616504745;4940;5.6410412915433206;4940;5.749992370372631
4950;122.47688222907193;4950;4.4190801721243931;4950;0.18311105685598317;4950;0.12429768616504745;4950;5.64226203192236;4950;5.749992370372631
4960;122.61116367076632;4960;4.4312875759147925;4960;0.17090365306558428;4960;0.12433722913969686;4960;5.6416516617328405;4960;5.749992370372631
4970;122.65999328592791;4970;4.5167394024475849;4970;0.18311105685598317;4970;0.12429768616504745;4970;5.64409314249092;4970;5.749992370372631
4980;122.67220068971831;4980;4.467909787285989;4980;0.18311105685598317;4980;0.12421860021574863;4980;5.6413464766380805;4980;5.749992370372631
4990;122.67220068971831;4990;4.56556901760918;4990;0.18311105685598317;4990;0.12429768616504745;4990;5.64409314249092;4990;5.749992370372631
5000;122.59895626697592;5000;4.5289468062379834;5000;0.17090365306558428;5000;0.12433722913969686;5000;5.6419568468276005;5000;5.749992370372631
5010;122.63557847834711;5010;4.467909787285989;5010;0.18311105685598317;5010;0.12437677211434627;5010;5.6419568468276005;5010;5.749992370372631
5020;122.7088229010895;5020;4.4801171910763884;5020;0.18311105685598317;5020;0.12433722913969686;5020;5.6413464766380805;5020;5.749992370372631
5030;122.62337107455672;5030;4.4557023834955904;5030;0.18311105685598317;5030;0.12437677211434627;5030;5.64226203192236;5030;5.749992370372631
5040;122.48908963286233;5040;4.56556901760918;5040;0.17090365306558428;5040;0.12433722913969686;5040;5.64317758720664;5040;5.749992370372631
5050;122.7088229010895;5050;4.5899838251899778;5050;0.18311105685598317;5050;0.12429768616504745;5050;5.6416516617328405;5050;5.749992370372631
5060;122.62337107455672;5060;4.5411542100283819;5060;0.18311105685598317;5060;0.12429768616504745;5060;5.64378795739616;5060;5.749992370372631
5070;122.59895626697592;5070;4.6143986327707758;5070;0.18311105685598317;5070;0.12429768616504745;5070;5.6419568468276005;5070;5.749992370372631
5080;122.44026001770074;5080;4.67543565172277;5080;0.18311105685598317;5080;0.12433722913969686;5080;5.64378795739616;5080;5.749992370372631
5090;122.61116367076632;5090;4.6388134403515728;5090;0.18311105685598317;5090;0.12433722913969686;5090;5.6416516617328405;5090;5.749992370372631
5100;122.7576525162511;5100;4.5777764213995793;5100;0.17090365306558428;5100;0.12433722913969686;5100;5.6434827723014;5100;5.749992370372631
5110;122.65999328592791;5110;4.56556901760918;5110;0.17090365306558428;5110;0.12429768616504745;5110;5.6410412915433206;5110;5.749992370372631
5120;122.68440809350871;5120;4.5167394024475849;5120;0.18311105685598317;5120;0.12433722913969686;5120;5.6419568468276005;5120;5.749992370372631
5130;122.69661549729911;5130;4.443494979705191;5130;0.17090365306558428;5130;0.12433722913969686;5130;5.64226203192236;5130;5.749992370372631
5140;122.81868953520309;5140;4.4557023834955904;5140;0.17090365306558428;5140;0.12433722913969686;5140;5.6419568468276005;5140;5.749992370372631
5150;122.7088229010895;5150;4.4801171910763884;5150;0.17090365306558428;5150;0.12421860021574863;5150;5.64287240211188;5150;5.749992370372631
5160;122.67220068971831;5160;4.4923245948667869;5160;0.17090365306558428;5160;0.12421860021574863;5160;5.6410412915433206;5160;5.749992370372631
5170;122.51350444044313;5170;4.5411542100283819;5170;0.17090365306558428;5170;0.12429768616504745;5170;5.64378795739616;5170;5.749992370372631
5180;122.69661549729911;5180;4.56556901760918;5180;0.17090365306558428;5180;0.12429768616504745;5180;5.6416516617328405;5180;5.749992370372631
5190;122.7332377086703;5190;4.4801171910763884;5190;0.17090365306558428;5190;0.12429768616504745;5190;5.6434827723014;5190;5.749992370372631
5200;122.65999328592791;5200;4.4923245948667869;5200;0.17090365306558428;5200;0.12421860021574863;5200;5.6413464766380805;5200;5.749992370372631
5210;122.62337107455672;5210;4.4801171910763884;5210;0.17090365306558428;5210;0.12429768616504745;5210;5.6434827723014;5210;5.749992370372631
5220;122.61116367076632;5220;4.467909787285989;5220;0.15869624927518539;5220;0.12433722913969686;5220;5.64226203192236;5220;5.749992370372631
5230;122.81868953520309;5230;4.5289468062379834;5230;0.17090365306558428;5230;0.12433722913969686;5230;5.64287240211188;5230;5.749992370372631
5240;122.7210303048799;5240;4.5533616138187814;5240;0.17090365306558428;5240;0.12421860021574863;5240;5.64226203192236;5240;5.749992370372631
5250;122.68440809350871;5250;4.6143986327707758;5250;0.18311105685598317;5250;0.12433722913969686;5250;5.6416516617328405;5250;5.749992370372631
5260;122.58674886318552;5260;4.5533616138187814;5260;0.17090365306558428;5260;0.12437677211434627;5260;5.6419568468276005;5260;5.749992370372631
5270;122.68440809350871;5270;4.5167394024475849;5270;0.17090365306558428;5270;0.12433722913969686;5270;5.6413464766380805;5270;5.749992370372631
5280;122.61116367076632;5280;4.5899838251899778;5280;0.18311105685598317;5280;0.12433722913969686;5280;5.64409314249092;5280;5.749992370372631
5290;122.58674886318552;5290;4.6632282479323708;5290;0.17090365306558428;5290;0.12433722913969686;5290;5.64226203192236;5290;5.749992370372631
5300;122.7576525162511;5300;4.6143986327707758;5300;0.17090365306558428;5300;0.12437677211434627;5300;5.64409314249092;5300;5.749992370372631
5310;122.7820673238319;5310;4.5777764213995793;5310;0.17090365306558428;5310;0.12429768616504745;5310;5.6416516617328405;5310;5.749992370372631
5320;122.7210303048799;5320;4.7242652668843661;5320;0.18311105685598317;5320;0.12421860021574863;5320;5.64317758720664;5320;5.749992370372631
5330;122.69661549729911;5330;4.6632282479323708;5330;0.18311105685598317;5330;0.12421860021574863;5330;5.6410412915433206;5330;5.749992370372631
5340;122.80648213141269;5340;4.6266060365611743;5340;0.18311105685598317;5340;0.12433722913969686;5340;5.6413464766380805;5340;5.749992370372631
5350;122.7088229010895;5350;4.6266060365611743;5350;0.17090365306558428;5350;0.12429768616504745;5350;5.6416516617328405;5350;5.749992370372631
5360;122.68440809350871;5360;4.5777764213995793;5360;0.15869624927518539;5360;0.12421860021574863;5360;5.6407361064485606;5360;5.749992370372631
5370;122.52571184423353;5370;4.56556901760918;5370;0.15869624927518539;5370;0.12429768616504745;5370;5.64317758720664;5370;5.749992370372631
5380;122.67220068971831;5380;4.5289468062379834;5380;0.17090365306558428;5380;0.12421860021574863;5380;5.6419568468276005;5380;5.749992370372631
5390;122.7698599200415;5390;4.56556901760918;5390;0.17090365306558428;5390;0.12421860021574863;5390;5.64409314249092;5390;5.749992370372631
5400;122.7698599200415;5400;4.7120578630939667;5400;0.17090365306558428;5400;0.12433722913969686;5400;5.6419568468276005;5400;5.749992370372631
5410;122.68440809350871;5410;4.7608874782555617;5410;0.20752586443678089;5410;0.12433722913969686;5410;5.64317758720664;5410;5.749992370372631
5420;122.63557847834711;5420;4.67543565172277;5420;0.17090365306558428;5420;0.12429768616504745;5420;5.6404309213538006;5420;5.749992370372631
5430;122.7210303048799;5430;4.6998504593035682;5430;0.17090365306558428;5430;0.12437677211434627;5430;5.6419568468276005;5430;5.749992370372631
5440;122.52571184423353;5440;4.6998504593035682;5440;0.17090365306558428;5440;0.12437677211434627;5440;5.6419568468276005;5440;5.749992370372631
5450;122.68440809350871;5450;4.6388134403515728;5450;0.15869624927518539;5450;0.12433722913969686;5450;5.6419568468276005;5450;5.749992370372631
5460;122.7088229010895;5460;4.6632282479323708;5460;0.15869624927518539;5460;0.12437677211434627;5460;5.64317758720664;5460;5.749992370372631
5470;122.7820673238319;5470;4.6998504593035682;5470;0.17090365306558428;5470;0.12433722913969686;5470;5.6413464766380805;5470;5.749992370372631
5480;122.67220068971831;5480;4.6632282479323708;5480;0.18311105685598317;5480;0.12433722913969686;5480;5.6434827723014;5480;5.749992370372631
5490;122.62337107455672;5490;4.5777764213995793;5490;0.17090365306558428;5490;0.12429768616504745;5490;5.6419568468276005;5490;5.749992370372631
5500;122.63557847834711;5500;4.67543565172277;5500;0.18311105685598317;5500;0.12433722913969686;5500;5.64378795739616;5500;5.749992370372631
5510;122.63557847834711;5510;4.8463393047883541;5510;0.18311105685598317;5510;0.12433722913969686;5510;5.6416516617328405;5510;5.749992370372631
5520;122.63557847834711;5520;4.8463393047883541;5520;0.20752586443678089;5520;0.12437677211434627;5520;5.64378795739616;5520;5.749992370372631
5530;122.63557847834711;5530;4.7975096896267591;5530;0.18311105685598317;5530;0.12437677211434627;5530;5.6407361064485606;5530;5.749992370372631
5540;122.68440809350871;5540;4.8463393047883541;5540;0.18311105685598317;5540;0.12437677211434627;5540;5.6410412915433206;5540;5.749992370372631
5550;122.59895626697592;5550;4.7730948820459611;5550;0.20752586443678089;5550;0.12433722913969686;5550;5.64226203192236;5550;5.749992370372631
5560;122.7820673238319;5560;4.7364726706747646;5560;0.20752586443678089;5560;0.12429768616504745;5560;5.6413464766380805;5560;5.749992370372631
5570;122.67220068971831;5570;4.7730948820459611;5570;0.17090365306558428;5570;0.12433722913969686;5570;5.64317758720664;5570;5.749992370372631
5580;122.69661549729911;5580;4.8097170934171576;5580;0.17090365306558428;5580;0.12433722913969686;5580;5.6407361064485606;5580;5.749992370372631
5590;122.7210303048799;5590;4.7486800744651632;5590;0.18311105685598317;5590;0.12433722913969686;5590;5.6434827723014;5590;5.749992370372631
5600;122.7088229010895;5600;4.6998504593035682;5600;0.18311105685598317;5600;0.12433722913969686;5600;5.6419568468276005;5600;5.749992370372631
5610;122.63557847834711;5610;4.7242652668843661;5610;0.18311105685598317;5610;0.12433722913969686;5610;5.6434827723014;5610;5.749992370372631
5620;122.53791924802393;5620;4.7486800744651632;5620;0.17090365306558428;5620;0.12429768616504745;5620;5.6407361064485606;5620;5.749992370372631
5630;122.68440809350871;5630;4.7608874782555617;5630;0.18311105685598317;5630;0.12429768616504745;5630;5.6416516617328405;5630;5.749992370372631
5640;122.67220068971831;5640;4.7975096896267591;5640;0.17090365306558428;5640;0.12421860021574863;5640;5.6416516617328405;5640;5.749992370372631
5650;122.7820673238319;5650;4.9562059389019444;5650;0.15869624927518539;5650;0.12421860021574863;5650;5.6413464766380805;5650;5.749992370372631
5660;122.63557847834711;5660;4.9073763237403485;5660;0.17090365306558428;5660;0.12429768616504745;5660;5.64287240211188;5660;5.749992370372631
5670;122.7088229010895;5670;4.7364726706747646;5670;0.18311105685598317;5670;0.12433722913969686;5670;5.6416516617328405;5670;5.749992370372631
5680;122.58674886318552;5680;4.6998504593035682;5680;0.18311105685598317;5680;0.12433722913969686;5680;5.64378795739616;5680;5.749992370372631
5690;122.63557847834711;5690;4.8097170934171576;5690;0.18311105685598317;5690;0.12429768616504745;5690;5.6413464766380805;5690;5.749992370372631
5700;122.7820673238319;5700;4.9073763237403485;5700;0.18311105685598317;5700;0.12433722913969686;5700;5.6434827723014;5700;5.749992370372631
5710;122.63557847834711;5710;4.7975096896267591;5710;0.18311105685598317;5710;0.12437677211434627;5710;5.6416516617328405;5710;5.749992370372631
5720;122.62337107455672;5720;4.7120578630939667;5720;0.18311105685598317;5720;0.12437677211434627;5720;5.64317758720664;5720;5.749992370372631
5730;122.63557847834711;5730;4.67543565172277;5730;0.17090365306558428;5730;0.12433722913969686;5730;5.6413464766380805;5730;5.749992370372631
5740;122.69661549729911;5740;4.6632282479323708;5740;0.18311105685598317;5740;0.12433722913969686;5740;5.6413464766380805;5740;5.749992370372631
5750;122.65999328592791;5750;4.6998504593035682;5750;0.18311105685598317;5750;0.12429768616504745;5750;5.6419568468276005;5750;5.749992370372631
5760;122.7210303048799;5760;4.8097170934171576;5760;0.18311105685598317;5760;0.12433722913969686;5760;5.6413464766380805;5760;5.749992370372631
5770;122.59895626697592;5770;4.8585467085787526;5770;0.18311105685598317;5770;0.12433722913969686;5770;5.64317758720664;5770;5.749992370372631
5780;122.80648213141269;5780;4.870754112369152;5780;0.17090365306558428;5780;0.12429768616504745;5780;5.6410412915433206;5780;5.749992370372631
5790;122.89193395794548;5790;4.8341319009979555;5790;0.15869624927518539;5790;0.12429768616504745;5790;5.64409314249092;5790;5.749992370372631
5800;122.67220068971831;5800;4.7730948820459611;5800;0.15869624927518539;5800;0.12433722913969686;5800;5.6416516617328405;5800;5.749992370372631
5810;122.59895626697592;5810;4.7608874782555617;5810;0.17090365306558428;5810;0.12429768616504745;5810;5.64226203192236;5810;5.749992370372631
5820;122.68440809350871;5820;4.7975096896267591;5820;0.15869624927518539;5820;0.12421860021574863;5820;5.6404309213538006;5820;5.749992370372631
5830;122.7820673238319;5830;4.821924497207557;5830;0.17090365306558428;5830;0.12429768616504745;5830;5.64287240211188;5830;5.749992370372631
5840;122.67220068971831;5840;4.8097170934171576;5840;0.17090365306558428;5840;0.12433722913969686;5840;5.64226203192236;5840;5.749992370372631
5850;122.7332377086703;5850;4.8463393047883541;5850;0.15869624927518539;5850;0.12433722913969686;5850;5.6410412915433206;5850;5.749992370372631
5860;122.59895626697592;5860;4.8585467085787526;5860;0.17090365306558428;5860;0.12433722913969686;5860;5.64287240211188;5860;5.749992370372631
5870;122.7088229010895;5870;4.8341319009979555;5870;0.17090365306558428;5870;0.12437677211434627;5870;5.6416516617328405;5870;5.749992370372631
5880;122.7820673238319;5880;4.9073763237403485;5880;0.18311105685598317;5880;0.12437677211434627;5880;5.64317758720664;5880;5.749992370372631
5890;122.79427472762229;5890;4.870754112369152;5890;0.17090365306558428;5890;0.12433722913969686;5890;5.6407361064485606;5890;5.749992370372631
5900;122.7820673238319;5900;4.8341319009979555;5900;0.18311105685598317;5900;0.12433722913969686;5900;5.64317758720664;5900;5.749992370372631
5910;122.68440809350871;5910;4.821924497207557;5910;0.18311105685598317;5910;0.12429768616504745;5910;5.6413464766380805;5910;5.749992370372631
5920;122.68440809350871;5920;4.89516891994995;5920;0.18311105685598317;5920;0.12433722913969686;5920;5.64287240211188;5920;5.749992370372631
5930;122.7088229010895;5930;5.0172429578539388;5930;0.15869624927518539;5930;0.12429768616504745;5930;5.64226203192236;5930;5.749992370372631
5940;122.7210303048799;5940;4.9317911313211464;5940;0.17090365306558428;5940;0.12429768616504745;5940;5.64226203192236;5940;5.749992370372631
5950;122.69661549729911;5950;4.8097170934171576;5950;0.20752586443678089;5950;0.12433722913969686;5950;5.6419568468276005;5950;5.749992370372631
5960;122.7332377086703;5960;4.89516891994995;5960;0.20752586443678089;5960;0.12437677211434627;5960;5.6407361064485606;5960;5.749992370372631
5970;122.53791924802393;5970;5.0050355540635394;5970;0.18311105685598317;5970;0.12433722913969686;5970;5.64287240211188;5970;5.749992370372631
5980;122.7088229010895;5980;5.0904873805963327;5980;0.17090365306558428;5980;0.12433722913969686;5980;5.6413464766380805;5980;5.749992370372631
5990;122.7088229010895;5990;5.1759392071291233;5990;0.17090365306558428;5990;0.12433722913969686;5990;5.64409314249092;5990;5.749992370372631
6000;122.89193395794548;6000;5.1271095919675282;6000;0.15869624927518539;6000;0.12429768616504745;6000;5.6416516617328405;6000;5.749992370372631
6010;122.91634876552628;6010;4.89516891994995;6010;0.17090365306558428;6010;0.12433722913969686;6010;5.6434827723014;6010;5.749992370372631
6020;122.7576525162511;6020;4.8463393047883541;6020;0.17090365306558428;6020;0.12433722913969686;6020;5.6416516617328405;6020;5.749992370372631
6030;122.79427472762229;6030;5.0904873805963327;6030;0.17090365306558428;6030;0.12433722913969686;6030;5.64226203192236;6030;5.749992370372631
6040;122.7820673238319;6040;5.1026947843867312;6040;0.17090365306558428;6040;0.12429768616504745;6040;5.6413464766380805;6040;5.749992370372631
6050;122.84310434278389;6050;5.0050355540635394;6050;0.15869624927518539;6050;0.12433722913969686;6050;5.6416516617328405;6050;5.749992370372631
6060;122.67220068971831;6060;5.0538651692251344;6060;0.15869624927518539;6060;0.12433722913969686;6060;5.6434827723014;6060;5.749992370372631
6070;122.7576525162511;6070;5.0538651692251344;6070;0.17090365306558428;6070;0.12433722913969686;6070;5.6413464766380805;6070;5.749992370372631
6080;122.68440809350871;6080;4.9439985351115459;6080;0.18311105685598317;6080;0.12429768616504745;6080;5.6434827723014;6080;5.749992370372631
6090;122.7210303048799;6090;4.870754112369152;6090;0.18311105685598317;6090;0.12421860021574863;6090;5.6410412915433206;6090;5.749992370372631
6100;122.7820673238319;6100;4.89516891994995;6100;0.17090365306558428;6100;0.12433722913969686;6100;5.64378795739616;6100;5.749992370372631
6110;122.7210303048799;6110;4.9195837275307479;6110;0.17090365306558428;6110;0.12433722913969686;6110;5.6419568468276005;6110;5.749992370372631
6120;122.7088229010895;6120;4.9928281502731409;6120;0.18311105685598317;6120;0.12437677211434627;6120;5.64287240211188;6120;5.749992370372631
6130;122.67220068971831;6130;4.9562059389019444;6130;0.17090365306558428;6130;0.12429768616504745;6130;5.6416516617328405;6130;5.749992370372631
6140;122.7576525162511;6140;4.9562059389019444;6140;0.20752586443678089;6140;0.12429768616504745;6140;5.6419568468276005;6140;5.749992370372631
6150;122.7210303048799;6150;5.0172429578539388;6150;0.18311105685598317;6150;0.12421860021574863;6150;5.64287240211188;6150;5.749992370372631
6160;122.80648213141269;6160;5.0050355540635394;6160;0.17090365306558428;6160;0.12429768616504745;6160;5.6416516617328405;6160;5.749992370372631
6170;122.62337107455672;6170;5.0294503616443373;6170;0.18311105685598317;6170;0.12429768616504745;6170;5.6434827723014;6170;5.749992370372631
6180;122.7698599200415;6180;5.0416577654347359;6180;0.17090365306558428;6180;0.12429768616504745;6180;5.6413464766380805;6180;5.749992370372631
6190;122.86751915036469;6190;5.0416577654347359;6190;0.18311105685598317;6190;0.12433722913969686;6190;5.64378795739616;6190;5.749992370372631
6200;122.79427472762229;6200;4.9684133426923429;6200;0.17090365306558428;6200;0.12421860021574863;6200;5.6419568468276005;6200;5.749992370372631
6210;122.7576525162511;6210;4.9928281502731409;6210;0.17090365306558428;6210;0.12421860021574863;6210;5.64378795739616;6210;5.749992370372631
6220;122.63557847834711;6220;5.0294503616443373;6220;0.17090365306558428;6220;0.12429768616504745;6220;5.6410412915433206;6220;5.749992370372631
6230;122.7210303048799;6230;5.0904873805963327;6230;0.15869624927518539;6230;0.12433722913969686;6230;5.6416516617328405;6230;5.749992370372631
6240;122.67220068971831;6240;5.1515243995483262;6240;0.14648884548478652;6240;0.12433722913969686;6240;5.6413464766380805;6240;5.749992370372631
6250;122.68440809350871;6250;5.0904873805963327;6250;0.15869624927518539;6250;0.12437677211434627;6250;5.6416516617328405;6250;5.749992370372631
6260;122.63557847834711;6260;5.1026947843867312;6260;0.17090365306558428;6260;0.12437677211434627;6260;5.6434827723014;6260;5.749992370372631
6270;122.7820673238319;6270;5.0538651692251344;6270;0.17090365306558428;6270;0.12437677211434627;6270;5.6413464766380805;6270;5.749992370372631
6280;122.65999328592791;6280;4.9439985351115459;6280;0.17090365306558428;6280;0.12433722913969686;6280;5.64317758720664;6280;5.749992370372631
6290;122.59895626697592;6290;4.9317911313211464;6290;0.18311105685598317;6290;0.12429768616504745;6290;5.6410412915433206;6290;5.749992370372631
6300;122.67220068971831;6300;5.0050355540635394;6300;0.18311105685598317;6300;0.12433722913969686;6300;5.64378795739616;6300;5.749992370372631
6310;122.67220068971831;6310;5.0782799768059323;6310;0.18311105685598317;6310;0.12433722913969686;6310;5.6416516617328405;6310;5.749992370372631
6320;122.62337107455672;6320;5.0538651692251344;6320;0.18311105685598317;6320;0.12429768616504745;6320;5.64226203192236;6320;5.749992370372631
6330;122.61116367076632;6330;5.0050355540635394;6330;0.17090365306558428;6330;0.12429768616504745;6330;5.6404309213538006;6330;5.749992370372631
6340;122.7332377086703;6340;5.0050355540635394;6340;0.17090365306558428;6340;0.12433722913969686;6340;5.6413464766380805;6340;5.749992370372631
6350;122.57454145939512;6350;5.0294503616443373;6350;0.18311105685598317;6350;0.12433722913969686;6350;5.64226203192236;6350;5.749992370372631
6360;122.62337107455672;6360;5.0904873805963327;6360;0.18311105685598317;6360;0.12433722913969686;6360;5.6407361064485606;6360;5.749992370372631
6370;122.7088229010895;6370;5.0172429578539388;6370;0.18311105685598317;6370;0.12437677211434627;6370;5.6434827723014;6370;5.749992370372631
6380;122.7088229010895;6380;5.0416577654347359;6380;0.18311105685598317;6380;0.12433722913969686;6380;5.6419568468276005;6380;5.749992370372631
6390;122.57454145939512;6390;5.1881466109195227;6390;0.18311105685598317;6390;0.12433722913969686;6390;5.64317758720664;6390;5.749992370372631
6400;122.62337107455672;6400;5.1759392071291233;6400;0.17090365306558428;6400;0.12429768616504745;6400;5.6407361064485606;6400;5.749992370372631
6410;122.62337107455672;6410;5.1271095919675282;6410;0.17090365306558428;6410;0.12433722913969686;6410;5.6434827723014;6410;5.749992370372631
6420;122.7210303048799;6420;5.2247688222907192;6420;0.17090365306558428;6420;0.12429768616504745;6420;5.6413464766380805;6420;5.749992370372631
6430;122.81868953520309;6430;5.1026947843867312;6430;0.18311105685598317;6430;0.12429768616504745;6430;5.6419568468276005;6430;5.749992370372631
6440;122.65999328592791;6440;5.0294503616443373;6440;0.18311105685598317;6440;0.12421860021574863;6440;5.6413464766380805;6440;5.749992370372631
6450;122.7088229010895;6450;5.1515243995483262;6450;0.20752586443678089;6450;0.12429768616504745;6450;5.6410412915433206;6450;5.749992370372631
6460;122.7210303048799;6460;5.2125614185003206;6460;0.18311105685598317;6460;0.12429768616504745;6460;5.64226203192236;6460;5.749992370372631
6470;122.87972655415508;6470;5.2003540147099212;6470;0.17090365306558428;6470;0.12429768616504745;6470;5.6407361064485606;6470;5.749992370372631
6480;122.69661549729911;6480;5.1026947843867312;6480;0.17090365306558428;6480;0.12433722913969686;6480;5.6434827723014;6480;5.749992370372631
6490;122.7698599200415;6490;5.1393169957579277;6490;0.17090365306558428;6490;0.12433722913969686;6490;5.6413464766380805;6490;5.749992370372631
6500;122.7698599200415;6500;5.273598437452315;6500;0.17090365306558428;6500;0.12433722913969686;6500;5.6434827723014;6500;5.749992370372631
6510;122.67220068971831;6510;5.2003540147099212;6510;0.18311105685598317;6510;0.12433722913969686;6510;5.6416516617328405;6510;5.749992370372631
6520;122.67220068971831;6520;5.0538651692251344;6520;0.18311105685598317;6520;0.12433722913969686;6520;5.64287240211188;6520;5.749992370372631
6530;122.65999328592791;6530;5.0172429578539388;6530;0.15869624927518539;6530;0.12433722913969686;6530;5.6413464766380805;6530;5.749992370372631
6540;122.7210303048799;6540;5.0294503616443373;6540;0.17090365306558428;6540;0.12437677211434627;6540;5.6413464766380805;6540;5.749992370372631
6550;122.62337107455672;6550;5.1759392071291233;6550;0.15869624927518539;6550;0.12433722913969686;6550;5.6419568468276005;6550;5.749992370372631
6560;122.69661549729911;6560;5.2369762260811177;6560;0.15869624927518539;6560;0.12433722913969686;6560;5.6416516617328405;6560;5.749992370372631
6570;122.51350444044313;6570;5.1759392071291233;6570;0.18311105685598317;6570;0.12433722913969686;6570;5.64378795739616;6570;5.749992370372631
6580;122.67220068971831;6580;5.2125614185003206;6580;0.17090365306558428;6580;0.12433722913969686;6580;5.6419568468276005;6580;5.749992370372631
6590;122.67220068971831;6590;5.273598437452315;6590;0.18311105685598317;6590;0.12437677211434627;6590;5.64409314249092;6590;5.749992370372631
6600;122.69661549729911;6600;5.2247688222907192;6600;0.18311105685598317;6600;0.12437677211434627;6600;5.6416516617328405;6600;5.749992370372631
6610;122.7698599200415;6610;5.273598437452315;6610;0.18311105685598317;6610;0.12433722913969686;6610;5.64378795739616;6610;5.749992370372631
6620;122.62337107455672;6620;5.2003540147099212;6620;0.17090365306558428;6620;0.12429768616504745;6620;5.6416516617328405;6620;5.749992370372631
6630;122.7088229010895;6630;5.2247688222907192;6630;0.17090365306558428;6630;0.12433722913969686;6630;5.6416516617328405;6630;5.749992370372631
6640;122.67220068971831;6640;5.273598437452315;6640;0.18311105685598317;6640;0.12437677211434627;6640;5.6413464766380805;6640;5.749992370372631
6650;122.69661549729911;6650;5.2491836298715162;6650;0.18311105685598317;6650;0.12433722913969686;6650;5.6410412915433206;6650;5.749992370372631
6660;122.7332377086703;6660;5.3102206488235115;6660;0.17090365306558428;6660;0.12429768616504745;6660;5.64378795739616;6660;5.749992370372631
6670;122.89193395794548;6670;5.3712576677755068;6670;0.18311105685598317;6670;0.12429768616504745;6670;5.64287240211188;6670;5.749992370372631
6680;122.58674886318552;6680;5.3712576677755068;6680;0.15869624927518539;6680;0.12433722913969686;6680;5.64439832758568;6680;5.749992370372631
6690;122.65999328592791;6690;5.2369762260811177;6690;0.15869624927518539;6690;0.12429768616504745;6690;5.6419568468276005;6690;5.749992370372631
6700;122.87972655415508;6700;5.2247688222907192;6700;0.17090365306558428;6700;0.12429768616504745;6700;5.64439832758568;6700;5.749992370372631
6710;122.7210303048799;6710;5.273598437452315;6710;0.15869624927518539;6710;0.12429768616504745;6710;5.64226203192236;6710;5.749992370372631
6720;122.69661549729911;6720;5.273598437452315;6720;0.18311105685598317;6720;0.12433722913969686;6720;5.64287240211188;6720;5.749992370372631
6730;122.61116367076632;6730;5.3346354564043095;6730;0.18311105685598317;6730;0.12433722913969686;6730;5.6413464766380805;6730;5.749992370372631
6740;122.62337107455672;6740;5.32242805261391;6740;0.18311105685598317;6740;0.12437677211434627;6740;5.6419568468276005;6740;5.749992370372631
6750;122.63557847834711;6750;5.2247688222907192;6750;0.17090365306558428;6750;0.12429768616504745;6750;5.6419568468276005;6750;5.749992370372631
6760;122.7332377086703;6760;5.2858058412427145;6760;0.17090365306558428;6760;0.12429768616504745;6760;5.6410412915433206;6760;5.749992370372631
6770;122.50129703665273;6770;5.3590502639851083;6770;0.20752586443678089;6770;0.12433722913969686;6770;5.6434827723014;6770;5.749992370372631
6780;122.67220068971831;6780;5.3102206488235115;6780;0.18311105685598317;6780;0.12433722913969686;6780;5.6419568468276005;6780;5.749992370372631
6790;122.79427472762229;6790;5.2247688222907192;6790;0.18311105685598317;6790;0.12433722913969686;6790;5.64409314249092;6790;5.749992370372631
6800;122.68440809350871;6800;5.273598437452315;6800;0.15869624927518539;6800;0.12421860021574863;6800;5.6416516617328405;6800;5.749992370372631
6810;122.68440809350871;6810;5.3590502639851083;6810;0.15869624927518539;6810;0.12429768616504745;6810;5.6434827723014;6810;5.749992370372631
6820;122.65999328592791;6820;5.3834650715659054;6820;0.17090365306558428;6820;0.12433722913969686;6820;5.6410412915433206;6820;5.749992370372631
6830;122.65999328592791;6830;5.4078798791467024;6830;0.17090365306558428;6830;0.12429768616504745;6830;5.6419568468276005;6830;5.749992370372631
6840;122.58674886318552;6840;5.420087282937101;6840;0.15869624927518539;6840;0.12433722913969686;6840;5.64287240211188;6840;5.749992370372631
6850;122.7210303048799;6850;5.3346354564043095;6850;0.17090365306558428;6850;0.12437677211434627;6850;5.6419568468276005;6850;5.749992370372631
6860;122.59895626697592;6860;5.3102206488235115;6860;0.15869624927518539;6860;0.12429768616504745;6860;5.64317758720664;6860;5.749992370372631
6870;122.7088229010895;6870;5.420087282937101;6870;0.15869624927518539;6870;0.12429768616504745;6870;5.6419568468276005;6870;5.749992370372631
6880;122.57454145939512;6880;5.3346354564043095;6880;0.17090365306558428;6880;0.12433722913969686;6880;5.64409314249092;6880;5.749992370372631
6890;122.7088229010895;6890;5.2858058412427145;6890;0.17090365306558428;6890;0.12433722913969686;6890;5.6416516617328405;6890;5.749992370372631
6900;122.7698599200415;6900;5.2369762260811177;6900;0.18311105685598317;6900;0.12433722913969686;6900;5.64378795739616;6900;5.749992370372631
6910;122.68440809350871;6910;5.2369762260811177;6910;0.18311105685598317;6910;0.12433722913969686;6910;5.6416516617328405;6910;5.749992370372631
6920;122.7576525162511;6920;5.3590502639851083;6920;0.20752586443678089;6920;0.12429768616504745;6920;5.64317758720664;6920;5.749992370372631
6930;122.69661549729911;6930;5.3346354564043095;6930;0.20752586443678089;6930;0.12421860021574863;6930;5.6416516617328405;6930;5.749992370372631
6940;122.69661549729911;6940;5.3102206488235115;6940;0.20752586443678089;6940;0.12433722913969686;6940;5.6419568468276005;6940;5.749992370372631
6950;122.62337107455672;6950;5.298013245033113;6950;0.20752586443678089;6950;0.12433722913969686;6950;5.64226203192236;6950;5.749992370372631
6960;122.59895626697592;6960;5.3102206488235115;6960;0.20752586443678089;6960;0.12437677211434627;6960;5.6416516617328405;6960;5.749992370372631
6970;122.40363780632954;6970;5.3590502639851083;6970;0.18311105685598317;6970;0.12433722913969686;6970;5.64409314249092;6970;5.749992370372631
6980;122.63557847834711;6980;5.298013245033113;6980;0.18311105685598317;6980;0.12429768616504745;6980;5.6419568468276005;6980;5.749992370372631
6990;122.79427472762229;6990;5.298013245033113;6990;0.18311105685598317;6990;0.12437677211434627;6990;5.6434827723014;6990;5.749992370372631
7000;122.7210303048799;7000;5.3102206488235115;7000;0.18311105685598317;7000;0.12441631508899567;7000;5.6404309213538006;7000;5.749992370372631
7010;122.7210303048799;7010;5.3102206488235115;7010;0.20752586443678089;7010;0.12441631508899567;7010;5.64317758720664;7010;5.749992370372631
7020;122.7698599200415;7020;5.4322946867274995;7020;0.17090365306558428;7020;0.12429768616504745;7020;5.6413464766380805;7020;5.749992370372631
7030;122.7698599200415;7030;5.420087282937101;7030;0.17090365306558428;7030;0.12429768616504745;7030;5.6416516617328405;7030;5.749992370372631
7040;122.69661549729911;7040;5.3346354564043095;7040;0.17090365306558428;7040;0.12429768616504745;7040;5.64226203192236;7040;5.749992370372631
7050;122.7332377086703;7050;5.32242805261391;7050;0.18311105685598317;7050;0.12429768616504745;7050;5.6419568468276005;7050;5.749992370372631
7060;122.50129703665273;7060;5.273598437452315;7060;0.18311105685598317;7060;0.12429768616504745;7060;5.64317758720664;7060;5.749992370372631
7070;122.63557847834711;7070;5.298013245033113;7070;0.18311105685598317;7070;0.12429768616504745;7070;5.6410412915433206;7070;5.749992370372631
7080;122.61116367076632;7080;5.3346354564043095;7080;0.17090365306558428;7080;0.12433722913969686;7080;5.64317758720664;7080;5.749992370372631
7090;122.62337107455672;7090;5.3346354564043095;7090;0.18311105685598317;7090;0.12433722913969686;7090;5.6413464766380805;7090;5.749992370372631
7100;122.69661549729911;7100;5.4078798791467024;7100;0.20752586443678089;7100;0.12437677211434627;7100;5.6434827723014;7100;5.749992370372631
7110;122.65999328592791;7110;5.4567094943082983;7110;0.18311105685598317;7110;0.12433722913969686;7110;5.6410412915433206;7110;5.749992370372631
7120;122.65999328592791;7120;5.3712576677755068;7120;0.15869624927518539;7120;0.12437677211434627;7120;5.64226203192236;7120;5.749992370372631
7130;122.63557847834711;7130;5.3956724753563039;7130;0.15869624927518539;7130;0.12433722913969686;7130;5.6416516617328405;7130;5.749992370372631
7140;122.7332377086703;7140;5.4322946867274995;7140;0.18311105685598317;7140;0.12433722913969686;7140;5.64226203192236;7140;5.749992370372631
7150;122.57454145939512;7150;5.4078798791467024;7150;0.17090365306558428;7150;0.12433722913969686;7150;5.64317758720664;7150;5.749992370372631
7160;122.61116367076632;7160;5.4933317056794957;7160;0.18311105685598317;7160;0.12429768616504745;7160;5.6419568468276005;7160;5.749992370372631
7170;122.58674886318552;7170;5.5177465132602928;7170;0.18311105685598317;7170;0.12421860021574863;7170;5.64378795739616;7170;5.749992370372631
7180;122.65999328592791;7180;5.4811243018890972;7180;0.18311105685598317;7180;0.12429768616504745;7180;5.6419568468276005;7180;5.749992370372631
7190;122.68440809350871;7190;5.4322946867274995;7190;0.20752586443678089;7190;0.12433722913969686;7190;5.64439832758568;7190;5.749992370372631
7200;122.69661549729911;7200;5.4078798791467024;7200;0.18311105685598317;7200;0.12429768616504745;7200;5.6416516617328405;7200;5.749992370372631
7210;122.7332377086703;7210;5.3956724753563039;7210;0.18311105685598317;7210;0.12429768616504745;7210;5.64378795739616;7210;5.749992370372631
7220;122.63557847834711;7220;5.3956724753563039;7220;0.17090365306558428;7220;0.12429768616504745;7220;5.6419568468276005;7220;5.749992370372631
7230;122.53791924802393;7230;5.5787835322122872;7230;0.18311105685598317;7230;0.12433722913969686;7230;5.6416516617328405;7230;5.749992370372631
7240;122.45246742149114;7240;5.5909909360026857;7240;0.18311105685598317;7240;0.12433722913969686;7240;5.6416516617328405;7240;5.749992370372631
7250;122.61116367076632;7250;5.4933317056794957;7250;0.17090365306558428;7250;0.12429768616504745;7250;5.6419568468276005;7250;5.749992370372631
7260;122.51350444044313;7260;5.4689168980986969;7260;0.17090365306558428;7260;0.12429768616504745;7260;5.6434827723014;7260;5.749992370372631
7270;122.65999328592791;7270;5.3834650715659054;7270;0.15869624927518539;7270;0.12429768616504745;7270;5.6416516617328405;7270;5.749992370372631
7280;122.62337107455672;7280;5.4078798791467024;7280;0.15869624927518539;7280;0.12429768616504745;7280;5.64439832758568;7280;5.749992370372631
7290;122.7088229010895;7290;5.3956724753563039;7290;0.15869624927518539;7290;0.12433722913969686;7290;5.6416516617328405;7290;5.749992370372631
7300;122.7210303048799;7300;5.4322946867274995;7300;0.17090365306558428;7300;0.12433722913969686;7300;5.64287240211188;7300;5.749992370372631
7310;122.7210303048799;7310;5.5299539170506913;7310;0.18311105685598317;7310;0.12417905724109922;7310;5.6413464766380805;7310;5.749992370372631
7320;122.7210303048799;7320;5.5177465132602928;7320;0.20752586443678089;7320;0.12429768616504745;7320;5.64317758720664;7320;5.749992370372631
7330;122.63557847834711;7330;5.4567094943082983;7330;0.18311105685598317;7330;0.12437677211434627;7330;5.64226203192236;7330;5.749992370372631
7340;122.7210303048799;7340;5.5055391094698942;7340;0.20752586443678089;7340;0.12433722913969686;7340;5.64226203192236;7340;5.749992370372631
7350;122.68440809350871;7350;5.5909909360026857;7350;0.17090365306558428;7350;0.12429768616504745;7350;5.6416516617328405;7350;5.749992370372631
7360;122.69661549729911;7360;5.5055391094698942;7360;0.18311105685598317;7360;0.12433722913969686;7360;5.6404309213538006;7360;5.749992370372631
7370;122.53791924802393;7370;5.4933317056794957;7370;0.18311105685598317;7370;0.12437677211434627;7370;5.6434827723014;7370;5.749992370372631
7380;122.61116367076632;7380;5.6154057435834837;7380;0.18311105685598317;7380;0.12437677211434627;7380;5.6419568468276005;7380;5.749992370372631
7390;122.62337107455672;7390;5.5665761284218869;7390;0.20752586443678089;7390;0.12433722913969686;7390;5.64409314249092;7390;5.749992370372631
7400;122.63557847834711;7400;5.4078798791467024;7400;0.17090365306558428;7400;0.12429768616504745;7400;5.64287240211188;7400;5.749992370372631
7410;122.7088229010895;7410;5.4811243018890972;7410;0.17090365306558428;7410;0.12429768616504745;7410;5.64439832758568;7410;5.749992370372631
7420;122.68440809350871;7420;5.5177465132602928;7420;0.17090365306558428;7420;0.12421860021574863;7420;5.6416516617328405;7420;5.749992370372631
7430;122.67220068971831;7430;5.5177465132602928;7430;0.18311105685598317;7430;0.12429768616504745;7430;5.6419568468276005;7430;5.749992370372631
7440;122.67220068971831;7440;5.4811243018890972;7440;0.18311105685598317;7440;0.12429768616504745;7440;5.6419568468276005;7440;5.749992370372631
7450;122.7576525162511;7450;5.5055391094698942;7450;0.17090365306558428;7450;0.12437677211434627;7450;5.6416516617328405;7450;5.749992370372631
7460;122.59895626697592;7460;5.6398205511642807;7460;0.15869624927518539;7460;0.12437677211434627;7460;5.64317758720664;7460;5.749992370372631
7470;122.62337107455672;7470;5.5909909360026857;7470;0.18311105685598317;7470;0.12429768616504745;7470;5.6410412915433206;7470;5.749992370372631
7480;122.59895626697592;7480;5.5909909360026857;7480;0.18311105685598317;7480;0.12433722913969686;7480;5.6434827723014;7480;5.749992370372631
7490;122.7820673238319;7490;5.5909909360026857;7490;0.18311105685598317;7490;0.12429768616504745;7490;5.6413464766380805;7490;5.749992370372631
7500;122.85531174657429;7500;5.5787835322122872;7500;0.21973326822717978;7500;0.12437677211434627;7500;5.6434827723014;7500;5.749992370372631
7510;122.7820673238319;7510;5.6154057435834837;7510;0.20752586443678089;7510;0.12433722913969686;7510;5.6419568468276005;7510;5.749992370372631
7520;122.69661549729911;7520;5.6642353587450787;7520;0.20752586443678089;7520;0.12421860021574863;7520;5.64317758720664;7520;5.749992370372631
7530;122.65999328592791;7530;5.6886501663258775;7530;0.20752586443678089;7530;0.12429768616504745;7530;5.64226203192236;7530;5.749992370372631
7540;122.80648213141269;7540;5.6154057435834837;7540;0.20752586443678089;7540;0.12437677211434627;7540;5.64226203192236;7540;5.749992370372631
7550;122.7576525162511;7550;5.5665761284218869;7550;0.17090365306558428;7550;0.12429768616504745;7550;5.6419568468276005;7550;5.749992370372631
7560;122.7698599200415;7560;5.6642353587450787;7560;0.17090365306558428;7560;0.12433722913969686;7560;5.6410412915433206;7560;5.749992370372631
7570;122.62337107455672;7570;5.65202795495468;7570;0.18311105685598317;7570;0.12433722913969686;7570;5.64378795739616;7570;5.749992370372631
7580;122.7210303048799;7580;5.5299539170506913;7580;0.20752586443678089;7580;0.12429768616504745;7580;5.64226203192236;7580;5.749992370372631
7590;122.62337107455672;7590;5.6398205511642807;7590;0.18311105685598317;7590;0.12437677211434627;7590;5.64439832758568;7590;5.749992370372631
7600;122.63557847834711;7600;5.5055391094698942;7600;0.17090365306558428;7600;0.12433722913969686;7600;5.6416516617328405;7600;5.749992370372631
7610;122.7698599200415;7610;5.4567094943082983;7610;0.18311105685598317;7610;0.12429768616504745;7610;5.64378795739616;7610;5.749992370372631
7620;122.7088229010895;7620;5.5177465132602928;7620;0.17090365306558428;7620;0.12433722913969686;7620;5.64226203192236;7620;5.749992370372631
7630;122.7820673238319;7630;5.5543687246314883;7630;0.15869624927518539;7630;0.12433722913969686;7630;5.64226203192236;7630;5.749992370372631
7640;122.68440809350871;7640;5.700857570116276;7640;0.17090365306558428;7640;0.12429768616504745;7640;5.64287240211188;7640;5.749992370372631
7650;122.69661549729911;7650;5.700857570116276;7650;0.18311105685598317;7650;0.12433722913969686;7650;5.64226203192236;7650;5.749992370372631
7660;122.62337107455672;7660;5.6398205511642807;7660;0.18311105685598317;7660;0.12429768616504745;7660;5.64287240211188;7660;5.749992370372631
7670;122.67220068971831;7670;5.7374797814874725;7670;0.18311105685598317;7670;0.12429768616504745;7670;5.6407361064485606;7670;5.749992370372631
7680;122.57454145939512;7680;5.7374797814874725;7680;0.17090365306558428;7680;0.12421860021574863;7680;5.64378795739616;7680;5.749992370372631
7690;122.65999328592791;7690;5.5787835322122872;7690;0.17090365306558428;7690;0.12429768616504745;7690;5.6419568468276005;7690;5.749992370372631
7700;122.7332377086703;7700;5.6398205511642807;7700;0.18311105685598317;7700;0.12433722913969686;7700;5.64409314249092;7700;5.749992370372631
7710;122.63557847834711;7710;5.8107242042298655;7710;0.17090365306558428;7710;0.12437677211434627;7710;5.6416516617328405;7710;5.749992370372631
7720;122.68440809350871;7720;5.8961760307626578;7720;0.17090365306558428;7720;0.12437677211434627;7720;5.64287240211188;7720;5.749992370372631
7730;122.7088229010895;7730;5.8473464156010628;7730;0.15869624927518539;7730;0.12429768616504745;7730;5.64226203192236;7730;5.749992370372631
7740;122.7820673238319;7740;5.7618945890682705;7740;0.18311105685598317;7740;0.12433722913969686;7740;5.64317758720664;7740;5.749992370372631
7750;122.69661549729911;7750;5.6031983397930851;7750;0.18311105685598317;7750;0.12429768616504745;7750;5.6434827723014;7750;5.749992370372631
7760;122.59895626697592;7760;5.6031983397930851;7760;0.18311105685598317;7760;0.12429768616504745;7760;5.6419568468276005;7760;5.749992370372631
7770;122.59895626697592;7770;5.6642353587450787;7770;0.17090365306558428;7770;0.12433722913969686;7770;5.64439832758568;7770;5.749992370372631
7780;122.67220068971831;7780;5.6031983397930851;7780;0.17090365306558428;7780;0.12433722913969686;7780;5.64226203192236;7780;5.749992370372631
7790;122.52571184423353;7790;5.676442762535479;7790;0.18311105685598317;7790;0.12437677211434627;7790;5.64378795739616;7790;5.749992370372631
7800;122.68440809350871;7800;5.7130649739066746;7800;0.18311105685598317;7800;0.12429768616504745;7800;5.6413464766380805;7800;5.749992370372631
7810;122.65999328592791;7810;5.7618945890682705;7810;0.18311105685598317;7810;0.12429768616504745;7810;5.6434827723014;7810;5.749992370372631
7820;122.62337107455672;7820;5.7618945890682705;7820;0.17090365306558428;7820;0.12429768616504745;7820;5.64226203192236;7820;5.749992370372631
7830;122.7088229010895;7830;5.700857570116276;7830;0.17090365306558428;7830;0.12433722913969686;7830;5.64287240211188;7830;5.749992370372631
7840;122.57454145939512;7840;5.7374797814874725;7840;0.17090365306558428;7840;0.12433722913969686;7840;5.64287240211188;7840;5.749992370372631
7850;122.65999328592791;7850;5.7130649739066746;7850;0.18311105685598317;7850;0.12433722913969686;7850;5.6419568468276005;7850;5.749992370372631
7860;122.69661549729911;7860;5.7374797814874725;7860;0.15869624927518539;7860;0.12429768616504745;7860;5.6434827723014;7860;5.749992370372631
7870;122.85531174657429;7870;5.7985168004394669;7870;0.15869624927518539;7870;0.12429768616504745;7870;5.6416516617328405;7870;5.749992370372631
7880;122.58674886318552;7880;5.7618945890682705;7880;0.15869624927518539;7880;0.12433722913969686;7880;5.644703512680441;7880;5.749992370372631
7890;122.57454145939512;7890;5.65202795495468;7890;0.15869624927518539;7890;0.12433722913969686;7890;5.64287240211188;7890;5.749992370372631
7900;122.65999328592791;7900;5.6398205511642807;7900;0.18311105685598317;7900;0.12433722913969686;7900;5.6434827723014;7900;5.749992370372631
7910;122.59895626697592;7910;5.7618945890682705;7910;0.18311105685598317;7910;0.12433722913969686;7910;5.6407361064485606;7910;5.749992370372631
7920;122.69661549729911;7920;5.7374797814874725;7920;0.18311105685598317;7920;0.12437677211434627;7920;5.64226203192236;7920;5.749992370372631
7930;122.7088229010895;7930;5.7618945890682705;7930;0.18311105685598317;7930;0.12433722913969686;7930;5.64226203192236;7930;5.749992370372631
7940;122.69661549729911;7940;5.8107242042298655;7940;0.17090365306558428;7940;0.12429768616504745;7940;5.64226203192236;7940;5.749992370372631
7950;122.69661549729911;7950;5.8351390118106625;7950;0.15869624927518539;7950;0.12429768616504745;7950;5.6419568468276005;7950;5.749992370372631
7960;122.7820673238319;7960;5.8107242042298655;7960;0.17090365306558428;7960;0.12433722913969686;7960;5.6410412915433206;7960;5.749992370372631
7970;122.61116367076632;7970;5.6642353587450787;7970;0.20752586443678089;7970;0.12437677211434627;7970;5.6434827723014;7970;5.749992370372631
7980;122.7332377086703;7980;5.6642353587450787;7980;0.20752586443678089;7980;0.12433722913969686;7980;5.6416516617328405;7980;5.749992370372631
7990;122.7576525162511;7990;5.7985168004394669;7990;0.18311105685598317;7990;0.12433722913969686;7990;5.64409314249092;7990;5.749992370372631
8000;122.7088229010895;8000;5.8351390118106625;8000;0.17090365306558428;8000;0.12437677211434627;8000;5.6416516617328405;8000;5.749992370372631
8010;122.63557847834711;8010;5.8351390118106625;8010;0.18311105685598317;8010;0.12433722913969686;8010;5.64378795739616;8010;5.749992370372631
8020;122.65999328592791;8020;5.7985168004394669;8020;0.18311105685598317;8020;0.12429768616504745;8020;5.6416516617328405;8020;5.749992370372631
8030;122.7332377086703;8030;5.8961760307626578;8030;0.17090365306558428;8030;0.12437677211434627;8030;5.64317758720664;8030;5.749992370372631
8040;122.7576525162511;8040;5.8473464156010628;8040;0.17090365306558428;8040;0.12433722913969686;8040;5.6416516617328405;8040;5.749992370372631
8050;122.79427472762229;8050;5.7618945890682705;8050;0.17090365306558428;8050;0.12429768616504745;8050;5.6419568468276005;8050;5.749992370372631
8060;122.59895626697592;8060;5.7985168004394669;8060;0.17090365306558428;8060;0.12429768616504745;8060;5.64226203192236;8060;5.749992370372631
8070;122.7088229010895;8070;5.774101992858669;8070;0.18311105685598317;8070;0.12421860021574863;8070;5.6413464766380805;8070;5.749992370372631
8080;122.63557847834711;8080;5.7130649739066746;8080;0.18311105685598317;8080;0.12421860021574863;8080;5.64317758720664;8080;5.749992370372631
8090;122.7210303048799;8090;5.7130649739066746;8090;0.15869624927518539;8090;0.12421860021574863;8090;5.6416516617328405;8090;5.749992370372631
8100;122.7576525162511;8100;5.8107242042298655;8100;0.15869624927518539;8100;0.12429768616504745;8100;5.64378795739616;8100;5.749992370372631
8110;122.68440809350871;8110;5.700857570116276;8110;0.17090365306558428;8110;0.12433722913969686;8110;5.6413464766380805;8110;5.749992370372631
8120;122.7088229010895;8120;5.6642353587450787;8120;0.20752586443678089;8120;0.12437677211434627;8120;5.64378795739616;8120;5.749992370372631
8130;122.69661549729911;8130;5.7985168004394669;8130;0.18311105685598317;8130;0.12433722913969686;8130;5.6410412915433206;8130;5.749992370372631
8140;122.7698599200415;8140;5.8961760307626578;8140;0.18311105685598317;8140;0.12437677211434627;8140;5.6419568468276005;8140;5.749992370372631
8150;122.65999328592791;8150;5.9327982421338543;8150;0.18311105685598317;8150;0.12437677211434627;8150;5.64226203192236;8150;5.749992370372631
8160;122.7576525162511;8160;5.7985168004394669;8160;0.18311105685598317;8160;0.12433722913969686;8160;5.6410412915433206;8160;5.749992370372631
8170;122.58674886318552;8170;5.700857570116276;8170;0.17090365306558428;8170;0.12433722913969686;8170;5.64226203192236;8170;5.749992370372631
8180;122.52571184423353;8180;5.7985168004394669;8180;0.17090365306558428;8180;0.12437677211434627;8180;5.6419568468276005;8180;5.749992370372631
8190;122.65999328592791;8190;5.8473464156010628;8190;0.17090365306558428;8190;0.12437677211434627;8190;5.64439832758568;8190;5.749992370372631
8200;122.69661549729911;8200;5.8473464156010628;8200;0.15869624927518539;8200;0.12433722913969686;8200;5.64226203192236;8200;5.749992370372631
8210;122.65999328592791;8210;5.8473464156010628;8210;0.17090365306558428;8210;0.12433722913969686;8210;5.64378795739616;8210;5.749992370372631
8220;122.69661549729911;8220;5.8717612231818608;8220;0.15869624927518539;8220;0.12429768616504745;8220;5.6416516617328405;8220;5.749992370372631
8230;122.7088229010895;8230;5.8717612231818608;8230;0.17090365306558428;8230;0.12433722913969686;8230;5.64317758720664;8230;5.749992370372631
8240;122.67220068971831;8240;5.7130649739066746;8240;0.17090365306558428;8240;0.12429768616504745;8240;5.6413464766380805;8240;5.749992370372631
8250;122.62337107455672;8250;5.8351390118106625;8250;0.18311105685598317;8250;0.12433722913969686;8250;5.6416516617328405;8250;5.749992370372631
8260;122.45246742149114;8260;5.9205908383434558;8260;0.17090365306558428;8260;0.12433722913969686;8260;5.64226203192236;8260;5.749992370372631
8270;122.62337107455672;8270;5.7985168004394669;8270;0.15869624927518539;8270;0.12421860021574863;8270;5.6413464766380805;8270;5.749992370372631
8280;122.59895626697592;8280;5.8351390118106625;8280;0.15869624927518539;8280;0.12421860021574863;8280;5.64378795739616;8280;5.749992370372631
8290;122.65999328592791;8290;5.8107242042298655;8290;0.15869624927518539;8290;0.12421860021574863;8290;5.6416516617328405;8290;5.749992370372631
8300;122.56233405560472;8300;5.8107242042298655;8300;0.17090365306558428;8300;0.12433722913969686;8300;5.64378795739616;8300;5.749992370372631
8310;122.67220068971831;8310;5.8717612231818608;8310;0.15869624927518539;8310;0.12433722913969686;8310;5.6413464766380805;8310;5.749992370372631
8320;122.68440809350871;8320;5.8595538193914614;8320;0.17090365306558428;8320;0.12433722913969686;8320;5.6434827723014;8320;5.749992370372631
8330;122.62337107455672;8330;5.7985168004394669;8330;0.18311105685598317;8330;0.12437677211434627;8330;5.6419568468276005;8330;5.749992370372631
8340;122.7576525162511;8340;5.9205908383434558;8340;0.20752586443678089;8340;0.12437677211434627;8340;5.6419568468276005;8340;5.749992370372631
8350;122.7088229010895;8350;5.9694204535050508;8350;0.20752586443678089;8350;0.12433722913969686;8350;5.6416516617328405;8350;5.749992370372631
8360;122.7088229010895;8360;5.9327982421338543;8360;0.17090365306558428;8360;0.12433722913969686;8360;5.6419568468276005;8360;5.749992370372631
8370;122.61116367076632;8370;5.9572130497146514;8370;0.17090365306558428;8370;0.12429768616504745;8370;5.64226203192236;8370;5.749992370372631
8380;122.7576525162511;8380;5.9572130497146514;8380;0.17090365306558428;8380;0.12429768616504745;8380;5.6416516617328405;8380;5.749992370372631
8390;122.65999328592791;8390;5.9205908383434558;8390;0.17090365306558428;8390;0.12437677211434627;8390;5.644703512680441;8390;5.749992370372631
8400;122.7088229010895;8400;5.9694204535050508;8400;0.17090365306558428;8400;0.12437677211434627;8400;5.6416516617328405;8400;5.749992370372631
8410;122.62337107455672;8410;5.9205908383434558;8410;0.17090365306558428;8410;0.12429768616504745;8410;5.64378795739616;8410;5.749992370372631
8420;122.50129703665273;8420;5.8351390118106625;8420;0.18311105685598317;8420;0.12421860021574863;8420;5.6419568468276005;8420;5.749992370372631
8430;122.67220068971831;8430;5.8839686269722593;8430;0.18311105685598317;8430;0.12433722913969686;8430;5.64317758720664;8430;5.749992370372631
8440;122.7088229010895;8440;5.9694204535050508;8440;0.17090365306558428;8440;0.12433722913969686;8440;5.6419568468276005;8440;5.749992370372631
8450;122.69661549729911;8450;5.9938352610858487;8450;0.18311105685598317;8450;0.12437677211434627;8450;5.64226203192236;8450;5.749992370372631
8460;122.62337107455672;8460;5.9327982421338543;8460;0.18311105685598317;8460;0.12437677211434627;8460;5.64317758720664;8460;5.749992370372631
8470;122.7210303048799;8470;5.8595538193914614;8470;0.18311105685598317;8470;0.12433722913969686;8470;5.6416516617328405;8470;5.749992370372631
8480;122.63557847834711;8480;5.8473464156010628;8480;0.18311105685598317;8480;0.12429768616504745;8480;5.64378795739616;8480;5.749992370372631
8490;122.84310434278389;8490;5.8717612231818608;8490;0.18311105685598317;8490;0.12429768616504745;8490;5.64226203192236;8490;5.749992370372631
8500;122.7820673238319;8500;5.9694204535050508;8500;0.18311105685598317;8500;0.12433722913969686;8500;5.64439832758568;8500;5.749992370372631
8510;122.68440809350871;8510;5.9816278572954493;8510;0.17090365306558428;8510;0.12429768616504745;8510;5.6413464766380805;8510;5.749992370372631
8520;122.7332377086703;8520;5.9327982421338543;8520;0.18311105685598317;8520;0.12429768616504745;8520;5.6434827723014;8520;5.749992370372631
8530;122.65999328592791;8530;6.0182500686666458;8530;0.20752586443678089;8530;0.12429768616504745;8530;5.6416516617328405;8530;5.749992370372631
8540;122.67220068971831;8540;6.0426648762474446;8540;0.20752586443678089;8540;0.12429768616504745;8540;5.64226203192236;8540;5.749992370372631
8550;122.53791924802393;8550;5.9816278572954493;8550;0.18311105685598317;8550;0.12429768616504745;8550;5.64226203192236;8550;5.749992370372631
8560;122.63557847834711;8560;5.9816278572954493;8560;0.20752586443678089;8560;0.12433722913969686;8560;5.6416516617328405;8560;5.749992370372631
8570;122.59895626697592;8570;6.0304574724570443;8570;0.18311105685598317;8570;0.12433722913969686;8570;5.6434827723014;8570;5.749992370372631
8580;122.7210303048799;8580;6.0304574724570443;8580;0.18311105685598317;8580;0.12429768616504745;8580;5.6419568468276005;8580;5.749992370372631
8590;122.67220068971831;8590;5.9816278572954493;8590;0.20752586443678089;8590;0.12429768616504745;8590;5.64378795739616;8590;5.749992370372631
8600;122.67220068971831;8600;5.9938352610858487;8600;0.17090365306558428;8600;0.12429768616504745;8600;5.6416516617328405;8600;5.749992370372631
8610;122.69661549729911;8610;5.9450056459242528;8610;0.17090365306558428;8610;0.12421860021574863;8610;5.64409314249092;8610;5.749992370372631
8620;122.57454145939512;8620;6.0182500686666458;8620;0.17090365306558428;8620;0.12429768616504745;8620;5.64226203192236;8620;5.749992370372631
EOF
