Name;YT Scope Project;
File;C:\Users\Tobno\Desktop\Kv Tester\JibOpp120bar\85prosent.csv;
Starttime of export;134212538390790000;tirsdag 21. april 2026;16:03:59.079
Endtime of export;134212538461602972;tirsdag 21. april 2026;16:04:06.160


Name;fPresSupply_bar;Name;fPres1A_bar;Name;fPres1B_bar;Name;fCylinder1_m;Name;fSensor1_V;Name;fValve1_V

0;118.22870571001312;0;82.302316354869234;0;9.57060457167272;0;0.12652495443031653;0;9.3697927793206581;0;9.250160222174749
10;118.28974272896511;10;82.277901547288437;10;9.57060457167272;10;0.12680170182306483;10;9.3588061159093;10;9.250160222174749
20;118.16766869106112;20;82.338938566240429;20;9.6682638019959111;20;0.12711798455763423;20;9.3658253730887786;20;9.250160222174749
30;118.15546128727073;30;82.412182988982821;30;9.6926786095767081;30;0.12739473195038245;30;9.3679616687520983;30;9.250160222174749
40;118.17987609485152;40;82.448805200354016;40;9.5950193792535181;40;0.12771101468495186;40;9.3667409283730585;40;9.250160222174749
50;118.22870571001312;50;82.461012604144415;50;9.5950193792535181;50;0.12794822673587897;50;9.3618579668568991;50;9.250160222174749
60;118.3507797479171;60;82.49763481551561;60;9.5828119754631178;60;0.1282645094704484;60;9.3676564836573384;60;9.250160222174749
70;118.3385723441267;70;82.399975585192422;70;9.57060457167272;70;0.12846218617955427;70;9.3700979644154181;70;9.250160222174749
80;118.3507797479171;80;82.448805200354016;80;9.643848994415114;80;0.12873893357230251;80;9.3630787072359389;80;9.250160222174749
90;118.24091311380351;90;82.5952940458388;90;9.4851527451399278;90;0.12905521630687192;90;9.3658253730887786;90;9.250160222174749
100;118.17987609485152;100;82.656331064790791;100;9.5828119754631178;100;0.129292428357799;100;9.3694875942258982;100;9.250160222174749
110;118.14325388348033;110;82.644123661000393;110;9.6682638019959111;110;0.12952964040872608;110;9.3722342600787378;110;9.250160222174749
120;118.30195013275551;120;82.5342570268868;120;9.5461897640919222;120;0.12976685245965314;120;9.35850093081454;120;9.250160222174749
130;118.22870571001312;130;82.5830866420484;130;9.4851527451399278;130;0.13016220587786492;130;9.3676564836573384;130;9.250160222174749
140;118.22870571001312;140;82.644123661000393;140;9.5217749565111234;140;0.13043895327061322;140;9.3713187047944579;140;9.250160222174749
150;118.42402417065952;150;82.49763481551561;150;9.6316415906247137;150;0.13067616532154028;150;9.3667409283730585;150;9.250160222174749
160;118.3263649403363;160;82.473220007934813;160;9.6560563982055125;160;0.13099244805610968;160;9.3642994476149788;160;9.250160222174749
170;118.3263649403363;170;82.5586718344676;170;9.5461897640919222;170;0.13134826613250028;170;9.3694875942258982;170;9.250160222174749
180;118.38740195928833;180;82.473220007934813;180;9.4485305337687322;180;0.13162501352524852;180;9.3722342600787378;180;9.250160222174749
190;118.38740195928833;190;82.5464644306772;190;9.5217749565111234;190;0.13186222557617558;190;9.362773522141179;190;9.250160222174749
200;118.24091311380351;200;82.570879238258;200;9.4851527451399278;200;0.13202036694346028;200;9.3676564836573384;200;9.250160222174749
210;118.25312051759391;210;82.473220007934813;210;9.4363231299783319;210;0.13229711433620853;210;9.3688772240363782;210;9.250160222174749
220;118.31415753654591;220;82.448805200354016;220;9.47294534134953;220;0.13269246775442028;220;9.371013519699698;220;9.250160222174749
230;118.22870571001312;230;82.448805200354016;230;9.47294534134953;230;0.13296921514716858;230;9.36124759666738;230;9.250160222174749
240;118.21649830622272;240;82.399975585192422;240;9.4851527451399278;240;0.13328549788173802;240;9.3697927793206581;240;9.250160222174749
250;118.20429090243232;250;82.473220007934813;250;9.4851527451399278;250;0.13344363924902272;250;9.3746757408368175;250;9.250160222174749
260;118.15546128727073;260;82.6197088534196;260;9.46073793755913;260;0.13364131595812861;260;9.3667409283730585;260;9.250160222174749
270;118.15546128727073;270;82.5830866420484;270;9.4485305337687322;270;0.13395759869269802;270;9.3652150028992587;270;9.250160222174749
280;118.41181676686912;280;82.5586718344676;280;9.5339823603015219;280;0.13431341676908867;280;9.3719290749839779;280;9.250160222174749
290;118.3263649403363;290;82.485427411725212;290;9.4973601489303263;290;0.13462969950365808;290;9.3752861110263375;290;9.250160222174749
300;118.22870571001312;300;82.424390392773219;300;9.5461897640919222;300;0.13482737621276397;300;9.3633838923306989;300;9.250160222174749
310;118.16766869106112;310;82.424390392773219;310;9.6316415906247137;310;0.13510412360551222;310;9.371013519699698;310;9.250160222174749
320;118.10663167210913;320;82.509842219306009;320;9.5217749565111234;320;0.13538087099826046;320;9.3719290749839779;320;9.250160222174749
330;118.17987609485152;330;82.570879238258;330;9.55839716788232;330;0.13565761839100871;330;9.3700979644154181;330;9.250160222174749
340;118.21649830622272;340;82.473220007934813;340;9.55839716788232;340;0.13589483044193576;340;9.3649098178044987;340;9.250160222174749
350;118.25312051759391;350;82.485427411725212;350;9.3752861110263375;350;0.13625064851832633;350;9.3719290749839779;350;9.250160222174749
360;118.24091311380351;360;82.509842219306009;360;9.4851527451399278;360;0.13656693125289579;360;9.3746757408368175;360;9.250160222174749
370;118.21649830622272;370;82.509842219306009;370;9.6194341868343152;370;0.13684367864564406;370;9.3667409283730585;370;9.250160222174749
380;118.11883907589953;380;82.6197088534196;380;9.4485305337687322;380;0.13704135535474996;380;9.3679616687520983;380;9.250160222174749
390;118.16766869106112;390;82.63191625721;390;9.46073793755913;390;0.13735763808931936;390;9.3728446302682578;390;9.250160222174749
400;118.24091311380351;400;82.5586718344676;400;9.47294534134953;400;0.13763438548206761;400;9.3746757408368175;400;9.250160222174749
410;118.3385723441267;410;82.461012604144415;410;9.3020416882839445;410;0.13791113287481582;410;9.362163151951659;410;9.250160222174749
420;118.28974272896511;420;82.387768181402024;420;9.387493514816736;420;0.13822741560938528;420;9.3728446302682578;420;9.250160222174749
430;118.16766869106112;430;82.49763481551561;430;9.5217749565111234;430;0.13842509231849115;430;9.3725394451734978;430;9.250160222174749
440;118.30195013275551;440;82.66853846858119;440;9.4241157261879334;440;0.13878091039488175;440;9.3673512985625784;440;9.250160222174749
450;118.25312051759391;450;82.729575487533182;450;9.3630787072359389;450;0.13897858710398761;450;9.3642994476149788;450;9.250160222174749
460;118.17987609485152;460;82.5586718344676;460;9.3630787072359389;460;0.13921579915491467;460;9.371013519699698;460;9.250160222174749
470;118.3385723441267;470;82.5342570268868;470;9.3997009186071363;470;0.1394530112058418;470;9.3768120365001373;470;9.250160222174749
480;118.3263649403363;480;82.656331064790791;480;9.6194341868343152;480;0.13969022325676886;480;9.3673512985625784;480;9.250160222174749
490;118.10663167210913;490;82.49763481551561;490;9.643848994415114;490;0.13992743530769594;490;9.3713187047944579;490;9.250160222174749
500;118.21649830622272;500;82.461012604144415;500;9.5217749565111234;500;0.14020418270044419;500;9.3728446302682578;500;9.250160222174749
510;118.31415753654591;510;82.5464644306772;510;9.47294534134953;510;0.14052046543501359;510;9.3737601855525376;510;9.250160222174749
520;118.38740195928833;520;82.5464644306772;520;9.4241157261879334;520;0.14079721282776189;520;9.3633838923306989;520;9.250160222174749
530;118.28974272896511;530;82.5830866420484;530;9.4363231299783319;530;0.14115303090415249;530;9.3719290749839779;530;9.250160222174749
540;118.20429090243232;540;82.5586718344676;540;9.3264564958647416;540;0.14139024295507954;540;9.3725394451734978;540;9.250160222174749
550;118.43623157444992;550;82.5464644306772;550;9.4363231299783319;550;0.14174606103147014;550;9.3664357432782985;550;9.250160222174749
560;118.43623157444992;560;82.5586718344676;560;9.47294534134953;560;0.14202280842421838;560;9.3670461134678185;560;9.250160222174749
570;118.28974272896511;570;82.656331064790791;570;9.35087130344554;570;0.14233909115878779;570;9.3713187047944579;570;9.250160222174749
580;118.21649830622272;580;82.741782891323581;580;9.35087130344554;580;0.14257630320971484;580;9.3749809259315775;580;9.250160222174749
590;118.21649830622272;590;82.5952940458388;590;9.4241157261879334;590;0.1428135152606419;590;9.3642994476149788;590;9.250160222174749
600;118.17987609485152;600;82.49763481551561;600;9.3630787072359389;600;0.14301119196974782;600;9.3713187047944579;600;9.250160222174749
610;118.3385723441267;610;82.5952940458388;610;9.3997009186071363;610;0.14320886867885374;610;9.3722342600787378;610;9.250160222174749
620;118.3507797479171;620;82.815027314065972;620;9.57060457167272;620;0.14352515141342317;620;9.371013519699698;620;9.250160222174749
630;118.25312051759391;630;82.753990295113979;630;9.4851527451399278;630;0.14380189880617142;630;9.3664357432782985;630;9.250160222174749
640;118.3507797479171;640;82.570879238258;640;9.4241157261879334;640;0.14407864619891964;640;9.3734550004577777;640;9.250160222174749
650;118.28974272896511;650;82.509842219306009;650;9.3630787072359389;650;0.14431585824984669;650;9.3728446302682578;650;9.250160222174749
660;118.24091311380351;660;82.5464644306772;660;9.3997009186071363;660;0.14471121166805853;660;9.3642994476149788;660;9.250160222174749
670;118.15546128727073;670;82.5586718344676;670;9.3630787072359389;670;0.14494842371898559;670;9.3673512985625784;670;9.250160222174749
680;118.15546128727073;680;82.66853846858119;680;9.3997009186071363;680;0.14526470645355502;680;9.3713187047944579;680;9.250160222174749
690;118.24091311380351;690;82.766197698904378;690;9.5339823603015219;690;0.14554145384630326;690;9.3737601855525376;690;9.250160222174749
700;118.3385723441267;700;82.729575487533182;700;9.5339823603015219;700;0.14566005987176678;700;9.362163151951659;700;9.250160222174749
710;118.26532792138431;710;82.790612506485175;710;9.47294534134953;710;0.14597634260633618;710;9.3719290749839779;710;9.250160222174749
720;118.21649830622272;720;82.802819910275574;720;9.4363231299783319;720;0.14621355465726324;720;9.3719290749839779;720;9.250160222174749
730;118.31415753654591;730;82.839442121646769;730;9.47294534134953;730;0.14656937273365386;730;9.3664357432782985;730;9.250160222174749
740;118.24091311380351;740;82.827234717856371;740;9.3752861110263375;740;0.14688565546822333;740;9.3658253730887786;740;9.250160222174749
750;118.24091311380351;750;82.741782891323581;750;9.3264564958647416;750;0.14724147354461392;750;9.3728446302682578;750;9.250160222174749
760;118.31415753654591;760;82.705160679952385;760;9.24100466933195;760;0.14747868559554098;760;9.3743705557420576;760;9.250160222174749
770;118.31415753654591;770;82.5952940458388;770;9.24100466933195;770;0.14783450367193157;770;9.3652150028992587;770;9.250160222174749
780;118.17987609485152;780;82.5952940458388;780;9.33866389965514;780;0.14803218038103744;780;9.3700979644154181;780;9.250160222174749
790;118.30195013275551;790;82.705160679952385;790;9.3264564958647416;790;0.14830892777378576;790;9.3719290749839779;790;9.250160222174749
800;118.41181676686912;800;82.753990295113979;800;9.35087130344554;800;0.14858567516653398;800;9.3719290749839779;800;9.250160222174749
810;118.39960936307872;810;82.705160679952385;810;9.3997009186071363;810;0.14874381653381871;810;9.3603320413831;810;9.250160222174749
820;118.3385723441267;820;82.656331064790791;820;9.3630787072359389;820;0.14906009926838812;820;9.3713187047944579;820;9.250160222174749
830;118.39960936307872;830;82.644123661000393;830;9.3264564958647416;830;0.14933684666113636;830;9.3725394451734978;830;9.250160222174749
840;118.52168340098271;840;82.6197088534196;840;9.3264564958647416;840;0.14965312939570577;840;9.3649098178044987;840;9.250160222174749
850;118.30195013275551;850;82.766197698904378;850;9.3752861110263375;850;0.14985080610481166;850;9.3655201879940186;850;9.250160222174749
860;118.26532792138431;860;82.839442121646769;860;9.3752861110263375;860;0.1501670888393811;860;9.3700979644154181;860;9.250160222174749
870;118.22870571001312;870;82.790612506485175;870;9.3752861110263375;870;0.15044383623212931;870;9.3743705557420576;870;9.250160222174749
880;118.26532792138431;880;82.851649525437168;880;9.3630787072359389;880;0.15072058362487761;880;9.3655201879940186;880;9.250160222174749
890;118.30195013275551;890;82.851649525437168;890;9.3630787072359389;890;0.15095779567580467;890;9.3713187047944579;890;9.250160222174749
900;118.26532792138431;900;82.851649525437168;900;9.3630787072359389;900;0.15115547238491056;900;9.3716238898892179;900;9.250160222174749
910;118.28974272896511;910;82.741782891323581;910;9.3752861110263375;910;0.15147175511947997;910;9.371013519699698;910;9.250160222174749
920;118.38740195928833;920;82.63191625721;920;9.3630787072359389;920;0.15174850251222821;920;9.3649098178044987;920;9.250160222174749
930;118.41181676686912;930;82.741782891323581;930;9.24100466933195;930;0.1519461792213341;930;9.3722342600787378;930;9.250160222174749
940;118.3263649403363;940;82.802819910275574;940;9.2043824579607545;940;0.15222292661408235;940;9.3722342600787378;940;9.250160222174749
950;118.41181676686912;950;82.705160679952385;950;9.2776268807031457;950;0.15253920934865176;950;9.3646046327097388;950;9.250160222174749
960;118.3507797479171;960;82.5952940458388;960;9.2654194769127471;960;0.1528159567414;960;9.3676564836573384;960;9.250160222174749
970;118.41181676686912;970;82.705160679952385;970;9.2043824579607545;970;0.15309270413414824;970;9.3719290749839779;970;9.250160222174749
980;118.36298715170753;980;82.802819910275574;980;9.2532120731223486;980;0.15332991618507535;980;9.3740653706472976;980;9.250160222174749
990;118.3385723441267;990;82.66853846858119;990;9.1921750541703542;990;0.1536066635778236;990;9.36124759666738;990;9.250160222174749
1000;118.30195013275551;1000;82.63191625721;1000;9.1677602465895571;1000;0.15392294631239303;1000;9.3719290749839779;1000;9.250160222174749
1010;118.28974272896511;1010;82.888271736808363;1010;9.2287972655415516;1010;0.1541206230214989;1010;9.371013519699698;1010;9.250160222174749
1020;118.38740195928833;1020;82.839442121646769;1020;9.2776268807031457;1020;0.15447644109788955;1020;9.3658253730887786;1020;9.250160222174749
1030;118.36298715170753;1030;82.705160679952385;1030;9.3630787072359389;1030;0.15475318849063779;1030;9.3646046327097388;1030;9.250160222174749
1040;118.49726859340191;1040;82.827234717856371;1040;9.3997009186071363;1040;0.15499040054156485;1040;9.3713187047944579;1040;9.250160222174749
1050;118.42402417065952;1050;82.851649525437168;1050;9.387493514816736;1050;0.15526714793431309;1050;9.3749809259315775;1050;9.250160222174749
1060;118.3385723441267;1060;82.851649525437168;1060;9.2776268807031457;1060;0.15550435998524018;1060;9.3658253730887786;1060;9.250160222174749
1070;118.31415753654591;1070;82.802819910275574;1070;9.2532120731223486;1070;0.15578110737798839;1070;9.3700979644154181;1070;9.250160222174749
1080;118.3263649403363;1080;82.66853846858119;1080;9.4363231299783319;1080;0.15605785477073664;1080;9.3722342600787378;1080;9.250160222174749
1090;118.31415753654591;1090;82.729575487533182;1090;9.47294534134953;1090;0.15633460216348485;1090;9.3716238898892179;1090;9.250160222174749
1100;118.3263649403363;1100;82.827234717856371;1100;9.2776268807031457;1100;0.15657181421441194;1100;9.36124759666738;1100;9.250160222174749
1110;118.3507797479171;1110;82.705160679952385;1110;9.2287972655415516;1110;0.15688809694898137;1110;9.3713187047944579;1110;9.250160222174749
1120;118.3507797479171;1120;82.815027314065972;1120;9.2532120731223486;1120;0.15712530899990848;1120;9.3704031495101781;1120;9.250160222174749
1130;118.42402417065952;1130;82.99813837092195;1130;9.2654194769127471;1130;0.15748112707629908;1130;9.3652150028992587;1130;9.250160222174749
1140;118.46064638203072;1140;82.876064333017965;1140;9.3264564958647416;1140;0.15775787446904729;1140;9.3670461134678185;1140;9.250160222174749
1150;118.48506118961151;1150;82.851649525437168;1150;9.3752861110263375;1150;0.15799508651997435;1150;9.3704031495101781;1150;9.250160222174749
1160;118.41181676686912;1160;82.851649525437168;1160;9.2898342844935442;1160;0.15827183391272259;1160;9.3728446302682578;1160;9.250160222174749
1170;118.46064638203072;1170;82.790612506485175;1170;9.35087130344554;1170;0.15862765198911322;1170;9.3642994476149788;1170;9.250160222174749
1180;118.3263649403363;1180;82.900479140598762;1180;9.4363231299783319;1180;0.15890439938186143;1180;9.3713187047944579;1180;9.250160222174749
1190;118.22870571001312;1190;82.888271736808363;1190;9.33866389965514;1190;0.15914161143278849;1190;9.371013519699698;1190;9.250160222174749
1200;118.24091311380351;1200;82.766197698904378;1200;9.3752861110263375;1200;0.15945789416735792;1200;9.3691824091311382;1200;9.250160222174749
1210;118.3507797479171;1210;82.815027314065972;1210;9.2654194769127471;1210;0.15977417690192738;1210;9.3636890774254589;1210;9.250160222174749
1220;118.38740195928833;1220;82.924893948179559;1220;9.1921750541703542;1220;0.16005092429467563;1220;9.3722342600787378;1220;9.250160222174749
1230;118.25312051759391;1230;82.973723563341153;1230;9.2776268807031457;1230;0.16020906566196036;1230;9.3725394451734978;1230;9.250160222174749
1240;118.42402417065952;1240;82.961516159550754;1240;9.35087130344554;1240;0.16052534839652977;1240;9.3649098178044987;1240;9.250160222174749
1250;118.41181676686912;1250;82.827234717856371;1250;9.3264564958647416;1250;0.16084163113109923;1250;9.3679616687520983;1250;9.250160222174749
1260;118.41181676686912;1260;82.827234717856371;1260;9.2043824579607545;1260;0.16107884318202628;1260;9.3725394451734978;1260;9.250160222174749
1270;118.44843897824032;1270;82.91268654438916;1270;9.13113803521836;1270;0.16135559057477453;1270;9.3725394451734978;1270;9.250160222174749
1280;118.48506118961151;1280;82.851649525437168;1280;9.1921750541703542;1280;0.16167187330934393;1280;9.3603320413831;1280;9.250160222174749
1290;118.36298715170753;1290;82.851649525437168;1290;9.2654194769127471;1290;0.16194862070209221;1290;9.3713187047944579;1290;9.250160222174749
1300;118.38740195928833;1300;82.937101351969957;1300;9.3020416882839445;1300;0.16218583275301926;1300;9.3704031495101781;1300;9.250160222174749
1310;118.5705130161443;1310;82.888271736808363;1310;9.387493514816736;1310;0.1624625801457675;1310;9.3658253730887786;1310;9.250160222174749
1320;118.6071352275155;1320;82.937101351969957;1320;9.33866389965514;1320;0.16262072151305221;1320;9.3618579668568991;1320;9.250160222174749
1330;118.54609820856351;1330;83.022553178502761;1330;9.2043824579607545;1330;0.16285793356397926;1330;9.3697927793206581;1330;9.250160222174749
1340;118.39960936307872;1340;82.876064333017965;1340;9.2287972655415516;1340;0.16301607493126397;1340;9.3737601855525376;1340;9.250160222174749
1350;118.36298715170753;1350;82.839442121646769;1350;9.2776268807031457;1350;0.16333235766583343;1350;9.3618579668568991;1350;9.250160222174749
1360;118.24091311380351;1360;82.937101351969957;1360;9.3264564958647416;1360;0.16368817574222405;1360;9.3682668538468583;1360;9.250160222174749
1370;118.38740195928833;1370;82.961516159550754;1370;9.3752861110263375;1370;0.1639649231349723;1370;9.3722342600787378;1370;9.250160222174749
1380;118.52168340098271;1380;82.937101351969957;1380;9.2043824579607545;1380;0.1642812058695417;1380;9.3716238898892179;1380;9.250160222174749
1390;118.50947599719231;1390;82.900479140598762;1390;9.2043824579607545;1390;0.16451841792046876;1390;9.36124759666738;1390;9.250160222174749
1400;118.48506118961151;1400;82.876064333017965;1400;9.2898342844935442;1400;0.16483470065503822;1400;9.3704031495101781;1400;9.250160222174749
1410;118.39960936307872;1410;82.839442121646769;1410;9.24100466933195;1410;0.16511144804778646;1410;9.3722342600787378;1410;9.250160222174749
1420;118.44843897824032;1420;82.91268654438916;1420;9.2776268807031457;1420;0.16538819544053471;1420;9.3670461134678185;1420;9.250160222174749
1430;118.39960936307872;1430;82.815027314065972;1430;9.1555528427991586;1430;0.1655858721496406;1430;9.3655201879940186;1430;9.250160222174749
1440;118.41181676686912;1440;82.753990295113979;1440;9.1555528427991586;1440;0.16590215488421;1440;9.3713187047944579;1440;9.250160222174749
1450;118.31415753654591;1450;82.91268654438916;1450;9.2654194769127471;1450;0.16621843761877941;1450;9.3740653706472976;1450;9.250160222174749
1460;118.42402417065952;1460;83.046967986083558;1460;9.3630787072359389;1460;0.16649518501152766;1460;9.3633838923306989;1460;9.250160222174749
1470;118.52168340098271;1470;82.973723563341153;1470;9.387493514816736;1470;0.1667719324042759;1470;9.3725394451734978;1470;9.250160222174749
1480;118.43623157444992;1480;82.876064333017965;1480;9.3264564958647416;1480;0.1669696091133818;1480;9.3700979644154181;1480;9.250160222174749
1490;118.49726859340191;1490;82.924893948179559;1490;9.2043824579607545;1490;0.16732542718977245;1490;9.3679616687520983;1490;9.250160222174749
1500;118.44843897824032;1500;82.91268654438916;1500;9.1921750541703542;1500;0.1675626392406995;1500;9.36094241157262;1500;9.250160222174749
1510;118.44843897824032;1510;82.961516159550754;1510;9.33866389965514;1510;0.16776031594980539;1510;9.3704031495101781;1510;9.250160222174749
1520;118.52168340098271;1520;82.937101351969957;1520;9.2654194769127471;1520;0.16799752800073245;1520;9.3728446302682578;1520;9.250160222174749
1530;118.50947599719231;1530;82.973723563341153;1530;9.1433454390087583;1530;0.16835334607712304;1530;9.362163151951659;1530;9.250160222174749
1540;118.36298715170753;1540;82.937101351969957;1540;9.2532120731223486;1540;0.16866962881169251;1540;9.3670461134678185;1540;9.250160222174749
1550;118.54609820856351;1550;82.937101351969957;1550;9.4241157261879334;1550;0.16898591154626194;1550;9.3713187047944579;1550;9.250160222174749
1560;118.6193426313059;1560;83.095797601245152;1560;9.387493514816736;1560;0.16914405291354664;1560;9.3713187047944579;1560;9.250160222174749
1570;118.46064638203072;1570;83.144627216406747;1570;9.3630787072359389;1570;0.16942080030629489;1570;9.36002685628834;1570;9.250160222174749
1580;118.39960936307872;1580;83.059175389873957;1580;9.3020416882839445;1580;0.16977661838268548;1580;9.3694875942258982;1580;9.250160222174749
1590;118.39960936307872;1590;83.059175389873957;1590;9.2532120731223486;1590;0.1700533657754337;1590;9.3694875942258982;1590;9.250160222174749
1600;118.42402417065952;1600;83.217871639149138;1600;9.2654194769127471;1600;0.17036964851000314;1600;9.3655201879940186;1600;9.250160222174749
1610;118.46064638203072;1610;83.144627216406747;1610;9.1799676503799557;1610;0.17060686056093019;1610;9.3642994476149788;1610;9.250160222174749
1620;118.49726859340191;1620;83.083590197454754;1620;9.2898342844935442;1620;0.17088360795367843;1620;9.3716238898892179;1620;9.250160222174749
1630;118.46064638203072;1630;83.095797601245152;1630;9.24100466933195;1630;0.17119989068824792;1630;9.3737601855525376;1630;9.250160222174749
1640;118.50947599719231;1640;83.022553178502761;1640;9.1555528427991586;1640;0.17151617342281733;1640;9.3655201879940186;1640;9.250160222174749
1650;118.41181676686912;1650;83.083590197454754;1650;9.1921750541703542;1650;0.17175338547374439;1650;9.3688772240363782;1650;9.250160222174749
1660;118.41181676686912;1660;83.083590197454754;1660;9.2776268807031457;1660;0.17199059752467144;1660;9.3728446302682578;1660;9.250160222174749
1670;118.38740195928833;1670;82.985930967131551;1670;9.387493514816736;1670;0.17226734491741968;1670;9.3719290749839779;1670;9.250160222174749
1680;118.50947599719231;1680;83.059175389873957;1680;9.4241157261879334;1680;0.17254409231016793;1680;9.3618579668568991;1680;9.250160222174749
1690;118.54609820856351;1690;83.108005005035551;1690;9.4241157261879334;1690;0.17286037504473734;1690;9.3725394451734978;1690;9.250160222174749
1700;118.41181676686912;1700;83.010345774712363;1700;9.3997009186071363;1700;0.17301851641202204;1700;9.3697927793206581;1700;9.250160222174749
1710;118.3507797479171;1710;83.046967986083558;1710;9.387493514816736;1710;0.17333479914659147;1710;9.3655201879940186;1710;9.250160222174749
1720;118.38740195928833;1720;83.046967986083558;1720;9.24100466933195;1720;0.17361154653933975;1720;9.362468337046419;1720;9.250160222174749
1730;118.49726859340191;1730;83.095797601245152;1730;9.0823084200567639;1730;0.17392782927390918;1730;9.371013519699698;1730;9.250160222174749
1740;118.49726859340191;1740;83.217871639149138;1740;9.0578936124759668;1740;0.17420457666665742;1740;9.3734550004577777;1740;9.250160222174749
1750;118.53389080477311;1750;83.010345774712363;1750;9.1067232276375627;1750;0.17448132405940567;1750;9.362163151951659;1750;9.250160222174749
1760;118.44843897824032;1760;82.973723563341153;1760;9.3020416882839445;1760;0.17471853611033278;1760;9.3688772240363782;1760;9.250160222174749
1770;118.50947599719231;1770;83.132419812616348;1770;9.3264564958647416;1770;0.17499528350308102;1770;9.3694875942258982;1770;9.250160222174749
1780;118.5705130161443;1780;83.144627216406747;1780;9.3752861110263375;1780;0.17531156623765043;1780;9.3691824091311382;1780;9.250160222174749
1790;118.50947599719231;1790;83.108005005035551;1790;9.2898342844935442;1790;0.17550924294675632;1790;9.35972167119358;1790;9.250160222174749
1800;118.42402417065952;1800;83.108005005035551;1800;9.1921750541703542;1800;0.17586506102314692;1800;9.371013519699698;1800;9.250160222174749
1810;118.41181676686912;1810;82.985930967131551;1810;9.2898342844935442;1810;0.17618134375771632;1810;9.3716238898892179;1810;9.250160222174749
1820;118.48506118961151;1820;82.985930967131551;1820;9.2287972655415516;1820;0.17641855580864338;1820;9.362163151951659;1820;9.250160222174749
1830;118.44843897824032;1830;83.071382793664355;1830;9.1921750541703542;1830;0.17661623251774927;1830;9.3636890774254589;1830;9.250160222174749
1840;118.42402417065952;1840;83.071382793664355;1840;9.1921750541703542;1840;0.1769720505941399;1840;9.3704031495101781;1840;9.250160222174749
1850;118.46064638203072;1850;83.181249427777942;1850;9.1677602465895571;1850;0.17728833332870933;1850;9.3725394451734978;1850;9.250160222174749
1860;118.64375743888669;1860;83.108005005035551;1860;9.1921750541703542;1860;0.1775650807214576;1860;9.3630787072359389;1860;9.250160222174749
1870;118.54609820856351;1870;83.010345774712363;1870;9.0945158238471624;1870;0.17780229277238466;1870;9.3700979644154181;1870;9.250160222174749
1880;118.50947599719231;1880;83.095797601245152;1880;9.1433454390087583;1880;0.17799996948149052;1880;9.3700979644154181;1880;9.250160222174749
1890;118.6193426313059;1890;83.193456831568341;1890;9.33866389965514;1890;0.17835578755788112;1890;9.3694875942258982;1890;9.250160222174749
1900;118.5705130161443;1900;83.193456831568341;1900;9.33866389965514;1900;0.17863253495062936;1900;9.362773522141179;1900;9.250160222174749
1910;118.46064638203072;1910;83.230079042939536;1910;9.2287972655415516;1910;0.1789488176851988;1910;9.3716238898892179;1910;9.250160222174749
1920;118.48506118961151;1920;83.193456831568341;1920;9.2287972655415516;1920;0.17934417110341055;1920;9.3734550004577777;1920;9.250160222174749
1930;118.50947599719231;1930;83.144627216406747;1930;9.3020416882839445;1930;0.17958138315433761;1930;9.3652150028992587;1930;9.250160222174749
1940;118.39960936307872;1940;83.144627216406747;1940;9.24100466933195;1940;0.17981859520526475;1940;9.3667409283730585;1940;9.250160222174749
1950;118.52168340098271;1950;83.156834620197145;1950;9.2654194769127471;1950;0.1800558072561918;1950;9.3722342600787378;1950;9.250160222174749
1960;118.48506118961151;1960;83.144627216406747;1960;9.2898342844935442;1960;0.18033255464894002;1960;9.3734550004577777;1960;9.250160222174749
1970;118.42402417065952;1970;83.059175389873957;1970;9.2532120731223486;1970;0.1805697666998671;1970;9.36094241157262;1970;9.250160222174749
1980;118.39960936307872;1980;83.071382793664355;1980;9.3264564958647416;1980;0.18088604943443651;1980;9.3713187047944579;1980;9.250160222174749
1990;118.48506118961151;1990;83.095797601245152;1990;9.2898342844935442;1990;0.18108372614354246;1990;9.3697927793206581;1990;9.250160222174749
2000;118.6071352275155;2000;83.046967986083558;2000;9.24100466933195;2000;0.1813604735362907;2000;9.3664357432782985;2000;9.250160222174749
2010;118.43623157444992;2010;83.010345774712363;2010;9.0701010162663653;2010;0.18159768558721776;2010;9.362468337046419;2010;9.250160222174749
2020;118.43623157444992;2020;83.242286446729935;2020;9.13113803521836;2020;0.181874432979966;2020;9.371013519699698;2020;9.250160222174749
2030;118.39960936307872;2030;83.27890865810113;2030;9.2043824579607545;2030;0.18219071571453541;2030;9.3728446302682578;2030;9.250160222174749
2040;118.38740195928833;2040;83.193456831568341;2040;9.0701010162663653;2040;0.18250699844910484;2040;9.362163151951659;2040;9.250160222174749
2050;118.30195013275551;2050;83.132419812616348;2050;9.0578936124759668;2050;0.1827442105000319;2050;9.3688772240363782;2050;9.250160222174749
2060;118.52168340098271;2060;83.059175389873957;2060;9.0456862086855683;2060;0.18302095789278014;2060;9.3691824091311382;2060;9.250160222174749
2070;118.64375743888669;2070;83.059175389873957;2070;9.0823084200567639;2070;0.18333724062734955;2070;9.3691824091311382;2070;9.250160222174749
2080;118.66817224646749;2080;82.985930967131551;2080;9.24100466933195;2080;0.18357445267827666;2080;9.36002685628834;2080;9.250160222174749
2090;118.6315500350963;2090;83.046967986083558;2090;9.2532120731223486;2090;0.18393027075466725;2090;9.3704031495101781;2090;9.250160222174749
2100;118.42402417065952;2100;83.108005005035551;2100;9.1799676503799557;2100;0.18420701814741552;2100;9.3722342600787378;2100;9.250160222174749
2110;118.52168340098271;2110;83.169042023987544;2110;9.1555528427991586;2110;0.18448376554016374;2110;9.3646046327097388;2110;9.250160222174749
2120;118.52168340098271;2120;83.156834620197145;2120;9.0945158238471624;2120;0.18464190690744844;2120;9.3655201879940186;2120;9.250160222174749
2130;118.44843897824032;2130;83.095797601245152;2130;9.1555528427991586;2130;0.1849977249838391;2130;9.3734550004577777;2130;9.250160222174749
2140;118.53389080477311;2140;83.132419812616348;2140;9.33866389965514;2140;0.18523493703476615;2140;9.3728446302682578;2140;9.250160222174749
2150;118.6315500350963;2150;83.181249427777942;2150;9.3264564958647416;2150;0.1855116844275144;2150;9.3630787072359389;2150;9.250160222174749
2160;118.5827204199347;2160;83.217871639149138;2160;9.1555528427991586;2160;0.18570936113662029;2160;9.3719290749839779;2160;9.250160222174749
2170;118.68037965025789;2170;83.217871639149138;2170;9.2043824579607545;2170;0.18594657318754737;2170;9.3682668538468583;2170;9.250160222174749
2180;118.6193426313059;2180;83.144627216406747;2180;9.2898342844935442;2180;0.18626285592211678;2180;9.3679616687520983;2180;9.250160222174749
2190;118.54609820856351;2190;83.144627216406747;2190;9.1799676503799557;2190;0.18638146194758029;2190;9.36094241157262;2190;9.250160222174749
2200;118.64375743888669;2200;83.242286446729935;2200;9.1555528427991586;2200;0.18661867399850735;2200;9.3700979644154181;2200;9.250160222174749
2210;118.6071352275155;2210;83.230079042939536;2210;9.3020416882839445;2210;0.18689542139125559;2210;9.3719290749839779;2210;9.250160222174749
2220;118.54609820856351;2220;83.193456831568341;2220;9.2654194769127471;2220;0.18717216878400386;2220;9.36094241157262;2220;9.250160222174749
2230;118.42402417065952;2230;83.144627216406747;2230;9.1921750541703542;2230;0.18740938083493094;2230;9.3667409283730585;2230;9.250160222174749
2240;118.5705130161443;2240;83.193456831568341;2240;9.3264564958647416;2240;0.18768612822767922;2240;9.3725394451734978;2240;9.250160222174749
2250;118.6193426313059;2250;83.303323465681927;2250;9.3630787072359389;2250;0.18804194630406978;2250;9.3716238898892179;2250;9.250160222174749
2260;118.5949278237251;2260;83.315530869472326;2260;9.3264564958647416;2260;0.18831869369681803;2260;9.362163151951659;2260;9.250160222174749
2270;118.48506118961151;2270;83.230079042939536;2270;9.24100466933195;2270;0.18859544108956627;2270;9.3725394451734978;2270;9.250160222174749
2280;118.41181676686912;2280;83.230079042939536;2280;9.2043824579607545;2280;0.18875358245685103;2280;9.3713187047944579;2280;9.250160222174749
2290;118.53389080477311;2290;83.36436048463392;2290;9.2898342844935442;2290;0.18918847121688398;2290;9.3673512985625784;2290;9.250160222174749
2300;118.5949278237251;2300;83.388775292214717;2300;9.2287972655415516;2300;0.18950475395145341;2300;9.36124759666738;2300;9.250160222174749
2310;118.6071352275155;2310;83.254493850520333;2310;9.2287972655415516;2310;0.18978150134420163;2310;9.3704031495101781;2310;9.250160222174749
2320;118.66817224646749;2320;83.193456831568341;2320;9.2776268807031457;2320;0.19005824873694988;2320;9.3725394451734978;2320;9.250160222174749
2330;118.72920926541948;2330;83.242286446729935;2330;9.1921750541703542;2330;0.19025592544605577;2330;9.3618579668568991;2330;9.250160222174749
2340;118.49726859340191;2340;83.230079042939536;2340;9.1067232276375627;2340;0.19049313749698282;2340;9.3694875942258982;2340;9.250160222174749
2350;118.53389080477311;2350;83.169042023987544;2350;9.1799676503799557;2350;0.19073034954790991;2350;9.371013519699698;2350;9.250160222174749
2360;118.6071352275155;2360;83.27890865810113;2360;9.2287972655415516;2360;0.19100709694065812;2360;9.3700979644154181;2360;9.250160222174749
2370;118.5705130161443;2370;83.315530869472326;2370;9.2287972655415516;2370;0.19128384433340642;2370;9.36063722647786;2370;9.250160222174749
2380;118.50947599719231;2380;83.303323465681927;2380;9.2898342844935442;2380;0.19163966240979702;2380;9.3716238898892179;2380;9.250160222174749
2390;118.53389080477311;2390;83.303323465681927;2390;9.1799676503799557;2390;0.19183733911890291;2390;9.3734550004577777;2390;9.250160222174749
2400;118.64375743888669;2400;83.266701254310732;2400;9.2532120731223486;2400;0.19207455116982997;2400;9.3652150028992587;2400;9.250160222174749
2410;118.5705130161443;2410;83.27890865810113;2410;9.2532120731223486;2410;0.19227222787893586;2410;9.3652150028992587;2410;9.250160222174749
2420;118.5705130161443;2420;83.388775292214717;2420;9.0823084200567639;2420;0.19258851061350526;2420;9.3725394451734978;2420;9.250160222174749
2430;118.53389080477311;2430;83.413190099795528;2430;9.0823084200567639;2430;0.19286525800625351;2430;9.3734550004577777;2430;9.250160222174749
2440;118.69258705404829;2440;83.40098269600513;2440;9.1799676503799557;2440;0.19314200539900175;2440;9.3633838923306989;2440;9.250160222174749
2450;118.5827204199347;2450;83.315530869472326;2450;9.1921750541703542;2450;0.19349782347539232;2450;9.3704031495101781;2450;9.250160222174749
2460;118.54609820856351;2460;83.27890865810113;2460;9.1921750541703542;2460;0.19377457086814062;2460;9.3691824091311382;2460;9.250160222174749
2470;118.6193426313059;2470;83.315530869472326;2470;9.2043824579607545;2470;0.19405131826088887;2470;9.3691824091311382;2470;9.250160222174749
2480;118.6071352275155;2480;83.254493850520333;2480;9.1799676503799557;2480;0.19428853031181595;2480;9.3618579668568991;2480;9.250160222174749
2490;118.66817224646749;2490;83.242286446729935;2490;9.2287972655415516;2490;0.19456527770456419;2490;9.3713187047944579;2490;9.250160222174749
2500;118.70479445783869;2500;83.27890865810113;2500;9.1921750541703542;2500;0.19484202509731241;2500;9.3713187047944579;2500;9.250160222174749
2510;118.71700186162909;2510;83.40098269600513;2510;9.1921750541703542;2510;0.19515830783188182;2510;9.3618579668568991;2510;9.250160222174749
2520;118.5827204199347;2520;83.40098269600513;2520;9.2043824579607545;2520;0.19531644919916655;2520;9.3658253730887786;2520;9.250160222174749
2530;118.64375743888669;2530;83.352153080843522;2530;9.2776268807031457;2530;0.195632731933736;2530;9.3700979644154181;2530;9.250160222174749
2540;118.5705130161443;2540;83.303323465681927;2540;9.2287972655415516;2540;0.19590947932648425;2540;9.3713187047944579;2540;9.250160222174749
2550;118.50947599719231;2550;83.327738273262725;2550;9.2043824579607545;2550;0.1961862267192325;2550;9.35972167119358;2550;9.250160222174749
2560;118.46064638203072;2560;83.315530869472326;2560;9.2287972655415516;2560;0.1965025094538019;2560;9.3704031495101781;2560;9.250160222174749
2570;118.52168340098271;2570;83.36436048463392;2570;9.2043824579607545;2570;0.19677925684655015;2570;9.3682668538468583;2570;9.250160222174749
2580;118.69258705404829;2580;83.474227118747521;2580;9.2898342844935442;2580;0.19705600423929839;2580;9.3636890774254589;2580;9.250160222174749
2590;118.5827204199347;2590;83.36436048463392;2590;9.2043824579607545;2590;0.19733275163204664;2590;9.3618579668568991;2590;9.250160222174749
2600;118.6193426313059;2600;83.352153080843522;2600;9.2043824579607545;2600;0.19760949902479488;2600;9.3688772240363782;2600;9.250160222174749
2610;118.72920926541948;2610;83.40098269600513;2610;9.24100466933195;2610;0.19780717573390075;2610;9.3716238898892179;2610;9.250160222174749
2620;118.71700186162909;2620;83.48643452253792;2620;9.2287972655415516;2620;0.198083923126649;2620;9.36124759666738;2620;9.250160222174749
2630;118.44843897824032;2630;83.40098269600513;2630;9.2287972655415516;2630;0.1983211351775761;2630;9.3676564836573384;2630;9.250160222174749
2640;118.5827204199347;2640;83.339945677053123;2640;9.24100466933195;2640;0.19855834722850318;2640;9.3704031495101781;2640;9.250160222174749
2650;118.76583147679068;2650;83.40098269600513;2650;9.1555528427991586;2650;0.1988350946212514;2650;9.3700979644154181;2650;9.250160222174749
2660;118.71700186162909;2660;83.40098269600513;2660;9.0578936124759668;2660;0.19911184201399967;2660;9.3588061159093;2660;9.250160222174749
2670;118.66817224646749;2670;83.327738273262725;2670;9.0945158238471624;2670;0.19946766009039024;2670;9.3700979644154181;2670;9.250160222174749
2680;118.6315500350963;2680;83.266701254310732;2680;9.1921750541703542;2680;0.19974440748313849;2680;9.3719290749839779;2680;9.250160222174749
2690;118.77803888058108;2690;83.352153080843522;2690;9.2654194769127471;2690;0.20006069021770789;2690;9.3633838923306989;2690;9.250160222174749
2700;118.66817224646749;2700;83.449812311166724;2700;9.1677602465895571;2700;0.20025836692681379;2700;9.3642994476149788;2700;9.250160222174749
2710;118.5705130161443;2710;83.474227118747521;2710;9.1067232276375627;2710;0.20057464966138322;2710;9.3713187047944579;2710;9.250160222174749
2720;118.5827204199347;2720;83.437604907376326;2720;9.1433454390087583;2720;0.2009304677377739;2720;9.3725394451734978;2720;9.250160222174749
2730;118.6071352275155;2730;83.474227118747521;2730;9.1799676503799557;2730;0.20120721513052217;2730;9.3642994476149788;2730;9.250160222174749
2740;118.50947599719231;2740;83.413190099795528;2740;9.2043824579607545;2740;0.20152349786509158;2740;9.3713187047944579;2740;9.250160222174749
2750;118.5705130161443;2750;83.425397503585927;2750;9.24100466933195;2750;0.20176070991601863;2750;9.3704031495101781;2750;9.250160222174749
2760;118.6315500350963;2760;83.48643452253792;2760;9.2898342844935442;2760;0.20207699265058804;2760;9.3697927793206581;2760;9.250160222174749
2770;118.64375743888669;2770;83.413190099795528;2770;9.2654194769127471;2770;0.20239327538515747;2770;9.36124759666738;2770;9.250160222174749
2780;118.77803888058108;2780;83.388775292214717;2780;9.1799676503799557;2780;0.20270955811972691;2780;9.3704031495101781;2780;9.250160222174749
2790;118.75362407300028;2790;83.388775292214717;2790;9.1921750541703542;2790;0.20298630551247512;2790;9.371013519699698;2790;9.250160222174749
2800;118.71700186162909;2800;83.40098269600513;2800;9.2898342844935442;2800;0.20326305290522342;2800;9.362773522141179;2800;9.250160222174749
2810;118.5949278237251;2810;83.36436048463392;2810;9.2532120731223486;2810;0.20350026495615048;2810;9.3664357432782985;2810;9.250160222174749
2820;118.6071352275155;2820;83.327738273262725;2820;9.2287972655415516;2820;0.20373747700707753;2820;9.3697927793206581;2820;9.250160222174749
2830;118.6315500350963;2830;83.437604907376326;2830;9.1921750541703542;2830;0.20409329508346813;2830;9.371013519699698;2830;9.250160222174749
2840;118.72920926541948;2840;83.437604907376326;2840;9.0945158238471624;2840;0.2043700424762164;2840;9.36002685628834;2840;9.250160222174749
2850;118.69258705404829;2850;83.327738273262725;2850;9.13113803521836;2850;0.20456771918532227;2850;9.3713187047944579;2850;9.250160222174749
2860;118.5705130161443;2860;83.388775292214717;2860;9.24100466933195;2860;0.20480493123624932;2860;9.3713187047944579;2860;9.250160222174749
2870;118.6071352275155;2870;83.474227118747521;2870;9.1921750541703542;2870;0.20512121397081873;2870;9.3664357432782985;2870;9.250160222174749
2880;118.6315500350963;2880;83.510849330118717;2880;9.1433454390087583;2880;0.20535842602174578;2880;9.3630787072359389;2880;9.250160222174749
2890;118.75362407300028;2890;83.437604907376326;2890;9.2532120731223486;2890;0.20571424409813646;2890;9.3716238898892179;2890;9.250160222174749
2900;118.76583147679068;2900;83.425397503585927;2900;9.1555528427991586;2900;0.20603052683270587;2900;9.3713187047944579;2900;9.250160222174749
2910;118.75362407300028;2910;83.425397503585927;2910;9.1555528427991586;2910;0.20630727422545411;2910;9.3618579668568991;2910;9.250160222174749
2920;118.75362407300028;2920;83.48643452253792;2920;9.1555528427991586;2920;0.20658402161820236;2920;9.3682668538468583;2920;9.250160222174749
2930;118.79024628437148;2930;83.559678945280311;2930;9.1067232276375627;2930;0.20682123366912941;2930;9.3691824091311382;2930;9.250160222174749
2940;118.75362407300028;2940;83.352153080843522;2940;9.1555528427991586;2940;0.20717705174552;2940;9.3688772240363782;2940;9.250160222174749
2950;118.68037965025789;2950;83.266701254310732;2950;9.2043824579607545;2950;0.20745379913826825;2950;9.35789056062502;2950;9.250160222174749
2960;118.6071352275155;2960;83.339945677053123;2960;9.3264564958647416;2960;0.2077305465310165;2960;9.3704031495101781;2960;9.250160222174749
2970;118.68037965025789;2970;83.40098269600513;2970;9.2654194769127471;2970;0.20800729392376471;2970;9.371013519699698;2970;9.250160222174749
2980;118.69258705404829;2980;83.474227118747521;2980;9.2043824579607545;2980;0.20832357665833426;2980;9.362468337046419;2980;9.250160222174749
2990;118.5827204199347;2990;83.510849330118717;2990;9.1555528427991586;2990;0.2086003240510825;2990;9.3630787072359389;2990;9.250160222174749
3000;118.6315500350963;3000;83.559678945280311;3000;9.1555528427991586;3000;0.20891660678565191;3000;9.3700979644154181;3000;9.250160222174749
3010;118.69258705404829;3010;83.498641926328318;3010;9.1555528427991586;3010;0.20915381883657896;3010;9.3719290749839779;3010;9.250160222174749
3020;118.72920926541948;3020;83.523056733909115;3020;9.1555528427991586;3020;0.20931196020386367;3020;9.362773522141179;3020;9.250160222174749
3030;118.48506118961151;3030;83.498641926328318;3030;9.1921750541703542;3030;0.20954917225479075;3030;9.3704031495101781;3030;9.250160222174749
3040;118.54609820856351;3040;83.510849330118717;3040;9.1555528427991586;3040;0.20970731362207545;3040;9.3682668538468583;3040;9.250160222174749
3050;118.81466109195227;3050;83.535264137699514;3050;9.2043824579607545;3050;0.21002359635664489;3050;9.3670461134678185;3050;9.250160222174749
3060;118.80245368816188;3060;83.388775292214717;3060;9.1677602465895571;3060;0.21037941443303546;3060;9.35789056062502;3060;9.250160222174749
3070;118.68037965025789;3070;83.474227118747521;3070;9.2043824579607545;3070;0.21069569716760486;3070;9.3697927793206581;3070;9.250160222174749
3080;118.5827204199347;3080;83.474227118747521;3080;9.3020416882839445;3080;0.21089337387671081;3080;9.3700979644154181;3080;9.250160222174749
3090;118.68037965025789;3090;83.327738273262725;3090;9.1921750541703542;3090;0.21120965661128024;3090;9.36002685628834;3090;9.250160222174749
3100;118.68037965025789;3100;83.40098269600513;3100;9.1799676503799557;3100;0.21152593934584968;3100;9.3658253730887786;3100;9.250160222174749
3110;118.68037965025789;3110;83.388775292214717;3110;9.2898342844935442;3110;0.21184222208041908;3110;9.3719290749839779;3110;9.250160222174749
3120;118.6193426313059;3120;83.339945677053123;3120;9.2532120731223486;3120;0.2121189694731673;3120;9.3716238898892179;3120;9.250160222174749
3130;118.64375743888669;3130;83.559678945280311;3130;9.24100466933195;3130;0.212277110840452;3130;9.3603320413831;3130;9.250160222174749
3140;118.6315500350963;3140;83.7061677907651;3140;9.1799676503799557;3140;0.21259339357502144;3140;9.3713187047944579;3140;9.250160222174749
3150;118.5949278237251;3150;83.5963011566515;3150;9.0578936124759668;3150;0.21283060562594852;3150;9.3682668538468583;3150;9.250160222174749
3160;118.70479445783869;3160;83.48643452253792;3160;9.0823084200567639;3160;0.21310735301869674;3160;9.3652150028992587;3160;9.250160222174749
3170;118.71700186162909;3170;83.36436048463392;3170;9.2532120731223486;3170;0.21338410041144504;3170;9.3603320413831;3170;9.250160222174749
3180;118.72920926541948;3180;83.413190099795528;3180;9.24100466933195;3180;0.21370038314601444;3180;9.3676564836573384;3180;9.250160222174749
3190;118.75362407300028;3190;83.584093752861108;3190;9.1555528427991586;3190;0.21393759519694153;3190;9.3716238898892179;3190;9.250160222174749
3200;118.6315500350963;3200;83.5963011566515;3200;9.1921750541703542;3200;0.21425387793151093;3200;9.3630787072359389;3200;9.250160222174749
3210;118.49726859340191;3210;83.449812311166724;3210;9.2287972655415516;3210;0.21457016066608037;3210;9.3673512985625784;3210;9.250160222174749
3220;118.66817224646749;3220;83.425397503585927;3220;9.2776268807031457;3220;0.21480737271700739;3220;9.3704031495101781;3220;9.250160222174749
3230;118.70479445783869;3230;83.437604907376326;3230;9.1677602465895571;3230;0.21508412010975567;3230;9.3704031495101781;3230;9.250160222174749
3240;118.66817224646749;3240;83.535264137699514;3240;9.1433454390087583;3240;0.21536086750250388;3240;9.3588061159093;3240;9.250160222174749
3250;118.64375743888669;3250;83.535264137699514;3250;9.2898342844935442;3250;0.21571668557889448;3250;9.371013519699698;3250;9.250160222174749
3260;118.71700186162909;3260;83.523056733909115;3260;9.2654194769127471;3260;0.21595389762982162;3260;9.3682668538468583;3260;9.250160222174749
3270;118.72920926541948;3270;83.559678945280311;3270;9.2898342844935442;3270;0.21623064502256986;3270;9.362468337046419;3270;9.250160222174749
3280;118.71700186162909;3280;83.474227118747521;3280;9.2898342844935442;3280;0.21642832173167575;3280;9.3642994476149788;3280;9.250160222174749
3290;118.77803888058108;3290;83.535264137699514;3290;9.2532120731223486;3290;0.21670506912442397;3290;9.3697927793206581;3290;9.250160222174749
3300;118.69258705404829;3300;83.559678945280311;3300;9.0823084200567639;3300;0.21698181651717219;3300;9.3725394451734978;3300;9.250160222174749
3310;118.72920926541948;3310;83.584093752861108;3310;9.0090639973143727;3310;0.21729809925174159;3310;9.3646046327097388;3310;9.250160222174749
3320;118.5949278237251;3320;83.6573381756035;3320;9.2287972655415516;3320;0.21757484664448989;3320;9.3700979644154181;3320;9.250160222174749
3330;118.68037965025789;3330;83.6207159642323;3330;9.2532120731223486;3330;0.21785159403723811;3330;9.3694875942258982;3330;9.250160222174749
3340;118.77803888058108;3340;83.523056733909115;3340;9.2654194769127471;3340;0.21816787677180752;3340;9.3688772240363782;3340;9.250160222174749
3350;118.69258705404829;3350;83.449812311166724;3350;9.2043824579607545;3350;0.21840508882273466;3350;9.35850093081454;3350;9.250160222174749
3360;118.5949278237251;3360;83.48643452253792;3360;9.1555528427991586;3360;0.21868183621548287;3360;9.3704031495101781;3360;9.250160222174749
3370;118.6193426313059;3370;83.523056733909115;3370;9.1799676503799557;3370;0.21883997758276758;3370;9.3716238898892179;3370;9.250160222174749
3380;118.85128330332347;3380;83.559678945280311;3380;9.24100466933195;3380;0.21923533100097936;3380;9.3618579668568991;3380;9.250160222174749
3390;118.71700186162909;3390;83.6207159642323;3390;9.1677602465895571;3390;0.2195516137355488;3390;9.3652150028992587;3390;9.250160222174749
3400;118.6193426313059;3400;83.73058259834589;3400;9.0945158238471624;3400;0.219828361128297;3400;9.3694875942258982;3400;9.250160222174749
3410;118.68037965025789;3410;83.7061677907651;3410;9.0456862086855683;3410;0.22010510852104523;3410;9.371013519699698;3410;9.250160222174749
3420;118.72920926541948;3420;83.559678945280311;3420;9.0090639973143727;3420;0.22042139125561466;3420;9.36002685628834;3420;9.250160222174749
3430;118.6193426313059;3430;83.474227118747521;3430;9.1799676503799557;3430;0.22069813864836293;3430;9.3697927793206581;3430;9.250160222174749
3440;118.64375743888669;3440;83.6207159642323;3440;9.2654194769127471;3440;0.22097488604111123;3440;9.3700979644154181;3440;9.250160222174749
3450;118.76583147679068;3450;83.6817529831843;3450;9.24100466933195;3450;0.22129116877568067;3450;9.3667409283730585;3450;9.250160222174749
3460;118.81466109195227;3460;83.559678945280311;3460;9.2532120731223486;3460;0.22144931014296537;3460;9.362773522141179;3460;9.250160222174749
3470;118.68037965025789;3470;83.510849330118717;3470;9.2532120731223486;3470;0.22176559287753483;3470;9.3713187047944579;3470;9.250160222174749
3480;118.46064638203072;3480;83.5963011566515;3480;9.3264564958647416;3480;0.22204234027028305;3480;9.3694875942258982;3480;9.250160222174749
3490;118.70479445783869;3490;83.6695455793939;3490;9.3752861110263375;3490;0.22224001697938894;3490;9.3603320413831;3490;9.250160222174749
3500;118.77803888058108;3500;83.6817529831843;3500;9.1433454390087583;3500;0.22251676437213716;3500;9.3676564836573384;3500;9.250160222174749
3510;118.85128330332347;3510;83.584093752861108;3510;9.1067232276375627;3510;0.22287258244852778;3510;9.3691824091311382;3510;9.250160222174749
3520;118.76583147679068;3520;83.559678945280311;3520;9.2532120731223486;3520;0.22310979449945481;3520;9.3688772240363782;3520;9.250160222174749
3530;118.71700186162909;3530;83.6695455793939;3530;9.1555528427991586;3530;0.22338654189220308;3530;9.35819574571978;3530;9.250160222174749
3540;118.75362407300028;3540;83.6695455793939;3540;9.1799676503799557;3540;0.22370282462677255;3540;9.3697927793206581;3540;9.250160222174749
3550;118.69258705404829;3550;83.6451307718131;3550;9.1799676503799557;3550;0.22386096599405725;3550;9.3719290749839779;3550;9.250160222174749
3560;118.6071352275155;3560;83.6207159642323;3560;9.13113803521836;3560;0.22413771338680546;3560;9.3655201879940186;3560;9.250160222174749
3570;118.6315500350963;3570;83.6085085604419;3570;9.1555528427991586;3570;0.2244539961213749;3570;9.362468337046419;3570;9.250160222174749
3580;118.77803888058108;3580;83.6817529831843;3580;9.1555528427991586;3580;0.22477027885594431;3580;9.3694875942258982;3580;9.250160222174749
3590;118.66817224646749;3590;83.73058259834589;3590;9.2654194769127471;3590;0.22504702624869258;3590;9.3719290749839779;3590;9.250160222174749
3600;118.69258705404829;3600;83.6207159642323;3600;9.2287972655415516;3600;0.2252842382996196;3600;9.36063722647786;3600;9.250160222174749
3610;118.75362407300028;3610;83.584093752861108;3610;9.1433454390087583;3610;0.22556098569236782;3610;9.3679616687520983;3610;9.250160222174749
3620;118.87569811090427;3620;83.6451307718131;3620;9.1799676503799557;3620;0.22591680376875845;3620;9.3704031495101781;3620;9.250160222174749
3630;118.80245368816188;3630;83.571886349070709;3630;9.2287972655415516;3630;0.22623308650332793;3630;9.3691824091311382;3630;9.250160222174749
3640;118.71700186162909;3640;83.5963011566515;3640;9.1677602465895571;3640;0.226470298554255;3640;9.36124759666738;3640;9.250160222174749
3650;118.85128330332347;3650;83.571886349070709;3650;9.0945158238471624;3650;0.22682611663064559;3650;9.3716238898892179;3650;9.250160222174749
3660;118.75362407300028;3660;83.584093752861108;3660;9.1555528427991586;3660;0.22702379333975148;3660;9.3688772240363782;3660;9.250160222174749
3670;118.6071352275155;3670;83.81603442487868;3670;9.1677602465895571;3670;0.2273005407324997;3670;9.36124759666738;3670;9.250160222174749
3680;118.6071352275155;3680;83.742790002136289;3680;9.0701010162663653;3680;0.22757728812524794;3680;9.3655201879940186;3680;9.250160222174749
3690;118.6071352275155;3690;83.779412213507484;3690;9.1555528427991586;3690;0.22781450017617502;3690;9.3700979644154181;3690;9.250160222174749
3700;118.53389080477311;3700;83.767204809717086;3700;9.3752861110263375;3700;0.22801217688528091;3700;9.371013519699698;3700;9.250160222174749
3710;118.69258705404829;3710;83.535264137699514;3710;9.3020416882839445;3710;0.22824938893620794;3710;9.3618579668568991;3710;9.250160222174749
3720;118.5705130161443;3720;83.559678945280311;3720;9.1067232276375627;3720;0.22852613632895633;3720;9.3713187047944579;3720;9.250160222174749
3730;118.5827204199347;3730;83.6817529831843;3730;9.0578936124759668;3730;0.22880288372170454;3730;9.3673512985625784;3730;9.250160222174749
3740;118.69258705404829;3740;83.742790002136289;3740;9.0945158238471624;3740;0.22915870179809514;3740;9.3655201879940186;3740;9.250160222174749
3750;118.64375743888669;3750;83.767204809717086;3750;9.1433454390087583;3750;0.22943544919084335;3750;9.35819574571978;3750;9.250160222174749
3760;118.66817224646749;3760;83.779412213507484;3760;9.1433454390087583;3760;0.22975173192541279;3760;9.3694875942258982;3760;9.250160222174749
3770;118.69258705404829;3770;83.6695455793939;3770;9.0945158238471624;3770;0.23006801465998225;3770;9.3725394451734978;3770;9.250160222174749
3780;118.80245368816188;3780;83.6451307718131;3780;9.13113803521836;3780;0.23034476205273047;3780;9.3646046327097388;3780;9.250160222174749
3790;118.68037965025789;3790;83.6085085604419;3790;9.1921750541703542;3790;0.23054243876183636;3790;9.3655201879940186;3790;9.250160222174749
3800;118.71700186162909;3800;83.6573381756035;3800;9.24100466933195;3800;0.23093779218004809;3800;9.3713187047944579;3800;9.250160222174749
3810;118.77803888058108;3810;83.73058259834589;3810;9.1555528427991586;3810;0.23125407491461755;3810;9.3722342600787378;3810;9.250160222174749
3820;118.82686849574267;3820;83.6817529831843;3820;9.1677602465895571;3820;0.23149128696554463;3820;9.35911130100406;3820;9.250160222174749
3830;118.72920926541948;3830;83.6695455793939;3830;9.1677602465895571;3830;0.23176803435829288;3830;9.3697927793206581;3830;9.250160222174749
3840;118.76583147679068;3840;83.6573381756035;3840;9.0945158238471624;3840;0.23200524640921996;3840;9.3691824091311382;3840;9.250160222174749
3850;118.82686849574267;3850;83.6939603869747;3850;9.03347880489517;3850;0.23232152914378937;3850;9.3664357432782985;3850;9.250160222174749
3860;118.68037965025789;3860;83.6695455793939;3860;9.1433454390087583;3860;0.23247967051107407;3860;9.362773522141179;3860;9.250160222174749
3870;118.69258705404829;3870;83.6695455793939;3870;9.2776268807031457;3870;0.23275641790382229;3870;9.3716238898892179;3870;9.250160222174749
3880;118.76583147679068;3880;83.7061677907651;3880;9.2287972655415516;3880;0.2329936299547494;3880;9.371013519699698;3880;9.250160222174749
3890;118.81466109195227;3890;83.6939603869747;3890;9.24100466933195;3890;0.2333099126893188;3890;9.362468337046419;3890;9.250160222174749
3900;118.68037965025789;3900;83.767204809717086;3900;9.3020416882839445;3900;0.23358666008206708;3900;9.3688772240363782;3900;9.250160222174749
3910;118.81466109195227;3910;83.791619617297883;3910;9.2776268807031457;3910;0.23378433679117297;3910;9.3700979644154181;3910;9.250160222174749
3920;118.86349070711387;3920;83.828241828669078;3920;9.13113803521836;3920;0.23398201350027886;3920;9.3704031495101781;3920;9.250160222174749
3930;118.82686849574267;3930;83.791619617297883;3930;8.9968565935239724;3930;0.23421922555120589;3930;9.35911130100406;3930;9.250160222174749
3940;118.86349070711387;3940;83.779412213507484;3940;9.0701010162663653;3940;0.23457504362759651;3940;9.3704031495101781;3940;9.250160222174749
3950;118.72920926541948;3950;83.779412213507484;3950;9.0701010162663653;3950;0.23485179102034479;3950;9.3725394451734978;3950;9.250160222174749
3960;118.68037965025789;3960;83.81603442487868;3960;9.03347880489517;3960;0.235128538413093;3960;9.3664357432782985;3960;9.250160222174749
3970;118.68037965025789;3970;83.852656636249876;3970;9.2287972655415516;3970;0.23540528580584122;3970;9.3633838923306989;3970;9.250160222174749
3980;118.72920926541948;3980;83.779412213507484;3980;9.2776268807031457;3980;0.23572156854041063;3980;9.371013519699698;3980;9.250160222174749
3990;118.70479445783869;3990;83.81603442487868;3990;9.1921750541703542;3990;0.2359983159331589;3990;9.3722342600787378;3990;9.250160222174749
4000;118.72920926541948;4000;83.950315866573064;4000;9.1677602465895571;4000;0.23631459866772836;4000;9.362163151951659;4000;9.250160222174749
4010;118.71700186162909;4010;83.852656636249876;4010;9.1921750541703542;4010;0.23663088140229779;4010;9.3704031495101781;4010;9.250160222174749
4020;118.80245368816188;4020;83.6939603869747;4020;9.2043824579607545;4020;0.236907628795046;4020;9.3697927793206581;4020;9.250160222174749
4030;118.86349070711387;4030;83.828241828669078;4030;9.13113803521836;4030;0.23718437618779428;4030;9.3679616687520983;4030;9.250160222174749
4040;118.77803888058108;4040;83.852656636249876;4040;9.0945158238471624;4040;0.23738205289690012;4040;9.3588061159093;4040;9.250160222174749
4050;118.6193426313059;4050;83.90148625141147;4050;9.1555528427991586;4050;0.23765880028964839;4050;9.3697927793206581;4050;9.250160222174749
4060;118.6071352275155;4060;83.877071443830673;4060;9.2043824579607545;4060;0.23793554768239664;4060;9.3719290749839779;4060;9.250160222174749
4070;118.82686849574267;4070;83.754997405926687;4070;9.2043824579607545;4070;0.23829136575878723;4070;9.3633838923306989;4070;9.250160222174749
4080;118.76583147679068;4080;83.791619617297883;4080;9.1921750541703542;4080;0.23852857780971426;4080;9.3658253730887786;4080;9.250160222174749
4090;118.77803888058108;4090;83.791619617297883;4090;9.13113803521836;4090;0.23880532520246259;4090;9.3719290749839779;4090;9.250160222174749
4100;118.80245368816188;4100;83.840449232459477;4100;9.0090639973143727;4100;0.239121607937032;4100;9.3722342600787378;4100;9.250160222174749
4110;118.82686849574267;4110;83.852656636249876;4110;9.0456862086855683;4110;0.23931928464613789;4110;9.3630787072359389;4110;9.250160222174749
4120;118.64375743888669;4120;83.81603442487868;4120;9.13113803521836;4120;0.23959603203888613;4120;9.3713187047944579;4120;9.250160222174749
4130;118.76583147679068;4130;83.90148625141147;4130;9.2043824579607545;4130;0.23983324408981316;4130;9.3673512985625784;4130;9.250160222174749
4140;118.98556474501785;4140;83.950315866573064;4140;9.2898342844935442;4140;0.24018906216620375;4140;9.3667409283730585;4140;9.250160222174749
4150;118.71700186162909;4150;83.840449232459477;4150;9.24100466933195;4150;0.24042627421713084;4150;9.36124759666738;4150;9.250160222174749
4160;118.6193426313059;4160;83.852656636249876;4160;9.1555528427991586;4160;0.24070302160987905;4160;9.3697927793206581;4160;9.250160222174749
4170;118.64375743888669;4170;83.925901058992267;4170;9.1433454390087583;4170;0.2409797690026273;4170;9.3716238898892179;4170;9.250160222174749
4180;118.64375743888669;4180;83.877071443830673;4180;9.2532120731223486;4180;0.24125651639537565;4180;9.362468337046419;4180;9.250160222174749
4190;118.6071352275155;4190;83.852656636249876;4190;9.2654194769127471;4190;0.2415332637881239;4190;9.3679616687520983;4190;9.250160222174749
4200;118.71700186162909;4200;83.791619617297883;4200;9.2532120731223486;4200;0.24169140515540863;4200;9.3716238898892179;4200;9.250160222174749
4210;118.79024628437148;4210;83.779412213507484;4210;9.1555528427991586;4210;0.24200768788997806;4210;9.3700979644154181;4210;9.250160222174749
4220;118.82686849574267;4220;83.840449232459477;4220;9.0945158238471624;4220;0.24228443528272628;4220;9.35789056062502;4220;9.250160222174749
4230;118.70479445783869;4230;83.852656636249876;4230;9.1799676503799557;4230;0.2425611826754745;4230;9.3697927793206581;4230;9.250160222174749
4240;118.77803888058108;4240;83.877071443830673;4240;9.1799676503799557;4240;0.24283793006822274;4240;9.3688772240363782;4240;9.250160222174749
4250;118.88790551469467;4250;83.852656636249876;4250;9.2898342844935442;4250;0.24319374814461334;4250;9.3636890774254589;4250;9.250160222174749
4260;118.77803888058108;4260;83.828241828669078;4260;9.33866389965514;4260;0.24343096019554042;4260;9.3633838923306989;4260;9.250160222174749
4270;118.72920926541948;4270;83.938108462782665;4270;9.2532120731223486;4270;0.24374724293010988;4270;9.3704031495101781;4270;9.250160222174749
4280;118.70479445783869;4280;83.962523270363462;4280;9.1677602465895571;4280;0.2440239903228581;4280;9.3713187047944579;4280;9.250160222174749
4290;118.90011291848506;4290;83.925901058992267;4290;9.1677602465895571;4290;0.24430073771560637;4290;9.36124759666738;4290;9.250160222174749
4300;118.76583147679068;4300;83.913693655201868;4300;9.1921750541703542;4300;0.24461702045017578;4300;9.3694875942258982;4300;9.250160222174749
4310;118.70479445783869;4310;83.962523270363462;4310;9.1799676503799557;4310;0.24485423250110283;4310;9.3676564836573384;4310;9.250160222174749
4320;118.77803888058108;4320;83.962523270363462;4320;9.1799676503799557;4320;0.2451309798938511;4320;9.3673512985625784;4320;9.250160222174749
4330;118.71700186162909;4330;83.877071443830673;4330;9.1555528427991586;4330;0.24536819194477813;4330;9.36002685628834;4330;9.250160222174749
4340;118.80245368816188;4340;83.950315866573064;4340;9.13113803521836;4340;0.24568447467934754;4340;9.3716238898892179;4340;9.250160222174749
4350;118.86349070711387;4350;84.011352885525056;4350;9.2776268807031457;4350;0.24584261604663224;4350;9.3722342600787378;4350;9.250160222174749
4360;118.85128330332347;4360;83.950315866573064;4360;9.2287972655415516;4360;0.24611936343938051;4360;9.3630787072359389;4360;9.250160222174749
4370;118.69258705404829;4370;83.986938077944259;4370;9.0456862086855683;4370;0.24639611083212878;4370;9.3652150028992587;4370;9.250160222174749
4380;118.72920926541948;4380;83.986938077944259;4380;9.1677602465895571;4380;0.24667285822487703;4380;9.3716238898892179;4380;9.250160222174749
4390;118.64375743888669;4390;83.852656636249876;4390;9.24100466933195;4390;0.2469496056176253;4390;9.3716238898892179;4390;9.250160222174749
4400;118.6315500350963;4400;83.877071443830673;4400;9.2776268807031457;4400;0.24718681766855233;4400;9.35972167119358;4400;9.250160222174749
4410;118.82686849574267;4410;83.962523270363462;4410;9.2287972655415516;4410;0.24742402971947941;4410;9.3697927793206581;4410;9.250160222174749
4420;118.85128330332347;4420;84.035767693105853;4420;9.2287972655415516;4420;0.24766124177040644;4420;9.3688772240363782;4420;9.250160222174749
4430;118.81466109195227;4430;84.011352885525056;4430;9.2532120731223486;4430;0.24805659518861825;4430;9.3667409283730585;4430;9.250160222174749
4440;118.79024628437148;4440;83.986938077944259;4440;9.1921750541703542;4440;0.24833334258136647;4440;9.362468337046419;4440;9.250160222174749
4450;118.88790551469467;4450;84.084597308267448;4450;9.1921750541703542;4450;0.24864962531593587;4450;9.3704031495101781;4450;9.250160222174749
4460;118.87569811090427;4460;83.950315866573064;4460;9.2043824579607545;4460;0.24884730202504188;4460;9.3704031495101781;4460;9.250160222174749
4470;118.85128330332347;4470;83.999145481734658;4470;9.2287972655415516;4470;0.24924265544325366;4470;9.3618579668568991;4470;9.250160222174749
4480;118.72920926541948;4480;84.121219519638643;4480;9.1433454390087583;4480;0.24951940283600188;4480;9.3664357432782985;4480;9.250160222174749
4490;118.86349070711387;4490;83.999145481734658;4490;9.0945158238471624;4490;0.24975661488692896;4490;9.3697927793206581;4490;9.250160222174749
4500;118.79024628437148;4500;83.90148625141147;4500;9.1921750541703542;4500;0.24999382693785602;4500;9.3704031495101781;4500;9.250160222174749
4510;118.71700186162909;4510;83.864864040040274;4510;9.2654194769127471;4510;0.25027057433060429;4510;9.35850093081454;4510;9.250160222174749
4520;118.75362407300028;4520;83.986938077944259;4520;9.2287972655415516;4520;0.2505868570651737;4520;9.3700979644154181;4520;9.250160222174749
4530;118.70479445783869;4530;83.962523270363462;4530;9.1799676503799557;4530;0.25078453377427956;4530;9.3700979644154181;4530;9.250160222174749
4540;118.81466109195227;4540;83.962523270363462;4540;9.2532120731223486;4540;0.251100816508849;4540;9.3655201879940186;4540;9.250160222174749
4550;118.80245368816188;4550;84.047975096896252;4550;9.2287972655415516;4550;0.25141709924341848;4550;9.3655201879940186;4550;9.250160222174749
4560;118.81466109195227;4560;84.047975096896252;4560;9.1555528427991586;4560;0.25169384663616667;4560;9.3725394451734978;4560;9.250160222174749
4570;118.81466109195227;4570;84.072389904477049;4570;9.33866389965514;4570;0.25189152334527259;4570;9.371013519699698;4570;9.250160222174749
4580;118.81466109195227;4580;84.035767693105853;4580;9.3630787072359389;4580;0.252207806079842;4580;9.3618579668568991;4580;9.250160222174749
4590;118.6071352275155;4590;83.938108462782665;4590;9.1799676503799557;4590;0.25240548278894787;4590;9.3700979644154181;4590;9.250160222174749
4600;118.5949278237251;4600;83.925901058992267;4600;9.13113803521836;4600;0.25264269483987495;4600;9.3700979644154181;4600;9.250160222174749
4610;118.6193426313059;4610;83.999145481734658;4610;9.24100466933195;4610;0.25299851291626552;4610;9.3682668538468583;4610;9.250160222174749
4620;118.6315500350963;4620;84.011352885525056;4620;9.24100466933195;4620;0.25331479565083492;4620;9.3588061159093;4620;9.250160222174749
4630;118.71700186162909;4630;84.072389904477049;4630;9.1799676503799557;4630;0.25367061372722555;4630;9.3713187047944579;4630;9.250160222174749
4640;118.66817224646749;4640;84.023560289315455;4640;9.1433454390087583;4640;0.25386829043633147;4640;9.3697927793206581;4640;9.250160222174749
4650;118.80245368816188;4650;83.999145481734658;4650;9.1677602465895571;4650;0.25418457317090093;4650;9.36124759666738;4650;9.250160222174749
4660;118.79024628437148;4660;84.072389904477049;4660;9.2654194769127471;4660;0.25450085590547034;4660;9.3649098178044987;4660;9.250160222174749
4670;118.75362407300028;4670;84.109012115848245;4670;9.1677602465895571;4670;0.25477760329821858;4670;9.3697927793206581;4670;9.250160222174749
4680;118.76583147679068;4680;84.047975096896252;4680;9.1067232276375627;4680;0.25505435069096682;4680;9.371013519699698;4680;9.250160222174749
4690;118.80245368816188;4690;84.084597308267448;4690;9.2532120731223486;4690;0.255331098083715;4690;9.362773522141179;4690;9.250160222174749
4700;118.77803888058108;4700;84.035767693105853;4700;9.1067232276375627;4700;0.25560784547646326;4700;9.3713187047944579;4700;9.250160222174749
4710;118.77803888058108;4710;83.950315866573064;4710;9.1433454390087583;4710;0.25584505752739034;4710;9.3697927793206581;4710;9.250160222174749
4720;118.81466109195227;4720;84.035767693105853;4720;9.33866389965514;4720;0.25612180492013858;4720;9.3676564836573384;4720;9.250160222174749
4730;118.76583147679068;4730;84.096804712057846;4730;9.1799676503799557;4730;0.25635901697106572;4730;9.362163151951659;4730;9.250160222174749
4740;118.79024628437148;4740;84.096804712057846;4740;9.0090639973143727;4740;0.25655669368017159;4740;9.3719290749839779;4740;9.250160222174749
4750;118.87569811090427;4750;84.121219519638643;4750;8.9602343821527768;4750;0.25675437038927751;4750;9.3694875942258982;4750;9.250160222174749
4760;118.97335734122746;4760;84.072389904477049;4760;8.9846491897335738;4760;0.257110188465668;4760;9.3603320413831;4760;9.250160222174749
4770;118.86349070711387;4770;83.986938077944259;4770;9.0823084200567639;4770;0.25742647120023748;4770;9.3658253730887786;4770;9.250160222174749
4780;118.86349070711387;4780;84.011352885525056;4780;9.2043824579607545;4780;0.25770321859298573;4780;9.3697927793206581;4780;9.250160222174749
4790;118.86349070711387;4790;84.072389904477049;4790;9.1799676503799557;4790;0.25797996598573397;4790;9.3713187047944579;4790;9.250160222174749
4800;118.80245368816188;4800;84.096804712057846;4800;9.1921750541703542;4800;0.25821717803666105;4800;9.35972167119358;4800;9.250160222174749
4810;118.81466109195227;4810;84.121219519638643;4810;9.24100466933195;4810;0.25853346077123046;4810;9.371013519699698;4810;9.250160222174749
4820;118.71700186162909;4820;84.121219519638643;4820;9.1067232276375627;4820;0.25873113748033633;4820;9.3697927793206581;4820;9.250160222174749
4830;118.76583147679068;4830;84.157841731009839;4830;9.13113803521836;4830;0.25904742021490579;4830;9.3642994476149788;4830;9.250160222174749
4840;118.85128330332347;4840;84.035767693105853;4840;9.1555528427991586;4840;0.25924509692401171;4840;9.3633838923306989;4840;9.250160222174749
4850;118.80245368816188;4850;84.023560289315455;4850;9.0823084200567639;4850;0.25956137965858112;4850;9.371013519699698;4850;9.250160222174749
4860;118.75362407300028;4860;84.096804712057846;4860;9.03347880489517;4860;0.25979859170950814;4860;9.3713187047944579;4860;9.250160222174749
4870;118.85128330332347;4870;84.047975096896252;4870;9.13113803521836;4870;0.26007533910225644;4870;9.362773522141179;4870;9.250160222174749
4880;118.72920926541948;4880;83.986938077944259;4880;9.2043824579607545;4880;0.26035208649500463;4880;9.3697927793206581;4880;9.250160222174749
4890;118.77803888058108;4890;84.023560289315455;4890;9.2532120731223486;4890;0.26058929854593171;4890;9.3713187047944579;4890;9.250160222174749
4900;118.87569811090427;4900;84.096804712057846;4900;9.2532120731223486;4900;0.26094511662232228;4900;9.3697927793206581;4900;9.250160222174749
4910;118.87569811090427;4910;84.035767693105853;4910;9.1921750541703542;4910;0.26130093469871291;4910;9.3603320413831;4910;9.250160222174749
4920;118.82686849574267;4920;84.109012115848245;4920;9.2287972655415516;4920;0.26161721743328242;4920;9.3722342600787378;4920;9.250160222174749
4930;118.77803888058108;4930;84.096804712057846;4930;9.1555528427991586;4930;0.26181489414238829;4930;9.3694875942258982;4930;9.250160222174749
4940;118.88790551469467;4940;84.096804712057846;4940;9.1921750541703542;4940;0.26213117687695769;4940;9.362773522141179;4940;9.250160222174749
4950;118.72920926541948;4950;84.206671346171461;4950;9.1677602465895571;4950;0.26236838892788478;4950;9.3655201879940186;4950;9.250160222174749
4960;118.75362407300028;4960;84.170049134800237;4960;9.13113803521836;4960;0.262645136320633;4960;9.3700979644154181;4960;9.250160222174749
4970;118.86349070711387;4970;84.047975096896252;4970;9.1799676503799557;4970;0.26300095439702365;4970;9.3704031495101781;4970;9.250160222174749
4980;118.81466109195227;4980;84.096804712057846;4980;9.24100466933195;4980;0.26327770178977183;4980;9.362468337046419;4980;9.250160222174749
4990;118.68037965025789;4990;84.096804712057846;4990;9.24100466933195;4990;0.26351491384069892;4990;9.3716238898892179;4990;9.250160222174749
5000;118.69258705404829;5000;84.157841731009839;5000;9.2654194769127471;5000;0.26379166123344716;5000;9.3694875942258982;5000;9.250160222174749
5010;118.79024628437148;5010;84.121219519638643;5010;9.2287972655415516;5010;0.26410794396801662;5010;9.3673512985625784;5010;9.250160222174749
5020;118.80245368816188;5020;84.011352885525056;5020;9.0456862086855683;5020;0.26426608533530133;5020;9.36094241157262;5020;9.250160222174749
5030;118.91232032227546;5030;84.121219519638643;5030;9.0823084200567639;5030;0.26458236806987079;5030;9.3716238898892179;5030;9.250160222174749
5040;118.87569811090427;5040;84.133426923429042;5040;9.2898342844935442;5040;0.26485911546261903;5040;9.3704031495101781;5040;9.250160222174749
5050;118.71700186162909;5050;84.121219519638643;5050;9.24100466933195;5050;0.26513586285536722;5050;9.3603320413831;5050;9.250160222174749
5060;118.6193426313059;5060;84.109012115848245;5060;9.1433454390087583;5060;0.26541261024811547;5060;9.3688772240363782;5060;9.250160222174749
5070;118.75362407300028;5070;84.157841731009839;5070;9.1921750541703542;5070;0.26568935764086371;5070;9.3737601855525376;5070;9.250160222174749
5080;118.85128330332347;5080;84.194463942381063;5080;9.1677602465895571;5080;0.26592656969179079;5080;9.371013519699698;5080;9.250160222174749
5090;118.86349070711387;5090;84.194463942381063;5090;9.1799676503799557;5090;0.26620331708453904;5090;9.3618579668568991;5090;9.250160222174749
5100;118.81466109195227;5100;84.047975096896252;5100;9.1555528427991586;5100;0.26655913516092972;5100;9.3725394451734978;5100;9.250160222174749
5110;118.75362407300028;5110;83.986938077944259;5110;9.2287972655415516;5110;0.26679634721185674;5110;9.3673512985625784;5110;9.250160222174749
5120;118.77803888058108;5120;84.194463942381063;5120;9.2898342844935442;5120;0.26715216528824731;5120;9.3636890774254589;5120;9.250160222174749
5130;118.72920926541948;5130;84.194463942381063;5130;9.2654194769127471;5130;0.26734984199735323;5130;9.362773522141179;5130;9.250160222174749
5140;118.77803888058108;5140;84.084597308267448;5140;9.2776268807031457;5140;0.26766612473192264;5140;9.3700979644154181;5140;9.250160222174749
5150;118.77803888058108;5150;84.072389904477049;5150;9.1921750541703542;5150;0.26798240746649205;5150;9.3700979644154181;5150;9.250160222174749
5160;118.75362407300028;5160;84.109012115848245;5160;9.2776268807031457;5160;0.26818008417559797;5160;9.36002685628834;5160;9.250160222174749
5170;118.75362407300028;5170;84.133426923429042;5170;9.24100466933195;5170;0.26845683156834615;5170;9.3691824091311382;5170;9.250160222174749
5180;118.80245368816188;5180;84.170049134800237;5180;9.1921750541703542;5180;0.26877311430291562;5180;9.3704031495101781;5180;9.250160222174749
5190;118.75362407300028;5190;84.157841731009839;5190;9.24100466933195;5190;0.26901032635384275;5190;9.3679616687520983;5190;9.250160222174749
5200;118.71700186162909;5200;84.157841731009839;5200;9.13113803521836;5200;0.26920800306294868;5200;9.36124759666738;5200;9.250160222174749
5210;118.72920926541948;5210;84.109012115848245;5210;9.1555528427991586;5210;0.26956382113933924;5210;9.3737601855525376;5210;9.250160222174749
5220;118.85128330332347;5220;84.255500961333055;5220;9.1555528427991586;5220;0.26980103319026633;5220;9.3722342600787378;5220;9.250160222174749
5230;118.80245368816188;5230;84.438612018189033;5230;9.1555528427991586;5230;0.27011731592483573;5230;9.3649098178044987;5230;9.250160222174749
5240;118.66817224646749;5240;84.267708365123454;5240;9.24100466933195;5240;0.27035452797576282;5240;9.3646046327097388;5240;9.250160222174749
5250;118.81466109195227;5250;84.170049134800237;5250;9.24100466933195;5250;0.270631275368511;5250;9.3700979644154181;5250;9.250160222174749
5260;118.81466109195227;5260;84.133426923429042;5260;9.1799676503799557;5260;0.27082895207761692;5260;9.3704031495101781;5260;9.250160222174749
5270;118.72920926541948;5270;84.170049134800237;5270;9.1433454390087583;5270;0.27106616412854395;5270;9.3618579668568991;5270;9.250160222174749
5280;118.5827204199347;5280;84.206671346171461;5280;9.1555528427991586;5280;0.27138244686311336;5280;9.3716238898892179;5280;9.250160222174749
5290;118.77803888058108;5290;84.121219519638643;5290;9.2287972655415516;5290;0.27165919425586171;5290;9.3670461134678185;5290;9.250160222174749
5300;118.92452772606586;5300;84.121219519638643;5300;9.2287972655415516;5300;0.27201501233225228;5300;9.3649098178044987;5300;9.250160222174749
5310;118.86349070711387;5310;84.206671346171461;5310;9.1677602465895571;5310;0.2722126890413582;5310;9.36094241157262;5310;9.250160222174749
5320;118.75362407300028;5320;84.206671346171461;5320;9.2287972655415516;5320;0.27252897177592761;5320;9.371013519699698;5320;9.250160222174749
5330;118.70479445783869;5330;84.194463942381063;5330;9.2532120731223486;5330;0.27288478985231818;5330;9.371013519699698;5330;9.250160222174749
5340;118.87569811090427;5340;84.30433057649465;5340;9.1921750541703542;5340;0.27316153724506642;5340;9.362468337046419;5340;9.250160222174749
5350;118.72920926541948;5350;84.243293557542657;5350;9.24100466933195;5350;0.27343828463781467;5350;9.3679616687520983;5350;9.250160222174749
5360;118.70479445783869;5360;84.182256538590664;5360;9.2898342844935442;5360;0.27375456737238407;5360;9.3722342600787378;5360;9.250160222174749
5370;118.70479445783869;5370;84.243293557542657;5370;9.24100466933195;5370;0.27407085010695353;5370;9.3700979644154181;5370;9.250160222174749
5380;118.69258705404829;5380;84.182256538590664;5380;9.2043824579607545;5380;0.27434759749970178;5380;9.36002685628834;5380;9.250160222174749
5390;118.70479445783869;5390;84.206671346171461;5390;9.3020416882839445;5390;0.27458480955062886;5390;9.3719290749839779;5390;9.250160222174749
5400;118.77803888058108;5400;84.21887874996186;5400;9.2043824579607545;5400;0.27482202160155594;5400;9.3679616687520983;5400;9.250160222174749
5410;118.85128330332347;5410;84.279915768913853;5410;9.0945158238471624;5410;0.27513830433612535;5410;9.3642994476149788;5410;9.250160222174749
5420;118.86349070711387;5420;84.328745384075447;5420;9.1921750541703542;5420;0.27529644570341005;5420;9.362468337046419;5420;9.250160222174749
5430;118.85128330332347;5430;84.255500961333055;5430;9.1799676503799557;5430;0.27553365775433708;5430;9.3700979644154181;5430;9.250160222174749
5440;118.75362407300028;5440;84.182256538590664;5440;9.1921750541703542;5440;0.2758894758307277;5440;9.3700979644154181;5440;9.250160222174749
5450;118.92452772606586;5450;84.121219519638643;5450;9.1677602465895571;5450;0.27620575856529711;5450;9.36063722647786;5450;9.250160222174749
5460;118.92452772606586;5460;84.182256538590664;5460;9.24100466933195;5460;0.27644297061622419;5460;9.3704031495101781;5460;9.250160222174749
5470;118.90011291848506;5470;84.279915768913853;5470;9.3020416882839445;5470;0.27675925335079365;5470;9.3694875942258982;5470;9.250160222174749
5480;118.81466109195227;5480;84.255500961333055;5480;9.1677602465895571;5480;0.27707553608536306;5480;9.3670461134678185;5480;9.250160222174749
5490;118.81466109195227;5490;84.292123172704251;5490;9.1677602465895571;5490;0.27727321279446893;5490;9.35911130100406;5490;9.250160222174749
5500;118.79024628437148;5500;84.377574999237041;5500;9.1799676503799557;5500;0.277510424845396;5500;9.3719290749839779;5500;9.250160222174749
5510;118.69258705404829;5510;84.340952787865845;5510;9.1799676503799557;5510;0.27778717223814425;5510;9.3700979644154181;5510;9.250160222174749
5520;118.77803888058108;5520;84.353160191656244;5520;9.2532120731223486;5520;0.27810345497271366;5520;9.3618579668568991;5520;9.250160222174749
5530;118.68037965025789;5530;84.328745384075447;5530;9.0945158238471624;5530;0.2783802023654619;5530;9.3667409283730585;5530;9.250160222174749
5540;118.68037965025789;5540;84.377574999237041;5540;9.0456862086855683;5540;0.27869648510003131;5540;9.3737601855525376;5540;9.250160222174749
5550;118.77803888058108;5550;84.389782403027439;5550;9.1677602465895571;5550;0.27889416180913723;5550;9.3700979644154181;5550;9.250160222174749
5560;118.88790551469467;5560;84.292123172704251;5560;9.2654194769127471;5560;0.27917090920188553;5560;9.36124759666738;5560;9.250160222174749
5570;118.85128330332347;5570;84.292123172704251;5570;9.33866389965514;5570;0.27940812125281256;5570;9.3728446302682578;5570;9.250160222174749
5580;118.80245368816188;5580;84.279915768913853;5580;9.2287972655415516;5580;0.27964533330373964;5580;9.3676564836573384;5580;9.250160222174749
5590;118.79024628437148;5590;84.279915768913853;5590;9.2654194769127471;5590;0.27992208069648788;5590;9.3646046327097388;5590;9.250160222174749
5600;118.77803888058108;5600;84.21887874996186;5600;9.24100466933195;5600;0.28019882808923607;5600;9.36094241157262;5600;9.250160222174749
5610;118.87569811090427;5610;84.21887874996186;5610;9.2287972655415516;5610;0.28051511082380548;5610;9.3713187047944579;5610;9.250160222174749
5620;118.96114993743706;5620;84.353160191656244;5620;9.1799676503799557;5620;0.28075232287473262;5620;9.371013519699698;5620;9.250160222174749
5630;118.88790551469467;5630;84.438612018189033;5630;9.1921750541703542;5630;0.28102907026748081;5630;9.3630787072359389;5630;9.250160222174749
5640;118.6071352275155;5640;84.389782403027439;5640;9.1921750541703542;5640;0.28126628231840789;5640;9.3676564836573384;5640;9.250160222174749
5650;118.75362407300028;5650;84.389782403027439;5650;9.0701010162663653;5650;0.28154302971115613;5650;9.371013519699698;5650;9.250160222174749
5660;118.87569811090427;5660;84.389782403027439;5660;9.2532120731223486;5660;0.28181977710390449;5660;9.3697927793206581;5660;9.250160222174749
5670;118.85128330332347;5670;84.353160191656244;5670;9.2776268807031457;5670;0.28209652449665273;5670;9.36002685628834;5670;9.250160222174749
5680;118.72920926541948;5680;84.206671346171461;5680;9.1433454390087583;5680;0.28237327188940092;5680;9.3728446302682578;5680;9.250160222174749
5690;118.75362407300028;5690;84.194463942381063;5690;9.1921750541703542;5690;0.28265001928214922;5690;9.3691824091311382;5690;9.250160222174749
5700;118.87569811090427;5700;84.206671346171461;5700;9.2287972655415516;5700;0.28292676667489747;5700;9.3633838923306989;5700;9.250160222174749
5710;118.88790551469467;5710;84.243293557542657;5710;9.1921750541703542;5710;0.28312444338400333;5710;9.3649098178044987;5710;9.250160222174749
5720;118.86349070711387;5720;84.353160191656244;5720;9.2532120731223486;5720;0.28344072611857274;5720;9.3734550004577777;5720;9.250160222174749
5730;118.69258705404829;5730;84.377574999237041;5730;9.1921750541703542;5730;0.28363840282767866;5730;9.371013519699698;5730;9.250160222174749
5740;118.72920926541948;5740;84.365367595446642;5740;9.1799676503799557;5740;0.28391515022042685;5740;9.362468337046419;5740;9.250160222174749
5750;118.69258705404829;5750;84.365367595446642;5750;9.1921750541703542;5750;0.28423143295499631;5750;9.3700979644154181;5750;9.250160222174749
5760;118.76583147679068;5760;84.450819421979432;5760;9.2532120731223486;5760;0.28466632171502931;5760;9.3694875942258982;5760;9.250160222174749
5770;118.82686849574267;5770;84.426404614398635;5770;9.2287972655415516;5770;0.28494306910777756;5770;9.3679616687520983;5770;9.250160222174749
5780;118.82686849574267;5780;84.353160191656244;5780;9.1799676503799557;5780;0.28518028115870458;5780;9.35850093081454;5780;9.250160222174749
5790;118.81466109195227;5790;84.292123172704251;5790;9.3020416882839445;5790;0.28553609923509515;5790;9.3719290749839779;5790;9.250160222174749
5800;118.80245368816188;5800;84.353160191656244;5800;9.2654194769127471;5800;0.28573377594420107;5800;9.3713187047944579;5800;9.250160222174749
5810;118.86349070711387;5810;84.340952787865845;5810;9.1921750541703542;5810;0.28601052333694932;5810;9.362468337046419;5810;9.250160222174749
5820;118.91232032227546;5820;84.267708365123454;5820;9.1799676503799557;5820;0.2862477353878764;5820;9.3646046327097388;5820;9.250160222174749
5830;118.96114993743706;5830;84.389782403027439;5830;9.2654194769127471;5830;0.28660355346426697;5830;9.3716238898892179;5830;9.250160222174749
5840;118.85128330332347;5840;84.340952787865845;5840;9.2043824579607545;5840;0.28691983619883643;5840;9.3713187047944579;5840;9.250160222174749
5850;118.91232032227546;5850;84.279915768913853;5850;9.2043824579607545;5850;0.28715704824976346;5850;9.36124759666738;5850;9.250160222174749
5860;118.82686849574267;5860;84.377574999237041;5860;9.1677602465895571;5860;0.28739426030069054;5860;9.3694875942258982;5860;9.250160222174749
5870;118.85128330332347;5870;84.328745384075447;5870;9.0945158238471624;5870;0.28767100769343878;5870;9.3670461134678185;5870;9.250160222174749
5880;118.85128330332347;5880;84.365367595446642;5880;9.0945158238471624;5880;0.28798729042800819;5880;9.3667409283730585;5880;9.250160222174749
5890;118.77803888058108;5890;84.426404614398635;5890;9.1921750541703542;5890;0.28826403782075649;5890;9.36002685628834;5890;9.250160222174749
5900;118.82686849574267;5900;84.353160191656244;5900;9.3630787072359389;5900;0.28854078521350468;5900;9.371013519699698;5900;9.250160222174749
5910;118.81466109195227;5910;84.353160191656244;5910;9.3752861110263375;5910;0.28881753260625292;5910;9.371013519699698;5910;9.250160222174749
5920;118.88790551469467;5920;84.426404614398635;5920;9.5217749565111234;5920;0.28905474465718;5920;9.36002685628834;5920;9.250160222174749
5930;118.85128330332347;5930;84.389782403027439;5930;9.4241157261879334;5930;0.28921288602446482;5930;9.3655201879940186;5930;9.250160222174749
5940;118.79024628437148;5940;84.377574999237041;5940;9.1677602465895571;5940;0.28948963341721307;5940;9.3716238898892179;5940;9.250160222174749
5950;118.71700186162909;5950;84.389782403027439;5950;9.13113803521836;5950;0.28976638080996131;5950;9.3697927793206581;5950;9.250160222174749
5960;118.79024628437148;5960;84.328745384075447;5960;9.1067232276375627;5960;0.29004312820270955;5960;9.36002685628834;5960;9.250160222174749
5970;118.6315500350963;5970;84.365367595446642;5970;9.0090639973143727;5970;0.29035941093727896;5970;9.3716238898892179;5970;9.250160222174749
5980;118.5949278237251;5980;84.46302682576983;5980;9.0945158238471624;5980;0.29063615833002721;5980;9.3676564836573384;5980;9.250160222174749
5990;118.77803888058108;5990;84.389782403027439;5990;9.1799676503799557;5990;0.29099197640641777;5990;9.3630787072359389;5990;9.250160222174749
6000;118.82686849574267;6000;84.292123172704251;6000;9.1433454390087583;6000;0.29122918845734486;6000;9.35972167119358;6000;9.250160222174749
6010;118.98556474501785;6010;84.328745384075447;6010;9.2043824579607545;6010;0.29154547119191426;6010;9.3688772240363782;6010;9.250160222174749
6020;118.91232032227546;6020;84.450819421979432;6020;9.2532120731223486;6020;0.2917826832428414;6020;9.371013519699698;6020;9.250160222174749
6030;118.77803888058108;6030;84.524063844721823;6030;9.2776268807031457;6030;0.29205943063558965;6030;9.36124759666738;6030;9.250160222174749
6040;118.66817224646749;6040;84.377574999237041;6040;9.2654194769127471;6040;0.29233617802833783;6040;9.3697927793206581;6040;9.250160222174749
6050;118.75362407300028;6050;84.30433057649465;6050;9.3020416882839445;6050;0.29249431939562254;6050;9.3734550004577777;6050;9.250160222174749
6060;118.70479445783869;6060;84.401989806817838;6060;9.33866389965514;6060;0.29285013747201316;6060;9.3697927793206581;6060;9.250160222174749
6070;118.88790551469467;6070;84.340952787865845;6070;9.24100466933195;6070;0.29312688486476141;6070;9.35911130100406;6070;9.250160222174749
6080;118.71700186162909;6080;84.292123172704251;6080;9.24100466933195;6080;0.29344316759933087;6080;9.3719290749839779;6080;9.250160222174749
6090;118.6193426313059;6090;84.377574999237041;6090;9.1921750541703542;6090;0.29371991499207906;6090;9.3676564836573384;6090;9.250160222174749
6100;118.82686849574267;6100;84.365367595446642;6100;9.1677602465895571;6100;0.29403619772664846;6100;9.36094241157262;6100;9.250160222174749
6110;118.81466109195227;6110;84.279915768913853;6110;9.0945158238471624;6110;0.29419433909393317;6110;9.3642994476149788;6110;9.250160222174749
6120;118.77803888058108;6120;84.340952787865845;6120;9.1067232276375627;6120;0.29447108648668147;6120;9.3700979644154181;6120;9.250160222174749
6130;118.77803888058108;6130;84.426404614398635;6130;9.1799676503799557;6130;0.29478736922125093;6130;9.3713187047944579;6130;9.250160222174749
6140;118.88790551469467;6140;84.438612018189033;6140;9.1921750541703542;6140;0.29506411661399917;6140;9.362773522141179;6140;9.250160222174749
6150;118.70479445783869;6150;84.475234229560229;6150;9.1433454390087583;6150;0.29534086400674736;6150;9.3704031495101781;6150;9.250160222174749
6160;118.71700186162909;6160;84.511856440931425;6160;9.1921750541703542;6160;0.29561761139949561;6160;9.3691824091311382;6160;9.250160222174749
6170;118.82686849574267;6170;84.46302682576983;6170;9.3264564958647416;6170;0.29597342947588617;6170;9.3676564836573384;6170;9.250160222174749
6180;118.86349070711387;6180;84.365367595446642;6180;9.2898342844935442;6180;0.29621064152681331;6180;9.35972167119358;6180;9.250160222174749
6190;118.87569811090427;6190;84.389782403027439;6190;9.2654194769127471;6190;0.29640831823591918;6190;9.3713187047944579;6190;9.250160222174749
6200;118.6193426313059;6200;84.450819421979432;6200;9.3020416882839445;6200;0.29668506562866742;6200;9.3713187047944579;6200;9.250160222174749
6210;118.6071352275155;6210;84.401989806817838;6210;9.2654194769127471;6210;0.29708041904687926;6210;9.362163151951659;6210;9.250160222174749
6220;118.64375743888669;6220;84.30433057649465;6220;9.1067232276375627;6220;0.29739670178144867;6220;9.3679616687520983;6220;9.250160222174749
6230;118.68037965025789;6230;84.340952787865845;6230;9.0578936124759668;6230;0.29759437849055453;6230;9.3734550004577777;6230;9.250160222174749
6240;118.68037965025789;6240;84.377574999237041;6240;9.1555528427991586;6240;0.29787112588330278;6240;9.3704031495101781;6240;9.250160222174749
6250;118.72920926541948;6250;84.487441633350628;6250;9.2776268807031457;6250;0.29818740861787218;6250;9.3618579668568991;6250;9.250160222174749
6260;118.77803888058108;6260;84.560686056093019;6260;9.24100466933195;6260;0.29846415601062043;6260;9.3728446302682578;6260;9.250160222174749
6270;118.87569811090427;6270;84.46302682576983;6270;9.24100466933195;6270;0.29862229737790513;6270;9.3679616687520983;6270;9.250160222174749
6280;118.85128330332347;6280;84.365367595446642;6280;9.3020416882839445;6280;0.2989781154542957;6280;9.3652150028992587;6280;9.250160222174749
6290;118.76583147679068;6290;84.340952787865845;6290;9.1921750541703542;6290;0.29929439818886516;6290;9.3630787072359389;6290;9.250160222174749
6300;118.71700186162909;6300;84.389782403027439;6300;9.1677602465895571;6300;0.29961068092343462;6300;9.3719290749839779;6300;9.250160222174749
6310;118.76583147679068;6310;84.389782403027439;6310;9.1921750541703542;6310;0.29980835763254049;6310;9.3713187047944579;6310;9.250160222174749
6320;118.91232032227546;6320;84.487441633350628;6320;9.1677602465895571;6320;0.3001246403671099;6320;9.36124759666738;6320;9.250160222174749
6330;118.85128330332347;6330;84.536271248512222;6330;9.2776268807031457;6330;0.3004409231016793;6330;9.3700979644154181;6330;9.250160222174749
6340;118.94894253364666;6340;84.46302682576983;6340;9.3997009186071363;6340;0.300599064468964;6340;9.3728446302682578;6340;9.250160222174749
6350;118.90011291848506;6350;84.377574999237041;6350;9.4241157261879334;6350;0.30087581186171231;6350;9.3697927793206581;6350;9.250160222174749
6360;118.90011291848506;6360;84.377574999237041;6360;9.2654194769127471;6360;0.30115255925446055;6360;9.35972167119358;6360;9.250160222174749
6370;118.82686849574267;6370;84.389782403027439;6370;9.0945158238471624;6370;0.30146884198902996;6370;9.3719290749839779;6370;9.250160222174749
6380;118.80245368816188;6380;84.377574999237041;6380;9.03347880489517;6380;0.30170605403995704;6380;9.3679616687520983;6380;9.250160222174749
6390;118.87569811090427;6390;84.426404614398635;6390;9.1067232276375627;6390;0.30206187211634772;6390;9.3642994476149788;6390;9.250160222174749
6400;118.76583147679068;6400;84.572893459883431;6400;9.2898342844935442;6400;0.30233861950909596;6400;9.36094241157262;6400;9.250160222174749
6410;118.80245368816188;6410;84.694967497787417;6410;9.2532120731223486;6410;0.30261536690184415;6410;9.3700979644154181;6410;9.250160222174749
6420;118.82686849574267;6420;84.597308267464228;6420;9.13113803521836;6420;0.30285257895277123;6420;9.3713187047944579;6420;9.250160222174749
6430;118.90011291848506;6430;84.487441633350628;6430;9.1921750541703542;6430;0.30312932634551948;6430;9.36002685628834;6430;9.250160222174749
6440;118.85128330332347;6440;84.426404614398635;6440;9.1677602465895571;6440;0.30336653839644656;6440;9.3679616687520983;6440;9.250160222174749
6450;118.94894253364666;6450;84.450819421979432;6450;9.1433454390087583;6450;0.30356421510555248;6450;9.3713187047944579;6450;9.250160222174749
6460;118.82686849574267;6460;84.438612018189033;6460;9.1555528427991586;6460;0.30395956852376421;6460;9.3679616687520983;6460;9.250160222174749
6470;118.80245368816188;6470;84.365367595446642;6470;9.0945158238471624;6470;0.30415724523287008;6470;9.35972167119358;6470;9.250160222174749
6480;118.90011291848506;6480;84.511856440931425;6480;9.1799676503799557;6480;0.30451306330926076;6480;9.3728446302682578;6480;9.250160222174749
6490;118.76583147679068;6490;84.572893459883431;6490;9.2532120731223486;6490;0.30471074001836662;6490;9.3722342600787378;6490;9.250160222174749
6500;118.81466109195227;6500;84.46302682576983;6500;9.24100466933195;6500;0.30510609343657841;6500;9.3652150028992587;6500;9.250160222174749
6510;118.94894253364666;6510;84.426404614398635;6510;9.1555528427991586;6510;0.30534330548750549;6510;9.3667409283730585;6510;9.250160222174749
6520;118.82686849574267;6520;84.511856440931425;6520;9.1677602465895571;6520;0.30558051753843252;6520;9.3746757408368175;6520;9.250160222174749
6530;118.6071352275155;6530;84.46302682576983;6530;9.2898342844935442;6530;0.30589680027300192;6530;9.3716238898892179;6530;9.250160222174749
6540;118.77803888058108;6540;84.536271248512222;6540;9.24100466933195;6540;0.306134012323929;6540;9.362468337046419;6540;9.250160222174749
6550;118.79024628437148;6550;84.658345286416221;6550;9.0945158238471624;6550;0.30641075971667725;6550;9.3728446302682578;6550;9.250160222174749
6560;118.81466109195227;6560;84.682760093997018;6560;9.0945158238471624;6560;0.30664797176760433;6560;9.3697927793206581;6560;9.250160222174749
6570;118.90011291848506;6570;84.646137882625823;6570;9.1799676503799557;6570;0.30696425450217379;6570;9.3673512985625784;6570;9.250160222174749
6580;118.94894253364666;6580;84.54847865230262;6580;9.0578936124759668;6580;0.3071223958694585;6580;9.36094241157262;6580;9.250160222174749
6590;118.97335734122746;6590;84.487441633350628;6590;9.0945158238471624;6590;0.30739914326220669;6590;9.3722342600787378;6590;9.250160222174749
6600;118.80245368816188;6600;84.426404614398635;6600;9.2654194769127471;6600;0.30763635531313377;6600;9.3700979644154181;6600;9.250160222174749
6610;118.91232032227546;6610;84.475234229560229;6610;9.2898342844935442;6610;0.30799217338952439;6610;9.36002685628834;6610;9.250160222174749
6620;118.92452772606586;6620;84.46302682576983;6620;9.3020416882839445;6620;0.30826892078227264;6620;9.3673512985625784;6620;9.250160222174749
6630;118.88790551469467;6630;84.450819421979432;6630;9.3020416882839445;6630;0.30854566817502083;6630;9.3740653706472976;6630;9.250160222174749
6640;119.04660176396985;6640;84.536271248512222;6640;9.1433454390087583;6640;0.30886195090959029;6640;9.3716238898892179;6640;9.250160222174749
6650;119.10763878292184;6650;84.438612018189033;6650;8.9724417859431753;6650;0.30909916296051732;6650;9.362468337046419;6650;9.250160222174749
6660;118.96114993743706;6660;84.450819421979432;6660;9.0578936124759668;6660;0.30945498103690805;6660;9.3734550004577777;6660;9.250160222174749
6670;118.92452772606586;6670;84.487441633350628;6670;9.0945158238471624;6670;0.30969219308783513;6670;9.3700979644154181;6670;9.250160222174749
6680;118.96114993743706;6680;84.487441633350628;6680;9.1555528427991586;6680;0.31000847582240454;6680;9.3652150028992587;6680;9.250160222174749
6690;118.86349070711387;6690;84.487441633350628;6690;9.2776268807031457;6690;0.31028522321515278;6690;9.36124759666738;6690;9.250160222174749
6700;118.77803888058108;6700;84.54847865230262;6700;9.2898342844935442;6700;0.31060150594972219;6700;9.3716238898892179;6700;9.250160222174749
6710;118.85128330332347;6710;84.646137882625823;6710;9.2287972655415516;6710;0.31083871800064927;6710;9.3704031495101781;6710;9.250160222174749
6720;118.94894253364666;6720;84.54847865230262;6720;9.2532120731223486;6720;0.31115500073521868;6720;9.36124759666738;6720;9.250160222174749
6730;118.72920926541948;6730;84.524063844721823;6730;9.2776268807031457;6730;0.31147128346978808;6730;9.3691824091311382;6730;9.250160222174749
6740;118.71700186162909;6740;84.560686056093019;6740;9.2043824579607545;6740;0.31170849552071511;6740;9.3697927793206581;6740;9.250160222174749
6750;118.87569811090427;6750;84.621723075045026;6750;9.1067232276375627;6750;0.31186663688799987;6750;9.3682668538468583;6750;9.250160222174749
6760;118.94894253364666;6760;84.707174901577815;6760;9.2043824579607545;6760;0.31210384893892695;6760;9.3588061159093;6760;9.250160222174749
6770;118.96114993743706;6770;84.719382305368214;6770;9.3020416882839445;6770;0.31245966701531758;6770;9.3719290749839779;6770;9.250160222174749
6780;118.98556474501785;6780;84.633930478835424;6780;9.24100466933195;6780;0.31269687906624466;6780;9.371013519699698;6780;9.250160222174749
6790;118.99777214880825;6790;84.560686056093019;6790;9.1799676503799557;6790;0.31297362645899285;6790;9.362773522141179;6790;9.250160222174749
6800;118.87569811090427;6800;84.572893459883431;6800;9.1677602465895571;6800;0.31325037385174109;6800;9.3642994476149788;6800;9.250160222174749
6810;118.87569811090427;6810;84.633930478835424;6810;9.2532120731223486;6810;0.31352712124448939;6810;9.3725394451734978;6810;9.250160222174749
6820;118.90011291848506;6820;84.707174901577815;6820;9.1555528427991586;6820;0.31380386863723758;6820;9.3704031495101781;6820;9.250160222174749
6830;118.88790551469467;6830;84.633930478835424;6830;9.2287972655415516;6830;0.31408061602998583;6830;9.3603320413831;6830;9.250160222174749
6840;118.80245368816188;6840;84.524063844721823;6840;9.2287972655415516;6840;0.31431782808091291;6840;9.3704031495101781;6840;9.250160222174749
6850;118.82686849574267;6850;84.621723075045026;6850;9.1799676503799557;6850;0.31451550479001883;6850;9.3676564836573384;6850;9.250160222174749
6860;118.90011291848506;6860;84.682760093997018;6860;9.3264564958647416;6860;0.31483178752458824;6860;9.3649098178044987;6860;9.250160222174749
6870;118.86349070711387;6870;84.597308267464228;6870;9.2776268807031457;6870;0.31510853491733648;6870;9.36094241157262;6870;9.250160222174749
6880;118.86349070711387;6880;84.597308267464228;6880;9.1921750541703542;6880;0.31550388833554827;6880;9.3734550004577777;6880;9.250160222174749
6890;118.85128330332347;6890;84.658345286416221;6890;9.0701010162663653;6890;0.31566202970283297;6890;9.3700979644154181;6890;9.250160222174749
6900;118.92452772606586;6900;84.694967497787417;6900;8.9968565935239724;6900;0.31597831243740238;6900;9.36124759666738;6900;9.250160222174749
6910;118.87569811090427;6910;84.719382305368214;6910;9.0701010162663653;6910;0.31629459517197178;6910;9.3670461134678185;6910;9.250160222174749
6920;118.81466109195227;6920;84.768211920529808;6920;9.1921750541703542;6920;0.31657134256472;6920;9.3713187047944579;6920;9.250160222174749
6930;118.75362407300028;6930;84.694967497787417;6930;9.13113803521836;6930;0.31680855461564711;6930;9.3694875942258982;6930;9.250160222174749
6940;118.87569811090427;6940;84.694967497787417;6940;9.1433454390087583;6940;0.31704576666657419;6940;9.3603320413831;6940;9.250160222174749
6950;118.92452772606586;6950;84.646137882625823;6950;9.3020416882839445;6950;0.3173620494011436;6950;9.3716238898892179;6950;9.250160222174749
6960;118.96114993743706;6960;84.621723075045026;6960;9.2043824579607545;6960;0.31759926145207068;6960;9.3704031495101781;6960;9.250160222174749
6970;118.98556474501785;6970;84.8292489394818;6970;9.1677602465895571;6970;0.31791554418664009;6970;9.3667409283730585;6970;9.250160222174749
6980;118.88790551469467;6980;84.8170415356914;6980;9.13113803521836;6980;0.31819229157938833;6980;9.3633838923306989;6980;9.250160222174749
6990;118.88790551469467;6990;84.707174901577815;6990;9.0823084200567639;6990;0.31850857431395774;6990;9.3722342600787378;6990;9.250160222174749
7000;118.86349070711387;7000;84.719382305368214;7000;9.1677602465895571;7000;0.31870625102306366;7000;9.3691824091311382;7000;9.250160222174749
7010;118.86349070711387;7010;84.743797112949011;7010;9.13113803521836;7010;0.3189829984158119;7010;9.36063722647786;7010;9.250160222174749
7020;118.91232032227546;7020;84.694967497787417;7020;9.1555528427991586;7020;0.31925974580856015;7020;9.3682668538468583;7020;9.250160222174749
7030;119.07101657155064;7030;84.658345286416221;7030;9.33866389965514;7030;0.31949695785948717;7030;9.3697927793206581;7030;9.250160222174749
7040;118.98556474501785;7040;84.646137882625823;7040;9.4485305337687322;7040;0.31977370525223547;7040;9.3688772240363782;7040;9.250160222174749
7050;118.88790551469467;7050;84.621723075045026;7050;9.3752861110263375;7050;0.32001091730316256;7050;9.35911130100406;7050;9.250160222174749
7060;118.94894253364666;7060;84.646137882625823;7060;9.2654194769127471;7060;0.32036673537955312;7060;9.3725394451734978;7060;9.250160222174749
7070;118.87569811090427;7070;84.682760093997018;7070;9.3020416882839445;7070;0.32068301811412253;7070;9.3713187047944579;7070;9.250160222174749
7080;118.88790551469467;7080;84.694967497787417;7080;9.2776268807031457;7080;0.32088069482322845;7080;9.362773522141179;7080;9.250160222174749
EOF
