Name;Scope Project1;
File;C:\Users\Tobno\Desktop\VentilDeadband\JibNed\-17-4prosent.csv;
Starttime of export;134214165511700000;torsdag 23. april 2026;13:15:51.170
Endtime of export;134214165650936936;torsdag 23. april 2026;13:16:05.093


Name;fPresSupply_bar;Name;fPres1A_bar;Name;fPres1B_bar;Name;fCylinder1_mm;Name;fValve1_V;Name;fSensor1_V

0;153.01980651264992;0;0.28077028717917418;0;85.024567400128177;0;756.44155566714846;0;4.1300698873867;0;4.1926328318124941
10;152.99539170506912;10;0.26856288338877532;10;84.902493362224192;10;756.44155566714846;10;4.1300698873867;10;4.1932432020020141
20;153.06863612781152;20;0.26856288338877532;20;84.91470076601459;20;756.48109100896966;20;4.1300698873867;20;4.1969054231391336
30;153.06863612781152;30;0.26856288338877532;30;84.91470076601459;30;756.52062635079085;30;4.1300698873867;30;4.1926328318124941
40;153.04422132023072;40;0.28077028717917418;40;84.963530381176184;40;756.48109100896966;40;4.1300698873867;40;4.1947691274758139
50;152.98318430127873;50;0.26856288338877532;50;84.902493362224192;50;756.48109100896966;50;4.1300698873867;50;4.1926328318124941
60;152.98318430127873;60;0.24414807580797754;60;84.8902859584338;60;756.44155566714846;60;4.1300698873867;60;4.1944639423810539
70;152.94656208990753;70;0.23194067201757868;70;85.036774803918576;70;756.40202032532738;70;4.1300698873867;70;4.1904965361491744
80;153.08084353160191;80;0.26856288338877532;80;85.122226630451365;80;756.44155566714846;80;4.1300698873867;80;4.1944639423810539
90;153.10525833918271;90;0.28077028717917418;90;85.097811822870568;90;756.44155566714846;90;4.1300698873867;90;4.1956846827600938
100;152.97097689748833;100;0.24414807580797754;100;85.012359996337779;100;756.44155566714846;100;4.1300698873867;100;4.1923276467177342
110;152.98318430127873;110;0.26856288338877532;110;85.207678456984155;110;756.48109100896966;110;4.1300698873867;110;4.1947691274758139
120;152.97097689748833;120;0.26856288338877532;120;85.183263649403358;120;756.48109100896966;120;4.1300698873867;120;4.1923276467177342
130;153.06863612781152;130;0.26856288338877532;130;85.293130283516945;130;756.560161692612;130;4.1300698873867;130;4.1947691274758139
140;153.10525833918271;140;0.26856288338877532;140;85.293130283516945;140;756.52062635079085;140;4.1300698873867;140;4.1929380169072541
150;152.97097689748833;150;0.28077028717917418;150;85.219885860774554;150;756.48109100896966;150;4.1300698873867;150;4.1972106082338936
160;152.83669545579394;160;0.28077028717917418;160;85.256508072145749;160;756.44155566714846;160;4.1300698873867;160;4.193853572191534
170;153.04422132023072;170;0.24414807580797754;170;85.293130283516945;170;756.48109100896966;170;4.1300698873867;170;4.1926328318124941
180;153.08084353160191;180;0.28077028717917418;180;85.32975249488814;180;756.48109100896966;180;4.1300698873867;180;4.1911069063386943
190;153.01980651264992;190;0.28077028717917418;190;85.207678456984155;190;756.44155566714846;190;4.1300698873867;190;4.1923276467177342
200;153.08084353160191;200;0.24414807580797754;200;85.195471053193756;200;756.44155566714846;200;4.1300698873867;200;4.1953794976653338
210;153.04422132023072;210;0.24414807580797754;210;85.195471053193756;210;756.44155566714846;210;4.1300698873867;210;4.1929380169072541
220;153.11746574297311;220;0.28077028717917418;220;85.354167302468952;220;756.44155566714846;220;4.1300698873867;220;4.1956846827600938
230;153.05642872402112;230;0.26856288338877532;230;85.390789513840147;230;756.40202032532738;230;4.1300698873867;230;4.1929380169072541
240;152.95876949369793;240;0.26856288338877532;240;85.427411725211343;240;756.44155566714846;240;4.1300698873867;240;4.1944639423810539
250;152.95876949369793;250;0.24414807580797754;250;85.378582110049749;250;756.44155566714846;250;4.1300698873867;250;4.1914120914334543
260;153.05642872402112;260;0.26856288338877532;260;85.36637470625935;260;756.44155566714846;260;4.1300698873867;260;4.1972106082338936
270;152.99539170506912;270;0.26856288338877532;270;85.464033936582538;270;756.48109100896966;270;4.1300698873867;270;4.1950743125705738
280;153.04422132023072;280;0.24414807580797754;280;85.464033936582538;280;756.44155566714846;280;4.1300698873867;280;4.1914120914334543
290;153.1662953581347;290;0.24414807580797754;290;85.415204321420944;290;756.48109100896966;290;4.1300698873867;290;4.193853572191534
300;153.11746574297311;300;0.24414807580797754;300;85.280922879726546;300;756.44155566714846;300;4.1300698873867;300;4.1929380169072541
310;152.98318430127873;310;0.24414807580797754;310;85.415204321420944;310;756.48109100896966;310;4.1300698873867;310;4.1959898678548537
320;152.98318430127873;320;0.24414807580797754;320;85.500656147953734;320;756.48109100896966;320;4.1300698873867;320;4.1947691274758139
330;153.06863612781152;330;0.26856288338877532;330;85.549485763115328;330;756.44155566714846;330;4.1300698873867;330;4.1969054231391336
340;153.00759910885952;340;0.24414807580797754;340;85.488448744163335;340;756.44155566714846;340;4.1300698873867;340;4.1932432020020141
350;153.08084353160191;350;0.24414807580797754;350;85.573900570696125;350;756.44155566714846;350;4.1300698873867;350;4.1959898678548537
360;153.04422132023072;360;0.26856288338877532;360;85.561693166905727;360;756.44155566714846;360;4.1300698873867;360;4.1932432020020141
370;153.00759910885952;370;0.24414807580797754;370;85.525070955534531;370;756.40202032532738;370;4.1300698873867;370;4.1947691274758139
380;153.05642872402112;380;0.24414807580797754;380;85.561693166905727;380;756.40202032532738;380;4.1300698873867;380;4.1966002380443737
390;153.09305093539231;390;0.23194067201757868;390;85.586107974486524;390;756.322949641685;390;4.1300698873867;390;4.193548387096774
400;153.04422132023072;400;0.26856288338877532;400;85.757011627552131;400;756.322949641685;400;4.1300698873867;400;4.1950743125705738
410;153.11746574297311;410;0.28077028717917418;410;85.69597460860011;410;756.40202032532738;410;4.1300698873867;410;4.1944639423810539
420;153.1785027619251;420;0.28077028717917418;420;85.757011627552131;420;756.44155566714846;420;4.1300698873867;420;4.1978209784234135
430;153.06863612781152;430;0.26856288338877532;430;85.610522782067321;430;756.44155566714846;430;4.1300698873867;430;4.1944639423810539
440;153.04422132023072;440;0.26856288338877532;440;85.647144993438516;440;756.48109100896966;440;4.1300698873867;440;4.1959898678548537
450;152.95876949369793;450;0.26856288338877532;450;85.744804223761733;450;756.48109100896966;450;4.1300698873867;450;4.193548387096774
460;152.97097689748833;460;0.24414807580797754;460;85.683767204809712;460;756.44155566714846;460;4.1300698873867;460;4.1956846827600938
470;153.04422132023072;470;0.26856288338877532;470;85.69597460860011;470;756.48109100896966;470;4.1300698873867;470;4.1932432020020141
480;153.14188055055391;480;0.26856288338877532;480;85.659352397228915;480;756.44155566714846;480;4.1300698873867;480;4.1929380169072541
490;153.05642872402112;490;0.28077028717917418;490;85.757011627552131;490;756.44155566714846;490;4.1300698873867;490;4.1947691274758139
500;153.11746574297311;500;0.26856288338877532;500;85.708182012390509;500;756.48109100896966;500;4.1300698873867;500;4.1947691274758139
510;153.1662953581347;510;0.26856288338877532;510;85.781426435132929;510;756.48109100896966;510;4.1300698873867;510;4.1956846827600938
520;153.00759910885952;520;0.28077028717917418;520;85.781426435132929;520;756.40202032532738;520;4.1300698873867;520;4.193548387096774
530;152.95876949369793;530;0.26856288338877532;530;85.757011627552131;530;756.40202032532738;530;4.1300698873867;530;4.1984313486129334
540;152.86111026337474;540;0.23194067201757868;540;85.744804223761733;540;756.44155566714846;540;4.1300698873867;540;4.1947691274758139
550;152.94656208990753;550;0.23194067201757868;550;85.757011627552131;550;756.48109100896966;550;4.1300698873867;550;4.193548387096774
560;153.04422132023072;560;0.24414807580797754;560;85.952330088198508;560;756.48109100896966;560;4.1300698873867;560;4.1932432020020141
570;153.14188055055391;570;0.24414807580797754;570;85.903500473036914;570;756.52062635079085;570;4.1300698873867;570;4.1978209784234135
580;152.99539170506912;580;0.26856288338877532;580;85.69597460860011;580;756.52062635079085;580;4.1300698873867;580;4.193548387096774
590;153.00759910885952;590;0.26856288338877532;590;85.757011627552131;590;756.48109100896966;590;4.1300698873867;590;4.1932432020020141
600;153.14188055055391;600;0.29297769096957305;600;85.9767448957793;600;756.44155566714846;600;4.1300698873867;600;4.1981261635181735
610;153.09305093539231;610;0.28077028717917418;610;85.940122684408109;610;756.40202032532738;610;4.1300698873867;610;4.1947691274758139
620;153.10525833918271;620;0.26856288338877532;620;86.0133671071505;620;756.44155566714846;620;4.1300698873867;620;4.193548387096774
630;153.05642872402112;630;0.26856288338877532;630;86.0011597033601;630;756.44155566714846;630;4.1300698873867;630;4.1932432020020141
640;152.97097689748833;640;0.26856288338877532;640;85.891293069246515;640;756.48109100896966;640;4.1300698873867;640;4.2002624591814932
650;152.97097689748833;650;0.26856288338877532;650;85.781426435132929;650;756.48109100896966;650;4.1300698873867;650;4.1966002380443737
660;153.01980651264992;660;0.26856288338877532;660;85.818048646504124;660;756.44155566714846;660;4.1300698873867;660;4.1947691274758139
670;152.90993987853633;670;0.26856288338877532;670;85.9889522995697;670;756.44155566714846;670;4.1300698873867;670;4.1923276467177342
680;152.92214728232673;680;0.24414807580797754;680;85.940122684408109;680;756.44155566714846;680;4.1300698873867;680;4.1981261635181735
690;152.90993987853633;690;0.26856288338877532;690;86.0011597033601;690;756.48109100896966;690;4.1300698873867;690;4.1975157933286535
700;152.97097689748833;700;0.26856288338877532;700;86.0377819147313;700;756.44155566714846;700;4.1300698873867;700;4.1904965361491744
710;153.10525833918271;710;0.24414807580797754;710;86.0133671071505;710;756.48109100896966;710;4.1300698873867;710;4.1966002380443737
720;153.08084353160191;720;0.24414807580797754;720;85.952330088198508;720;756.44155566714846;720;4.1300698873867;720;4.1972106082338936
730;153.01980651264992;730;0.26856288338877532;730;86.09881893368329;730;756.44155566714846;730;4.1300698873867;730;4.1972106082338936
740;153.06863612781152;740;0.24414807580797754;740;86.147648548844884;740;756.52062635079085;740;4.1300698873867;740;4.1926328318124941
750;153.11746574297311;750;0.24414807580797754;750;86.135441145054486;750;756.48109100896966;750;4.1300698873867;750;4.1969054231391336
760;152.88552507095554;760;0.26856288338877532;760;86.196478164006479;760;756.40202032532738;760;4.1300698873867;760;4.193548387096774
770;152.90993987853633;770;0.24414807580797754;770;86.18427076021608;770;756.40202032532738;770;4.1300698873867;770;4.1944639423810539
780;152.99539170506912;780;0.26856288338877532;780;86.196478164006479;780;756.48109100896966;780;4.1300698873867;780;4.1956846827600938
790;153.04422132023072;790;0.28077028717917418;790;86.135441145054486;790;756.40202032532738;790;4.1300698873867;790;4.1959898678548537
800;152.99539170506912;800;0.29297769096957305;800;86.245307779168073;800;756.40202032532738;800;4.1300698873867;800;4.1950743125705738
810;152.98318430127873;810;0.26856288338877532;810;86.18427076021608;810;756.44155566714846;810;4.1300698873867;810;4.1923276467177342
820;153.08084353160191;820;0.28077028717917418;820;86.26972258674887;820;756.44155566714846;820;4.1300698873867;820;4.1990417188024534
830;152.92214728232673;830;0.26856288338877532;830;86.208685567796877;830;756.44155566714846;830;4.1300698873867;830;4.1959898678548537
840;152.95876949369793;840;0.24414807580797754;840;86.0744041261025;840;756.44155566714846;840;4.1300698873867;840;4.1929380169072541
850;152.99539170506912;850;0.24414807580797754;850;86.086611529892892;850;756.40202032532738;850;4.1300698873867;850;4.1901913510544144
860;153.11746574297311;860;0.26856288338877532;860;86.18427076021608;860;756.322949641685;860;4.1300698873867;860;4.1981261635181735
870;153.06863612781152;870;0.28077028717917418;870;86.294137394329667;870;756.44155566714846;870;4.1300698873867;870;4.1950743125705738
880;152.97097689748833;880;0.26856288338877532;880;86.257515182958471;880;756.44155566714846;880;4.1300698873867;880;4.1908017212439344
890;153.00759910885952;890;0.24414807580797754;890;86.465041047395246;890;756.44155566714846;890;4.1300698873867;890;4.1953794976653338
900;153.00759910885952;900;0.24414807580797754;900;86.404004028443254;900;756.44155566714846;900;4.1300698873867;900;4.1959898678548537
910;152.97097689748833;910;0.26856288338877532;910;86.391796624652855;910;756.44155566714846;910;4.1300698873867;910;4.1947691274758139
920;152.97097689748833;920;0.24414807580797754;920;86.391796624652855;920;756.44155566714846;920;4.1300698873867;920;4.1920224616229742
930;153.09305093539231;930;0.28077028717917418;930;86.501663258766442;930;756.48109100896966;930;4.1300698873867;930;4.1993469038972133
940;153.05642872402112;940;0.26856288338877532;940;86.501663258766442;940;756.44155566714846;940;4.1300698873867;940;4.1956846827600938
950;153.08084353160191;950;0.26856288338877532;950;86.404004028443254;950;756.40202032532738;950;4.1300698873867;950;4.1920224616229742
960;152.97097689748833;960;0.28077028717917418;960;86.452833643604848;960;756.40202032532738;960;4.1300698873867;960;4.1904965361491744
970;152.94656208990753;970;0.24414807580797754;970;86.379589220862457;970;756.44155566714846;970;4.1300698873867;970;4.1978209784234135
980;152.90993987853633;980;0.26856288338877532;980;86.465041047395246;980;756.48109100896966;980;4.1300698873867;980;4.1959898678548537
990;153.01980651264992;990;0.26856288338877532;990;86.452833643604848;990;756.44155566714846;990;4.1300698873867;990;4.1908017212439344
1000;153.11746574297311;1000;0.24414807580797754;1000;86.562700277718434;1000;756.44155566714846;1000;4.1300698873867;1000;4.1972106082338936
1010;153.00759910885952;1010;0.24414807580797754;1010;86.452833643604848;1010;756.40202032532738;1010;4.1300698873867;1010;4.1956846827600938
1020;152.95876949369793;1020;0.26856288338877532;1020;86.538285470137637;1020;756.322949641685;1020;4.1300698873867;1020;4.1929380169072541
1030;152.95876949369793;1030;0.24414807580797754;1030;86.660359508041623;1030;756.40202032532738;1030;4.1300698873867;1030;4.1892757957701345
1040;153.04422132023072;1040;0.24414807580797754;1040;86.623737296670427;1040;756.44155566714846;1040;4.1300698873867;1040;4.1993469038972133
1050;152.87331766716514;1050;0.26856288338877532;1050;86.562700277718434;1050;756.44155566714846;1050;4.1300698873867;1050;4.1969054231391336
1060;153.10525833918271;1060;0.26856288338877532;1060;86.648152104251224;1060;756.44155566714846;1060;4.1300698873867;1060;4.1911069063386943
1070;153.28836939603869;1070;0.26856288338877532;1070;86.794640949736;1070;756.52062635079085;1070;4.1300698873867;1070;4.1914120914334543
1080;153.04422132023072;1080;0.24414807580797754;1080;86.672566911832021;1080;756.48109100896966;1080;4.1300698873867;1080;4.1959898678548537
1090;152.98318430127873;1090;0.28077028717917418;1090;86.8190557573168;1090;756.44155566714846;1090;4.1300698873867;1090;4.1956846827600938
1100;153.01980651264992;1100;0.24414807580797754;1100;86.855677968688;1100;756.40202032532738;1100;4.1300698873867;1100;4.1911069063386943
1110;153.06863612781152;1110;0.24414807580797754;1110;86.8678853724784;1110;756.48109100896966;1110;4.1300698873867;1110;4.1975157933286535
1120;152.88552507095554;1120;0.24414807580797754;1120;86.8312631611072;1120;756.44155566714846;1120;4.1300698873867;1120;4.1947691274758139
1130;152.89773247474594;1130;0.23194067201757868;1130;86.794640949736;1130;756.44155566714846;1130;4.1300698873867;1130;4.1929380169072541
1140;153.06863612781152;1140;0.26856288338877532;1140;86.855677968688;1140;756.48109100896966;1140;4.1300698873867;1140;4.1892757957701345
1150;153.08084353160191;1150;0.26856288338877532;1150;86.8434705648976;1150;756.48109100896966;1150;4.1300698873867;1150;4.1984313486129334
1160;152.92214728232673;1160;0.26856288338877532;1160;86.8190557573168;1160;756.52062635079085;1160;4.1300698873867;1160;4.1969054231391336
1170;153.01980651264992;1170;0.26856288338877532;1170;86.941129795220789;1170;756.44155566714846;1170;4.1300698873867;1170;4.1901913510544144
1180;153.14188055055391;1180;0.28077028717917418;1180;87.002166814172782;1180;756.40202032532738;1180;4.1300698873867;1180;4.1929380169072541
1190;153.00759910885952;1190;0.28077028717917418;1190;86.9045075838496;1190;756.40202032532738;1190;4.1300698873867;1190;4.1953794976653338
1200;152.97097689748833;1200;0.28077028717917418;1200;86.8800927762688;1200;756.40202032532738;1200;4.1300698873867;1200;4.1950743125705738
1210;152.97097689748833;1210;0.28077028717917418;1210;86.941129795220789;1210;756.322949641685;1210;4.1300698873867;1210;4.1908017212439344
1220;153.14188055055391;1220;0.29297769096957305;1220;87.038789025543977;1220;756.40202032532738;1220;4.1300698873867;1220;4.1978209784234135
1230;152.98318430127873;1230;0.28077028717917418;1230;87.01437421796318;1230;756.40202032532738;1230;4.1300698873867;1230;4.1950743125705738
1240;152.97097689748833;1240;0.29297769096957305;1240;87.063203833124774;1240;756.40202032532738;1240;4.1300698873867;1240;4.1920224616229742
1250;153.04422132023072;1250;0.29297769096957305;1250;87.075411236915173;1250;756.40202032532738;1250;4.1300698873867;1250;4.1901913510544144
1260;153.14188055055391;1260;0.28077028717917418;1260;86.977752006591984;1260;756.322949641685;1260;4.1300698873867;1260;4.1966002380443737
1270;152.98318430127873;1270;0.29297769096957305;1270;87.09982604449597;1270;756.44155566714846;1270;4.1300698873867;1270;4.1947691274758139
1280;152.95876949369793;1280;0.24414807580797754;1280;87.038789025543977;1280;756.40202032532738;1280;4.1300698873867;1280;4.1914120914334543
1290;153.1785027619251;1290;0.26856288338877532;1290;87.01437421796318;1290;756.40202032532738;1290;4.1300698873867;1290;4.1969054231391336
1300;153.04422132023072;1300;0.26856288338877532;1300;86.92892239143039;1300;756.40202032532738;1300;4.1300698873867;1300;4.1929380169072541
1310;152.87331766716514;1310;0.23194067201757868;1310;87.112033448286368;1310;756.322949641685;1310;4.1300698873867;1310;4.1914120914334543
1320;152.95876949369793;1320;0.24414807580797754;1320;87.209692678609557;1320;756.28341429986381;1320;4.1300698873867;1320;4.1901913510544144
1330;153.08084353160191;1330;0.26856288338877532;1330;87.197485274819158;1330;756.322949641685;1330;4.1300698873867;1330;4.1981261635181735
1340;152.99539170506912;1340;0.24414807580797754;1340;87.221900082399955;1340;756.44155566714846;1340;4.1300698873867;1340;4.1950743125705738
1350;153.09305093539231;1350;0.24414807580797754;1350;87.160863063447962;1350;756.44155566714846;1350;4.1300698873867;1350;4.1914120914334543
1360;153.08084353160191;1360;0.26856288338877532;1360;87.197485274819158;1360;756.44155566714846;1360;4.1300698873867;1360;4.1908017212439344
1370;152.99539170506912;1370;0.26856288338877532;1370;87.136448255867165;1370;756.40202032532738;1370;4.1300698873867;1370;4.1969054231391336
1380;152.95876949369793;1380;0.26856288338877532;1380;87.307351908932773;1380;756.44155566714846;1380;4.1300698873867;1380;4.1969054231391336
1390;152.97097689748833;1390;0.24414807580797754;1390;87.33176671651357;1390;756.44155566714846;1390;4.1300698873867;1390;4.1898861659596545
1400;153.11746574297311;1400;0.26856288338877532;1400;87.392803735465563;1400;756.44155566714846;1400;4.1300698873867;1400;4.1956846827600938
1410;153.09305093539231;1410;0.26856288338877532;1410;87.392803735465563;1410;756.40202032532738;1410;4.1300698873867;1410;4.1947691274758139
1420;153.05642872402112;1420;0.26856288338877532;1420;87.41721854304636;1420;756.40202032532738;1420;4.1300698873867;1420;4.1932432020020141
1430;152.97097689748833;1430;0.26856288338877532;1430;87.405011139255961;1430;756.40202032532738;1430;4.1300698873867;1430;4.1892757957701345
1440;152.99539170506912;1440;0.26856288338877532;1440;87.197485274819158;1440;756.322949641685;1440;4.1300698873867;1440;4.1978209784234135
1450;153.00759910885952;1450;0.24414807580797754;1450;87.221900082399955;1450;756.322949641685;1450;4.1300698873867;1450;4.1947691274758139
1460;153.00759910885952;1460;0.26856288338877532;1460;87.295144505142346;1460;756.28341429986381;1460;4.1300698873867;1460;4.1892757957701345
1470;153.08084353160191;1470;0.28077028717917418;1470;87.490462965788751;1470;756.322949641685;1470;4.1300698873867;1470;4.1926328318124941
1480;153.11746574297311;1480;0.26856288338877532;1480;87.527085177159947;1480;756.322949641685;1480;4.1300698873867;1480;4.1953794976653338
1490;153.06863612781152;1490;0.28077028717917418;1490;87.453840754417556;1490;756.40202032532738;1490;4.1300698873867;1490;4.1950743125705738
1500;153.05642872402112;1500;0.28077028717917418;1500;87.33176671651357;1500;756.40202032532738;1500;4.1300698873867;1500;4.1898861659596545
1510;153.01980651264992;1510;0.28077028717917418;1510;87.33176671651357;1510;756.40202032532738;1510;4.1300698873867;1510;4.1956846827600938
1520;152.95876949369793;1520;0.26856288338877532;1520;87.33176671651357;1520;756.40202032532738;1520;4.1300698873867;1520;4.193548387096774
1530;152.98318430127873;1530;0.26856288338877532;1530;87.514877773369548;1530;756.40202032532738;1530;4.1300698873867;1530;4.1911069063386943
1540;152.94656208990753;1540;0.24414807580797754;1540;87.563707388531142;1540;756.40202032532738;1540;4.1300698873867;1540;4.1877498702963347
1550;152.90993987853633;1550;0.23194067201757868;1550;87.490462965788751;1550;756.40202032532738;1550;4.1300698873867;1550;4.1956846827600938
1560;152.83669545579394;1560;0.24414807580797754;1560;87.50267036957915;1560;756.40202032532738;1560;4.1300698873867;1560;4.1950743125705738
1570;152.99539170506912;1570;0.24414807580797754;1570;87.50267036957915;1570;756.40202032532738;1570;4.1300698873867;1570;4.1886654255806146
1580;153.08084353160191;1580;0.26856288338877532;1580;87.685781426435128;1580;756.44155566714846;1580;4.1300698873867;1580;4.193548387096774
1590;152.97097689748833;1590;0.26856288338877532;1590;87.527085177159947;1590;756.40202032532738;1590;4.1300698873867;1590;4.1947691274758139
1600;153.01980651264992;1600;0.26856288338877532;1600;87.649159215063932;1600;756.44155566714846;1600;4.1300698873867;1600;4.193853572191534
1610;152.99539170506912;1610;0.24414807580797754;1610;87.697988830225555;1610;756.48109100896966;1610;4.1300698873867;1610;4.1898861659596545
1620;153.1662953581347;1620;0.24414807580797754;1620;87.636951811273534;1620;756.44155566714846;1620;4.1300698873867;1620;4.1956846827600938
1630;153.14188055055391;1630;0.26856288338877532;1630;87.697988830225555;1630;756.40202032532738;1630;4.1300698873867;1630;4.1932432020020141
1640;153.05642872402112;1640;0.26856288338877532;1640;87.759025849177547;1640;756.40202032532738;1640;4.1300698873867;1640;4.1904965361491744
1650;153.01980651264992;1650;0.24414807580797754;1650;87.73461104159675;1650;756.44155566714846;1650;4.1300698873867;1650;4.1892757957701345
1660;153.09305093539231;1660;0.23194067201757868;1660;87.636951811273534;1660;756.40202032532738;1660;4.1300698873867;1660;4.1956846827600938
1670;153.05642872402112;1670;0.26856288338877532;1670;87.73461104159675;1670;756.44155566714846;1670;4.1300698873867;1670;4.1947691274758139
1680;152.94656208990753;1680;0.28077028717917418;1680;87.710196234015953;1680;756.40202032532738;1680;4.1300698873867;1680;4.1898861659596545
1690;153.08084353160191;1690;0.29297769096957305;1690;87.759025849177547;1690;756.28341429986381;1690;4.1300698873867;1690;4.1959898678548537
1700;153.08084353160191;1700;0.26856288338877532;1700;87.710196234015953;1700;756.28341429986381;1700;4.1300698873867;1700;4.1929380169072541
1710;152.92214728232673;1710;0.26856288338877532;1710;87.90551469466233;1710;756.44155566714846;1710;4.1300698873867;1710;4.1904965361491744
1720;152.94656208990753;1720;0.28077028717917418;1720;87.978759117404721;1720;756.40202032532738;1720;4.1300698873867;1720;4.1880550553910947
1730;153.00759910885952;1730;0.28077028717917418;1730;87.807855464339141;1730;756.322949641685;1730;4.1300698873867;1730;4.1978209784234135
1740;152.94656208990753;1740;0.28077028717917418;1740;87.82006286812954;1740;756.322949641685;1740;4.1300698873867;1740;4.193853572191534
1750;153.06863612781152;1750;0.26856288338877532;1750;87.90551469466233;1750;756.28341429986381;1750;4.1300698873867;1750;4.1892757957701345
1760;153.11746574297311;1760;0.26856288338877532;1760;87.990966521195119;1760;756.44155566714846;1760;4.1300698873867;1760;4.1923276467177342
1770;153.11746574297311;1770;0.26856288338877532;1770;87.82006286812954;1770;756.40202032532738;1770;4.1300698873867;1770;4.1929380169072541
1780;152.94656208990753;1780;0.26856288338877532;1780;87.856685079500735;1780;756.44155566714846;1780;4.1300698873867;1780;4.1920224616229742
1790;152.88552507095554;1790;0.24414807580797754;1790;87.978759117404721;1790;756.48109100896966;1790;4.1300698873867;1790;4.1898861659596545
1800;153.08084353160191;1800;0.26856288338877532;1800;88.015381328775916;1800;756.44155566714846;1800;4.1300698873867;1800;4.1972106082338936
1810;152.97097689748833;1810;0.26856288338877532;1810;88.027588732566315;1810;756.322949641685;1810;4.1300698873867;1810;4.193853572191534
1820;152.99539170506912;1820;0.28077028717917418;1820;88.088625751518308;1820;756.322949641685;1820;4.1300698873867;1820;4.1914120914334543
1830;153.01980651264992;1830;0.28077028717917418;1830;88.1252479628895;1830;756.28341429986381;1830;4.1300698873867;1830;4.1880550553910947
1840;153.10525833918271;1840;0.26856288338877532;1840;88.039796136356713;1840;756.28341429986381;1840;4.1300698873867;1840;4.1966002380443737
1850;153.04422132023072;1850;0.26856288338877532;1850;88.052003540147112;1850;756.28341429986381;1850;4.1300698873867;1850;4.1944639423810539
1860;152.95876949369793;1860;0.23194067201757868;1860;88.1862849818415;1860;756.322949641685;1860;4.1300698873867;1860;4.1874446852015748
1870;153.00759910885952;1870;0.23194067201757868;1870;88.271736808374285;1870;756.44155566714846;1870;4.1300698873867;1870;4.1923276467177342
1880;153.00759910885952;1880;0.23194067201757868;1880;88.1008331553087;1880;756.44155566714846;1880;4.1300698873867;1880;4.1950743125705738
1890;153.05642872402112;1890;0.26856288338877532;1890;88.027588732566315;1890;756.322949641685;1890;4.1300698873867;1890;4.1944639423810539
1900;153.04422132023072;1900;0.24414807580797754;1900;88.1008331553087;1900;756.28341429986381;1900;4.1300698873867;1900;4.1901913510544144
1910;152.98318430127873;1910;0.24414807580797754;1910;88.210699789422293;1910;756.40202032532738;1910;4.1300698873867;1910;4.1959898678548537
1920;152.78786584063235;1920;0.26856288338877532;1920;88.1862849818415;1920;756.40202032532738;1920;4.1300698873867;1920;4.1929380169072541
1930;152.97097689748833;1930;0.24414807580797754;1930;88.271736808374285;1930;756.322949641685;1930;4.1300698873867;1930;4.1920224616229742
1940;153.15408795434431;1940;0.26856288338877532;1940;88.296151615955083;1940;756.40202032532738;1940;4.1300698873867;1940;4.1892757957701345
1950;153.2029175695059;1950;0.26856288338877532;1950;88.1374553666799;1950;756.40202032532738;1950;4.1300698873867;1950;4.1950743125705738
1960;153.10525833918271;1960;0.26856288338877532;1960;88.247322000793488;1960;756.322949641685;1960;4.1300698873867;1960;4.1944639423810539
1970;152.99539170506912;1970;0.24414807580797754;1970;88.332773827326278;1970;756.28341429986381;1970;4.1300698873867;1970;4.1883602404858546
1980;153.09305093539231;1980;0.26856288338877532;1980;88.406018250068669;1980;756.322949641685;1980;4.1300698873867;1980;4.1944639423810539
1990;153.01980651264992;1990;0.26856288338877532;1990;88.406018250068669;1990;756.40202032532738;1990;4.1300698873867;1990;4.1944639423810539
2000;152.95876949369793;2000;0.26856288338877532;2000;88.491470076601459;2000;756.322949641685;2000;4.1300698873867;2000;4.1929380169072541
2010;152.98318430127873;2010;0.26856288338877532;2010;88.442640461439865;2010;756.322949641685;2010;4.1300698873867;2010;4.1892757957701345
2020;153.06863612781152;2020;0.28077028717917418;2020;88.393810846278271;2020;756.40202032532738;2020;4.1300698873867;2020;4.1956846827600938
2030;153.04422132023072;2030;0.28077028717917418;2030;88.381603442487872;2030;756.322949641685;2030;4.1300698873867;2030;4.1904965361491744
2040;153.14188055055391;2040;0.24414807580797754;2040;88.467055269020662;2040;756.28341429986381;2040;4.1300698873867;2040;4.1908017212439344
2050;153.06863612781152;2050;0.26856288338877532;2050;88.576921903134249;2050;756.322949641685;2050;4.1300698873867;2050;4.193548387096774
2060;152.95876949369793;2060;0.24414807580797754;2060;88.503677480391858;2060;756.40202032532738;2060;4.1300698873867;2060;4.1920224616229742
2070;152.97097689748833;2070;0.26856288338877532;2070;88.686788537247836;2070;756.40202032532738;2070;4.1300698873867;2070;4.1911069063386943
2080;152.90993987853633;2080;0.24414807580797754;2080;88.540299691763053;2080;756.40202032532738;2080;4.1300698873867;2080;4.1889706106753746
2090;152.94656208990753;2090;0.24414807580797754;2090;88.576921903134249;2090;756.40202032532738;2090;4.1300698873867;2090;4.1956846827600938
2100;152.94656208990753;2100;0.24414807580797754;2100;88.601336710715046;2100;756.322949641685;2100;4.1300698873867;2100;4.1929380169072541
2110;153.05642872402112;2110;0.24414807580797754;2110;88.503677480391858;2110;756.322949641685;2110;4.1300698873867;2110;4.1926328318124941
2120;153.01980651264992;2120;0.28077028717917418;2120;88.589129306924647;2120;756.322949641685;2120;4.1300698873867;2120;4.1908017212439344
2130;153.01980651264992;2130;0.26856288338877532;2130;88.601336710715046;2130;756.40202032532738;2130;4.1300698873867;2130;4.1944639423810539
2140;152.80007324442275;2140;0.26856288338877532;2140;88.637958922086241;2140;756.40202032532738;2140;4.1300698873867;2140;4.1901913510544144
2150;152.81228064821315;2150;0.26856288338877532;2150;88.625751518295843;2150;756.40202032532738;2150;4.1300698873867;2150;4.1892757957701345
2160;153.01980651264992;2160;0.28077028717917418;2160;88.73561815240943;2160;756.44155566714846;2160;4.1300698873867;2160;4.1947691274758139
2170;152.98318430127873;2170;0.26856288338877532;2170;88.662373729667038;2170;756.322949641685;2170;4.1300698873867;2170;4.1944639423810539
2180;152.95876949369793;2180;0.28077028717917418;2180;88.711203344828633;2180;756.322949641685;2180;4.1300698873867;2180;4.1932432020020141
2190;153.00759910885952;2190;0.29297769096957305;2190;88.833277382732618;2190;756.322949641685;2190;4.1300698873867;2190;4.1889706106753746
2200;153.00759910885952;2200;0.28077028717917418;2200;88.857692190313415;2200;756.40202032532738;2200;4.1300698873867;2200;4.1959898678548537
2210;152.88552507095554;2210;0.26856288338877532;2210;88.808862575151821;2210;756.322949641685;2210;4.1300698873867;2210;4.1929380169072541
2220;152.97097689748833;2220;0.26856288338877532;2220;88.808862575151821;2220;756.28341429986381;2220;4.1300698873867;2220;4.1920224616229742
2230;152.92214728232673;2230;0.26856288338877532;2230;88.833277382732618;2230;756.28341429986381;2230;4.1300698873867;2230;4.1914120914334543
2240;152.97097689748833;2240;0.26856288338877532;2240;88.723410748619031;2240;756.28341429986381;2240;4.1300698873867;2240;4.193853572191534
2250;152.89773247474594;2250;0.26856288338877532;2250;88.723410748619031;2250;756.322949641685;2250;4.1300698873867;2250;4.1911069063386943
2260;152.98318430127873;2260;0.24414807580797754;2260;88.772240363780625;2260;756.322949641685;2260;4.1300698873867;2260;4.1911069063386943
2270;153.08084353160191;2270;0.28077028717917418;2270;88.967558824427;2270;756.322949641685;2270;4.1300698873867;2270;4.1975157933286535
2280;152.98318430127873;2280;0.24414807580797754;2280;88.906521805475009;2280;756.28341429986381;2280;4.1300698873867;2280;4.1932432020020141
2290;153.05642872402112;2290;0.23194067201757868;2290;88.9797662282174;2290;756.322949641685;2290;4.1300698873867;2290;4.1908017212439344
2300;152.98318430127873;2300;0.26856288338877532;2300;88.906521805475009;2300;756.322949641685;2300;4.1300698873867;2300;4.1886654255806146
2310;152.92214728232673;2310;0.29297769096957305;2310;88.857692190313415;2310;756.44155566714846;2310;4.1300698873867;2310;4.1978209784234135
2320;152.88552507095554;2320;0.28077028717917418;2320;88.894314401684611;2320;756.40202032532738;2320;4.1300698873867;2320;4.1926328318124941
2330;152.98318430127873;2330;0.26856288338877532;2330;88.869899594103813;2330;756.28341429986381;2330;4.1300698873867;2330;4.1883602404858546
2340;152.99539170506912;2340;0.28077028717917418;2340;88.967558824427;2340;756.322949641685;2340;4.1300698873867;2340;4.1908017212439344
2350;153.00759910885952;2350;0.26856288338877532;2350;88.906521805475009;2350;756.322949641685;2350;4.1300698873867;2350;4.193853572191534
2360;153.01980651264992;2360;0.26856288338877532;2360;89.040803247169393;2360;756.40202032532738;2360;4.1300698873867;2360;4.1929380169072541
2370;152.95876949369793;2370;0.26856288338877532;2370;89.06521805475019;2370;756.322949641685;2370;4.1300698873867;2370;4.1889706106753746
2380;153.00759910885952;2380;0.26856288338877532;2380;89.101840266121386;2380;756.322949641685;2380;4.1300698873867;2380;4.1947691274758139
2390;153.01980651264992;2390;0.26856288338877532;2390;89.0163884395886;2390;756.28341429986381;2390;4.1300698873867;2390;4.1932432020020141
2400;153.08084353160191;2400;0.28077028717917418;2400;89.077425458540588;2400;756.322949641685;2400;4.1300698873867;2400;4.1923276467177342
2410;152.98318430127873;2410;0.26856288338877532;2410;89.040803247169393;2410;756.40202032532738;2410;4.1300698873867;2410;4.1889706106753746
2420;152.95876949369793;2420;0.26856288338877532;2420;88.9797662282174;2420;756.40202032532738;2420;4.1300698873867;2420;4.1953794976653338
2430;153.05642872402112;2430;0.28077028717917418;2430;89.06521805475019;2430;756.322949641685;2430;4.1300698873867;2430;4.1926328318124941
2440;153.11746574297311;2440;0.26856288338877532;2440;89.077425458540588;2440;756.28341429986381;2440;4.1300698873867;2440;4.1883602404858546
2450;153.04422132023072;2450;0.26856288338877532;2450;89.211706900234972;2450;756.28341429986381;2450;4.1300698873867;2450;4.1914120914334543
2460;152.89773247474594;2460;0.24414807580797754;2460;89.138462477492581;2460;756.24387895804261;2460;4.1300698873867;2460;4.1959898678548537
2470;152.98318430127873;2470;0.24414807580797754;2470;89.175084688863777;2470;756.322949641685;2470;4.1300698873867;2470;4.1953794976653338
2480;153.01980651264992;2480;0.23194067201757868;2480;89.101840266121386;2480;756.322949641685;2480;4.1300698873867;2480;4.1883602404858546
2490;152.97097689748833;2490;0.24414807580797754;2490;89.138462477492581;2490;756.40202032532738;2490;4.1300698873867;2490;4.193853572191534
2500;152.94656208990753;2500;0.24414807580797754;2500;89.162877285073378;2500;756.40202032532738;2500;4.1300698873867;2500;4.1920224616229742
2510;153.04422132023072;2510;0.24414807580797754;2510;89.199499496444574;2510;756.40202032532738;2510;4.1300698873867;2510;4.193548387096774
2520;152.95876949369793;2520;0.26856288338877532;2520;89.309366130558189;2520;756.40202032532738;2520;4.1300698873867;2520;4.1920224616229742
2530;152.97097689748833;2530;0.26856288338877532;2530;89.211706900234972;2530;756.322949641685;2530;4.1300698873867;2530;4.1944639423810539
2540;153.00759910885952;2540;0.26856288338877532;2540;89.211706900234972;2540;756.40202032532738;2540;4.1300698873867;2540;4.1932432020020141
2550;152.90993987853633;2550;0.24414807580797754;2550;89.248329111606168;2550;756.40202032532738;2550;4.1300698873867;2550;4.1898861659596545
2560;152.92214728232673;2560;0.28077028717917418;2560;89.2605365153966;2560;756.322949641685;2560;4.1300698873867;2560;4.1950743125705738
2570;152.98318430127873;2570;0.29297769096957305;2570;89.236121707815769;2570;756.28341429986381;2570;4.1300698873867;2570;4.1959898678548537
2580;153.01980651264992;2580;0.26856288338877532;2580;89.38261055330058;2580;756.322949641685;2580;4.1300698873867;2580;4.1950743125705738
2590;153.01980651264992;2590;0.26856288338877532;2590;89.370403149510182;2590;756.322949641685;2590;4.1300698873867;2590;4.1901913510544144
2600;153.01980651264992;2600;0.29297769096957305;2600;89.2605365153966;2600;756.322949641685;2600;4.1300698873867;2600;4.1950743125705738
2610;152.86111026337474;2610;0.28077028717917418;2610;89.236121707815769;2610;756.28341429986381;2610;4.1300698873867;2610;4.1923276467177342
2620;152.92214728232673;2620;0.26856288338877532;2620;89.29715872676779;2620;756.322949641685;2620;4.1300698873867;2620;4.193548387096774
2630;152.95876949369793;2630;0.28077028717917418;2630;89.394817957090979;2630;756.322949641685;2630;4.1300698873867;2630;4.193853572191534
2640;152.88552507095554;2640;0.26856288338877532;2640;89.431440168462174;2640;756.24387895804261;2640;4.1300698873867;2640;4.1947691274758139
2650;152.95876949369793;2650;0.26856288338877532;2650;89.455854976042971;2650;756.322949641685;2650;4.1300698873867;2650;4.193853572191534
2660;153.00759910885952;2660;0.24414807580797754;2660;89.38261055330058;2660;756.28341429986381;2660;4.1300698873867;2660;4.1892757957701345
2670;153.11746574297311;2670;0.24414807580797754;2670;89.394817957090979;2670;756.28341429986381;2670;4.1300698873867;2670;4.1956846827600938
2680;153.08084353160191;2680;0.24414807580797754;2680;89.211706900234972;2680;756.322949641685;2680;4.1300698873867;2680;4.1950743125705738
2690;152.97097689748833;2690;0.26856288338877532;2690;89.38261055330058;2690;756.322949641685;2690;4.1300698873867;2690;4.1932432020020141
2700;152.95876949369793;2700;0.24414807580797754;2700;89.541306802575761;2700;756.28341429986381;2700;4.1300698873867;2700;4.1911069063386943
2710;152.99539170506912;2710;0.26856288338877532;2710;89.504684591204565;2710;756.40202032532738;2710;4.1300698873867;2710;4.1959898678548537
2720;152.86111026337474;2720;0.28077028717917418;2720;89.492477187414167;2720;756.40202032532738;2720;4.1300698873867;2720;4.1911069063386943
2730;152.94656208990753;2730;0.26856288338877532;2730;89.407025360881377;2730;756.28341429986381;2730;4.1300698873867;2730;4.1920224616229742
2740;153.06863612781152;2740;0.26856288338877532;2740;89.565721610156558;2740;756.28341429986381;2740;4.1300698873867;2740;4.1953794976653338
2750;153.05642872402112;2750;0.28077028717917418;2750;89.55351420636616;2750;756.28341429986381;2750;4.1300698873867;2750;4.1926328318124941
2760;152.98318430127873;2760;0.30518509475997191;2760;89.504684591204565;2760;756.322949641685;2760;4.1300698873867;2760;4.1920224616229742
2770;153.00759910885952;2770;0.30518509475997191;2770;89.407025360881377;2770;756.28341429986381;2770;4.1300698873867;2770;4.1908017212439344
2780;153.1907101657155;2780;0.28077028717917418;2780;89.46806237983337;2780;756.40202032532738;2780;4.1300698873867;2780;4.1972106082338936
2790;152.99539170506912;2790;0.26856288338877532;2790;89.492477187414167;2790;756.322949641685;2790;4.1300698873867;2790;4.1932432020020141
2800;152.88552507095554;2800;0.26856288338877532;2800;89.590136417737355;2800;756.28341429986381;2800;4.1300698873867;2800;4.1947691274758139
2810;152.90993987853633;2810;0.26856288338877532;2810;89.602343821527754;2810;756.24387895804261;2810;4.1300698873867;2810;4.1929380169072541
2820;152.88552507095554;2820;0.29297769096957305;2820;89.455854976042971;2820;756.20434361622154;2820;4.1300698873867;2820;4.193548387096774
2830;152.78786584063235;2830;0.28077028717917418;2830;89.504684591204565;2830;756.28341429986381;2830;4.1300698873867;2830;4.1914120914334543
2840;152.95876949369793;2840;0.24414807580797754;2840;89.480269783623768;2840;756.28341429986381;2840;4.1300698873867;2840;4.1904965361491744
2850;153.05642872402112;2850;0.26856288338877532;2850;89.541306802575761;2850;756.28341429986381;2850;4.1300698873867;2850;4.1950743125705738
2860;152.97097689748833;2860;0.28077028717917418;2860;89.394817957090979;2860;756.24387895804261;2860;4.1300698873867;2860;4.1950743125705738
2870;153.08084353160191;2870;0.28077028717917418;2870;89.431440168462174;2870;756.28341429986381;2870;4.1300698873867;2870;4.1950743125705738
2880;153.04422132023072;2880;0.29297769096957305;2880;89.492477187414167;2880;756.24387895804261;2880;4.1300698873867;2880;4.1901913510544144
2890;153.05642872402112;2890;0.29297769096957305;2890;89.38261055330058;2890;756.20434361622154;2890;4.1300698873867;2890;4.1947691274758139
2900;152.94656208990753;2900;0.24414807580797754;2900;89.345988341929385;2900;756.20434361622154;2900;4.1300698873867;2900;4.1904965361491744
2910;153.00759910885952;2910;0.24414807580797754;2910;89.394817957090979;2910;756.28341429986381;2910;4.1300698873867;2910;4.1929380169072541
2920;153.04422132023072;2920;0.28077028717917418;2920;89.504684591204565;2920;756.28341429986381;2920;4.1300698873867;2920;4.193853572191534
2930;152.98318430127873;2930;0.28077028717917418;2930;89.394817957090979;2930;756.16480827440034;2930;4.1300698873867;2930;4.1929380169072541
2940;153.05642872402112;2940;0.28077028717917418;2940;89.394817957090979;2940;756.16480827440034;2940;4.1300698873867;2940;4.1929380169072541
2950;153.05642872402112;2950;0.28077028717917418;2950;89.541306802575761;2950;756.24387895804261;2950;4.1300698873867;2950;4.1911069063386943
2960;153.06863612781152;2960;0.28077028717917418;2960;89.590136417737355;2960;756.24387895804261;2960;4.1300698873867;2960;4.1956846827600938
2970;153.05642872402112;2970;0.24414807580797754;2970;89.480269783623768;2970;756.16480827440034;2970;4.1300698873867;2970;4.1950743125705738
2980;153.08084353160191;2980;0.26856288338877532;2980;89.565721610156558;2980;756.24387895804261;2980;4.1300698873867;2980;4.1959898678548537
2990;152.97097689748833;2990;0.26856288338877532;2990;89.529099398785362;2990;756.24387895804261;2990;4.1300698873867;2990;4.1923276467177342
3000;153.05642872402112;3000;0.29297769096957305;3000;89.38261055330058;3000;756.20434361622154;3000;4.1300698873867;3000;4.1953794976653338
3010;153.00759910885952;3010;0.30518509475997191;3010;89.358195745719783;3010;756.16480827440034;3010;4.1300698873867;3010;4.1908017212439344
3020;152.99539170506912;3020;0.29297769096957305;3020;89.345988341929385;3020;756.16480827440034;3020;4.1300698873867;3020;4.1926328318124941
3030;153.04422132023072;3030;0.28077028717917418;3030;89.345988341929385;3030;756.20434361622154;3030;4.1300698873867;3030;4.1950743125705738
3040;153.05642872402112;3040;0.26856288338877532;3040;89.333780938138986;3040;756.20434361622154;3040;4.1300698873867;3040;4.1929380169072541
3050;153.15408795434431;3050;0.28077028717917418;3050;89.394817957090979;3050;756.24387895804261;3050;4.1300698873867;3050;4.1926328318124941
3060;153.10525833918271;3060;0.29297769096957305;3060;89.431440168462174;3060;756.24387895804261;3060;4.1300698873867;3060;4.1908017212439344
3070;153.04422132023072;3070;0.29297769096957305;3070;89.504684591204565;3070;756.24387895804261;3070;4.1300698873867;3070;4.1975157933286535
3080;153.04422132023072;3080;0.29297769096957305;3080;89.2605365153966;3080;756.24387895804261;3080;4.1300698873867;3080;4.193853572191534
3090;153.1907101657155;3090;0.28077028717917418;3090;89.345988341929385;3090;756.16480827440034;3090;4.1300698873867;3090;4.1923276467177342
3100;153.14188055055391;3100;0.26856288338877532;3100;89.529099398785362;3100;756.20434361622154;3100;4.1300698873867;3100;4.1901913510544144
3110;153.04422132023072;3110;0.26856288338877532;3110;89.38261055330058;3110;756.28341429986381;3110;4.1300698873867;3110;4.1966002380443737
3120;152.94656208990753;3120;0.26856288338877532;3120;89.358195745719783;3120;756.24387895804261;3120;4.1300698873867;3120;4.193853572191534
3130;152.98318430127873;3130;0.24414807580797754;3130;89.284951322977392;3130;756.20434361622154;3130;4.1300698873867;3130;4.1908017212439344
3140;152.90993987853633;3140;0.26856288338877532;3140;89.407025360881377;3140;756.20434361622154;3140;4.1300698873867;3140;4.1953794976653338
3150;152.86111026337474;3150;0.23194067201757868;3150;89.358195745719783;3150;756.16480827440034;3150;4.1300698873867;3150;4.1929380169072541
3160;152.92214728232673;3160;0.26856288338877532;3160;89.443647572252573;3160;756.24387895804261;3160;4.1300698873867;3160;4.1923276467177342
3170;152.97097689748833;3170;0.30518509475997191;3170;89.358195745719783;3170;756.24387895804261;3170;4.1300698873867;3170;4.1904965361491744
3180;153.04422132023072;3180;0.29297769096957305;3180;89.284951322977392;3180;756.24387895804261;3180;4.1300698873867;3180;4.1972106082338936
3190;152.92214728232673;3190;0.26856288338877532;3190;89.309366130558189;3190;756.24387895804261;3190;4.1300698873867;3190;4.193548387096774
3200;152.97097689748833;3200;0.30518509475997191;3200;89.333780938138986;3200;756.24387895804261;3200;4.1300698873867;3200;4.1914120914334543
3210;153.04422132023072;3210;0.30518509475997191;3210;89.455854976042971;3210;756.20434361622154;3210;4.1300698873867;3210;4.1898861659596545
3220;153.08084353160191;3220;0.26856288338877532;3220;89.443647572252573;3220;756.24387895804261;3220;4.1300698873867;3220;4.1959898678548537
3230;153.00759910885952;3230;0.28077028717917418;3230;89.480269783623768;3230;756.28341429986381;3230;4.1300698873867;3230;4.1956846827600938
3240;152.98318430127873;3240;0.26856288338877532;3240;89.455854976042971;3240;756.20434361622154;3240;4.1300698873867;3240;4.1883602404858546
3250;153.05642872402112;3250;0.26856288338877532;3250;89.46806237983337;3250;756.20434361622154;3250;4.1300698873867;3250;4.193548387096774
3260;152.95876949369793;3260;0.26856288338877532;3260;89.394817957090979;3260;756.24387895804261;3260;4.1300698873867;3260;4.1947691274758139
3270;152.89773247474594;3270;0.24414807580797754;3270;89.407025360881377;3270;756.28341429986381;3270;4.1300698873867;3270;4.1950743125705738
3280;152.98318430127873;3280;0.24414807580797754;3280;89.309366130558189;3280;756.24387895804261;3280;4.1300698873867;3280;4.1904965361491744
3290;153.06863612781152;3290;0.28077028717917418;3290;89.284951322977392;3290;756.24387895804261;3290;4.1300698873867;3290;4.1959898678548537
3300;152.95876949369793;3300;0.26856288338877532;3300;89.358195745719783;3300;756.20434361622154;3300;4.1300698873867;3300;4.193548387096774
3310;153.05642872402112;3310;0.26856288338877532;3310;89.407025360881377;3310;756.24387895804261;3310;4.1300698873867;3310;4.1920224616229742
3320;153.10525833918271;3320;0.26856288338877532;3320;89.492477187414167;3320;756.24387895804261;3320;4.1300698873867;3320;4.1914120914334543
3330;153.10525833918271;3330;0.24414807580797754;3330;89.370403149510182;3330;756.20434361622154;3330;4.1300698873867;3330;4.1953794976653338
3340;153.08084353160191;3340;0.26856288338877532;3340;89.358195745719783;3340;756.24387895804261;3340;4.1300698873867;3340;4.1956846827600938
3350;152.98318430127873;3350;0.26856288338877532;3350;89.284951322977392;3350;756.24387895804261;3350;4.1300698873867;3350;4.1892757957701345
3360;153.11746574297311;3360;0.26856288338877532;3360;89.358195745719783;3360;756.24387895804261;3360;4.1300698873867;3360;4.1947691274758139
3370;153.05642872402112;3370;0.26856288338877532;3370;89.358195745719783;3370;756.24387895804261;3370;4.1300698873867;3370;4.1932432020020141
3380;152.95876949369793;3380;0.28077028717917418;3380;89.38261055330058;3380;756.24387895804261;3380;4.1300698873867;3380;4.1944639423810539
3390;152.88552507095554;3390;0.28077028717917418;3390;89.370403149510182;3390;756.16480827440034;3390;4.1300698873867;3390;4.1904965361491744
3400;152.97097689748833;3400;0.29297769096957305;3400;89.394817957090979;3400;756.20434361622154;3400;4.1300698873867;3400;4.1959898678548537
3410;153.01980651264992;3410;0.29297769096957305;3410;89.394817957090979;3410;756.24387895804261;3410;4.1300698873867;3410;4.193853572191534
3420;153.01980651264992;3420;0.28077028717917418;3420;89.211706900234972;3420;756.16480827440034;3420;4.1300698873867;3420;4.1898861659596545
3430;153.04422132023072;3430;0.29297769096957305;3430;89.333780938138986;3430;756.16480827440034;3430;4.1300698873867;3430;4.1932432020020141
3440;153.00759910885952;3440;0.26856288338877532;3440;89.272743919187;3440;756.16480827440034;3440;4.1300698873867;3440;4.1950743125705738
3450;152.98318430127873;3450;0.28077028717917418;3450;89.333780938138986;3450;756.20434361622154;3450;4.1300698873867;3450;4.1947691274758139
3460;153.05642872402112;3460;0.26856288338877532;3460;89.309366130558189;3460;756.20434361622154;3460;4.1300698873867;3460;4.1889706106753746
3470;153.2395397808771;3470;0.26856288338877532;3470;89.358195745719783;3470;756.20434361622154;3470;4.1300698873867;3470;4.1944639423810539
3480;153.06863612781152;3480;0.24414807580797754;3480;89.284951322977392;3480;756.20434361622154;3480;4.1300698873867;3480;4.1920224616229742
3490;152.98318430127873;3490;0.26856288338877532;3490;89.236121707815769;3490;756.20434361622154;3490;4.1300698873867;3490;4.1944639423810539
3500;153.00759910885952;3500;0.28077028717917418;3500;89.309366130558189;3500;756.20434361622154;3500;4.1300698873867;3500;4.1932432020020141
3510;153.09305093539231;3510;0.26856288338877532;3510;89.175084688863777;3510;756.20434361622154;3510;4.1300698873867;3510;4.1947691274758139
3520;152.88552507095554;3520;0.24414807580797754;3520;89.138462477492581;3520;756.20434361622154;3520;4.1300698873867;3520;4.193548387096774
3530;152.81228064821315;3530;0.26856288338877532;3530;89.101840266121386;3530;756.16480827440034;3530;4.1300698873867;3530;4.1904965361491744
3540;153.06863612781152;3540;0.26856288338877532;3540;89.284951322977392;3540;756.12527293257915;3540;4.1300698873867;3540;4.1956846827600938
3550;153.05642872402112;3550;0.24414807580797754;3550;89.236121707815769;3550;756.16480827440034;3550;4.1300698873867;3550;4.1947691274758139
3560;152.98318430127873;3560;0.26856288338877532;3560;89.2605365153966;3560;756.20434361622154;3560;4.1300698873867;3560;4.193853572191534
3570;152.98318430127873;3570;0.28077028717917418;3570;89.333780938138986;3570;756.20434361622154;3570;4.1300698873867;3570;4.1911069063386943
3580;153.04422132023072;3580;0.28077028717917418;3580;89.175084688863777;3580;756.20434361622154;3580;4.1300698873867;3580;4.1956846827600938
3590;152.97097689748833;3590;0.29297769096957305;3590;89.211706900234972;3590;756.16480827440034;3590;4.1300698873867;3590;4.1898861659596545
3600;152.97097689748833;3600;0.28077028717917418;3600;89.333780938138986;3600;756.16480827440034;3600;4.1300698873867;3600;4.1911069063386943
3610;153.04422132023072;3610;0.28077028717917418;3610;89.38261055330058;3610;756.20434361622154;3610;4.1300698873867;3610;4.1950743125705738
3620;153.11746574297311;3620;0.24414807580797754;3620;89.199499496444574;3620;756.20434361622154;3620;4.1300698873867;3620;4.1932432020020141
3630;153.10525833918271;3630;0.26856288338877532;3630;89.2605365153966;3630;756.24387895804261;3630;4.1300698873867;3630;4.1926328318124941
3640;152.99539170506912;3640;0.26856288338877532;3640;89.345988341929385;3640;756.20434361622154;3640;4.1300698873867;3640;4.1920224616229742
3650;152.99539170506912;3650;0.26856288338877532;3650;89.443647572252573;3650;756.24387895804261;3650;4.1300698873867;3650;4.1978209784234135
3660;153.01980651264992;3660;0.24414807580797754;3660;89.370403149510182;3660;756.20434361622154;3660;4.1300698873867;3660;4.193548387096774
3670;153.04422132023072;3670;0.26856288338877532;3670;89.345988341929385;3670;756.12527293257915;3670;4.1300698873867;3670;4.1923276467177342
3680;152.95876949369793;3680;0.26856288338877532;3680;89.284951322977392;3680;756.12527293257915;3680;4.1300698873867;3680;4.1901913510544144
3690;153.04422132023072;3690;0.26856288338877532;3690;89.175084688863777;3690;756.16480827440034;3690;4.1300698873867;3690;4.1978209784234135
3700;152.97097689748833;3700;0.28077028717917418;3700;89.272743919187;3700;756.12527293257915;3700;4.1300698873867;3700;4.1947691274758139
3710;153.08084353160191;3710;0.26856288338877532;3710;89.236121707815769;3710;756.12527293257915;3710;4.1300698873867;3710;4.1904965361491744
3720;153.04422132023072;3720;0.26856288338877532;3720;89.199499496444574;3720;756.16480827440034;3720;4.1300698873867;3720;4.1944639423810539
3730;152.92214728232673;3730;0.24414807580797754;3730;89.15066988128298;3730;756.12527293257915;3730;4.1300698873867;3730;4.193853572191534
3740;153.1785027619251;3740;0.26856288338877532;3740;89.162877285073378;3740;756.16480827440034;3740;4.1300698873867;3740;4.193548387096774
3750;153.05642872402112;3750;0.26856288338877532;3750;89.053010650959791;3750;756.12527293257915;3750;4.1300698873867;3750;4.1914120914334543
3760;153.06863612781152;3760;0.28077028717917418;3760;89.077425458540588;3760;756.12527293257915;3760;4.1300698873867;3760;4.1969054231391336
3770;153.05642872402112;3770;0.26856288338877532;3770;89.175084688863777;3770;756.16480827440034;3770;4.1300698873867;3770;4.1932432020020141
3780;152.99539170506912;3780;0.26856288338877532;3780;89.272743919187;3780;756.12527293257915;3780;4.1300698873867;3780;4.1929380169072541
3790;153.04422132023072;3790;0.28077028717917418;3790;89.309366130558189;3790;756.12527293257915;3790;4.1300698873867;3790;4.1898861659596545
3800;153.08084353160191;3800;0.28077028717917418;3800;89.162877285073378;3800;756.04620224893677;3800;4.1300698873867;3800;4.1956846827600938
3810;153.08084353160191;3810;0.26856288338877532;3810;89.199499496444574;3810;756.12527293257915;3810;4.1300698873867;3810;4.1959898678548537
3820;153.04422132023072;3820;0.24414807580797754;3820;89.211706900234972;3820;756.16480827440034;3820;4.1300698873867;3820;4.1889706106753746
3830;153.06863612781152;3830;0.28077028717917418;3830;89.2605365153966;3830;756.20434361622154;3830;4.1300698873867;3830;4.1929380169072541
3840;153.05642872402112;3840;0.26856288338877532;3840;89.162877285073378;3840;756.20434361622154;3840;4.1300698873867;3840;4.1944639423810539
3850;153.00759910885952;3850;0.26856288338877532;3850;89.187292092654175;3850;756.16480827440034;3850;4.1300698873867;3850;4.1956846827600938
3860;152.95876949369793;3860;0.26856288338877532;3860;89.211706900234972;3860;756.16480827440034;3860;4.1300698873867;3860;4.1914120914334543
3870;153.06863612781152;3870;0.29297769096957305;3870;89.2605365153966;3870;756.20434361622154;3870;4.1300698873867;3870;4.1959898678548537
3880;152.98318430127873;3880;0.28077028717917418;3880;89.248329111606168;3880;756.20434361622154;3880;4.1300698873867;3880;4.1926328318124941
3890;152.88552507095554;3890;0.23194067201757868;3890;89.187292092654175;3890;756.16480827440034;3890;4.1300698873867;3890;4.1920224616229742
3900;152.87331766716514;3900;0.23194067201757868;3900;89.199499496444574;3900;756.12527293257915;3900;4.1300698873867;3900;4.1926328318124941
3910;152.95876949369793;3910;0.23194067201757868;3910;89.077425458540588;3910;756.12527293257915;3910;4.1300698873867;3910;4.1966002380443737
3920;153.09305093539231;3920;0.24414807580797754;3920;89.138462477492581;3920;756.20434361622154;3920;4.1300698873867;3920;4.1959898678548537
3930;153.15408795434431;3930;0.24414807580797754;3930;89.138462477492581;3930;756.12527293257915;3930;4.1300698873867;3930;4.1889706106753746
3940;153.09305093539231;3940;0.24414807580797754;3940;89.187292092654175;3940;756.04620224893677;3940;4.1300698873867;3940;4.193853572191534
3950;152.94656208990753;3950;0.24414807580797754;3950;89.175084688863777;3950;756.04620224893677;3950;4.1300698873867;3950;4.1932432020020141
3960;153.01980651264992;3960;0.29297769096957305;3960;89.248329111606168;3960;756.12527293257915;3960;4.1300698873867;3960;4.1956846827600938
3970;153.09305093539231;3970;0.29297769096957305;3970;89.162877285073378;3970;756.16480827440034;3970;4.1300698873867;3970;4.193548387096774
3980;153.11746574297311;3980;0.28077028717917418;3980;89.06521805475019;3980;756.16480827440034;3980;4.1300698873867;3980;4.1944639423810539
3990;153.09305093539231;3990;0.26856288338877532;3990;89.089632862330987;3990;756.20434361622154;3990;4.1300698873867;3990;4.1892757957701345
4000;153.11746574297311;4000;0.28077028717917418;4000;89.175084688863777;4000;756.20434361622154;4000;4.1300698873867;4000;4.1926328318124941
4010;153.01980651264992;4010;0.29297769096957305;4010;89.29715872676779;4010;756.20434361622154;4010;4.1300698873867;4010;4.1966002380443737
4020;153.04422132023072;4020;0.24414807580797754;4020;89.187292092654175;4020;756.12527293257915;4020;4.1300698873867;4020;4.1926328318124941
4030;153.01980651264992;4030;0.24414807580797754;4030;89.248329111606168;4030;756.12527293257915;4030;4.1300698873867;4030;4.1926328318124941
4040;152.98318430127873;4040;0.26856288338877532;4040;89.248329111606168;4040;756.20434361622154;4040;4.1300698873867;4040;4.1914120914334543
4050;153.10525833918271;4050;0.26856288338877532;4050;89.187292092654175;4050;756.20434361622154;4050;4.1300698873867;4050;4.1975157933286535
4060;152.95876949369793;4060;0.24414807580797754;4060;89.187292092654175;4060;756.20434361622154;4060;4.1300698873867;4060;4.193853572191534
4070;153.00759910885952;4070;0.24414807580797754;4070;89.175084688863777;4070;756.24387895804261;4070;4.1300698873867;4070;4.1932432020020141
4080;153.06863612781152;4080;0.24414807580797754;4080;89.06521805475019;4080;756.16480827440034;4080;4.1300698873867;4080;4.1901913510544144
4090;153.09305093539231;4090;0.28077028717917418;4090;88.967558824427;4090;756.12527293257915;4090;4.1300698873867;4090;4.1966002380443737
4100;153.09305093539231;4100;0.28077028717917418;4100;88.9553514206366;4100;756.16480827440034;4100;4.1300698873867;4100;4.1959898678548537
4110;153.09305093539231;4110;0.26856288338877532;4110;89.0163884395886;4110;756.16480827440034;4110;4.1300698873867;4110;4.1908017212439344
4120;153.1785027619251;4120;0.26856288338877532;4120;89.138462477492581;4120;756.16480827440034;4120;4.1300698873867;4120;4.1953794976653338
4130;153.1907101657155;4130;0.28077028717917418;4130;88.9797662282174;4130;756.16480827440034;4130;4.1300698873867;4130;4.1956846827600938
4140;153.11746574297311;4140;0.28077028717917418;4140;89.040803247169393;4140;756.20434361622154;4140;4.1300698873867;4140;4.1953794976653338
4150;153.06863612781152;4150;0.26856288338877532;4150;89.0163884395886;4150;756.16480827440034;4150;4.1300698873867;4150;4.1914120914334543
4160;153.1907101657155;4160;0.28077028717917418;4160;89.077425458540588;4160;756.12527293257915;4160;4.1300698873867;4160;4.1972106082338936
4170;153.00759910885952;4170;0.28077028717917418;4170;89.15066988128298;4170;756.12527293257915;4170;4.1300698873867;4170;4.1932432020020141
4180;152.92214728232673;4180;0.29297769096957305;4180;89.101840266121386;4180;756.16480827440034;4180;4.1300698873867;4180;4.1926328318124941
4190;153.04422132023072;4190;0.29297769096957305;4190;89.053010650959791;4190;756.12527293257915;4190;4.1300698873867;4190;4.1929380169072541
4200;153.06863612781152;4200;0.26856288338877532;4200;89.040803247169393;4200;756.12527293257915;4200;4.1300698873867;4200;4.1953794976653338
4210;153.08084353160191;4210;0.26856288338877532;4210;89.101840266121386;4210;756.20434361622154;4210;4.1300698873867;4210;4.1947691274758139
4220;153.08084353160191;4220;0.28077028717917418;4220;89.040803247169393;4220;756.20434361622154;4220;4.1300698873867;4220;4.1904965361491744
4230;153.15408795434431;4230;0.28077028717917418;4230;89.114047669911784;4230;756.24387895804261;4230;4.1300698873867;4230;4.1947691274758139
4240;153.05642872402112;4240;0.24414807580797754;4240;88.9553514206366;4240;756.16480827440034;4240;4.1300698873867;4240;4.1944639423810539
4250;152.99539170506912;4250;0.26856288338877532;4250;88.9797662282174;4250;756.16480827440034;4250;4.1300698873867;4250;4.1956846827600938
4260;153.05642872402112;4260;0.24414807580797754;4260;89.089632862330987;4260;756.16480827440034;4260;4.1300698873867;4260;4.1914120914334543
4270;153.06863612781152;4270;0.23194067201757868;4270;89.138462477492581;4270;756.16480827440034;4270;4.1300698873867;4270;4.1969054231391336
4280;152.92214728232673;4280;0.26856288338877532;4280;89.15066988128298;4280;756.16480827440034;4280;4.1300698873867;4280;4.193853572191534
4290;153.00759910885952;4290;0.28077028717917418;4290;88.9919736320078;4290;756.16480827440034;4290;4.1300698873867;4290;4.1914120914334543
4300;153.05642872402112;4300;0.26856288338877532;4300;89.0163884395886;4300;756.16480827440034;4300;4.1300698873867;4300;4.1932432020020141
4310;152.87331766716514;4310;0.26856288338877532;4310;89.089632862330987;4310;756.12527293257915;4310;4.1300698873867;4310;4.1959898678548537
4320;152.88552507095554;4320;0.26856288338877532;4320;89.199499496444574;4320;756.04620224893677;4320;4.1300698873867;4320;4.1959898678548537
4330;152.92214728232673;4330;0.24414807580797754;4330;89.077425458540588;4330;756.00666690711569;4330;4.1300698873867;4330;4.1892757957701345
4340;153.05642872402112;4340;0.24414807580797754;4340;88.9309366130558;4340;756.04620224893677;4340;4.1300698873867;4340;4.193853572191534
4350;153.09305093539231;4350;0.26856288338877532;4350;88.918729209265408;4350;756.00666690711569;4350;4.1300698873867;4350;4.1929380169072541
4360;153.09305093539231;4360;0.29297769096957305;4360;88.894314401684611;4360;756.00666690711569;4360;4.1300698873867;4360;4.1959898678548537
4370;152.95876949369793;4370;0.28077028717917418;4370;88.9309366130558;4370;756.00666690711569;4370;4.1300698873867;4370;4.193853572191534
4380;152.95876949369793;4380;0.26856288338877532;4380;89.06521805475019;4380;756.12527293257915;4380;4.1300698873867;4380;4.1944639423810539
4390;152.94656208990753;4390;0.28077028717917418;4390;89.0163884395886;4390;756.16480827440034;4390;4.1300698873867;4390;4.1908017212439344
4400;153.00759910885952;4400;0.29297769096957305;4400;88.906521805475009;4400;756.12527293257915;4400;4.1300698873867;4400;4.193548387096774
4410;153.04422132023072;4410;0.28077028717917418;4410;88.9553514206366;4410;756.16480827440034;4410;4.1300698873867;4410;4.1981261635181735
4420;152.97097689748833;4420;0.24414807580797754;4420;88.882106997894212;4420;756.04620224893677;4420;4.1300698873867;4420;4.1929380169072541
4430;152.97097689748833;4430;0.30518509475997191;4430;88.967558824427;4430;756.12527293257915;4430;4.1300698873867;4430;4.1929380169072541
4440;152.97097689748833;4440;0.29297769096957305;4440;88.967558824427;4440;756.12527293257915;4440;4.1300698873867;4440;4.1908017212439344
4450;153.05642872402112;4450;0.24414807580797754;4450;88.918729209265408;4450;756.12527293257915;4450;4.1300698873867;4450;4.1978209784234135
4460;153.00759910885952;4460;0.24414807580797754;4460;88.9797662282174;4460;756.04620224893677;4460;4.1300698873867;4460;4.1947691274758139
4470;153.05642872402112;4470;0.24414807580797754;4470;88.9919736320078;4470;756.12527293257915;4470;4.1300698873867;4470;4.1926328318124941
4480;153.01980651264992;4480;0.26856288338877532;4480;88.918729209265408;4480;756.16480827440034;4480;4.1300698873867;4480;4.1908017212439344
4490;153.09305093539231;4490;0.28077028717917418;4490;88.882106997894212;4490;756.04620224893677;4490;4.1300698873867;4490;4.1969054231391336
4500;153.10525833918271;4500;0.28077028717917418;4500;88.906521805475009;4500;756.16480827440034;4500;4.1300698873867;4500;4.1966002380443737
4510;152.94656208990753;4510;0.26856288338877532;4510;88.9309366130558;4510;756.20434361622154;4510;4.1300698873867;4510;4.1908017212439344
4520;152.97097689748833;4520;0.26856288338877532;4520;89.0163884395886;4520;756.12527293257915;4520;4.1300698873867;4520;4.1953794976653338
4530;152.94656208990753;4530;0.24414807580797754;4530;88.869899594103813;4530;756.12527293257915;4530;4.1300698873867;4530;4.1947691274758139
4540;152.98318430127873;4540;0.24414807580797754;4540;88.9553514206366;4540;756.12527293257915;4540;4.1300698873867;4540;4.1956846827600938
4550;153.1907101657155;4550;0.26856288338877532;4550;88.882106997894212;4550;756.12527293257915;4550;4.1300698873867;4550;4.1914120914334543
4560;153.1662953581347;4560;0.28077028717917418;4560;88.833277382732618;4560;756.04620224893677;4560;4.1300698873867;4560;4.1950743125705738
4570;152.92214728232673;4570;0.26856288338877532;4570;88.918729209265408;4570;756.04620224893677;4570;4.1300698873867;4570;4.1926328318124941
4580;152.97097689748833;4580;0.28077028717917418;4580;88.906521805475009;4580;756.12527293257915;4580;4.1300698873867;4580;4.1923276467177342
4590;152.90993987853633;4590;0.28077028717917418;4590;88.9309366130558;4590;756.00666690711569;4590;4.1300698873867;4590;4.1932432020020141
4600;152.97097689748833;4600;0.28077028717917418;4600;88.9553514206366;4600;755.96713156529449;4600;4.1300698873867;4600;4.1959898678548537
4610;152.95876949369793;4610;0.26856288338877532;4610;88.9553514206366;4610;756.04620224893677;4610;4.1300698873867;4610;4.1966002380443737
4620;152.88552507095554;4620;0.24414807580797754;4620;88.784447767571024;4620;756.12527293257915;4620;4.1300698873867;4620;4.1901913510544144
4630;152.95876949369793;4630;0.23194067201757868;4630;88.821069978942219;4630;756.04620224893677;4630;4.1300698873867;4630;4.1947691274758139
4640;152.88552507095554;4640;0.24414807580797754;4640;88.833277382732618;4640;756.12527293257915;4640;4.1300698873867;4640;4.1932432020020141
4650;152.89773247474594;4650;0.26856288338877532;4650;88.894314401684611;4650;756.12527293257915;4650;4.1300698873867;4650;4.1950743125705738
4660;153.11746574297311;4660;0.28077028717917418;4660;88.9553514206366;4660;756.00666690711569;4660;4.1300698873867;4660;4.1929380169072541
4670;153.2395397808771;4670;0.28077028717917418;4670;88.906521805475009;4670;756.00666690711569;4670;4.1300698873867;4670;4.1947691274758139
4680;153.05642872402112;4680;0.26856288338877532;4680;88.857692190313415;4680;756.04620224893677;4680;4.1300698873867;4680;4.1908017212439344
4690;153.06863612781152;4690;0.24414807580797754;4690;88.808862575151821;4690;756.12527293257915;4690;4.1300698873867;4690;4.1929380169072541
4700;153.09305093539231;4700;0.26856288338877532;4700;88.869899594103813;4700;756.16480827440034;4700;4.1300698873867;4700;4.1972106082338936
4710;153.09305093539231;4710;0.28077028717917418;4710;88.808862575151821;4710;756.12527293257915;4710;4.1300698873867;4710;4.1923276467177342
4720;153.08084353160191;4720;0.29297769096957305;4720;88.894314401684611;4720;756.04620224893677;4720;4.1300698873867;4720;4.1929380169072541
4730;152.98318430127873;4730;0.28077028717917418;4730;88.882106997894212;4730;756.00666690711569;4730;4.1300698873867;4730;4.1908017212439344
4740;152.97097689748833;4740;0.28077028717917418;4740;88.9309366130558;4740;756.00666690711569;4740;4.1300698873867;4740;4.1953794976653338
4750;152.97097689748833;4750;0.28077028717917418;4750;88.906521805475009;4750;756.04620224893677;4750;4.1300698873867;4750;4.1920224616229742
4760;153.06863612781152;4760;0.28077028717917418;4760;88.906521805475009;4760;756.04620224893677;4760;4.1300698873867;4760;4.1953794976653338
4770;153.01980651264992;4770;0.28077028717917418;4770;88.9919736320078;4770;756.04620224893677;4770;4.1300698873867;4770;4.1950743125705738
4780;153.04422132023072;4780;0.28077028717917418;4780;88.882106997894212;4780;756.00666690711569;4780;4.1300698873867;4780;4.1932432020020141
4790;153.01980651264992;4790;0.29297769096957305;4790;88.882106997894212;4790;756.04620224893677;4790;4.1300698873867;4790;4.1914120914334543
4800;153.01980651264992;4800;0.28077028717917418;4800;88.833277382732618;4800;756.12527293257915;4800;4.1300698873867;4800;4.1932432020020141
4810;153.05642872402112;4810;0.28077028717917418;4810;88.808862575151821;4810;756.12527293257915;4810;4.1300698873867;4810;4.1981261635181735
4820;152.99539170506912;4820;0.23194067201757868;4820;88.723410748619031;4820;756.12527293257915;4820;4.1300698873867;4820;4.1929380169072541
4830;153.01980651264992;4830;0.23194067201757868;4830;88.894314401684611;4830;756.12527293257915;4830;4.1300698873867;4830;4.1926328318124941
4840;153.08084353160191;4840;0.26856288338877532;4840;88.833277382732618;4840;756.04620224893677;4840;4.1300698873867;4840;4.1911069063386943
4850;153.10525833918271;4850;0.28077028717917418;4850;88.784447767571024;4850;756.00666690711569;4850;4.1300698873867;4850;4.1981261635181735
4860;153.01980651264992;4860;0.28077028717917418;4860;88.869899594103813;4860;756.12527293257915;4860;4.1300698873867;4860;4.1932432020020141
4870;153.05642872402112;4870;0.26856288338877532;4870;88.833277382732618;4870;756.04620224893677;4870;4.1300698873867;4870;4.1911069063386943
4880;153.00759910885952;4880;0.26856288338877532;4880;88.760032959990227;4880;756.04620224893677;4880;4.1300698873867;4880;4.1944639423810539
4890;153.11746574297311;4890;0.26856288338877532;4890;88.711203344828633;4890;756.12527293257915;4890;4.1300698873867;4890;4.193548387096774
4900;153.10525833918271;4900;0.28077028717917418;4900;88.869899594103813;4900;756.04620224893677;4900;4.1300698873867;4900;4.1929380169072541
4910;152.98318430127873;4910;0.28077028717917418;4910;88.772240363780625;4910;756.04620224893677;4910;4.1300698873867;4910;4.1926328318124941
4920;153.00759910885952;4920;0.28077028717917418;4920;88.833277382732618;4920;756.12527293257915;4920;4.1300698873867;4920;4.1981261635181735
4930;152.99539170506912;4930;0.28077028717917418;4930;88.760032959990227;4930;756.16480827440034;4930;4.1300698873867;4930;4.1932432020020141
4940;153.10525833918271;4940;0.28077028717917418;4940;88.784447767571024;4940;756.04620224893677;4940;4.1300698873867;4940;4.1929380169072541
4950;153.00759910885952;4950;0.24414807580797754;4950;88.869899594103813;4950;756.00666690711569;4950;4.1300698873867;4950;4.1923276467177342
4960;153.10525833918271;4960;0.24414807580797754;4960;88.857692190313415;4960;756.00666690711569;4960;4.1300698873867;4960;4.1975157933286535
4970;153.14188055055391;4970;0.28077028717917418;4970;88.857692190313415;4970;756.00666690711569;4970;4.1300698873867;4970;4.1929380169072541
4980;153.09305093539231;4980;0.29297769096957305;4980;88.772240363780625;4980;756.04620224893677;4980;4.1300698873867;4980;4.193853572191534
4990;153.09305093539231;4990;0.28077028717917418;4990;88.674581133457437;4990;756.04620224893677;4990;4.1300698873867;4990;4.1975157933286535
5000;153.05642872402112;5000;0.28077028717917418;5000;88.515884884182256;5000;756.00666690711569;5000;4.1300698873867;5000;4.1932432020020141
5010;153.08084353160191;5010;0.26856288338877532;5010;88.711203344828633;5010;756.00666690711569;5010;4.1300698873867;5010;4.193853572191534
5020;153.00759910885952;5020;0.24414807580797754;5020;88.821069978942219;5020;756.04620224893677;5020;4.1300698873867;5020;4.1926328318124941
5030;153.04422132023072;5030;0.30518509475997191;5030;88.796655171361422;5030;756.00666690711569;5030;4.1300698873867;5030;4.1972106082338936
5040;152.88552507095554;5040;0.28077028717917418;5040;88.760032959990227;5040;755.96713156529449;5040;4.1300698873867;5040;4.193548387096774
5050;153.01980651264992;5050;0.26856288338877532;5050;88.808862575151821;5050;755.96713156529449;5050;4.1300698873867;5050;4.1926328318124941
5060;152.99539170506912;5060;0.26856288338877532;5060;88.796655171361422;5060;756.04620224893677;5060;4.1300698873867;5060;4.1929380169072541
5070;152.99539170506912;5070;0.24414807580797754;5070;88.723410748619031;5070;756.04620224893677;5070;4.1300698873867;5070;4.1953794976653338
5080;153.1785027619251;5080;0.28077028717917418;5080;88.796655171361422;5080;756.04620224893677;5080;4.1300698873867;5080;4.1908017212439344
5090;153.14188055055391;5090;0.30518509475997191;5090;88.796655171361422;5090;756.00666690711569;5090;4.1300698873867;5090;4.193853572191534
5100;153.08084353160191;5100;0.31739249855037077;5100;88.772240363780625;5100;756.04620224893677;5100;4.1300698873867;5100;4.1978209784234135
5110;153.06863612781152;5110;0.29297769096957305;5110;88.625751518295843;5110;756.04620224893677;5110;4.1300698873867;5110;4.1932432020020141
5120;152.99539170506912;5120;0.26856288338877532;5120;88.625751518295843;5120;756.12527293257915;5120;4.1300698873867;5120;4.193548387096774
5130;153.00759910885952;5130;0.26856288338877532;5130;88.711203344828633;5130;756.04620224893677;5130;4.1300698873867;5130;4.1923276467177342
5140;153.10525833918271;5140;0.29297769096957305;5140;88.833277382732618;5140;756.04620224893677;5140;4.1300698873867;5140;4.1972106082338936
5150;152.95876949369793;5150;0.28077028717917418;5150;88.784447767571024;5150;756.04620224893677;5150;4.1300698873867;5150;4.1929380169072541
5160;153.08084353160191;5160;0.26856288338877532;5160;88.711203344828633;5160;756.12527293257915;5160;4.1300698873867;5160;4.1947691274758139
5170;153.05642872402112;5170;0.28077028717917418;5170;88.760032959990227;5170;756.12527293257915;5170;4.1300698873867;5170;4.193853572191534
5180;152.87331766716514;5180;0.24414807580797754;5180;88.601336710715046;5180;756.00666690711569;5180;4.1300698873867;5180;4.1932432020020141
5190;152.92214728232673;5190;0.26856288338877532;5190;88.760032959990227;5190;756.00666690711569;5190;4.1300698873867;5190;4.1914120914334543
5200;152.95876949369793;5200;0.24414807580797754;5200;88.686788537247836;5200;756.04620224893677;5200;4.1300698873867;5200;4.1923276467177342
5210;153.06863612781152;5210;0.26856288338877532;5210;88.698995941038234;5210;756.04620224893677;5210;4.1300698873867;5210;4.1972106082338936
5220;153.09305093539231;5220;0.28077028717917418;5220;88.674581133457437;5220;756.00666690711569;5220;4.1300698873867;5220;4.1950743125705738
5230;152.97097689748833;5230;0.29297769096957305;5230;88.760032959990227;5230;756.04620224893677;5230;4.1300698873867;5230;4.1966002380443737
5240;152.82448805200355;5240;0.29297769096957305;5240;88.808862575151821;5240;756.04620224893677;5240;4.1300698873867;5240;4.1929380169072541
5250;152.98318430127873;5250;0.29297769096957305;5250;88.662373729667038;5250;756.04620224893677;5250;4.1300698873867;5250;4.1953794976653338
5260;153.06863612781152;5260;0.29297769096957305;5260;88.625751518295843;5260;756.00666690711569;5260;4.1300698873867;5260;4.1923276467177342
5270;153.01980651264992;5270;0.28077028717917418;5270;88.625751518295843;5270;755.96713156529449;5270;4.1300698873867;5270;4.1932432020020141
5280;153.06863612781152;5280;0.28077028717917418;5280;88.686788537247836;5280;756.00666690711569;5280;4.1300698873867;5280;4.1932432020020141
5290;153.2029175695059;5290;0.28077028717917418;5290;88.625751518295843;5290;756.00666690711569;5290;4.1300698873867;5290;4.1969054231391336
5300;153.08084353160191;5300;0.26856288338877532;5300;88.637958922086241;5300;755.96713156529449;5300;4.1300698873867;5300;4.1972106082338936
5310;153.10525833918271;5310;0.23194067201757868;5310;88.613544114505444;5310;755.96713156529449;5310;4.1300698873867;5310;4.1926328318124941
5320;153.25174718466749;5320;0.28077028717917418;5320;88.698995941038234;5320;756.04620224893677;5320;4.1300698873867;5320;4.1972106082338936
5330;153.01980651264992;5330;0.28077028717917418;5330;88.601336710715046;5330;756.04620224893677;5330;4.1300698873867;5330;4.1932432020020141
5340;152.95876949369793;5340;0.28077028717917418;5340;88.637958922086241;5340;756.00666690711569;5340;4.1300698873867;5340;4.1926328318124941
5350;152.95876949369793;5350;0.28077028717917418;5350;88.686788537247836;5350;756.00666690711569;5350;4.1300698873867;5350;4.1920224616229742
5360;153.09305093539231;5360;0.28077028717917418;5360;88.528092287972655;5360;756.04620224893677;5360;4.1300698873867;5360;4.1975157933286535
5370;153.06863612781152;5370;0.26856288338877532;5370;88.589129306924647;5370;756.00666690711569;5370;4.1300698873867;5370;4.1929380169072541
5380;153.04422132023072;5380;0.26856288338877532;5380;88.589129306924647;5380;756.00666690711569;5380;4.1300698873867;5380;4.1947691274758139
5390;153.1662953581347;5390;0.26856288338877532;5390;88.686788537247836;5390;756.00666690711569;5390;4.1300698873867;5390;4.1984313486129334
5400;153.2029175695059;5400;0.26856288338877532;5400;88.625751518295843;5400;756.00666690711569;5400;4.1300698873867;5400;4.1953794976653338
5410;153.08084353160191;5410;0.29297769096957305;5410;88.674581133457437;5410;756.00666690711569;5410;4.1300698873867;5410;4.1966002380443737
5420;152.92214728232673;5420;0.28077028717917418;5420;88.711203344828633;5420;756.00666690711569;5420;4.1300698873867;5420;4.1914120914334543
5430;152.94656208990753;5430;0.24414807580797754;5430;88.760032959990227;5430;756.04620224893677;5430;4.1300698873867;5430;4.1953794976653338
5440;152.98318430127873;5440;0.26856288338877532;5440;88.662373729667038;5440;756.04620224893677;5440;4.1300698873867;5440;4.193548387096774
5450;153.11746574297311;5450;0.24414807580797754;5450;88.576921903134249;5450;756.00666690711569;5450;4.1300698873867;5450;4.1950743125705738
5460;152.98318430127873;5460;0.26856288338877532;5460;88.637958922086241;5460;756.00666690711569;5460;4.1300698873867;5460;4.1926328318124941
5470;152.94656208990753;5470;0.26856288338877532;5470;88.589129306924647;5470;756.00666690711569;5470;4.1300698873867;5470;4.1978209784234135
5480;152.95876949369793;5480;0.24414807580797754;5480;88.662373729667038;5480;756.00666690711569;5480;4.1300698873867;5480;4.1966002380443737
5490;152.95876949369793;5490;0.26856288338877532;5490;88.601336710715046;5490;755.96713156529449;5490;4.1300698873867;5490;4.1908017212439344
5500;153.01980651264992;5500;0.28077028717917418;5500;88.601336710715046;5500;756.00666690711569;5500;4.1300698873867;5500;4.1959898678548537
5510;153.01980651264992;5510;0.26856288338877532;5510;88.430433057649466;5510;756.04620224893677;5510;4.1300698873867;5510;4.1932432020020141
5520;152.94656208990753;5520;0.26856288338877532;5520;88.515884884182256;5520;756.04620224893677;5520;4.1300698873867;5520;4.1920224616229742
5530;152.99539170506912;5530;0.29297769096957305;5530;88.613544114505444;5530;756.04620224893677;5530;4.1300698873867;5530;4.1908017212439344
5540;153.1662953581347;5540;0.29297769096957305;5540;88.601336710715046;5540;756.04620224893677;5540;4.1300698873867;5540;4.1981261635181735
5550;153.01980651264992;5550;0.26856288338877532;5550;88.589129306924647;5550;756.04620224893677;5550;4.1300698873867;5550;4.193548387096774
5560;153.01980651264992;5560;0.28077028717917418;5560;88.56471449934385;5560;756.04620224893677;5560;4.1300698873867;5560;4.193548387096774
5570;153.01980651264992;5570;0.30518509475997191;5570;88.601336710715046;5570;756.00666690711569;5570;4.1300698873867;5570;4.1950743125705738
5580;153.06863612781152;5580;0.28077028717917418;5580;88.515884884182256;5580;755.96713156529449;5580;4.1300698873867;5580;4.1932432020020141
5590;153.05642872402112;5590;0.24414807580797754;5590;88.589129306924647;5590;755.96713156529449;5590;4.1300698873867;5590;4.1926328318124941
5600;153.01980651264992;5600;0.24414807580797754;5600;88.56471449934385;5600;755.96713156529449;5600;4.1300698873867;5600;4.1911069063386943
5610;153.09305093539231;5610;0.26856288338877532;5610;88.674581133457437;5610;756.04620224893677;5610;4.1300698873867;5610;4.1959898678548537
5620;152.99539170506912;5620;0.26856288338877532;5620;88.662373729667038;5620;755.96713156529449;5620;4.1300698873867;5620;4.193853572191534
5630;153.06863612781152;5630;0.24414807580797754;5630;88.56471449934385;5630;755.9275962234733;5630;4.1300698873867;5630;4.1956846827600938
5640;153.05642872402112;5640;0.24414807580797754;5640;88.589129306924647;5640;755.96713156529449;5640;4.1300698873867;5640;4.1929380169072541
5650;153.01980651264992;5650;0.26856288338877532;5650;88.613544114505444;5650;755.96713156529449;5650;4.1300698873867;5650;4.1953794976653338
5660;152.98318430127873;5660;0.24414807580797754;5660;88.528092287972655;5660;756.00666690711569;5660;4.1300698873867;5660;4.1926328318124941
5670;152.98318430127873;5670;0.24414807580797754;5670;88.442640461439865;5670;756.12527293257915;5670;4.1300698873867;5670;4.1926328318124941
5680;152.99539170506912;5680;0.29297769096957305;5680;88.528092287972655;5680;756.04620224893677;5680;4.1300698873867;5680;4.1947691274758139
5690;153.04422132023072;5690;0.29297769096957305;5690;88.442640461439865;5690;755.96713156529449;5690;4.1300698873867;5690;4.1966002380443737
5700;153.00759910885952;5700;0.28077028717917418;5700;88.613544114505444;5700;755.96713156529449;5700;4.1300698873867;5700;4.1969054231391336
5710;152.98318430127873;5710;0.28077028717917418;5710;88.56471449934385;5710;756.00666690711569;5710;4.1300698873867;5710;4.1914120914334543
5720;153.14188055055391;5720;0.28077028717917418;5720;88.589129306924647;5720;756.04620224893677;5720;4.1300698873867;5720;4.1959898678548537
5730;153.01980651264992;5730;0.28077028717917418;5730;88.625751518295843;5730;756.00666690711569;5730;4.1300698873867;5730;4.1929380169072541
5740;152.87331766716514;5740;0.29297769096957305;5740;88.56471449934385;5740;755.96713156529449;5740;4.1300698873867;5740;4.1959898678548537
5750;152.98318430127873;5750;0.29297769096957305;5750;88.613544114505444;5750;755.96713156529449;5750;4.1300698873867;5750;4.193853572191534
5760;153.09305093539231;5760;0.26856288338877532;5760;88.56471449934385;5760;756.00666690711569;5760;4.1300698873867;5760;4.1959898678548537
5770;153.08084353160191;5770;0.26856288338877532;5770;88.589129306924647;5770;756.00666690711569;5770;4.1300698873867;5770;4.1953794976653338
5780;153.14188055055391;5780;0.26856288338877532;5780;88.576921903134249;5780;756.00666690711569;5780;4.1300698873867;5780;4.1901913510544144
5790;153.15408795434431;5790;0.26856288338877532;5790;88.601336710715046;5790;756.00666690711569;5790;4.1300698873867;5790;4.1944639423810539
5800;153.00759910885952;5800;0.26856288338877532;5800;88.47926267281106;5800;755.96713156529449;5800;4.1300698873867;5800;4.1953794976653338
5810;153.04422132023072;5810;0.26856288338877532;5810;88.589129306924647;5810;756.00666690711569;5810;4.1300698873867;5810;4.1959898678548537
5820;153.04422132023072;5820;0.26856288338877532;5820;88.625751518295843;5820;756.00666690711569;5820;4.1300698873867;5820;4.1929380169072541
5830;153.06863612781152;5830;0.29297769096957305;5830;88.576921903134249;5830;755.96713156529449;5830;4.1300698873867;5830;4.1984313486129334
5840;152.95876949369793;5840;0.28077028717917418;5840;88.540299691763053;5840;756.00666690711569;5840;4.1300698873867;5840;4.1950743125705738
5850;152.97097689748833;5850;0.24414807580797754;5850;88.515884884182256;5850;756.00666690711569;5850;4.1300698873867;5850;4.1923276467177342
5860;153.06863612781152;5860;0.28077028717917418;5860;88.503677480391858;5860;755.96713156529449;5860;4.1300698873867;5860;4.1926328318124941
5870;153.09305093539231;5870;0.28077028717917418;5870;88.47926267281106;5870;755.96713156529449;5870;4.1300698873867;5870;4.1947691274758139
5880;153.06863612781152;5880;0.28077028717917418;5880;88.637958922086241;5880;756.00666690711569;5880;4.1300698873867;5880;4.1929380169072541
5890;152.99539170506912;5890;0.24414807580797754;5890;88.613544114505444;5890;755.96713156529449;5890;4.1300698873867;5890;4.1932432020020141
5900;153.11746574297311;5900;0.26856288338877532;5900;88.613544114505444;5900;755.96713156529449;5900;4.1300698873867;5900;4.1981261635181735
5910;153.10525833918271;5910;0.28077028717917418;5910;88.467055269020662;5910;756.00666690711569;5910;4.1300698873867;5910;4.1932432020020141
5920;153.00759910885952;5920;0.30518509475997191;5920;88.467055269020662;5920;756.04620224893677;5920;4.1300698873867;5920;4.1926328318124941
5930;152.99539170506912;5930;0.30518509475997191;5930;88.56471449934385;5930;756.00666690711569;5930;4.1300698873867;5930;4.1908017212439344
5940;153.14188055055391;5940;0.28077028717917418;5940;88.56471449934385;5940;756.00666690711569;5940;4.1300698873867;5940;4.1953794976653338
5950;153.04422132023072;5950;0.26856288338877532;5950;88.601336710715046;5950;755.96713156529449;5950;4.1300698873867;5950;4.1914120914334543
5960;153.04422132023072;5960;0.26856288338877532;5960;88.528092287972655;5960;755.88806088165211;5960;4.1300698873867;5960;4.193853572191534
5970;153.15408795434431;5970;0.26856288338877532;5970;88.589129306924647;5970;755.9275962234733;5970;4.1300698873867;5970;4.1966002380443737
5980;153.05642872402112;5980;0.24414807580797754;5980;88.515884884182256;5980;755.9275962234733;5980;4.1300698873867;5980;4.1932432020020141
5990;152.99539170506912;5990;0.26856288338877532;5990;88.540299691763053;5990;756.00666690711569;5990;4.1300698873867;5990;4.193853572191534
6000;153.01980651264992;6000;0.26856288338877532;6000;88.515884884182256;6000;756.00666690711569;6000;4.1300698873867;6000;4.1911069063386943
6010;153.1785027619251;6010;0.28077028717917418;6010;88.393810846278271;6010;755.96713156529449;6010;4.1300698873867;6010;4.1947691274758139
6020;153.10525833918271;6020;0.29297769096957305;6020;88.369396038697474;6020;755.9275962234733;6020;4.1300698873867;6020;4.1929380169072541
6030;152.98318430127873;6030;0.28077028717917418;6030;88.528092287972655;6030;755.88806088165211;6030;4.1300698873867;6030;4.1966002380443737
6040;152.94656208990753;6040;0.26856288338877532;6040;88.56471449934385;6040;755.9275962234733;6040;4.1300698873867;6040;4.1932432020020141
6050;153.08084353160191;6050;0.24414807580797754;6050;88.406018250068669;6050;756.00666690711569;6050;4.1300698873867;6050;4.1953794976653338
6060;153.04422132023072;6060;0.26856288338877532;6060;88.491470076601459;6060;756.00666690711569;6060;4.1300698873867;6060;4.1944639423810539
6070;152.90993987853633;6070;0.26856288338877532;6070;88.430433057649466;6070;755.96713156529449;6070;4.1300698873867;6070;4.1901913510544144
6080;152.99539170506912;6080;0.28077028717917418;6080;88.576921903134249;6080;756.00666690711569;6080;4.1300698873867;6080;4.193853572191534
6090;152.98318430127873;6090;0.28077028717917418;6090;88.515884884182256;6090;755.96713156529449;6090;4.1300698873867;6090;4.193548387096774
6100;153.00759910885952;6100;0.26856288338877532;6100;88.528092287972655;6100;755.9275962234733;6100;4.1300698873867;6100;4.1932432020020141
6110;153.1785027619251;6110;0.28077028717917418;6110;88.528092287972655;6110;755.9275962234733;6110;4.1300698873867;6110;4.1914120914334543
6120;153.04422132023072;6120;0.26856288338877532;6120;88.393810846278271;6120;756.00666690711569;6120;4.1300698873867;6120;4.1984313486129334
6130;152.82448805200355;6130;0.24414807580797754;6130;88.393810846278271;6130;756.00666690711569;6130;4.1300698873867;6130;4.193853572191534
6140;153.06863612781152;6140;0.26856288338877532;6140;88.418225653859068;6140;756.00666690711569;6140;4.1300698873867;6140;4.1944639423810539
6150;153.01980651264992;6150;0.28077028717917418;6150;88.503677480391858;6150;756.00666690711569;6150;4.1300698873867;6150;4.1956846827600938
6160;152.98318430127873;6160;0.29297769096957305;6160;88.332773827326278;6160;755.96713156529449;6160;4.1300698873867;6160;4.193853572191534
6170;153.04422132023072;6170;0.28077028717917418;6170;88.393810846278271;6170;755.9275962234733;6170;4.1300698873867;6170;4.1929380169072541
6180;152.99539170506912;6180;0.26856288338877532;6180;88.47926267281106;6180;755.9275962234733;6180;4.1300698873867;6180;4.1914120914334543
6190;153.08084353160191;6190;0.28077028717917418;6190;88.528092287972655;6190;755.9275962234733;6190;4.1300698873867;6190;4.1956846827600938
6200;153.11746574297311;6200;0.28077028717917418;6200;88.467055269020662;6200;755.88806088165211;6200;4.1300698873867;6200;4.1944639423810539
6210;153.1785027619251;6210;0.28077028717917418;6210;88.47926267281106;6210;755.88806088165211;6210;4.1300698873867;6210;4.1959898678548537
6220;153.2029175695059;6220;0.30518509475997191;6220;88.503677480391858;6220;756.00666690711569;6220;4.1300698873867;6220;4.1929380169072541
6230;153.08084353160191;6230;0.31739249855037077;6230;88.467055269020662;6230;755.96713156529449;6230;4.1300698873867;6230;4.1950743125705738
6240;152.89773247474594;6240;0.26856288338877532;6240;88.56471449934385;6240;755.96713156529449;6240;4.1300698873867;6240;4.1923276467177342
6250;153.04422132023072;6250;0.28077028717917418;6250;88.491470076601459;6250;755.96713156529449;6250;4.1300698873867;6250;4.1923276467177342
6260;153.05642872402112;6260;0.29297769096957305;6260;88.515884884182256;6260;755.96713156529449;6260;4.1300698873867;6260;4.1932432020020141
6270;153.00759910885952;6270;0.28077028717917418;6270;88.430433057649466;6270;755.88806088165211;6270;4.1300698873867;6270;4.1953794976653338
6280;153.10525833918271;6280;0.26856288338877532;6280;88.344981231116677;6280;755.9275962234733;6280;4.1300698873867;6280;4.1959898678548537
6290;153.11746574297311;6290;0.26856288338877532;6290;88.283944212164684;6290;756.00666690711569;6290;4.1300698873867;6290;4.1911069063386943
6300;153.06863612781152;6300;0.28077028717917418;6300;88.369396038697474;6300;755.96713156529449;6300;4.1300698873867;6300;4.1956846827600938
6310;153.08084353160191;6310;0.26856288338877532;6310;88.406018250068669;6310;755.9275962234733;6310;4.1300698873867;6310;4.1929380169072541
6320;152.99539170506912;6320;0.28077028717917418;6320;88.393810846278271;6320;756.00666690711569;6320;4.1300698873867;6320;4.1944639423810539
6330;152.90993987853633;6330;0.28077028717917418;6330;88.369396038697474;6330;756.00666690711569;6330;4.1300698873867;6330;4.1911069063386943
6340;153.05642872402112;6340;0.24414807580797754;6340;88.381603442487872;6340;755.96713156529449;6340;4.1300698873867;6340;4.1969054231391336
6350;153.01980651264992;6350;0.26856288338877532;6350;88.442640461439865;6350;755.96713156529449;6350;4.1300698873867;6350;4.1956846827600938
6360;153.04422132023072;6360;0.26856288338877532;6360;88.467055269020662;6360;755.9275962234733;6360;4.1300698873867;6360;4.1904965361491744
6370;153.10525833918271;6370;0.26856288338877532;6370;88.503677480391858;6370;755.96713156529449;6370;4.1300698873867;6370;4.193548387096774
6380;153.09305093539231;6380;0.26856288338877532;6380;88.369396038697474;6380;755.96713156529449;6380;4.1300698873867;6380;4.1944639423810539
6390;152.99539170506912;6390;0.29297769096957305;6390;88.491470076601459;6390;755.96713156529449;6390;4.1300698873867;6390;4.1953794976653338
6400;152.94656208990753;6400;0.28077028717917418;6400;88.442640461439865;6400;755.96713156529449;6400;4.1300698873867;6400;4.1926328318124941
6410;153.00759910885952;6410;0.24414807580797754;6410;88.381603442487872;6410;755.9275962234733;6410;4.1300698873867;6410;4.1966002380443737
6420;152.95876949369793;6420;0.26856288338877532;6420;88.430433057649466;6420;755.9275962234733;6420;4.1300698873867;6420;4.1929380169072541
6430;153.05642872402112;6430;0.28077028717917418;6430;88.467055269020662;6430;755.9275962234733;6430;4.1300698873867;6430;4.193548387096774
6440;153.10525833918271;6440;0.29297769096957305;6440;88.418225653859068;6440;755.88806088165211;6440;4.1300698873867;6440;4.1920224616229742
6450;153.01980651264992;6450;0.26856288338877532;6450;88.369396038697474;6450;755.88806088165211;6450;4.1300698873867;6450;4.1956846827600938
6460;152.89773247474594;6460;0.26856288338877532;6460;88.418225653859068;6460;755.9275962234733;6460;4.1300698873867;6460;4.1950743125705738
6470;153.00759910885952;6470;0.26856288338877532;6470;88.393810846278271;6470;755.9275962234733;6470;4.1300698873867;6470;4.1892757957701345
6480;153.15408795434431;6480;0.26856288338877532;6480;88.442640461439865;6480;756.00666690711569;6480;4.1300698873867;6480;4.1947691274758139
6490;153.11746574297311;6490;0.28077028717917418;6490;88.393810846278271;6490;756.00666690711569;6490;4.1300698873867;6490;4.1944639423810539
6500;153.14188055055391;6500;0.28077028717917418;6500;88.381603442487872;6500;756.00666690711569;6500;4.1300698873867;6500;4.1950743125705738
6510;153.11746574297311;6510;0.24414807580797754;6510;88.369396038697474;6510;755.96713156529449;6510;4.1300698873867;6510;4.1920224616229742
6520;153.10525833918271;6520;0.26856288338877532;6520;88.430433057649466;6520;755.9275962234733;6520;4.1300698873867;6520;4.1950743125705738
6530;153.01980651264992;6530;0.28077028717917418;6530;88.418225653859068;6530;755.9275962234733;6530;4.1300698873867;6530;4.1911069063386943
6540;153.09305093539231;6540;0.28077028717917418;6540;88.418225653859068;6540;755.9275962234733;6540;4.1300698873867;6540;4.1932432020020141
6550;153.05642872402112;6550;0.26856288338877532;6550;88.589129306924647;6550;755.96713156529449;6550;4.1300698873867;6550;4.1956846827600938
6560;153.00759910885952;6560;0.26856288338877532;6560;88.418225653859068;6560;755.9275962234733;6560;4.1300698873867;6560;4.193853572191534
6570;152.97097689748833;6570;0.28077028717917418;6570;88.381603442487872;6570;755.96713156529449;6570;4.1300698873867;6570;4.193853572191534
6580;152.97097689748833;6580;0.24414807580797754;6580;88.283944212164684;6580;755.96713156529449;6580;4.1300698873867;6580;4.1911069063386943
6590;153.05642872402112;6590;0.24414807580797754;6590;88.393810846278271;6590;755.96713156529449;6590;4.1300698873867;6590;4.1969054231391336
6600;152.90993987853633;6600;0.24414807580797754;6600;88.430433057649466;6600;755.96713156529449;6600;4.1300698873867;6600;4.1944639423810539
6610;152.94656208990753;6610;0.24414807580797754;6610;88.344981231116677;6610;755.96713156529449;6610;4.1300698873867;6610;4.1929380169072541
6620;152.98318430127873;6620;0.24414807580797754;6620;88.393810846278271;6620;755.9275962234733;6620;4.1300698873867;6620;4.1911069063386943
6630;153.05642872402112;6630;0.26856288338877532;6630;88.430433057649466;6630;755.9275962234733;6630;4.1300698873867;6630;4.1956846827600938
6640;153.08084353160191;6640;0.28077028717917418;6640;88.430433057649466;6640;755.96713156529449;6640;4.1300698873867;6640;4.1929380169072541
6650;152.98318430127873;6650;0.24414807580797754;6650;88.32056642353588;6650;755.9275962234733;6650;4.1300698873867;6650;4.1911069063386943
6660;153.00759910885952;6660;0.26856288338877532;6660;88.393810846278271;6660;755.88806088165211;6660;4.1300698873867;6660;4.1953794976653338
6670;153.08084353160191;6670;0.28077028717917418;6670;88.344981231116677;6670;755.9275962234733;6670;4.1300698873867;6670;4.193548387096774
6680;153.08084353160191;6680;0.26856288338877532;6680;88.369396038697474;6680;755.9275962234733;6680;4.1300698873867;6680;4.193548387096774
6690;153.00759910885952;6690;0.24414807580797754;6690;88.332773827326278;6690;755.9275962234733;6690;4.1300698873867;6690;4.1914120914334543
6700;153.1907101657155;6700;0.28077028717917418;6700;88.283944212164684;6700;755.88806088165211;6700;4.1300698873867;6700;4.1956846827600938
6710;153.09305093539231;6710;0.29297769096957305;6710;88.283944212164684;6710;755.84852553983092;6710;4.1300698873867;6710;4.1926328318124941
6720;153.01980651264992;6720;0.26856288338877532;6720;88.344981231116677;6720;755.88806088165211;6720;4.1300698873867;6720;4.1944639423810539
6730;153.05642872402112;6730;0.26856288338877532;6730;88.369396038697474;6730;755.88806088165211;6730;4.1300698873867;6730;4.1914120914334543
6740;153.15408795434431;6740;0.26856288338877532;6740;88.271736808374285;6740;755.9275962234733;6740;4.1300698873867;6740;4.193853572191534
6750;153.01980651264992;6750;0.26856288338877532;6750;88.393810846278271;6750;755.96713156529449;6750;4.1300698873867;6750;4.1950743125705738
6760;152.92214728232673;6760;0.28077028717917418;6760;88.332773827326278;6760;755.9275962234733;6760;4.1300698873867;6760;4.1908017212439344
6770;153.00759910885952;6770;0.28077028717917418;6770;88.308359019745481;6770;755.9275962234733;6770;4.1300698873867;6770;4.1953794976653338
6780;153.05642872402112;6780;0.28077028717917418;6780;88.308359019745481;6780;755.9275962234733;6780;4.1300698873867;6780;4.1944639423810539
6790;153.1785027619251;6790;0.26856288338877532;6790;88.381603442487872;6790;755.88806088165211;6790;4.1300698873867;6790;4.193853572191534
6800;153.08084353160191;6800;0.24414807580797754;6800;88.393810846278271;6800;755.88806088165211;6800;4.1300698873867;6800;4.1914120914334543
6810;153.06863612781152;6810;0.26856288338877532;6810;88.393810846278271;6810;755.9275962234733;6810;4.1300698873867;6810;4.1956846827600938
6820;152.98318430127873;6820;0.24414807580797754;6820;88.332773827326278;6820;755.9275962234733;6820;4.1300698873867;6820;4.1908017212439344
6830;152.99539170506912;6830;0.24414807580797754;6830;88.222907193212691;6830;755.9275962234733;6830;4.1300698873867;6830;4.193548387096774
6840;153.00759910885952;6840;0.28077028717917418;6840;88.32056642353588;6840;755.9275962234733;6840;4.1300698873867;6840;4.1959898678548537
6850;152.94656208990753;6850;0.28077028717917418;6850;88.296151615955083;6850;755.88806088165211;6850;4.1300698873867;6850;4.1923276467177342
6860;152.97097689748833;6860;0.28077028717917418;6860;88.369396038697474;6860;755.96713156529449;6860;4.1300698873867;6860;4.1926328318124941
6870;153.01980651264992;6870;0.26856288338877532;6870;88.296151615955083;6870;755.96713156529449;6870;4.1300698873867;6870;4.1926328318124941
6880;153.15408795434431;6880;0.28077028717917418;6880;88.32056642353588;6880;755.96713156529449;6880;4.1300698873867;6880;4.1978209784234135
6890;153.08084353160191;6890;0.29297769096957305;6890;88.381603442487872;6890;755.88806088165211;6890;4.1300698873867;6890;4.193853572191534
6900;153.06863612781152;6900;0.28077028717917418;6900;88.406018250068669;6900;755.84852553983092;6900;4.1300698873867;6900;4.193548387096774
6910;153.08084353160191;6910;0.26856288338877532;6910;88.344981231116677;6910;755.88806088165211;6910;4.1300698873867;6910;4.1911069063386943
6920;153.10525833918271;6920;0.26856288338877532;6920;88.308359019745481;6920;755.96713156529449;6920;4.1300698873867;6920;4.1972106082338936
6930;153.09305093539231;6930;0.28077028717917418;6930;88.369396038697474;6930;755.96713156529449;6930;4.1300698873867;6930;4.1950743125705738
6940;153.15408795434431;6940;0.26856288338877532;6940;88.308359019745481;6940;755.9275962234733;6940;4.1300698873867;6940;4.1904965361491744
6950;153.14188055055391;6950;0.26856288338877532;6950;88.381603442487872;6950;755.9275962234733;6950;4.1300698873867;6950;4.1932432020020141
6960;152.99539170506912;6960;0.29297769096957305;6960;88.23511459700309;6960;755.9275962234733;6960;4.1300698873867;6960;4.1947691274758139
6970;152.95876949369793;6970;0.29297769096957305;6970;88.222907193212691;6970;755.9275962234733;6970;4.1300698873867;6970;4.1947691274758139
6980;152.98318430127873;6980;0.29297769096957305;6980;88.1984923856319;6980;755.88806088165211;6980;4.1300698873867;6980;4.1911069063386943
6990;153.04422132023072;6990;0.28077028717917418;6990;88.23511459700309;6990;755.9275962234733;6990;4.1300698873867;6990;4.1959898678548537
7000;152.94656208990753;7000;0.24414807580797754;7000;88.247322000793488;7000;755.96713156529449;7000;4.1300698873867;7000;4.1932432020020141
7010;152.94656208990753;7010;0.24414807580797754;7010;88.247322000793488;7010;755.9275962234733;7010;4.1300698873867;7010;4.1953794976653338
7020;152.88552507095554;7020;0.24414807580797754;7020;88.418225653859068;7020;755.88806088165211;7020;4.1300698873867;7020;4.193548387096774
7030;153.08084353160191;7030;0.26856288338877532;7030;88.393810846278271;7030;755.84852553983092;7030;4.1300698873867;7030;4.193548387096774
7040;153.1662953581347;7040;0.28077028717917418;7040;88.406018250068669;7040;755.88806088165211;7040;4.1300698873867;7040;4.1926328318124941
7050;153.09305093539231;7050;0.26856288338877532;7050;88.369396038697474;7050;755.88806088165211;7050;4.1300698873867;7050;4.1908017212439344
7060;153.11746574297311;7060;0.26856288338877532;7060;88.296151615955083;7060;755.88806088165211;7060;4.1300698873867;7060;4.1956846827600938
7070;153.00759910885952;7070;0.24414807580797754;7070;88.222907193212691;7070;755.88806088165211;7070;4.1300698873867;7070;4.1944639423810539
7080;152.99539170506912;7080;0.24414807580797754;7080;88.332773827326278;7080;755.9275962234733;7080;4.1300698873867;7080;4.1947691274758139
7090;153.00759910885952;7090;0.24414807580797754;7090;88.332773827326278;7090;755.96713156529449;7090;4.1300698873867;7090;4.1920224616229742
7100;153.05642872402112;7100;0.28077028717917418;7100;88.332773827326278;7100;755.9275962234733;7100;4.1300698873867;7100;4.1950743125705738
7110;153.00759910885952;7110;0.28077028717917418;7110;88.247322000793488;7110;755.88806088165211;7110;4.1300698873867;7110;4.1911069063386943
7120;153.10525833918271;7120;0.26856288338877532;7120;88.247322000793488;7120;755.9275962234733;7120;4.1300698873867;7120;4.1947691274758139
7130;153.08084353160191;7130;0.28077028717917418;7130;88.32056642353588;7130;755.96713156529449;7130;4.1300698873867;7130;4.1947691274758139
7140;153.09305093539231;7140;0.28077028717917418;7140;88.247322000793488;7140;755.9275962234733;7140;4.1300698873867;7140;4.1923276467177342
7150;153.05642872402112;7150;0.28077028717917418;7150;88.332773827326278;7150;755.96713156529449;7150;4.1300698873867;7150;4.1932432020020141
7160;153.08084353160191;7160;0.28077028717917418;7160;88.308359019745481;7160;755.9275962234733;7160;4.1300698873867;7160;4.1923276467177342
7170;153.11746574297311;7170;0.26856288338877532;7170;88.442640461439865;7170;755.9275962234733;7170;4.1300698873867;7170;4.1975157933286535
7180;153.05642872402112;7180;0.24414807580797754;7180;88.344981231116677;7180;755.9275962234733;7180;4.1300698873867;7180;4.193853572191534
7190;153.04422132023072;7190;0.24414807580797754;7190;88.344981231116677;7190;755.84852553983092;7190;4.1300698873867;7190;4.193853572191534
7200;152.88552507095554;7200;0.26856288338877532;7200;88.381603442487872;7200;755.84852553983092;7200;4.1300698873867;7200;4.1929380169072541
7210;152.98318430127873;7210;0.28077028717917418;7210;88.32056642353588;7210;755.88806088165211;7210;4.1300698873867;7210;4.1956846827600938
7220;152.98318430127873;7220;0.26856288338877532;7220;88.369396038697474;7220;755.84852553983092;7220;4.1300698873867;7220;4.1911069063386943
7230;153.08084353160191;7230;0.28077028717917418;7230;88.344981231116677;7230;755.80899019800972;7230;4.1300698873867;7230;4.1932432020020141
7240;153.09305093539231;7240;0.29297769096957305;7240;88.296151615955083;7240;755.84852553983092;7240;4.1300698873867;7240;4.1966002380443737
7250;152.97097689748833;7250;0.26856288338877532;7250;88.1740775780511;7250;755.88806088165211;7250;4.1300698873867;7250;4.1920224616229742
7260;152.99539170506912;7260;0.26856288338877532;7260;88.344981231116677;7260;755.9275962234733;7260;4.1300698873867;7260;4.1923276467177342
7270;153.06863612781152;7270;0.26856288338877532;7270;88.308359019745481;7270;755.88806088165211;7270;4.1300698873867;7270;4.1923276467177342
7280;153.14188055055391;7280;0.26856288338877532;7280;88.247322000793488;7280;755.84852553983092;7280;4.1300698873867;7280;4.1975157933286535
7290;153.09305093539231;7290;0.24414807580797754;7290;88.222907193212691;7290;755.84852553983092;7290;4.1300698873867;7290;4.1944639423810539
7300;153.09305093539231;7300;0.26856288338877532;7300;88.283944212164684;7300;755.88806088165211;7300;4.1300698873867;7300;4.1947691274758139
7310;152.98318430127873;7310;0.29297769096957305;7310;88.222907193212691;7310;755.9275962234733;7310;4.1300698873867;7310;4.1926328318124941
7320;153.08084353160191;7320;0.28077028717917418;7320;88.1496627704703;7320;755.88806088165211;7320;4.1300698873867;7320;4.1932432020020141
7330;153.11746574297311;7330;0.28077028717917418;7330;88.296151615955083;7330;755.9275962234733;7330;4.1300698873867;7330;4.1920224616229742
7340;153.1907101657155;7340;0.28077028717917418;7340;88.23511459700309;7340;755.9275962234733;7340;4.1300698873867;7340;4.193853572191534
7350;153.1785027619251;7350;0.30518509475997191;7350;88.308359019745481;7350;755.9275962234733;7350;4.1300698873867;7350;4.1978209784234135
7360;153.01980651264992;7360;0.28077028717917418;7360;88.247322000793488;7360;755.96713156529449;7360;4.1300698873867;7360;4.1926328318124941
7370;152.95876949369793;7370;0.26856288338877532;7370;88.296151615955083;7370;755.96713156529449;7370;4.1300698873867;7370;4.1929380169072541
7380;152.95876949369793;7380;0.26856288338877532;7380;88.332773827326278;7380;755.88806088165211;7380;4.1300698873867;7380;4.1914120914334543
7390;153.09305093539231;7390;0.24414807580797754;7390;88.222907193212691;7390;755.88806088165211;7390;4.1300698873867;7390;4.1969054231391336
7400;152.98318430127873;7400;0.23194067201757868;7400;88.1008331553087;7400;755.9275962234733;7400;4.1300698873867;7400;4.1944639423810539
7410;153.04422132023072;7410;0.24414807580797754;7410;88.1862849818415;7410;755.88806088165211;7410;4.1300698873867;7410;4.1929380169072541
7420;153.2029175695059;7420;0.28077028717917418;7420;88.23511459700309;7420;755.84852553983092;7420;4.1300698873867;7420;4.1923276467177342
7430;153.1907101657155;7430;0.26856288338877532;7430;88.1008331553087;7430;755.88806088165211;7430;4.1300698873867;7430;4.1950743125705738
7440;152.98318430127873;7440;0.28077028717917418;7440;88.1008331553087;7440;755.9275962234733;7440;4.1300698873867;7440;4.1956846827600938
7450;152.98318430127873;7450;0.28077028717917418;7450;88.1862849818415;7450;755.88806088165211;7450;4.1300698873867;7450;4.1911069063386943
7460;153.1662953581347;7460;0.26856288338877532;7460;88.308359019745481;7460;755.88806088165211;7460;4.1300698873867;7460;4.1950743125705738
7470;153.09305093539231;7470;0.26856288338877532;7470;88.1740775780511;7470;755.88806088165211;7470;4.1300698873867;7470;4.193548387096774
7480;153.09305093539231;7480;0.24414807580797754;7480;88.222907193212691;7480;755.88806088165211;7480;4.1300698873867;7480;4.1950743125705738
7490;153.06863612781152;7490;0.26856288338877532;7490;88.222907193212691;7490;755.9275962234733;7490;4.1300698873867;7490;4.1932432020020141
7500;153.05642872402112;7500;0.28077028717917418;7500;88.1984923856319;7500;755.88806088165211;7500;4.1300698873867;7500;4.1953794976653338
7510;153.01980651264992;7510;0.28077028717917418;7510;88.222907193212691;7510;755.88806088165211;7510;4.1300698873867;7510;4.1920224616229742
7520;153.05642872402112;7520;0.26856288338877532;7520;88.052003540147112;7520;755.88806088165211;7520;4.1300698873867;7520;4.193853572191534
7530;153.04422132023072;7530;0.26856288338877532;7530;88.1130405590991;7530;755.88806088165211;7530;4.1300698873867;7530;4.1966002380443737
7540;153.00759910885952;7540;0.26856288338877532;7540;88.088625751518308;7540;755.84852553983092;7540;4.1300698873867;7540;4.1923276467177342
7550;153.05642872402112;7550;0.26856288338877532;7550;88.210699789422293;7550;755.9275962234733;7550;4.1300698873867;7550;4.1929380169072541
7560;153.09305093539231;7560;0.26856288338877532;7560;88.1496627704703;7560;755.88806088165211;7560;4.1300698873867;7560;4.1923276467177342
7570;153.06863612781152;7570;0.26856288338877532;7570;88.1130405590991;7570;755.88806088165211;7570;4.1300698873867;7570;4.1956846827600938
7580;153.00759910885952;7580;0.24414807580797754;7580;88.1496627704703;7580;755.88806088165211;7580;4.1300698873867;7580;4.1926328318124941
7590;153.10525833918271;7590;0.26856288338877532;7590;88.271736808374285;7590;755.9275962234733;7590;4.1300698873867;7590;4.1950743125705738
7600;152.99539170506912;7600;0.29297769096957305;7600;88.222907193212691;7600;755.9275962234733;7600;4.1300698873867;7600;4.193548387096774
7610;152.97097689748833;7610;0.28077028717917418;7610;88.088625751518308;7610;755.84852553983092;7610;4.1300698873867;7610;4.193548387096774
7620;153.00759910885952;7620;0.28077028717917418;7620;88.1984923856319;7620;755.88806088165211;7620;4.1300698873867;7620;4.1908017212439344
7630;153.01980651264992;7630;0.28077028717917418;7630;88.283944212164684;7630;755.84852553983092;7630;4.1300698873867;7630;4.1932432020020141
7640;152.97097689748833;7640;0.26856288338877532;7640;88.283944212164684;7640;755.72991951436734;7640;4.1300698873867;7640;4.1975157933286535
7650;153.01980651264992;7650;0.29297769096957305;7650;88.088625751518308;7650;755.80899019800972;7650;4.1300698873867;7650;4.1929380169072541
7660;153.09305093539231;7660;0.29297769096957305;7660;88.222907193212691;7660;755.88806088165211;7660;4.1300698873867;7660;4.1932432020020141
7670;153.06863612781152;7670;0.26856288338877532;7670;88.32056642353588;7670;755.88806088165211;7670;4.1300698873867;7670;4.1914120914334543
7680;153.11746574297311;7680;0.24414807580797754;7680;88.1984923856319;7680;755.84852553983092;7680;4.1300698873867;7680;4.1978209784234135
7690;152.98318430127873;7690;0.28077028717917418;7690;88.1130405590991;7690;755.84852553983092;7690;4.1300698873867;7690;4.1944639423810539
7700;153.04422132023072;7700;0.29297769096957305;7700;88.1740775780511;7700;755.88806088165211;7700;4.1300698873867;7700;4.1932432020020141
7710;153.06863612781152;7710;0.28077028717917418;7710;88.1252479628895;7710;755.88806088165211;7710;4.1300698873867;7710;4.193853572191534
7720;153.00759910885952;7720;0.26856288338877532;7720;88.076418347727909;7720;755.84852553983092;7720;4.1300698873867;7720;4.1947691274758139
7730;152.97097689748833;7730;0.26856288338877532;7730;88.210699789422293;7730;755.84852553983092;7730;4.1300698873867;7730;4.1929380169072541
7740;153.00759910885952;7740;0.26856288338877532;7740;88.222907193212691;7740;755.84852553983092;7740;4.1300698873867;7740;4.1932432020020141
7750;153.09305093539231;7750;0.28077028717917418;7750;88.283944212164684;7750;755.84852553983092;7750;4.1300698873867;7750;4.1981261635181735
7760;153.09305093539231;7760;0.28077028717917418;7760;88.1496627704703;7760;755.80899019800972;7760;4.1300698873867;7760;4.193853572191534
7770;153.11746574297311;7770;0.29297769096957305;7770;88.1984923856319;7770;755.84852553983092;7770;4.1300698873867;7770;4.193853572191534
7780;153.1662953581347;7780;0.29297769096957305;7780;88.1984923856319;7780;755.84852553983092;7780;4.1300698873867;7780;4.1911069063386943
7790;153.1662953581347;7790;0.29297769096957305;7790;88.076418347727909;7790;755.88806088165211;7790;4.1300698873867;7790;4.1972106082338936
7800;152.97097689748833;7800;0.26856288338877532;7800;88.1008331553087;7800;755.88806088165211;7800;4.1300698873867;7800;4.1932432020020141
7810;152.95876949369793;7810;0.28077028717917418;7810;88.088625751518308;7810;755.80899019800972;7810;4.1300698873867;7810;4.1923276467177342
7820;153.10525833918271;7820;0.29297769096957305;7820;88.1130405590991;7820;755.84852553983092;7820;4.1300698873867;7820;4.1947691274758139
7830;153.25174718466749;7830;0.26856288338877532;7830;88.1252479628895;7830;755.84852553983092;7830;4.1300698873867;7830;4.1926328318124941
7840;153.15408795434431;7840;0.26856288338877532;7840;88.247322000793488;7840;755.84852553983092;7840;4.1300698873867;7840;4.1932432020020141
7850;152.92214728232673;7850;0.26856288338877532;7850;88.271736808374285;7850;755.80899019800972;7850;4.1300698873867;7850;4.1926328318124941
7860;152.92214728232673;7860;0.28077028717917418;7860;88.1984923856319;7860;755.80899019800972;7860;4.1300698873867;7860;4.1978209784234135
7870;152.89773247474594;7870;0.26856288338877532;7870;88.088625751518308;7870;755.80899019800972;7870;4.1300698873867;7870;4.193853572191534
7880;152.95876949369793;7880;0.26856288338877532;7880;88.1252479628895;7880;755.80899019800972;7880;4.1300698873867;7880;4.1932432020020141
7890;152.99539170506912;7890;0.28077028717917418;7890;88.1862849818415;7890;755.84852553983092;7890;4.1300698873867;7890;4.1914120914334543
7900;153.05642872402112;7900;0.28077028717917418;7900;88.1862849818415;7900;755.80899019800972;7900;4.1300698873867;7900;4.1953794976653338
7910;153.06863612781152;7910;0.28077028717917418;7910;88.1740775780511;7910;755.84852553983092;7910;4.1300698873867;7910;4.1923276467177342
7920;153.05642872402112;7920;0.26856288338877532;7920;88.076418347727909;7920;755.72991951436734;7920;4.1300698873867;7920;4.1926328318124941
7930;152.98318430127873;7930;0.28077028717917418;7930;88.039796136356713;7930;755.80899019800972;7930;4.1300698873867;7930;4.1975157933286535
7940;152.95876949369793;7940;0.28077028717917418;7940;88.052003540147112;7940;755.72991951436734;7940;4.1300698873867;7940;4.1929380169072541
7950;153.08084353160191;7950;0.28077028717917418;7950;88.283944212164684;7950;755.80899019800972;7950;4.1300698873867;7950;4.1926328318124941
7960;153.06863612781152;7960;0.24414807580797754;7960;88.308359019745481;7960;755.84852553983092;7960;4.1300698873867;7960;4.1920224616229742
7970;153.06863612781152;7970;0.26856288338877532;7970;88.247322000793488;7970;755.80899019800972;7970;4.1300698873867;7970;4.1981261635181735
7980;153.09305093539231;7980;0.24414807580797754;7980;88.1252479628895;7980;755.80899019800972;7980;4.1300698873867;7980;4.193853572191534
7990;153.08084353160191;7990;0.24414807580797754;7990;88.1374553666799;7990;755.80899019800972;7990;4.1300698873867;7990;4.1926328318124941
8000;153.00759910885952;8000;0.26856288338877532;8000;88.1130405590991;8000;755.72991951436734;8000;4.1300698873867;8000;4.1929380169072541
8010;152.98318430127873;8010;0.26856288338877532;8010;88.039796136356713;8010;755.80899019800972;8010;4.1300698873867;8010;4.1944639423810539
8020;152.98318430127873;8020;0.26856288338877532;8020;88.222907193212691;8020;755.84852553983092;8020;4.1300698873867;8020;4.1929380169072541
8030;152.99539170506912;8030;0.28077028717917418;8030;88.23511459700309;8030;755.80899019800972;8030;4.1300698873867;8030;4.1929380169072541
8040;152.97097689748833;8040;0.28077028717917418;8040;88.210699789422293;8040;755.84852553983092;8040;4.1300698873867;8040;4.1984313486129334
8050;152.99539170506912;8050;0.29297769096957305;8050;88.1130405590991;8050;755.80899019800972;8050;4.1300698873867;8050;4.193853572191534
8060;153.05642872402112;8060;0.32959990234076969;8060;88.076418347727909;8060;755.80899019800972;8060;4.1300698873867;8060;4.1929380169072541
8070;152.97097689748833;8070;0.30518509475997191;8070;88.052003540147112;8070;755.80899019800972;8070;4.1300698873867;8070;4.1904965361491744
8080;152.99539170506912;8080;0.29297769096957305;8080;88.247322000793488;8080;755.72991951436734;8080;4.1300698873867;8080;4.1975157933286535
8090;152.95876949369793;8090;0.29297769096957305;8090;88.1862849818415;8090;755.72991951436734;8090;4.1300698873867;8090;4.193548387096774
8100;153.01980651264992;8100;0.26856288338877532;8100;88.027588732566315;8100;755.72991951436734;8100;4.1300698873867;8100;4.1908017212439344
8110;153.1785027619251;8110;0.28077028717917418;8110;88.1252479628895;8110;755.84852553983092;8110;4.1300698873867;8110;4.193548387096774
8120;153.25174718466749;8120;0.26856288338877532;8120;88.039796136356713;8120;755.80899019800972;8120;4.1300698873867;8120;4.193548387096774
8130;153.1907101657155;8130;0.26856288338877532;8130;88.1984923856319;8130;755.72991951436734;8130;4.1300698873867;8130;4.193548387096774
8140;153.11746574297311;8140;0.24414807580797754;8140;88.1862849818415;8140;755.72991951436734;8140;4.1300698873867;8140;4.1929380169072541
8150;153.06863612781152;8150;0.28077028717917418;8150;88.1496627704703;8150;755.80899019800972;8150;4.1300698873867;8150;4.1969054231391336
8160;153.05642872402112;8160;0.28077028717917418;8160;88.1740775780511;8160;755.72991951436734;8160;4.1300698873867;8160;4.1926328318124941
8170;153.00759910885952;8170;0.26856288338877532;8170;88.1984923856319;8170;755.69038417254626;8170;4.1300698873867;8170;4.193548387096774
8180;153.00759910885952;8180;0.26856288338877532;8180;88.1496627704703;8180;755.80899019800972;8180;4.1300698873867;8180;4.1908017212439344
8190;153.06863612781152;8190;0.28077028717917418;8190;88.1008331553087;8190;755.84852553983092;8190;4.1300698873867;8190;4.1947691274758139
8200;152.92214728232673;8200;0.28077028717917418;8200;88.027588732566315;8200;755.80899019800972;8200;4.1300698873867;8200;4.193548387096774
8210;152.95876949369793;8210;0.26856288338877532;8210;88.1130405590991;8210;755.72991951436734;8210;4.1300698873867;8210;4.1911069063386943
8220;152.98318430127873;8220;0.29297769096957305;8220;88.1862849818415;8220;755.72991951436734;8220;4.1300698873867;8220;4.193853572191534
8230;153.04422132023072;8230;0.29297769096957305;8230;88.027588732566315;8230;755.69038417254626;8230;4.1300698873867;8230;4.1950743125705738
8240;153.09305093539231;8240;0.30518509475997191;8240;88.210699789422293;8240;755.80899019800972;8240;4.1300698873867;8240;4.1959898678548537
8250;153.15408795434431;8250;0.30518509475997191;8250;88.1862849818415;8250;755.72991951436734;8250;4.1300698873867;8250;4.1920224616229742
8260;153.1662953581347;8260;0.28077028717917418;8260;88.076418347727909;8260;755.72991951436734;8260;4.1300698873867;8260;4.1953794976653338
8270;153.04422132023072;8270;0.26856288338877532;8270;88.027588732566315;8270;755.72991951436734;8270;4.1300698873867;8270;4.1920224616229742
8280;153.06863612781152;8280;0.26856288338877532;8280;88.1130405590991;8280;755.80899019800972;8280;4.1300698873867;8280;4.193853572191534
8290;153.04422132023072;8290;0.26856288338877532;8290;88.1740775780511;8290;755.80899019800972;8290;4.1300698873867;8290;4.1929380169072541
8300;153.00759910885952;8300;0.26856288338877532;8300;88.076418347727909;8300;755.72991951436734;8300;4.1300698873867;8300;4.1950743125705738
8310;152.94656208990753;8310;0.29297769096957305;8310;88.210699789422293;8310;755.80899019800972;8310;4.1300698873867;8310;4.1944639423810539
8320;152.89773247474594;8320;0.28077028717917418;8320;88.1252479628895;8320;755.72991951436734;8320;4.1300698873867;8320;4.1901913510544144
8330;152.95876949369793;8330;0.28077028717917418;8330;88.076418347727909;8330;755.72991951436734;8330;4.1300698873867;8330;4.1953794976653338
8340;153.10525833918271;8340;0.28077028717917418;8340;88.027588732566315;8340;755.72991951436734;8340;4.1300698873867;8340;4.1950743125705738
8350;153.04422132023072;8350;0.29297769096957305;8350;88.027588732566315;8350;755.80899019800972;8350;4.1300698873867;8350;4.1956846827600938
8360;152.89773247474594;8360;0.29297769096957305;8360;87.990966521195119;8360;755.80899019800972;8360;4.1300698873867;8360;4.1926328318124941
8370;152.99539170506912;8370;0.26856288338877532;8370;87.942136906033525;8370;755.88806088165211;8370;4.1300698873867;8370;4.1966002380443737
8380;152.98318430127873;8380;0.24414807580797754;8380;87.978759117404721;8380;755.88806088165211;8380;4.1300698873867;8380;4.1929380169072541
8390;153.10525833918271;8390;0.24414807580797754;8390;87.990966521195119;8390;755.84852553983092;8390;4.1300698873867;8390;4.1926328318124941
8400;152.99539170506912;8400;0.26856288338877532;8400;87.942136906033525;8400;755.84852553983092;8400;4.1300698873867;8400;4.1904965361491744
8410;152.83669545579394;8410;0.26856288338877532;8410;87.917722098452728;8410;755.84852553983092;8410;4.1300698873867;8410;4.1959898678548537
8420;152.98318430127873;8420;0.26856288338877532;8420;87.942136906033525;8420;755.9275962234733;8420;4.1300698873867;8420;4.1947691274758139
8430;153.10525833918271;8430;0.23194067201757868;8430;88.003173924985518;8430;755.84852553983092;8430;4.1300698873867;8430;4.1914120914334543
8440;153.10525833918271;8440;0.24414807580797754;8440;88.1862849818415;8440;755.80899019800972;8440;4.1300698873867;8440;4.1969054231391336
8450;152.97097689748833;8450;0.28077028717917418;8450;88.076418347727909;8450;755.72991951436734;8450;4.1300698873867;8450;4.1932432020020141
8460;153.08084353160191;8460;0.29297769096957305;8460;88.1130405590991;8460;755.80899019800972;8460;4.1300698873867;8460;4.1929380169072541
8470;153.00759910885952;8470;0.28077028717917418;8470;88.1862849818415;8470;755.84852553983092;8470;4.1300698873867;8470;4.1911069063386943
8480;152.97097689748833;8480;0.26856288338877532;8480;88.1252479628895;8480;755.80899019800972;8480;4.1300698873867;8480;4.1981261635181735
8490;152.99539170506912;8490;0.29297769096957305;8490;88.052003540147112;8490;755.80899019800972;8490;4.1300698873867;8490;4.1947691274758139
8500;153.09305093539231;8500;0.29297769096957305;8500;87.978759117404721;8500;755.72991951436734;8500;4.1300698873867;8500;4.1923276467177342
8510;153.11746574297311;8510;0.30518509475997191;8510;88.088625751518308;8510;755.80899019800972;8510;4.1300698873867;8510;4.1929380169072541
8520;153.10525833918271;8520;0.28077028717917418;8520;88.1252479628895;8520;755.72991951436734;8520;4.1300698873867;8520;4.1950743125705738
8530;153.11746574297311;8530;0.28077028717917418;8530;88.1252479628895;8530;755.72991951436734;8530;4.1300698873867;8530;4.1950743125705738
8540;152.98318430127873;8540;0.28077028717917418;8540;88.052003540147112;8540;755.72991951436734;8540;4.1300698873867;8540;4.1920224616229742
8550;153.04422132023072;8550;0.28077028717917418;8550;88.027588732566315;8550;755.80899019800972;8550;4.1300698873867;8550;4.1969054231391336
8560;152.99539170506912;8560;0.26856288338877532;8560;87.942136906033525;8560;755.72991951436734;8560;4.1300698873867;8560;4.1926328318124941
8570;153.04422132023072;8570;0.24414807580797754;8570;88.052003540147112;8570;755.69038417254626;8570;4.1300698873867;8570;4.1926328318124941
8580;153.08084353160191;8580;0.26856288338877532;8580;88.052003540147112;8580;755.69038417254626;8580;4.1300698873867;8580;4.1911069063386943
8590;153.1662953581347;8590;0.24414807580797754;8590;87.978759117404721;8590;755.72991951436734;8590;4.1300698873867;8590;4.1984313486129334
8600;153.08084353160191;8600;0.28077028717917418;8600;88.088625751518308;8600;755.72991951436734;8600;4.1300698873867;8600;4.1959898678548537
8610;153.04422132023072;8610;0.28077028717917418;8610;88.052003540147112;8610;755.72991951436734;8610;4.1300698873867;8610;4.1904965361491744
8620;152.99539170506912;8620;0.28077028717917418;8620;88.088625751518308;8620;755.80899019800972;8620;4.1300698873867;8620;4.193548387096774
8630;152.98318430127873;8630;0.28077028717917418;8630;87.978759117404721;8630;755.80899019800972;8630;4.1300698873867;8630;4.1947691274758139
8640;153.04422132023072;8640;0.29297769096957305;8640;88.015381328775916;8640;755.72991951436734;8640;4.1300698873867;8640;4.1956846827600938
8650;153.00759910885952;8650;0.28077028717917418;8650;87.990966521195119;8650;755.69038417254626;8650;4.1300698873867;8650;4.1929380169072541
8660;153.04422132023072;8660;0.28077028717917418;8660;88.015381328775916;8660;755.84852553983092;8660;4.1300698873867;8660;4.1972106082338936
8670;152.86111026337474;8670;0.26856288338877532;8670;87.929929502243127;8670;755.84852553983092;8670;4.1300698873867;8670;4.1932432020020141
8680;152.90993987853633;8680;0.26856288338877532;8680;87.954344309823924;8680;755.72991951436734;8680;4.1300698873867;8680;4.1923276467177342
8690;152.90993987853633;8690;0.30518509475997191;8690;88.1374553666799;8690;755.80899019800972;8690;4.1300698873867;8690;4.1908017212439344
8700;152.99539170506912;8700;0.30518509475997191;8700;88.027588732566315;8700;755.80899019800972;8700;4.1300698873867;8700;4.1953794976653338
8710;153.06863612781152;8710;0.29297769096957305;8710;88.052003540147112;8710;755.84852553983092;8710;4.1300698873867;8710;4.193853572191534
8720;153.06863612781152;8720;0.28077028717917418;8720;88.003173924985518;8720;755.84852553983092;8720;4.1300698873867;8720;4.193548387096774
8730;153.14188055055391;8730;0.28077028717917418;8730;88.1008331553087;8730;755.84852553983092;8730;4.1300698873867;8730;4.1981261635181735
8740;153.09305093539231;8740;0.28077028717917418;8740;88.003173924985518;8740;755.69038417254626;8740;4.1300698873867;8740;4.193853572191534
8750;153.04422132023072;8750;0.28077028717917418;8750;87.917722098452728;8750;755.72991951436734;8750;4.1300698873867;8750;4.1953794976653338
8760;152.94656208990753;8760;0.24414807580797754;8760;87.942136906033525;8760;755.80899019800972;8760;4.1300698873867;8760;4.1926328318124941
8770;152.97097689748833;8770;0.28077028717917418;8770;88.039796136356713;8770;755.80899019800972;8770;4.1300698873867;8770;4.1950743125705738
8780;152.90993987853633;8780;0.29297769096957305;8780;88.1008331553087;8780;755.80899019800972;8780;4.1300698873867;8780;4.1914120914334543
8790;153.04422132023072;8790;0.24414807580797754;8790;88.015381328775916;8790;755.72991951436734;8790;4.1300698873867;8790;4.193853572191534
8800;153.00759910885952;8800;0.24414807580797754;8800;88.076418347727909;8800;755.69038417254626;8800;4.1300698873867;8800;4.1944639423810539
8810;152.89773247474594;8810;0.26856288338877532;8810;87.990966521195119;8810;755.65084883072507;8810;4.1300698873867;8810;4.1966002380443737
8820;153.00759910885952;8820;0.29297769096957305;8820;88.015381328775916;8820;755.65084883072507;8820;4.1300698873867;8820;4.1956846827600938
8830;153.05642872402112;8830;0.26856288338877532;8830;87.942136906033525;8830;755.65084883072507;8830;4.1300698873867;8830;4.1898861659596545
8840;153.14188055055391;8840;0.28077028717917418;8840;88.003173924985518;8840;755.72991951436734;8840;4.1300698873867;8840;4.1947691274758139
8850;153.06863612781152;8850;0.28077028717917418;8850;87.917722098452728;8850;755.72991951436734;8850;4.1300698873867;8850;4.193548387096774
8860;153.15408795434431;8860;0.28077028717917418;8860;88.003173924985518;8860;755.72991951436734;8860;4.1300698873867;8860;4.1950743125705738
8870;153.08084353160191;8870;0.30518509475997191;8870;88.003173924985518;8870;755.72991951436734;8870;4.1300698873867;8870;4.1914120914334543
8880;152.99539170506912;8880;0.29297769096957305;8880;87.954344309823924;8880;755.72991951436734;8880;4.1300698873867;8880;4.1959898678548537
8890;152.97097689748833;8890;0.26856288338877532;8890;88.1130405590991;8890;755.80899019800972;8890;4.1300698873867;8890;4.1944639423810539
8900;153.09305093539231;8900;0.24414807580797754;8900;88.076418347727909;8900;755.80899019800972;8900;4.1300698873867;8900;4.1908017212439344
8910;153.2395397808771;8910;0.28077028717917418;8910;88.015381328775916;8910;755.80899019800972;8910;4.1300698873867;8910;4.1929380169072541
8920;153.08084353160191;8920;0.28077028717917418;8920;87.942136906033525;8920;755.72991951436734;8920;4.1300698873867;8920;4.1947691274758139
8930;153.06863612781152;8930;0.28077028717917418;8930;88.027588732566315;8930;755.72991951436734;8930;4.1300698873867;8930;4.1956846827600938
8940;153.11746574297311;8940;0.28077028717917418;8940;87.942136906033525;8940;755.69038417254626;8940;4.1300698873867;8940;4.1926328318124941
8950;153.1907101657155;8950;0.29297769096957305;8950;88.003173924985518;8950;755.69038417254626;8950;4.1300698873867;8950;4.1959898678548537
8960;153.06863612781152;8960;0.28077028717917418;8960;88.088625751518308;8960;755.72991951436734;8960;4.1300698873867;8960;4.1926328318124941
8970;153.06863612781152;8970;0.24414807580797754;8970;87.978759117404721;8970;755.72991951436734;8970;4.1300698873867;8970;4.193853572191534
8980;153.08084353160191;8980;0.28077028717917418;8980;87.90551469466233;8980;755.80899019800972;8980;4.1300698873867;8980;4.1908017212439344
8990;153.1662953581347;8990;0.28077028717917418;8990;87.90551469466233;8990;755.80899019800972;8990;4.1300698873867;8990;4.1956846827600938
9000;153.11746574297311;9000;0.26856288338877532;9000;88.088625751518308;9000;755.80899019800972;9000;4.1300698873867;9000;4.1956846827600938
9010;153.04422132023072;9010;0.26856288338877532;9010;88.076418347727909;9010;755.80899019800972;9010;4.1300698873867;9010;4.1898861659596545
9020;153.09305093539231;9020;0.26856288338877532;9020;87.978759117404721;9020;755.72991951436734;9020;4.1300698873867;9020;4.1947691274758139
9030;153.11746574297311;9030;0.24414807580797754;9030;87.90551469466233;9030;755.65084883072507;9030;4.1300698873867;9030;4.1950743125705738
9040;153.01980651264992;9040;0.28077028717917418;9040;87.942136906033525;9040;755.69038417254626;9040;4.1300698873867;9040;4.1959898678548537
9050;152.94656208990753;9050;0.28077028717917418;9050;87.917722098452728;9050;755.65084883072507;9050;4.1300698873867;9050;4.1923276467177342
9060;153.04422132023072;9060;0.29297769096957305;9060;87.942136906033525;9060;755.69038417254626;9060;4.1300698873867;9060;4.1969054231391336
9070;152.90993987853633;9070;0.29297769096957305;9070;87.978759117404721;9070;755.69038417254626;9070;4.1300698873867;9070;4.193548387096774
9080;153.10525833918271;9080;0.26856288338877532;9080;87.942136906033525;9080;755.72991951436734;9080;4.1300698873867;9080;4.1914120914334543
9090;153.04422132023072;9090;0.28077028717917418;9090;87.893307290871931;9090;755.72991951436734;9090;4.1300698873867;9090;4.1914120914334543
9100;152.92214728232673;9100;0.24414807580797754;9100;87.893307290871931;9100;755.69038417254626;9100;4.1300698873867;9100;4.1953794976653338
9110;153.05642872402112;9110;0.24414807580797754;9110;88.1496627704703;9110;755.72991951436734;9110;4.1300698873867;9110;4.1956846827600938
9120;153.11746574297311;9120;0.24414807580797754;9120;88.088625751518308;9120;755.65084883072507;9120;4.1300698873867;9120;4.1923276467177342
9130;153.06863612781152;9130;0.26856288338877532;9130;88.088625751518308;9130;755.72991951436734;9130;4.1300698873867;9130;4.1972106082338936
9140;152.88552507095554;9140;0.26856288338877532;9140;88.088625751518308;9140;755.72991951436734;9140;4.1300698873867;9140;4.193548387096774
9150;153.05642872402112;9150;0.28077028717917418;9150;87.917722098452728;9150;755.69038417254626;9150;4.1300698873867;9150;4.193548387096774
9160;153.01980651264992;9160;0.28077028717917418;9160;87.893307290871931;9160;755.69038417254626;9160;4.1300698873867;9160;4.1914120914334543
9170;153.00759910885952;9170;0.30518509475997191;9170;87.929929502243127;9170;755.69038417254626;9170;4.1300698873867;9170;4.1972106082338936
9180;153.05642872402112;9180;0.30518509475997191;9180;87.917722098452728;9180;755.72991951436734;9180;4.1300698873867;9180;4.1944639423810539
9190;153.14188055055391;9190;0.26856288338877532;9190;87.90551469466233;9190;755.69038417254626;9190;4.1300698873867;9190;4.1901913510544144
9200;153.14188055055391;9200;0.28077028717917418;9200;88.027588732566315;9200;755.69038417254626;9200;4.1300698873867;9200;4.1926328318124941
9210;153.00759910885952;9210;0.26856288338877532;9210;87.990966521195119;9210;755.69038417254626;9210;4.1300698873867;9210;4.193548387096774
9220;153.06863612781152;9220;0.28077028717917418;9220;88.1740775780511;9220;755.65084883072507;9220;4.1300698873867;9220;4.1947691274758139
9230;153.05642872402112;9230;0.28077028717917418;9230;88.1130405590991;9230;755.65084883072507;9230;4.1300698873867;9230;4.1926328318124941
9240;153.15408795434431;9240;0.26856288338877532;9240;88.088625751518308;9240;755.69038417254626;9240;4.1300698873867;9240;4.1972106082338936
9250;153.05642872402112;9250;0.26856288338877532;9250;88.1496627704703;9250;755.69038417254626;9250;4.1300698873867;9250;4.1932432020020141
9260;153.00759910885952;9260;0.26856288338877532;9260;88.027588732566315;9260;755.65084883072507;9260;4.1300698873867;9260;4.1932432020020141
9270;153.06863612781152;9270;0.26856288338877532;9270;88.015381328775916;9270;755.69038417254626;9270;4.1300698873867;9270;4.1911069063386943
9280;153.09305093539231;9280;0.28077028717917418;9280;88.039796136356713;9280;755.69038417254626;9280;4.1300698873867;9280;4.1975157933286535
9290;153.08084353160191;9290;0.26856288338877532;9290;88.088625751518308;9290;755.69038417254626;9290;4.1300698873867;9290;4.1959898678548537
9300;153.04422132023072;9300;0.23194067201757868;9300;88.088625751518308;9300;755.61131348890387;9300;4.1300698873867;9300;4.1898861659596545
9310;152.99539170506912;9310;0.23194067201757868;9310;88.076418347727909;9310;755.69038417254626;9310;4.1300698873867;9310;4.193853572191534
9320;152.97097689748833;9320;0.24414807580797754;9320;87.881099887081533;9320;755.72991951436734;9320;4.1300698873867;9320;4.1950743125705738
9330;153.00759910885952;9330;0.26856288338877532;9330;88.039796136356713;9330;755.65084883072507;9330;4.1300698873867;9330;4.1966002380443737
9340;153.09305093539231;9340;0.26856288338877532;9340;88.015381328775916;9340;755.61131348890387;9340;4.1300698873867;9340;4.1923276467177342
9350;153.11746574297311;9350;0.28077028717917418;9350;88.015381328775916;9350;755.69038417254626;9350;4.1300698873867;9350;4.1966002380443737
9360;152.92214728232673;9360;0.29297769096957305;9360;88.039796136356713;9360;755.69038417254626;9360;4.1300698873867;9360;4.193548387096774
9370;153.10525833918271;9370;0.26856288338877532;9370;88.003173924985518;9370;755.65084883072507;9370;4.1300698873867;9370;4.193548387096774
9380;153.11746574297311;9380;0.24414807580797754;9380;88.039796136356713;9380;755.65084883072507;9380;4.1300698873867;9380;4.1908017212439344
9390;153.05642872402112;9390;0.23194067201757868;9390;87.856685079500735;9390;755.65084883072507;9390;4.1300698873867;9390;4.1944639423810539
9400;153.04422132023072;9400;0.28077028717917418;9400;88.003173924985518;9400;755.80899019800972;9400;4.1300698873867;9400;4.1959898678548537
9410;153.06863612781152;9410;0.29297769096957305;9410;87.929929502243127;9410;755.80899019800972;9410;4.1300698873867;9410;4.1911069063386943
9420;153.2029175695059;9420;0.29297769096957305;9420;87.942136906033525;9420;755.72991951436734;9420;4.1300698873867;9420;4.1959898678548537
9430;153.08084353160191;9430;0.28077028717917418;9430;87.942136906033525;9430;755.69038417254626;9430;4.1300698873867;9430;4.1950743125705738
9440;153.01980651264992;9440;0.28077028717917418;9440;88.027588732566315;9440;755.65084883072507;9440;4.1300698873867;9440;4.1947691274758139
9450;152.98318430127873;9450;0.28077028717917418;9450;88.003173924985518;9450;755.65084883072507;9450;4.1300698873867;9450;4.1920224616229742
9460;153.08084353160191;9460;0.26856288338877532;9460;87.917722098452728;9460;755.69038417254626;9460;4.1300698873867;9460;4.1953794976653338
9470;153.00759910885952;9470;0.26856288338877532;9470;88.052003540147112;9470;755.72991951436734;9470;4.1300698873867;9470;4.1911069063386943
9480;153.01980651264992;9480;0.28077028717917418;9480;87.990966521195119;9480;755.72991951436734;9480;4.1300698873867;9480;4.193548387096774
9490;153.05642872402112;9490;0.29297769096957305;9490;88.088625751518308;9490;755.72991951436734;9490;4.1300698873867;9490;4.1969054231391336
9500;152.98318430127873;9500;0.26856288338877532;9500;88.1008331553087;9500;755.69038417254626;9500;4.1300698873867;9500;4.193548387096774
9510;153.08084353160191;9510;0.26856288338877532;9510;88.1008331553087;9510;755.72991951436734;9510;4.1300698873867;9510;4.193548387096774
9520;153.06863612781152;9520;0.26856288338877532;9520;88.027588732566315;9520;755.72991951436734;9520;4.1300698873867;9520;4.1920224616229742
9530;153.09305093539231;9530;0.26856288338877532;9530;87.942136906033525;9530;755.72991951436734;9530;4.1300698873867;9530;4.1972106082338936
9540;153.04422132023072;9540;0.24414807580797754;9540;87.929929502243127;9540;755.65084883072507;9540;4.1300698873867;9540;4.1932432020020141
9550;153.06863612781152;9550;0.28077028717917418;9550;87.978759117404721;9550;755.61131348890387;9550;4.1300698873867;9550;4.1929380169072541
9560;153.11746574297311;9560;0.30518509475997191;9560;88.027588732566315;9560;755.65084883072507;9560;4.1300698873867;9560;4.1911069063386943
9570;153.11746574297311;9570;0.26856288338877532;9570;88.076418347727909;9570;755.65084883072507;9570;4.1300698873867;9570;4.1975157933286535
9580;153.04422132023072;9580;0.26856288338877532;9580;88.027588732566315;9580;755.65084883072507;9580;4.1300698873867;9580;4.1953794976653338
9590;153.11746574297311;9590;0.26856288338877532;9590;88.039796136356713;9590;755.65084883072507;9590;4.1300698873867;9590;4.1901913510544144
9600;153.14188055055391;9600;0.24414807580797754;9600;88.088625751518308;9600;755.69038417254626;9600;4.1300698873867;9600;4.193548387096774
9610;153.08084353160191;9610;0.24414807580797754;9610;87.978759117404721;9610;755.65084883072507;9610;4.1300698873867;9610;4.1947691274758139
9620;153.04422132023072;9620;0.24414807580797754;9620;88.052003540147112;9620;755.69038417254626;9620;4.1300698873867;9620;4.1953794976653338
9630;153.00759910885952;9630;0.26856288338877532;9630;87.917722098452728;9630;755.69038417254626;9630;4.1300698873867;9630;4.1908017212439344
9640;153.09305093539231;9640;0.28077028717917418;9640;87.90551469466233;9640;755.69038417254626;9640;4.1300698873867;9640;4.1950743125705738
9650;152.92214728232673;9650;0.26856288338877532;9650;87.929929502243127;9650;755.69038417254626;9650;4.1300698873867;9650;4.1923276467177342
9660;153.00759910885952;9660;0.28077028717917418;9660;87.990966521195119;9660;755.69038417254626;9660;4.1300698873867;9660;4.1953794976653338
9670;153.11746574297311;9670;0.26856288338877532;9670;87.954344309823924;9670;755.72991951436734;9670;4.1300698873867;9670;4.193853572191534
9680;153.08084353160191;9680;0.24414807580797754;9680;87.844477675710337;9680;755.72991951436734;9680;4.1300698873867;9680;4.1926328318124941
9690;153.11746574297311;9690;0.24414807580797754;9690;87.942136906033525;9690;755.65084883072507;9690;4.1300698873867;9690;4.1923276467177342
9700;153.08084353160191;9700;0.24414807580797754;9700;87.954344309823924;9700;755.65084883072507;9700;4.1300698873867;9700;4.1911069063386943
9710;153.01980651264992;9710;0.29297769096957305;9710;88.003173924985518;9710;755.69038417254626;9710;4.1300698873867;9710;4.1966002380443737
9720;153.05642872402112;9720;0.26856288338877532;9720;87.990966521195119;9720;755.65084883072507;9720;4.1300698873867;9720;4.1944639423810539
9730;153.06863612781152;9730;0.26856288338877532;9730;88.039796136356713;9730;755.65084883072507;9730;4.1300698873867;9730;4.193853572191534
9740;153.08084353160191;9740;0.26856288338877532;9740;87.978759117404721;9740;755.65084883072507;9740;4.1300698873867;9740;4.1914120914334543
9750;153.10525833918271;9750;0.30518509475997191;9750;87.942136906033525;9750;755.72991951436734;9750;4.1300698873867;9750;4.1959898678548537
9760;153.00759910885952;9760;0.30518509475997191;9760;88.039796136356713;9760;755.72991951436734;9760;4.1300698873867;9760;4.1901913510544144
9770;153.10525833918271;9770;0.28077028717917418;9770;88.027588732566315;9770;755.69038417254626;9770;4.1300698873867;9770;4.1923276467177342
9780;153.05642872402112;9780;0.28077028717917418;9780;88.052003540147112;9780;755.69038417254626;9780;4.1300698873867;9780;4.1956846827600938
9790;152.94656208990753;9790;0.24414807580797754;9790;87.893307290871931;9790;755.69038417254626;9790;4.1300698873867;9790;4.1926328318124941
9800;153.05642872402112;9800;0.28077028717917418;9800;87.917722098452728;9800;755.69038417254626;9800;4.1300698873867;9800;4.1923276467177342
9810;153.1907101657155;9810;0.29297769096957305;9810;87.942136906033525;9810;755.61131348890387;9810;4.1300698873867;9810;4.1920224616229742
9820;153.2029175695059;9820;0.28077028717917418;9820;87.942136906033525;9820;755.57177814708268;9820;4.1300698873867;9820;4.1981261635181735
9830;153.1662953581347;9830;0.28077028717917418;9830;87.881099887081533;9830;755.69038417254626;9830;4.1300698873867;9830;4.193853572191534
9840;153.11746574297311;9840;0.28077028717917418;9840;87.990966521195119;9840;755.69038417254626;9840;4.1300698873867;9840;4.1932432020020141
9850;152.94656208990753;9850;0.26856288338877532;9850;88.1008331553087;9850;755.61131348890387;9850;4.1300698873867;9850;4.1914120914334543
9860;153.10525833918271;9860;0.26856288338877532;9860;88.039796136356713;9860;755.65084883072507;9860;4.1300698873867;9860;4.1969054231391336
9870;153.1907101657155;9870;0.29297769096957305;9870;87.990966521195119;9870;755.65084883072507;9870;4.1300698873867;9870;4.1929380169072541
9880;153.11746574297311;9880;0.29297769096957305;9880;87.807855464339141;9880;755.61131348890387;9880;4.1300698873867;9880;4.1911069063386943
9890;153.11746574297311;9890;0.28077028717917418;9890;87.917722098452728;9890;755.61131348890387;9890;4.1300698873867;9890;4.1959898678548537
9900;153.10525833918271;9900;0.29297769096957305;9900;87.954344309823924;9900;755.65084883072507;9900;4.1300698873867;9900;4.1929380169072541
9910;153.14188055055391;9910;0.29297769096957305;9910;87.929929502243127;9910;755.65084883072507;9910;4.1300698873867;9910;4.1929380169072541
9920;152.98318430127873;9920;0.26856288338877532;9920;87.942136906033525;9920;755.61131348890387;9920;4.1300698873867;9920;4.1920224616229742
9930;152.99539170506912;9930;0.28077028717917418;9930;88.027588732566315;9930;755.61131348890387;9930;4.1300698873867;9930;4.1978209784234135
9940;153.04422132023072;9940;0.28077028717917418;9940;87.954344309823924;9940;755.65084883072507;9940;4.1300698873867;9940;4.1944639423810539
9950;153.14188055055391;9950;0.26856288338877532;9950;87.917722098452728;9950;755.61131348890387;9950;4.1300698873867;9950;4.1932432020020141
9960;153.15408795434431;9960;0.28077028717917418;9960;87.929929502243127;9960;755.61131348890387;9960;4.1300698873867;9960;4.1911069063386943
9970;153.2273323770867;9970;0.26856288338877532;9970;87.856685079500735;9970;755.61131348890387;9970;4.1300698873867;9970;4.1969054231391336
9980;153.1907101657155;9980;0.26856288338877532;9980;87.917722098452728;9980;755.65084883072507;9980;4.1300698873867;9980;4.1959898678548537
9990;153.09305093539231;9990;0.29297769096957305;9990;87.90551469466233;9990;755.61131348890387;9990;4.1300698873867;9990;4.1901913510544144
10000;153.00759910885952;10000;0.30518509475997191;10000;87.990966521195119;10000;755.65084883072507;10000;4.1300698873867;10000;4.1950743125705738
10010;152.98318430127873;10010;0.29297769096957305;10010;87.917722098452728;10010;755.65084883072507;10010;4.1300698873867;10010;4.193548387096774
10020;153.06863612781152;10020;0.28077028717917418;10020;87.856685079500735;10020;755.69038417254626;10020;4.1300698873867;10020;4.1944639423810539
10030;153.10525833918271;10030;0.26856288338877532;10030;87.929929502243127;10030;755.65084883072507;10030;4.1300698873867;10030;4.1923276467177342
10040;153.11746574297311;10040;0.24414807580797754;10040;87.917722098452728;10040;755.65084883072507;10040;4.1300698873867;10040;4.1972106082338936
10050;152.90993987853633;10050;0.24414807580797754;10050;87.844477675710337;10050;755.65084883072507;10050;4.1300698873867;10050;4.1947691274758139
10060;152.99539170506912;10060;0.26856288338877532;10060;87.881099887081533;10060;755.69038417254626;10060;4.1300698873867;10060;4.1926328318124941
10070;153.00759910885952;10070;0.28077028717917418;10070;87.917722098452728;10070;755.69038417254626;10070;4.1300698873867;10070;4.1926328318124941
10080;152.95876949369793;10080;0.26856288338877532;10080;87.917722098452728;10080;755.65084883072507;10080;4.1300698873867;10080;4.1966002380443737
10090;153.04422132023072;10090;0.26856288338877532;10090;88.1008331553087;10090;755.65084883072507;10090;4.1300698873867;10090;4.1966002380443737
10100;153.09305093539231;10100;0.24414807580797754;10100;88.076418347727909;10100;755.65084883072507;10100;4.1300698873867;10100;4.1911069063386943
10110;153.09305093539231;10110;0.24414807580797754;10110;88.076418347727909;10110;755.65084883072507;10110;4.1300698873867;10110;4.1959898678548537
10120;153.10525833918271;10120;0.26856288338877532;10120;87.893307290871931;10120;755.65084883072507;10120;4.1300698873867;10120;4.193548387096774
10130;153.14188055055391;10130;0.29297769096957305;10130;87.832270271919938;10130;755.65084883072507;10130;4.1300698873867;10130;4.1947691274758139
10140;152.99539170506912;10140;0.28077028717917418;10140;87.917722098452728;10140;755.65084883072507;10140;4.1300698873867;10140;4.1920224616229742
10150;153.05642872402112;10150;0.26856288338877532;10150;87.942136906033525;10150;755.65084883072507;10150;4.1300698873867;10150;4.1969054231391336
10160;153.06863612781152;10160;0.24414807580797754;10160;87.942136906033525;10160;755.61131348890387;10160;4.1300698873867;10160;4.1944639423810539
10170;153.15408795434431;10170;0.23194067201757868;10170;87.893307290871931;10170;755.65084883072507;10170;4.1300698873867;10170;4.1908017212439344
10180;153.10525833918271;10180;0.28077028717917418;10180;87.954344309823924;10180;755.69038417254626;10180;4.1300698873867;10180;4.1932432020020141
10190;152.97097689748833;10190;0.28077028717917418;10190;87.893307290871931;10190;755.65084883072507;10190;4.1300698873867;10190;4.1959898678548537
10200;153.01980651264992;10200;0.26856288338877532;10200;88.003173924985518;10200;755.69038417254626;10200;4.1300698873867;10200;4.1969054231391336
10210;153.10525833918271;10210;0.24414807580797754;10210;87.929929502243127;10210;755.65084883072507;10210;4.1300698873867;10210;4.1914120914334543
10220;153.1785027619251;10220;0.26856288338877532;10220;87.942136906033525;10220;755.61131348890387;10220;4.1300698873867;10220;4.1966002380443737
10230;153.00759910885952;10230;0.28077028717917418;10230;87.917722098452728;10230;755.65084883072507;10230;4.1300698873867;10230;4.1932432020020141
10240;153.04422132023072;10240;0.29297769096957305;10240;87.954344309823924;10240;755.65084883072507;10240;4.1300698873867;10240;4.1944639423810539
10250;153.08084353160191;10250;0.28077028717917418;10250;87.942136906033525;10250;755.57177814708268;10250;4.1300698873867;10250;4.1920224616229742
10260;153.01980651264992;10260;0.26856288338877532;10260;87.893307290871931;10260;755.53224280526149;10260;4.1300698873867;10260;4.1944639423810539
10270;153.09305093539231;10270;0.26856288338877532;10270;87.929929502243127;10270;755.57177814708268;10270;4.1300698873867;10270;4.1947691274758139
10280;153.15408795434431;10280;0.29297769096957305;10280;87.942136906033525;10280;755.61131348890387;10280;4.1300698873867;10280;4.1914120914334543
10290;153.11746574297311;10290;0.30518509475997191;10290;88.052003540147112;10290;755.65084883072507;10290;4.1300698873867;10290;4.1959898678548537
10300;153.11746574297311;10300;0.28077028717917418;10300;87.881099887081533;10300;755.61131348890387;10300;4.1300698873867;10300;4.1956846827600938
10310;153.1662953581347;10310;0.29297769096957305;10310;87.90551469466233;10310;755.61131348890387;10310;4.1300698873867;10310;4.1953794976653338
10320;152.99539170506912;10320;0.28077028717917418;10320;87.917722098452728;10320;755.61131348890387;10320;4.1300698873867;10320;4.1920224616229742
10330;152.94656208990753;10330;0.26856288338877532;10330;88.015381328775916;10330;755.61131348890387;10330;4.1300698873867;10330;4.1972106082338936
10340;152.80007324442275;10340;0.26856288338877532;10340;88.015381328775916;10340;755.61131348890387;10340;4.1300698873867;10340;4.1932432020020141
10350;152.97097689748833;10350;0.26856288338877532;10350;87.978759117404721;10350;755.61131348890387;10350;4.1300698873867;10350;4.1932432020020141
10360;153.06863612781152;10360;0.29297769096957305;10360;88.027588732566315;10360;755.65084883072507;10360;4.1300698873867;10360;4.1944639423810539
10370;152.98318430127873;10370;0.30518509475997191;10370;87.929929502243127;10370;755.69038417254626;10370;4.1300698873867;10370;4.1932432020020141
10380;153.00759910885952;10380;0.26856288338877532;10380;87.929929502243127;10380;755.69038417254626;10380;4.1300698873867;10380;4.1929380169072541
10390;153.05642872402112;10390;0.24414807580797754;10390;87.881099887081533;10390;755.61131348890387;10390;4.1300698873867;10390;4.193548387096774
10400;153.2029175695059;10400;0.29297769096957305;10400;87.893307290871931;10400;755.65084883072507;10400;4.1300698873867;10400;4.1984313486129334
10410;153.05642872402112;10410;0.29297769096957305;10410;88.015381328775916;10410;755.65084883072507;10410;4.1300698873867;10410;4.1932432020020141
10420;152.99539170506912;10420;0.26856288338877532;10420;88.088625751518308;10420;755.65084883072507;10420;4.1300698873867;10420;4.1932432020020141
10430;152.98318430127873;10430;0.26856288338877532;10430;87.990966521195119;10430;755.65084883072507;10430;4.1300698873867;10430;4.1911069063386943
10440;152.99539170506912;10440;0.28077028717917418;10440;87.929929502243127;10440;755.61131348890387;10440;4.1300698873867;10440;4.1981261635181735
10450;152.89773247474594;10450;0.28077028717917418;10450;88.003173924985518;10450;755.61131348890387;10450;4.1300698873867;10450;4.1956846827600938
10460;152.89773247474594;10460;0.26856288338877532;10460;87.90551469466233;10460;755.61131348890387;10460;4.1300698873867;10460;4.1904965361491744
10470;152.98318430127873;10470;0.29297769096957305;10470;87.881099887081533;10470;755.65084883072507;10470;4.1300698873867;10470;4.1929380169072541
10480;153.04422132023072;10480;0.28077028717917418;10480;87.929929502243127;10480;755.61131348890387;10480;4.1300698873867;10480;4.1953794976653338
10490;153.11746574297311;10490;0.24414807580797754;10490;88.039796136356713;10490;755.65084883072507;10490;4.1300698873867;10490;4.1959898678548537
10500;153.09305093539231;10500;0.24414807580797754;10500;87.942136906033525;10500;755.65084883072507;10500;4.1300698873867;10500;4.1920224616229742
10510;153.25174718466749;10510;0.28077028717917418;10510;87.893307290871931;10510;755.72991951436734;10510;4.1300698873867;10510;4.1959898678548537
10520;153.14188055055391;10520;0.28077028717917418;10520;87.90551469466233;10520;755.65084883072507;10520;4.1300698873867;10520;4.1926328318124941
10530;152.97097689748833;10530;0.26856288338877532;10530;88.003173924985518;10530;755.61131348890387;10530;4.1300698873867;10530;4.1950743125705738
10540;153.10525833918271;10540;0.26856288338877532;10540;88.052003540147112;10540;755.65084883072507;10540;4.1300698873867;10540;4.1929380169072541
10550;153.1785027619251;10550;0.26856288338877532;10550;87.929929502243127;10550;755.65084883072507;10550;4.1300698873867;10550;4.193548387096774
10560;152.99539170506912;10560;0.26856288338877532;10560;87.990966521195119;10560;755.61131348890387;10560;4.1300698873867;10560;4.1920224616229742
10570;153.04422132023072;10570;0.28077028717917418;10570;88.003173924985518;10570;755.65084883072507;10570;4.1300698873867;10570;4.1929380169072541
10580;153.15408795434431;10580;0.29297769096957305;10580;88.052003540147112;10580;755.65084883072507;10580;4.1300698873867;10580;4.1978209784234135
10590;153.1662953581347;10590;0.28077028717917418;10590;87.856685079500735;10590;755.61131348890387;10590;4.1300698873867;10590;4.1926328318124941
10600;153.1785027619251;10600;0.28077028717917418;10600;87.881099887081533;10600;755.61131348890387;10600;4.1300698873867;10600;4.1929380169072541
10610;153.05642872402112;10610;0.28077028717917418;10610;87.917722098452728;10610;755.57177814708268;10610;4.1300698873867;10610;4.1908017212439344
10620;153.00759910885952;10620;0.26856288338877532;10620;87.929929502243127;10620;755.61131348890387;10620;4.1300698873867;10620;4.1972106082338936
10630;153.01980651264992;10630;0.26856288338877532;10630;87.881099887081533;10630;755.57177814708268;10630;4.1300698873867;10630;4.1944639423810539
10640;153.06863612781152;10640;0.24414807580797754;10640;87.917722098452728;10640;755.57177814708268;10640;4.1300698873867;10640;4.1911069063386943
10650;153.08084353160191;10650;0.24414807580797754;10650;88.052003540147112;10650;755.65084883072507;10650;4.1300698873867;10650;4.1908017212439344
10660;153.15408795434431;10660;0.26856288338877532;10660;87.881099887081533;10660;755.65084883072507;10660;4.1300698873867;10660;4.1959898678548537
10670;152.99539170506912;10670;0.28077028717917418;10670;87.990966521195119;10670;755.65084883072507;10670;4.1300698873867;10670;4.1966002380443737
10680;152.95876949369793;10680;0.26856288338877532;10680;87.954344309823924;10680;755.57177814708268;10680;4.1300698873867;10680;4.1914120914334543
10690;153.15408795434431;10690;0.26856288338877532;10690;87.990966521195119;10690;755.57177814708268;10690;4.1300698873867;10690;4.1956846827600938
10700;153.06863612781152;10700;0.28077028717917418;10700;87.90551469466233;10700;755.57177814708268;10700;4.1300698873867;10700;4.193548387096774
10710;153.05642872402112;10710;0.30518509475997191;10710;87.881099887081533;10710;755.57177814708268;10710;4.1300698873867;10710;4.1953794976653338
10720;153.05642872402112;10720;0.28077028717917418;10720;87.881099887081533;10720;755.57177814708268;10720;4.1300698873867;10720;4.1920224616229742
10730;153.08084353160191;10730;0.24414807580797754;10730;87.82006286812954;10730;755.57177814708268;10730;4.1300698873867;10730;4.1969054231391336
10740;153.05642872402112;10740;0.26856288338877532;10740;87.856685079500735;10740;755.61131348890387;10740;4.1300698873867;10740;4.193853572191534
10750;152.99539170506912;10750;0.26856288338877532;10750;87.90551469466233;10750;755.65084883072507;10750;4.1300698873867;10750;4.1908017212439344
10760;152.97097689748833;10760;0.26856288338877532;10760;88.027588732566315;10760;755.65084883072507;10760;4.1300698873867;10760;4.1923276467177342
10770;152.98318430127873;10770;0.26856288338877532;10770;87.881099887081533;10770;755.57177814708268;10770;4.1300698873867;10770;4.1959898678548537
10780;152.98318430127873;10780;0.28077028717917418;10780;87.893307290871931;10780;755.57177814708268;10780;4.1300698873867;10780;4.1972106082338936
10790;152.99539170506912;10790;0.26856288338877532;10790;87.954344309823924;10790;755.61131348890387;10790;4.1300698873867;10790;4.1901913510544144
10800;153.05642872402112;10800;0.24414807580797754;10800;87.990966521195119;10800;755.65084883072507;10800;4.1300698873867;10800;4.1950743125705738
10810;152.94656208990753;10810;0.23194067201757868;10810;87.881099887081533;10810;755.61131348890387;10810;4.1300698873867;10810;4.193853572191534
10820;153.00759910885952;10820;0.24414807580797754;10820;88.015381328775916;10820;755.69038417254626;10820;4.1300698873867;10820;4.1959898678548537
10830;153.05642872402112;10830;0.26856288338877532;10830;88.1008331553087;10830;755.61131348890387;10830;4.1300698873867;10830;4.193853572191534
10840;153.04422132023072;10840;0.24414807580797754;10840;88.003173924985518;10840;755.53224280526149;10840;4.1300698873867;10840;4.193853572191534
10850;152.94656208990753;10850;0.26856288338877532;10850;88.003173924985518;10850;755.53224280526149;10850;4.1300698873867;10850;4.1908017212439344
10860;152.94656208990753;10860;0.29297769096957305;10860;87.990966521195119;10860;755.57177814708268;10860;4.1300698873867;10860;4.1926328318124941
10870;152.95876949369793;10870;0.31739249855037077;10870;87.990966521195119;10870;755.69038417254626;10870;4.1300698873867;10870;4.1972106082338936
10880;152.89773247474594;10880;0.30518509475997191;10880;87.82006286812954;10880;755.65084883072507;10880;4.1300698873867;10880;4.193548387096774
10890;152.90993987853633;10890;0.31739249855037077;10890;87.90551469466233;10890;755.57177814708268;10890;4.1300698873867;10890;4.193548387096774
10900;152.99539170506912;10900;0.28077028717917418;10900;87.881099887081533;10900;755.53224280526149;10900;4.1300698873867;10900;4.1920224616229742
10910;153.14188055055391;10910;0.26856288338877532;10910;87.893307290871931;10910;755.57177814708268;10910;4.1300698873867;10910;4.1984313486129334
10920;153.05642872402112;10920;0.28077028717917418;10920;87.844477675710337;10920;755.57177814708268;10920;4.1300698873867;10920;4.193853572191534
10930;153.09305093539231;10930;0.26856288338877532;10930;87.893307290871931;10930;755.57177814708268;10930;4.1300698873867;10930;4.193853572191534
10940;153.08084353160191;10940;0.24414807580797754;10940;87.978759117404721;10940;755.57177814708268;10940;4.1300698873867;10940;4.193853572191534
10950;153.00759910885952;10950;0.26856288338877532;10950;87.954344309823924;10950;755.57177814708268;10950;4.1300698873867;10950;4.193853572191534
10960;153.05642872402112;10960;0.28077028717917418;10960;88.015381328775916;10960;755.61131348890387;10960;4.1300698873867;10960;4.1932432020020141
10970;152.99539170506912;10970;0.26856288338877532;10970;87.795648060548743;10970;755.61131348890387;10970;4.1300698873867;10970;4.1926328318124941
10980;152.90993987853633;10980;0.26856288338877532;10980;87.82006286812954;10980;755.65084883072507;10980;4.1300698873867;10980;4.1981261635181735
10990;153.05642872402112;10990;0.24414807580797754;10990;87.844477675710337;10990;755.61131348890387;10990;4.1300698873867;10990;4.193548387096774
11000;153.09305093539231;11000;0.29297769096957305;11000;87.82006286812954;11000;755.61131348890387;11000;4.1300698873867;11000;4.1923276467177342
11010;153.09305093539231;11010;0.30518509475997191;11010;87.844477675710337;11010;755.61131348890387;11010;4.1300698873867;11010;4.1908017212439344
11020;153.08084353160191;11020;0.29297769096957305;11020;87.942136906033525;11020;755.61131348890387;11020;4.1300698873867;11020;4.1984313486129334
11030;152.92214728232673;11030;0.29297769096957305;11030;87.917722098452728;11030;755.61131348890387;11030;4.1300698873867;11030;4.1947691274758139
11040;153.00759910885952;11040;0.26856288338877532;11040;87.832270271919938;11040;755.61131348890387;11040;4.1300698873867;11040;4.1908017212439344
11050;152.95876949369793;11050;0.26856288338877532;11050;87.917722098452728;11050;755.65084883072507;11050;4.1300698873867;11050;4.1926328318124941
11060;153.01980651264992;11060;0.26856288338877532;11060;87.90551469466233;11060;755.57177814708268;11060;4.1300698873867;11060;4.1947691274758139
11070;153.06863612781152;11070;0.29297769096957305;11070;87.929929502243127;11070;755.61131348890387;11070;4.1300698873867;11070;4.1950743125705738
11080;153.1662953581347;11080;0.29297769096957305;11080;87.929929502243127;11080;755.57177814708268;11080;4.1300698873867;11080;4.1923276467177342
11090;153.15408795434431;11090;0.29297769096957305;11090;87.942136906033525;11090;755.61131348890387;11090;4.1300698873867;11090;4.1972106082338936
11100;152.98318430127873;11100;0.26856288338877532;11100;87.954344309823924;11100;755.61131348890387;11100;4.1300698873867;11100;4.1929380169072541
11110;153.06863612781152;11110;0.26856288338877532;11110;87.929929502243127;11110;755.61131348890387;11110;4.1300698873867;11110;4.1944639423810539
11120;152.99539170506912;11120;0.26856288338877532;11120;87.856685079500735;11120;755.57177814708268;11120;4.1300698873867;11120;4.1914120914334543
11130;152.98318430127873;11130;0.29297769096957305;11130;87.844477675710337;11130;755.57177814708268;11130;4.1300698873867;11130;4.1959898678548537
11140;152.95876949369793;11140;0.29297769096957305;11140;87.856685079500735;11140;755.61131348890387;11140;4.1300698873867;11140;4.193853572191534
11150;153.06863612781152;11150;0.26856288338877532;11150;87.893307290871931;11150;755.53224280526149;11150;4.1300698873867;11150;4.1901913510544144
11160;153.1907101657155;11160;0.29297769096957305;11160;87.978759117404721;11160;755.61131348890387;11160;4.1300698873867;11160;4.1944639423810539
11170;153.08084353160191;11170;0.29297769096957305;11170;87.856685079500735;11170;755.57177814708268;11170;4.1300698873867;11170;4.1953794976653338
11180;152.92214728232673;11180;0.28077028717917418;11180;87.942136906033525;11180;755.53224280526149;11180;4.1300698873867;11180;4.1953794976653338
11190;152.94656208990753;11190;0.26856288338877532;11190;87.917722098452728;11190;755.53224280526149;11190;4.1300698873867;11190;4.1904965361491744
11200;153.10525833918271;11200;0.26856288338877532;11200;87.832270271919938;11200;755.53224280526149;11200;4.1300698873867;11200;4.1959898678548537
11210;153.11746574297311;11210;0.26856288338877532;11210;87.746818445387149;11210;755.57177814708268;11210;4.1300698873867;11210;4.1929380169072541
11220;153.09305093539231;11220;0.26856288338877532;11220;87.759025849177547;11220;755.61131348890387;11220;4.1300698873867;11220;4.1929380169072541
11230;153.05642872402112;11230;0.28077028717917418;11230;87.844477675710337;11230;755.4531721216191;11230;4.1300698873867;11230;4.1923276467177342
11240;153.2029175695059;11240;0.26856288338877532;11240;87.746818445387149;11240;755.53224280526149;11240;4.1300698873867;11240;4.1947691274758139
11250;153.1785027619251;11250;0.26856288338877532;11250;87.893307290871931;11250;755.61131348890387;11250;4.1300698873867;11250;4.1932432020020141
11260;153.1662953581347;11260;0.26856288338877532;11260;87.881099887081533;11260;755.57177814708268;11260;4.1300698873867;11260;4.1908017212439344
11270;153.11746574297311;11270;0.28077028717917418;11270;87.917722098452728;11270;755.57177814708268;11270;4.1300698873867;11270;4.1956846827600938
11280;153.00759910885952;11280;0.24414807580797754;11280;87.856685079500735;11280;755.57177814708268;11280;4.1300698873867;11280;4.1926328318124941
11290;153.09305093539231;11290;0.26856288338877532;11290;87.832270271919938;11290;755.53224280526149;11290;4.1300698873867;11290;4.1929380169072541
11300;153.06863612781152;11300;0.26856288338877532;11300;87.832270271919938;11300;755.53224280526149;11300;4.1300698873867;11300;4.1911069063386943
11310;153.08084353160191;11310;0.26856288338877532;11310;87.746818445387149;11310;755.61131348890387;11310;4.1300698873867;11310;4.1978209784234135
11320;152.90993987853633;11320;0.28077028717917418;11320;87.697988830225555;11320;755.61131348890387;11320;4.1300698873867;11320;4.193853572191534
11330;153.06863612781152;11330;0.28077028717917418;11330;87.746818445387149;11330;755.61131348890387;11330;4.1300698873867;11330;4.1914120914334543
11340;153.2029175695059;11340;0.29297769096957305;11340;87.929929502243127;11340;755.57177814708268;11340;4.1300698873867;11340;4.1926328318124941
11350;153.11746574297311;11350;0.30518509475997191;11350;87.90551469466233;11350;755.57177814708268;11350;4.1300698873867;11350;4.1959898678548537
11360;153.08084353160191;11360;0.30518509475997191;11360;87.893307290871931;11360;755.57177814708268;11360;4.1300698873867;11360;4.1959898678548537
11370;153.09305093539231;11370;0.29297769096957305;11370;87.893307290871931;11370;755.61131348890387;11370;4.1300698873867;11370;4.1904965361491744
11380;153.08084353160191;11380;0.24414807580797754;11380;88.015381328775916;11380;755.65084883072507;11380;4.1300698873867;11380;4.1953794976653338
11390;152.87331766716514;11390;0.24414807580797754;11390;87.942136906033525;11390;755.53224280526149;11390;4.1300698873867;11390;4.1932432020020141
11400;152.87331766716514;11400;0.26856288338877532;11400;87.856685079500735;11400;755.57177814708268;11400;4.1300698873867;11400;4.1959898678548537
11410;152.98318430127873;11410;0.26856288338877532;11410;87.90551469466233;11410;755.57177814708268;11410;4.1300698873867;11410;4.1932432020020141
11420;153.15408795434431;11420;0.29297769096957305;11420;87.856685079500735;11420;755.57177814708268;11420;4.1300698873867;11420;4.1944639423810539
11430;153.04422132023072;11430;0.29297769096957305;11430;87.807855464339141;11430;755.57177814708268;11430;4.1300698873867;11430;4.1911069063386943
11440;152.99539170506912;11440;0.24414807580797754;11440;87.856685079500735;11440;755.57177814708268;11440;4.1300698873867;11440;4.1944639423810539
11450;153.05642872402112;11450;0.26856288338877532;11450;87.929929502243127;11450;755.57177814708268;11450;4.1300698873867;11450;4.1978209784234135
11460;152.97097689748833;11460;0.26856288338877532;11460;87.832270271919938;11460;755.57177814708268;11460;4.1300698873867;11460;4.1929380169072541
11470;153.06863612781152;11470;0.28077028717917418;11470;87.954344309823924;11470;755.57177814708268;11470;4.1300698873867;11470;4.1926328318124941
11480;153.2029175695059;11480;0.28077028717917418;11480;87.954344309823924;11480;755.53224280526149;11480;4.1300698873867;11480;4.1920224616229742
11490;153.11746574297311;11490;0.29297769096957305;11490;87.844477675710337;11490;755.57177814708268;11490;4.1300698873867;11490;4.1981261635181735
11500;152.95876949369793;11500;0.28077028717917418;11500;87.746818445387149;11500;755.57177814708268;11500;4.1300698873867;11500;4.193548387096774
11510;152.99539170506912;11510;0.26856288338877532;11510;87.929929502243127;11510;755.57177814708268;11510;4.1300698873867;11510;4.1929380169072541
11520;152.97097689748833;11520;0.26856288338877532;11520;87.917722098452728;11520;755.57177814708268;11520;4.1300698873867;11520;4.1911069063386943
11530;153.05642872402112;11530;0.26856288338877532;11530;87.807855464339141;11530;755.57177814708268;11530;4.1300698873867;11530;4.1959898678548537
11540;152.99539170506912;11540;0.26856288338877532;11540;87.893307290871931;11540;755.57177814708268;11540;4.1300698873867;11540;4.1953794976653338
11550;153.05642872402112;11550;0.26856288338877532;11550;87.844477675710337;11550;755.61131348890387;11550;4.1300698873867;11550;4.1901913510544144
11560;153.11746574297311;11560;0.26856288338877532;11560;87.929929502243127;11560;755.61131348890387;11560;4.1300698873867;11560;4.1947691274758139
11570;153.10525833918271;11570;0.26856288338877532;11570;87.856685079500735;11570;755.53224280526149;11570;4.1300698873867;11570;4.1947691274758139
11580;153.08084353160191;11580;0.30518509475997191;11580;87.881099887081533;11580;755.4531721216191;11580;4.1300698873867;11580;4.1959898678548537
11590;153.00759910885952;11590;0.28077028717917418;11590;87.807855464339141;11590;755.4531721216191;11590;4.1300698873867;11590;4.1923276467177342
11600;153.09305093539231;11600;0.29297769096957305;11600;87.844477675710337;11600;755.53224280526149;11600;4.1300698873867;11600;4.1953794976653338
11610;152.99539170506912;11610;0.30518509475997191;11610;87.893307290871931;11610;755.53224280526149;11610;4.1300698873867;11610;4.1911069063386943
11620;153.01980651264992;11620;0.29297769096957305;11620;87.893307290871931;11620;755.53224280526149;11620;4.1300698873867;11620;4.1944639423810539
11630;153.05642872402112;11630;0.29297769096957305;11630;87.90551469466233;11630;755.53224280526149;11630;4.1300698873867;11630;4.1953794976653338
11640;153.06863612781152;11640;0.24414807580797754;11640;87.759025849177547;11640;755.53224280526149;11640;4.1300698873867;11640;4.1932432020020141
11650;152.99539170506912;11650;0.24414807580797754;11650;87.807855464339141;11650;755.53224280526149;11650;4.1300698873867;11650;4.1932432020020141
11660;153.09305093539231;11660;0.24414807580797754;11660;87.795648060548743;11660;755.4531721216191;11660;4.1300698873867;11660;4.1929380169072541
11670;153.09305093539231;11670;0.28077028717917418;11670;87.90551469466233;11670;755.57177814708268;11670;4.1300698873867;11670;4.1975157933286535
11680;152.95876949369793;11680;0.29297769096957305;11680;87.832270271919938;11680;755.4531721216191;11680;4.1300698873867;11680;4.1923276467177342
11690;153.04422132023072;11690;0.26856288338877532;11690;87.807855464339141;11690;755.4531721216191;11690;4.1300698873867;11690;4.1932432020020141
11700;152.98318430127873;11700;0.24414807580797754;11700;87.832270271919938;11700;755.4531721216191;11700;4.1300698873867;11700;4.1920224616229742
11710;152.98318430127873;11710;0.28077028717917418;11710;87.90551469466233;11710;755.41363677979791;11710;4.1300698873867;11710;4.1975157933286535
11720;152.99539170506912;11720;0.28077028717917418;11720;87.917722098452728;11720;755.53224280526149;11720;4.1300698873867;11720;4.1950743125705738
11730;153.15408795434431;11730;0.28077028717917418;11730;87.917722098452728;11730;755.57177814708268;11730;4.1300698873867;11730;4.1920224616229742
11740;153.1662953581347;11740;0.28077028717917418;11740;87.893307290871931;11740;755.61131348890387;11740;4.1300698873867;11740;4.193548387096774
11750;153.01980651264992;11750;0.28077028717917418;11750;87.783440656758344;11750;755.53224280526149;11750;4.1300698873867;11750;4.1959898678548537
11760;152.94656208990753;11760;0.28077028717917418;11760;87.942136906033525;11760;755.53224280526149;11760;4.1300698873867;11760;4.1969054231391336
11770;152.95876949369793;11770;0.24414807580797754;11770;87.893307290871931;11770;755.61131348890387;11770;4.1300698873867;11770;4.1911069063386943
11780;153.11746574297311;11780;0.28077028717917418;11780;87.844477675710337;11780;755.61131348890387;11780;4.1300698873867;11780;4.1953794976653338
11790;152.97097689748833;11790;0.28077028717917418;11790;87.759025849177547;11790;755.57177814708268;11790;4.1300698873867;11790;4.1929380169072541
11800;152.89773247474594;11800;0.28077028717917418;11800;87.881099887081533;11800;755.57177814708268;11800;4.1300698873867;11800;4.1956846827600938
11810;152.92214728232673;11810;0.24414807580797754;11810;87.881099887081533;11810;755.57177814708268;11810;4.1300698873867;11810;4.193548387096774
11820;153.08084353160191;11820;0.24414807580797754;11820;87.685781426435128;11820;755.53224280526149;11820;4.1300698873867;11820;4.193548387096774
11830;153.08084353160191;11830;0.28077028717917418;11830;87.697988830225555;11830;755.53224280526149;11830;4.1300698873867;11830;4.1914120914334543
11840;153.00759910885952;11840;0.26856288338877532;11840;87.90551469466233;11840;755.53224280526149;11840;4.1300698873867;11840;4.193853572191534
11850;153.09305093539231;11850;0.26856288338877532;11850;88.1008331553087;11850;755.61131348890387;11850;4.1300698873867;11850;4.1984313486129334
11860;153.10525833918271;11860;0.26856288338877532;11860;87.844477675710337;11860;755.57177814708268;11860;4.1300698873867;11860;4.1926328318124941
11870;153.11746574297311;11870;0.31739249855037077;11870;87.795648060548743;11870;755.4531721216191;11870;4.1300698873867;11870;4.1932432020020141
11880;153.08084353160191;11880;0.30518509475997191;11880;87.759025849177547;11880;755.53224280526149;11880;4.1300698873867;11880;4.1923276467177342
11890;153.00759910885952;11890;0.29297769096957305;11890;87.73461104159675;11890;755.57177814708268;11890;4.1300698873867;11890;4.1978209784234135
11900;152.88552507095554;11900;0.29297769096957305;11900;87.881099887081533;11900;755.61131348890387;11900;4.1300698873867;11900;4.193548387096774
11910;153.00759910885952;11910;0.30518509475997191;11910;87.893307290871931;11910;755.61131348890387;11910;4.1300698873867;11910;4.1923276467177342
11920;153.00759910885952;11920;0.30518509475997191;11920;87.795648060548743;11920;755.57177814708268;11920;4.1300698873867;11920;4.1923276467177342
11930;152.90993987853633;11930;0.29297769096957305;11930;87.795648060548743;11930;755.53224280526149;11930;4.1300698873867;11930;4.193853572191534
11940;152.99539170506912;11940;0.28077028717917418;11940;87.844477675710337;11940;755.4531721216191;11940;4.1300698873867;11940;4.193853572191534
11950;153.10525833918271;11950;0.26856288338877532;11950;87.783440656758344;11950;755.41363677979791;11950;4.1300698873867;11950;4.193548387096774
11960;153.10525833918271;11960;0.26856288338877532;11960;87.856685079500735;11960;755.53224280526149;11960;4.1300698873867;11960;4.1981261635181735
11970;152.99539170506912;11970;0.24414807580797754;11970;87.783440656758344;11970;755.53224280526149;11970;4.1300698873867;11970;4.1932432020020141
11980;153.06863612781152;11980;0.28077028717917418;11980;87.795648060548743;11980;755.57177814708268;11980;4.1300698873867;11980;4.1932432020020141
11990;153.09305093539231;11990;0.28077028717917418;11990;87.710196234015953;11990;755.53224280526149;11990;4.1300698873867;11990;4.1914120914334543
12000;152.99539170506912;12000;0.28077028717917418;12000;87.746818445387149;12000;755.53224280526149;12000;4.1300698873867;12000;4.1981261635181735
12010;152.86111026337474;12010;0.30518509475997191;12010;87.917722098452728;12010;755.57177814708268;12010;4.1300698873867;12010;4.193853572191534
12020;153.04422132023072;12020;0.29297769096957305;12020;87.893307290871931;12020;755.57177814708268;12020;4.1300698873867;12020;4.1929380169072541
12030;153.09305093539231;12030;0.28077028717917418;12030;87.881099887081533;12030;755.61131348890387;12030;4.1300698873867;12030;4.1932432020020141
12040;153.10525833918271;12040;0.28077028717917418;12040;87.82006286812954;12040;755.53224280526149;12040;4.1300698873867;12040;4.193548387096774
12050;153.04422132023072;12050;0.28077028717917418;12050;87.893307290871931;12050;755.53224280526149;12050;4.1300698873867;12050;4.1932432020020141
12060;153.10525833918271;12060;0.28077028717917418;12060;87.746818445387149;12060;755.53224280526149;12060;4.1300698873867;12060;4.1932432020020141
12070;153.2029175695059;12070;0.30518509475997191;12070;87.807855464339141;12070;755.57177814708268;12070;4.1300698873867;12070;4.1978209784234135
12080;152.98318430127873;12080;0.30518509475997191;12080;87.82006286812954;12080;755.57177814708268;12080;4.1300698873867;12080;4.1929380169072541
12090;152.99539170506912;12090;0.29297769096957305;12090;87.844477675710337;12090;755.4531721216191;12090;4.1300698873867;12090;4.1932432020020141
12100;153.05642872402112;12100;0.28077028717917418;12100;87.917722098452728;12100;755.4531721216191;12100;4.1300698873867;12100;4.1911069063386943
12110;153.11746574297311;12110;0.28077028717917418;12110;87.90551469466233;12110;755.57177814708268;12110;4.1300698873867;12110;4.1956846827600938
12120;152.98318430127873;12120;0.26856288338877532;12120;87.844477675710337;12120;755.57177814708268;12120;4.1300698873867;12120;4.1920224616229742
12130;152.98318430127873;12130;0.26856288338877532;12130;87.722403637806352;12130;755.53224280526149;12130;4.1300698873867;12130;4.1944639423810539
12140;153.10525833918271;12140;0.26856288338877532;12140;87.82006286812954;12140;755.53224280526149;12140;4.1300698873867;12140;4.1969054231391336
12150;153.11746574297311;12150;0.24414807580797754;12150;87.783440656758344;12150;755.4531721216191;12150;4.1300698873867;12150;4.1947691274758139
12160;153.06863612781152;12160;0.28077028717917418;12160;87.697988830225555;12160;755.4531721216191;12160;4.1300698873867;12160;4.1956846827600938
12170;152.98318430127873;12170;0.26856288338877532;12170;87.710196234015953;12170;755.41363677979791;12170;4.1300698873867;12170;4.1904965361491744
12180;152.92214728232673;12180;0.26856288338877532;12180;87.82006286812954;12180;755.4531721216191;12180;4.1300698873867;12180;4.1932432020020141
12190;152.94656208990753;12190;0.29297769096957305;12190;87.783440656758344;12190;755.53224280526149;12190;4.1300698873867;12190;4.1923276467177342
12200;153.09305093539231;12200;0.29297769096957305;12200;87.807855464339141;12200;755.53224280526149;12200;4.1300698873867;12200;4.1959898678548537
12210;152.95876949369793;12210;0.28077028717917418;12210;87.832270271919938;12210;755.53224280526149;12210;4.1300698873867;12210;4.1932432020020141
12220;153.05642872402112;12220;0.28077028717917418;12220;87.795648060548743;12220;755.4531721216191;12220;4.1300698873867;12220;4.1947691274758139
12230;153.11746574297311;12230;0.29297769096957305;12230;87.856685079500735;12230;755.4531721216191;12230;4.1300698873867;12230;4.193548387096774
12240;152.94656208990753;12240;0.26856288338877532;12240;87.783440656758344;12240;755.4531721216191;12240;4.1300698873867;12240;4.1914120914334543
12250;152.88552507095554;12250;0.26856288338877532;12250;87.783440656758344;12250;755.57177814708268;12250;4.1300698873867;12250;4.1947691274758139
12260;152.95876949369793;12260;0.26856288338877532;12260;87.759025849177547;12260;755.57177814708268;12260;4.1300698873867;12260;4.1953794976653338
12270;152.98318430127873;12270;0.26856288338877532;12270;87.856685079500735;12270;755.57177814708268;12270;4.1300698873867;12270;4.1966002380443737
12280;153.05642872402112;12280;0.31739249855037077;12280;87.90551469466233;12280;755.57177814708268;12280;4.1300698873867;12280;4.1911069063386943
12290;153.06863612781152;12290;0.30518509475997191;12290;87.893307290871931;12290;755.57177814708268;12290;4.1300698873867;12290;4.193853572191534
12300;152.83669545579394;12300;0.28077028717917418;12300;87.844477675710337;12300;755.57177814708268;12300;4.1300698873867;12300;4.1920224616229742
12310;153.04422132023072;12310;0.28077028717917418;12310;87.795648060548743;12310;755.53224280526149;12310;4.1300698873867;12310;4.1950743125705738
12320;153.04422132023072;12320;0.29297769096957305;12320;87.807855464339141;12320;755.53224280526149;12320;4.1300698873867;12320;4.1926328318124941
12330;152.97097689748833;12330;0.29297769096957305;12330;87.783440656758344;12330;755.57177814708268;12330;4.1300698873867;12330;4.1950743125705738
12340;152.99539170506912;12340;0.29297769096957305;12340;87.881099887081533;12340;755.57177814708268;12340;4.1300698873867;12340;4.1953794976653338
12350;153.05642872402112;12350;0.26856288338877532;12350;87.697988830225555;12350;755.53224280526149;12350;4.1300698873867;12350;4.1904965361491744
12360;153.1907101657155;12360;0.26856288338877532;12360;87.746818445387149;12360;755.53224280526149;12360;4.1300698873867;12360;4.1950743125705738
12370;152.92214728232673;12370;0.28077028717917418;12370;87.82006286812954;12370;755.4531721216191;12370;4.1300698873867;12370;4.1950743125705738
12380;152.92214728232673;12380;0.26856288338877532;12380;87.795648060548743;12380;755.37410143797683;12380;4.1300698873867;12380;4.1966002380443737
12390;153.08084353160191;12390;0.26856288338877532;12390;87.881099887081533;12390;755.37410143797683;12390;4.1300698873867;12390;4.1923276467177342
12400;153.1662953581347;12400;0.26856288338877532;12400;87.832270271919938;12400;755.41363677979791;12400;4.1300698873867;12400;4.1950743125705738
12410;153.15408795434431;12410;0.26856288338877532;12410;87.783440656758344;12410;755.53224280526149;12410;4.1300698873867;12410;4.1926328318124941
12420;153.04422132023072;12420;0.26856288338877532;12420;87.795648060548743;12420;755.53224280526149;12420;4.1300698873867;12420;4.1929380169072541
12430;152.88552507095554;12430;0.26856288338877532;12430;87.807855464339141;12430;755.53224280526149;12430;4.1300698873867;12430;4.1944639423810539
12440;152.95876949369793;12440;0.24414807580797754;12440;87.697988830225555;12440;755.4531721216191;12440;4.1300698873867;12440;4.1950743125705738
12450;153.01980651264992;12450;0.26856288338877532;12450;87.844477675710337;12450;755.41363677979791;12450;4.1300698873867;12450;4.1950743125705738
12460;153.06863612781152;12460;0.26856288338877532;12460;87.844477675710337;12460;755.4531721216191;12460;4.1300698873867;12460;4.1904965361491744
12470;153.05642872402112;12470;0.28077028717917418;12470;87.844477675710337;12470;755.57177814708268;12470;4.1300698873867;12470;4.1947691274758139
12480;152.98318430127873;12480;0.28077028717917418;12480;87.759025849177547;12480;755.57177814708268;12480;4.1300698873867;12480;4.193548387096774
12490;153.01980651264992;12490;0.28077028717917418;12490;87.856685079500735;12490;755.57177814708268;12490;4.1300698873867;12490;4.1966002380443737
12500;152.95876949369793;12500;0.26856288338877532;12500;88.015381328775916;12500;755.41363677979791;12500;4.1300698873867;12500;4.1932432020020141
12510;153.11746574297311;12510;0.28077028717917418;12510;87.942136906033525;12510;755.37410143797683;12510;4.1300698873867;12510;4.1947691274758139
12520;153.08084353160191;12520;0.28077028717917418;12520;87.844477675710337;12520;755.41363677979791;12520;4.1300698873867;12520;4.1923276467177342
12530;152.99539170506912;12530;0.24414807580797754;12530;87.73461104159675;12530;755.41363677979791;12530;4.1300698873867;12530;4.1908017212439344
12540;153.06863612781152;12540;0.28077028717917418;12540;87.893307290871931;12540;755.4531721216191;12540;4.1300698873867;12540;4.193548387096774
12550;153.15408795434431;12550;0.28077028717917418;12550;87.893307290871931;12550;755.4531721216191;12550;4.1300698873867;12550;4.1944639423810539
12560;153.08084353160191;12560;0.29297769096957305;12560;87.942136906033525;12560;755.4531721216191;12560;4.1300698873867;12560;4.1953794976653338
12570;152.87331766716514;12570;0.26856288338877532;12570;87.881099887081533;12570;755.41363677979791;12570;4.1300698873867;12570;4.1914120914334543
12580;152.95876949369793;12580;0.26856288338877532;12580;87.783440656758344;12580;755.4531721216191;12580;4.1300698873867;12580;4.1959898678548537
12590;152.90993987853633;12590;0.28077028717917418;12590;87.832270271919938;12590;755.4531721216191;12590;4.1300698873867;12590;4.1926328318124941
12600;152.98318430127873;12600;0.28077028717917418;12600;87.881099887081533;12600;755.41363677979791;12600;4.1300698873867;12600;4.1929380169072541
12610;152.98318430127873;12610;0.30518509475997191;12610;87.73461104159675;12610;755.4531721216191;12610;4.1300698873867;12610;4.1904965361491744
12620;152.95876949369793;12620;0.29297769096957305;12620;87.612537003692736;12620;755.53224280526149;12620;4.1300698873867;12620;4.1966002380443737
12630;152.95876949369793;12630;0.28077028717917418;12630;87.856685079500735;12630;755.53224280526149;12630;4.1300698873867;12630;4.1966002380443737
12640;153.10525833918271;12640;0.26856288338877532;12640;87.844477675710337;12640;755.4531721216191;12640;4.1300698873867;12640;4.1908017212439344
12650;153.11746574297311;12650;0.26856288338877532;12650;87.746818445387149;12650;755.4531721216191;12650;4.1300698873867;12650;4.1950743125705738
12660;152.95876949369793;12660;0.26856288338877532;12660;87.722403637806352;12660;755.41363677979791;12660;4.1300698873867;12660;4.1932432020020141
12670;153.00759910885952;12670;0.26856288338877532;12670;87.759025849177547;12670;755.4531721216191;12670;4.1300698873867;12670;4.1947691274758139
12680;153.04422132023072;12680;0.24414807580797754;12680;87.856685079500735;12680;755.4531721216191;12680;4.1300698873867;12680;4.1929380169072541
12690;153.04422132023072;12690;0.26856288338877532;12690;87.759025849177547;12690;755.4531721216191;12690;4.1300698873867;12690;4.1969054231391336
12700;152.88552507095554;12700;0.28077028717917418;12700;87.746818445387149;12700;755.53224280526149;12700;4.1300698873867;12700;4.1920224616229742
12710;153.06863612781152;12710;0.26856288338877532;12710;87.710196234015953;12710;755.41363677979791;12710;4.1300698873867;12710;4.1929380169072541
12720;153.15408795434431;12720;0.24414807580797754;12720;87.795648060548743;12720;755.37410143797683;12720;4.1300698873867;12720;4.193853572191534
12730;153.05642872402112;12730;0.24414807580797754;12730;87.783440656758344;12730;755.37410143797683;12730;4.1300698873867;12730;4.1944639423810539
12740;153.01980651264992;12740;0.26856288338877532;12740;87.832270271919938;12740;755.4531721216191;12740;4.1300698873867;12740;4.1947691274758139
12750;153.01980651264992;12750;0.26856288338877532;12750;87.856685079500735;12750;755.53224280526149;12750;4.1300698873867;12750;4.1920224616229742
12760;153.08084353160191;12760;0.28077028717917418;12760;87.844477675710337;12760;755.57177814708268;12760;4.1300698873867;12760;4.1975157933286535
12770;152.95876949369793;12770;0.28077028717917418;12770;87.783440656758344;12770;755.4531721216191;12770;4.1300698873867;12770;4.193853572191534
12780;152.86111026337474;12780;0.29297769096957305;12780;87.685781426435128;12780;755.4531721216191;12780;4.1300698873867;12780;4.193853572191534
12790;152.88552507095554;12790;0.28077028717917418;12790;87.746818445387149;12790;755.53224280526149;12790;4.1300698873867;12790;4.1920224616229742
12800;153.01980651264992;12800;0.26856288338877532;12800;87.82006286812954;12800;755.41363677979791;12800;4.1300698873867;12800;4.1947691274758139
12810;153.01980651264992;12810;0.24414807580797754;12810;87.881099887081533;12810;755.37410143797683;12810;4.1300698873867;12810;4.1908017212439344
12820;153.04422132023072;12820;0.26856288338877532;12820;87.844477675710337;12820;755.37410143797683;12820;4.1300698873867;12820;4.193548387096774
12830;153.04422132023072;12830;0.28077028717917418;12830;87.82006286812954;12830;755.4531721216191;12830;4.1300698873867;12830;4.1978209784234135
12840;153.09305093539231;12840;0.28077028717917418;12840;87.649159215063932;12840;755.41363677979791;12840;4.1300698873867;12840;4.1944639423810539
12850;153.10525833918271;12850;0.29297769096957305;12850;87.893307290871931;12850;755.37410143797683;12850;4.1300698873867;12850;4.1953794976653338
12860;152.95876949369793;12860;0.26856288338877532;12860;87.881099887081533;12860;755.33456609615564;12860;4.1300698873867;12860;4.1904965361491744
12870;153.00759910885952;12870;0.28077028717917418;12870;87.73461104159675;12870;755.37410143797683;12870;4.1300698873867;12870;4.1944639423810539
12880;152.94656208990753;12880;0.26856288338877532;12880;87.832270271919938;12880;755.37410143797683;12880;4.1300698873867;12880;4.1923276467177342
12890;153.00759910885952;12890;0.26856288338877532;12890;87.856685079500735;12890;755.41363677979791;12890;4.1300698873867;12890;4.1953794976653338
12900;152.97097689748833;12900;0.26856288338877532;12900;87.942136906033525;12900;755.41363677979791;12900;4.1300698873867;12900;4.193548387096774
12910;153.08084353160191;12910;0.26856288338877532;12910;87.82006286812954;12910;755.41363677979791;12910;4.1300698873867;12910;4.1944639423810539
12920;153.14188055055391;12920;0.26856288338877532;12920;87.795648060548743;12920;755.53224280526149;12920;4.1300698873867;12920;4.1944639423810539
12930;153.08084353160191;12930;0.26856288338877532;12930;87.783440656758344;12930;755.4531721216191;12930;4.1300698873867;12930;4.1911069063386943
12940;153.1785027619251;12940;0.29297769096957305;12940;87.844477675710337;12940;755.53224280526149;12940;4.1300698873867;12940;4.1959898678548537
12950;153.14188055055391;12950;0.26856288338877532;12950;87.722403637806352;12950;755.4531721216191;12950;4.1300698873867;12950;4.1959898678548537
12960;153.1662953581347;12960;0.24414807580797754;12960;87.832270271919938;12960;755.41363677979791;12960;4.1300698873867;12960;4.1959898678548537
12970;153.06863612781152;12970;0.26856288338877532;12970;87.807855464339141;12970;755.37410143797683;12970;4.1300698873867;12970;4.1923276467177342
12980;153.06863612781152;12980;0.30518509475997191;12980;87.746818445387149;12980;755.41363677979791;12980;4.1300698873867;12980;4.1956846827600938
12990;153.06863612781152;12990;0.28077028717917418;12990;87.90551469466233;12990;755.4531721216191;12990;4.1300698873867;12990;4.1923276467177342
13000;153.11746574297311;13000;0.24414807580797754;13000;87.832270271919938;13000;755.41363677979791;13000;4.1300698873867;13000;4.1920224616229742
13010;153.14188055055391;13010;0.28077028717917418;13010;87.82006286812954;13010;755.4531721216191;13010;4.1300698873867;13010;4.1914120914334543
13020;153.1662953581347;13020;0.28077028717917418;13020;87.759025849177547;13020;755.4531721216191;13020;4.1300698873867;13020;4.1953794976653338
13030;153.1662953581347;13030;0.28077028717917418;13030;87.795648060548743;13030;755.4531721216191;13030;4.1300698873867;13030;4.1966002380443737
13040;153.04422132023072;13040;0.28077028717917418;13040;87.759025849177547;13040;755.41363677979791;13040;4.1300698873867;13040;4.1904965361491744
13050;152.99539170506912;13050;0.26856288338877532;13050;87.90551469466233;13050;755.4531721216191;13050;4.1300698873867;13050;4.1953794976653338
13060;152.92214728232673;13060;0.26856288338877532;13060;87.832270271919938;13060;755.41363677979791;13060;4.1300698873867;13060;4.193548387096774
13070;152.99539170506912;13070;0.28077028717917418;13070;87.783440656758344;13070;755.41363677979791;13070;4.1300698873867;13070;4.1932432020020141
13080;152.95876949369793;13080;0.28077028717917418;13080;87.746818445387149;13080;755.41363677979791;13080;4.1300698873867;13080;4.1911069063386943
13090;152.98318430127873;13090;0.28077028717917418;13090;87.612537003692736;13090;755.37410143797683;13090;4.1300698873867;13090;4.1981261635181735
13100;152.92214728232673;13100;0.26856288338877532;13100;87.710196234015953;13100;755.41363677979791;13100;4.1300698873867;13100;4.1947691274758139
13110;152.95876949369793;13110;0.28077028717917418;13110;87.746818445387149;13110;755.37410143797683;13110;4.1300698873867;13110;4.1904965361491744
13120;153.00759910885952;13120;0.28077028717917418;13120;87.844477675710337;13120;755.41363677979791;13120;4.1300698873867;13120;4.1932432020020141
13130;153.06863612781152;13130;0.26856288338877532;13130;87.90551469466233;13130;755.37410143797683;13130;4.1300698873867;13130;4.1944639423810539
13140;152.99539170506912;13140;0.28077028717917418;13140;87.929929502243127;13140;755.37410143797683;13140;4.1300698873867;13140;4.1953794976653338
13150;152.83669545579394;13150;0.26856288338877532;13150;87.807855464339141;13150;755.37410143797683;13150;4.1300698873867;13150;4.1926328318124941
13160;153.00759910885952;13160;0.26856288338877532;13160;87.82006286812954;13160;755.41363677979791;13160;4.1300698873867;13160;4.1978209784234135
13170;153.06863612781152;13170;0.26856288338877532;13170;87.783440656758344;13170;755.41363677979791;13170;4.1300698873867;13170;4.193853572191534
13180;153.04422132023072;13180;0.24414807580797754;13180;87.844477675710337;13180;755.37410143797683;13180;4.1300698873867;13180;4.1929380169072541
13190;152.95876949369793;13190;0.24414807580797754;13190;87.807855464339141;13190;755.4531721216191;13190;4.1300698873867;13190;4.1923276467177342
13200;153.06863612781152;13200;0.26856288338877532;13200;87.685781426435128;13200;755.4531721216191;13200;4.1300698873867;13200;4.1969054231391336
13210;153.10525833918271;13210;0.29297769096957305;13210;87.856685079500735;13210;755.41363677979791;13210;4.1300698873867;13210;4.193853572191534
13220;153.05642872402112;13220;0.28077028717917418;13220;87.759025849177547;13220;755.4531721216191;13220;4.1300698873867;13220;4.1914120914334543
13230;153.01980651264992;13230;0.24414807580797754;13230;87.783440656758344;13230;755.53224280526149;13230;4.1300698873867;13230;4.1969054231391336
13240;152.95876949369793;13240;0.24414807580797754;13240;87.807855464339141;13240;755.37410143797683;13240;4.1300698873867;13240;4.193548387096774
13250;153.04422132023072;13250;0.28077028717917418;13250;87.844477675710337;13250;755.33456609615564;13250;4.1300698873867;13250;4.1929380169072541
13260;153.06863612781152;13260;0.28077028717917418;13260;87.795648060548743;13260;755.41363677979791;13260;4.1300698873867;13260;4.1920224616229742
13270;152.95876949369793;13270;0.28077028717917418;13270;87.807855464339141;13270;755.53224280526149;13270;4.1300698873867;13270;4.1984313486129334
13280;152.92214728232673;13280;0.26856288338877532;13280;87.807855464339141;13280;755.4531721216191;13280;4.1300698873867;13280;4.1950743125705738
13290;153.11746574297311;13290;0.26856288338877532;13290;87.856685079500735;13290;755.4531721216191;13290;4.1300698873867;13290;4.1920224616229742
13300;153.15408795434431;13300;0.26856288338877532;13300;88.015381328775916;13300;755.53224280526149;13300;4.1300698873867;13300;4.1914120914334543
13310;153.2273323770867;13310;0.29297769096957305;13310;87.856685079500735;13310;755.53224280526149;13310;4.1300698873867;13310;4.1956846827600938
13320;153.2273323770867;13320;0.30518509475997191;13320;87.722403637806352;13320;755.53224280526149;13320;4.1300698873867;13320;4.1959898678548537
13330;153.08084353160191;13330;0.26856288338877532;13330;87.722403637806352;13330;755.4531721216191;13330;4.1300698873867;13330;4.1926328318124941
13340;153.04422132023072;13340;0.28077028717917418;13340;87.893307290871931;13340;755.41363677979791;13340;4.1300698873867;13340;4.1972106082338936
13350;153.04422132023072;13350;0.29297769096957305;13350;87.90551469466233;13350;755.37410143797683;13350;4.1300698873867;13350;4.1932432020020141
13360;153.15408795434431;13360;0.29297769096957305;13360;87.893307290871931;13360;755.37410143797683;13360;4.1300698873867;13360;4.1926328318124941
13370;153.09305093539231;13370;0.26856288338877532;13370;87.917722098452728;13370;755.37410143797683;13370;4.1300698873867;13370;4.1904965361491744
13380;153.11746574297311;13380;0.26856288338877532;13380;87.881099887081533;13380;755.33456609615564;13380;4.1300698873867;13380;4.1981261635181735
13390;153.09305093539231;13390;0.26856288338877532;13390;87.893307290871931;13390;755.37410143797683;13390;4.1300698873867;13390;4.1953794976653338
13400;153.11746574297311;13400;0.26856288338877532;13400;87.844477675710337;13400;755.41363677979791;13400;4.1300698873867;13400;4.1908017212439344
13410;152.99539170506912;13410;0.28077028717917418;13410;87.832270271919938;13410;755.4531721216191;13410;4.1300698873867;13410;4.193853572191534
13420;152.94656208990753;13420;0.28077028717917418;13420;87.759025849177547;13420;755.37410143797683;13420;4.1300698873867;13420;4.193853572191534
13430;152.90993987853633;13430;0.26856288338877532;13430;87.832270271919938;13430;755.41363677979791;13430;4.1300698873867;13430;4.193853572191534
13440;152.90993987853633;13440;0.28077028717917418;13440;87.759025849177547;13440;755.41363677979791;13440;4.1300698873867;13440;4.1929380169072541
13450;153.01980651264992;13450;0.29297769096957305;13450;87.746818445387149;13450;755.37410143797683;13450;4.1300698873867;13450;4.1978209784234135
13460;152.92214728232673;13460;0.26856288338877532;13460;87.746818445387149;13460;755.41363677979791;13460;4.1300698873867;13460;4.1932432020020141
13470;153.01980651264992;13470;0.28077028717917418;13470;87.795648060548743;13470;755.4531721216191;13470;4.1300698873867;13470;4.1932432020020141
13480;153.05642872402112;13480;0.28077028717917418;13480;87.893307290871931;13480;755.4531721216191;13480;4.1300698873867;13480;4.1914120914334543
13490;153.10525833918271;13490;0.26856288338877532;13490;87.759025849177547;13490;755.41363677979791;13490;4.1300698873867;13490;4.1944639423810539
13500;153.06863612781152;13500;0.28077028717917418;13500;87.844477675710337;13500;755.4531721216191;13500;4.1300698873867;13500;4.1923276467177342
13510;152.94656208990753;13510;0.26856288338877532;13510;87.856685079500735;13510;755.41363677979791;13510;4.1300698873867;13510;4.193548387096774
13520;153.01980651264992;13520;0.28077028717917418;13520;87.832270271919938;13520;755.41363677979791;13520;4.1300698873867;13520;4.1978209784234135
13530;153.06863612781152;13530;0.26856288338877532;13530;87.722403637806352;13530;755.37410143797683;13530;4.1300698873867;13530;4.1932432020020141
13540;153.00759910885952;13540;0.26856288338877532;13540;87.795648060548743;13540;755.37410143797683;13540;4.1300698873867;13540;4.1932432020020141
13550;152.98318430127873;13550;0.26856288338877532;13550;87.783440656758344;13550;755.41363677979791;13550;4.1300698873867;13550;4.1920224616229742
13560;153.06863612781152;13560;0.24414807580797754;13560;87.710196234015953;13560;755.4531721216191;13560;4.1300698873867;13560;4.1981261635181735
13570;153.01980651264992;13570;0.28077028717917418;13570;87.856685079500735;13570;755.41363677979791;13570;4.1300698873867;13570;4.193548387096774
13580;153.05642872402112;13580;0.26856288338877532;13580;87.881099887081533;13580;755.37410143797683;13580;4.1300698873867;13580;4.1923276467177342
13590;153.09305093539231;13590;0.24414807580797754;13590;87.90551469466233;13590;755.33456609615564;13590;4.1300698873867;13590;4.1926328318124941
13600;153.09305093539231;13600;0.24414807580797754;13600;87.783440656758344;13600;755.33456609615564;13600;4.1300698873867;13600;4.1932432020020141
13610;153.05642872402112;13610;0.28077028717917418;13610;87.795648060548743;13610;755.37410143797683;13610;4.1300698873867;13610;4.1923276467177342
13620;153.06863612781152;13620;0.28077028717917418;13620;87.90551469466233;13620;755.33456609615564;13620;4.1300698873867;13620;4.1923276467177342
13630;153.10525833918271;13630;0.28077028717917418;13630;87.954344309823924;13630;755.37410143797683;13630;4.1300698873867;13630;4.1975157933286535
13640;153.05642872402112;13640;0.28077028717917418;13640;87.759025849177547;13640;755.41363677979791;13640;4.1300698873867;13640;4.1947691274758139
13650;153.06863612781152;13650;0.26856288338877532;13650;87.807855464339141;13650;755.4531721216191;13650;4.1300698873867;13650;4.1950743125705738
13660;153.06863612781152;13660;0.24414807580797754;13660;87.856685079500735;13660;755.37410143797683;13660;4.1300698873867;13660;4.1920224616229742
13670;153.15408795434431;13670;0.26856288338877532;13670;87.795648060548743;13670;755.33456609615564;13670;4.1300698873867;13670;4.1947691274758139
13680;153.04422132023072;13680;0.28077028717917418;13680;87.832270271919938;13680;755.37410143797683;13680;4.1300698873867;13680;4.1908017212439344
13690;152.95876949369793;13690;0.28077028717917418;13690;87.807855464339141;13690;755.33456609615564;13690;4.1300698873867;13690;4.193853572191534
13700;152.97097689748833;13700;0.28077028717917418;13700;87.795648060548743;13700;755.37410143797683;13700;4.1300698873867;13700;4.1959898678548537
13710;153.01980651264992;13710;0.24414807580797754;13710;87.697988830225555;13710;755.37410143797683;13710;4.1300698873867;13710;4.1932432020020141
13720;153.10525833918271;13720;0.23194067201757868;13720;87.856685079500735;13720;755.33456609615564;13720;4.1300698873867;13720;4.193853572191534
13730;153.09305093539231;13730;0.23194067201757868;13730;87.917722098452728;13730;755.29503075433445;13730;4.1300698873867;13730;4.1923276467177342
13740;153.10525833918271;13740;0.24414807580797754;13740;87.807855464339141;13740;755.33456609615564;13740;4.1300698873867;13740;4.1966002380443737
13750;153.04422132023072;13750;0.24414807580797754;13750;87.722403637806352;13750;755.37410143797683;13750;4.1300698873867;13750;4.1932432020020141
13760;153.06863612781152;13760;0.28077028717917418;13760;87.795648060548743;13760;755.33456609615564;13760;4.1300698873867;13760;4.1929380169072541
13770;153.04422132023072;13770;0.29297769096957305;13770;87.783440656758344;13770;755.37410143797683;13770;4.1300698873867;13770;4.1914120914334543
13780;152.99539170506912;13780;0.26856288338877532;13780;87.783440656758344;13780;755.37410143797683;13780;4.1300698873867;13780;4.1950743125705738
13790;153.00759910885952;13790;0.24414807580797754;13790;87.844477675710337;13790;755.37410143797683;13790;4.1300698873867;13790;4.1920224616229742
13800;153.05642872402112;13800;0.26856288338877532;13800;87.795648060548743;13800;755.41363677979791;13800;4.1300698873867;13800;4.1926328318124941
13810;153.15408795434431;13810;0.28077028717917418;13810;87.807855464339141;13810;755.37410143797683;13810;4.1300698873867;13810;4.1975157933286535
13820;153.1785027619251;13820;0.24414807580797754;13820;87.661366618854331;13820;755.33456609615564;13820;4.1300698873867;13820;4.1932432020020141
13830;153.08084353160191;13830;0.26856288338877532;13830;87.759025849177547;13830;755.33456609615564;13830;4.1300698873867;13830;4.1923276467177342
13840;152.98318430127873;13840;0.26856288338877532;13840;87.746818445387149;13840;755.33456609615564;13840;4.1300698873867;13840;4.1904965361491744
13850;153.04422132023072;13850;0.26856288338877532;13850;87.722403637806352;13850;755.37410143797683;13850;4.1300698873867;13850;4.1975157933286535
13860;153.11746574297311;13860;0.24414807580797754;13860;87.661366618854331;13860;755.33456609615564;13860;4.1300698873867;13860;4.193853572191534
13870;153.09305093539231;13870;0.24414807580797754;13870;87.697988830225555;13870;755.37410143797683;13870;4.1300698873867;13870;4.1923276467177342
13880;152.98318430127873;13880;0.26856288338877532;13880;87.807855464339141;13880;755.4531721216191;13880;4.1300698873867;13880;4.1914120914334543
13890;153.08084353160191;13890;0.26856288338877532;13890;87.649159215063932;13890;755.37410143797683;13890;4.1300698873867;13890;4.1953794976653338
13900;153.06863612781152;13900;0.24414807580797754;13900;87.661366618854331;13900;755.37410143797683;13900;4.1300698873867;13900;4.1947691274758139
13910;153.05642872402112;13910;0.23194067201757868;13910;87.783440656758344;13910;755.33456609615564;13910;4.1300698873867;13910;4.1914120914334543
13920;152.98318430127873;13920;0.28077028717917418;13920;87.929929502243127;13920;755.37410143797683;13920;4.1300698873867;13920;4.1959898678548537
EOF
