Name;Scope Project1;
File;C:\Users\Tobno\Desktop\VentilDeadband\JibOpp\-18prosent.csv;
Starttime of export;134214163628200000;torsdag 23. april 2026;13:12:42.820
Endtime of export;134214163743628827;torsdag 23. april 2026;13:12:54.362


Name;fPresSupply_bar;Name;fPres1A_bar;Name;fPres1B_bar;Name;fCylinder1_mm;Name;fValve1_V;Name;fSensor1_V

0;153.15408795434431;0;0.32959990234076969;0;89.968565935239724;0;761.8974328384711;0;4.1001617481002226;0;4.1639454329050567
10;153.1907101657155;10;0.36622211371196634;10;90.1516769920957;10;761.8974328384711;10;4.1001617481002226;10;4.1599780266731772
20;153.36161381878108;20;0.36622211371196634;20;90.237128818628491;20;761.8974328384711;20;4.1001617481002226;20;4.161503952146977
30;153.32499160740988;30;0.32959990234076969;30;90.054017761772513;30;761.85789749664991;30;4.1001617481002226;30;4.1648609881893366
40;153.1785027619251;40;0.36622211371196634;40;90.1150547807245;40;761.85789749664991;40;4.1001617481002226;40;4.1645558030945766
50;153.10525833918271;50;0.35401470992156742;50;90.1516769920957;50;761.85789749664991;50;4.1001617481002226;50;4.1584521011993774
60;153.28836939603869;60;0.35401470992156742;60;90.2127140110477;60;761.85789749664991;60;4.1001617481002226;60;4.1639454329050567
70;153.25174718466749;70;0.32959990234076969;70;90.1760917996765;70;761.77882681300753;70;4.1001617481002226;70;4.1633350627155368
80;153.2029175695059;80;0.29297769096957305;80;90.1760917996765;80;761.77882681300753;80;4.1001617481002226;80;4.1645558030945766
90;153.2273323770867;90;0.35401470992156742;90;90.1638843958861;90;761.8974328384711;90;4.1001617481002226;90;4.1624195074312569
100;153.32499160740988;100;0.35401470992156742;100;90.017395550401318;100;761.85789749664991;100;4.1001617481002226;100;4.1636402478102967
110;153.1662953581347;110;0.32959990234076969;110;90.1638843958861;110;761.85789749664991;110;4.1001617481002226;110;4.1599780266731772
120;153.1907101657155;120;0.31739249855037077;120;90.273751029999687;120;761.85789749664991;120;4.1001617481002226;120;4.161198767052217
130;153.38602862636188;130;0.32959990234076969;130;90.285958433790086;130;761.8974328384711;130;4.1001617481002226;130;4.1666920987578964
140;153.36161381878108;140;0.35401470992156742;140;90.090639973143709;140;761.85789749664991;140;4.1001617481002226;140;4.1627246925260168
150;153.27616199224829;150;0.32959990234076969;150;90.1394695883053;150;761.81836215482872;150;4.1001617481002226;150;4.1624195074312569
160;153.1907101657155;160;0.32959990234076969;160;90.078432569353311;160;761.81836215482872;160;4.1001617481002226;160;4.1599780266731772
170;153.27616199224829;170;0.35401470992156742;170;90.041810357982115;170;761.85789749664991;170;4.1001617481002226;170;4.1654713583788565
180;153.2395397808771;180;0.35401470992156742;180;90.017395550401318;180;761.81836215482872;180;4.1001617481002226;180;4.1627246925260168
190;153.2395397808771;190;0.31739249855037077;190;89.956358531449325;190;761.81836215482872;190;4.1001617481002226;190;4.161198767052217
200;153.2395397808771;200;0.29297769096957305;200;90.054017761772513;200;761.81836215482872;200;4.1001617481002226;200;4.1593676564836572
210;153.28836939603869;210;0.30518509475997191;210;89.883114108706934;210;761.81836215482872;210;4.1001617481002226;210;4.1639454329050567
220;153.1907101657155;220;0.39063692129276406;220;89.895321512497333;220;761.8974328384711;220;4.1001617481002226;220;4.1645558030945766
230;153.2273323770867;230;0.32959990234076969;230;89.944151127658927;230;761.85789749664991;230;4.1001617481002226;230;4.1602832117679371
240;153.36161381878108;240;0.30518509475997191;240;90.017395550401318;240;761.81836215482872;240;4.1001617481002226;240;4.1645558030945766
250;153.28836939603869;250;0.32959990234076969;250;89.992980742820521;250;761.69975612936514;250;4.1001617481002226;250;4.1630298776207768
260;153.2029175695059;260;0.29297769096957305;260;90.029602954191716;260;761.69975612936514;260;4.1001617481002226;260;4.1636402478102967
270;153.15408795434431;270;0.30518509475997191;270;89.968565935239724;270;761.77882681300753;270;4.1001617481002226;270;4.1605883968626971
280;153.1785027619251;280;0.35401470992156742;280;90.029602954191716;280;761.77882681300753;280;4.1001617481002226;280;4.1654713583788565
290;153.08084353160191;290;0.35401470992156742;290;90.1150547807245;290;761.77882681300753;290;4.1001617481002226;290;4.1621143223364969
300;153.2395397808771;300;0.32959990234076969;300;90.041810357982115;300;761.77882681300753;300;4.1001617481002226;300;4.1602832117679371
310;153.26395458845789;310;0.31739249855037077;310;90.090639973143709;310;761.77882681300753;310;4.1001617481002226;310;4.1624195074312569
320;153.1907101657155;320;0.32959990234076969;320;90.017395550401318;320;761.77882681300753;320;4.1001617481002226;320;4.1645558030945766
330;153.14188055055391;330;0.3784295175023652;330;90.066225165562912;330;761.77882681300753;330;4.1001617481002226;330;4.1645558030945766
340;153.15408795434431;340;0.35401470992156742;340;89.980773339030122;340;761.66022078754406;340;4.1001617481002226;340;4.1587572862941373
350;153.27616199224829;350;0.3784295175023652;350;89.968565935239724;350;761.69975612936514;350;4.1001617481002226;350;4.1636402478102967
360;153.10525833918271;360;0.35401470992156742;360;89.870906704916536;360;761.69975612936514;360;4.1001617481002226;360;4.1633350627155368
370;153.06863612781152;370;0.31739249855037077;370;89.956358531449325;370;761.69975612936514;370;4.1001617481002226;370;4.1645558030945766
380;153.2273323770867;380;0.32959990234076969;380;90.1150547807245;380;761.77882681300753;380;4.1001617481002226;380;4.1627246925260168
390;153.32499160740988;390;0.30518509475997191;390;89.944151127658927;390;761.69975612936514;390;4.1001617481002226;390;4.1636402478102967
400;153.08084353160191;400;0.30518509475997191;400;89.846491897335738;400;761.69975612936514;400;4.1001617481002226;400;4.161198767052217
410;153.06863612781152;410;0.30518509475997191;410;89.883114108706934;410;761.69975612936514;410;4.1001617481002226;410;4.161198767052217
420;153.1907101657155;420;0.32959990234076969;420;90.017395550401318;420;761.69975612936514;420;4.1001617481002226;420;4.1645558030945766
430;153.25174718466749;430;0.3784295175023652;430;89.761040070802949;430;761.66022078754406;430;4.1001617481002226;430;4.1645558030945766
440;153.28836939603869;440;0.3784295175023652;440;89.785454878383746;440;761.66022078754406;440;4.1001617481002226;440;4.1645558030945766
450;153.2395397808771;450;0.31739249855037077;450;89.944151127658927;450;761.77882681300753;450;4.1001617481002226;450;4.1593676564836572
460;153.32499160740988;460;0.32959990234076969;460;89.956358531449325;460;761.81836215482872;460;4.1001617481002226;460;4.1636402478102967
470;153.14188055055391;470;0.31739249855037077;470;89.895321512497333;470;761.77882681300753;470;4.1001617481002226;470;4.1624195074312569
480;153.08084353160191;480;0.35401470992156742;480;89.91973632007813;480;761.66022078754406;480;4.1001617481002226;480;4.1654713583788565
490;153.2395397808771;490;0.35401470992156742;490;89.883114108706934;490;761.69975612936514;490;4.1001617481002226;490;4.1633350627155368
500;153.27616199224829;500;0.32959990234076969;500;89.74883266701255;500;761.77882681300753;500;4.1001617481002226;500;4.1639454329050567
510;153.15408795434431;510;0.36622211371196634;510;89.74883266701255;510;761.69975612936514;510;4.1001617481002226;510;4.1639454329050567
520;153.10525833918271;520;0.32959990234076969;520;89.724417859431753;520;761.66022078754406;520;4.1001617481002226;520;4.1599780266731772
530;153.08084353160191;530;0.31739249855037077;530;89.822077089754941;530;761.69975612936514;530;4.1001617481002226;530;4.1639454329050567
540;153.1785027619251;540;0.35401470992156742;540;89.797662282174144;540;761.62068544572287;540;4.1001617481002226;540;4.1645558030945766
550;153.33719901120028;550;0.36622211371196634;550;89.883114108706934;550;761.66022078754406;550;4.1001617481002226;550;4.1645558030945766
560;153.2029175695059;560;0.32959990234076969;560;89.895321512497333;560;761.77882681300753;560;4.1001617481002226;560;4.1605883968626971
570;153.2273323770867;570;0.31739249855037077;570;89.785454878383746;570;761.77882681300753;570;4.1001617481002226;570;4.1645558030945766
580;153.1785027619251;580;0.30518509475997191;580;89.761040070802949;580;761.69975612936514;580;4.1001617481002226;580;4.1602832117679371
590;153.26395458845789;590;0.30518509475997191;590;89.724417859431753;590;761.62068544572287;590;4.1001617481002226;590;4.1636402478102967
600;153.1907101657155;600;0.30518509475997191;600;89.773247474593347;600;761.66022078754406;600;4.1001617481002226;600;4.1666920987578964
610;153.2395397808771;610;0.32959990234076969;610;89.822077089754941;610;761.62068544572287;610;4.1001617481002226;610;4.1633350627155368
620;153.28836939603869;620;0.36622211371196634;620;89.956358531449325;620;761.66022078754406;620;4.1001617481002226;620;4.1630298776207768
630;153.2029175695059;630;0.32959990234076969;630;89.773247474593347;630;761.66022078754406;630;4.1001617481002226;630;4.161198767052217
640;153.2029175695059;640;0.39063692129276406;640;89.724417859431753;640;761.69975612936514;640;4.1001617481002226;640;4.1660817285683764
650;153.08084353160191;650;0.40284432508316292;650;89.797662282174144;650;761.66022078754406;650;4.1001617481002226;650;4.1636402478102967
660;153.1785027619251;660;0.3784295175023652;660;89.858699301126137;660;761.66022078754406;660;4.1001617481002226;660;4.1648609881893366
670;153.2273323770867;670;0.30518509475997191;670;89.773247474593347;670;761.66022078754406;670;4.1001617481002226;670;4.1621143223364969
680;153.28836939603869;680;0.30518509475997191;680;89.663380840479761;680;761.62068544572287;680;4.1001617481002226;680;4.1633350627155368
690;153.28836939603869;690;0.32959990234076969;690;89.83428449354534;690;761.58115010390168;690;4.1001617481002226;690;4.161198767052217
700;153.32499160740988;700;0.30518509475997191;700;89.822077089754941;700;761.58115010390168;700;4.1001617481002226;700;4.1621143223364969
710;153.25174718466749;710;0.36622211371196634;710;89.797662282174144;710;761.66022078754406;710;4.1001617481002226;710;4.1657765434736165
720;153.1662953581347;720;0.32959990234076969;720;89.736625263222152;720;761.66022078754406;720;4.1001617481002226;720;4.1657765434736165
730;153.27616199224829;730;0.28077028717917418;730;89.773247474593347;730;761.69975612936514;730;4.1001617481002226;730;4.1651661732840966
740;153.2273323770867;740;0.31739249855037077;740;89.736625263222152;740;761.62068544572287;740;4.1001617481002226;740;4.1593676564836572
750;153.2273323770867;750;0.30518509475997191;750;89.638966032898949;750;761.58115010390168;750;4.1001617481002226;750;4.1636402478102967
760;153.10525833918271;760;0.28077028717917418;760;89.577929013946957;760;761.54161476208048;760;4.1001617481002226;760;4.161503952146977
770;153.15408795434431;770;0.32959990234076969;770;89.675588244270159;770;761.54161476208048;770;4.1001617481002226;770;4.1645558030945766
780;153.25174718466749;780;0.36622211371196634;780;89.724417859431753;780;761.58115010390168;780;4.1001617481002226;780;4.1630298776207768
790;153.26395458845789;790;0.31739249855037077;790;89.638966032898949;790;761.58115010390168;790;4.1001617481002226;790;4.1636402478102967
800;153.06863612781152;800;0.29297769096957305;800;89.785454878383746;800;761.62068544572287;800;4.1001617481002226;800;4.1630298776207768
810;152.98318430127873;810;0.30518509475997191;810;89.700003051850956;810;761.62068544572287;810;4.1001617481002226;810;4.1608935819574571
820;153.1785027619251;820;0.36622211371196634;820;89.785454878383746;820;761.62068544572287;820;4.1001617481002226;820;4.1654713583788565
830;153.15408795434431;830;0.36622211371196634;830;89.724417859431753;830;761.58115010390168;830;4.1001617481002226;830;4.1639454329050567
840;153.09305093539231;840;0.35401470992156742;840;89.651173436689362;840;761.54161476208048;840;4.1001617481002226;840;4.1633350627155368
850;153.1785027619251;850;0.3784295175023652;850;89.626758629108551;850;761.50207942025929;850;4.1001617481002226;850;4.1605883968626971
860;153.30057679982909;860;0.3784295175023652;860;89.504684591204565;860;761.54161476208048;860;4.1001617481002226;860;4.1673024689474163
870;153.09305093539231;870;0.39063692129276406;870;89.55351420636616;870;761.58115010390168;870;4.1001617481002226;870;4.1633350627155368
880;153.10525833918271;880;0.3784295175023652;880;89.638966032898949;880;761.58115010390168;880;4.1001617481002226;880;4.1621143223364969
890;153.25174718466749;890;0.35401470992156742;890;89.675588244270159;890;761.54161476208048;890;4.1001617481002226;890;4.1627246925260168
900;153.26395458845789;900;0.32959990234076969;900;89.541306802575761;900;761.50207942025929;900;4.1001617481002226;900;4.1630298776207768
910;153.1662953581347;910;0.31739249855037077;910;89.565721610156558;910;761.58115010390168;910;4.1001617481002226;910;4.1630298776207768
920;153.11746574297311;920;0.39063692129276406;920;89.55351420636616;920;761.54161476208048;920;4.1001617481002226;920;4.1608935819574571
930;153.11746574297311;930;0.43946653645435957;930;89.504684591204565;930;761.50207942025929;930;4.1001617481002226;930;4.1651661732840966
940;153.06863612781152;940;0.39063692129276406;940;89.431440168462174;940;761.4625440784381;940;4.1001617481002226;940;4.1630298776207768
950;153.11746574297311;950;0.32959990234076969;950;89.541306802575761;950;761.50207942025929;950;4.1001617481002226;950;4.1645558030945766
960;153.1662953581347;960;0.32959990234076969;960;89.577929013946957;960;761.50207942025929;960;4.1001617481002226;960;4.1621143223364969
970;153.34940641499068;970;0.39063692129276406;970;89.504684591204565;970;761.50207942025929;970;4.1001617481002226;970;4.1645558030945766
980;153.2395397808771;980;0.3784295175023652;980;89.492477187414167;980;761.50207942025929;980;4.1001617481002226;980;4.1605883968626971
990;153.25174718466749;990;0.31739249855037077;990;89.394817957090979;990;761.4625440784381;990;4.1001617481002226;990;4.161503952146977
1000;153.33719901120028;1000;0.31739249855037077;1000;89.529099398785362;1000;761.54161476208048;1000;4.1001617481002226;1000;4.1651661732840966
1010;153.2273323770867;1010;0.31739249855037077;1010;89.455854976042971;1010;761.54161476208048;1010;4.1001617481002226;1010;4.1645558030945766
1020;153.2273323770867;1020;0.32959990234076969;1020;89.541306802575761;1020;761.54161476208048;1020;4.1001617481002226;1020;4.1645558030945766
1030;153.1785027619251;1030;0.32959990234076969;1030;89.638966032898949;1030;761.4625440784381;1030;4.1001617481002226;1030;4.1602832117679371
1040;153.2273323770867;1040;0.35401470992156742;1040;89.565721610156558;1040;761.4625440784381;1040;4.1001617481002226;1040;4.1639454329050567
1050;153.1662953581347;1050;0.31739249855037077;1050;89.455854976042971;1050;761.50207942025929;1050;4.1001617481002226;1050;4.1621143223364969
1060;153.1907101657155;1060;0.31739249855037077;1060;89.651173436689362;1060;761.4625440784381;1060;4.1001617481002226;1060;4.1654713583788565
1070;153.1907101657155;1070;0.39063692129276406;1070;89.651173436689362;1070;761.38347339479571;1070;4.1001617481002226;1070;4.1636402478102967
1080;153.2029175695059;1080;0.39063692129276406;1080;89.480269783623768;1080;761.4625440784381;1080;4.1001617481002226;1080;4.1627246925260168
1090;153.11746574297311;1090;0.36622211371196634;1090;89.541306802575761;1090;761.54161476208048;1090;4.1001617481002226;1090;4.1605883968626971
1100;153.10525833918271;1100;0.31739249855037077;1100;89.504684591204565;1100;761.50207942025929;1100;4.1001617481002226;1100;4.1608935819574571
1110;153.25174718466749;1110;0.31739249855037077;1110;89.602343821527754;1110;761.4625440784381;1110;4.1001617481002226;1110;4.1660817285683764
1120;153.2029175695059;1120;0.32959990234076969;1120;89.638966032898949;1120;761.38347339479571;1120;4.1001617481002226;1120;4.1645558030945766
1130;153.1785027619251;1130;0.30518509475997191;1130;89.590136417737355;1130;761.38347339479571;1130;4.1001617481002226;1130;4.1636402478102967
1140;153.14188055055391;1140;0.32959990234076969;1140;89.455854976042971;1140;761.4625440784381;1140;4.1001617481002226;1140;4.1602832117679371
1150;153.1785027619251;1150;0.41505172887356179;1150;89.431440168462174;1150;761.50207942025929;1150;4.1001617481002226;1150;4.1660817285683764
1160;153.15408795434431;1160;0.3784295175023652;1160;89.541306802575761;1160;761.38347339479571;1160;4.1001617481002226;1160;4.1627246925260168
1170;153.2029175695059;1170;0.29297769096957305;1170;89.492477187414167;1170;761.38347339479571;1170;4.1001617481002226;1170;4.161503952146977
1180;153.2029175695059;1180;0.28077028717917418;1180;89.431440168462174;1180;761.38347339479571;1180;4.1001617481002226;1180;4.1621143223364969
1190;153.1662953581347;1190;0.31739249855037077;1190;89.358195745719783;1190;761.38347339479571;1190;4.1001617481002226;1190;4.1627246925260168
1200;153.1662953581347;1200;0.36622211371196634;1200;89.46806237983337;1200;761.38347339479571;1200;4.1001617481002226;1200;4.161503952146977
1210;153.26395458845789;1210;0.32959990234076969;1210;89.333780938138986;1210;761.38347339479571;1210;4.1001617481002226;1210;4.1621143223364969
1220;153.32499160740988;1220;0.36622211371196634;1220;89.358195745719783;1220;761.38347339479571;1220;4.1001617481002226;1220;4.1673024689474163
1230;153.14188055055391;1230;0.35401470992156742;1230;89.38261055330058;1230;761.38347339479571;1230;4.1001617481002226;1230;4.1627246925260168
1240;153.09305093539231;1240;0.32959990234076969;1240;89.370403149510182;1240;761.50207942025929;1240;4.1001617481002226;1240;4.1624195074312569
1250;153.1785027619251;1250;0.30518509475997191;1250;89.407025360881377;1250;761.50207942025929;1250;4.1001617481002226;1250;4.1602832117679371
1260;153.26395458845789;1260;0.31739249855037077;1260;89.38261055330058;1260;761.38347339479571;1260;4.1001617481002226;1260;4.1654713583788565
1270;153.10525833918271;1270;0.3784295175023652;1270;89.358195745719783;1270;761.38347339479571;1270;4.1001617481002226;1270;4.161198767052217
1280;153.14188055055391;1280;0.36622211371196634;1280;89.358195745719783;1280;761.34393805297452;1280;4.1001617481002226;1280;4.1605883968626971
1290;153.10525833918271;1290;0.31739249855037077;1290;89.46806237983337;1290;761.38347339479571;1290;4.1001617481002226;1290;4.1645558030945766
1300;153.1785027619251;1300;0.29297769096957305;1300;89.333780938138986;1300;761.38347339479571;1300;4.1001617481002226;1300;4.1639454329050567
1310;153.2395397808771;1310;0.35401470992156742;1310;89.443647572252573;1310;761.38347339479571;1310;4.1001617481002226;1310;4.1633350627155368
1320;153.15408795434431;1320;0.32959990234076969;1320;89.431440168462174;1320;761.38347339479571;1320;4.1001617481002226;1320;4.1605883968626971
1330;153.25174718466749;1330;0.28077028717917418;1330;89.370403149510182;1330;761.34393805297452;1330;4.1001617481002226;1330;4.1648609881893366
1340;153.2395397808771;1340;0.35401470992156742;1340;89.345988341929385;1340;761.26486736933225;1340;4.1001617481002226;1340;4.161503952146977
1350;153.25174718466749;1350;0.36622211371196634;1350;89.407025360881377;1350;761.30440271115344;1350;4.1001617481002226;1350;4.1633350627155368
1360;153.10525833918271;1360;0.30518509475997191;1360;89.46806237983337;1360;761.34393805297452;1360;4.1001617481002226;1360;4.161198767052217
1370;153.1907101657155;1370;0.36622211371196634;1370;89.431440168462174;1370;761.30440271115344;1370;4.1001617481002226;1370;4.1624195074312569
1380;153.2395397808771;1380;0.3784295175023652;1380;89.46806237983337;1380;761.34393805297452;1380;4.1001617481002226;1380;4.1605883968626971
1390;153.2029175695059;1390;0.30518509475997191;1390;89.455854976042971;1390;761.30440271115344;1390;4.1001617481002226;1390;4.1605883968626971
1400;153.2395397808771;1400;0.29297769096957305;1400;89.577929013946957;1400;761.30440271115344;1400;4.1001617481002226;1400;4.1654713583788565
1410;153.26395458845789;1410;0.32959990234076969;1410;89.394817957090979;1410;761.30440271115344;1410;4.1001617481002226;1410;4.1645558030945766
1420;153.33719901120028;1420;0.32959990234076969;1420;89.38261055330058;1420;761.30440271115344;1420;4.1001617481002226;1420;4.1627246925260168
1430;153.1907101657155;1430;0.31739249855037077;1430;89.370403149510182;1430;761.34393805297452;1430;4.1001617481002226;1430;4.1593676564836572
1440;153.15408795434431;1440;0.35401470992156742;1440;89.284951322977392;1440;761.34393805297452;1440;4.1001617481002226;1440;4.1654713583788565
1450;152.94656208990753;1450;0.32959990234076969;1450;89.29715872676779;1450;761.30440271115344;1450;4.1001617481002226;1450;4.161198767052217
1460;153.09305093539231;1460;0.32959990234076969;1460;89.38261055330058;1460;761.30440271115344;1460;4.1001617481002226;1460;4.161198767052217
1470;153.27616199224829;1470;0.39063692129276406;1470;89.407025360881377;1470;761.30440271115344;1470;4.1001617481002226;1470;4.1605883968626971
1480;153.2029175695059;1480;0.36622211371196634;1480;89.370403149510182;1480;761.30440271115344;1480;4.1001617481002226;1480;4.1630298776207768
1490;153.1785027619251;1490;0.30518509475997191;1490;89.46806237983337;1490;761.34393805297452;1490;4.1001617481002226;1490;4.1627246925260168
1500;153.2029175695059;1500;0.28077028717917418;1500;89.38261055330058;1500;761.30440271115344;1500;4.1001617481002226;1500;4.1593676564836572
1510;153.2395397808771;1510;0.28077028717917418;1510;89.541306802575761;1510;761.34393805297452;1510;4.1001617481002226;1510;4.1633350627155368
1520;153.14188055055391;1520;0.31739249855037077;1520;89.443647572252573;1520;761.30440271115344;1520;4.1001617481002226;1520;4.1624195074312569
1530;153.15408795434431;1530;0.39063692129276406;1530;89.370403149510182;1530;761.30440271115344;1530;4.1001617481002226;1530;4.1633350627155368
1540;153.2029175695059;1540;0.3784295175023652;1540;89.407025360881377;1540;761.30440271115344;1540;4.1001617481002226;1540;4.1599780266731772
1550;153.2395397808771;1550;0.3784295175023652;1550;89.358195745719783;1550;761.30440271115344;1550;4.1001617481002226;1550;4.1645558030945766
1560;153.05642872402112;1560;0.35401470992156742;1560;89.2605365153966;1560;761.26486736933225;1560;4.1001617481002226;1560;4.1599780266731772
1570;153.09305093539231;1570;0.30518509475997191;1570;89.187292092654175;1570;761.18579668568987;1570;4.1001617481002226;1570;4.161503952146977
1580;153.09305093539231;1580;0.32959990234076969;1580;89.333780938138986;1580;761.22533202751106;1580;4.1001617481002226;1580;4.1645558030945766
1590;153.06863612781152;1590;0.32959990234076969;1590;89.309366130558189;1590;761.18579668568987;1590;4.1001617481002226;1590;4.1605883968626971
1600;153.1662953581347;1600;0.29297769096957305;1600;89.333780938138986;1600;761.22533202751106;1600;4.1001617481002226;1600;4.161198767052217
1610;153.27616199224829;1610;0.35401470992156742;1610;89.358195745719783;1610;761.22533202751106;1610;4.1001617481002226;1610;4.161198767052217
1620;153.42265083773307;1620;0.40284432508316292;1620;89.394817957090979;1620;761.26486736933225;1620;4.1001617481002226;1620;4.1651661732840966
1630;153.11746574297311;1630;0.35401470992156742;1630;89.284951322977392;1630;761.26486736933225;1630;4.1001617481002226;1630;4.161198767052217
1640;153.01980651264992;1640;0.32959990234076969;1640;89.29715872676779;1640;761.26486736933225;1640;4.1001617481002226;1640;4.1621143223364969
1650;153.00759910885952;1650;0.35401470992156742;1650;89.29715872676779;1650;761.22533202751106;1650;4.1001617481002226;1650;4.1593676564836572
1660;153.09305093539231;1660;0.31739249855037077;1660;89.248329111606168;1660;761.22533202751106;1660;4.1001617481002226;1660;4.1627246925260168
1670;153.10525833918271;1670;0.28077028717917418;1670;89.272743919187;1670;761.22533202751106;1670;4.1001617481002226;1670;4.1608935819574571
1680;153.14188055055391;1680;0.28077028717917418;1680;89.175084688863777;1680;761.22533202751106;1680;4.1001617481002226;1680;4.1599780266731772
1690;153.25174718466749;1690;0.30518509475997191;1690;89.309366130558189;1690;761.26486736933225;1690;4.1001617481002226;1690;4.1633350627155368
1700;153.26395458845789;1700;0.30518509475997191;1700;89.272743919187;1700;761.22533202751106;1700;4.1001617481002226;1700;4.1627246925260168
1710;153.2273323770867;1710;0.35401470992156742;1710;89.370403149510182;1710;761.22533202751106;1710;4.1001617481002226;1710;4.1630298776207768
1720;153.11746574297311;1720;0.3784295175023652;1720;89.407025360881377;1720;761.18579668568987;1720;4.1001617481002226;1720;4.1602832117679371
1730;153.25174718466749;1730;0.36622211371196634;1730;89.38261055330058;1730;761.18579668568987;1730;4.1001617481002226;1730;4.1654713583788565
1740;153.1907101657155;1740;0.32959990234076969;1740;89.370403149510182;1740;761.18579668568987;1740;4.1001617481002226;1740;4.161198767052217
1750;153.1785027619251;1750;0.36622211371196634;1750;89.2605365153966;1750;761.18579668568987;1750;4.1001617481002226;1750;4.1608935819574571
1760;153.10525833918271;1760;0.39063692129276406;1760;89.211706900234972;1760;761.26486736933225;1760;4.1001617481002226;1760;4.1590624713888973
1770;153.1785027619251;1770;0.36622211371196634;1770;89.248329111606168;1770;761.22533202751106;1770;4.1001617481002226;1770;4.1645558030945766
1780;153.14188055055391;1780;0.35401470992156742;1780;89.431440168462174;1780;761.26486736933225;1780;4.1001617481002226;1780;4.1639454329050567
1790;153.11746574297311;1790;0.36622211371196634;1790;89.29715872676779;1790;761.18579668568987;1790;4.1001617481002226;1790;4.1581469161046174
1800;153.1662953581347;1800;0.32959990234076969;1800;89.272743919187;1800;761.18579668568987;1800;4.1001617481002226;1800;4.1630298776207768
1810;152.99539170506912;1810;0.30518509475997191;1810;89.272743919187;1810;761.18579668568987;1810;4.1001617481002226;1810;4.1627246925260168
1820;153.08084353160191;1820;0.30518509475997191;1820;89.370403149510182;1820;761.18579668568987;1820;4.1001617481002226;1820;4.1630298776207768
1830;153.1907101657155;1830;0.31739249855037077;1830;89.345988341929385;1830;761.18579668568987;1830;4.1001617481002226;1830;4.1602832117679371
1840;153.1907101657155;1840;0.32959990234076969;1840;89.236121707815769;1840;761.10672600204748;1840;4.1001617481002226;1840;4.1636402478102967
1850;153.11746574297311;1850;0.3784295175023652;1850;89.187292092654175;1850;761.10672600204748;1850;4.1001617481002226;1850;4.1590624713888973
1860;153.2273323770867;1860;0.3784295175023652;1860;89.211706900234972;1860;761.10672600204748;1860;4.1001617481002226;1860;4.1630298776207768
1870;153.14188055055391;1870;0.32959990234076969;1870;89.358195745719783;1870;761.18579668568987;1870;4.1001617481002226;1870;4.1648609881893366
1880;153.05642872402112;1880;0.30518509475997191;1880;89.199499496444574;1880;761.18579668568987;1880;4.1001617481002226;1880;4.161198767052217
1890;153.08084353160191;1890;0.32959990234076969;1890;89.272743919187;1890;761.18579668568987;1890;4.1001617481002226;1890;4.1605883968626971
1900;153.1662953581347;1900;0.36622211371196634;1900;89.2605365153966;1900;761.0671906602264;1900;4.1001617481002226;1900;4.1605883968626971
1910;153.1662953581347;1910;0.31739249855037077;1910;89.29715872676779;1910;761.10672600204748;1910;4.1001617481002226;1910;4.1657765434736165
1920;153.06863612781152;1920;0.30518509475997191;1920;89.15066988128298;1920;761.10672600204748;1920;4.1001617481002226;1920;4.1608935819574571
1930;153.14188055055391;1930;0.31739249855037077;1930;89.187292092654175;1930;761.10672600204748;1930;4.1001617481002226;1930;4.1605883968626971
1940;153.2395397808771;1940;0.30518509475997191;1940;89.284951322977392;1940;761.0671906602264;1940;4.1001617481002226;1940;4.1590624713888973
1950;153.27616199224829;1950;0.31739249855037077;1950;89.211706900234972;1950;761.0671906602264;1950;4.1001617481002226;1950;4.1651661732840966
1960;153.08084353160191;1960;0.29297769096957305;1960;89.236121707815769;1960;761.10672600204748;1960;4.1001617481002226;1960;4.1630298776207768
1970;153.01980651264992;1970;0.31739249855037077;1970;89.077425458540588;1970;761.10672600204748;1970;4.1001617481002226;1970;4.1590624713888973
1980;153.1785027619251;1980;0.39063692129276406;1980;89.15066988128298;1980;761.10672600204748;1980;4.1001617481002226;1980;4.161198767052217
1990;153.14188055055391;1990;0.3784295175023652;1990;89.15066988128298;1990;761.18579668568987;1990;4.1001617481002226;1990;4.1630298776207768
2000;153.1662953581347;2000;0.39063692129276406;2000;89.272743919187;2000;761.18579668568987;2000;4.1001617481002226;2000;4.1636402478102967
2010;153.30057679982909;2010;0.40284432508316292;2010;89.272743919187;2010;761.02765531840521;2010;4.1001617481002226;2010;4.1593676564836572
2020;153.39823603015228;2020;0.36622211371196634;2020;89.211706900234972;2020;761.0671906602264;2020;4.1001617481002226;2020;4.1651661732840966
2030;153.30057679982909;2030;0.32959990234076969;2030;89.15066988128298;2030;761.10672600204748;2030;4.1001617481002226;2030;4.161503952146977
2040;153.2273323770867;2040;0.36622211371196634;2040;89.138462477492581;2040;761.02765531840521;2040;4.1001617481002226;2040;4.161503952146977
2050;153.1662953581347;2050;0.39063692129276406;2050;89.101840266121386;2050;761.0671906602264;2050;4.1001617481002226;2050;4.1602832117679371
2060;153.27616199224829;2060;0.36622211371196634;2060;89.089632862330987;2060;761.0671906602264;2060;4.1001617481002226;2060;4.1645558030945766
2070;153.27616199224829;2070;0.39063692129276406;2070;89.15066988128298;2070;761.10672600204748;2070;4.1001617481002226;2070;4.1630298776207768
2080;153.1662953581347;2080;0.39063692129276406;2080;89.114047669911784;2080;761.0671906602264;2080;4.1001617481002226;2080;4.1590624713888973
2090;153.1785027619251;2090;0.35401470992156742;2090;89.345988341929385;2090;761.0671906602264;2090;4.1001617481002226;2090;4.1633350627155368
2100;153.10525833918271;2100;0.30518509475997191;2100;89.175084688863777;2100;760.988119976584;2100;4.1001617481002226;2100;4.1630298776207768
2110;153.10525833918271;2110;0.35401470992156742;2110;89.199499496444574;2110;761.02765531840521;2110;4.1001617481002226;2110;4.1645558030945766
2120;153.14188055055391;2120;0.39063692129276406;2120;89.199499496444574;2120;761.02765531840521;2120;4.1001617481002226;2120;4.161198767052217
2130;153.25174718466749;2130;0.3784295175023652;2130;89.15066988128298;2130;761.02765531840521;2130;4.1001617481002226;2130;4.1645558030945766
2140;153.14188055055391;2140;0.35401470992156742;2140;89.15066988128298;2140;761.02765531840521;2140;4.1001617481002226;2140;4.1599780266731772
2150;153.1907101657155;2150;0.31739249855037077;2150;89.138462477492581;2150;761.02765531840521;2150;4.1001617481002226;2150;4.1633350627155368
2160;153.2395397808771;2160;0.3784295175023652;2160;89.29715872676779;2160;761.0671906602264;2160;4.1001617481002226;2160;4.1648609881893366
2170;153.2029175695059;2170;0.43946653645435957;2170;89.199499496444574;2170;761.02765531840521;2170;4.1001617481002226;2170;4.161503952146977
2180;153.14188055055391;2180;0.40284432508316292;2180;89.162877285073378;2180;761.0671906602264;2180;4.1001617481002226;2180;4.1608935819574571
2190;153.1785027619251;2190;0.36622211371196634;2190;89.077425458540588;2190;761.0671906602264;2190;4.1001617481002226;2190;4.161503952146977
2200;153.25174718466749;2200;0.32959990234076969;2200;89.15066988128298;2200;760.988119976584;2200;4.1001617481002226;2200;4.1654713583788565
2210;153.1662953581347;2210;0.31739249855037077;2210;89.101840266121386;2210;760.94858463476282;2210;4.1001617481002226;2210;4.161198767052217
2220;153.2029175695059;2220;0.36622211371196634;2220;89.138462477492581;2220;760.94858463476282;2220;4.1001617481002226;2220;4.161503952146977
2230;153.14188055055391;2230;0.39063692129276406;2230;89.15066988128298;2230;760.988119976584;2230;4.1001617481002226;2230;4.1602832117679371
2240;153.1662953581347;2240;0.36622211371196634;2240;89.175084688863777;2240;761.0671906602264;2240;4.1001617481002226;2240;4.1673024689474163
2250;153.1785027619251;2250;0.36622211371196634;2250;89.2605365153966;2250;761.02765531840521;2250;4.1001617481002226;2250;4.1633350627155368
2260;153.28836939603869;2260;0.35401470992156742;2260;89.162877285073378;2260;760.94858463476282;2260;4.1001617481002226;2260;4.1587572862941373
2270;153.1662953581347;2270;0.31739249855037077;2270;89.187292092654175;2270;760.988119976584;2270;4.1001617481002226;2270;4.1608935819574571
2280;153.11746574297311;2280;0.32959990234076969;2280;89.089632862330987;2280;761.02765531840521;2280;4.1001617481002226;2280;4.1645558030945766
2290;153.1907101657155;2290;0.36622211371196634;2290;89.138462477492581;2290;761.02765531840521;2290;4.1001617481002226;2290;4.1648609881893366
2300;153.1662953581347;2300;0.32959990234076969;2300;89.06521805475019;2300;760.94858463476282;2300;4.1001617481002226;2300;4.1587572862941373
2310;153.2273323770867;2310;0.32959990234076969;2310;89.101840266121386;2310;760.94858463476282;2310;4.1001617481002226;2310;4.1636402478102967
2320;153.06863612781152;2320;0.3784295175023652;2320;89.15066988128298;2320;760.94858463476282;2320;4.1001617481002226;2320;4.161198767052217
2330;153.1785027619251;2330;0.3784295175023652;2330;89.101840266121386;2330;761.02765531840521;2330;4.1001617481002226;2330;4.1636402478102967
2340;153.27616199224829;2340;0.32959990234076969;2340;89.0041810357982;2340;761.02765531840521;2340;4.1001617481002226;2340;4.1624195074312569
2350;153.2395397808771;2350;0.32959990234076969;2350;88.9797662282174;2350;760.94858463476282;2350;4.1001617481002226;2350;4.1636402478102967
2360;153.08084353160191;2360;0.35401470992156742;2360;89.101840266121386;2360;760.90904929294163;2360;4.1001617481002226;2360;4.1608935819574571
2370;153.15408795434431;2370;0.36622211371196634;2370;89.0041810357982;2370;760.86951395112055;2370;4.1001617481002226;2370;4.1608935819574571
2380;153.2029175695059;2380;0.36622211371196634;2380;89.089632862330987;2380;760.94858463476282;2380;4.1001617481002226;2380;4.1657765434736165
2390;153.1907101657155;2390;0.32959990234076969;2390;89.0163884395886;2390;760.90904929294163;2390;4.1001617481002226;2390;4.1633350627155368
2400;153.25174718466749;2400;0.32959990234076969;2400;88.9919736320078;2400;760.90904929294163;2400;4.1001617481002226;2400;4.1633350627155368
2410;153.26395458845789;2410;0.36622211371196634;2410;88.906521805475009;2410;760.86951395112055;2410;4.1001617481002226;2410;4.1605883968626971
2420;153.28836939603869;2420;0.3784295175023652;2420;89.053010650959791;2420;760.86951395112055;2420;4.1001617481002226;2420;4.1639454329050567
2430;153.09305093539231;2430;0.36622211371196634;2430;89.114047669911784;2430;760.86951395112055;2430;4.1001617481002226;2430;4.161198767052217
2440;153.2029175695059;2440;0.36622211371196634;2440;89.06521805475019;2440;760.94858463476282;2440;4.1001617481002226;2440;4.1645558030945766
2450;153.1907101657155;2450;0.36622211371196634;2450;89.06521805475019;2450;760.94858463476282;2450;4.1001617481002226;2450;4.1636402478102967
2460;153.1907101657155;2460;0.35401470992156742;2460;88.9797662282174;2460;760.86951395112055;2460;4.1001617481002226;2460;4.1621143223364969
2470;153.11746574297311;2470;0.39063692129276406;2470;89.0041810357982;2470;760.90904929294163;2470;4.1001617481002226;2470;4.161503952146977
2480;153.14188055055391;2480;0.39063692129276406;2480;88.906521805475009;2480;760.86951395112055;2480;4.1001617481002226;2480;4.1627246925260168
2490;153.33719901120028;2490;0.36622211371196634;2490;89.101840266121386;2490;760.90904929294163;2490;4.1001617481002226;2490;4.1660817285683764
2500;153.25174718466749;2500;0.35401470992156742;2500;89.077425458540588;2500;760.90904929294163;2500;4.1001617481002226;2500;4.161198767052217
2510;153.2273323770867;2510;0.35401470992156742;2510;89.187292092654175;2510;760.90904929294163;2510;4.1001617481002226;2510;4.161503952146977
2520;153.10525833918271;2520;0.35401470992156742;2520;89.15066988128298;2520;760.86951395112055;2520;4.1001617481002226;2520;4.1590624713888973
2530;153.25174718466749;2530;0.32959990234076969;2530;88.882106997894212;2530;760.90904929294163;2530;4.1001617481002226;2530;4.1660817285683764
2540;153.15408795434431;2540;0.31739249855037077;2540;88.906521805475009;2540;760.90904929294163;2540;4.1001617481002226;2540;4.1633350627155368
2550;153.2273323770867;2550;0.32959990234076969;2550;88.967558824427;2550;760.86951395112055;2550;4.1001617481002226;2550;4.1602832117679371
2560;153.28836939603869;2560;0.3784295175023652;2560;89.138462477492581;2560;760.90904929294163;2560;4.1001617481002226;2560;4.1608935819574571
2570;153.14188055055391;2570;0.36622211371196634;2570;88.9919736320078;2570;760.79044326747817;2570;4.1001617481002226;2570;4.1636402478102967
2580;153.2273323770867;2580;0.35401470992156742;2580;89.040803247169393;2580;760.79044326747817;2580;4.1001617481002226;2580;4.1639454329050567
2590;153.2273323770867;2590;0.36622211371196634;2590;88.9919736320078;2590;760.86951395112055;2590;4.1001617481002226;2590;4.1587572862941373
2600;153.15408795434431;2600;0.35401470992156742;2600;89.053010650959791;2600;760.86951395112055;2600;4.1001617481002226;2600;4.1636402478102967
2610;153.05642872402112;2610;0.31739249855037077;2610;89.0041810357982;2610;760.90904929294163;2610;4.1001617481002226;2610;4.161198767052217
2620;153.14188055055391;2620;0.32959990234076969;2620;89.053010650959791;2620;760.90904929294163;2620;4.1001617481002226;2620;4.1621143223364969
2630;153.1785027619251;2630;0.31739249855037077;2630;89.089632862330987;2630;760.86951395112055;2630;4.1001617481002226;2630;4.161198767052217
2640;153.25174718466749;2640;0.31739249855037077;2640;88.967558824427;2640;760.79044326747817;2640;4.1001617481002226;2640;4.1639454329050567
2650;153.09305093539231;2650;0.35401470992156742;2650;88.9919736320078;2650;760.86951395112055;2650;4.1001617481002226;2650;4.1605883968626971
2660;153.14188055055391;2660;0.35401470992156742;2660;88.9309366130558;2660;760.79044326747817;2660;4.1001617481002226;2660;4.1605883968626971
2670;153.14188055055391;2670;0.35401470992156742;2670;89.175084688863777;2670;760.79044326747817;2670;4.1001617481002226;2670;4.1651661732840966
2680;153.10525833918271;2680;0.32959990234076969;2680;89.089632862330987;2680;760.86951395112055;2680;4.1001617481002226;2680;4.161198767052217
2690;153.27616199224829;2690;0.35401470992156742;2690;89.06521805475019;2690;760.79044326747817;2690;4.1001617481002226;2690;4.161503952146977
2700;153.28836939603869;2700;0.3784295175023652;2700;88.9309366130558;2700;760.750907925657;2700;4.1001617481002226;2700;4.1605883968626971
2710;153.33719901120028;2710;0.32959990234076969;2710;88.869899594103813;2710;760.86951395112055;2710;4.1001617481002226;2710;4.1657765434736165
2720;153.1907101657155;2720;0.30518509475997191;2720;88.869899594103813;2720;760.79044326747817;2720;4.1001617481002226;2720;4.1630298776207768
2730;153.2029175695059;2730;0.35401470992156742;2730;88.869899594103813;2730;760.750907925657;2730;4.1001617481002226;2730;4.1621143223364969
2740;153.2395397808771;2740;0.35401470992156742;2740;89.053010650959791;2740;760.750907925657;2740;4.1001617481002226;2740;4.1593676564836572
2750;153.2395397808771;2750;0.32959990234076969;2750;89.0163884395886;2750;760.750907925657;2750;4.1001617481002226;2750;4.1624195074312569
2760;153.08084353160191;2760;0.32959990234076969;2760;89.040803247169393;2760;760.79044326747817;2760;4.1001617481002226;2760;4.1627246925260168
2770;153.2395397808771;2770;0.31739249855037077;2770;89.0041810357982;2770;760.750907925657;2770;4.1001617481002226;2770;4.1608935819574571
2780;153.39823603015228;2780;0.31739249855037077;2780;89.114047669911784;2780;760.79044326747817;2780;4.1001617481002226;2780;4.1654713583788565
2790;153.2395397808771;2790;0.35401470992156742;2790;89.0163884395886;2790;760.750907925657;2790;4.1001617481002226;2790;4.1630298776207768
2800;153.2029175695059;2800;0.36622211371196634;2800;89.040803247169393;2800;760.750907925657;2800;4.1001617481002226;2800;4.1627246925260168
2810;153.14188055055391;2810;0.35401470992156742;2810;88.9919736320078;2810;760.79044326747817;2810;4.1001617481002226;2810;4.1599780266731772
2820;153.11746574297311;2820;0.36622211371196634;2820;89.0041810357982;2820;760.79044326747817;2820;4.1001617481002226;2820;4.1660817285683764
2830;153.04422132023072;2830;0.35401470992156742;2830;89.101840266121386;2830;760.750907925657;2830;4.1001617481002226;2830;4.1624195074312569
2840;153.1907101657155;2840;0.32959990234076969;2840;89.0163884395886;2840;760.750907925657;2840;4.1001617481002226;2840;4.1599780266731772
2850;153.26395458845789;2850;0.35401470992156742;2850;89.101840266121386;2850;760.71137258383578;2850;4.1001617481002226;2850;4.1602832117679371
2860;153.27616199224829;2860;0.30518509475997191;2860;89.0163884395886;2860;760.63230190019351;2860;4.1001617481002226;2860;4.1636402478102967
2870;153.33719901120028;2870;0.30518509475997191;2870;89.077425458540588;2870;760.6718372420147;2870;4.1001617481002226;2870;4.1651661732840966
2880;153.2395397808771;2880;0.31739249855037077;2880;89.101840266121386;2880;760.71137258383578;2880;4.1001617481002226;2880;4.1587572862941373
2890;153.2029175695059;2890;0.30518509475997191;2890;89.101840266121386;2890;760.71137258383578;2890;4.1001617481002226;2890;4.1633350627155368
2900;153.15408795434431;2900;0.40284432508316292;2900;88.918729209265408;2900;760.71137258383578;2900;4.1001617481002226;2900;4.1621143223364969
2910;153.11746574297311;2910;0.39063692129276406;2910;88.9309366130558;2910;760.6718372420147;2910;4.1001617481002226;2910;4.1630298776207768
2920;153.10525833918271;2920;0.30518509475997191;2920;89.040803247169393;2920;760.6718372420147;2920;4.1001617481002226;2920;4.1621143223364969
2930;153.2029175695059;2930;0.32959990234076969;2930;89.040803247169393;2930;760.750907925657;2930;4.1001617481002226;2930;4.1648609881893366
2940;153.1907101657155;2940;0.36622211371196634;2940;88.9919736320078;2940;760.750907925657;2940;4.1001617481002226;2940;4.161198767052217
2950;153.32499160740988;2950;0.36622211371196634;2950;88.869899594103813;2950;760.6718372420147;2950;4.1001617481002226;2950;4.161198767052217
2960;153.25174718466749;2960;0.36622211371196634;2960;88.906521805475009;2960;760.71137258383578;2960;4.1001617481002226;2960;4.1648609881893366
2970;153.14188055055391;2970;0.35401470992156742;2970;88.833277382732618;2970;760.71137258383578;2970;4.1001617481002226;2970;4.1624195074312569
2980;153.2273323770867;2980;0.32959990234076969;2980;89.053010650959791;2980;760.63230190019351;2980;4.1001617481002226;2980;4.1627246925260168
2990;153.1907101657155;2990;0.35401470992156742;2990;89.077425458540588;2990;760.63230190019351;2990;4.1001617481002226;2990;4.161503952146977
3000;153.27616199224829;3000;0.36622211371196634;3000;89.040803247169393;3000;760.6718372420147;3000;4.1001617481002226;3000;4.1660817285683764
3010;153.26395458845789;3010;0.31739249855037077;3010;88.9309366130558;3010;760.6718372420147;3010;4.1001617481002226;3010;4.161503952146977
3020;153.26395458845789;3020;0.35401470992156742;3020;88.894314401684611;3020;760.6718372420147;3020;4.1001617481002226;3020;4.1621143223364969
3030;153.15408795434431;3030;0.39063692129276406;3030;88.9553514206366;3030;760.6718372420147;3030;4.1001617481002226;3030;4.1599780266731772
3040;153.25174718466749;3040;0.35401470992156742;3040;88.869899594103813;3040;760.6718372420147;3040;4.1001617481002226;3040;4.1645558030945766
3050;153.2395397808771;3050;0.31739249855037077;3050;88.857692190313415;3050;760.6718372420147;3050;4.1001617481002226;3050;4.1645558030945766
3060;153.1785027619251;3060;0.31739249855037077;3060;88.796655171361422;3060;760.6718372420147;3060;4.1001617481002226;3060;4.1593676564836572
3070;153.26395458845789;3070;0.35401470992156742;3070;89.0163884395886;3070;760.63230190019351;3070;4.1001617481002226;3070;4.1633350627155368
3080;153.26395458845789;3080;0.30518509475997191;3080;89.0041810357982;3080;760.6718372420147;3080;4.1001617481002226;3080;4.1627246925260168
3090;153.2029175695059;3090;0.31739249855037077;3090;89.06521805475019;3090;760.6718372420147;3090;4.1001617481002226;3090;4.1639454329050567
3100;153.1662953581347;3100;0.35401470992156742;3100;89.089632862330987;3100;760.63230190019351;3100;4.1001617481002226;3100;4.1608935819574571
3110;153.26395458845789;3110;0.32959990234076969;3110;89.0041810357982;3110;760.63230190019351;3110;4.1001617481002226;3110;4.1636402478102967
3120;153.09305093539231;3120;0.32959990234076969;3120;88.894314401684611;3120;760.63230190019351;3120;4.1001617481002226;3120;4.1605883968626971
3130;153.2029175695059;3130;0.3784295175023652;3130;88.869899594103813;3130;760.59276655837232;3130;4.1001617481002226;3130;4.161198767052217
3140;153.2273323770867;3140;0.3784295175023652;3140;89.0041810357982;3140;760.63230190019351;3140;4.1001617481002226;3140;4.161198767052217
3150;153.27616199224829;3150;0.32959990234076969;3150;89.053010650959791;3150;760.63230190019351;3150;4.1001617481002226;3150;4.1636402478102967
3160;153.2395397808771;3160;0.35401470992156742;3160;89.06521805475019;3160;760.63230190019351;3160;4.1001617481002226;3160;4.1648609881893366
3170;153.09305093539231;3170;0.3784295175023652;3170;88.967558824427;3170;760.59276655837232;3170;4.1001617481002226;3170;4.1599780266731772
3180;153.25174718466749;3180;0.32959990234076969;3180;88.918729209265408;3180;760.59276655837232;3180;4.1001617481002226;3180;4.1636402478102967
3190;153.1785027619251;3190;0.31739249855037077;3190;88.894314401684611;3190;760.55323121655113;3190;4.1001617481002226;3190;4.1627246925260168
3200;153.1785027619251;3200;0.35401470992156742;3200;88.869899594103813;3200;760.55323121655113;3200;4.1001617481002226;3200;4.1648609881893366
3210;153.1785027619251;3210;0.36622211371196634;3210;88.869899594103813;3210;760.55323121655113;3210;4.1001617481002226;3210;4.1624195074312569
3220;153.2395397808771;3220;0.35401470992156742;3220;88.9919736320078;3220;760.59276655837232;3220;4.1001617481002226;3220;4.1630298776207768
3230;153.08084353160191;3230;0.31739249855037077;3230;89.101840266121386;3230;760.63230190019351;3230;4.1001617481002226;3230;4.1599780266731772
3240;153.11746574297311;3240;0.30518509475997191;3240;89.0041810357982;3240;760.59276655837232;3240;4.1001617481002226;3240;4.161503952146977
3250;153.1785027619251;3250;0.32959990234076969;3250;89.101840266121386;3250;760.59276655837232;3250;4.1001617481002226;3250;4.1645558030945766
3260;153.1907101657155;3260;0.29297769096957305;3260;88.967558824427;3260;760.63230190019351;3260;4.1001617481002226;3260;4.1621143223364969
3270;153.30057679982909;3270;0.32959990234076969;3270;88.967558824427;3270;760.6718372420147;3270;4.1001617481002226;3270;4.161503952146977
3280;153.2395397808771;3280;0.3784295175023652;3280;88.9553514206366;3280;760.55323121655113;3280;4.1001617481002226;3280;4.1608935819574571
3290;153.2395397808771;3290;0.39063692129276406;3290;88.894314401684611;3290;760.55323121655113;3290;4.1001617481002226;3290;4.1673024689474163
3300;153.11746574297311;3300;0.35401470992156742;3300;88.760032959990227;3300;760.59276655837232;3300;4.1001617481002226;3300;4.1627246925260168
3310;153.2029175695059;3310;0.30518509475997191;3310;88.833277382732618;3310;760.55323121655113;3310;4.1001617481002226;3310;4.1624195074312569
3320;153.14188055055391;3320;0.31739249855037077;3320;88.882106997894212;3320;760.55323121655113;3320;4.1001617481002226;3320;4.1608935819574571
3330;153.1785027619251;3330;0.32959990234076969;3330;88.833277382732618;3330;760.55323121655113;3330;4.1001617481002226;3330;4.1645558030945766
3340;153.08084353160191;3340;0.3784295175023652;3340;88.967558824427;3340;760.55323121655113;3340;4.1001617481002226;3340;4.1633350627155368
3350;153.14188055055391;3350;0.32959990234076969;3350;88.869899594103813;3350;760.59276655837232;3350;4.1001617481002226;3350;4.1608935819574571
3360;153.28836939603869;3360;0.29297769096957305;3360;89.138462477492581;3360;760.63230190019351;3360;4.1001617481002226;3360;4.1645558030945766
3370;153.14188055055391;3370;0.31739249855037077;3370;89.077425458540588;3370;760.63230190019351;3370;4.1001617481002226;3370;4.1627246925260168
3380;153.25174718466749;3380;0.32959990234076969;3380;88.9553514206366;3380;760.59276655837232;3380;4.1001617481002226;3380;4.1633350627155368
3390;153.2029175695059;3390;0.3784295175023652;3390;88.906521805475009;3390;760.47416053290874;3390;4.1001617481002226;3390;4.1608935819574571
3400;153.11746574297311;3400;0.39063692129276406;3400;88.894314401684611;3400;760.55323121655113;3400;4.1001617481002226;3400;4.1639454329050567
3410;153.00759910885952;3410;0.3784295175023652;3410;89.0041810357982;3410;760.55323121655113;3410;4.1001617481002226;3410;4.1608935819574571
3420;153.11746574297311;3420;0.3784295175023652;3420;88.9797662282174;3420;760.59276655837232;3420;4.1001617481002226;3420;4.1630298776207768
3430;153.1785027619251;3430;0.36622211371196634;3430;88.918729209265408;3430;760.63230190019351;3430;4.1001617481002226;3430;4.1627246925260168
3440;153.1907101657155;3440;0.3784295175023652;3440;88.857692190313415;3440;760.59276655837232;3440;4.1001617481002226;3440;4.1621143223364969
3450;153.1907101657155;3450;0.40284432508316292;3450;88.9553514206366;3450;760.63230190019351;3450;4.1001617481002226;3450;4.1624195074312569
3460;153.2395397808771;3460;0.36622211371196634;3460;88.918729209265408;3460;760.55323121655113;3460;4.1001617481002226;3460;4.161198767052217
3470;153.32499160740988;3470;0.31739249855037077;3470;89.0163884395886;3470;760.55323121655113;3470;4.1001617481002226;3470;4.1654713583788565
3480;153.06863612781152;3480;0.31739249855037077;3480;88.857692190313415;3480;760.55323121655113;3480;4.1001617481002226;3480;4.1627246925260168
3490;153.14188055055391;3490;0.36622211371196634;3490;88.894314401684611;3490;760.59276655837232;3490;4.1001617481002226;3490;4.1624195074312569
3500;153.2395397808771;3500;0.36622211371196634;3500;89.0041810357982;3500;760.43462519108755;3500;4.1001617481002226;3500;4.1599780266731772
3510;153.15408795434431;3510;0.31739249855037077;3510;88.918729209265408;3510;760.43462519108755;3510;4.1001617481002226;3510;4.1666920987578964
3520;153.05642872402112;3520;0.31739249855037077;3520;88.894314401684611;3520;760.55323121655113;3520;4.1001617481002226;3520;4.1630298776207768
3530;153.05642872402112;3530;0.32959990234076969;3530;88.882106997894212;3530;760.55323121655113;3530;4.1001617481002226;3530;4.1605883968626971
3540;153.14188055055391;3540;0.32959990234076969;3540;89.0041810357982;3540;760.55323121655113;3540;4.1001617481002226;3540;4.1627246925260168
3550;153.2029175695059;3550;0.39063692129276406;3550;88.906521805475009;3550;760.55323121655113;3550;4.1001617481002226;3550;4.1639454329050567
3560;153.1662953581347;3560;0.36622211371196634;3560;89.053010650959791;3560;760.55323121655113;3560;4.1001617481002226;3560;4.1639454329050567
3570;153.1907101657155;3570;0.32959990234076969;3570;88.9919736320078;3570;760.43462519108755;3570;4.1001617481002226;3570;4.1593676564836572
3580;153.30057679982909;3580;0.3784295175023652;3580;88.821069978942219;3580;760.43462519108755;3580;4.1001617481002226;3580;4.1636402478102967
3590;153.15408795434431;3590;0.35401470992156742;3590;88.833277382732618;3590;760.47416053290874;3590;4.1001617481002226;3590;4.161198767052217
3600;153.11746574297311;3600;0.35401470992156742;3600;88.9919736320078;3600;760.47416053290874;3600;4.1001617481002226;3600;4.1633350627155368
3610;153.04422132023072;3610;0.36622211371196634;3610;88.9553514206366;3610;760.43462519108755;3610;4.1001617481002226;3610;4.1621143223364969
3620;152.98318430127873;3620;0.35401470992156742;3620;88.772240363780625;3620;760.47416053290874;3620;4.1001617481002226;3620;4.1639454329050567
3630;153.00759910885952;3630;0.36622211371196634;3630;88.869899594103813;3630;760.39508984926636;3630;4.1001617481002226;3630;4.161198767052217
3640;153.1907101657155;3640;0.36622211371196634;3640;88.857692190313415;3640;760.39508984926636;3640;4.1001617481002226;3640;4.1602832117679371
3650;153.25174718466749;3650;0.35401470992156742;3650;88.967558824427;3650;760.47416053290874;3650;4.1001617481002226;3650;4.1639454329050567
3660;153.2029175695059;3660;0.31739249855037077;3660;88.869899594103813;3660;760.39508984926636;3660;4.1001617481002226;3660;4.1627246925260168
3670;153.2395397808771;3670;0.30518509475997191;3670;88.967558824427;3670;760.43462519108755;3670;4.1001617481002226;3670;4.1633350627155368
3680;153.11746574297311;3680;0.30518509475997191;3680;88.918729209265408;3680;760.47416053290874;3680;4.1001617481002226;3680;4.161198767052217
3690;153.08084353160191;3690;0.30518509475997191;3690;88.894314401684611;3690;760.43462519108755;3690;4.1001617481002226;3690;4.1645558030945766
3700;153.10525833918271;3700;0.30518509475997191;3700;88.882106997894212;3700;760.43462519108755;3700;4.1001617481002226;3700;4.1608935819574571
3710;153.28836939603869;3710;0.35401470992156742;3710;88.869899594103813;3710;760.35555450744528;3710;4.1001617481002226;3710;4.1627246925260168
3720;153.1785027619251;3720;0.31739249855037077;3720;88.882106997894212;3720;760.35555450744528;3720;4.1001617481002226;3720;4.1608935819574571
3730;153.1785027619251;3730;0.29297769096957305;3730;88.686788537247836;3730;760.39508984926636;3730;4.1001617481002226;3730;4.1639454329050567
3740;153.1785027619251;3740;0.31739249855037077;3740;88.833277382732618;3740;760.43462519108755;3740;4.1001617481002226;3740;4.1648609881893366
3750;153.15408795434431;3750;0.32959990234076969;3750;88.882106997894212;3750;760.39508984926636;3750;4.1001617481002226;3750;4.1599780266731772
3760;153.2029175695059;3760;0.32959990234076969;3760;88.869899594103813;3760;760.39508984926636;3760;4.1001617481002226;3760;4.1639454329050567
3770;153.1907101657155;3770;0.31739249855037077;3770;88.711203344828633;3770;760.39508984926636;3770;4.1001617481002226;3770;4.1630298776207768
3780;153.2273323770867;3780;0.30518509475997191;3780;88.833277382732618;3780;760.43462519108755;3780;4.1001617481002226;3780;4.1636402478102967
3790;153.2395397808771;3790;0.35401470992156742;3790;88.906521805475009;3790;760.39508984926636;3790;4.1001617481002226;3790;4.1605883968626971
3800;153.30057679982909;3800;0.36622211371196634;3800;88.894314401684611;3800;760.35555450744528;3800;4.1001617481002226;3800;4.1639454329050567
3810;153.04422132023072;3810;0.35401470992156742;3810;88.9309366130558;3810;760.31601916562408;3810;4.1001617481002226;3810;4.1593676564836572
3820;153.11746574297311;3820;0.40284432508316292;3820;88.894314401684611;3820;760.31601916562408;3820;4.1001617481002226;3820;4.1627246925260168
3830;153.1785027619251;3830;0.39063692129276406;3830;88.9797662282174;3830;760.35555450744528;3830;4.1001617481002226;3830;4.1651661732840966
3840;153.2273323770867;3840;0.35401470992156742;3840;88.882106997894212;3840;760.31601916562408;3840;4.1001617481002226;3840;4.161198767052217
3850;153.2029175695059;3850;0.36622211371196634;3850;88.906521805475009;3850;760.35555450744528;3850;4.1001617481002226;3850;4.1621143223364969
3860;153.14188055055391;3860;0.39063692129276406;3860;88.857692190313415;3860;760.35555450744528;3860;4.1001617481002226;3860;4.1602832117679371
3870;153.08084353160191;3870;0.3784295175023652;3870;88.808862575151821;3870;760.31601916562408;3870;4.1001617481002226;3870;4.1639454329050567
3880;153.04422132023072;3880;0.31739249855037077;3880;88.674581133457437;3880;760.31601916562408;3880;4.1001617481002226;3880;4.1608935819574571
3890;153.10525833918271;3890;0.32959990234076969;3890;88.760032959990227;3890;760.35555450744528;3890;4.1001617481002226;3890;4.1624195074312569
3900;153.06863612781152;3900;0.30518509475997191;3900;88.918729209265408;3900;760.35555450744528;3900;4.1001617481002226;3900;4.1621143223364969
3910;153.1785027619251;3910;0.28077028717917418;3910;88.869899594103813;3910;760.27648382380289;3910;4.1001617481002226;3910;4.1633350627155368
3920;153.15408795434431;3920;0.32959990234076969;3920;88.821069978942219;3920;760.27648382380289;3920;4.1001617481002226;3920;4.1587572862941373
3930;153.15408795434431;3930;0.36622211371196634;3930;88.821069978942219;3930;760.35555450744528;3930;4.1001617481002226;3930;4.1621143223364969
3940;153.11746574297311;3940;0.35401470992156742;3940;88.9919736320078;3940;760.39508984926636;3940;4.1001617481002226;3940;4.1657765434736165
3950;153.15408795434431;3950;0.31739249855037077;3950;88.869899594103813;3950;760.31601916562408;3950;4.1001617481002226;3950;4.1605883968626971
3960;153.15408795434431;3960;0.32959990234076969;3960;88.9553514206366;3960;760.19741314016051;3960;4.1001617481002226;3960;4.161198767052217
3970;153.2029175695059;3970;0.32959990234076969;3970;88.906521805475009;3970;760.27648382380289;3970;4.1001617481002226;3970;4.161198767052217
3980;153.27616199224829;3980;0.31739249855037077;3980;88.796655171361422;3980;760.27648382380289;3980;4.1001617481002226;3980;4.1666920987578964
3990;153.1907101657155;3990;0.31739249855037077;3990;88.857692190313415;3990;760.27648382380289;3990;4.1001617481002226;3990;4.161503952146977
4000;153.1662953581347;4000;0.32959990234076969;4000;88.821069978942219;4000;760.27648382380289;4000;4.1001617481002226;4000;4.1608935819574571
4010;153.11746574297311;4010;0.32959990234076969;4010;88.882106997894212;4010;760.19741314016051;4010;4.1001617481002226;4010;4.1599780266731772
4020;153.1785027619251;4020;0.31739249855037077;4020;88.808862575151821;4020;760.15787779833931;4020;4.1001617481002226;4020;4.1648609881893366
4030;153.15408795434431;4030;0.3784295175023652;4030;88.906521805475009;4030;760.27648382380289;4030;4.1001617481002226;4030;4.1648609881893366
4040;153.1907101657155;4040;0.35401470992156742;4040;88.967558824427;4040;760.27648382380289;4040;4.1001617481002226;4040;4.1593676564836572
4050;153.26395458845789;4050;0.32959990234076969;4050;88.967558824427;4050;760.31601916562408;4050;4.1001617481002226;4050;4.1633350627155368
4060;153.1907101657155;4060;0.32959990234076969;4060;88.808862575151821;4060;760.15787779833931;4060;4.1001617481002226;4060;4.1633350627155368
4070;153.2273323770867;4070;0.31739249855037077;4070;88.869899594103813;4070;760.19741314016051;4070;4.1001617481002226;4070;4.1651661732840966
4080;153.26395458845789;4080;0.3784295175023652;4080;88.882106997894212;4080;760.31601916562408;4080;4.1001617481002226;4080;4.1621143223364969
4090;153.25174718466749;4090;0.36622211371196634;4090;88.833277382732618;4090;760.31601916562408;4090;4.1001617481002226;4090;4.1639454329050567
4100;153.09305093539231;4100;0.31739249855037077;4100;88.760032959990227;4100;760.27648382380289;4100;4.1001617481002226;4100;4.1599780266731772
4110;153.1907101657155;4110;0.30518509475997191;4110;88.674581133457437;4110;760.15787779833931;4110;4.1001617481002226;4110;4.1627246925260168
4120;153.2395397808771;4120;0.32959990234076969;4120;88.796655171361422;4120;760.15787779833931;4120;4.1001617481002226;4120;4.1639454329050567
4130;153.30057679982909;4130;0.35401470992156742;4130;88.723410748619031;4130;760.19741314016051;4130;4.1001617481002226;4130;4.1621143223364969
4140;153.26395458845789;4140;0.35401470992156742;4140;88.869899594103813;4140;760.19741314016051;4140;4.1001617481002226;4140;4.1624195074312569
4150;153.1785027619251;4150;0.32959990234076969;4150;88.674581133457437;4150;760.15787779833931;4150;4.1001617481002226;4150;4.1608935819574571
4160;153.28836939603869;4160;0.36622211371196634;4160;88.698995941038234;4160;760.15787779833931;4160;4.1001617481002226;4160;4.1654713583788565
4170;153.26395458845789;4170;0.35401470992156742;4170;88.808862575151821;4170;760.11834245651812;4170;4.1001617481002226;4170;4.161503952146977
4180;153.1907101657155;4180;0.31739249855037077;4180;88.894314401684611;4180;760.15787779833931;4180;4.1001617481002226;4180;4.1621143223364969
4190;153.08084353160191;4190;0.35401470992156742;4190;88.9797662282174;4190;760.15787779833931;4190;4.1001617481002226;4190;4.1602832117679371
4200;153.15408795434431;4200;0.32959990234076969;4200;88.808862575151821;4200;760.15787779833931;4200;4.1001617481002226;4200;4.1654713583788565
4210;153.09305093539231;4210;0.36622211371196634;4210;88.796655171361422;4210;760.19741314016051;4210;4.1001617481002226;4210;4.1630298776207768
4220;153.11746574297311;4220;0.39063692129276406;4220;88.698995941038234;4220;760.11834245651812;4220;4.1001617481002226;4220;4.1593676564836572
4230;153.1785027619251;4230;0.35401470992156742;4230;88.711203344828633;4230;760.11834245651812;4230;4.1001617481002226;4230;4.1627246925260168
4240;153.1907101657155;4240;0.35401470992156742;4240;88.73561815240943;4240;760.11834245651812;4240;4.1001617481002226;4240;4.1636402478102967
4250;153.2395397808771;4250;0.32959990234076969;4250;88.833277382732618;4250;760.19741314016051;4250;4.1001617481002226;4250;4.1639454329050567
4260;153.27616199224829;4260;0.31739249855037077;4260;88.808862575151821;4260;760.11834245651812;4260;4.1001617481002226;4260;4.1602832117679371
4270;153.26395458845789;4270;0.30518509475997191;4270;88.772240363780625;4270;760.03927177287574;4270;4.1001617481002226;4270;4.1636402478102967
4280;153.14188055055391;4280;0.31739249855037077;4280;88.637958922086241;4280;760.11834245651812;4280;4.1001617481002226;4280;4.1605883968626971
4290;153.2273323770867;4290;0.32959990234076969;4290;88.711203344828633;4290;760.15787779833931;4290;4.1001617481002226;4290;4.1639454329050567
4300;153.2029175695059;4300;0.31739249855037077;4300;88.882106997894212;4300;760.11834245651812;4300;4.1001617481002226;4300;4.1639454329050567
4310;153.25174718466749;4310;0.32959990234076969;4310;88.869899594103813;4310;760.15787779833931;4310;4.1001617481002226;4310;4.1630298776207768
4320;153.1662953581347;4320;0.31739249855037077;4320;88.821069978942219;4320;760.15787779833931;4320;4.1001617481002226;4320;4.161198767052217
4330;153.2029175695059;4330;0.31739249855037077;4330;88.686788537247836;4330;760.15787779833931;4330;4.1001617481002226;4330;4.1627246925260168
4340;153.33719901120028;4340;0.3784295175023652;4340;88.784447767571024;4340;760.15787779833931;4340;4.1001617481002226;4340;4.1666920987578964
4350;153.25174718466749;4350;0.36622211371196634;4350;88.698995941038234;4350;760.11834245651812;4350;4.1001617481002226;4350;4.161503952146977
4360;153.25174718466749;4360;0.31739249855037077;4360;88.796655171361422;4360;760.07880711469693;4360;4.1001617481002226;4360;4.1627246925260168
4370;153.25174718466749;4370;0.31739249855037077;4370;88.796655171361422;4370;760.11834245651812;4370;4.1001617481002226;4370;4.161503952146977
4380;153.32499160740988;4380;0.32959990234076969;4380;88.796655171361422;4380;760.07880711469693;4380;4.1001617481002226;4380;4.1648609881893366
4390;153.15408795434431;4390;0.30518509475997191;4390;88.772240363780625;4390;760.07880711469693;4390;4.1001617481002226;4390;4.1605883968626971
4400;153.1662953581347;4400;0.29297769096957305;4400;88.760032959990227;4400;759.99973643105466;4400;4.1001617481002226;4400;4.1630298776207768
4410;153.2395397808771;4410;0.29297769096957305;4410;88.918729209265408;4410;760.03927177287574;4410;4.1001617481002226;4410;4.1633350627155368
4420;153.14188055055391;4420;0.29297769096957305;4420;88.796655171361422;4420;760.11834245651812;4420;4.1001617481002226;4420;4.161198767052217
4430;153.04422132023072;4430;0.31739249855037077;4430;88.760032959990227;4430;760.11834245651812;4430;4.1001617481002226;4430;4.1621143223364969
4440;153.11746574297311;4440;0.31739249855037077;4440;88.686788537247836;4440;760.07880711469693;4440;4.1001617481002226;4440;4.1624195074312569
4450;153.11746574297311;4450;0.29297769096957305;4450;88.73561815240943;4450;760.03927177287574;4450;4.1001617481002226;4450;4.1657765434736165
4460;153.00759910885952;4460;0.30518509475997191;4460;88.711203344828633;4460;760.07880711469693;4460;4.1001617481002226;4460;4.161198767052217
4470;153.1907101657155;4470;0.35401470992156742;4470;88.833277382732618;4470;760.03927177287574;4470;4.1001617481002226;4470;4.1627246925260168
4480;153.1662953581347;4480;0.31739249855037077;4480;88.808862575151821;4480;760.03927177287574;4480;4.1001617481002226;4480;4.1608935819574571
4490;153.15408795434431;4490;0.31739249855037077;4490;88.760032959990227;4490;760.11834245651812;4490;4.1001617481002226;4490;4.1651661732840966
4500;153.1907101657155;4500;0.32959990234076969;4500;88.723410748619031;4500;760.15787779833931;4500;4.1001617481002226;4500;4.1633350627155368
4510;153.26395458845789;4510;0.31739249855037077;4510;88.601336710715046;4510;760.03927177287574;4510;4.1001617481002226;4510;4.161503952146977
4520;153.1907101657155;4520;0.31739249855037077;4520;88.589129306924647;4520;759.99973643105466;4520;4.1001617481002226;4520;4.1627246925260168
4530;153.09305093539231;4530;0.29297769096957305;4530;88.528092287972655;4530;760.07880711469693;4530;4.1001617481002226;4530;4.1639454329050567
4540;153.10525833918271;4540;0.29297769096957305;4540;88.882106997894212;4540;760.15787779833931;4540;4.1001617481002226;4540;4.1648609881893366
4550;153.1662953581347;4550;0.28077028717917418;4550;88.906521805475009;4550;760.11834245651812;4550;4.1001617481002226;4550;4.1605883968626971
4560;153.2029175695059;4560;0.32959990234076969;4560;88.869899594103813;4560;760.07880711469693;4560;4.1001617481002226;4560;4.1639454329050567
4570;153.09305093539231;4570;0.32959990234076969;4570;88.772240363780625;4570;760.03927177287574;4570;4.1001617481002226;4570;4.161198767052217
4580;153.2273323770867;4580;0.30518509475997191;4580;88.796655171361422;4580;759.99973643105466;4580;4.1001617481002226;4580;4.1639454329050567
4590;153.2029175695059;4590;0.36622211371196634;4590;88.796655171361422;4590;759.99973643105466;4590;4.1001617481002226;4590;4.1630298776207768
4600;153.08084353160191;4600;0.35401470992156742;4600;88.56471449934385;4600;759.99973643105466;4600;4.1001617481002226;4600;4.1633350627155368
4610;153.00759910885952;4610;0.32959990234076969;4610;88.686788537247836;4610;759.99973643105466;4610;4.1001617481002226;4610;4.1608935819574571
4620;153.27616199224829;4620;0.31739249855037077;4620;88.625751518295843;4620;759.99973643105466;4620;4.1001617481002226;4620;4.1630298776207768
4630;153.32499160740988;4630;0.32959990234076969;4630;88.711203344828633;4630;759.96020108923346;4630;4.1001617481002226;4630;4.1676076540421763
4640;153.14188055055391;4640;0.3784295175023652;4640;88.674581133457437;4640;759.96020108923346;4640;4.1001617481002226;4640;4.161503952146977
4650;153.15408795434431;4650;0.35401470992156742;4650;88.601336710715046;4650;759.99973643105466;4650;4.1001617481002226;4650;4.1624195074312569
4660;153.1785027619251;4660;0.30518509475997191;4660;88.637958922086241;4660;760.03927177287574;4660;4.1001617481002226;4660;4.161198767052217
4670;153.10525833918271;4670;0.29297769096957305;4670;88.760032959990227;4670;759.99973643105466;4670;4.1001617481002226;4670;4.1657765434736165
4680;152.97097689748833;4680;0.32959990234076969;4680;88.698995941038234;4680;759.99973643105466;4680;4.1001617481002226;4680;4.1627246925260168
4690;153.11746574297311;4690;0.35401470992156742;4690;88.637958922086241;4690;759.99973643105466;4690;4.1001617481002226;4690;4.161503952146977
4700;153.2029175695059;4700;0.36622211371196634;4700;88.73561815240943;4700;760.03927177287574;4700;4.1001617481002226;4700;4.161198767052217
4710;153.25174718466749;4710;0.31739249855037077;4710;88.698995941038234;4710;760.03927177287574;4710;4.1001617481002226;4710;4.1651661732840966
4720;153.2395397808771;4720;0.31739249855037077;4720;88.760032959990227;4720;759.99973643105466;4720;4.1001617481002226;4720;4.1648609881893366
4730;153.2029175695059;4730;0.36622211371196634;4730;88.576921903134249;4730;759.96020108923346;4730;4.1001617481002226;4730;4.1608935819574571
4740;153.2029175695059;4740;0.36622211371196634;4740;88.637958922086241;4740;760.03927177287574;4740;4.1001617481002226;4740;4.1651661732840966
4750;153.2029175695059;4750;0.3784295175023652;4750;88.674581133457437;4750;760.03927177287574;4750;4.1001617481002226;4750;4.1633350627155368
4760;153.15408795434431;4760;0.3784295175023652;4760;88.686788537247836;4760;760.07880711469693;4760;4.1001617481002226;4760;4.1636402478102967
4770;153.05642872402112;4770;0.32959990234076969;4770;88.711203344828633;4770;760.03927177287574;4770;4.1001617481002226;4770;4.161503952146977
4780;153.14188055055391;4780;0.3784295175023652;4780;88.698995941038234;4780;760.03927177287574;4780;4.1001617481002226;4780;4.1657765434736165
4790;153.08084353160191;4790;0.39063692129276406;4790;88.686788537247836;4790;760.03927177287574;4790;4.1001617481002226;4790;4.161198767052217
4800;153.26395458845789;4800;0.35401470992156742;4800;88.674581133457437;4800;759.99973643105466;4800;4.1001617481002226;4800;4.1621143223364969
4810;153.32499160740988;4810;0.32959990234076969;4810;88.833277382732618;4810;759.96020108923346;4810;4.1001617481002226;4810;4.1648609881893366
4820;153.25174718466749;4820;0.30518509475997191;4820;88.73561815240943;4820;759.88113040559108;4820;4.1001617481002226;4820;4.1627246925260168
4830;153.26395458845789;4830;0.31739249855037077;4830;88.698995941038234;4830;759.88113040559108;4830;4.1001617481002226;4830;4.1627246925260168
4840;153.2273323770867;4840;0.36622211371196634;4840;88.625751518295843;4840;759.96020108923346;4840;4.1001617481002226;4840;4.161198767052217
4850;153.26395458845789;4850;0.36622211371196634;4850;88.698995941038234;4850;759.99973643105466;4850;4.1001617481002226;4850;4.1648609881893366
4860;153.1907101657155;4860;0.32959990234076969;4860;88.625751518295843;4860;759.96020108923346;4860;4.1001617481002226;4860;4.1608935819574571
4870;153.27616199224829;4870;0.32959990234076969;4870;88.686788537247836;4870;759.96020108923346;4870;4.1001617481002226;4870;4.1651661732840966
4880;153.26395458845789;4880;0.32959990234076969;4880;88.723410748619031;4880;759.96020108923346;4880;4.1001617481002226;4880;4.1630298776207768
4890;153.1662953581347;4890;0.30518509475997191;4890;88.662373729667038;4890;759.96020108923346;4890;4.1001617481002226;4890;4.1624195074312569
4900;153.11746574297311;4900;0.31739249855037077;4900;88.723410748619031;4900;759.88113040559108;4900;4.1001617481002226;4900;4.1605883968626971
4910;153.2395397808771;4910;0.35401470992156742;4910;88.613544114505444;4910;759.80205972194869;4910;4.1001617481002226;4910;4.1624195074312569
4920;153.2273323770867;4920;0.30518509475997191;4920;88.686788537247836;4920;759.84159506376989;4920;4.1001617481002226;4920;4.1657765434736165
4930;153.10525833918271;4930;0.28077028717917418;4930;88.601336710715046;4930;759.84159506376989;4930;4.1001617481002226;4930;4.1624195074312569
4940;153.15408795434431;4940;0.30518509475997191;4940;88.698995941038234;4940;759.96020108923346;4940;4.1001617481002226;4940;4.1630298776207768
4950;153.1662953581347;4950;0.31739249855037077;4950;88.686788537247836;4950;760.03927177287574;4950;4.1001617481002226;4950;4.161503952146977
4960;153.2273323770867;4960;0.35401470992156742;4960;88.698995941038234;4960;759.99973643105466;4960;4.1001617481002226;4960;4.1666920987578964
4970;153.11746574297311;4970;0.31739249855037077;4970;88.711203344828633;4970;759.88113040559108;4970;4.1001617481002226;4970;4.1627246925260168
4980;153.2273323770867;4980;0.35401470992156742;4980;88.613544114505444;4980;759.96020108923346;4980;4.1001617481002226;4980;4.1621143223364969
4990;153.36161381878108;4990;0.32959990234076969;4990;88.613544114505444;4990;759.96020108923346;4990;4.1001617481002226;4990;4.1621143223364969
5000;153.37382122257148;5000;0.29297769096957305;5000;88.576921903134249;5000;759.84159506376989;5000;4.1001617481002226;5000;4.1636402478102967
5010;153.10525833918271;5010;0.32959990234076969;5010;88.637958922086241;5010;759.84159506376989;5010;4.1001617481002226;5010;4.1627246925260168
5020;153.11746574297311;5020;0.36622211371196634;5020;88.662373729667038;5020;759.80205972194869;5020;4.1001617481002226;5020;4.1624195074312569
5030;153.28836939603869;5030;0.35401470992156742;5030;88.674581133457437;5030;759.84159506376989;5030;4.1001617481002226;5030;4.1660817285683764
5040;153.1785027619251;5040;0.29297769096957305;5040;88.540299691763053;5040;759.96020108923346;5040;4.1001617481002226;5040;4.1624195074312569
5050;153.15408795434431;5050;0.28077028717917418;5050;88.662373729667038;5050;759.96020108923346;5050;4.1001617481002226;5050;4.1636402478102967
5060;153.15408795434431;5060;0.30518509475997191;5060;88.674581133457437;5060;759.84159506376989;5060;4.1001617481002226;5060;4.161503952146977
5070;153.2273323770867;5070;0.36622211371196634;5070;88.698995941038234;5070;759.80205972194869;5070;4.1001617481002226;5070;4.1639454329050567
5080;153.15408795434431;5080;0.35401470992156742;5080;88.833277382732618;5080;759.80205972194869;5080;4.1001617481002226;5080;4.1608935819574571
5090;153.2029175695059;5090;0.36622211371196634;5090;88.882106997894212;5090;759.84159506376989;5090;4.1001617481002226;5090;4.1621143223364969
5100;153.25174718466749;5100;0.3784295175023652;5100;88.723410748619031;5100;759.84159506376989;5100;4.1001617481002226;5100;4.1636402478102967
5110;153.30057679982909;5110;0.36622211371196634;5110;88.637958922086241;5110;759.80205972194869;5110;4.1001617481002226;5110;4.1633350627155368
5120;153.2395397808771;5120;0.3784295175023652;5120;88.784447767571024;5120;759.72298903830631;5120;4.1001617481002226;5120;4.1633350627155368
5130;153.08084353160191;5130;0.35401470992156742;5130;88.625751518295843;5130;759.68345369648523;5130;4.1001617481002226;5130;4.1605883968626971
5140;153.2029175695059;5140;0.3784295175023652;5140;88.601336710715046;5140;759.72298903830631;5140;4.1001617481002226;5140;4.1648609881893366
5150;153.26395458845789;5150;0.3784295175023652;5150;88.576921903134249;5150;759.7625243801275;5150;4.1001617481002226;5150;4.1624195074312569
5160;153.33719901120028;5160;0.31739249855037077;5160;88.723410748619031;5160;759.7625243801275;5160;4.1001617481002226;5160;4.1627246925260168
5170;153.2273323770867;5170;0.29297769096957305;5170;88.662373729667038;5170;759.72298903830631;5170;4.1001617481002226;5170;4.1608935819574571
5180;153.1907101657155;5180;0.36622211371196634;5180;88.589129306924647;5180;759.80205972194869;5180;4.1001617481002226;5180;4.1660817285683764
5190;153.08084353160191;5190;0.3784295175023652;5190;88.698995941038234;5190;759.80205972194869;5190;4.1001617481002226;5190;4.1639454329050567
5200;153.11746574297311;5200;0.3784295175023652;5200;88.686788537247836;5200;759.80205972194869;5200;4.1001617481002226;5200;4.1602832117679371
5210;153.1785027619251;5210;0.3784295175023652;5210;88.772240363780625;5210;759.80205972194869;5210;4.1001617481002226;5210;4.1636402478102967
5220;153.11746574297311;5220;0.31739249855037077;5220;88.625751518295843;5220;759.68345369648523;5220;4.1001617481002226;5220;4.1639454329050567
5230;153.2029175695059;5230;0.36622211371196634;5230;88.821069978942219;5230;759.72298903830631;5230;4.1001617481002226;5230;4.1651661732840966
5240;153.26395458845789;5240;0.41505172887356179;5240;88.821069978942219;5240;759.72298903830631;5240;4.1001617481002226;5240;4.1605883968626971
5250;153.30057679982909;5250;0.36622211371196634;5250;88.625751518295843;5250;759.72298903830631;5250;4.1001617481002226;5250;4.1636402478102967
5260;153.26395458845789;5260;0.30518509475997191;5260;88.56471449934385;5260;759.7625243801275;5260;4.1001617481002226;5260;4.161503952146977
5270;153.38602862636188;5270;0.30518509475997191;5270;88.662373729667038;5270;759.7625243801275;5270;4.1001617481002226;5270;4.161198767052217
5280;153.25174718466749;5280;0.35401470992156742;5280;88.589129306924647;5280;759.72298903830631;5280;4.1001617481002226;5280;4.161503952146977
5290;153.15408795434431;5290;0.35401470992156742;5290;88.515884884182256;5290;759.7625243801275;5290;4.1001617481002226;5290;4.1645558030945766
5300;153.15408795434431;5300;0.29297769096957305;5300;88.637958922086241;5300;759.7625243801275;5300;4.1001617481002226;5300;4.1621143223364969
5310;153.30057679982909;5310;0.28077028717917418;5310;88.540299691763053;5310;759.72298903830631;5310;4.1001617481002226;5310;4.1608935819574571
5320;153.37382122257148;5320;0.31739249855037077;5320;88.56471449934385;5320;759.7625243801275;5320;4.1001617481002226;5320;4.1645558030945766
5330;153.34940641499068;5330;0.35401470992156742;5330;88.540299691763053;5330;759.72298903830631;5330;4.1001617481002226;5330;4.1627246925260168
5340;153.27616199224829;5340;0.3784295175023652;5340;88.625751518295843;5340;759.72298903830631;5340;4.1001617481002226;5340;4.1633350627155368
5350;153.06863612781152;5350;0.36622211371196634;5350;88.637958922086241;5350;759.72298903830631;5350;4.1001617481002226;5350;4.161503952146977
5360;153.14188055055391;5360;0.36622211371196634;5360;88.662373729667038;5360;759.68345369648523;5360;4.1001617481002226;5360;4.1645558030945766
5370;153.06863612781152;5370;0.36622211371196634;5370;88.73561815240943;5370;759.68345369648523;5370;4.1001617481002226;5370;4.1608935819574571
5380;153.1785027619251;5380;0.31739249855037077;5380;88.698995941038234;5380;759.72298903830631;5380;4.1001617481002226;5380;4.1627246925260168
5390;153.2029175695059;5390;0.30518509475997191;5390;88.760032959990227;5390;759.72298903830631;5390;4.1001617481002226;5390;4.1621143223364969
5400;153.08084353160191;5400;0.36622211371196634;5400;88.625751518295843;5400;759.68345369648523;5400;4.1001617481002226;5400;4.1633350627155368
5410;153.00759910885952;5410;0.36622211371196634;5410;88.662373729667038;5410;759.72298903830631;5410;4.1001617481002226;5410;4.1633350627155368
5420;153.06863612781152;5420;0.30518509475997191;5420;88.711203344828633;5420;759.68345369648523;5420;4.1001617481002226;5420;4.1599780266731772
5430;153.1662953581347;5430;0.31739249855037077;5430;88.711203344828633;5430;759.68345369648523;5430;4.1001617481002226;5430;4.1639454329050567
5440;153.00759910885952;5440;0.36622211371196634;5440;88.711203344828633;5440;759.60438301284285;5440;4.1001617481002226;5440;4.1636402478102967
5450;153.10525833918271;5450;0.35401470992156742;5450;88.73561815240943;5450;759.60438301284285;5450;4.1001617481002226;5450;4.1636402478102967
5460;153.1907101657155;5460;0.35401470992156742;5460;88.625751518295843;5460;759.60438301284285;5460;4.1001617481002226;5460;4.1608935819574571
5470;153.27616199224829;5470;0.35401470992156742;5470;88.515884884182256;5470;759.60438301284285;5470;4.1001617481002226;5470;4.1645558030945766
5480;153.11746574297311;5480;0.31739249855037077;5480;88.637958922086241;5480;759.60438301284285;5480;4.1001617481002226;5480;4.1599780266731772
5490;153.11746574297311;5490;0.31739249855037077;5490;88.637958922086241;5490;759.60438301284285;5490;4.1001617481002226;5490;4.1624195074312569
5500;153.2029175695059;5500;0.35401470992156742;5500;88.589129306924647;5500;759.68345369648523;5500;4.1001617481002226;5500;4.1648609881893366
5510;153.11746574297311;5510;0.39063692129276406;5510;88.576921903134249;5510;759.60438301284285;5510;4.1001617481002226;5510;4.1627246925260168
5520;153.06863612781152;5520;0.3784295175023652;5520;88.711203344828633;5520;759.60438301284285;5520;4.1001617481002226;5520;4.1627246925260168
5530;153.08084353160191;5530;0.31739249855037077;5530;88.698995941038234;5530;759.60438301284285;5530;4.1001617481002226;5530;4.1633350627155368
5540;153.2273323770867;5540;0.35401470992156742;5540;88.784447767571024;5540;759.68345369648523;5540;4.1001617481002226;5540;4.1673024689474163
5550;153.15408795434431;5550;0.3784295175023652;5550;88.711203344828633;5550;759.72298903830631;5550;4.1001617481002226;5550;4.161503952146977
5560;153.1907101657155;5560;0.31739249855037077;5560;88.711203344828633;5560;759.68345369648523;5560;4.1001617481002226;5560;4.1608935819574571
5570;153.25174718466749;5570;0.30518509475997191;5570;88.674581133457437;5570;759.60438301284285;5570;4.1001617481002226;5570;4.1602832117679371
5580;153.28836939603869;5580;0.32959990234076969;5580;88.601336710715046;5580;759.60438301284285;5580;4.1001617481002226;5580;4.1669972838526563
5590;153.2395397808771;5590;0.32959990234076969;5590;88.711203344828633;5590;759.60438301284285;5590;4.1001617481002226;5590;4.1636402478102967
5600;153.26395458845789;5600;0.35401470992156742;5600;88.467055269020662;5600;759.52531232920046;5600;4.1001617481002226;5600;4.1599780266731772
5610;153.1907101657155;5610;0.30518509475997191;5610;88.467055269020662;5610;759.56484767102165;5610;4.1001617481002226;5610;4.1627246925260168
5620;153.10525833918271;5620;0.31739249855037077;5620;88.515884884182256;5620;759.56484767102165;5620;4.1001617481002226;5620;4.1636402478102967
5630;153.1785027619251;5630;0.35401470992156742;5630;88.711203344828633;5630;759.52531232920046;5630;4.1001617481002226;5630;4.1639454329050567
5640;153.1907101657155;5640;0.30518509475997191;5640;88.73561815240943;5640;759.56484767102165;5640;4.1001617481002226;5640;4.1605883968626971
5650;153.2273323770867;5650;0.31739249855037077;5650;88.662373729667038;5650;759.56484767102165;5650;4.1001617481002226;5650;4.1639454329050567
5660;153.11746574297311;5660;0.32959990234076969;5660;88.56471449934385;5660;759.56484767102165;5660;4.1001617481002226;5660;4.161503952146977
5670;153.1662953581347;5670;0.29297769096957305;5670;88.589129306924647;5670;759.56484767102165;5670;4.1001617481002226;5670;4.1651661732840966
5680;153.1662953581347;5680;0.31739249855037077;5680;88.637958922086241;5680;759.56484767102165;5680;4.1001617481002226;5680;4.1624195074312569
5690;153.1785027619251;5690;0.31739249855037077;5690;88.540299691763053;5690;759.56484767102165;5690;4.1001617481002226;5690;4.161198767052217
5700;153.06863612781152;5700;0.32959990234076969;5700;88.601336710715046;5700;759.60438301284285;5700;4.1001617481002226;5700;4.1599780266731772
5710;153.01980651264992;5710;0.32959990234076969;5710;88.540299691763053;5710;759.60438301284285;5710;4.1001617481002226;5710;4.161503952146977
5720;153.2029175695059;5720;0.30518509475997191;5720;88.576921903134249;5720;759.60438301284285;5720;4.1001617481002226;5720;4.1666920987578964
5730;153.2273323770867;5730;0.29297769096957305;5730;88.589129306924647;5730;759.56484767102165;5730;4.1001617481002226;5730;4.1627246925260168
5740;153.26395458845789;5740;0.30518509475997191;5740;88.674581133457437;5740;759.56484767102165;5740;4.1001617481002226;5740;4.1627246925260168
5750;153.25174718466749;5750;0.3784295175023652;5750;88.686788537247836;5750;759.56484767102165;5750;4.1001617481002226;5750;4.161198767052217
5760;153.25174718466749;5760;0.40284432508316292;5760;88.711203344828633;5760;759.56484767102165;5760;4.1001617481002226;5760;4.1657765434736165
5770;153.15408795434431;5770;0.30518509475997191;5770;88.686788537247836;5770;759.52531232920046;5770;4.1001617481002226;5770;4.1602832117679371
5780;153.26395458845789;5780;0.28077028717917418;5780;88.56471449934385;5780;759.56484767102165;5780;4.1001617481002226;5780;4.161503952146977
5790;153.25174718466749;5790;0.29297769096957305;5790;88.662373729667038;5790;759.56484767102165;5790;4.1001617481002226;5790;4.1639454329050567
5800;153.1662953581347;5800;0.32959990234076969;5800;88.613544114505444;5800;759.52531232920046;5800;4.1001617481002226;5800;4.161503952146977
5810;153.1785027619251;5810;0.35401470992156742;5810;88.576921903134249;5810;759.52531232920046;5810;4.1001617481002226;5810;4.161503952146977
5820;153.1907101657155;5820;0.36622211371196634;5820;88.515884884182256;5820;759.48577698737927;5820;4.1001617481002226;5820;4.1627246925260168
5830;153.2395397808771;5830;0.41505172887356179;5830;88.576921903134249;5830;759.52531232920046;5830;4.1001617481002226;5830;4.1666920987578964
5840;153.10525833918271;5840;0.40284432508316292;5840;88.515884884182256;5840;759.52531232920046;5840;4.1001617481002226;5840;4.161198767052217
5850;153.15408795434431;5850;0.32959990234076969;5850;88.56471449934385;5850;759.52531232920046;5850;4.1001617481002226;5850;4.161198767052217
5860;153.1785027619251;5860;0.31739249855037077;5860;88.601336710715046;5860;759.48577698737927;5860;4.1001617481002226;5860;4.1605883968626971
5870;153.27616199224829;5870;0.32959990234076969;5870;88.515884884182256;5870;759.52531232920046;5870;4.1001617481002226;5870;4.1666920987578964
5880;153.1662953581347;5880;0.31739249855037077;5880;88.503677480391858;5880;759.56484767102165;5880;4.1001617481002226;5880;4.1624195074312569
5890;153.2029175695059;5890;0.30518509475997191;5890;88.515884884182256;5890;759.48577698737927;5890;4.1001617481002226;5890;4.1608935819574571
5900;153.27616199224829;5900;0.35401470992156742;5900;88.711203344828633;5900;759.44624164555808;5900;4.1001617481002226;5900;4.1645558030945766
5910;153.26395458845789;5910;0.40284432508316292;5910;88.601336710715046;5910;759.48577698737927;5910;4.1001617481002226;5910;4.1608935819574571
5920;153.28836939603869;5920;0.41505172887356179;5920;88.613544114505444;5920;759.52531232920046;5920;4.1001617481002226;5920;4.161198767052217
5930;153.11746574297311;5930;0.36622211371196634;5930;88.515884884182256;5930;759.48577698737927;5930;4.1001617481002226;5930;4.161503952146977
5940;153.2395397808771;5940;0.35401470992156742;5940;88.576921903134249;5940;759.48577698737927;5940;4.1001617481002226;5940;4.1657765434736165
5950;153.14188055055391;5950;0.35401470992156742;5950;88.625751518295843;5950;759.52531232920046;5950;4.1001617481002226;5950;4.1621143223364969
5960;153.08084353160191;5960;0.35401470992156742;5960;88.662373729667038;5960;759.48577698737927;5960;4.1001617481002226;5960;4.1624195074312569
5970;153.08084353160191;5970;0.36622211371196634;5970;88.674581133457437;5970;759.44624164555808;5970;4.1001617481002226;5970;4.1608935819574571
5980;153.30057679982909;5980;0.31739249855037077;5980;88.528092287972655;5980;759.48577698737927;5980;4.1001617481002226;5980;4.1639454329050567
5990;153.25174718466749;5990;0.29297769096957305;5990;88.662373729667038;5990;759.52531232920046;5990;4.1001617481002226;5990;4.1621143223364969
6000;153.08084353160191;6000;0.30518509475997191;6000;88.637958922086241;6000;759.44624164555808;6000;4.1001617481002226;6000;4.161503952146977
6010;153.05642872402112;6010;0.30518509475997191;6010;88.760032959990227;6010;759.48577698737927;6010;4.1001617481002226;6010;4.1660817285683764
6020;153.08084353160191;6020;0.32959990234076969;6020;88.711203344828633;6020;759.52531232920046;6020;4.1001617481002226;6020;4.1624195074312569
6030;153.1907101657155;6030;0.35401470992156742;6030;88.760032959990227;6030;759.52531232920046;6030;4.1001617481002226;6030;4.1621143223364969
6040;153.11746574297311;6040;0.31739249855037077;6040;88.73561815240943;6040;759.44624164555808;6040;4.1001617481002226;6040;4.161198767052217
6050;153.25174718466749;6050;0.30518509475997191;6050;88.662373729667038;6050;759.48577698737927;6050;4.1001617481002226;6050;4.1669972838526563
6060;153.2029175695059;6060;0.29297769096957305;6060;88.662373729667038;6060;759.48577698737927;6060;4.1001617481002226;6060;4.1630298776207768
6070;153.2395397808771;6070;0.29297769096957305;6070;88.625751518295843;6070;759.40670630373688;6070;4.1001617481002226;6070;4.161198767052217
6080;153.1907101657155;6080;0.32959990234076969;6080;88.625751518295843;6080;759.40670630373688;6080;4.1001617481002226;6080;4.161503952146977
6090;153.1785027619251;6090;0.32959990234076969;6090;88.540299691763053;6090;759.28810027827342;6090;4.1001617481002226;6090;4.1630298776207768
6100;153.25174718466749;6100;0.32959990234076969;6100;88.56471449934385;6100;759.44624164555808;6100;4.1001617481002226;6100;4.1627246925260168
6110;153.28836939603869;6110;0.32959990234076969;6110;88.56471449934385;6110;759.48577698737927;6110;4.1001617481002226;6110;4.1630298776207768
6120;153.25174718466749;6120;0.32959990234076969;6120;88.686788537247836;6120;759.44624164555808;6120;4.1001617481002226;6120;4.1669972838526563
6130;153.09305093539231;6130;0.30518509475997191;6130;88.674581133457437;6130;759.40670630373688;6130;4.1001617481002226;6130;4.161198767052217
6140;153.1662953581347;6140;0.30518509475997191;6140;88.674581133457437;6140;759.40670630373688;6140;4.1001617481002226;6140;4.161503952146977
6150;153.1662953581347;6150;0.32959990234076969;6150;88.601336710715046;6150;759.3671709619158;6150;4.1001617481002226;6150;4.161198767052217
6160;153.25174718466749;6160;0.31739249855037077;6160;88.503677480391858;6160;759.28810027827342;6160;4.1001617481002226;6160;4.1673024689474163
6170;153.14188055055391;6170;0.36622211371196634;6170;88.662373729667038;6170;759.3671709619158;6170;4.1001617481002226;6170;4.1627246925260168
6180;153.1907101657155;6180;0.36622211371196634;6180;88.711203344828633;6180;759.40670630373688;6180;4.1001617481002226;6180;4.161503952146977
6190;153.1907101657155;6190;0.36622211371196634;6190;88.772240363780625;6190;759.3671709619158;6190;4.1001617481002226;6190;4.1648609881893366
6200;153.14188055055391;6200;0.32959990234076969;6200;88.576921903134249;6200;759.28810027827342;6200;4.1001617481002226;6200;4.1621143223364969
6210;153.2273323770867;6210;0.32959990234076969;6210;88.576921903134249;6210;759.44624164555808;6210;4.1001617481002226;6210;4.1627246925260168
6220;153.34940641499068;6220;0.3784295175023652;6220;88.601336710715046;6220;759.40670630373688;6220;4.1001617481002226;6220;4.1627246925260168
6230;153.38602862636188;6230;0.36622211371196634;6230;88.589129306924647;6230;759.28810027827342;6230;4.1001617481002226;6230;4.1666920987578964
6240;153.1907101657155;6240;0.31739249855037077;6240;88.56471449934385;6240;759.3671709619158;6240;4.1001617481002226;6240;4.161503952146977
6250;153.25174718466749;6250;0.35401470992156742;6250;88.637958922086241;6250;759.40670630373688;6250;4.1001617481002226;6250;4.161198767052217
6260;153.30057679982909;6260;0.39063692129276406;6260;88.808862575151821;6260;759.3671709619158;6260;4.1001617481002226;6260;4.1605883968626971
6270;153.26395458845789;6270;0.3784295175023652;6270;88.711203344828633;6270;759.28810027827342;6270;4.1001617481002226;6270;4.1633350627155368
6280;153.11746574297311;6280;0.32959990234076969;6280;88.698995941038234;6280;759.3671709619158;6280;4.1001617481002226;6280;4.1605883968626971
6290;153.1907101657155;6290;0.32959990234076969;6290;88.589129306924647;6290;759.28810027827342;6290;4.1001617481002226;6290;4.1624195074312569
6300;153.25174718466749;6300;0.3784295175023652;6300;88.637958922086241;6300;759.28810027827342;6300;4.1001617481002226;6300;4.1660817285683764
6310;153.2273323770867;6310;0.36622211371196634;6310;88.662373729667038;6310;759.3671709619158;6310;4.1001617481002226;6310;4.1608935819574571
6320;153.1662953581347;6320;0.36622211371196634;6320;88.772240363780625;6320;759.40670630373688;6320;4.1001617481002226;6320;4.1621143223364969
6330;152.97097689748833;6330;0.3784295175023652;6330;88.662373729667038;6330;759.28810027827342;6330;4.1001617481002226;6330;4.161198767052217
6340;153.15408795434431;6340;0.35401470992156742;6340;88.576921903134249;6340;759.24856493645223;6340;4.1001617481002226;6340;4.1657765434736165
6350;153.10525833918271;6350;0.35401470992156742;6350;88.637958922086241;6350;759.24856493645223;6350;4.1001617481002226;6350;4.1627246925260168
6360;153.05642872402112;6360;0.35401470992156742;6360;88.625751518295843;6360;759.28810027827342;6360;4.1001617481002226;6360;4.1621143223364969
6370;153.10525833918271;6370;0.32959990234076969;6370;88.613544114505444;6370;759.28810027827342;6370;4.1001617481002226;6370;4.1605883968626971
6380;153.08084353160191;6380;0.31739249855037077;6380;88.56471449934385;6380;759.28810027827342;6380;4.1001617481002226;6380;4.1648609881893366
6390;153.14188055055391;6390;0.30518509475997191;6390;88.711203344828633;6390;759.3671709619158;6390;4.1001617481002226;6390;4.1654713583788565
6400;153.1785027619251;6400;0.35401470992156742;6400;88.589129306924647;6400;759.24856493645223;6400;4.1001617481002226;6400;4.1608935819574571
6410;153.25174718466749;6410;0.35401470992156742;6410;88.589129306924647;6410;759.24856493645223;6410;4.1001617481002226;6410;4.1633350627155368
6420;153.1662953581347;6420;0.29297769096957305;6420;88.540299691763053;6420;759.24856493645223;6420;4.1001617481002226;6420;4.161198767052217
6430;153.1662953581347;6430;0.29297769096957305;6430;88.601336710715046;6430;759.24856493645223;6430;4.1001617481002226;6430;4.1645558030945766
6440;153.25174718466749;6440;0.3784295175023652;6440;88.711203344828633;6440;759.209029594631;6440;4.1001617481002226;6440;4.1621143223364969
6450;153.28836939603869;6450;0.40284432508316292;6450;88.73561815240943;6450;759.24856493645223;6450;4.1001617481002226;6450;4.1636402478102967
6460;153.1785027619251;6460;0.36622211371196634;6460;88.637958922086241;6460;759.3671709619158;6460;4.1001617481002226;6460;4.1608935819574571
6470;153.26395458845789;6470;0.35401470992156742;6470;88.540299691763053;6470;759.24856493645223;6470;4.1001617481002226;6470;4.161198767052217
6480;153.2395397808771;6480;0.32959990234076969;6480;88.589129306924647;6480;759.24856493645223;6480;4.1001617481002226;6480;4.1624195074312569
6490;153.2029175695059;6490;0.31739249855037077;6490;88.491470076601459;6490;759.24856493645223;6490;4.1001617481002226;6490;4.1648609881893366
6500;153.1785027619251;6500;0.3784295175023652;6500;88.601336710715046;6500;759.209029594631;6500;4.1001617481002226;6500;4.1654713583788565
6510;153.08084353160191;6510;0.40284432508316292;6510;88.686788537247836;6510;759.209029594631;6510;4.1001617481002226;6510;4.1599780266731772
6520;153.09305093539231;6520;0.40284432508316292;6520;88.686788537247836;6520;759.209029594631;6520;4.1001617481002226;6520;4.1630298776207768
6530;153.11746574297311;6530;0.3784295175023652;6530;88.540299691763053;6530;759.209029594631;6530;4.1001617481002226;6530;4.161198767052217
6540;153.28836939603869;6540;0.36622211371196634;6540;88.637958922086241;6540;759.24856493645223;6540;4.1001617481002226;6540;4.1651661732840966
6550;153.1907101657155;6550;0.3784295175023652;6550;88.625751518295843;6550;759.28810027827342;6550;4.1001617481002226;6550;4.1633350627155368
6560;153.1662953581347;6560;0.35401470992156742;6560;88.467055269020662;6560;759.24856493645223;6560;4.1001617481002226;6560;4.1627246925260168
6570;153.15408795434431;6570;0.31739249855037077;6570;88.601336710715046;6570;759.209029594631;6570;4.1001617481002226;6570;4.1593676564836572
6580;153.15408795434431;6580;0.30518509475997191;6580;88.601336710715046;6580;759.209029594631;6580;4.1001617481002226;6580;4.1624195074312569
6590;153.2273323770867;6590;0.35401470992156742;6590;88.637958922086241;6590;759.28810027827342;6590;4.1001617481002226;6590;4.1666920987578964
6600;153.1785027619251;6600;0.35401470992156742;6600;88.601336710715046;6600;759.24856493645223;6600;4.1001617481002226;6600;4.1627246925260168
6610;153.11746574297311;6610;0.32959990234076969;6610;88.601336710715046;6610;759.16949425280984;6610;4.1001617481002226;6610;4.1627246925260168
6620;153.09305093539231;6620;0.35401470992156742;6620;88.442640461439865;6620;759.16949425280984;6620;4.1001617481002226;6620;4.161198767052217
6630;153.1907101657155;6630;0.36622211371196634;6630;88.467055269020662;6630;759.209029594631;6630;4.1001617481002226;6630;4.1660817285683764
6640;153.2029175695059;6640;0.39063692129276406;6640;88.540299691763053;6640;759.209029594631;6640;4.1001617481002226;6640;4.1624195074312569
6650;153.25174718466749;6650;0.36622211371196634;6650;88.662373729667038;6650;759.209029594631;6650;4.1001617481002226;6650;4.161503952146977
6660;153.2395397808771;6660;0.32959990234076969;6660;88.698995941038234;6660;759.16949425280984;6660;4.1001617481002226;6660;4.1605883968626971
6670;153.26395458845789;6670;0.39063692129276406;6670;88.515884884182256;6670;759.12995891098865;6670;4.1001617481002226;6670;4.1636402478102967
6680;153.14188055055391;6680;0.40284432508316292;6680;88.625751518295843;6680;759.16949425280984;6680;4.1001617481002226;6680;4.1633350627155368
6690;153.1907101657155;6690;0.3784295175023652;6690;88.442640461439865;6690;759.16949425280984;6690;4.1001617481002226;6690;4.1599780266731772
6700;153.42265083773307;6700;0.39063692129276406;6700;88.515884884182256;6700;759.16949425280984;6700;4.1001617481002226;6700;4.1636402478102967
6710;153.36161381878108;6710;0.36622211371196634;6710;88.576921903134249;6710;759.12995891098865;6710;4.1001617481002226;6710;4.1627246925260168
6720;153.26395458845789;6720;0.36622211371196634;6720;88.56471449934385;6720;759.24856493645223;6720;4.1001617481002226;6720;4.1645558030945766
6730;153.15408795434431;6730;0.36622211371196634;6730;88.540299691763053;6730;759.16949425280984;6730;4.1001617481002226;6730;4.1621143223364969
6740;153.15408795434431;6740;0.35401470992156742;6740;88.56471449934385;6740;759.12995891098865;6740;4.1001617481002226;6740;4.1636402478102967
6750;152.98318430127873;6750;0.32959990234076969;6750;88.613544114505444;6750;759.16949425280984;6750;4.1001617481002226;6750;4.1599780266731772
6760;153.14188055055391;6760;0.32959990234076969;6760;88.674581133457437;6760;759.16949425280984;6760;4.1001617481002226;6760;4.1630298776207768
6770;153.25174718466749;6770;0.39063692129276406;6770;88.711203344828633;6770;759.16949425280984;6770;4.1001617481002226;6770;4.1636402478102967
6780;153.1785027619251;6780;0.3784295175023652;6780;88.540299691763053;6780;759.16949425280984;6780;4.1001617481002226;6780;4.161503952146977
6790;153.1662953581347;6790;0.32959990234076969;6790;88.625751518295843;6790;759.16949425280984;6790;4.1001617481002226;6790;4.1627246925260168
6800;153.10525833918271;6800;0.36622211371196634;6800;88.528092287972655;6800;759.12995891098865;6800;4.1001617481002226;6800;4.1605883968626971
6810;153.26395458845789;6810;0.36622211371196634;6810;88.589129306924647;6810;759.12995891098865;6810;4.1001617481002226;6810;4.1651661732840966
6820;153.2029175695059;6820;0.32959990234076969;6820;88.589129306924647;6820;759.12995891098865;6820;4.1001617481002226;6820;4.1627246925260168
6830;153.2029175695059;6830;0.35401470992156742;6830;88.56471449934385;6830;759.12995891098865;6830;4.1001617481002226;6830;4.1636402478102967
6840;153.2273323770867;6840;0.32959990234076969;6840;88.625751518295843;6840;759.12995891098865;6840;4.1001617481002226;6840;4.1624195074312569
6850;153.2029175695059;6850;0.30518509475997191;6850;88.576921903134249;6850;759.09042356916746;6850;4.1001617481002226;6850;4.1627246925260168
6860;153.1785027619251;6860;0.35401470992156742;6860;88.711203344828633;6860;759.01135288552518;6860;4.1001617481002226;6860;4.1590624713888973
6870;153.2029175695059;6870;0.35401470992156742;6870;88.625751518295843;6870;759.09042356916746;6870;4.1001617481002226;6870;4.1630298776207768
6880;153.1662953581347;6880;0.32959990234076969;6880;88.674581133457437;6880;759.01135288552518;6880;4.1001617481002226;6880;4.1657765434736165
6890;153.2273323770867;6890;0.39063692129276406;6890;88.637958922086241;6890;758.971817543704;6890;4.1001617481002226;6890;4.1627246925260168
6900;153.25174718466749;6900;0.40284432508316292;6900;88.711203344828633;6900;759.09042356916746;6900;4.1001617481002226;6900;4.1636402478102967
6910;153.2029175695059;6910;0.36622211371196634;6910;88.698995941038234;6910;759.09042356916746;6910;4.1001617481002226;6910;4.1605883968626971
6920;153.32499160740988;6920;0.32959990234076969;6920;88.723410748619031;6920;759.09042356916746;6920;4.1001617481002226;6920;4.1633350627155368
6930;153.28836939603869;6930;0.35401470992156742;6930;88.698995941038234;6930;759.01135288552518;6930;4.1001617481002226;6930;4.1605883968626971
6940;153.38602862636188;6940;0.32959990234076969;6940;88.625751518295843;6940;759.09042356916746;6940;4.1001617481002226;6940;4.1651661732840966
6950;153.1662953581347;6950;0.35401470992156742;6950;88.56471449934385;6950;759.12995891098865;6950;4.1001617481002226;6950;4.1639454329050567
6960;153.1785027619251;6960;0.36622211371196634;6960;88.332773827326278;6960;758.971817543704;6960;4.1001617481002226;6960;4.1621143223364969
6970;153.27616199224829;6970;0.36622211371196634;6970;88.491470076601459;6970;758.971817543704;6970;4.1001617481002226;6970;4.161503952146977
6980;153.15408795434431;6980;0.31739249855037077;6980;88.601336710715046;6980;759.01135288552518;6980;4.1001617481002226;6980;4.1608935819574571
6990;153.15408795434431;6990;0.30518509475997191;6990;88.698995941038234;6990;758.971817543704;6990;4.1001617481002226;6990;4.1648609881893366
7000;153.09305093539231;7000;0.31739249855037077;7000;88.56471449934385;7000;758.971817543704;7000;4.1001617481002226;7000;4.1633350627155368
7010;153.08084353160191;7010;0.3784295175023652;7010;88.576921903134249;7010;759.09042356916746;7010;4.1001617481002226;7010;4.1651661732840966
7020;153.00759910885952;7020;0.36622211371196634;7020;88.637958922086241;7020;759.09042356916746;7020;4.1001617481002226;7020;4.1621143223364969
7030;153.09305093539231;7030;0.32959990234076969;7030;88.613544114505444;7030;759.01135288552518;7030;4.1001617481002226;7030;4.1639454329050567
7040;153.10525833918271;7040;0.35401470992156742;7040;88.625751518295843;7040;758.971817543704;7040;4.1001617481002226;7040;4.1605883968626971
7050;153.14188055055391;7050;0.35401470992156742;7050;88.601336710715046;7050;758.971817543704;7050;4.1001617481002226;7050;4.1633350627155368
7060;153.1662953581347;7060;0.30518509475997191;7060;88.589129306924647;7060;759.01135288552518;7060;4.1001617481002226;7060;4.1645558030945766
7070;153.25174718466749;7070;0.30518509475997191;7070;88.418225653859068;7070;758.971817543704;7070;4.1001617481002226;7070;4.1636402478102967
7080;153.2029175695059;7080;0.35401470992156742;7080;88.625751518295843;7080;758.9322822018828;7080;4.1001617481002226;7080;4.1636402478102967
7090;153.2029175695059;7090;0.31739249855037077;7090;88.674581133457437;7090;758.89274686006161;7090;4.1001617481002226;7090;4.1590624713888973
7100;153.39823603015228;7100;0.32959990234076969;7100;88.674581133457437;7100;758.9322822018828;7100;4.1001617481002226;7100;4.1627246925260168
7110;153.33719901120028;7110;0.32959990234076969;7110;88.698995941038234;7110;758.971817543704;7110;4.1001617481002226;7110;4.1621143223364969
7120;153.1785027619251;7120;0.28077028717917418;7120;88.637958922086241;7120;758.9322822018828;7120;4.1001617481002226;7120;4.1648609881893366
7130;153.11746574297311;7130;0.29297769096957305;7130;88.528092287972655;7130;758.9322822018828;7130;4.1001617481002226;7130;4.161503952146977
7140;153.2395397808771;7140;0.32959990234076969;7140;88.47926267281106;7140;759.01135288552518;7140;4.1001617481002226;7140;4.1651661732840966
7150;153.2273323770867;7150;0.3784295175023652;7150;88.589129306924647;7150;759.09042356916746;7150;4.1001617481002226;7150;4.1630298776207768
7160;153.1785027619251;7160;0.35401470992156742;7160;88.56471449934385;7160;759.01135288552518;7160;4.1001617481002226;7160;4.1593676564836572
7170;153.1907101657155;7170;0.31739249855037077;7170;88.576921903134249;7170;759.09042356916746;7170;4.1001617481002226;7170;4.1627246925260168
7180;153.25174718466749;7180;0.36622211371196634;7180;88.503677480391858;7180;758.971817543704;7180;4.1001617481002226;7180;4.1645558030945766
7190;153.2029175695059;7190;0.40284432508316292;7190;88.625751518295843;7190;758.9322822018828;7190;4.1001617481002226;7190;4.1651661732840966
7200;153.11746574297311;7200;0.3784295175023652;7200;88.56471449934385;7200;758.9322822018828;7200;4.1001617481002226;7200;4.161503952146977
7210;153.1907101657155;7210;0.3784295175023652;7210;88.515884884182256;7210;758.89274686006161;7210;4.1001617481002226;7210;4.1651661732840966
7220;153.10525833918271;7220;0.40284432508316292;7220;88.528092287972655;7220;758.9322822018828;7220;4.1001617481002226;7220;4.161198767052217
7230;153.2395397808771;7230;0.39063692129276406;7230;88.589129306924647;7230;758.971817543704;7230;4.1001617481002226;7230;4.1639454329050567
7240;153.15408795434431;7240;0.3784295175023652;7240;88.576921903134249;7240;758.9322822018828;7240;4.1001617481002226;7240;4.1630298776207768
7250;153.06863612781152;7250;0.31739249855037077;7250;88.540299691763053;7250;758.9322822018828;7250;4.1001617481002226;7250;4.1624195074312569
7260;153.1785027619251;7260;0.31739249855037077;7260;88.589129306924647;7260;758.9322822018828;7260;4.1001617481002226;7260;4.161503952146977
7270;153.27616199224829;7270;0.40284432508316292;7270;88.528092287972655;7270;758.89274686006161;7270;4.1001617481002226;7270;4.161198767052217
7280;153.2029175695059;7280;0.3784295175023652;7280;88.637958922086241;7280;758.89274686006161;7280;4.1001617481002226;7280;4.1651661732840966
7290;153.15408795434431;7290;0.35401470992156742;7290;88.47926267281106;7290;758.89274686006161;7290;4.1001617481002226;7290;4.1633350627155368
7300;153.25174718466749;7300;0.35401470992156742;7300;88.540299691763053;7300;758.9322822018828;7300;4.1001617481002226;7300;4.1639454329050567
7310;153.2029175695059;7310;0.31739249855037077;7310;88.47926267281106;7310;758.9322822018828;7310;4.1001617481002226;7310;4.161503952146977
7320;153.1785027619251;7320;0.31739249855037077;7320;88.491470076601459;7320;758.9322822018828;7320;4.1001617481002226;7320;4.1639454329050567
7330;153.09305093539231;7330;0.3784295175023652;7330;88.503677480391858;7330;758.89274686006161;7330;4.1001617481002226;7330;4.1593676564836572
7340;153.25174718466749;7340;0.3784295175023652;7340;88.589129306924647;7340;758.89274686006161;7340;4.1001617481002226;7340;4.1630298776207768
7350;153.2395397808771;7350;0.35401470992156742;7350;88.796655171361422;7350;758.9322822018828;7350;4.1001617481002226;7350;4.1648609881893366
7360;153.15408795434431;7360;0.36622211371196634;7360;88.601336710715046;7360;758.9322822018828;7360;4.1001617481002226;7360;4.161198767052217
7370;153.1785027619251;7370;0.36622211371196634;7370;88.637958922086241;7370;758.89274686006161;7370;4.1001617481002226;7370;4.161198767052217
7380;153.1907101657155;7380;0.36622211371196634;7380;88.589129306924647;7380;758.85321151824041;7380;4.1001617481002226;7380;4.1627246925260168
7390;153.32499160740988;7390;0.32959990234076969;7390;88.576921903134249;7390;758.9322822018828;7390;4.1001617481002226;7390;4.1666920987578964
7400;153.32499160740988;7400;0.30518509475997191;7400;88.418225653859068;7400;758.89274686006161;7400;4.1001617481002226;7400;4.1608935819574571
7410;153.2029175695059;7410;0.31739249855037077;7410;88.47926267281106;7410;758.85321151824041;7410;4.1001617481002226;7410;4.161198767052217
7420;153.08084353160191;7420;0.30518509475997191;7420;88.540299691763053;7420;758.85321151824041;7420;4.1001617481002226;7420;4.1593676564836572
7430;153.11746574297311;7430;0.32959990234076969;7430;88.576921903134249;7430;758.85321151824041;7430;4.1001617481002226;7430;4.1654713583788565
7440;153.10525833918271;7440;0.35401470992156742;7440;88.576921903134249;7440;758.89274686006161;7440;4.1001617481002226;7440;4.1636402478102967
7450;153.25174718466749;7450;0.35401470992156742;7450;88.515884884182256;7450;758.89274686006161;7450;4.1001617481002226;7450;4.1605883968626971
7460;153.26395458845789;7460;0.36622211371196634;7460;88.686788537247836;7460;758.85321151824041;7460;4.1001617481002226;7460;4.1624195074312569
7470;153.1907101657155;7470;0.3784295175023652;7470;88.613544114505444;7470;758.81367617641922;7470;4.1001617481002226;7470;4.1636402478102967
7480;153.2273323770867;7480;0.36622211371196634;7480;88.625751518295843;7480;758.85321151824041;7480;4.1001617481002226;7480;4.1648609881893366
7490;153.14188055055391;7490;0.30518509475997191;7490;88.662373729667038;7490;758.85321151824041;7490;4.1001617481002226;7490;4.1608935819574571
7500;153.1907101657155;7500;0.32959990234076969;7500;88.73561815240943;7500;758.89274686006161;7500;4.1001617481002226;7500;4.1639454329050567
7510;153.2273323770867;7510;0.39063692129276406;7510;88.686788537247836;7510;758.85321151824041;7510;4.1001617481002226;7510;4.161198767052217
7520;153.28836939603869;7520;0.35401470992156742;7520;88.625751518295843;7520;758.774140834598;7520;4.1001617481002226;7520;4.1636402478102967
7530;153.2395397808771;7530;0.32959990234076969;7530;88.625751518295843;7530;758.774140834598;7530;4.1001617481002226;7530;4.1605883968626971
7540;153.2029175695059;7540;0.31739249855037077;7540;88.467055269020662;7540;758.774140834598;7540;4.1001617481002226;7540;4.1645558030945766
7550;153.1785027619251;7550;0.32959990234076969;7550;88.613544114505444;7550;758.81367617641922;7550;4.1001617481002226;7550;4.1639454329050567
7560;153.11746574297311;7560;0.36622211371196634;7560;88.613544114505444;7560;758.774140834598;7560;4.1001617481002226;7560;4.1593676564836572
7570;153.1662953581347;7570;0.36622211371196634;7570;88.698995941038234;7570;758.774140834598;7570;4.1001617481002226;7570;4.1630298776207768
7580;153.1785027619251;7580;0.32959990234076969;7580;88.613544114505444;7580;758.774140834598;7580;4.1001617481002226;7580;4.1627246925260168
7590;153.15408795434431;7590;0.31739249855037077;7590;88.56471449934385;7590;758.85321151824041;7590;4.1001617481002226;7590;4.1636402478102967
7600;153.05642872402112;7600;0.29297769096957305;7600;88.576921903134249;7600;758.81367617641922;7600;4.1001617481002226;7600;4.1608935819574571
7610;153.00759910885952;7610;0.29297769096957305;7610;88.601336710715046;7610;758.774140834598;7610;4.1001617481002226;7610;4.1633350627155368
7620;152.98318430127873;7620;0.28077028717917418;7620;88.589129306924647;7620;758.774140834598;7620;4.1001617481002226;7620;4.1599780266731772
7630;153.1907101657155;7630;0.31739249855037077;7630;88.625751518295843;7630;758.774140834598;7630;4.1001617481002226;7630;4.1636402478102967
7640;153.1662953581347;7640;0.3784295175023652;7640;88.576921903134249;7640;758.69507015095576;7640;4.1001617481002226;7640;4.1636402478102967
7650;153.10525833918271;7650;0.36622211371196634;7650;88.47926267281106;7650;758.69507015095576;7650;4.1001617481002226;7650;4.1624195074312569
7660;153.1785027619251;7660;0.36622211371196634;7660;88.698995941038234;7660;758.69507015095576;7660;4.1001617481002226;7660;4.1627246925260168
7670;153.1662953581347;7670;0.39063692129276406;7670;88.601336710715046;7670;758.69507015095576;7670;4.1001617481002226;7670;4.1608935819574571
7680;153.2273323770867;7680;0.40284432508316292;7680;88.625751518295843;7680;758.774140834598;7680;4.1001617481002226;7680;4.1654713583788565
7690;153.14188055055391;7690;0.32959990234076969;7690;88.613544114505444;7690;758.69507015095576;7690;4.1001617481002226;7690;4.1630298776207768
7700;153.10525833918271;7700;0.32959990234076969;7700;88.711203344828633;7700;758.65553480913456;7700;4.1001617481002226;7700;4.1633350627155368
7710;153.1785027619251;7710;0.36622211371196634;7710;88.723410748619031;7710;758.65553480913456;7710;4.1001617481002226;7710;4.1608935819574571
7720;153.32499160740988;7720;0.31739249855037077;7720;88.613544114505444;7720;758.65553480913456;7720;4.1001617481002226;7720;4.1633350627155368
7730;153.1662953581347;7730;0.31739249855037077;7730;88.528092287972655;7730;758.65553480913456;7730;4.1001617481002226;7730;4.1590624713888973
7740;153.2273323770867;7740;0.32959990234076969;7740;88.430433057649466;7740;758.69507015095576;7740;4.1001617481002226;7740;4.1630298776207768
7750;153.26395458845789;7750;0.36622211371196634;7750;88.540299691763053;7750;758.69507015095576;7750;4.1001617481002226;7750;4.1666920987578964
7760;153.15408795434431;7760;0.40284432508316292;7760;88.540299691763053;7760;758.57646412549218;7760;4.1001617481002226;7760;4.161198767052217
7770;153.25174718466749;7770;0.43946653645435957;7770;88.637958922086241;7770;758.65553480913456;7770;4.1001617481002226;7770;4.1624195074312569
7780;153.25174718466749;7780;0.35401470992156742;7780;88.576921903134249;7780;758.69507015095576;7780;4.1001617481002226;7780;4.1624195074312569
7790;153.1662953581347;7790;0.29297769096957305;7790;88.625751518295843;7790;758.774140834598;7790;4.1001617481002226;7790;4.1660817285683764
7800;153.06863612781152;7800;0.28077028717917418;7800;88.662373729667038;7800;758.65553480913456;7800;4.1001617481002226;7800;4.1624195074312569
7810;153.1907101657155;7810;0.29297769096957305;7810;88.613544114505444;7810;758.57646412549218;7810;4.1001617481002226;7810;4.1621143223364969
7820;153.2395397808771;7820;0.30518509475997191;7820;88.589129306924647;7820;758.69507015095576;7820;4.1001617481002226;7820;4.1605883968626971
7830;153.33719901120028;7830;0.30518509475997191;7830;88.515884884182256;7830;758.69507015095576;7830;4.1001617481002226;7830;4.1645558030945766
7840;153.2395397808771;7840;0.32959990234076969;7840;88.613544114505444;7840;758.69507015095576;7840;4.1001617481002226;7840;4.1630298776207768
7850;153.14188055055391;7850;0.35401470992156742;7850;88.601336710715046;7850;758.69507015095576;7850;4.1001617481002226;7850;4.161503952146977
7860;153.1662953581347;7860;0.3784295175023652;7860;88.686788537247836;7860;758.774140834598;7860;4.1001617481002226;7860;4.1651661732840966
7870;153.2395397808771;7870;0.35401470992156742;7870;88.637958922086241;7870;758.69507015095576;7870;4.1001617481002226;7870;4.161198767052217
7880;153.2273323770867;7880;0.3784295175023652;7880;88.686788537247836;7880;758.65553480913456;7880;4.1001617481002226;7880;4.1621143223364969
7890;153.11746574297311;7890;0.39063692129276406;7890;88.698995941038234;7890;758.57646412549218;7890;4.1001617481002226;7890;4.161198767052217
7900;153.2273323770867;7900;0.35401470992156742;7900;88.723410748619031;7900;758.61599946731337;7900;4.1001617481002226;7900;4.1651661732840966
7910;153.1907101657155;7910;0.30518509475997191;7910;88.589129306924647;7910;758.61599946731337;7910;4.1001617481002226;7910;4.161503952146977
7920;153.27616199224829;7920;0.30518509475997191;7920;88.491470076601459;7920;758.65553480913456;7920;4.1001617481002226;7920;4.161198767052217
7930;153.2395397808771;7930;0.35401470992156742;7930;88.601336710715046;7930;758.69507015095576;7930;4.1001617481002226;7930;4.1593676564836572
7940;153.2029175695059;7940;0.36622211371196634;7940;88.613544114505444;7940;758.61599946731337;7940;4.1001617481002226;7940;4.1645558030945766
7950;153.2395397808771;7950;0.35401470992156742;7950;88.637958922086241;7950;758.69507015095576;7950;4.1001617481002226;7950;4.1651661732840966
7960;153.2395397808771;7960;0.35401470992156742;7960;88.613544114505444;7960;758.65553480913456;7960;4.1001617481002226;7960;4.1593676564836572
7970;153.1785027619251;7970;0.35401470992156742;7970;88.698995941038234;7970;758.65553480913456;7970;4.1001617481002226;7970;4.1630298776207768
7980;153.2273323770867;7980;0.35401470992156742;7980;88.576921903134249;7980;758.61599946731337;7980;4.1001617481002226;7980;4.1630298776207768
7990;153.26395458845789;7990;0.35401470992156742;7990;88.698995941038234;7990;758.536928783671;7990;4.1001617481002226;7990;4.1645558030945766
8000;153.14188055055391;8000;0.36622211371196634;8000;88.662373729667038;8000;758.536928783671;8000;4.1001617481002226;8000;4.161198767052217
8010;153.1785027619251;8010;0.36622211371196634;8010;88.528092287972655;8010;758.536928783671;8010;4.1001617481002226;8010;4.1636402478102967
8020;153.1662953581347;8020;0.29297769096957305;8020;88.540299691763053;8020;758.57646412549218;8020;4.1001617481002226;8020;4.1590624713888973
8030;153.2273323770867;8030;0.28077028717917418;8030;88.625751518295843;8030;758.49739344184979;8030;4.1001617481002226;8030;4.1630298776207768
8040;153.15408795434431;8040;0.31739249855037077;8040;88.674581133457437;8040;758.536928783671;8040;4.1001617481002226;8040;4.1657765434736165
8050;153.2029175695059;8050;0.30518509475997191;8050;88.442640461439865;8050;758.57646412549218;8050;4.1001617481002226;8050;4.161503952146977
8060;153.26395458845789;8060;0.30518509475997191;8060;88.515884884182256;8060;758.65553480913456;8060;4.1001617481002226;8060;4.1624195074312569
8070;153.1785027619251;8070;0.31739249855037077;8070;88.613544114505444;8070;758.61599946731337;8070;4.1001617481002226;8070;4.161503952146977
8080;153.26395458845789;8080;0.31739249855037077;8080;88.723410748619031;8080;758.57646412549218;8080;4.1001617481002226;8080;4.1657765434736165
8090;153.30057679982909;8090;0.35401470992156742;8090;88.662373729667038;8090;758.57646412549218;8090;4.1001617481002226;8090;4.1621143223364969
8100;153.27616199224829;8100;0.36622211371196634;8100;88.698995941038234;8100;758.536928783671;8100;4.1001617481002226;8100;4.161503952146977
8110;153.08084353160191;8110;0.36622211371196634;8110;88.662373729667038;8110;758.57646412549218;8110;4.1001617481002226;8110;4.1602832117679371
8120;153.08084353160191;8120;0.35401470992156742;8120;88.613544114505444;8120;758.57646412549218;8120;4.1001617481002226;8120;4.1645558030945766
8130;153.04422132023072;8130;0.35401470992156742;8130;88.674581133457437;8130;758.57646412549218;8130;4.1001617481002226;8130;4.1624195074312569
8140;153.26395458845789;8140;0.32959990234076969;8140;88.601336710715046;8140;758.536928783671;8140;4.1001617481002226;8140;4.1605883968626971
8150;153.36161381878108;8150;0.35401470992156742;8150;88.637958922086241;8150;758.536928783671;8150;4.1001617481002226;8150;4.1636402478102967
8160;153.1662953581347;8160;0.35401470992156742;8160;88.515884884182256;8160;758.536928783671;8160;4.1001617481002226;8160;4.1633350627155368
8170;153.1785027619251;8170;0.32959990234076969;8170;88.540299691763053;8170;758.536928783671;8170;4.1001617481002226;8170;4.1636402478102967
8180;153.26395458845789;8180;0.30518509475997191;8180;88.576921903134249;8180;758.49739344184979;8180;4.1001617481002226;8180;4.161198767052217
8190;153.32499160740988;8190;0.31739249855037077;8190;88.601336710715046;8190;758.536928783671;8190;4.1001617481002226;8190;4.1639454329050567
8200;153.1785027619251;8200;0.32959990234076969;8200;88.601336710715046;8200;758.536928783671;8200;4.1001617481002226;8200;4.1608935819574571
8210;153.2029175695059;8210;0.35401470992156742;8210;88.625751518295843;8210;758.536928783671;8210;4.1001617481002226;8210;4.1648609881893366
8220;153.2273323770867;8220;0.36622211371196634;8220;88.515884884182256;8220;758.536928783671;8220;4.1001617481002226;8220;4.1633350627155368
8230;153.2029175695059;8230;0.3784295175023652;8230;88.467055269020662;8230;758.41832275820741;8230;4.1001617481002226;8230;4.1624195074312569
8240;153.14188055055391;8240;0.35401470992156742;8240;88.662373729667038;8240;758.41832275820741;8240;4.1001617481002226;8240;4.1621143223364969
8250;153.15408795434431;8250;0.32959990234076969;8250;88.491470076601459;8250;758.49739344184979;8250;4.1001617481002226;8250;4.161198767052217
8260;153.32499160740988;8260;0.35401470992156742;8260;88.662373729667038;8260;758.536928783671;8260;4.1001617481002226;8260;4.1651661732840966
8270;153.27616199224829;8270;0.32959990234076969;8270;88.760032959990227;8270;758.49739344184979;8270;4.1001617481002226;8270;4.1624195074312569
8280;153.27616199224829;8280;0.32959990234076969;8280;88.784447767571024;8280;758.536928783671;8280;4.1001617481002226;8280;4.1624195074312569
8290;153.2395397808771;8290;0.32959990234076969;8290;88.625751518295843;8290;758.57646412549218;8290;4.1001617481002226;8290;4.1608935819574571
8300;153.2395397808771;8300;0.30518509475997191;8300;88.613544114505444;8300;758.536928783671;8300;4.1001617481002226;8300;4.1657765434736165
8310;153.08084353160191;8310;0.31739249855037077;8310;88.662373729667038;8310;758.49739344184979;8310;4.1001617481002226;8310;4.1602832117679371
8320;153.1785027619251;8320;0.35401470992156742;8320;88.515884884182256;8320;758.49739344184979;8320;4.1001617481002226;8320;4.1621143223364969
8330;153.25174718466749;8330;0.35401470992156742;8330;88.540299691763053;8330;758.536928783671;8330;4.1001617481002226;8330;4.1648609881893366
8340;153.2395397808771;8340;0.32959990234076969;8340;88.576921903134249;8340;758.49739344184979;8340;4.1001617481002226;8340;4.161198767052217
8350;153.25174718466749;8350;0.35401470992156742;8350;88.637958922086241;8350;758.41832275820741;8350;4.1001617481002226;8350;4.1621143223364969
8360;153.2273323770867;8360;0.3784295175023652;8360;88.540299691763053;8360;758.41832275820741;8360;4.1001617481002226;8360;4.1624195074312569
8370;153.25174718466749;8370;0.39063692129276406;8370;88.698995941038234;8370;758.49739344184979;8370;4.1001617481002226;8370;4.1660817285683764
8380;153.1662953581347;8380;0.36622211371196634;8380;88.625751518295843;8380;758.41832275820741;8380;4.1001617481002226;8380;4.161198767052217
8390;153.2273323770867;8390;0.36622211371196634;8390;88.601336710715046;8390;758.41832275820741;8390;4.1001617481002226;8390;4.1624195074312569
8400;153.2395397808771;8400;0.35401470992156742;8400;88.625751518295843;8400;758.536928783671;8400;4.1001617481002226;8400;4.161198767052217
8410;153.1785027619251;8410;0.31739249855037077;8410;88.576921903134249;8410;758.49739344184979;8410;4.1001617481002226;8410;4.1648609881893366
8420;153.10525833918271;8420;0.32959990234076969;8420;88.613544114505444;8420;758.41832275820741;8420;4.1001617481002226;8420;4.1627246925260168
8430;153.2029175695059;8430;0.29297769096957305;8430;88.515884884182256;8430;758.37878741638622;8430;4.1001617481002226;8430;4.1608935819574571
8440;153.10525833918271;8440;0.29297769096957305;8440;88.515884884182256;8440;758.41832275820741;8440;4.1001617481002226;8440;4.1636402478102967
8450;153.01980651264992;8450;0.32959990234076969;8450;88.491470076601459;8450;758.41832275820741;8450;4.1001617481002226;8450;4.1636402478102967
8460;153.14188055055391;8460;0.32959990234076969;8460;88.56471449934385;8460;758.49739344184979;8460;4.1001617481002226;8460;4.1639454329050567
8470;153.28836939603869;8470;0.29297769096957305;8470;88.503677480391858;8470;758.49739344184979;8470;4.1001617481002226;8470;4.1605883968626971
8480;153.25174718466749;8480;0.32959990234076969;8480;88.637958922086241;8480;758.41832275820741;8480;4.1001617481002226;8480;4.1636402478102967
8490;153.08084353160191;8490;0.35401470992156742;8490;88.711203344828633;8490;758.37878741638622;8490;4.1001617481002226;8490;4.1605883968626971
8500;153.1907101657155;8500;0.29297769096957305;8500;88.711203344828633;8500;758.41832275820741;8500;4.1001617481002226;8500;4.1636402478102967
8510;153.11746574297311;8510;0.29297769096957305;8510;88.674581133457437;8510;758.41832275820741;8510;4.1001617481002226;8510;4.1633350627155368
8520;153.06863612781152;8520;0.30518509475997191;8520;88.528092287972655;8520;758.37878741638622;8520;4.1001617481002226;8520;4.1627246925260168
8530;152.98318430127873;8530;0.30518509475997191;8530;88.698995941038234;8530;758.37878741638622;8530;4.1001617481002226;8530;4.1605883968626971
8540;153.2029175695059;8540;0.30518509475997191;8540;88.760032959990227;8540;758.37878741638622;8540;4.1001617481002226;8540;4.1624195074312569
8550;153.34940641499068;8550;0.32959990234076969;8550;88.686788537247836;8550;758.41832275820741;8550;4.1001617481002226;8550;4.1669972838526563
8560;153.1662953581347;8560;0.31739249855037077;8560;88.576921903134249;8560;758.41832275820741;8560;4.1001617481002226;8560;4.161503952146977
8570;153.2273323770867;8570;0.36622211371196634;8570;88.625751518295843;8570;758.37878741638622;8570;4.1001617481002226;8570;4.1624195074312569
8580;153.25174718466749;8580;0.35401470992156742;8580;88.540299691763053;8580;758.299716732744;8580;4.1001617481002226;8580;4.161503952146977
8590;153.27616199224829;8590;0.35401470992156742;8590;88.662373729667038;8590;758.339252074565;8590;4.1001617481002226;8590;4.1654713583788565
8600;153.1907101657155;8600;0.36622211371196634;8600;88.662373729667038;8600;758.37878741638622;8600;4.1001617481002226;8600;4.1627246925260168
8610;153.2029175695059;8610;0.32959990234076969;8610;88.47926267281106;8610;758.339252074565;8610;4.1001617481002226;8610;4.161198767052217
8620;153.2395397808771;8620;0.32959990234076969;8620;88.528092287972655;8620;758.339252074565;8620;4.1001617481002226;8620;4.1605883968626971
8630;153.2273323770867;8630;0.31739249855037077;8630;88.56471449934385;8630;758.37878741638622;8630;4.1001617481002226;8630;4.1645558030945766
8640;153.14188055055391;8640;0.35401470992156742;8640;88.662373729667038;8640;758.41832275820741;8640;4.1001617481002226;8640;4.1654713583788565
8650;153.2029175695059;8650;0.35401470992156742;8650;88.589129306924647;8650;758.299716732744;8650;4.1001617481002226;8650;4.1599780266731772
8660;153.27616199224829;8660;0.31739249855037077;8660;88.723410748619031;8660;758.26018139092275;8660;4.1001617481002226;8660;4.1636402478102967
8670;153.2395397808771;8670;0.28077028717917418;8670;88.56471449934385;8670;758.339252074565;8670;4.1001617481002226;8670;4.1621143223364969
8680;153.38602862636188;8680;0.32959990234076969;8680;88.47926267281106;8680;758.37878741638622;8680;4.1001617481002226;8680;4.1639454329050567
8690;153.2029175695059;8690;0.39063692129276406;8690;88.540299691763053;8690;758.339252074565;8690;4.1001617481002226;8690;4.1627246925260168
8700;153.1785027619251;8700;0.39063692129276406;8700;88.576921903134249;8700;758.299716732744;8700;4.1001617481002226;8700;4.1639454329050567
8710;153.08084353160191;8710;0.32959990234076969;8710;88.613544114505444;8710;758.299716732744;8710;4.1001617481002226;8710;4.1602832117679371
8720;153.10525833918271;8720;0.32959990234076969;8720;88.576921903134249;8720;758.26018139092275;8720;4.1001617481002226;8720;4.1627246925260168
8730;153.2273323770867;8730;0.35401470992156742;8730;88.711203344828633;8730;758.26018139092275;8730;4.1001617481002226;8730;4.1660817285683764
8740;153.1785027619251;8740;0.31739249855037077;8740;88.589129306924647;8740;758.26018139092275;8740;4.1001617481002226;8740;4.1608935819574571
8750;153.1785027619251;8750;0.41505172887356179;8750;88.613544114505444;8750;758.299716732744;8750;4.1001617481002226;8750;4.1621143223364969
8760;153.14188055055391;8760;0.41505172887356179;8760;88.589129306924647;8760;758.299716732744;8760;4.1001617481002226;8760;4.1621143223364969
8770;153.2029175695059;8770;0.36622211371196634;8770;88.576921903134249;8770;758.26018139092275;8770;4.1001617481002226;8770;4.1660817285683764
8780;153.15408795434431;8780;0.36622211371196634;8780;88.491470076601459;8780;758.26018139092275;8780;4.1001617481002226;8780;4.161198767052217
8790;153.2029175695059;8790;0.32959990234076969;8790;88.47926267281106;8790;758.299716732744;8790;4.1001617481002226;8790;4.1627246925260168
8800;153.1662953581347;8800;0.31739249855037077;8800;88.601336710715046;8800;758.339252074565;8800;4.1001617481002226;8800;4.1605883968626971
8810;153.14188055055391;8810;0.30518509475997191;8810;88.637958922086241;8810;758.26018139092275;8810;4.1001617481002226;8810;4.1645558030945766
8820;153.10525833918271;8820;0.32959990234076969;8820;88.686788537247836;8820;758.26018139092275;8820;4.1001617481002226;8820;4.1624195074312569
8830;153.1785027619251;8830;0.32959990234076969;8830;88.576921903134249;8830;758.26018139092275;8830;4.1001617481002226;8830;4.1621143223364969
8840;153.1907101657155;8840;0.32959990234076969;8840;88.637958922086241;8840;758.339252074565;8840;4.1001617481002226;8840;4.1654713583788565
8850;153.06863612781152;8850;0.31739249855037077;8850;88.662373729667038;8850;758.339252074565;8850;4.1001617481002226;8850;4.1633350627155368
8860;153.05642872402112;8860;0.35401470992156742;8860;88.674581133457437;8860;758.339252074565;8860;4.1001617481002226;8860;4.1645558030945766
8870;153.1662953581347;8870;0.3784295175023652;8870;88.698995941038234;8870;758.299716732744;8870;4.1001617481002226;8870;4.161198767052217
8880;153.28836939603869;8880;0.36622211371196634;8880;88.723410748619031;8880;758.299716732744;8880;4.1001617481002226;8880;4.1660817285683764
8890;153.14188055055391;8890;0.36622211371196634;8890;88.674581133457437;8890;758.26018139092275;8890;4.1001617481002226;8890;4.1633350627155368
8900;153.14188055055391;8900;0.40284432508316292;8900;88.686788537247836;8900;758.26018139092275;8900;4.1001617481002226;8900;4.1633350627155368
8910;153.15408795434431;8910;0.36622211371196634;8910;88.674581133457437;8910;758.26018139092275;8910;4.1001617481002226;8910;4.1605883968626971
8920;153.25174718466749;8920;0.31739249855037077;8920;88.47926267281106;8920;758.22064604910156;8920;4.1001617481002226;8920;4.1651661732840966
8930;153.25174718466749;8930;0.30518509475997191;8930;88.576921903134249;8930;758.26018139092275;8930;4.1001617481002226;8930;4.1639454329050567
8940;153.25174718466749;8940;0.31739249855037077;8940;88.528092287972655;8940;758.26018139092275;8940;4.1001617481002226;8940;4.1593676564836572
8950;153.2395397808771;8950;0.36622211371196634;8950;88.56471449934385;8950;758.299716732744;8950;4.1001617481002226;8950;4.1645558030945766
8960;153.14188055055391;8960;0.35401470992156742;8960;88.589129306924647;8960;758.26018139092275;8960;4.1001617481002226;8960;4.1633350627155368
8970;153.1662953581347;8970;0.31739249855037077;8970;88.796655171361422;8970;758.22064604910156;8970;4.1001617481002226;8970;4.1636402478102967
8980;153.2029175695059;8980;0.29297769096957305;8980;88.784447767571024;8980;758.22064604910156;8980;4.1001617481002226;8980;4.1605883968626971
8990;153.34940641499068;8990;0.31739249855037077;8990;88.674581133457437;8990;758.22064604910156;8990;4.1001617481002226;8990;4.1639454329050567
9000;153.15408795434431;9000;0.31739249855037077;9000;88.674581133457437;9000;758.26018139092275;9000;4.1001617481002226;9000;4.1605883968626971
9010;153.14188055055391;9010;0.31739249855037077;9010;88.515884884182256;9010;758.22064604910156;9010;4.1001617481002226;9010;4.1633350627155368
9020;153.15408795434431;9020;0.35401470992156742;9020;88.540299691763053;9020;758.18111070728037;9020;4.1001617481002226;9020;4.1639454329050567
9030;153.25174718466749;9030;0.32959990234076969;9030;88.540299691763053;9030;758.22064604910156;9030;4.1001617481002226;9030;4.1627246925260168
9040;153.28836939603869;9040;0.31739249855037077;9040;88.601336710715046;9040;758.22064604910156;9040;4.1001617481002226;9040;4.1621143223364969
9050;153.11746574297311;9050;0.31739249855037077;9050;88.56471449934385;9050;758.22064604910156;9050;4.1001617481002226;9050;4.1624195074312569
9060;153.10525833918271;9060;0.31739249855037077;9060;88.711203344828633;9060;758.18111070728037;9060;4.1001617481002226;9060;4.1657765434736165
9070;153.10525833918271;9070;0.31739249855037077;9070;88.601336710715046;9070;758.18111070728037;9070;4.1001617481002226;9070;4.161198767052217
9080;153.2029175695059;9080;0.35401470992156742;9080;88.467055269020662;9080;758.22064604910156;9080;4.1001617481002226;9080;4.1636402478102967
9090;153.2029175695059;9090;0.35401470992156742;9090;88.56471449934385;9090;758.26018139092275;9090;4.1001617481002226;9090;4.161198767052217
9100;153.2029175695059;9100;0.35401470992156742;9100;88.589129306924647;9100;758.26018139092275;9100;4.1001617481002226;9100;4.1633350627155368
9110;153.11746574297311;9110;0.32959990234076969;9110;88.662373729667038;9110;758.22064604910156;9110;4.1001617481002226;9110;4.161198767052217
9120;153.2029175695059;9120;0.32959990234076969;9120;88.576921903134249;9120;758.102040023638;9120;4.1001617481002226;9120;4.161503952146977
9130;153.25174718466749;9130;0.35401470992156742;9130;88.723410748619031;9130;758.18111070728037;9130;4.1001617481002226;9130;4.1627246925260168
9140;153.26395458845789;9140;0.32959990234076969;9140;88.625751518295843;9140;758.18111070728037;9140;4.1001617481002226;9140;4.1636402478102967
9150;153.2395397808771;9150;0.32959990234076969;9150;88.503677480391858;9150;758.22064604910156;9150;4.1001617481002226;9150;4.1651661732840966
9160;153.1907101657155;9160;0.35401470992156742;9160;88.47926267281106;9160;758.22064604910156;9160;4.1001617481002226;9160;4.1593676564836572
9170;153.26395458845789;9170;0.36622211371196634;9170;88.613544114505444;9170;758.22064604910156;9170;4.1001617481002226;9170;4.1627246925260168
9180;153.2029175695059;9180;0.36622211371196634;9180;88.686788537247836;9180;758.18111070728037;9180;4.1001617481002226;9180;4.1621143223364969
9190;153.25174718466749;9190;0.3784295175023652;9190;88.637958922086241;9190;758.18111070728037;9190;4.1001617481002226;9190;4.1639454329050567
9200;153.09305093539231;9200;0.3784295175023652;9200;88.637958922086241;9200;758.18111070728037;9200;4.1001617481002226;9200;4.1624195074312569
9210;153.08084353160191;9210;0.36622211371196634;9210;88.56471449934385;9210;758.102040023638;9210;4.1001617481002226;9210;4.1633350627155368
9220;153.1907101657155;9220;0.35401470992156742;9220;88.637958922086241;9220;758.102040023638;9220;4.1001617481002226;9220;4.1602832117679371
9230;153.37382122257148;9230;0.31739249855037077;9230;88.784447767571024;9230;758.18111070728037;9230;4.1001617481002226;9230;4.1630298776207768
9240;153.38602862636188;9240;0.35401470992156742;9240;88.808862575151821;9240;758.18111070728037;9240;4.1001617481002226;9240;4.1673024689474163
9250;153.1785027619251;9250;0.36622211371196634;9250;88.674581133457437;9250;758.102040023638;9250;4.1001617481002226;9250;4.1608935819574571
9260;153.1662953581347;9260;0.31739249855037077;9260;88.723410748619031;9260;758.102040023638;9260;4.1001617481002226;9260;4.161503952146977
9270;153.14188055055391;9270;0.30518509475997191;9270;88.637958922086241;9270;758.102040023638;9270;4.1001617481002226;9270;4.161503952146977
9280;153.1907101657155;9280;0.31739249855037077;9280;88.711203344828633;9280;758.102040023638;9280;4.1001617481002226;9280;4.1660817285683764
9290;153.06863612781152;9290;0.31739249855037077;9290;88.576921903134249;9290;758.18111070728037;9290;4.1001617481002226;9290;4.1627246925260168
9300;153.14188055055391;9300;0.31739249855037077;9300;88.503677480391858;9300;758.18111070728037;9300;4.1001617481002226;9300;4.161503952146977
9310;153.10525833918271;9310;0.32959990234076969;9310;88.711203344828633;9310;758.18111070728037;9310;4.1001617481002226;9310;4.1593676564836572
9320;153.10525833918271;9320;0.36622211371196634;9320;88.56471449934385;9320;758.18111070728037;9320;4.1001617481002226;9320;4.1630298776207768
9330;153.06863612781152;9330;0.40284432508316292;9330;88.613544114505444;9330;758.22064604910156;9330;4.1001617481002226;9330;4.1645558030945766
9340;152.98318430127873;9340;0.32959990234076969;9340;88.515884884182256;9340;758.102040023638;9340;4.1001617481002226;9340;4.161198767052217
9350;153.09305093539231;9350;0.35401470992156742;9350;88.56471449934385;9350;758.102040023638;9350;4.1001617481002226;9350;4.1645558030945766
9360;153.11746574297311;9360;0.3784295175023652;9360;88.56471449934385;9360;758.06250468181679;9360;4.1001617481002226;9360;4.161198767052217
9370;153.25174718466749;9370;0.32959990234076969;9370;88.515884884182256;9370;758.06250468181679;9370;4.1001617481002226;9370;4.1627246925260168
9380;153.1785027619251;9380;0.31739249855037077;9380;88.56471449934385;9380;758.06250468181679;9380;4.1001617481002226;9380;4.1605883968626971
9390;153.2029175695059;9390;0.35401470992156742;9390;88.662373729667038;9390;758.0229693399956;9390;4.1001617481002226;9390;4.1666920987578964
9400;153.15408795434431;9400;0.35401470992156742;9400;88.711203344828633;9400;758.0229693399956;9400;4.1001617481002226;9400;4.1630298776207768
9410;153.10525833918271;9410;0.31739249855037077;9410;88.589129306924647;9410;758.0229693399956;9410;4.1001617481002226;9410;4.1605883968626971
9420;153.1662953581347;9420;0.32959990234076969;9420;88.589129306924647;9420;758.06250468181679;9420;4.1001617481002226;9420;4.161198767052217
9430;153.2029175695059;9430;0.30518509475997191;9430;88.625751518295843;9430;757.98343399817452;9430;4.1001617481002226;9430;4.1639454329050567
9440;153.2395397808771;9440;0.30518509475997191;9440;88.73561815240943;9440;758.06250468181679;9440;4.1001617481002226;9440;4.1657765434736165
9450;153.26395458845789;9450;0.31739249855037077;9450;88.625751518295843;9450;758.06250468181679;9450;4.1001617481002226;9450;4.161198767052217
9460;153.2029175695059;9460;0.32959990234076969;9460;88.698995941038234;9460;758.06250468181679;9460;4.1001617481002226;9460;4.1654713583788565
9470;152.99539170506912;9470;0.32959990234076969;9470;88.637958922086241;9470;758.06250468181679;9470;4.1001617481002226;9470;4.1627246925260168
9480;153.08084353160191;9480;0.32959990234076969;9480;88.637958922086241;9480;758.0229693399956;9480;4.1001617481002226;9480;4.1627246925260168
9490;153.09305093539231;9490;0.30518509475997191;9490;88.625751518295843;9490;758.0229693399956;9490;4.1001617481002226;9490;4.1608935819574571
9500;153.25174718466749;9500;0.31739249855037077;9500;88.491470076601459;9500;757.98343399817452;9500;4.1001617481002226;9500;4.1657765434736165
9510;153.2029175695059;9510;0.36622211371196634;9510;88.576921903134249;9510;757.98343399817452;9510;4.1001617481002226;9510;4.1636402478102967
9520;153.1907101657155;9520;0.35401470992156742;9520;88.56471449934385;9520;758.0229693399956;9520;4.1001617481002226;9520;4.1605883968626971
9530;153.32499160740988;9530;0.32959990234076969;9530;88.601336710715046;9530;758.06250468181679;9530;4.1001617481002226;9530;4.1633350627155368
9540;153.26395458845789;9540;0.35401470992156742;9540;88.503677480391858;9540;758.0229693399956;9540;4.1001617481002226;9540;4.1639454329050567
9550;153.2395397808771;9550;0.35401470992156742;9550;88.589129306924647;9550;758.0229693399956;9550;4.1001617481002226;9550;4.1648609881893366
9560;153.08084353160191;9560;0.31739249855037077;9560;88.576921903134249;9560;758.0229693399956;9560;4.1001617481002226;9560;4.1608935819574571
9570;153.10525833918271;9570;0.31739249855037077;9570;88.723410748619031;9570;758.0229693399956;9570;4.1001617481002226;9570;4.1639454329050567
9580;153.11746574297311;9580;0.31739249855037077;9580;88.796655171361422;9580;758.0229693399956;9580;4.1001617481002226;9580;4.1602832117679371
9590;153.33719901120028;9590;0.35401470992156742;9590;88.674581133457437;9590;758.0229693399956;9590;4.1001617481002226;9590;4.1639454329050567
9600;153.30057679982909;9600;0.3784295175023652;9600;88.674581133457437;9600;757.98343399817452;9600;4.1001617481002226;9600;4.1633350627155368
9610;153.10525833918271;9610;0.41505172887356179;9610;88.515884884182256;9610;757.94389865635333;9610;4.1001617481002226;9610;4.161198767052217
9620;152.99539170506912;9620;0.40284432508316292;9620;88.576921903134249;9620;757.98343399817452;9620;4.1001617481002226;9620;4.1599780266731772
9630;153.08084353160191;9630;0.31739249855037077;9630;88.56471449934385;9630;757.94389865635333;9630;4.1001617481002226;9630;4.1624195074312569
9640;153.30057679982909;9640;0.30518509475997191;9640;88.613544114505444;9640;757.98343399817452;9640;4.1001617481002226;9640;4.1673024689474163
9650;153.26395458845789;9650;0.30518509475997191;9650;88.674581133457437;9650;757.98343399817452;9650;4.1001617481002226;9650;4.1605883968626971
9660;153.1907101657155;9660;0.31739249855037077;9660;88.698995941038234;9660;757.98343399817452;9660;4.1001617481002226;9660;4.1605883968626971
9670;153.14188055055391;9670;0.29297769096957305;9670;88.662373729667038;9670;757.98343399817452;9670;4.1001617481002226;9670;4.1605883968626971
9680;153.25174718466749;9680;0.26856288338877532;9680;88.589129306924647;9680;757.98343399817452;9680;4.1001617481002226;9680;4.1666920987578964
9690;153.2273323770867;9690;0.35401470992156742;9690;88.637958922086241;9690;757.94389865635333;9690;4.1001617481002226;9690;4.1627246925260168
9700;153.2029175695059;9700;0.36622211371196634;9700;88.589129306924647;9700;757.94389865635333;9700;4.1001617481002226;9700;4.161503952146977
9710;153.2029175695059;9710;0.31739249855037077;9710;88.601336710715046;9710;757.94389865635333;9710;4.1001617481002226;9710;4.1624195074312569
9720;153.1662953581347;9720;0.31739249855037077;9720;88.56471449934385;9720;757.82529263088975;9720;4.1001617481002226;9720;4.1636402478102967
9730;153.1785027619251;9730;0.35401470992156742;9730;88.662373729667038;9730;757.90436331453213;9730;4.1001617481002226;9730;4.1639454329050567
9740;153.14188055055391;9740;0.35401470992156742;9740;88.613544114505444;9740;757.94389865635333;9740;4.1001617481002226;9740;4.161503952146977
9750;153.1662953581347;9750;0.30518509475997191;9750;88.637958922086241;9750;757.94389865635333;9750;4.1001617481002226;9750;4.1654713583788565
9760;153.05642872402112;9760;0.30518509475997191;9760;88.686788537247836;9760;757.82529263088975;9760;4.1001617481002226;9760;4.1621143223364969
9770;153.10525833918271;9770;0.32959990234076969;9770;88.625751518295843;9770;757.90436331453213;9770;4.1001617481002226;9770;4.1627246925260168
9780;153.08084353160191;9780;0.35401470992156742;9780;88.503677480391858;9780;757.94389865635333;9780;4.1001617481002226;9780;4.1605883968626971
9790;153.2029175695059;9790;0.32959990234076969;9790;88.467055269020662;9790;757.90436331453213;9790;4.1001617481002226;9790;4.1666920987578964
9800;153.28836939603869;9800;0.31739249855037077;9800;88.56471449934385;9800;757.94389865635333;9800;4.1001617481002226;9800;4.1630298776207768
9810;153.27616199224829;9810;0.30518509475997191;9810;88.540299691763053;9810;757.90436331453213;9810;4.1001617481002226;9810;4.1593676564836572
9820;153.1907101657155;9820;0.32959990234076969;9820;88.662373729667038;9820;757.94389865635333;9820;4.1001617481002226;9820;4.1630298776207768
9830;153.10525833918271;9830;0.31739249855037077;9830;88.637958922086241;9830;757.94389865635333;9830;4.1001617481002226;9830;4.1645558030945766
9840;153.09305093539231;9840;0.32959990234076969;9840;88.772240363780625;9840;757.90436331453213;9840;4.1001617481002226;9840;4.1648609881893366
9850;153.09305093539231;9850;0.35401470992156742;9850;88.637958922086241;9850;757.90436331453213;9850;4.1001617481002226;9850;4.1605883968626971
9860;153.26395458845789;9860;0.30518509475997191;9860;88.540299691763053;9860;757.90436331453213;9860;4.1001617481002226;9860;4.1654713583788565
9870;153.11746574297311;9870;0.28077028717917418;9870;88.601336710715046;9870;757.82529263088975;9870;4.1001617481002226;9870;4.1624195074312569
9880;153.06863612781152;9880;0.30518509475997191;9880;88.56471449934385;9880;757.94389865635333;9880;4.1001617481002226;9880;4.1624195074312569
9890;153.06863612781152;9890;0.31739249855037077;9890;88.613544114505444;9890;757.90436331453213;9890;4.1001617481002226;9890;4.1602832117679371
9900;153.1907101657155;9900;0.36622211371196634;9900;88.613544114505444;9900;757.90436331453213;9900;4.1001617481002226;9900;4.1648609881893366
9910;153.14188055055391;9910;0.39063692129276406;9910;88.662373729667038;9910;757.94389865635333;9910;4.1001617481002226;9910;4.1651661732840966
9920;153.14188055055391;9920;0.35401470992156742;9920;88.47926267281106;9920;757.82529263088975;9920;4.1001617481002226;9920;4.161198767052217
9930;153.2029175695059;9930;0.35401470992156742;9930;88.491470076601459;9930;757.94389865635333;9930;4.1001617481002226;9930;4.1648609881893366
9940;153.10525833918271;9940;0.30518509475997191;9940;88.589129306924647;9940;757.90436331453213;9940;4.1001617481002226;9940;4.1624195074312569
9950;153.14188055055391;9950;0.30518509475997191;9950;88.637958922086241;9950;757.90436331453213;9950;4.1001617481002226;9950;4.1630298776207768
9960;153.1662953581347;9960;0.31739249855037077;9960;88.576921903134249;9960;757.82529263088975;9960;4.1001617481002226;9960;4.1608935819574571
9970;153.27616199224829;9970;0.3784295175023652;9970;88.515884884182256;9970;757.82529263088975;9970;4.1001617481002226;9970;4.1660817285683764
9980;153.09305093539231;9980;0.41505172887356179;9980;88.601336710715046;9980;757.82529263088975;9980;4.1001617481002226;9980;4.1636402478102967
9990;153.1662953581347;9990;0.35401470992156742;9990;88.698995941038234;9990;757.78575728906856;9990;4.1001617481002226;9990;4.1624195074312569
10000;153.25174718466749;10000;0.30518509475997191;10000;88.698995941038234;10000;757.78575728906856;10000;4.1001617481002226;10000;4.1608935819574571
10010;153.30057679982909;10010;0.35401470992156742;10010;88.576921903134249;10010;757.82529263088975;10010;4.1001617481002226;10010;4.1645558030945766
10020;153.25174718466749;10020;0.39063692129276406;10020;88.589129306924647;10020;757.90436331453213;10020;4.1001617481002226;10020;4.1654713583788565
10030;153.15408795434431;10030;0.35401470992156742;10030;88.47926267281106;10030;757.90436331453213;10030;4.1001617481002226;10030;4.1605883968626971
10040;153.2395397808771;10040;0.35401470992156742;10040;88.589129306924647;10040;757.90436331453213;10040;4.1001617481002226;10040;4.1639454329050567
10050;153.1662953581347;10050;0.36622211371196634;10050;88.601336710715046;10050;757.78575728906856;10050;4.1001617481002226;10050;4.1624195074312569
10060;153.1785027619251;10060;0.39063692129276406;10060;88.698995941038234;10060;757.78575728906856;10060;4.1001617481002226;10060;4.1648609881893366
10070;153.14188055055391;10070;0.36622211371196634;10070;88.637958922086241;10070;757.82529263088975;10070;4.1001617481002226;10070;4.1627246925260168
10080;153.26395458845789;10080;0.31739249855037077;10080;88.503677480391858;10080;757.78575728906856;10080;4.1001617481002226;10080;4.1645558030945766
10090;153.1785027619251;10090;0.31739249855037077;10090;88.601336710715046;10090;757.82529263088975;10090;4.1001617481002226;10090;4.1602832117679371
10100;153.11746574297311;10100;0.30518509475997191;10100;88.637958922086241;10100;757.78575728906856;10100;4.1001617481002226;10100;4.1624195074312569
10110;153.11746574297311;10110;0.32959990234076969;10110;88.589129306924647;10110;757.78575728906856;10110;4.1001617481002226;10110;4.1648609881893366
10120;153.10525833918271;10120;0.35401470992156742;10120;88.467055269020662;10120;757.82529263088975;10120;4.1001617481002226;10120;4.1630298776207768
10130;153.1907101657155;10130;0.35401470992156742;10130;88.674581133457437;10130;757.82529263088975;10130;4.1001617481002226;10130;4.1633350627155368
10140;153.1907101657155;10140;0.31739249855037077;10140;88.613544114505444;10140;757.74622194724736;10140;4.1001617481002226;10140;4.1605883968626971
10150;153.28836939603869;10150;0.31739249855037077;10150;88.589129306924647;10150;757.70668660542617;10150;4.1001617481002226;10150;4.1648609881893366
10160;153.10525833918271;10160;0.35401470992156742;10160;88.56471449934385;10160;757.74622194724736;10160;4.1001617481002226;10160;4.161503952146977
10170;153.01980651264992;10170;0.40284432508316292;10170;88.540299691763053;10170;757.74622194724736;10170;4.1001617481002226;10170;4.1636402478102967
10180;152.99539170506912;10180;0.35401470992156742;10180;88.613544114505444;10180;757.74622194724736;10180;4.1001617481002226;10180;4.161503952146977
10190;153.08084353160191;10190;0.30518509475997191;10190;88.637958922086241;10190;757.70668660542617;10190;4.1001617481002226;10190;4.1639454329050567
10200;153.05642872402112;10200;0.36622211371196634;10200;88.723410748619031;10200;757.74622194724736;10200;4.1001617481002226;10200;4.1621143223364969
10210;153.09305093539231;10210;0.32959990234076969;10210;88.637958922086241;10210;757.74622194724736;10210;4.1001617481002226;10210;4.1605883968626971
10220;153.26395458845789;10220;0.35401470992156742;10220;88.601336710715046;10220;757.78575728906856;10220;4.1001617481002226;10220;4.1648609881893366
10230;153.1785027619251;10230;0.35401470992156742;10230;88.442640461439865;10230;757.74622194724736;10230;4.1001617481002226;10230;4.1630298776207768
10240;153.25174718466749;10240;0.35401470992156742;10240;88.528092287972655;10240;757.70668660542617;10240;4.1001617481002226;10240;4.1636402478102967
10250;153.28836939603869;10250;0.31739249855037077;10250;88.528092287972655;10250;757.74622194724736;10250;4.1001617481002226;10250;4.1608935819574571
10260;153.2273323770867;10260;0.30518509475997191;10260;88.576921903134249;10260;757.78575728906856;10260;4.1001617481002226;10260;4.1639454329050567
10270;153.06863612781152;10270;0.35401470992156742;10270;88.637958922086241;10270;757.74622194724736;10270;4.1001617481002226;10270;4.1599780266731772
10280;153.1662953581347;10280;0.32959990234076969;10280;88.515884884182256;10280;757.74622194724736;10280;4.1001617481002226;10280;4.1639454329050567
10290;153.10525833918271;10290;0.35401470992156742;10290;88.698995941038234;10290;757.78575728906856;10290;4.1001617481002226;10290;4.1645558030945766
10300;153.10525833918271;10300;0.35401470992156742;10300;88.662373729667038;10300;757.78575728906856;10300;4.1001617481002226;10300;4.1621143223364969
10310;153.15408795434431;10310;0.31739249855037077;10310;88.503677480391858;10310;757.74622194724736;10310;4.1001617481002226;10310;4.1621143223364969
10320;153.15408795434431;10320;0.32959990234076969;10320;88.515884884182256;10320;757.66715126360509;10320;4.1001617481002226;10320;4.1621143223364969
10330;153.14188055055391;10330;0.32959990234076969;10330;88.674581133457437;10330;757.78575728906856;10330;4.1001617481002226;10330;4.1654713583788565
10340;153.09305093539231;10340;0.31739249855037077;10340;88.56471449934385;10340;757.78575728906856;10340;4.1001617481002226;10340;4.1621143223364969
10350;153.1662953581347;10350;0.36622211371196634;10350;88.589129306924647;10350;757.74622194724736;10350;4.1001617481002226;10350;4.1639454329050567
10360;153.10525833918271;10360;0.39063692129276406;10360;88.589129306924647;10360;757.74622194724736;10360;4.1001617481002226;10360;4.1621143223364969
10370;153.2029175695059;10370;0.35401470992156742;10370;88.515884884182256;10370;757.70668660542617;10370;4.1001617481002226;10370;4.1648609881893366
10380;153.11746574297311;10380;0.30518509475997191;10380;88.576921903134249;10380;757.70668660542617;10380;4.1001617481002226;10380;4.1605883968626971
10390;153.08084353160191;10390;0.32959990234076969;10390;88.56471449934385;10390;757.70668660542617;10390;4.1001617481002226;10390;4.1624195074312569
10400;153.25174718466749;10400;0.32959990234076969;10400;88.601336710715046;10400;757.66715126360509;10400;4.1001617481002226;10400;4.1639454329050567
10410;153.25174718466749;10410;0.31739249855037077;10410;88.528092287972655;10410;757.66715126360509;10410;4.1001617481002226;10410;4.1608935819574571
10420;153.1785027619251;10420;0.35401470992156742;10420;88.686788537247836;10420;757.74622194724736;10420;4.1001617481002226;10420;4.1627246925260168
10430;153.2395397808771;10430;0.36622211371196634;10430;88.711203344828633;10430;757.70668660542617;10430;4.1001617481002226;10430;4.1621143223364969
10440;153.30057679982909;10440;0.3784295175023652;10440;88.662373729667038;10440;757.74622194724736;10440;4.1001617481002226;10440;4.1666920987578964
10450;153.1785027619251;10450;0.36622211371196634;10450;88.625751518295843;10450;757.74622194724736;10450;4.1001617481002226;10450;4.1621143223364969
10460;153.15408795434431;10460;0.36622211371196634;10460;88.698995941038234;10460;757.70668660542617;10460;4.1001617481002226;10460;4.161503952146977
10470;153.11746574297311;10470;0.3784295175023652;10470;88.674581133457437;10470;757.70668660542617;10470;4.1001617481002226;10470;4.1593676564836572
10480;153.28836939603869;10480;0.36622211371196634;10480;88.515884884182256;10480;757.70668660542617;10480;4.1001617481002226;10480;4.1648609881893366
10490;153.27616199224829;10490;0.35401470992156742;10490;88.601336710715046;10490;757.66715126360509;10490;4.1001617481002226;10490;4.1627246925260168
10500;153.26395458845789;10500;0.31739249855037077;10500;88.589129306924647;10500;757.66715126360509;10500;4.1001617481002226;10500;4.1602832117679371
10510;153.28836939603869;10510;0.31739249855037077;10510;88.589129306924647;10510;757.70668660542617;10510;4.1001617481002226;10510;4.1636402478102967
10520;153.2029175695059;10520;0.36622211371196634;10520;88.56471449934385;10520;757.6276159217839;10520;4.1001617481002226;10520;4.1630298776207768
10530;153.25174718466749;10530;0.35401470992156742;10530;88.613544114505444;10530;757.66715126360509;10530;4.1001617481002226;10530;4.1633350627155368
10540;153.2029175695059;10540;0.30518509475997191;10540;88.442640461439865;10540;757.58808057996271;10540;4.1001617481002226;10540;4.1605883968626971
10550;153.26395458845789;10550;0.32959990234076969;10550;88.528092287972655;10550;757.6276159217839;10550;4.1001617481002226;10550;4.1666920987578964
10560;153.1662953581347;10560;0.36622211371196634;10560;88.589129306924647;10560;757.66715126360509;10560;4.1001617481002226;10560;4.1627246925260168
10570;153.1907101657155;10570;0.32959990234076969;10570;88.467055269020662;10570;757.6276159217839;10570;4.1001617481002226;10570;4.161503952146977
10580;153.11746574297311;10580;0.31739249855037077;10580;88.601336710715046;10580;757.6276159217839;10580;4.1001617481002226;10580;4.161198767052217
10590;153.11746574297311;10590;0.30518509475997191;10590;88.601336710715046;10590;757.66715126360509;10590;4.1001617481002226;10590;4.1639454329050567
10600;153.06863612781152;10600;0.36622211371196634;10600;88.686788537247836;10600;757.66715126360509;10600;4.1001617481002226;10600;4.1630298776207768
10610;153.1907101657155;10610;0.35401470992156742;10610;88.528092287972655;10610;757.6276159217839;10610;4.1001617481002226;10610;4.161503952146977
10620;153.33719901120028;10620;0.32959990234076969;10620;88.540299691763053;10620;757.66715126360509;10620;4.1001617481002226;10620;4.1660817285683764
10630;153.11746574297311;10630;0.35401470992156742;10630;88.613544114505444;10630;757.58808057996271;10630;4.1001617481002226;10630;4.1624195074312569
10640;153.1907101657155;10640;0.30518509475997191;10640;88.674581133457437;10640;757.6276159217839;10640;4.1001617481002226;10640;4.1627246925260168
10650;153.1785027619251;10650;0.30518509475997191;10650;88.491470076601459;10650;757.66715126360509;10650;4.1001617481002226;10650;4.1608935819574571
10660;153.25174718466749;10660;0.36622211371196634;10660;88.491470076601459;10660;757.6276159217839;10660;4.1001617481002226;10660;4.1660817285683764
10670;153.2029175695059;10670;0.36622211371196634;10670;88.662373729667038;10670;757.6276159217839;10670;4.1001617481002226;10670;4.1630298776207768
10680;153.11746574297311;10680;0.32959990234076969;10680;88.56471449934385;10680;757.6276159217839;10680;4.1001617481002226;10680;4.161198767052217
10690;153.08084353160191;10690;0.35401470992156742;10690;88.625751518295843;10690;757.66715126360509;10690;4.1001617481002226;10690;4.161198767052217
10700;153.15408795434431;10700;0.32959990234076969;10700;88.540299691763053;10700;757.6276159217839;10700;4.1001617481002226;10700;4.1645558030945766
10710;153.2395397808771;10710;0.32959990234076969;10710;88.601336710715046;10710;757.66715126360509;10710;4.1001617481002226;10710;4.1657765434736165
10720;153.27616199224829;10720;0.32959990234076969;10720;88.491470076601459;10720;757.66715126360509;10720;4.1001617481002226;10720;4.161198767052217
10730;153.33719901120028;10730;0.31739249855037077;10730;88.540299691763053;10730;757.6276159217839;10730;4.1001617481002226;10730;4.1654713583788565
10740;153.1662953581347;10740;0.31739249855037077;10740;88.637958922086241;10740;757.58808057996271;10740;4.1001617481002226;10740;4.1624195074312569
10750;153.1785027619251;10750;0.32959990234076969;10750;88.576921903134249;10750;757.58808057996271;10750;4.1001617481002226;10750;4.1627246925260168
10760;153.10525833918271;10760;0.35401470992156742;10760;88.576921903134249;10760;757.6276159217839;10760;4.1001617481002226;10760;4.1608935819574571
10770;153.2273323770867;10770;0.36622211371196634;10770;88.589129306924647;10770;757.66715126360509;10770;4.1001617481002226;10770;4.1660817285683764
10780;153.2029175695059;10780;0.35401470992156742;10780;88.56471449934385;10780;757.6276159217839;10780;4.1001617481002226;10780;4.1630298776207768
10790;153.26395458845789;10790;0.32959990234076969;10790;88.491470076601459;10790;757.58808057996271;10790;4.1001617481002226;10790;4.1602832117679371
10800;153.25174718466749;10800;0.40284432508316292;10800;88.674581133457437;10800;757.66715126360509;10800;4.1001617481002226;10800;4.1633350627155368
10810;153.15408795434431;10810;0.41505172887356179;10810;88.686788537247836;10810;757.6276159217839;10810;4.1001617481002226;10810;4.1636402478102967
10820;153.2395397808771;10820;0.36622211371196634;10820;88.711203344828633;10820;757.6276159217839;10820;4.1001617481002226;10820;4.1645558030945766
10830;153.27616199224829;10830;0.28077028717917418;10830;88.662373729667038;10830;757.6276159217839;10830;4.1001617481002226;10830;4.1608935819574571
10840;153.26395458845789;10840;0.30518509475997191;10840;88.723410748619031;10840;757.6276159217839;10840;4.1001617481002226;10840;4.1648609881893366
10850;153.09305093539231;10850;0.32959990234076969;10850;88.674581133457437;10850;757.58808057996271;10850;4.1001617481002226;10850;4.161198767052217
10860;153.27616199224829;10860;0.36622211371196634;10860;88.56471449934385;10860;757.6276159217839;10860;4.1001617481002226;10860;4.1651661732840966
10870;153.30057679982909;10870;0.39063692129276406;10870;88.56471449934385;10870;757.66715126360509;10870;4.1001617481002226;10870;4.1639454329050567
10880;153.28836939603869;10880;0.35401470992156742;10880;88.515884884182256;10880;757.58808057996271;10880;4.1001617481002226;10880;4.1624195074312569
10890;153.26395458845789;10890;0.31739249855037077;10890;88.625751518295843;10890;757.58808057996271;10890;4.1001617481002226;10890;4.1608935819574571
10900;153.25174718466749;10900;0.30518509475997191;10900;88.515884884182256;10900;757.50900989632032;10900;4.1001617481002226;10900;4.1633350627155368
10910;153.32499160740988;10910;0.36622211371196634;10910;88.589129306924647;10910;757.50900989632032;10910;4.1001617481002226;10910;4.1676076540421763
10920;153.2395397808771;10920;0.35401470992156742;10920;88.503677480391858;10920;757.46947455449913;10920;4.1001617481002226;10920;4.1608935819574571
10930;153.14188055055391;10930;0.31739249855037077;10930;88.528092287972655;10930;757.42993921267794;10930;4.1001617481002226;10930;4.1621143223364969
10940;153.08084353160191;10940;0.30518509475997191;10940;88.625751518295843;10940;757.46947455449913;10940;4.1001617481002226;10940;4.161198767052217
10950;153.1785027619251;10950;0.32959990234076969;10950;88.589129306924647;10950;757.58808057996271;10950;4.1001617481002226;10950;4.1645558030945766
10960;153.05642872402112;10960;0.39063692129276406;10960;88.589129306924647;10960;757.50900989632032;10960;4.1001617481002226;10960;4.1605883968626971
10970;153.08084353160191;10970;0.39063692129276406;10970;88.637958922086241;10970;757.46947455449913;10970;4.1001617481002226;10970;4.1630298776207768
10980;153.14188055055391;10980;0.39063692129276406;10980;88.637958922086241;10980;757.58808057996271;10980;4.1001617481002226;10980;4.1636402478102967
10990;153.2395397808771;10990;0.32959990234076969;10990;88.528092287972655;10990;757.50900989632032;10990;4.1001617481002226;10990;4.161198767052217
11000;153.2395397808771;11000;0.31739249855037077;11000;88.723410748619031;11000;757.50900989632032;11000;4.1001617481002226;11000;4.161503952146977
11010;153.2273323770867;11010;0.36622211371196634;11010;88.674581133457437;11010;757.42993921267794;11010;4.1001617481002226;11010;4.1633350627155368
11020;153.2395397808771;11020;0.36622211371196634;11020;88.637958922086241;11020;757.46947455449913;11020;4.1001617481002226;11020;4.1669972838526563
11030;153.15408795434431;11030;0.35401470992156742;11030;88.528092287972655;11030;757.42993921267794;11030;4.1001617481002226;11030;4.161198767052217
11040;153.25174718466749;11040;0.32959990234076969;11040;88.589129306924647;11040;757.42993921267794;11040;4.1001617481002226;11040;4.1624195074312569
11050;153.09305093539231;11050;0.29297769096957305;11050;88.601336710715046;11050;757.46947455449913;11050;4.1001617481002226;11050;4.1605883968626971
11060;153.1785027619251;11060;0.30518509475997191;11060;88.491470076601459;11060;757.42993921267794;11060;4.1001617481002226;11060;4.1657765434736165
11070;153.26395458845789;11070;0.32959990234076969;11070;88.589129306924647;11070;757.42993921267794;11070;4.1001617481002226;11070;4.1627246925260168
11080;153.2395397808771;11080;0.31739249855037077;11080;88.637958922086241;11080;757.39040387085674;11080;4.1001617481002226;11080;4.1608935819574571
11090;153.10525833918271;11090;0.32959990234076969;11090;88.711203344828633;11090;757.39040387085674;11090;4.1001617481002226;11090;4.1633350627155368
11100;153.01980651264992;11100;0.30518509475997191;11100;88.540299691763053;11100;757.39040387085674;11100;4.1001617481002226;11100;4.1636402478102967
11110;153.15408795434431;11110;0.30518509475997191;11110;88.601336710715046;11110;757.42993921267794;11110;4.1001617481002226;11110;4.1645558030945766
11120;153.08084353160191;11120;0.30518509475997191;11120;88.589129306924647;11120;757.46947455449913;11120;4.1001617481002226;11120;4.161503952146977
11130;153.14188055055391;11130;0.30518509475997191;11130;88.576921903134249;11130;757.46947455449913;11130;4.1001617481002226;11130;4.1660817285683764
11140;153.1785027619251;11140;0.32959990234076969;11140;88.625751518295843;11140;757.42993921267794;11140;4.1001617481002226;11140;4.1621143223364969
11150;153.2395397808771;11150;0.32959990234076969;11150;88.637958922086241;11150;757.42993921267794;11150;4.1001617481002226;11150;4.1624195074312569
11160;153.1785027619251;11160;0.32959990234076969;11160;88.56471449934385;11160;757.42993921267794;11160;4.1001617481002226;11160;4.1605883968626971
11170;153.1785027619251;11170;0.31739249855037077;11170;88.56471449934385;11170;757.42993921267794;11170;4.1001617481002226;11170;4.1651661732840966
11180;153.2273323770867;11180;0.30518509475997191;11180;88.711203344828633;11180;757.39040387085674;11180;4.1001617481002226;11180;4.1636402478102967
11190;153.30057679982909;11190;0.30518509475997191;11190;88.711203344828633;11190;757.35086852903567;11190;4.1001617481002226;11190;4.1605883968626971
11200;153.33719901120028;11200;0.36622211371196634;11200;88.796655171361422;11200;757.39040387085674;11200;4.1001617481002226;11200;4.1645558030945766
11210;153.1907101657155;11210;0.36622211371196634;11210;88.576921903134249;11210;757.35086852903567;11210;4.1001617481002226;11210;4.1630298776207768
11220;153.2273323770867;11220;0.35401470992156742;11220;88.613544114505444;11220;757.39040387085674;11220;4.1001617481002226;11220;4.1648609881893366
11230;153.15408795434431;11230;0.32959990234076969;11230;88.662373729667038;11230;757.42993921267794;11230;4.1001617481002226;11230;4.161503952146977
11240;153.1907101657155;11240;0.30518509475997191;11240;88.674581133457437;11240;757.39040387085674;11240;4.1001617481002226;11240;4.1636402478102967
11250;153.2029175695059;11250;0.31739249855037077;11250;88.625751518295843;11250;757.35086852903567;11250;4.1001617481002226;11250;4.1605883968626971
11260;153.2273323770867;11260;0.36622211371196634;11260;88.589129306924647;11260;757.31133318721447;11260;4.1001617481002226;11260;4.1639454329050567
11270;153.15408795434431;11270;0.3784295175023652;11270;88.637958922086241;11270;757.31133318721447;11270;4.1001617481002226;11270;4.1633350627155368
11280;153.2273323770867;11280;0.40284432508316292;11280;88.56471449934385;11280;757.31133318721447;11280;4.1001617481002226;11280;4.1627246925260168
11290;153.11746574297311;11290;0.45167394024475843;11290;88.73561815240943;11290;757.39040387085674;11290;4.1001617481002226;11290;4.1633350627155368
11300;153.10525833918271;11300;0.36622211371196634;11300;88.723410748619031;11300;757.39040387085674;11300;4.1001617481002226;11300;4.161503952146977
11310;153.27616199224829;11310;0.31739249855037077;11310;88.772240363780625;11310;757.35086852903567;11310;4.1001617481002226;11310;4.1651661732840966
11320;153.25174718466749;11320;0.30518509475997191;11320;88.698995941038234;11320;757.35086852903567;11320;4.1001617481002226;11320;4.1627246925260168
11330;153.26395458845789;11330;0.35401470992156742;11330;88.73561815240943;11330;757.39040387085674;11330;4.1001617481002226;11330;4.1645558030945766
11340;153.15408795434431;11340;0.39063692129276406;11340;88.601336710715046;11340;757.39040387085674;11340;4.1001617481002226;11340;4.1624195074312569
11350;153.2029175695059;11350;0.39063692129276406;11350;88.515884884182256;11350;757.39040387085674;11350;4.1001617481002226;11350;4.1648609881893366
11360;153.1662953581347;11360;0.35401470992156742;11360;88.589129306924647;11360;757.35086852903567;11360;4.1001617481002226;11360;4.1602832117679371
11370;153.2273323770867;11370;0.28077028717917418;11370;88.540299691763053;11370;757.31133318721447;11370;4.1001617481002226;11370;4.1639454329050567
11380;153.2395397808771;11380;0.31739249855037077;11380;88.637958922086241;11380;757.35086852903567;11380;4.1001617481002226;11380;4.1660817285683764
11390;153.2029175695059;11390;0.3784295175023652;11390;88.47926267281106;11390;757.23226250357209;11390;4.1001617481002226;11390;4.161198767052217
11400;153.27616199224829;11400;0.36622211371196634;11400;88.601336710715046;11400;757.19272716175089;11400;4.1001617481002226;11400;4.1624195074312569
11410;153.25174718466749;11410;0.31739249855037077;11410;88.625751518295843;11410;757.31133318721447;11410;4.1001617481002226;11410;4.161198767052217
11420;153.27616199224829;11420;0.32959990234076969;11420;88.601336710715046;11420;757.39040387085674;11420;4.1001617481002226;11420;4.1657765434736165
11430;153.2273323770867;11430;0.35401470992156742;11430;88.637958922086241;11430;757.31133318721447;11430;4.1001617481002226;11430;4.1624195074312569
11440;153.2029175695059;11440;0.35401470992156742;11440;88.723410748619031;11440;757.31133318721447;11440;4.1001617481002226;11440;4.1627246925260168
11450;153.06863612781152;11450;0.39063692129276406;11450;88.686788537247836;11450;757.31133318721447;11450;4.1001617481002226;11450;4.1602832117679371
11460;153.10525833918271;11460;0.36622211371196634;11460;88.528092287972655;11460;757.23226250357209;11460;4.1001617481002226;11460;4.1648609881893366
11470;153.08084353160191;11470;0.31739249855037077;11470;88.637958922086241;11470;757.31133318721447;11470;4.1001617481002226;11470;4.1630298776207768
11480;153.15408795434431;11480;0.32959990234076969;11480;88.625751518295843;11480;757.31133318721447;11480;4.1001617481002226;11480;4.1590624713888973
11490;153.25174718466749;11490;0.32959990234076969;11490;88.625751518295843;11490;757.35086852903567;11490;4.1001617481002226;11490;4.1630298776207768
11500;153.28836939603869;11500;0.32959990234076969;11500;88.503677480391858;11500;757.31133318721447;11500;4.1001617481002226;11500;4.1630298776207768
11510;153.26395458845789;11510;0.35401470992156742;11510;88.56471449934385;11510;757.31133318721447;11510;4.1001617481002226;11510;4.1645558030945766
11520;153.1662953581347;11520;0.36622211371196634;11520;88.47926267281106;11520;757.23226250357209;11520;4.1001617481002226;11520;4.161198767052217
11530;153.1907101657155;11530;0.35401470992156742;11530;88.56471449934385;11530;757.23226250357209;11530;4.1001617481002226;11530;4.1639454329050567
11540;153.10525833918271;11540;0.26856288338877532;11540;88.625751518295843;11540;757.19272716175089;11540;4.1001617481002226;11540;4.1605883968626971
EOF
