Name;YT Scope Project;
File;C:\Users\Tobno\Desktop\MAINFRIC.csv;
Starttime of export;134225416292140000;onsdag 6. mai 2026;13:47:09.214
Endtime of export;134225416573394775;onsdag 6. mai 2026;13:47:37.339


Name;fMain_Spool;Name;fU;Name;fMain_Position_mm;Name;fMain_Pa_bar;Name;fMain_Pa_Cyl_bar;Name;fMain_Pb_bar;Name;fPs_bar

0;-0.00082399975585190077;0;0;0;348.103943;0;0.0122074038;0;53.5905037;0;0.207525864;0;152.32399
10;-0.00088503677480389342;10;0;10;348.103943;10;0;10;53.5782967;10;0.170903653;10;152.3362
20;-0.00094607379375588607;20;0;20;348.142426;20;0;20;53.6881638;20;0.183111057;20;152.311783
30;-0.00094607379375588607;30;0;30;348.180878;30;0;30;53.60271;30;0.183111057;30;152.262955
40;-0.00082399975585190077;40;0;40;348.180878;40;0;40;53.60271;40;0.207525864;40;152.360611
50;-0.00088503677480389342;50;0;50;348.103943;50;0;50;53.65154;50;0.207525864;50;152.360611
60;-0.00057985168004393017;60;0;60;348.103943;60;0;60;53.65154;60;0.207525864;60;152.262955
70;-0.00082399975585190077;70;0;70;348.142426;70;0;70;53.6271248;70;0.219733268;70;152.32399
80;-0.00082399975585190077;80;0;80;348.142426;80;0;80;53.6759529;80;0.207525864;80;152.372818
90;-0.00076296273689990812;90;0;90;348.103943;90;0;90;53.773613;90;0.183111057;90;152.397232
100;-0.00076296273689990812;100;0;100;348.142426;100;0;100;53.73699;100;0.207525864;100;152.250748
110;-0.00094607379375588607;110;0;110;348.180878;110;0;110;53.65154;110;0.231940672;110;152.238525
120;-0.0010071108127078787;120;0;120;348.103943;120;0;120;53.65154;120;0.207525864;120;152.360611
130;-0.00088503677480389342;130;0;130;348.06546;130;0;130;53.70037;130;0.183111057;130;152.397232
140;-0.00088503677480389342;140;0;140;348.06546;140;0;140;53.6881638;140;0.207525864;140;152.360611
150;-0.00094607379375588607;150;0;150;348.103943;150;0;150;53.65154;150;0.219733268;150;152.32399
160;-0.0010071108127078787;160;0;160;348.06546;160;0.0122074038;160;53.60271;160;0.219733268;160;152.360611
170;-0.00076296273689990812;170;0;170;348.103943;170;0;170;53.60271;170;0.219733268;170;152.421646
180;-0.00076296273689990812;180;0;180;348.142426;180;0;180;53.6759529;180;0.231940672;180;152.3484
190;-0.00070192571794791547;190;0;190;348.06546;190;0;190;53.773613;190;0.183111057;190;152.3484
200;-0.00088503677480389342;200;0;200;348.103943;200;0.0122074038;200;53.7125778;200;0.146488845;200;152.275162
210;-0.0010681478316598714;210;0;210;348.180878;210;0.0122074038;210;53.7125778;210;0.158696249;210;152.226318
220;-0.00094607379375588607;220;0;220;348.180878;220;0;220;53.6759529;220;0.183111057;220;152.3484
230;-0.00088503677480389342;230;0;230;348.06546;230;0;230;53.6759529;230;0.219733268;230;152.3484
240;-0.00088503677480389342;240;0;240;347.988525;240;0.0122074038;240;53.7614059;240;0.231940672;240;152.3484
250;-0.00094607379375588607;250;0;250;348.103943;250;0;250;53.6881638;250;0.207525864;250;152.372818
260;-0.00082399975585190077;260;0;260;348.103943;260;0;260;53.6271248;260;0.183111057;260;152.397232
270;-0.00088503677480389342;270;0;270;348.103943;270;0;270;53.6271248;270;0.183111057;270;152.421646
280;-0.00070192571794791547;280;0;280;348.103943;280;0;280;53.6271248;280;0.183111057;280;152.433853
290;-0.00057985168004393017;290;0;290;348.103943;290;0;290;53.60271;290;0.183111057;290;152.5071
300;-0.00070192571794791547;300;0;300;348.06546;300;0.0122074038;300;53.6271248;300;0.207525864;300;152.543716
310;-0.00076296273689990812;310;0;310;348.06546;310;0;310;53.6271248;310;0.207525864;310;152.433853
320;-0.00082399975585190077;320;0;320;348.06546;320;0.0122074038;320;53.5172577;320;0.219733268;320;152.360611
330;-0.00070192571794791547;330;0;330;348.142426;330;0;330;53.5294647;330;0.207525864;330;152.360611
340;-0.00076296273689990812;340;0;340;348.142426;340;0;340;53.6637459;340;0.183111057;340;152.311783
350;-0.00082399975585190077;350;0;350;348.142426;350;0;350;53.70037;350;0.207525864;350;152.421646
360;-0.00088503677480389342;360;0;360;348.142426;360;0;360;53.73699;360;0.231940672;360;152.372818
370;-0.00076296273689990812;370;0;370;348.103943;370;0;370;53.7492;370;0.219733268;370;152.32399
380;-0.00082399975585190077;380;0;380;348.103943;380;0;380;53.6149178;380;0.183111057;380;152.360611
390;-0.00070192571794791547;390;0;390;348.103943;390;0.0244148076;390;53.65154;390;0.219733268;390;152.3362
400;-0.00076296273689990812;400;0;400;348.142426;400;0.0122074038;400;53.6881638;400;0.207525864;400;152.397232
410;-0.00082399975585190077;410;0;410;348.103943;410;0;410;53.6271248;410;0.170903653;410;152.421646
420;-0.00088503677480389342;420;0;420;348.103943;420;0;420;53.65154;420;0.183111057;420;152.311783
430;-0.0010681478316598714;430;0;430;348.06546;430;0;430;53.6759529;430;0.207525864;430;152.250748
440;-0.0010071108127078787;440;0;440;348.142426;440;0;440;53.6637459;440;0.219733268;440;152.238525
450;-0.00088503677480389342;450;0;450;348.142426;450;0;450;53.54167;450;0.219733268;450;152.262955
460;-0.00076296273689990812;460;0;460;348.142426;460;0.0122074038;460;53.50505;460;0.207525864;460;152.409439
470;-0.00094607379375588607;470;0;470;348.103943;470;0;470;53.60271;470;0.158696249;470;152.397232
480;-0.00082399975585190077;480;0;480;348.06546;480;0;480;53.70037;480;0.158696249;480;152.372818
490;-0.00082399975585190077;490;0;490;347.988525;490;0.0244148076;490;53.60271;490;0.183111057;490;152.3484
500;-0.00082399975585190077;500;0;500;348.06546;500;0.0122074038;500;53.56609;500;0.183111057;500;152.311783
510;-0.00082399975585190077;510;0;510;348.06546;510;0.0122074038;510;53.73699;510;0.170903653;510;152.32399
520;-0.00088503677480389342;520;0;520;348.06546;520;0.0122074038;520;53.7125778;520;0.170903653;520;152.360611
530;-0.00088503677480389342;530;0;530;348.142426;530;0.0244148076;530;53.7125778;530;0.170903653;530;152.397232
540;-0.0010071108127078787;540;0;540;348.06546;540;0.03662221;540;53.6637459;540;0.183111057;540;152.421646
550;-0.00088503677480389342;550;0;550;348.06546;550;0.0244148076;550;53.56609;550;0.207525864;550;152.5193
560;-0.0010071108127078787;560;0;560;348.103943;560;0;560;53.5905037;560;0.183111057;560;152.494888
570;-0.00082399975585190077;570;0;570;348.103943;570;0.0122074038;570;53.60271;570;0.183111057;570;152.433853
580;-0.00088503677480389342;580;0;580;348.142426;580;0.0122074038;580;53.7492;580;0.207525864;580;152.397232
590;-0.00094607379375588607;590;0;590;348.180878;590;0;590;53.7492;590;0.170903653;590;152.3484
600;-0.00088503677480389342;600;0;600;348.180878;600;0.0122074038;600;53.5294647;600;0.170903653;600;152.409439
610;-0.00082399975585190077;610;0;610;348.21936;610;0.0122074038;610;53.4318047;610;0.207525864;610;152.3362
620;-0.00094607379375588607;620;0;620;348.180878;620;0;620;53.56609;620;0.219733268;620;152.238525
630;-0.00094607379375588607;630;0;630;348.103943;630;0;630;53.6637459;630;0.2563555;630;152.311783
640;-0.00082399975585190077;640;0;640;348.142426;640;0;640;53.70037;640;0.231940672;640;152.397232
650;-0.0010681478316598714;650;0;650;348.103943;650;0;650;53.78582;650;0.183111057;650;152.421646
660;-0.00088503677480389342;660;0;660;348.103943;660;0;660;53.6149178;660;0.219733268;660;152.421646
670;-0.00088503677480389342;670;0;670;348.142426;670;0;670;53.6271248;670;0.207525864;670;152.3362
680;-0.00088503677480389342;680;0;680;348.103943;680;0;680;53.78582;680;0.158696249;680;152.360611
690;-0.00082399975585190077;690;0;690;348.06546;690;0;690;53.7125778;690;0.158696249;690;152.32399
700;-0.00088503677480389342;700;0;700;348.142426;700;0;700;53.6637459;700;0.170903653;700;152.3362
710;-0.00088503677480389342;710;0;710;348.142426;710;0;710;53.5782967;710;0.231940672;710;152.421646
720;-0.00088503677480389342;720;0;720;348.103943;720;0;720;53.5172577;720;0.219733268;720;152.421646
730;-0.00082399975585190077;730;0;730;348.142426;730;0;730;53.7125778;730;0.183111057;730;152.494888
740;-0.00088503677480389342;740;0;740;348.103943;740;0.0244148076;740;53.8224449;740;0.170903653;740;152.44606
750;-0.00088503677480389342;750;0;750;348.103943;750;0.0122074038;750;53.70037;750;0.183111057;750;152.421646
760;-0.00088503677480389342;760;0;760;348.103943;760;0;760;53.5782967;760;0.219733268;760;152.32399
770;-0.00076296273689990812;770;0;770;348.06546;770;0.0122074038;770;53.54167;770;0.219733268;770;152.32399
780;-0.00076296273689990812;780;0;780;348.06546;780;0;780;53.7125778;780;0.219733268;780;152.32399
790;-0.00076296273689990812;790;0;790;348.103943;790;0;790;53.78582;790;0.207525864;790;152.397232
800;-0.00082399975585190077;800;0;800;348.142426;800;0.0122074038;800;53.7614059;800;0.183111057;800;152.5071
810;-0.00088503677480389342;810;0;810;348.142426;810;0;810;53.7492;810;0.183111057;810;152.360611
820;-0.00082399975585190077;820;0;820;348.103943;820;0;820;53.6271248;820;0.170903653;820;152.250748
830;-0.00076296273689990812;830;0;830;348.103943;830;0;830;53.5294647;830;0.207525864;830;152.262955
840;-0.00076296273689990812;840;0;840;348.103943;840;0;840;53.5294647;840;0.183111057;840;152.311783
850;-0.00088503677480389342;850;0;850;348.103943;850;0;850;53.6881638;850;0.183111057;850;152.275162
860;-0.00070192571794791547;860;0;860;348.142426;860;0;860;53.798027;860;0.219733268;860;152.299576
870;-0.00082399975585190077;870;0;870;348.103943;870;0.0122074038;870;53.70037;870;0.183111057;870;152.3484
880;-0.00076296273689990812;880;0;880;348.103943;880;0.0244148076;880;53.6149178;880;0.170903653;880;152.3484
890;-0.00076296273689990812;890;0;890;348.180878;890;0.0244148076;890;53.5905037;890;0.170903653;890;152.311783
900;-0.00094607379375588607;900;0;900;348.142426;900;0.0122074038;900;53.6149178;900;0.170903653;900;152.3484
910;-0.00094607379375588607;910;0;910;348.142426;910;0.0122074038;910;53.5782967;910;0.170903653;910;152.372818
920;-0.00094607379375588607;920;0;920;348.103943;920;0.0122074038;920;53.5294647;920;0.170903653;920;152.372818
930;-0.00088503677480389342;930;0;930;348.103943;930;0;930;53.65154;930;0.207525864;930;152.482681
940;-0.00094607379375588607;940;0;940;348.142426;940;0;940;53.73699;940;0.207525864;940;152.433853
950;-0.00088503677480389342;950;0;950;348.142426;950;0.0122074038;950;53.6271248;950;0.207525864;950;152.397232
960;-0.0010071108127078787;960;0;960;348.06546;960;0;960;53.5905037;960;0.183111057;960;152.397232
970;-0.00082399975585190077;970;0;970;348.06546;970;0;970;53.5782967;970;0.183111057;970;152.360611
980;-0.00088503677480389342;980;0;980;348.103943;980;0;980;53.54167;980;0.183111057;980;152.360611
990;-0.00082399975585190077;990;0;990;348.103943;990;0;990;53.6271248;990;0.183111057;990;152.494888
1000;-0.00082399975585190077;1000;0;1000;348.06546;1000;0;1000;53.6881638;1000;0.207525864;1000;152.482681
1010;-0.0010681478316598714;1010;0;1010;348.103943;1010;0;1010;53.7125778;1010;0.219733268;1010;152.372818
1020;-0.00094607379375588607;1020;0;1020;348.103943;1020;0;1020;53.6149178;1020;0.219733268;1020;152.32399
1030;-0.00082399975585190077;1030;0;1030;348.103943;1030;0.0122074038;1030;53.4928436;1030;0.183111057;1030;152.275162
1040;-0.00076296273689990812;1040;0;1040;348.180878;1040;0.0122074038;1040;53.4195976;1040;0.183111057;1040;152.3362
1050;-0.00082399975585190077;1050;0;1050;348.142426;1050;0.0122074038;1050;53.5782967;1050;0.183111057;1050;152.3484
1060;-0.00076296273689990812;1060;0;1060;348.103943;1060;0;1060;53.70037;1060;0.183111057;1060;152.44606
1070;-0.00094607379375588607;1070;0;1070;348.142426;1070;0;1070;53.6637459;1070;0.170903653;1070;152.494888
1080;-0.00082399975585190077;1080;0;1080;348.142426;1080;0;1080;53.73699;1080;0.183111057;1080;152.44606
1090;-0.00082399975585190077;1090;0;1090;348.103943;1090;0;1090;53.70037;1090;0.183111057;1090;152.458267
1100;-0.00082399975585190077;1100;0;1100;348.142426;1100;0.0122074038;1100;53.7125778;1100;0.183111057;1100;152.409439
1110;-0.00076296273689990812;1110;0;1110;348.142426;1110;0.0122074038;1110;53.6881638;1110;0.207525864;1110;152.3362
1120;-0.00088503677480389342;1120;0;1120;348.103943;1120;0;1120;53.6759529;1120;0.207525864;1120;152.275162
1130;-0.00088503677480389342;1130;0;1130;348.103943;1130;0.0122074038;1130;53.60271;1130;0.219733268;1130;152.311783
1140;-0.00076296273689990812;1140;0;1140;348.06546;1140;0;1140;53.60271;1140;0.219733268;1140;152.3362
1150;-0.00057985168004393017;1150;0;1150;348.103943;1150;0;1150;53.6637459;1150;0.207525864;1150;152.299576
1160;-0.00088503677480389342;1160;0;1160;348.142426;1160;0;1160;53.65154;1160;0.183111057;1160;152.3484
1170;-0.00082399975585190077;1170;0;1170;348.103943;1170;0;1170;53.6759529;1170;0.207525864;1170;152.372818
1180;-0.00082399975585190077;1180;0;1180;348.103943;1180;0;1180;53.5782967;1180;0.207525864;1180;152.397232
1190;-0.00094607379375588607;1190;0;1190;348.103943;1190;0;1190;53.60271;1190;0.183111057;1190;152.3484
1200;-0.00094607379375588607;1200;0;1200;348.103943;1200;0;1200;53.60271;1200;0.170903653;1200;152.311783
1210;-0.00094607379375588607;1210;0;1210;348.06546;1210;0.0122074038;1210;53.5905037;1210;0.170903653;1210;152.299576
1220;-0.00094607379375588607;1220;0;1220;348.103943;1220;0.0122074038;1220;53.6637459;1220;0.183111057;1220;152.32399
1230;-0.00088503677480389342;1230;0;1230;348.142426;1230;0;1230;53.6271248;1230;0.207525864;1230;152.311783
1240;-0.00082399975585190077;1240;0;1240;348.142426;1240;0;1240;53.56609;1240;0.207525864;1240;152.32399
1250;-0.00088503677480389342;1250;0;1250;348.103943;1250;0;1250;53.5905037;1250;0.219733268;1250;152.360611
1260;-0.00076296273689990812;1260;0;1260;348.142426;1260;0;1260;53.73699;1260;0.231940672;1260;152.3362
1270;-0.00088503677480389342;1270;0;1270;348.142426;1270;0;1270;53.6637459;1270;0.207525864;1270;152.3484
1280;-0.00082399975585190077;1280;0;1280;348.142426;1280;0;1280;53.4806366;1280;0.219733268;1280;152.372818
1290;-0.00082399975585190077;1290;0;1290;348.180878;1290;0;1290;53.6759529;1290;0.219733268;1290;152.397232
1300;-0.00094607379375588607;1300;0;1300;348.180878;1300;0;1300;53.6637459;1300;0.219733268;1300;152.397232
1310;-0.00094607379375588607;1310;0;1310;348.180878;1310;0;1310;53.5172577;1310;0.207525864;1310;152.3484
1320;-0.00094607379375588607;1320;0;1320;348.180878;1320;0;1320;53.6271248;1320;0.207525864;1320;152.32399
1330;-0.00094607379375588607;1330;0;1330;348.142426;1330;0;1330;53.6637459;1330;0.183111057;1330;152.275162
1340;-0.0010071108127078787;1340;0;1340;348.142426;1340;0;1340;53.4928436;1340;0.170903653;1340;152.299576
1350;-0.00094607379375588607;1350;0;1350;348.180878;1350;0;1350;53.4806366;1350;0.183111057;1350;152.238525
1360;-0.0010071108127078787;1360;0;1360;348.103943;1360;0;1360;53.5905037;1360;0.183111057;1360;152.250748
1370;-0.00082399975585190077;1370;0;1370;348.103943;1370;0;1370;53.56609;1370;0.183111057;1370;152.360611
1380;-0.0010071108127078787;1380;0;1380;348.103943;1380;0;1380;53.5782967;1380;0.170903653;1380;152.397232
1390;-0.0010681478316598714;1390;0;1390;348.142426;1390;0;1390;53.5782967;1390;0.170903653;1390;152.409439
1400;-0.0010071108127078787;1400;0;1400;348.103943;1400;0;1400;53.56609;1400;0.183111057;1400;152.409439
1410;-0.00094607379375588607;1410;0;1410;348.103943;1410;0;1410;53.5905037;1410;0.207525864;1410;152.44606
1420;-0.00094607379375588607;1420;0;1420;348.142426;1420;0;1420;53.56609;1420;0.219733268;1420;152.3484
1430;-0.00082399975585190077;1430;0;1430;348.103943;1430;0.0122074038;1430;53.5294647;1430;0.207525864;1430;152.311783
1440;-0.00082399975585190077;1440;0;1440;348.180878;1440;0;1440;53.5905037;1440;0.207525864;1440;152.311783
1450;-0.0010681478316598714;1450;0;1450;348.142426;1450;0;1450;53.5782967;1450;0.183111057;1450;152.32399
1460;-0.00088503677480389342;1460;0;1460;348.180878;1460;0;1460;53.56609;1460;0.183111057;1460;152.433853
1470;-0.0010071108127078787;1470;0;1470;348.180878;1470;0;1470;53.6149178;1470;0.183111057;1470;152.3484
1480;-0.0010071108127078787;1480;0;1480;348.180878;1480;0.0122074038;1480;53.56609;1480;0.219733268;1480;152.372818
1490;-0.0010071108127078787;1490;0;1490;348.180878;1490;0.0244148076;1490;53.50505;1490;0.207525864;1490;152.372818
1500;-0.0010071108127078787;1500;0;1500;348.06546;1500;0;1500;53.6149178;1500;0.170903653;1500;152.409439
1510;-0.00094607379375588607;1510;0;1510;348.06546;1510;0;1510;53.65154;1510;0.183111057;1510;152.3484
1520;-0.0010071108127078787;1520;0;1520;348.103943;1520;0.0244148076;1520;53.6271248;1520;0.231940672;1520;152.3362
1530;-0.0010071108127078787;1530;0;1530;348.103943;1530;0.03662221;1530;53.5172577;1530;0.231940672;1530;152.433853
1540;-0.00094607379375588607;1540;0;1540;348.103943;1540;0;1540;53.4318047;1540;0.170903653;1540;152.421646
1550;-0.00076296273689990812;1550;0;1550;348.142426;1550;0;1550;53.4806366;1550;0.183111057;1550;152.360611
1560;-0.00088503677480389342;1560;0;1560;348.103943;1560;0.0122074038;1560;53.56609;1560;0.183111057;1560;152.3484
1570;-0.00076296273689990812;1570;0;1570;348.180878;1570;0;1570;53.5905037;1570;0.207525864;1570;152.409439
1580;-0.00094607379375588607;1580;0;1580;348.180878;1580;0;1580;53.5905037;1580;0.219733268;1580;152.360611
1590;-0.0010071108127078787;1590;0;1590;348.103943;1590;0.0122074038;1590;53.65154;1590;0.231940672;1590;152.372818
1600;-0.0010071108127078787;1600;0;1600;348.142426;1600;0;1600;53.60271;1600;0.244148076;1600;152.397232
1610;-0.0010071108127078787;1610;0;1610;348.142426;1610;0;1610;53.5905037;1610;0.244148076;1610;152.482681
1620;-0.00094607379375588607;1620;0;1620;348.06546;1620;0;1620;53.6759529;1620;0.183111057;1620;152.531509
1630;-0.0010681478316598714;1630;0;1630;348.06546;1630;0;1630;53.6637459;1630;0.170903653;1630;152.433853
1640;-0.0010071108127078787;1640;0;1640;348.180878;1640;0;1640;53.54167;1640;0.183111057;1640;152.458267
1650;-0.0010071108127078787;1650;0;1650;348.142426;1650;0.0244148076;1650;53.5172577;1650;0.183111057;1650;152.360611
1660;-0.00082399975585190077;1660;0;1660;348.142426;1660;0.0488296151;1660;53.60271;1660;0.207525864;1660;152.32399
1670;-0.0010071108127078787;1670;0;1670;348.142426;1670;0.0122074038;1670;53.6759529;1670;0.170903653;1670;152.360611
1680;-0.00088503677480389342;1680;0;1680;348.103943;1680;0;1680;53.6881638;1680;0.170903653;1680;152.433853
1690;-0.00088503677480389342;1690;0;1690;348.06546;1690;0.0122074038;1690;53.6637459;1690;0.170903653;1690;152.3362
1700;-0.0010071108127078787;1700;0;1700;348.142426;1700;0.0122074038;1700;53.6271248;1700;0.207525864;1700;152.372818
1710;-0.0010071108127078787;1710;0;1710;348.103943;1710;0.0122074038;1710;53.56609;1710;0.244148076;1710;152.3362
1720;-0.001129184850611864;1720;0;1720;348.103943;1720;0.0122074038;1720;53.60271;1720;0.219733268;1720;152.1897
1730;-0.0010071108127078787;1730;0;1730;348.142426;1730;0;1730;53.6271248;1730;0.219733268;1730;152.409439
1740;-0.00088503677480389342;1740;0;1740;348.06546;1740;0;1740;53.5294647;1740;0.183111057;1740;152.494888
1750;-0.00076296273689990812;1750;0;1750;348.06546;1750;0.0244148076;1750;53.5294647;1750;0.207525864;1750;152.421646
1760;-0.00094607379375588607;1760;0;1760;348.06546;1760;0.03662221;1760;53.6149178;1760;0.219733268;1760;152.360611
1770;-0.00088503677480389342;1770;0;1770;348.103943;1770;0;1770;53.6637459;1770;0.231940672;1770;152.3362
1780;-0.0010071108127078787;1780;0;1780;348.142426;1780;0;1780;53.6271248;1780;0.231940672;1780;152.299576
1790;-0.00088503677480389342;1790;0;1790;348.103943;1790;0;1790;53.6271248;1790;0.219733268;1790;152.372818
1800;-0.00082399975585190077;1800;0;1800;348.103943;1800;0;1800;53.6759529;1800;0.207525864;1800;152.360611
1810;-0.00088503677480389342;1810;0;1810;348.06546;1810;0;1810;53.6271248;1810;0.170903653;1810;152.3484
1820;-0.00088503677480389342;1820;0;1820;348.103943;1820;0;1820;53.60271;1820;0.170903653;1820;152.44606
1830;-0.00094607379375588607;1830;0;1830;348.142426;1830;0;1830;53.6271248;1830;0.183111057;1830;152.360611
1840;-0.00082399975585190077;1840;0;1840;348.180878;1840;0.0122074038;1840;53.5782967;1840;0.207525864;1840;152.3484
1850;-0.00088503677480389342;1850;0;1850;348.103943;1850;0.0244148076;1850;53.54167;1850;0.207525864;1850;152.433853
1860;-0.00082399975585190077;1860;0;1860;348.103943;1860;0;1860;53.5905037;1860;0.207525864;1860;152.421646
1870;-0.00094607379375588607;1870;0;1870;348.142426;1870;0;1870;53.73699;1870;0.183111057;1870;152.238525
1880;-0.00088503677480389342;1880;0;1880;348.142426;1880;0;1880;53.7492;1880;0.207525864;1880;152.116455
1890;-0.00094607379375588607;1890;0;1890;348.142426;1890;0;1890;53.56609;1890;0.219733268;1890;152.214111
1900;-0.0010071108127078787;1900;0;1900;348.142426;1900;0;1900;53.5172577;1900;0.183111057;1900;152.397232
1910;-0.00082399975585190077;1910;0;1910;348.142426;1910;0;1910;53.5294647;1910;0.158696249;1910;152.3362
1920;-0.00082399975585190077;1920;0;1920;348.103943;1920;0;1920;53.5294647;1920;0.158696249;1920;152.262955
1930;-0.00094607379375588607;1930;0;1930;348.142426;1930;0.0122074038;1930;53.50505;1930;0.207525864;1930;152.360611
1940;-0.001129184850611864;1940;0;1940;348.06546;1940;0;1940;53.6637459;1940;0.219733268;1940;152.311783
1950;-0.0010071108127078787;1950;0;1950;348.06546;1950;0;1950;53.798027;1950;0.207525864;1950;152.3484
1960;-0.0010071108127078787;1960;0;1960;348.103943;1960;0.0122074038;1960;53.6271248;1960;0.207525864;1960;152.433853
1970;-0.00094607379375588607;1970;0;1970;348.142426;1970;0;1970;53.6637459;1970;0.207525864;1970;152.421646
1980;-0.001129184850611864;1980;0;1980;348.180878;1980;0;1980;53.7614059;1980;0.183111057;1980;152.3484
1990;-0.0010681478316598714;1990;0;1990;348.180878;1990;0;1990;53.6149178;1990;0.170903653;1990;152.275162
2000;-0.0010071108127078787;2000;0;2000;348.142426;2000;0;2000;53.5905037;2000;0.207525864;2000;152.32399
2010;-0.001129184850611864;2010;0;2010;348.142426;2010;0;2010;53.6149178;2010;0.183111057;2010;152.44606
2020;-0.0010681478316598714;2020;0;2020;348.142426;2020;0;2020;53.5782967;2020;0.170903653;2020;152.3362
2030;-0.00094607379375588607;2030;0;2030;348.103943;2030;0.0244148076;2030;53.56609;2030;0.170903653;2030;152.262955
2040;-0.00082399975585190077;2040;0;2040;348.142426;2040;0.03662221;2040;53.6271248;2040;0.183111057;2040;152.421646
2050;-0.0010071108127078787;2050;0;2050;348.103943;2050;0.03662221;2050;53.60271;2050;0.207525864;2050;152.397232
2060;-0.00088503677480389342;2060;0;2060;348.103943;2060;0.0244148076;2060;53.5782967;2060;0.170903653;2060;152.409439
2070;-0.00094607379375588607;2070;0;2070;348.103943;2070;0;2070;53.6271248;2070;0.158696249;2070;152.409439
2080;-0.00094607379375588607;2080;0;2080;348.103943;2080;0;2080;53.6149178;2080;0.170903653;2080;152.372818
2090;-0.0010681478316598714;2090;0;2090;348.103943;2090;0.0122074038;2090;53.5905037;2090;0.170903653;2090;152.409439
2100;-0.001129184850611864;2100;0;2100;348.103943;2100;0.0122074038;2100;53.60271;2100;0.183111057;2100;152.433853
2110;-0.0010071108127078787;2110;0;2110;348.142426;2110;0;2110;53.6271248;2110;0.219733268;2110;152.372818
2120;-0.00088503677480389342;2120;0;2120;348.103943;2120;0;2120;53.5905037;2120;0.207525864;2120;152.311783
2130;-0.00082399975585190077;2130;0;2130;348.142426;2130;0;2130;53.6271248;2130;0.219733268;2130;152.44606
2140;-0.0010681478316598714;2140;0;2140;348.142426;2140;0;2140;53.6271248;2140;0.231940672;2140;152.494888
2150;-0.0010071108127078787;2150;0;2150;348.103943;2150;0;2150;53.5294647;2150;0.219733268;2150;152.360611
2160;-0.0010071108127078787;2160;0;2160;348.06546;2160;0;2160;53.4562225;2160;0.183111057;2160;152.3484
2170;-0.00088503677480389342;2170;0;2170;348.06546;2170;0;2170;53.5294647;2170;0.207525864;2170;152.44606
2180;-0.0010681478316598714;2180;0;2180;348.103943;2180;0.0122074038;2180;53.5294647;2180;0.207525864;2180;152.421646
2190;-0.0010071108127078787;2190;0;2190;348.103943;2190;0.0244148076;2190;53.5782967;2190;0.183111057;2190;152.397232
2200;-0.0010681478316598714;2200;0;2200;348.06546;2200;0;2200;53.6759529;2200;0.170903653;2200;152.397232
2210;-0.001129184850611864;2210;0;2210;348.103943;2210;0;2210;53.56609;2210;0.183111057;2210;152.3362
2220;-0.00094607379375588607;2220;0;2220;348.142426;2220;0.03662221;2220;53.60271;2220;0.207525864;2220;152.299576
2230;-0.00088503677480389342;2230;0;2230;348.142426;2230;0.0122074038;2230;53.6149178;2230;0.207525864;2230;152.299576
2240;-0.00094607379375588607;2240;0;2240;348.103943;2240;0;2240;53.5294647;2240;0.207525864;2240;152.3362
2250;-0.0010071108127078787;2250;0;2250;348.103943;2250;0;2250;53.5782967;2250;0.158696249;2250;152.360611
2260;-0.00088503677480389342;2260;0;2260;348.180878;2260;0;2260;53.6637459;2260;0.170903653;2260;152.3484
2270;-0.0010071108127078787;2270;0;2270;348.103943;2270;0;2270;53.60271;2270;0.207525864;2270;152.214111
2280;-0.00082399975585190077;2280;0;2280;348.06546;2280;0;2280;53.6637459;2280;0.219733268;2280;152.250748
2290;-0.00094607379375588607;2290;0;2290;348.103943;2290;0.0122074038;2290;53.6881638;2290;0.207525864;2290;152.311783
2300;-0.0010071108127078787;2300;0;2300;348.142426;2300;0;2300;53.60271;2300;0.207525864;2300;152.275162
2310;-0.00094607379375588607;2310;0;2310;348.103943;2310;0;2310;53.6271248;2310;0.207525864;2310;152.409439
2320;-0.00094607379375588607;2320;0;2320;348.103943;2320;0;2320;53.6271248;2320;0.207525864;2320;152.409439
2330;-0.00088503677480389342;2330;0;2330;348.142426;2330;0;2330;53.6637459;2330;0.219733268;2330;152.32399
2340;-0.0010681478316598714;2340;0;2340;348.142426;2340;0;2340;53.65154;2340;0.170903653;2340;152.3484
2350;-0.0010071108127078787;2350;0;2350;348.142426;2350;0;2350;53.6881638;2350;0.170903653;2350;152.397232
2360;-0.0010681478316598714;2360;0;2360;348.06546;2360;0;2360;53.6149178;2360;0.183111057;2360;152.262955
2370;-0.00088503677480389342;2370;0;2370;348.103943;2370;0;2370;53.5782967;2370;0.207525864;2370;152.262955
2380;-0.0010681478316598714;2380;0;2380;348.142426;2380;0;2380;53.5905037;2380;0.183111057;2380;152.360611
2390;-0.0012512588885158493;2390;0;2390;348.142426;2390;0;2390;53.60271;2390;0.170903653;2390;152.421646
2400;-0.0010071108127078787;2400;0;2400;348.103943;2400;0.0122074038;2400;53.7125778;2400;0.183111057;2400;152.3362
2410;-0.00094607379375588607;2410;0;2410;348.142426;2410;0;2410;53.6637459;2410;0.183111057;2410;152.421646
2420;-0.0010681478316598714;2420;0;2420;348.180878;2420;0;2420;53.5782967;2420;0.170903653;2420;152.543716
2430;-0.0012512588885158493;2430;0;2430;348.142426;2430;0.03662221;2430;53.5782967;2430;0.170903653;2430;152.433853
2440;-0.0010681478316598714;2440;0;2440;348.180878;2440;0.0488296151;2440;53.65154;2440;0.183111057;2440;152.409439
2450;-0.0010681478316598714;2450;0;2450;348.142426;2450;0;2450;53.65154;2450;0.207525864;2450;152.482681
2460;-0.00088503677480389342;2460;0;2460;348.103943;2460;0;2460;53.6637459;2460;0.207525864;2460;152.555923
2470;-0.001129184850611864;2470;0;2470;348.103943;2470;0;2470;53.6271248;2470;0.170903653;2470;152.44606
2480;-0.0010681478316598714;2480;0;2480;348.103943;2480;0.0122074038;2480;53.56609;2480;0.170903653;2480;152.397232
2490;-0.0010681478316598714;2490;0;2490;348.103943;2490;0.0244148076;2490;53.5782967;2490;0.219733268;2490;152.372818
2500;-0.0010681478316598714;2500;0;2500;348.06546;2500;0;2500;53.5905037;2500;0.231940672;2500;152.32399
2510;-0.001129184850611864;2510;0;2510;348.06546;2510;0;2510;53.6637459;2510;0.231940672;2510;152.32399
2520;-0.001129184850611864;2520;0;2520;347.988525;2520;0;2520;53.7492;2520;0.219733268;2520;152.397232
2530;-0.0010681478316598714;2530;0;2530;348.103943;2530;0;2530;53.6759529;2530;0.219733268;2530;152.3484
2540;-0.0010681478316598714;2540;0;2540;348.103943;2540;0;2540;53.54167;2540;0.183111057;2540;152.299576
2550;-0.00094607379375588607;2550;0;2550;348.103943;2550;0;2550;53.56609;2550;0.170903653;2550;152.311783
2560;-0.0010681478316598714;2560;0;2560;348.06546;2560;0;2560;53.5905037;2560;0.170903653;2560;152.299576
2570;-0.0010071108127078787;2570;0;2570;348.142426;2570;0;2570;53.5905037;2570;0.170903653;2570;152.397232
2580;-0.0010681478316598714;2580;0;2580;348.21936;2580;0.0122074038;2580;53.6637459;2580;0.207525864;2580;152.372818
2590;-0.00088503677480389342;2590;0;2590;348.180878;2590;0;2590;53.5905037;2590;0.183111057;2590;152.3362
2600;-0.0010681478316598714;2600;0;2600;348.142426;2600;0;2600;53.6149178;2600;0.170903653;2600;152.311783
2610;-0.001129184850611864;2610;0;2610;348.142426;2610;0;2610;53.7614059;2610;0.170903653;2610;152.250748
2620;-0.00094607379375588607;2620;0;2620;348.06546;2620;0;2620;53.7125778;2620;0.207525864;2620;152.226318
2630;-0.0010071108127078787;2630;0;2630;348.06546;2630;0;2630;53.5782967;2630;0.207525864;2630;152.3362
2640;-0.00094607379375588607;2640;0;2640;348.142426;2640;0;2640;53.5172577;2640;0.183111057;2640;152.482681
2650;-0.00088503677480389342;2650;0;2650;348.142426;2650;0;2650;53.54167;2650;0.183111057;2650;152.3484
2660;-0.00076296273689990812;2660;0;2660;348.142426;2660;0.0122074038;2660;53.60271;2660;0.207525864;2660;152.409439
2670;-0.0010071108127078787;2670;0;2670;348.142426;2670;0.0122074038;2670;53.5294647;2670;0.183111057;2670;152.5193
2680;-0.00088503677480389342;2680;0;2680;348.180878;2680;0.0122074038;2680;53.5172577;2680;0.183111057;2680;152.494888
2690;-0.0010681478316598714;2690;0;2690;348.142426;2690;0;2690;53.6881638;2690;0.183111057;2690;152.44606
2700;-0.0012512588885158493;2700;0;2700;348.06546;2700;0;2700;53.6759529;2700;0.158696249;2700;152.409439
2710;-0.0010071108127078787;2710;0;2710;348.103943;2710;0;2710;53.60271;2710;0.146488845;2710;152.433853
2720;-0.00094607379375588607;2720;0;2720;348.142426;2720;0;2720;53.6759529;2720;0.158696249;2720;152.372818
2730;-0.00094607379375588607;2730;0;2730;348.180878;2730;0.0244148076;2730;53.6271248;2730;0.183111057;2730;152.275162
2740;-0.001129184850611864;2740;0;2740;348.180878;2740;0.0244148076;2740;53.6637459;2740;0.183111057;2740;152.3362
2750;-0.001129184850611864;2750;0;2750;348.142426;2750;0.03662221;2750;53.65154;2750;0.183111057;2750;152.397232
2760;-0.001129184850611864;2760;0;2760;348.142426;2760;0.0122074038;2760;53.5905037;2760;0.170903653;2760;152.397232
2770;-0.0010071108127078787;2770;0;2770;348.103943;2770;0.0244148076;2770;53.5905037;2770;0.207525864;2770;152.397232
2780;-0.0010681478316598714;2780;0;2780;348.142426;2780;0.03662221;2780;53.54167;2780;0.244148076;2780;152.421646
2790;-0.0010071108127078787;2790;0;2790;348.142426;2790;0.0122074038;2790;53.54167;2790;0.231940672;2790;152.421646
2800;-0.0010681478316598714;2800;0;2800;348.103943;2800;0;2800;53.65154;2800;0.207525864;2800;152.397232
2810;-0.00094607379375588607;2810;0.036760705902863677;2810;348.06546;2810;0;2810;53.6637459;2810;0.170903653;2810;152.3362
2820;-0.0010071108127078787;2820;0.036043806681636426;2820;348.103943;2820;0;2820;53.6149178;2820;0.207525864;2820;152.262955
2830;-0.001129184850611864;2830;0.036798210091040895;2830;348.06546;2830;0;2830;53.5905037;2830;0.207525864;2830;152.397232
2840;-0.00088503677480389342;2840;0.036831025850843357;2840;348.06546;2840;0.0122074038;2840;53.6149178;2840;0.183111057;2840;152.372818
2850;-0.00088503677480389342;2850;0.038335143686058226;2850;347.988525;2850;0.03662221;2850;53.6149178;2850;0.170903653;2850;152.275162
2860;-0.00088503677480389342;2860;0.036193819732856125;2860;348.103943;2860;0.0244148076;2860;53.65154;2860;0.170903653;2860;152.421646
2870;-0.001129184850611864;2870;0.035523796929718132;2870;348.142426;2870;0;2870;53.65154;2870;0.183111057;2870;152.494888
2880;-0.0012512588885158493;2880;0.037056038024819549;2880;348.06546;2880;0;2880;53.5905037;2880;0.219733268;2880;152.409439
2890;-0.001129184850611864;2890;0.037135725576028844;2890;348.06546;2890;0;2890;53.4928436;2890;0.231940672;2890;152.250748
2900;-0.00088503677480389342;2900;0.036493822146493216;2900;348.103943;2900;0;2900;53.56609;2900;0.183111057;2900;152.226318
2910;-0.0012512588885158493;2910;0.037323216906119561;2910;348.06546;2910;0;2910;53.6637459;2910;0.183111057;2910;152.360611
2920;-0.0012512588885158493;2920;0.039623908883431758;2920;347.950043;2920;0;2920;53.6149178;2920;0.207525864;2920;152.44606
2930;-0.001129184850611864;2930;0.039010116916679549;2930;347.988525;2930;0;2930;53.6637459;2930;0.219733268;2930;152.44606
2940;-0.001129184850611864;2940;0.036943766548691526;2940;348.103943;2940;0;2940;53.7492;2940;0.170903653;2940;152.421646
2950;-0.00088503677480389342;2950;0.036348709929096057;2950;348.142426;2950;0;2950;53.7614059;2950;0.170903653;2950;152.372818
2960;-0.0010681478316598714;2960;0.037955909066181737;2960;348.06546;2960;0;2960;53.6759529;2960;0.183111057;2960;152.433853
2970;-0.00094607379375588607;2970;0.038110545778010485;2970;348.06546;2970;0;2970;53.6149178;2970;0.207525864;2970;152.458267
2980;-0.001129184850611864;2980;0.037543581888013655;2980;348.103943;2980;0;2980;53.6759529;2980;0.219733268;2980;152.458267
2990;-0.0010071108127078787;2990;0.037716942476842985;2990;348.103943;2990;0;2990;53.7614059;2990;0.219733268;2990;152.458267
3000;-0.001129184850611864;3000;0.038630625833499521;3000;348.06546;3000;0;3000;53.73699;3000;0.207525864;3000;152.421646
3010;-0.0010681478316598714;3010;0.29234187463252148;3010;348.103943;3010;0;3010;53.6759529;3010;0.183111057;3010;152.299576
3020;-0.0010681478316598714;3020;0.293441429721284;3020;348.103943;3020;0.0122074038;3020;53.6881638;3020;0.207525864;3020;152.250748
3030;-0.0013733329264198346;3030;0.29526398210197818;3030;348.06546;3030;0;3030;53.65154;3030;0.183111057;3030;152.372818
3040;-0.001129184850611864;3040;0.29563642331296769;3040;348.103943;3040;0;3040;53.70037;3040;0.170903653;3040;152.397232
3050;-0.0012512588885158493;3050;0.2967533932332333;3050;348.103943;3050;0;3050;53.73699;3050;0.170903653;3050;152.299576
3060;-0.0010071108127078787;3060;0.29859850580822017;3060;348.06546;3060;0;3060;53.6637459;3060;0.207525864;3060;152.311783
3070;-0.0010071108127078787;3070;0.30118415540495075;3070;347.988525;3070;0;3070;53.65154;3070;0.207525864;3070;152.262955
3080;-0.00088503677480389342;3080;0.30084042633380115;3080;348.06546;3080;0;3080;53.6637459;3080;0.170903653;3080;152.3484
3090;-0.00076296273689990812;3090;0.30122219570711839;3090;348.103943;3090;0;3090;53.6881638;3090;0.146488845;3090;152.555923
3100;-0.00051881466109193752;3100;0.30309771689230386;3100;348.06546;3100;0.0122074038;3100;53.6637459;3100;0.146488845;3100;152.44606
3110;-0.00057985168004393017;3110;0.30351267433918455;3110;348.103943;3110;0;3110;53.7492;3110;0.170903653;3110;152.360611
3120;-0.00039674062318795222;3120;0.30464871489109852;3120;348.103943;3120;0;3120;53.8224449;3120;0.207525864;3120;152.458267
3130;-0.00027466658528396692;3130;0.30580053495908888;3130;348.103943;3130;0;3130;53.70037;3130;0.231940672;3130;152.433853
3140;0.00021362956633197427;3140;0.30696442982598626;3140;348.103943;3140;0;3140;53.6637459;3140;0.207525864;3140;152.3362
3150;0.0018005920590837832;3150;0.30813035025209073;3150;348.103943;3150;0;3150;53.56609;3150;0.207525864;3150;152.275162
3160;0.0030213324381236362;3160;0.30855625572792522;3160;348.142426;3160;0;3160;53.54167;3160;0.170903653;3160;152.360611
3170;0.0030823694570756288;3170;0.30899184055829931;3170;348.180878;3170;0.0122074038;3170;53.6149178;3170;0.170903653;3170;152.409439
3180;0.003753776665547548;3180;0.31163663516384987;3180;348.103943;3180;0.0122074038;3180;53.5782967;3180;0.183111057;3180;152.3362
3190;0.00454725791192363;3190;0.31500761779526526;3190;347.988525;3190;0.0122074038;3190;53.60271;3190;0.207525864;3190;152.360611
3200;0.0046082949308756229;3200;0.31399791607954092;3200;348.103943;3200;0;3200;53.5905037;3200;0.219733268;3200;152.372818
3210;0.0050965910824915641;3210;0.31519157526666158;3210;348.103943;3210;0;3210;53.54167;3210;0.219733268;3210;152.3484
3220;0.0076601458784752554;3220;0.31640014282838652;3220;348.103943;3220;0;3220;53.56609;3220;0.219733268;3220;152.238525
3230;0.0096743675038910119;3230;0.31760470540653296;3230;348.103943;3230;0.0122074038;3230;53.60271;3230;0.207525864;3230;152.226318
3240;0.011444441053498799;3240;0.31733855344051992;3240;348.180878;3240;0.0122074038;3240;53.65154;3240;0.231940672;3240;152.32399
3250;0.015594958342234478;3250;0.31855076652238351;3250;348.180878;3250;0;3250;53.65154;3250;0.219733268;3250;152.311783
3260;0.025177770317697679;3260;0.31977858014580085;3260;348.180878;3260;0.0122074038;3260;53.6881638;3260;0.183111057;3260;152.238525
3270;0.03677480391857664;3270;0.32101060246947127;3270;348.180878;3270;0.0244148076;3270;53.6637459;3270;0.183111057;3270;152.17749
3280;0.050447096163823348;3280;0.3222315810168177;3280;348.180878;3280;0.0244148076;3280;53.65154;3280;0.219733268;3280;152.238525
3290;0.068819238868373669;3290;0.32421490095789135;3290;348.142426;3290;0.0244148076;3290;53.7492;3290;0.219733268;3290;152.092041
3300;0.086947233497116014;3300;0.32618225342722779;3300;348.103943;3300;0.03662221;3300;53.5905037;3300;0.207525864;3300;152.128662
3310;0.10080263679921871;3310;0.32596363348168367;3310;348.180878;3310;0.03662221;3310;53.5294647;3310;0.231940672;3310;152.140869
3320;0.11648915066988134;3320;0.32721879914968693;3320;348.180878;3320;0.0244148076;3320;53.5782967;3320;0.231940672;3320;152.092041
3330;0.13327433088167967;3330;0.32846316827255928;3330;348.180878;3330;0.0122074038;3330;53.50505;3330;0.244148076;3330;152.165283
3340;0.14481032746360684;3340;0.32898838118367224;3340;348.21936;3340;0;3340;53.60271;3340;0.244148076;3340;152.1897
3350;0.15677358317819756;3350;0.33024823579573775;3350;348.21936;3350;0.0122074038;3350;53.6637459;3350;0.231940672;3350;152.250748
3360;0.16745506149479644;3360;0.33227000790856948;3360;348.180878;3360;0.03662221;3360;53.6881638;3360;0.231940672;3360;152.140869
3370;0.17795342875453973;3370;0.332813389490696;3370;348.21936;3370;0.0488296151;3370;53.7125778;3370;0.219733268;3370;152.17749
3380;0.18802453688161869;3380;0.33411425514758541;3380;348.21936;3380;0.0488296151;3380;53.6637459;3380;0.183111057;3380;152.05542
3390;0.19766838587603369;3390;0.33540159138172815;3390;348.21936;3390;0.03662221;3390;53.6271248;3390;0.207525864;3390;152.05542
3400;0.20664082766197681;3400;0.33670887707011249;3400;348.21936;3400;0.0244148076;3400;53.6637459;3400;0.231940672;3400;151.957764
3410;0.21506393627735232;3410;0.33874575373147375;3410;348.180878;3410;0.07324442;3410;53.65154;3410;0.231940672;3410;151.969971
3420;0.22360911893063146;3420;0.34014069668797103;3420;348.180878;3420;0.476088762;3420;53.5782967;3420;0.244148076;3420;151.786865
3430;0.23105563524277492;3430;0.34166499516744342;3430;348.180878;3430;1.63579214;3430;53.5782967;3430;0.2807703;3430;151.57933
3440;0.23844111453596623;3440;0.34260624638239295;3440;348.21936;3440;3.63780642;3440;53.65154;3440;0.268562883;3440;151.371811
3450;0.24405652027954955;3450;0.34513370407090455;3450;348.180878;3450;6.15253162;3450;53.6271248;3450;0.207525864;3450;151.054413
3460;0.25028229621265297;3460;0.34493136063900692;3460;348.2963;3460;9.75371552;3460;53.5782967;3460;0.219733268;3460;150.8713
3470;0.25656910916470838;3470;0.34816076615667108;3470;348.257843;3470;15.5766468;3470;53.6271248;3470;0.219733268;3470;150.407425
3480;0.26139103366191579;3480;0.35258478633136336;3480;348.180878;3480;23.194067;3480;53.6881638;3480;0.207525864;3480;149.980164
3490;0.26560258796960345;3490;0.35574184634913908;3490;348.180878;3490;30.8114872;3490;53.65154;3490;0.183111057;3490;149.491867
3500;0.26999725333414731;3500;0.35852770949636786;3500;348.21936;3500;39.1979752;3500;53.73699;3500;0.207525864;3500;149.186676
3510;0.27500228888821071;3510;0.36251641108280175;3510;348.21936;3510;48.255867;3510;53.6637459;3510;0.231940672;3510;148.8937
3520;0.27988525040437029;3520;0.36654249150248475;3520;348.180878;3520;54.1520424;3520;53.98114;3520;0.268562883;3520;148.783844
3530;0.28525650807214581;3530;0.36879439148353854;3530;348.180878;3530;56.20289;3530;55.0798073;3530;0.268562883;3530;148.49086
3540;0.28983428449354526;3540;0.3707604385458374;3540;348.180878;3540;57.3503838;3540;56.3249626;3540;0.244148076;3540;148.258926
3550;0.29477828302865705;3550;0.37125261880170929;3550;348.257843;3550;58.6199532;3550;57.5579071;3550;0.3051851;3550;148.2467
3560;0.29972228156376846;3560;0.37307014812429695;3560;348.257843;3560;59.2669449;3560;58.30256;3560;0.5249184;3560;148.051392
3570;0.304727317117832;3570;0.37406368586002814;3570;348.2963;3570;59.86511;3570;58.82748;3570;0.9277627;3570;148.10022
3580;0.30924405652027964;3580;0.37446678691055074;3580;348.37326;3580;60.8294945;3580;59.4988861;3580;1.24515522;3580;148.161255
3590;0.31308938871425518;3590;0.377693108145308;3590;348.2963;3590;61.7206345;3590;60.3900261;3590;1.51371813;3590;148.454239
3600;0.31705679494613487;3600;0.38032089019897658;3600;348.257843;3600;62.5995674;3600;61.342205;3600;1.843318;3600;148.417618
3610;0.32004760887478251;3610;0.38282007612277252;3610;348.21936;3610;63.2221451;3610;62.0380249;3610;2.148503;3610;148.49086
3620;0.32358775597399808;3620;0.38305385539987014;3620;348.2963;3620;63.7836838;3620;62.5995674;3620;2.41706586;3620;148.710587
3630;0.3265175328836939;3630;0.38330507474388986;3630;348.37326;3630;64.4917145;3630;63.039032;3630;2.64900661;3630;149.0524
3640;0.32969145786919751;3640;0.38500129445036368;3640;348.37326;3640;65.01663;3640;63.52733;3640;2.929777;3640;149.272141
3650;0.33268227179784554;3650;0.3866897748139479;3650;348.37326;3650;65.2974;3650;63.9667969;3650;3.13730288;3650;149.284348
3660;0.3355510116885892;3660;0.38754275127448978;3660;348.4117;3660;65.62701;3660;64.23536;3660;3.24716949;3660;149.613937
3670;0.33811456648457289;3670;0.38772588448357564;3670;348.488647;3670;65.91998;3670;64.50392;3670;3.33262134;3670;149.772644
3680;0.3402508621478928;3680;0.38851226700059177;3680;348.52713;3680;66.04205;3680;64.7969;3680;3.540147;3680;150.07782
3690;0.34299752800073247;3690;0.39019392497965438;3690;348.52713;3690;66.16413;3690;64.83352;3690;3.784295;3690;150.004578
3700;0.34470656453138826;3700;0.38881216739379448;3700;348.68103;3700;66.09088;3700;64.7724838;3700;4.00402832;3700;150.07782
3710;0.346781823175756;3710;0.38887067165396549;3710;348.757965;3710;65.91998;3710;64.66262;3710;4.199347;3710;150.114441
3720;0.34861293374431596;3720;0.38965395727807672;3720;348.796448;3720;65.7124557;3720;64.3330154;3720;4.41908026;3720;150.138855
3730;0.35068819238868371;3730;0.39037332881662778;3730;348.8349;3730;65.35844;3730;64.06445;3730;4.6388135;3730;150.175476
3740;0.35209204382457954;3740;0.39112301640621022;3740;348.873383;3740;64.967804;3740;63.7348557;3740;4.846339;3740;150.114441
3750;0.35361796929837935;3750;0.38963677733685648;3750;349.027252;3750;64.6137848;3750;63.2953873;3750;5.017243;3750;150.19989
3760;0.35532700582903515;3760;0.38966915005639879;3760;349.104218;3760;64.22315;3760;62.86813;3760;5.02945042;3760;150.126648
3770;0.3564867091891234;3770;0.39044733139281856;3770;349.14267;3770;63.930172;3770;62.4164543;3770;5.09048748;3770;150.126648
3780;0.35776848658711524;3780;0.39054115284555724;3780;349.219635;3780;63.6005745;3780;61.9891968;3780;5.18814659;3780;149.992371
3790;0.35868404187139513;3790;0.3891036715087593;3790;349.3735;3790;63.124485;3790;61.6595955;3790;5.18814659;3790;149.8825
3800;0.36014893032624296;3800;0.38919602903885686;3800;349.45047;3800;62.6972275;3800;61.36662;3800;5.15152454;3800;149.674973
3810;0.36075930051576288;3810;0.38705242662833234;3810;349.642822;3810;62.42866;3810;60.98819;3810;5.02945042;3810;149.736008
3820;0.36210211493270672;3820;0.38649761162352853;3820;349.75824;3820;62.1723061;3820;60.65859;3820;4.99282837;3820;149.528488
3830;0.36265144810327465;3830;0.38811425723055304;3830;349.75824;3830;61.9037437;3830;60.41444;3830;5.15152454;3830;149.3698
3840;0.36320078127384259;3840;0.38900506184756733;3840;349.7967;3840;61.7206345;3840;60.1580849;3840;5.175939;3840;149.296555
3850;0.3636890774254587;3850;0.38988483612826819;3850;349.835175;3850;61.3910332;3850;59.9139366;3850;5.02945042;3850;149.113434
3860;0.36417737357707464;3860;0.38853351487492904;3860;349.989075;3860;61.2079239;3860;59.80407;3860;4.93179131;3860;149.174469
3870;0.36509292886135453;3870;0.3888282237147313;3870;350.066;3870;61.2079239;3870;59.71862;3870;4.90737629;3870;149.015778
3880;0.36545915097506648;3880;0.38976736356977465;3880;350.104462;3880;61.1468849;3880;59.65758;3880;4.79750967;3880;149.003571
3890;0.36643574327829836;3890;0.38932169261135507;3890;350.219879;3890;61.1590919;3890;59.7308273;3890;4.712058;3890;148.905914
3900;0.36643574327829836;3900;0.38960227775534856;3900;350.296844;3900;61.30558;3900;59.7918625;3900;4.69985056;3900;148.966949
3910;0.36692403942991431;3910;0.38928700377037251;3910;350.412262;3910;61.5131073;3910;59.96277;3910;4.57777643;3910;148.808258
3920;0.36722922452467427;3920;0.38813605035633558;3920;350.566132;3920;61.6595955;3920;60.1825;3920;4.48011732;3920;148.832672
3930;0.36796166875209818;3930;0.3883909893377927;3930;350.643066;3930;61.78167;3930;60.3900261;3930;4.41908026;3930;148.966949
3940;0.36802270577105017;3940;0.38951438074401368;3940;350.681549;3940;62.0502319;3940;60.5975533;3940;4.321421;3940;148.966949
3950;0.36814477980895416;3950;0.38773904367562556;3950;350.8739;3950;62.4408722;3950;60.9149437;3950;4.235969;3950;149.0524
3960;0.36851100192266611;3960;0.38894253424421832;3960;350.912384;3960;62.7826767;3960;61.26896;3960;4.24817657;3960;148.991364
3970;0.36857203894161811;3970;0.39070876257839987;3970;350.912384;3970;63.0756569;3970;61.4520721;3970;4.24817657;3970;149.247711
3980;0.369487594225898;3980;0.39034760055490481;3980;351.0278;3980;63.2709732;3980;61.73284;3980;4.24817657;3980;149.284348
3990;0.36881618701742608;3990;0.38989178091105064;3990;351.143219;3990;63.51512;3990;62.06244;3990;4.297006;3990;149.577316
4000;0.36893826105533006;4000;0.39099969907716731;4000;351.181671;4000;63.82031;4000;62.2821732;4000;4.34583569;4000;149.736008
4010;0.369304483169042;4010;0.3929000520748997;4010;351.181671;4010;64.1377;4010;62.5141144;4010;4.443495;4010;149.797058
4020;0.37015900143436992;4020;0.39327292817204457;4020;351.258636;4020;64.34522;4020;62.6606026;4020;4.55336142;4020;149.894714
4030;0.36973174230170597;4030;0.39497328496328832;4030;351.258636;4030;64.25977;4030;62.7460556;4030;4.61439848;4030;149.980164
4040;0.36973174230170597;4040;0.393091841595833;4040;351.451;4040;64.41847;4040;62.8437157;4040;4.712058;4040;150.175476
4050;0.37003692739646593;4050;0.39275246006118253;4050;351.5664;4050;64.6137848;4050;63.0146179;4050;4.82192469;4050;150.260941
4060;0.37046418652912988;4060;0.39448207160611087;4060;351.5664;4060;64.58937;4060;63.05124;4060;4.85854673;4060;150.383011
4070;0.37162388988921791;4070;0.39488006213142557;4070;351.643341;4070;64.50392;4070;62.9779968;4070;4.85854673;4070;150.19989
4080;0.37107455671864981;4080;0.39447840467252965;4080;351.758759;4080;64.43068;4080;62.9535828;4080;5.02945042;4080;150.175476
4090;0.37070833460493785;4090;0.394107892971064;4090;351.874176;4090;64.39406;4090;62.7948837;4090;5.24918365;4090;150.138855
4100;0.37095248268074582;4100;0.39506003299633019;4100;351.912659;4100;64.3330154;4100;62.6606026;4100;5.322428;4100;150.3586
4110;0.37211218604083385;4110;0.39604284183210192;4110;351.9511;4110;64.18653;4110;62.53853;4110;5.33463526;4110;150.444046
4120;0.37211218604083385;4120;0.39407565377824672;4120;352.1435;4120;63.930172;4120;62.3310051;4120;5.4811244;4120;150.480667
4130;0.37229529709768983;4130;0.393594805449429;4130;352.258881;4130;63.7348557;4130;62.07465;4130;5.54216146;4130;150.5417
4140;0.37192907498397787;4140;0.395331327842812;4140;352.258881;4140;63.44188;4140;61.8305;4140;5.42008734;4140;150.46846
4150;0.37192907498397787;4150;0.39481713321067352;4150;352.3743;4150;63.136692;4150;61.5253143;4150;5.432295;4150;150.505081
4160;0.37308877834406573;4160;0.39369157597876453;4160;352.5282;4160;62.9291649;4160;61.31779;4160;5.39567232;4160;150.419632
4170;0.37266151921140178;4170;0.3924954867015728;4170;352.6821;4170;62.72164;4170;61.183506;4170;5.39567232;4170;150.480667
4180;0.37229529709768983;4180;0.39429242251070984;4180;352.6821;4180;62.5019073;4180;61.0003967;4180;5.40788;4180;150.407425
4190;0.37174596392712189;4190;0.39453118703845852;4190;352.759033;4190;62.233345;4190;60.7684555;4190;5.444502;4190;150.480667
4200;0.37192907498397787;4200;0.39487746501686877;4200;352.835968;4200;61.9891968;4200;60.54872;4200;5.40788;4200;150.383011
4210;0.37217322305978584;4210;0.39453695511895243;4210;352.9514;4210;61.8549156;4210;60.438858;4210;5.40788;4210;150.321976
4220;0.37302774132511374;4220;0.39500417881272726;4220;353.02832;4220;61.8060837;4220;60.32899;4220;5.432295;4220;150.2121
4230;0.37174596392712189;4230;0.39609268537441661;4230;353.0668;4230;61.6718025;4230;60.17029;4230;5.236976;4230;150.236511
4240;0.37119663075655396;4240;0.397271143255961;4240;353.1053;4240;61.59856;4240;60.1825;4240;5.07828;4240;150.163269
4250;0.37217322305978584;4250;0.39856684215200083;4250;353.143738;4250;61.6595955;4250;60.1214638;4250;5.02945042;4250;150.016785
4260;0.37272255623035377;4260;0.39751973120382056;4260;353.297638;4260;61.78167;4260;60.17029;4260;4.93179131;4260;150.2243
4270;0.37363811151463366;4270;0.39816484376730954;4270;353.374573;4270;61.8915367;4270;60.2191238;4270;4.895169;4270;150.004578
4280;0.37363811151463366;4280;0.39796784529441614;4280;353.49;4280;61.87933;4280;60.1825;4280;4.895169;4280;149.8825
4290;0.37400433362834562;4290;0.39780469745461305;4290;353.6054;4290;61.9647827;4290;60.41444;4290;4.809717;4290;149.809265
4300;0.37369914853358566;4300;0.39982834137424744;4300;353.6054;4300;62.233345;4300;60.5853462;4300;4.77309465;4300;149.943542
4310;0.37430951872310558;4310;0.40041768299857305;4310;353.682343;4310;62.35542;4310;60.6707954;4310;4.67543554;4310;149.894714
4320;0.37467574083681754;4320;0.40027674204714692;4320;353.79776;4320;62.4164543;4320;60.9027367;4320;4.60219145;4320;149.797058
4330;0.37510299996948149;4330;0.40093631207106351;4330;353.8747;4330;62.6117744;4330;61.183506;4330;4.589984;4330;149.7238
4340;0.37504196295052949;4340;0.40308715316847948;4340;353.8747;4340;62.80709;4340;61.4276543;4340;4.60219145;4340;149.613937
4350;0.37540818506424145;4350;0.40224566831609004;4350;354.0286;4350;63.039032;4350;61.5619354;4350;4.74868;4350;149.674973
4360;0.37620166631061736;4360;0.40293032076331536;4360;354.10553;4360;63.209938;4360;61.7206345;4360;4.73647261;4360;149.577316
4370;0.37644581438642533;4370;0.40291396512800626;4370;354.220947;4370;63.4907074;4370;61.9281578;4370;4.69985056;4370;149.5529
4380;0.37730033265175322;4380;0.40438290362700691;4380;354.25943;4380;63.6860237;4380;62.0380249;4380;4.83413172;4380;149.418625
4390;0.37711722159489725;4390;0.40417382668917518;4390;354.374847;4390;63.75927;4390;62.1234779;4390;4.99282837;4390;149.5407
4400;0.37760551774651319;4400;0.40346617401320195;4400;354.528717;4400;63.9667969;4400;62.2821732;4400;4.93179131;4400;149.418625
4410;0.37803277687917713;4410;0.40562521329718465;4410;354.528717;4410;64.02783;4410;62.5141144;4410;4.90737629;4410;149.259933
4420;0.37894833216345719;4420;0.40545846931874552;4420;354.644135;4420;64.0522461;4420;62.5629463;4420;5.017243;4420;149.296555
4430;0.37870418408764905;4430;0.40608121585767071;4430;354.7211;4430;64.11328;4430;62.5751534;4430;5.114902;4430;149.284348
4440;0.37876522110660105;4440;0.40596494629189328;4440;354.8365;4440;64.14991;4440;62.53853;4440;5.22476864;4440;149.272141
4450;0.37919248023926516;4450;0.40507181970734163;4450;354.9904;4450;64.11328;4450;62.42866;4450;5.22476864;4450;149.272141
4460;0.37961973937192911;4460;0.40416235506011311;4460;355.1443;4460;64.1254959;4460;62.3676262;4460;5.2858057;4460;149.35759
4470;0.380657368694113;4470;0.40562634907883577;4470;355.182739;4470;64.11328;4470;62.35542;4470;5.468917;4470;149.137848
4480;0.38016907254249704;4480;0.40619164226084803;4480;355.2597;4480;64.0522461;4480;62.42866;4480;5.54216146;4480;149.150055
4490;0.38016907254249704;4490;0.40749403478613072;4490;355.298157;4490;63.9179649;4490;62.221138;4490;5.54216146;4490;149.08902
4500;0.380596331675161;4500;0.40647178268549089;4500;355.452057;4500;63.6982346;4500;61.97699;4500;5.590991;4500;149.162262
4510;0.38157292397839288;4510;0.40704737401885482;4510;355.529;4510;63.5029144;4510;61.9281578;4510;5.627613;4510;149.0524
4520;0.38163396099734487;4520;0.40765983020862689;4520;355.605927;4520;63.3930473;4520;61.84271;4520;5.652028;4520;148.979156
4530;0.38169499801629686;4530;0.40603163446314788;4530;355.7983;4530;63.38084;4530;61.63518;4530;5.774102;4530;149.08902
4540;0.38126773888363291;4540;0.40727142897005753;4540;355.836761;4540;63.124485;4540;61.3910332;4540;5.68865;4540;149.0524
4550;0.38157292397839288;4550;0.40773969706716734;4550;355.9137;4550;62.9169579;4550;61.256752;4550;5.627613;4550;149.137848
4560;0.38279366435743273;4560;0.4075909039096039;4560;356.0291;4560;62.7460556;4560;61.2079239;4560;5.652028;4560;149.08902
4570;0.38273262733848074;4570;0.40814802494349545;4570;356.106079;4570;62.6483955;4570;61.1346779;4570;5.590991;4570;149.162262
4580;0.3830378124332407;4580;0.40739673659784542;4580;356.259949;4580;62.5141144;4580;60.93936;4580;5.51774645;4580;148.966949
4590;0.38261055330057675;4590;0.40726597678887033;4590;356.375366;4590;62.52632;4590;60.8417;4590;5.51774645;4590;149.101227
4600;0.38291573839533671;4600;0.40934186845540005;4600;356.375366;4600;62.3798332;4600;60.8172874;4600;5.60319853;4600;149.0646
4610;0.38346507156590465;4610;0.41057528523791142;4610;356.413849;4610;62.1723061;4610;60.74404;4610;5.529954;4610;149.150055
4620;0.38450270088808852;4620;0.40837908837711412;4620;356.644684;4620;62.3065872;4620;60.64638;4620;5.505539;4620;149.2355
4630;0.38413647877437657;4630;0.40979706198195442;4630;356.683136;4630;62.2821732;4630;60.5975533;4630;5.51774645;4630;149.2355
4640;0.38413647877437657;4640;0.40987044790321953;4640;356.798553;4640;62.3676262;4640;60.75625;4640;5.4811244;4640;149.174469
4650;0.38419751579332856;4650;0.41066626680485047;4650;356.875519;4650;62.52632;4650;60.8417;4650;5.432295;4650;149.21109
4660;0.38438062685018454;4660;0.41051381682664539;4660;356.9909;4660;62.5141144;4660;60.8417;4660;5.33463526;4660;149.418625
4670;0.38578447828608037;4670;0.41068845345594907;4670;357.106323;4670;62.6117744;4670;60.9149437;4670;5.33463526;4670;149.247711
4680;0.38578447828608037;4680;0.41152957633435294;4680;357.1833;4680;62.7826767;4680;61.12247;4680;5.432295;4680;149.259933
4690;0.38602862636188834;4690;0.41246832973978936;4690;357.260223;4690;62.96579;4690;61.26896;4690;5.346843;4690;149.150055
4700;0.38578447828608037;4700;0.41244595292525343;4700;357.375641;4700;63.06345;4700;61.342205;4700;5.21256161;4700;149.308762
4710;0.38645588549455229;4710;0.41247092151975778;4710;357.491058;4710;63.136692;4710;61.4886932;4710;5.22476864;4710;149.382
4720;0.38718832972197637;4720;0.41328301153440788;4720;357.568;4720;63.2587662;4720;61.6107674;4720;5.298013;4720;149.430832
4730;0.38804284798730426;4730;0.41343782011921532;4730;357.6834;4730;63.4785;4730;61.7938766;4730;5.31022072;4730;149.47966
4740;0.38785973693044828;4740;0.41428918498529144;4740;357.760345;4740;63.62499;4740;61.9037437;4740;5.298013;4740;149.516281
4750;0.38761558885464031;4750;0.41440824733106763;4750;357.875763;4750;63.7714767;4750;61.9525757;4750;5.33463526;4750;149.565109
4760;0.38840907010101622;4760;0.41527380327600077;4760;357.952728;4760;63.75927;4760;61.97699;4760;5.371258;4760;149.443039
4770;0.38877529221472817;4770;0.4161379092594209;4770;358.029663;4770;63.8447227;4770;61.9647827;4770;5.493332;4770;149.430832
4780;0.390118106631672;4780;0.41575433564504261;4780;358.183533;4780;64.06445;4780;62.1845131;4780;5.57878351;4780;149.259933
4790;0.38993499557481603;4790;0.41645987759659409;4790;358.2605;4790;64.11328;4790;62.3187981;4790;5.54216146;4790;149.455246
4800;0.390118106631672;4800;0.41802385342179971;4800;358.29895;4800;64.1254959;4800;62.39204;4800;5.54216146;4800;149.443039
4810;0.39054536576433596;4810;0.41881957831551259;4810;358.375916;4810;64.04004;4810;62.5019073;4810;5.54216146;4810;149.394211
4820;0.39133884701071187;4820;0.41896065340839062;4820;358.491333;4820;64.07666;4820;62.4408722;4820;5.67644262;4820;149.3698
4830;0.39194921720023179;4830;0.41981287946977275;4830;358.568268;4830;64.015625;4830;62.4042473;4830;5.81072426;4830;149.284348
4840;0.39262062440870371;4840;0.4207069977779086;4840;358.6452;4840;64.04004;4840;62.3432121;4840;5.883969;4840;149.2355
4850;0.39255958738975172;4850;0.4216614369021402;4850;358.722137;4850;64.015625;4850;62.233345;4850;5.96942043;4850;149.0646
4860;0.39249855037079973;4860;0.42162334435108478;4860;358.837555;4860;63.9423828;4860;62.233345;4860;5.93279839;4860;149.21109
4870;0.39384136478774356;4870;0.42315113742450233;4870;358.876038;4870;63.79589;4870;62.20893;4870;5.94500542;4870;149.150055
4880;0.39432966093935951;4880;0.42326772710902333;4880;358.991455;4880;63.6860237;4880;62.1234779;4880;6.140324;4880;149.0646
4890;0.39548936429944775;4890;0.42276784796545019;4890;359.145325;4890;63.6738167;4890;62.0014038;4890;6.18915367;4890;148.930328
4900;0.39561143833735174;4900;0.4227337675412986;4900;359.260742;4900;63.51512;4900;61.9525757;4900;6.140324;4900;149.015778
4910;0.39609973448896768;4910;0.42512476386365916;4910;359.260742;4910;63.4540863;4910;61.9037437;4910;6.237983;4910;148.8937
4920;0.39652699362163163;4920;0.42679136115153943;4920;359.299225;4920;63.41746;4920;61.74505;4920;6.176946;4920;148.796051
4930;0.39725943784905554;4930;0.42470876026526161;4930;359.53006;4930;63.3930473;4930;61.6107674;4930;6.0304575;4930;148.844879
4940;0.39805291909543145;4940;0.42638793075945752;4940;359.568542;4940;63.3075943;4940;61.5619354;4940;6.140324;4940;148.69838
4950;0.39854121524704739;4950;0.42598270302951946;4950;359.7224;4950;63.3686333;4950;61.59856;4950;6.18915367;4950;148.5641
4960;0.39866328928495137;4960;0.42700047048221967;4960;359.799347;4960;63.3930473;4960;61.4886932;4960;6.115909;4960;148.454239
4970;0.39896847437971134;4970;0.42766963292126914;4970;359.8763;4970;63.2953873;4970;61.4276543;4970;6.15253162;4970;148.686172
4980;0.40055543687246314;4980;0.42642214318261296;4980;360.068665;4980;63.1611061;4980;61.4886932;4980;6.25019073;4980;148.527481
4990;0.40098269600512709;4990;0.42593062969793255;4990;360.222534;4990;63.1733131;4990;61.4398651;4990;6.237983;4990;148.49086
5000;0.401715140232551;5000;0.42558754062236026;5000;360.376434;5000;63.28318;5000;61.5619354;5000;6.12811661;5000;148.36879
5010;0.401593066194647;5010;0.42790000894058927;5010;360.376434;5010;63.3198051;5010;61.5741463;5010;6.140324;5010;148.527481
5020;0.401959288308359;5020;0.42812988378756567;5020;360.491852;5020;63.3075943;5020;61.5253143;5020;6.21356869;5020;148.503067
5030;0.40250862147892708;5030;0.4291255312478664;5030;360.5688;5030;63.3075943;5030;61.5131073;5030;6.21356869;5030;148.454239
5040;0.403241065706351;5040;0.42866554310402383;5040;360.7227;5040;63.3686333;5040;61.6229744;5040;6.201361;5040;148.466446
5050;0.40409558397167888;5050;0.42967375612433722;5050;360.799622;5050;63.4052544;5050;61.69622;5050;6.15253162;5050;148.454239
5060;0.40421765800958287;5060;0.42839815486109495;5060;360.991974;5060;63.5639534;5060;61.7938766;5060;6.15253162;5060;148.686172
5070;0.40452284310434283;5070;0.42949650072792495;5070;361.068939;5070;63.6982346;5070;61.8305;5070;6.09149456;5070;148.673965
5080;0.40470595416119881;5080;0.43053316022456467;5080;361.145874;5080;63.8691368;5080;61.91595;5080;6.06707954;5080;148.783844
5090;0.40617084261604663;5090;0.43243557353578083;5090;361.184326;5090;64.04004;5090;62.0868568;5090;6.140324;5090;148.735
5100;0.40641499069185461;5100;0.431834928211971;5100;361.338226;5100;63.9790039;5100;62.20893;5100;6.27460575;5100;148.844879
5110;0.40702536088137453;5110;0.43000612665611765;5110;361.569061;5110;64.06445;5110;62.3065872;5110;6.372265;5110;148.820465
5120;0.40720847193823051;5120;0.43191907496489612;5120;361.607544;5120;64.25977;5120;62.2821732;5120;6.44550943;5120;148.808258
5130;0.40781884212775044;5130;0.43138458840472055;5130;361.7614;5130;64.22315;5130;62.42866;5130;6.42109442;5130;148.8815
5140;0.40818506424146239;5140;0.43161656128055226;5140;361.876831;5140;64.19874;5140;62.4774933;5140;6.372265;5140;148.930328
5150;0.40842921231727036;5150;0.43263543707943919;5150;361.953766;5150;64.23536;5150;62.4164543;5150;6.44550943;5150;148.979156
5160;0.4089175084688863;5160;0.43455373280278936;5160;361.992249;5160;64.22315;5160;62.4897;5160;6.44550943;5160;148.783844
5170;0.40916165654469427;5170;0.43492517958006277;5170;362.107666;5170;64.39406;5170;62.5019073;5170;6.494339;5170;148.8815
5180;0.41038239692373429;5180;0.43461311496138;5180;362.261536;5180;64.44289;5180;62.5629463;5180;6.530961;5180;148.808258
5190;0.41068758201849426;5190;0.43488339142051974;5190;362.376953;5190;64.32081;5190;62.58736;5190;6.54316854;5190;148.747208
5200;0.41154210028382215;5200;0.435210824899521;5200;362.492371;5200;64.2963943;5200;62.52632;5200;6.64082766;5200;148.7228
5210;0.41129795220801418;5210;0.43616043037180435;5210;362.569336;5210;64.32081;5210;62.4408722;5210;6.689657;5210;148.8815
5220;0.41154210028382215;5220;0.43651951569905278;5220;362.684753;5220;64.2963943;5220;62.3676262;5220;6.60420561;5220;148.832672
5230;0.41221350749229407;5230;0.43826254078128779;5230;362.7232;5230;64.19874;5230;62.3187981;5230;6.591998;5230;148.808258
5240;0.41300698873867;5240;0.43778641472640345;5240;362.8771;5240;64.24757;5240;62.3187981;5240;6.689657;5240;148.966949
5250;0.4136173589281899;5250;0.43822498551049083;5250;362.992523;5250;64.19874;5250;62.2699661;5250;6.81173134;5250;148.820465
5260;0.4136783959471419;5260;0.43781196500871206;5260;363.1464;5260;64.16212;5260;62.147892;5260;6.81173134;5260;148.832672
5270;0.41410565507980585;5270;0.43883432283425483;5270;363.223358;5270;64.0522461;5270;62.147892;5270;6.81173134;5270;148.808258
5280;0.41416669209875784;5280;0.43771127279462013;5280;363.4157;5280;63.9423828;5280;62.1234779;5280;6.97042751;5280;148.735
5290;0.41544846949674968;5290;0.43894632790435156;5290;363.492645;5290;63.9423828;5290;62.0990639;5290;6.99484253;5290;148.588516
5300;0.41550950651570168;5300;0.44073661817242865;5300;363.531128;5300;63.9667969;5300;62.0990639;5300;7.00704956;5300;148.673965
5310;0.41593676564836563;5310;0.44118830834520034;5310;363.646545;5310;63.930172;5310;62.1234779;5310;7.043672;5310;148.5641
5320;0.41593676564836563;5320;0.44232283074162032;5320;363.72348;5320;63.8813438;5320;62.06244;5320;7.00704956;5320;148.503067
5330;0.41648609881893356;5330;0.4420442650962117;5330;363.87735;5330;63.8813438;5330;61.8671227;5330;6.93380547;5330;148.442032
5340;0.41746269112216544;5340;0.44320068815000785;5340;363.9543;5340;63.7714767;5340;61.7206345;5340;6.8727684;5340;148.307755
5350;0.41801202429273376;5350;0.44286782553169357;5350;364.1082;5350;63.75927;5350;61.8060837;5350;6.897183;5350;148.307755
5360;0.41831720938749373;5360;0.44405699508585589;5360;364.18515;5360;63.6860237;5360;61.9281578;5360;6.90939045;5360;148.185669
5370;0.41831720938749373;5370;0.44590553831645557;5370;364.2236;5370;63.72265;5370;61.84271;5370;6.93380547;5370;148.258926
5380;0.41898861659596565;5380;0.44563255469210483;5380;364.3775;5380;63.7836838;5380;61.8182945;5380;6.93380547;5380;148.28334
5390;0.41947691274758159;5390;0.44591852004959326;5390;364.49292;5390;63.7470627;5390;61.9281578;5390;6.982635;5390;148.405411
5400;0.42088076418347742;5400;0.44726236495034516;5400;364.569855;5400;63.7836838;5400;62.01361;5400;7.06808662;5400;148.2467
5410;0.42069765312662144;5410;0.44699434765631391;5410;364.723755;5410;63.8447227;5410;62.0380249;5410;6.97042751;5410;148.28334
5420;0.42118594927823738;5420;0.44835117177098116;5420;364.8007;5420;64.015625;5420;62.07465;5420;6.90939045;5420;148.258926
5430;0.42161320841090133;5430;0.45041192439035277;5430;364.839172;5430;64.14991;5430;62.1234779;5430;6.97042751;5430;148.2345
5440;0.42228461561937325;5440;0.45076660121970125;5440;364.954559;5440;64.1377;5440;62.1234779;5440;7.019257;5440;148.332169
5450;0.42313913388470115;5450;0.451274017569577;5450;365.069977;5450;64.16212;5450;62.20893;5450;7.019257;5450;148.307755
5460;0.42338328196050912;5460;0.45039373241513858;5460;365.26236;5460;64.2963943;5460;62.4042473;5460;7.03146458;5460;148.319962
5470;0.42405468916898104;5470;0.45174704863946064;5470;365.3393;5470;64.34522;5470;62.5019073;5470;7.03146458;5470;148.210083
5480;0.424420911282693;5480;0.45217851272181031;5480;365.4547;5480;64.34522;5480;62.5141144;5480;7.019257;5480;148.258926
5490;0.42533646656697288;5490;0.45269601222540168;5490;365.570129;5490;64.43068;5490;62.45308;5490;7.043672;5490;148.307755
5500;0.425885799737541;5500;0.45238271017184883;5500;365.724;5500;64.51613;5500;62.42866;5500;7.12912369;5500;148.466446
5510;0.42704550309762884;5510;0.45167105260863816;5510;365.916382;5510;64.63821;5510;62.58736;5510;7.12912369;5510;148.319962
5520;0.42704550309762884;5520;0.452970873383455;5520;365.993317;5520;64.7236557;5520;62.6972275;5520;7.165746;5520;148.332169
5530;0.4274117252113408;5530;0.45190549644367012;5530;366.185669;5530;64.6870346;5530;62.7094345;5530;7.32444239;5530;148.405411
5540;0.42777794732505275;5540;0.45309657363864836;5540;366.2626;5540;64.66262;5540;62.67281;5540;7.32444239;5540;148.429825
5550;0.42832728049562069;5550;0.45285400701102496;5550;366.4165;5550;64.71145;5550;62.7094345;5550;7.28782;5550;148.503067
5560;0.42912076174199659;5560;0.45274736957467993;5560;366.570374;5560;64.63821;5560;62.6606026;5560;7.33665;5560;148.319962
5570;0.42930387279885257;5570;0.45397628786667338;5570;366.647339;5570;64.7236557;5570;62.62398;5570;7.36106443;5570;148.429825
5580;0.43015839106418047;5580;0.45394053568708242;5580;366.8012;5580;64.6870346;5580;62.6117744;5580;7.36106443;5580;148.22229
5590;0.43015839106418047;5590;0.45515487331356275;5590;366.878174;5590;64.67483;5590;62.52632;5590;7.39768648;5590;148.258926
5600;0.43082979827265239;5600;0.4556547443313379;5600;366.9936;5600;64.69924;5600;62.62398;5600;7.531968;5600;148.319962
5610;0.43101290932950836;5610;0.4552945124189634;5610;367.147461;5610;64.58937;5610;62.5995674;5610;7.593005;5610;148.381
5620;0.43186742759483626;5620;0.45571781478934392;5620;367.262878;5620;64.60158;5620;62.5751534;5620;7.507553;5620;148.515274
5630;0.43223364970854822;5630;0.45554798967165433;5630;367.416779;5630;64.58937;5630;62.6606026;5630;7.495346;5630;148.49086
5640;0.43259987182226017;5640;0.45612595854761329;5640;367.5322;5640;64.50392;5640;62.6483955;5640;7.495346;5640;148.381
5650;0.43302713095492412;5650;0.45801131223457808;5650;367.570648;5650;64.35743;5650;62.4164543;5650;7.531968;5650;148.36879
5660;0.43314920499282811;5660;0.45789159828694437;5660;367.724548;5660;64.41847;5660;62.4042473;5660;7.61742;5660;148.381
5670;0.43394268623920418;5670;0.45871765819446664;5670;367.839966;5670;64.45509;5670;62.4897;5670;7.60521269;5670;148.161255
5680;0.43436994537186813;5680;0.45765416479324939;5680;368.032318;5680;64.35743;5680;62.4164543;5680;7.71507931;5680;148.2345
5690;0.43577379680776396;5690;0.45920984153390548;5690;368.109253;5690;64.45509;5690;62.4042473;5690;7.77611637;5690;148.088013
5700;0.435407574694052;5700;0.45966582605546;5700;368.22467;5700;64.4062653;5700;62.4164543;5700;7.702872;5700;148.161255
5710;0.435590685750908;5710;0.45962002911820954;5710;368.378571;5710;64.32081;5710;62.2821732;5710;7.69066429;5710;147.978149
5720;0.43589587084566794;5720;0.45942826307346274;5720;368.53244;5720;64.3330154;5720;62.2821732;5720;7.7883234;5720;148.039185
5730;0.43638416699728388;5730;0.45912724621480117;5730;368.68634;5730;64.34522;5730;62.4408722;5730;7.99584961;5730;148.210083
5740;0.4371166112247078;5740;0.46065770589412275;5740;368.763275;5740;64.32081;5740;62.4408722;5740;7.87377548;5740;147.990356
5750;0.43754387035737174;5750;0.45978527145427833;5750;368.955627;5750;64.38185;5750;62.42866;5750;7.69066429;5750;148.0636
5760;0.43760490737632374;5760;0.46113529524253621;5760;369.0326;5760;64.3330154;5760;62.35542;5760;7.727287;5760;148.002563
5770;0.43742179631946776;5770;0.46238744626370987;5770;369.109528;5770;64.2963943;5770;62.4042473;5770;7.763909;5770;148.051392
5780;0.43852046266060363;5780;0.46254008934342206;5780;369.2634;5780;64.38185;5780;62.5141144;5780;7.727287;5780;147.8805
5790;0.43888668477431558;5790;0.46250578796586539;5790;369.4173;5790;64.45509;5790;62.4897;5790;7.77611637;5790;147.8805
5800;0.43980224005859547;5800;0.46319411270273553;5800;369.5327;5800;64.47951;5800;62.42866;5800;7.739494;5800;147.843872
5810;0.43949705496383551;5810;0.46376989771357874;5810;369.648132;5810;64.56496;5810;62.5019073;5810;7.702872;5810;147.978149
5820;0.43961912900173949;5820;0.46433641487536226;5820;369.76355;5820;64.626;5820;62.5629463;5820;7.71507931;5820;148.10022
5830;0.44022949919125942;5830;0.46493267345672862;5830;369.878967;5830;64.5283356;5830;62.5751534;5830;7.7883234;5830;148.039185
5840;0.44090090639973134;5840;0.46417538757297311;5840;370.07132;5840;64.6137848;5840;62.6483955;5840;7.885983;5840;148.0636
5850;0.44151127658925143;5850;0.46506874897715667;5850;370.186737;5850;64.73586;5850;62.7582626;5850;7.87377548;5850;147.953735
5860;0.4412671285134433;5860;0.46628910463732237;5860;370.263672;5860;64.76028;5860;62.8437157;5860;7.99584961;5860;148.124634
5870;0.44145023957029944;5870;0.46549170441825677;5870;370.456024;5870;64.78469;5870;62.73385;5870;7.93481255;5870;148.136841
5880;0.44157231360820343;5880;0.46622652040701029;5880;370.571442;5880;64.89456;5880;62.7460556;5880;7.93481255;5880;148.173462
5890;0.44291512802514726;5890;0.46837426056571696;5890;370.609924;5890;64.78469;5890;62.7582626;5890;7.959227;5890;148.039185
5900;0.44285409100619527;5900;0.46801296029935752;5900;370.7638;5900;64.6870346;5900;62.7582626;5900;7.959227;5900;148.210083
5910;0.44309823908200324;5910;0.46882572539893647;5910;370.8792;5910;64.76028;5910;62.86813;5910;7.93481255;5910;148.149048
5920;0.44334238715781121;5920;0.47045506303517665;5920;370.956177;5920;64.82131;5920;62.8193;5920;7.91039753;5920;148.002563
5930;0.44407483138523512;5930;0.46903102477530295;5930;371.187;5930;64.94339;5930;62.7826767;5930;7.99584961;5930;148.039185
5940;0.44480727561265904;5940;0.47038594416241331;5940;371.263947;5940;64.8823547;5940;62.8193;5940;8.020265;5940;148.026978
5950;0.44535660878322697;5950;0.47024159865461607;5950;371.417816;5950;64.87014;5950;62.8437157;5950;8.093509;5950;148.10022
5960;0.44553971984008295;5960;0.47106264603477749;5960;371.533234;5960;64.94339;5960;62.9169579;5960;8.069094;5960;148.051392
5970;0.44572283089693893;5970;0.47081589576252042;5970;371.687134;5970;64.9189758;5970;62.8925438;5970;8.117924;5970;148.210083
5980;0.44657734916226682;5980;0.47152132943751551;5980;371.802551;5980;64.87014;5980;62.86813;5980;8.239998;5980;148.149048
5990;0.44651631214331483;5990;0.47082319113118143;5990;371.9949;5990;64.85793;5990;62.9169579;5990;8.22779;5990;148.0758
6000;0.44779808954130668;6000;0.47088743047022324;6000;372.1488;6000;64.845726;6000;62.8193;6000;8.191168;6000;147.978149
6010;0.44779808954130668;6010;0.47229336457540844;6010;372.225739;6010;64.845726;6010;62.7582626;6010;8.239998;6010;148.002563
6020;0.44828638569292262;6020;0.471634227785553;6020;372.4181;6020;64.87014;6020;62.83151;6020;8.362072;6020;147.941528
6030;0.44810327463606664;6030;0.47307466363890083;6030;372.495026;6030;64.85793;6030;62.7948837;6030;8.386486;6030;147.929321
6040;0.44853053376873059;6040;0.47235338529957016;6040;372.6874;6040;64.89456;6040;62.77047;6040;8.362072;6040;147.941528
6050;0.44950712607196264;6050;0.47313941812124738;6050;372.802826;6050;64.94339;6050;62.77047;6050;8.313242;6050;147.929321
6060;0.44987334818567459;6060;0.47363505043408177;6060;372.9182;6060;64.8823547;6060;62.83151;6060;8.398694;6060;148.0636
6070;0.44993438520462659;6070;0.47442732741964083;6070;373.03363;6070;64.7236557;6070;62.73385;6070;8.362072;6070;147.843872
6080;0.4498123111667226;6080;0.47505459861881727;6080;373.149048;6080;64.63821;6080;62.5751534;6080;8.288827;6080;147.843872
6090;0.45048371837519452;6090;0.47586754950550753;6090;373.264465;6090;64.63821;6090;62.7094345;6090;8.239998;6090;147.77063
6100;0.45084994048890648;6100;0.47657113221341413;6100;373.379883;6100;64.6870346;6100;62.77047;6100;8.264412;6100;147.843872
6110;0.45219275490585031;6110;0.47608509910439611;6110;373.572235;6110;64.85793;6110;62.67281;6110;8.313242;6110;147.807251
6120;0.45219275490585031;6120;0.47693764999689892;6120;373.687653;6120;64.94339;6120;62.5995674;6120;8.325449;6120;147.795044
6130;0.45243690298165828;6130;0.47610317533588459;6130;373.880035;6130;64.845726;6130;62.52632;6130;8.410901;6130;147.795044
6140;0.45237586596270629;6140;0.47687631382578988;6140;373.995422;6140;64.7724838;6140;62.5629463;6140;8.398694;6140;147.697372
6150;0.45280312509537024;6150;0.4760901956581427;6150;374.1878;6150;64.85793;6150;62.7460556;6150;8.423109;6150;147.843872
6160;0.45377971739860212;6160;0.47625340615329476;6160;374.341675;6160;64.85793;6160;62.73385;6160;8.423109;6160;147.721786
6170;0.45408490249336209;6170;0.47633375889250335;6170;374.495575;6170;64.845726;6170;62.6972275;6170;8.435316;6170;147.660751
6180;0.454573198644978;6180;0.47716276980895866;6180;374.611;6180;64.87014;6180;62.83151;6180;8.459731;6180;147.62413
6190;0.45426801355021806;6190;0.47719133143372217;6190;374.764862;6190;64.99222;6190;62.7460556;6190;8.496353;6190;147.7462
6200;0.454756309701834;6200;0.47865547682110043;6200;374.841827;6200;64.99222;6200;62.7460556;6200;8.484145;6200;147.77063
6210;0.455000457777642;6210;0.47920190373619159;6210;374.957245;6210;64.89456;6210;62.8193;6210;8.398694;6210;147.856079
6220;0.45609912411877784;6220;0.47792223624021962;6220;375.188049;6220;64.94339;6220;62.83151;6220;8.398694;6220;147.782837
6230;0.45591601306192187;6230;0.479555463857277;6230;375.265;6230;64.94339;6230;62.8925438;6230;8.496353;6230;147.672958
6240;0.45579393902401788;6240;0.48015240987966279;6240;375.380432;6240;64.99222;6240;62.9169579;6240;8.55739;6240;147.868286
6250;0.45573290200506589;6250;0.481688276694183;6250;375.457367;6250;64.9556;6250;62.8925438;6250;8.532975;6250;147.807251
6260;0.45597705008087386;6260;0.48157351808449683;6260;375.611237;6260;64.9189758;6260;63.00241;6260;8.606219;6260;147.9049
6270;0.45725882747886609;6270;0.48314382564469688;6270;375.6882;6270;64.967804;6270;63.06345;6270;8.496353;6270;147.9049
6280;0.45744193853572207;6280;0.48397123098151179;6280;375.803619;6280;65.004425;6280;63.06345;6280;8.594012;6280;147.9049
6290;0.458235419782098;6290;0.48492017657163317;6290;375.919037;6290;64.99222;6290;62.9291649;6290;8.703879;6290;147.758423
6300;0.457930234687338;6300;0.48403851254390717;6300;376.1114;6300;64.9189758;6300;62.83151;6300;8.618427;6300;147.856079
6310;0.45847956785790595;6310;0.48260633816011911;6310;376.342224;6310;64.90677;6310;62.8925438;6310;8.618427;6310;147.868286
6320;0.45908993804742587;6320;0.48508502589876823;6320;376.380676;6320;65.0410461;6320;62.9413757;6320;8.655049;6320;147.819458
6330;0.46006653035065775;6330;0.48529979901870879;6330;376.534576;6330;65.1265;6330;62.9413757;6330;8.752708;6330;147.782837
6340;0.46031067842646572;6340;0.48535209565949;6340;376.688446;6340;65.13871;6340;63.00241;6340;8.764915;6340;147.807251
6350;0.4604937894833217;6350;0.48592682741872895;6350;376.803864;6350;65.10208;6350;63.06345;6350;8.777123;6350;147.953735
6360;0.46079897457808167;6360;0.48678949995026366;6360;376.919281;6360;65.004425;6360;63.00241;6360;8.78933048;6360;147.807251
6370;0.46104312265388964;6370;0.48829502716127371;6370;376.996246;6370;65.1631241;6370;62.9413757;6370;8.764915;6370;147.990356
6380;0.46232490005188148;6380;0.48935968608665736;6380;377.111633;6380;65.1997452;6380;62.9535828;6380;8.752708;6380;147.819458
6390;0.46250801110873746;6390;0.48872260194255879;6390;377.304016;6390;65.07767;6390;63.0878639;6390;8.801538;6390;147.685165
6400;0.46330149235511336;6400;0.48880342923552272;6400;377.4579;6400;65.01663;6400;63.10007;6400;8.862576;6400;147.62413
6410;0.46324045533616137;6410;0.48893224816987757;6410;377.6118;6410;65.06546;6410;63.06345;6410;8.98465;6410;147.636337
6420;0.4638508255256813;6420;0.48917083927807231;6420;377.765656;6420;65.1265;6420;63.0146179;6420;8.98465;6420;147.5753
6430;0.46433912167729724;6430;0.48931990942855491;6430;377.919556;6430;65.1631241;6430;62.9779968;6430;8.960235;6430;147.5631
6440;0.4651936399426253;6440;0.49007871051588708;6440;378.034973;6440;65.17533;6440;63.05124;6440;8.996857;6440;147.62413
6450;0.46549882503738527;6450;0.49085475526770006;6450;378.1504;6450;65.10208;6450;63.112278;6450;8.98465;6450;147.587509
6460;0.46568193609424124;6460;0.49096352320204117;6460;378.30426;6460;65.1265;6460;63.124485;6460;9.009064;6460;147.599716
6470;0.46592608417004922;6470;0.49037433344649572;6470;378.496643;6470;65.0898743;6470;63.124485;6470;8.98465;6470;147.526474
6480;0.46617023224585719;6480;0.49109374747757967;6480;378.612061;6480;65.0898743;6480;63.05124;6480;8.960235;6480;147.611923
6490;0.467757194738609;6490;0.491676518292066;6490;378.76593;6490;65.18754;6490;62.9413757;6490;8.923613;6490;147.331161
6500;0.467757194738609;6500;0.49191952153140012;6500;378.91983;6500;65.26078;6500;63.05124;6500;8.98465;6500;147.29454
6510;0.46824549089022494;6510;0.49141837496192914;6510;379.112183;6510;65.2974;6510;62.9779968;6510;8.996857;6510;147.23349
6520;0.467940305795465;6520;0.49359035005898311;6520;379.150665;6520;65.24857;6520;62.9169579;6520;9.021272;6520;147.282333
6530;0.46824549089022494;6530;0.49195131568860423;6530;379.38147;6530;65.17533;6530;63.136692;6530;9.118931;6530;147.428818
6540;0.46891689809869685;6540;0.49137590109654788;6540;379.573853;6540;65.1997452;6540;63.10007;6540;9.106723;6540;147.416611
6550;0.46964934232612077;6550;0.49097669874235433;6550;379.7662;6550;65.35844;6550;63.0146179;6550;9.16776;6550;147.4044
6560;0.46964934232612077;6560;0.49180368943656788;6560;379.881622;6560;65.23637;6560;63.06345;6560;9.179968;6560;147.29454
6570;0.46928312021240881;6570;0.4909477794699254;6570;380.073975;6570;65.13871;6570;63.039032;6570;9.094516;6570;147.37999
6580;0.46989349040192874;6580;0.48966406205458;6580;380.3048;6580;65.1997452;6580;63.039032;6580;9.070101;6580;147.3922
6590;0.4701986754966887;6590;0.49032031615394184;6590;380.420227;6590;65.23637;6590;63.112278;6590;9.131138;6590;147.5753
6600;0.47141941587572855;6600;0.4921547733539885;6600;380.497162;6600;65.2974;6600;63.19773;6600;9.179968;6600;147.441025
6610;0.47080904568620863;6610;0.49302100791450737;6610;380.612579;6610;65.33402;6610;63.19773;6610;9.192175;6610;147.465439
6620;0.47044282357249667;6620;0.49366455039488544;6620;380.728;6620;65.27299;6620;63.06345;6620;9.228797;6620;147.5631
6630;0.47044282357249667;6630;0.49504042476828375;6630;380.804932;6630;65.15092;6630;62.96579;6630;9.228797;6630;147.599716
6640;0.4709921567430646;6640;0.49452819341473364;6640;380.997284;6640;65.2851944;6640;63.06345;6640;9.253212;6640;147.660751
6650;0.47190771202734449;6650;0.49567264613122136;6650;381.1127;6650;65.38286;6650;63.136692;6650;9.228797;6650;147.538681
6660;0.47190771202734449;6660;0.49555709760941485;6660;381.2666;6660;65.37064;6660;63.10007;6660;9.277627;6660;147.709579
6670;0.47148045289468055;6670;0.49578059696822685;6670;381.420471;6670;65.41948;6670;63.00241;6670;9.314249;6670;147.685165
6680;0.47148045289468055;6680;0.49511329537575338;6680;381.612854;6680;65.37064;6680;63.00241;6680;9.277627;6680;147.685165
6690;0.47312845240638451;6690;0.4959897172423644;6690;381.728271;6690;65.2851944;6690;63.026825;6690;9.387493;6690;147.587509
6700;0.47331156346324049;6700;0.49620116911011564;6700;381.882141;6700;65.35844;6700;63.026825;6700;9.424116;6700;147.599716
6710;0.47398297067171241;6710;0.4971125619971552;6710;381.997559;6710;65.41948;6710;63.0146179;6710;9.460738;6710;147.62413
6720;0.47312845240638451;6720;0.49692093672803572;6720;382.151459;6720;65.35844;6720;63.06345;6720;9.570604;6720;147.807251
6730;0.47282326731162455;6730;0.49707060093637073;6730;382.305328;6730;65.33402;6730;63.124485;6730;9.521775;6730;147.77063
6740;0.47373882259590444;6740;0.49657163609905358;6740;382.497681;6740;65.3218155;6740;63.124485;6740;9.411908;6740;147.685165
6750;0.47447126682332835;6750;0.49673985135688459;6750;382.651581;6750;65.41948;6750;63.18552;6750;9.387493;6750;147.758423
6760;0.47495956297494429;6760;0.49791821502484307;6760;382.767;6760;65.46831;6760;63.112278;6760;9.375286;6760;147.5753
6770;0.47447126682332835;6770;0.49724322510655683;6770;382.959351;6770;65.43169;6770;63.0878639;6770;9.472945;6770;147.599716
6780;0.47428815576647237;6780;0.49736559019115684;6780;383.113251;6780;65.3950653;6780;63.124485;6780;9.485153;6780;147.5753
6790;0.47477645191808832;6790;0.49742305979998691;6790;383.26712;6790;65.41948;6790;63.039032;6790;9.472945;6790;147.660751
6800;0.47642445142979212;6800;0.49696409171456524;6800;383.459473;6800;65.3950653;6800;62.9779968;6800;9.509567;6800;147.538681
6810;0.47618030335398415;6810;0.49858381863196177;6810;383.536438;6810;65.34623;6810;63.06345;6810;9.521775;6810;147.477646
6820;0.47630237739188813;6820;0.49880857187083766;6820;383.6903;6820;65.37064;6820;63.10007;6820;9.582812;6820;147.441025
6830;0.47563097018341621;6830;0.498802553547002;6830;383.8442;6830;65.3950653;6830;63.124485;6830;9.49736;6830;147.5753
6840;0.47544785912656023;6840;0.49813229313442486;6840;384.03656;6840;65.38286;6840;63.2221451;6840;9.546189;6840;147.62413
6850;0.47666859950560009;6850;0.49922275752810363;6850;384.151978;6850;65.35844;6850;63.0878639;6850;9.607226;6850;147.441025
6860;0.47691274758140806;6860;0.49778940646124953;6860;384.3828;6860;65.3950653;6860;63.00241;6860;9.595019;6860;147.5631
6870;0.47691274758140806;6870;0.49864906799708608;6870;384.49823;6870;65.35844;6870;63.06345;6870;9.558397;6870;147.538681
6880;0.47642445142979212;6880;0.49786460837354157;6880;384.690582;6880;65.26078;6880;63.10007;6880;9.472945;6880;147.587509
6890;0.47691274758140806;6890;0.49588432566741453;6890;384.9599;6890;65.24857;6890;63.039032;6890;9.49736;6890;147.526474
6900;0.47764519180883197;6900;0.49745968987447314;6900;385.036835;6900;65.26078;6900;62.9169579;6900;9.521775;6900;147.5631
6910;0.47880489516891983;6910;0.499352556187254;6910;385.11377;6910;65.33402;6910;63.05124;6910;9.558397;6910;147.428818
6920;0.477340006714072;6920;0.49953399076052368;6920;385.26767;6920;65.34623;6920;63.19773;6920;9.607226;6920;147.416611
6930;0.4765465254676961;6930;0.49727170953027311;6930;385.536957;6930;65.26078;6930;62.9169579;6930;9.692678;6930;147.489853
6940;0.47703482161931204;6940;0.49826845325524272;6940;385.652374;6940;65.1997452;6940;62.7582626;6940;9.717093;6940;147.343369
6950;0.47764519180883197;6950;0.49835026671468419;6950;385.806274;6950;65.24857;6950;62.8925438;6950;9.717093;6950;147.441025
6960;0.47849971007415987;6960;0.49870128013549414;6960;385.960144;6960;65.33402;6960;63.039032;6960;9.607226;6960;147.37999
6970;0.47801141392254393;6970;0.49738902862884005;6970;386.190979;6970;65.27299;6970;63.0878639;6970;9.546189;6970;147.318954
6980;0.47727896969512;6980;0.49742085920515716;6980;386.344879;6980;65.1997452;6980;62.9291649;6980;9.656056;6980;147.331161
6990;0.47715689565721603;6990;0.5002757054487933;6990;386.344879;6990;65.1997452;6990;62.9413757;6990;9.680471;6990;147.489853
7000;0.47843867305520787;7000;0.50130828459513088;7000;386.4603;7000;65.26078;7000;62.9535828;7000;9.619434;7000;147.441025
7010;0.4781945249793999;7010;0.50283602403651351;7010;386.537231;7010;65.15092;7010;62.83151;7010;9.607226;7010;147.3922
7020;0.47837763603625588;7020;0.50220465301897821;7020;386.729584;7020;65.07767;7020;62.86813;7020;9.595019;7020;147.355576
7030;0.47770622882778396;7030;0.50390137464251894;7030;386.806519;7030;65.26078;7030;62.8559227;7030;9.631641;7030;147.477646
7040;0.47770622882778396;7040;0.50388265051496028;7040;386.960419;7040;65.38286;7040;62.86813;7040;9.668263;7040;147.721786
7050;0.47923215430158378;7050;0.503471228373678;7050;387.152771;7050;65.37064;7050;62.8803368;7050;9.619434;7050;147.587509
7060;0.47978148747215171;7060;0.50232959148665024;7060;387.3836;7060;65.38286;7060;62.9291649;7060;9.656056;7060;147.477646
7070;0.48014770958586367;7070;0.50334742574664593;7070;387.499023;7070;65.34623;7070;62.9169579;7070;9.668263;7070;147.343369
7080;0.47947630237739175;7080;0.50324229273347587;7080;387.652924;7080;65.3218155;7080;62.9169579;7080;9.631641;7080;147.50206
7090;0.47941526535843976;7090;0.50347769729345693;7090;387.8068;7090;65.34623;7090;62.8925438;7090;9.619434;7090;147.465439
7100;0.48002563554795968;7100;0.50345735235194589;7100;387.9607;7100;65.2974;7100;62.8925438;7100;9.680471;7100;147.538681
7110;0.4814294869838559;7110;0.50393170983571178;7110;388.114563;7110;65.3950653;7110;62.8925438;7110;9.631641;7110;147.4044
7120;0.480819116794336;7120;0.50408158739023246;7120;388.268463;7120;65.43169;7120;62.8925438;7120;9.680471;7120;147.441025
7130;0.480758079775384;7130;0.504025668922195;7130;388.422333;7130;65.35844;7130;63.00241;7130;9.680471;7130;147.514267
7140;0.48063600573748;7140;0.50570527091484108;7140;388.4993;7140;65.2851944;7140;63.06345;7140;9.656056;7140;147.3922
7150;0.48088015381328797;7150;0.50493482128160594;7150;388.69165;7150;65.3218155;7150;63.0878639;7150;9.7293005;7150;147.5631
7160;0.4822840052491838;7160;0.50382704334987272;7160;388.9225;7160;65.41948;7160;63.05124;7160;9.7659235;7160;147.514267
7170;0.48222296823023181;7170;0.50477499917110413;7170;389.0379;7170;65.41948;7170;63.10007;7170;9.851375;7170;147.465439
7180;0.48210089419232782;7180;0.50509525212170159;7180;389.191772;7180;65.3950653;7180;63.06345;7180;9.900205;7180;147.318954
7190;0.48130741294595192;7190;0.50408135496588957;7190;389.384125;7190;65.3950653;7190;63.026825;7190;9.887997;7190;147.62413
7200;0.48167363505966387;7200;0.50507944063846488;7200;389.499542;7200;65.43169;7200;63.0146179;7200;9.82696;7200;147.5753
7210;0.48246711630603978;7210;0.50604293061156413;7210;389.61496;7210;65.3950653;7210;63.19773;7210;9.7293005;7210;147.477646
7220;0.48350474562822365;7220;0.50709259227330783;7220;389.730377;7220;65.4805145;7220;63.19773;7220;9.778131;7220;147.441025
7230;0.48240607928708779;7230;0.50748089848344125;7230;389.884277;7230;65.52934;7230;63.112278;7230;9.900205;7230;147.318954
7240;0.48216193121127982;7240;0.50583438542246739;7240;390.1151;7240;65.41948;7240;63.136692;7240;9.851375;7240;147.441025
7250;0.48289437543870373;7250;0.50664026264166351;7250;390.23053;7250;65.26078;7250;62.9535828;7250;9.814753;7250;147.331161
7260;0.48362681966612764;7260;0.50518339543895885;7260;390.461334;7260;65.33402;7260;62.96579;7260;9.87579;7260;147.50206
7270;0.48509170812097546;7270;0.50574235717145766;7270;390.615234;7270;65.43169;7270;63.00241;7270;9.863583;7270;147.306747
7280;0.48423718985564757;7280;0.50607636492221308;7280;390.769135;7280;65.46831;7280;63.026825;7280;9.900205;7280;147.209076
7290;0.48350474562822365;7290;0.50680931357897829;7290;390.884521;7290;65.4805145;7290;63.0878639;7290;9.973449;7290;147.318954
7300;0.48344370860927166;7300;0.50493202158913242;7300;391.115356;7300;65.2974;7300;63.026825;7300;9.961242;7300;147.526474
7310;0.48429822687459956;7310;0.50531445343524994;7310;391.269257;7310;65.35844;7310;62.86813;7310;9.887997;7310;147.416611
7320;0.48490859706411948;7320;0.50580199926349256;7320;391.423126;7320;65.35844;7320;62.8437157;7320;9.912412;7320;147.172455
7330;0.48533585619678343;7330;0.50573061672285646;7330;391.577026;7330;65.3218155;7330;62.96579;7330;9.887997;7330;147.282333
7340;0.48374889370403162;7340;0.50581542620030118;7340;391.730927;7340;65.33402;7340;62.9779968;7340;9.887997;7340;147.331161
7350;0.48319956053346369;7350;0.50575994029460758;7350;391.8848;7350;65.34623;7350;62.9413757;7350;9.997864;7350;147.477646
7360;0.48435926389355155;7360;0.50530345406530564;7360;392.077148;7360;65.3218155;7360;62.8437157;7360;9.973449;7360;147.355576
7370;0.48472548600726351;7370;0.50695190647171362;7370;392.1541;7370;65.26078;7370;62.8437157;7370;10.0222788;7370;147.257919
7380;0.48570207831049539;7380;0.50647652387579323;7380;392.346466;7380;65.24857;7380;62.8193;7380;10.0711079;7380;147.160248
7390;0.48466444898831151;7390;0.50491938256942392;7390;392.5773;7390;65.26078;7390;62.8559227;7390;9.961242;7390;147.331161
7400;0.48387096774193561;7400;0.50647728938768943;7400;392.654236;7400;65.2851944;7400;62.8803368;7400;9.92462;7400;147.37999
7410;0.48423718985564757;7410;0.50705904694739656;7410;392.769653;7410;65.1997452;7410;62.7460556;7410;10.0466928;7410;147.489853
7420;0.48533585619678343;7420;0.50647395294247255;7420;392.962;7420;65.18754;7420;62.67281;7420;10.0955229;7420;147.465439
7430;0.48539689321573543;7430;0.50703815924093276;7430;393.1159;7430;65.23637;7430;62.77047;7430;10.0955229;7430;147.209076
7440;0.48527481917783144;7440;0.50697175328217314;7440;393.269775;7440;65.15092;7440;62.8193;7440;10.0589008;7440;147.257919
7450;0.48423718985564757;7450;0.5073567103261023;7450;393.3852;7450;64.99222;7450;62.8193;7450;9.985657;7450;147.428818
7460;0.48387096774193561;7460;0.50650610998814516;7460;393.577545;7460;64.89456;7460;62.7094345;7460;10.0466928;7460;147.50206
7470;0.48545793023468742;7470;0.507010613760684;7470;393.731445;7470;64.9556;7470;62.6117744;7470;9.997864;7470;147.29454
7480;0.4856410412915434;7480;0.50716633801283018;7480;393.885345;7480;65.07767;7480;62.7460556;7480;9.961242;7480;147.3922
7490;0.48594622638630336;7490;0.50815657392343927;7490;394.000763;7490;65.06546;7490;62.8437157;7490;9.961242;7490;147.282333
7500;0.48533585619678343;7500;0.5065507741666031;7500;394.231567;7500;65.07767;7500;62.9291649;7500;9.949034;7500;147.477646
7510;0.48527481917783144;7510;0.5047880912288506;7510;394.4624;7510;64.98001;7510;62.9169579;7510;10.0589008;7510;147.672958
7520;0.48600726340525535;7520;0.5072000890022712;7520;394.5009;7520;64.967804;7520;62.7094345;7520;9.997864;7520;147.587509
7530;0.48680074465163126;7530;0.50628743477401317;7530;394.73172;7530;65.1265;7530;62.6850166;7530;10.0222788;7530;147.441025
7540;0.48619037446211133;7540;0.50622489185072017;7540;394.8856;7540;65.004425;7540;62.7094345;7540;10.0711079;7540;147.441025
7550;0.48576311532944738;7550;0.50591778628798356;7550;395.0395;7550;64.89456;7550;62.7094345;7550;9.997864;7550;147.62413
7560;0.48576311532944738;7560;0.50783649050034385;7560;395.116425;7560;64.9556;7560;62.7582626;7560;9.997864;7560;147.441025
7570;0.48576311532944738;7570;0.50792635094314253;7570;395.270325;7570;65.01663;7570;62.77047;7570;10.0833158;7570;147.514267
7580;0.48698385570848723;7580;0.50667484424692688;7580;395.50116;7580;65.004425;7580;62.8803368;7580;10.0711079;7580;147.428818
7590;0.48680074465163126;7590;0.508310729560659;7590;395.5781;7590;65.0898743;7590;62.9291649;7590;10.0100708;7590;147.465439
7600;0.48710592974639122;7600;0.50771709635138584;7600;395.770447;7600;65.1265;7600;62.8803368;7600;10.0466928;7600;147.477646
7610;0.48661763359477528;7610;0.50701669968786378;7610;395.9628;7610;65.10208;7610;62.8803368;7610;10.0466928;7610;147.50206
7620;0.48673970763267926;7620;0.50711550163521524;7620;396.1167;7620;65.1265;7620;62.83151;7620;10.0589008;7620;147.526474
7630;0.48735007782219919;7630;0.50940539429552;7630;396.155182;7630;65.0410461;7630;62.7460556;7630;10.0833158;7630;147.441025
7640;0.48771629993591115;7640;0.5073777487423019;7640;396.424469;7640;65.0410461;7640;62.77047;7640;10.0711079;7640;147.3922
7650;0.4872890408032472;7650;0.50614953046605016;7650;396.6553;7650;65.06546;7650;62.8193;7650;9.997864;7650;147.318954
7660;0.48686178167058325;7660;0.50709504364986069;7660;396.770721;7660;65.1265;7660;62.8437157;7660;10.1443529;7660;147.29454
7670;0.48698385570848723;7670;0.50640085677240854;7670;396.963074;7670;65.13871;7670;62.8437157;7670;10.3030491;7670;147.343369
7680;0.48686178167058325;7680;0.50455313506159116;7680;397.1939;7680;65.05325;7680;62.7948837;7680;10.242012;7680;147.587509
7690;0.48796044801171912;7690;0.50711175918519835;7690;397.232361;7690;65.01663;7690;62.7094345;7690;10.1199379;7690;147.355576
7700;0.48716696676534321;7700;0.50790875089695553;7700;397.347778;7700;64.99222;7700;62.6850166;7700;10.168767;7700;147.343369
7710;0.48667867061372727;7710;0.50570971225917138;7710;397.6171;7710;64.90677;7710;62.73385;7710;10.266427;7710;147.318954
7720;0.48619037446211133;7720;0.50625770648811708;7720;397.7325;7720;64.845726;7720;62.67281;7720;10.2786341;7720;147.441025
7730;0.48637348551896731;7730;0.505534247248621;7730;397.924866;7730;64.87014;7730;62.6850166;7730;10.2542191;7730;147.514267
7740;0.48710592974639122;7740;0.50649761291054163;7740;398.040283;7740;64.8091049;7740;62.67281;7740;10.20539;7740;147.343369
7750;0.48692281868953524;7750;0.50627398508344879;7750;398.194183;7750;64.7236557;7750;62.6117744;7750;10.20539;7750;147.465439
7760;0.48637348551896731;7760;0.50716292872203361;7760;398.30957;7760;64.8091049;7760;62.5751534;7760;10.180975;7760;147.489853
7770;0.48612933744315934;7770;0.50576964005920788;7770;398.5404;7770;64.8823547;7770;62.5141144;7770;10.168767;7770;147.5631
7780;0.48698385570848723;7780;0.5037129355109432;7780;398.809723;7780;64.8091049;7780;62.4897;7780;10.15656;7780;147.441025
7790;0.4872280037842952;7790;0.50506463585506567;7790;398.886658;7790;64.7236557;7790;62.4042473;7790;10.15656;7790;147.477646
7800;0.48783837397381513;7800;0.50455238919764012;7800;399.079;7800;64.71145;7800;62.3676262;7800;10.0955229;7800;147.355576
7810;0.48625141148106332;7810;0.50518594527703042;7810;399.194427;7810;64.7236557;7810;62.6117744;7810;10.0955229;7810;147.477646
7820;0.48533585619678343;7820;0.5051560632647949;7820;399.348328;7820;64.6870346;7820;62.6606026;7820;10.180975;7820;147.50206
7830;0.48576311532944738;7830;0.50517603362657049;7830;399.5022;7830;64.63821;7830;62.4897;7830;10.1199379;7830;147.477646
7840;0.48588518936735137;7840;0.50425447417969937;7840;399.69458;7840;64.67483;7840;62.5019073;7840;10.0589008;7840;147.685165
7850;0.48612933744315934;7850;0.50588764815382947;7850;399.7715;7850;64.58937;7850;62.4774933;7850;9.973449;7850;147.514267
7860;0.48545793023468742;7860;0.505117407213;7860;399.963867;7860;64.58937;7860;62.39204;7860;10.0466928;7860;147.5753
7870;0.48417615283669557;7870;0.50505844535837752;7870;400.117767;7870;64.626;7870;62.4164543;7870;10.1443529;7870;147.685165
7880;0.48380993072298362;7880;0.50433529241035269;7880;400.31012;7880;64.6137848;7880;62.5141144;7880;10.10773;7880;147.697372
7890;0.48515274513992745;7890;0.50621845096009266;7890;400.387054;7890;64.6870346;7890;62.3676262;7890;10.0466928;7890;147.50206
7900;0.4847865230262155;7900;0.50677836626995409;7900;400.502472;7900;64.626;7900;62.4042473;7900;10.0466928;7900;147.587509
7910;0.48509170812097546;7910;0.50597813733680663;7910;400.694824;7910;64.60158;7910;62.52632;7910;10.0100708;7910;147.636337
7920;0.48435926389355155;7920;0.507472051119211;7920;400.7718;7920;64.626;7920;62.4164543;7920;9.997864;7920;147.660751
7930;0.48435926389355155;7930;0.50588394751959531;7930;401.0026;7930;64.57716;7930;62.3310051;7930;9.985657;7930;147.721786
7940;0.4856410412915434;7940;0.50594510121126823;7940;401.1565;7940;64.63821;7940;62.3187981;7940;9.92462;7940;147.758423
7950;0.48570207831049539;7950;0.506038072625459;7950;401.3104;7950;64.7236557;7950;62.5019073;7950;9.973449;7950;147.795044
7960;0.48509170812097546;7960;0.50555314261259832;7960;401.502747;7960;64.7236557;7960;62.52632;7960;10.0711079;7960;147.636337
7970;0.48448133793145554;7970;0.50551947515497764;7970;401.656616;7970;64.71145;7970;62.39204;7970;10.10773;7970;147.660751
7980;0.48472548600726351;7980;0.50457934991040532;7980;401.849;7980;64.63821;7980;62.4774933;7980;10.0589008;7980;147.7462
7990;0.48472548600726351;7990;0.502906240147225;7990;402.0798;7990;64.58937;7990;62.53853;7990;10.0589008;7990;147.856079
8000;0.48545793023468742;8000;0.503905377387865;8000;402.195221;8000;64.626;8000;62.4042473;8000;10.0466928;8000;147.709579
8010;0.48429822687459956;8010;0.50300904993041984;8010;402.3876;8010;64.58937;8010;62.4774933;8010;9.961242;8010;147.795044
8020;0.48380993072298362;8020;0.50377843780648279;8020;402.503021;8020;64.57716;8020;62.53853;8020;9.985657;8020;147.758423
8030;0.48344370860927166;8030;0.50466545108710958;8030;402.6184;8030;64.63821;8030;62.52632;8030;10.0833158;8030;147.709579
8040;0.48338267159031967;8040;0.50304658327035212;8040;402.849243;8040;64.6870346;8040;62.4774933;8040;10.1199379;8040;147.868286
8050;0.48399304177983959;8050;0.50154532646054339;8050;403.080078;8050;64.54054;8050;62.3676262;8050;10.180975;8050;147.7462
8060;0.48362681966612764;8060;0.50146866261348544;8060;403.233978;8060;64.5283356;8060;62.4408722;8060;10.0955229;8060;147.782837
8070;0.48319956053346369;8070;0.5022229131601;8070;403.3494;8070;64.57716;8070;62.3432121;8070;9.997864;8070;147.807251
8080;0.48277230140079974;8080;0.50258035745686969;8080;403.4648;8080;64.45509;8080;62.3676262;8080;9.973449;8080;147.941528
8090;0.48319956053346369;8090;0.50179814518368637;8090;403.657166;8090;64.38185;8090;62.4774933;8090;9.912412;8090;147.8927
8100;0.48332163457136768;8100;0.50106396333457282;8100;403.849518;8100;64.4062653;8100;62.4408722;8100;10.0833158;8100;147.9049
8110;0.4839320047608876;8110;0.50121116826706469;8110;404.003418;8110;64.51613;8110;62.4408722;8110;10.180975;8110;147.8927
8120;0.48265022736289576;8120;0.50169372243350252;8120;404.1188;8120;64.41847;8120;62.3187981;8120;10.0955229;8120;147.953735
8130;0.48191778313547184;8130;0.5016128192432564;8130;404.2727;8130;64.39406;8130;62.1845131;8130;10.1199379;8130;147.965942
8140;0.48179570909756786;8140;0.50147780206932868;8140;404.4266;8140;64.35743;8140;62.20893;8140;10.1443529;8140;148.002563
8150;0.48161259804071188;8150;0.50040579456688739;8150;404.618958;8150;64.23536;8150;62.25776;8150;10.0589008;8150;148.10022
8160;0.48191778313547184;8160;0.50124935183456243;8160;404.734375;8160;64.22315;8160;62.20893;8160;10.0711079;8160;147.978149
8170;0.48185674611651985;8170;0.4999646950770818;8170;404.9652;8170;64.3330154;8170;62.20893;8170;10.10773;8170;147.929321
8180;0.48222296823023181;8180;0.50085303291464578;8180;405.080627;8180;64.45509;8180;62.20893;8180;10.0711079;8180;147.9049
8190;0.48210089419232782;8190;0.50095856330914934;8190;405.196;8190;64.34522;8190;62.233345;8190;9.997864;8190;148.210083
8200;0.48283333841975173;8200;0.50097295952106458;8200;405.3499;8200;64.23536;8200;62.2699661;8200;10.0466928;8200;148.051392
8210;0.48210089419232782;8210;0.50106831229381565;8210;405.5038;8210;64.32081;8210;62.147892;8210;10.0955229;8210;148.026978
8220;0.48185674611651985;8220;0.50153690199187539;8220;405.619232;8220;64.3086;8220;62.0868568;8220;10.0222788;8220;148.161255
8230;0.48222296823023181;8230;0.50072565449892026;8230;405.811584;8230;64.28419;8230;62.0868568;8230;10.0222788;8230;148.149048
8240;0.48240607928708779;8240;0.50007916806341579;8240;406.003937;8240;64.39406;8240;62.0868568;8240;10.0711079;8240;148.149048
8250;0.48240607928708779;8250;0.50082374064699464;8250;406.119354;8250;64.2963943;8250;62.135685;8250;9.961242;8250;147.990356
8260;0.48210089419232782;8260;0.50205994271647658;8260;406.1963;8260;64.24757;8260;62.0868568;8260;9.949034;8260;148.051392
8270;0.48210089419232782;8270;0.50347769428256883;8270;406.273224;8270;64.25977;8270;61.9891968;8270;9.973449;8270;148.039185
8280;0.48173467207861587;8280;0.50183361397814519;8280;406.504059;8280;64.22315;8280;62.0380249;8280;9.985657;8280;148.0758
8290;0.48246711630603978;8290;0.50047127303638828;8290;406.7349;8290;64.25977;8290;62.07465;8290;10.0955229;8290;147.978149
8300;0.48216193121127982;8300;0.5003992140015654;8300;406.8888;8300;64.28419;8300;62.147892;8300;10.0589008;8300;147.990356
8310;0.48197882015442384;8310;0.50028983889221257;8310;407.042664;8310;64.24757;8310;62.25776;8310;9.997864;8310;147.965942
8320;0.48112430188909594;8320;0.50015997718814442;8320;407.196564;8320;64.28419;8320;62.221138;8320;9.961242;8320;148.026978
8330;0.480758079775384;8330;0.49912820085135334;8330;407.388916;8330;64.2963943;8330;62.1601;8330;9.912412;8330;148.185669
8340;0.48136844996490391;8340;0.49968870012810468;8340;407.504333;8340;64.14991;8340;62.1845131;8340;9.863583;8340;148.088013
8350;0.4814294869838559;8350;0.49806929746881334;8350;407.735168;8350;64.24757;8350;62.1723061;8350;9.949034;8350;148.22229
8360;0.48094119083223996;8360;0.49729360410328532;8360;407.927521;8360;64.3086;8360;62.1234779;8360;9.961242;8360;148.2345
8370;0.48020874660481566;8370;0.49775971000344255;8370;408.042938;8370;64.1377;8370;62.0868568;8370;9.887997;8370;148.173462
8380;0.48033082064271965;8380;0.49923547931060691;8380;408.119873;8380;64.11328;8380;62.147892;8380;9.887997;8380;148.051392
8390;0.4799035615100557;8390;0.49738521676091679;8390;408.3507;8390;64.07666;8390;62.1234779;8390;9.973449;8390;148.210083
8400;0.48045289468062363;8400;0.49812177974823063;8400;408.466125;8400;64.02783;8400;62.0380249;8400;10.0100708;8400;148.0636
8410;0.47984252449110371;8410;0.49807370637458093;8410;408.620026;8410;64.015625;8410;62.06244;8410;10.0222788;8410;147.990356
8420;0.47965941343424773;8420;0.49639407187047219;8420;408.850861;8420;64.11328;8420;61.9891968;8420;9.912412;8420;148.149048
8430;0.47941526535843976;8430;0.49775013228036569;8430;408.9278;8430;64.23536;8430;61.8915367;8430;9.82696;8430;148.2467
8440;0.47923215430158378;8440;0.49749158777619518;8440;409.081665;8440;64.1377;8440;61.9525757;8440;9.790338;8440;148.2345
8450;0.47898800622577581;8450;0.496514844755904;8450;409.274048;8450;64.015625;8450;62.01361;8450;9.790338;8450;148.185669
8460;0.47831659901730389;8460;0.49753052287175115;8460;409.350983;8460;63.9423828;8460;61.9647827;8460;9.87579;8460;148.332169
8470;0.4781945249793999;8470;0.4973919961348589;8470;409.504852;8470;63.8691368;8470;61.7938766;8470;9.912412;8470;148.2467
8480;0.47715689565721603;8480;0.49781700666182493;8480;409.62027;8480;63.8813438;8480;61.69622;8480;9.92462;8480;148.36879
8490;0.47691274758140806;8490;0.49784967397366864;8490;409.77417;8490;63.930172;8490;61.68401;8490;9.887997;8490;148.271133
8500;0.47624134037293614;8500;0.49813625736226919;8500;409.8896;8500;63.8813438;8500;61.8305;8500;9.92462;8500;148.429825
8510;0.47618030335398415;8510;0.49715269902091441;8510;410.08194;8510;63.8447227;8510;61.78167;8510;9.92462;8510;148.454239
8520;0.4757530442213202;8520;0.4968637453211;8520;410.23584;8520;63.72265;8520;61.59856;8520;9.82696;8520;148.417618
8530;0.47581408124027219;8530;0.49506061965076636;8530;410.466675;8530;63.6738167;8530;61.5619354;8530;9.802546;8530;148.49086
8540;0.47593615527817618;8540;0.49565598509261122;8540;410.582062;8540;63.6860237;8540;61.63518;8540;9.814753;8540;148.466446
8550;0.47587511825922418;8550;0.4952908077400503;8550;410.735962;8550;63.6371956;8550;61.7084274;8550;9.814753;8550;148.5519
8560;0.47587511825922418;8560;0.49431926259433057;8560;410.9283;8560;63.5639534;8560;61.63518;8560;9.790338;8560;148.515274
8570;0.47526474806970426;8570;0.49270859410900758;8570;411.159149;8570;63.62499;8570;61.5741463;8570;9.802546;8570;148.539688
8580;0.47550889614551223;8580;0.49265157329532039;8580;411.313049;8580;63.5639534;8580;61.5741463;8580;9.778131;8580;148.36879
8590;0.47483748893704031;8590;0.49443063253388625;8590;411.3515;8590;63.5029144;8590;61.68401;8590;9.790338;8590;148.466446
8600;0.47477645191808832;8600;0.49511131671226605;8600;411.466919;8600;63.51512;8600;61.64739;8600;9.7659235;8600;148.356583
8610;0.47416608172856839;8610;0.49410176837415376;8610;411.659271;8610;63.4907074;8610;61.5131073;8610;9.692678;8610;148.381
8620;0.47428815576647237;8620;0.49175356324245267;8620;411.9286;8620;63.6005745;8620;61.54973;8620;9.692678;8620;148.442032
8630;0.47422711874752038;8630;0.49311943386512191;8630;412.005524;8630;63.5883675;8630;61.68401;8630;9.631641;8630;148.332169
8640;0.47416608172856839;8640;0.49419357541038894;8640;412.082458;8640;63.5517426;8640;61.73284;8640;9.704886;8640;148.417618
8650;0.47398297067171241;8650;0.49388131725715967;8650;412.236359;8650;63.5029144;8650;61.69622;8650;9.7293005;8650;148.429825
8660;0.47367778557695245;8660;0.49305594300845268;8660;412.4287;8660;63.5883675;8660;61.5619354;8660;9.692678;8660;148.405411
8670;0.4740440076906644;8670;0.49322793272601256;8670;412.5826;8670;63.72265;8670;61.53752;8670;9.582812;8670;148.22229
8680;0.47386089663380843;8680;0.49345681319665585;8680;412.698029;8680;63.5639534;8680;61.63518;8680;9.521775;8680;148.258926
8690;0.47428815576647237;8690;0.492505991081996;8690;412.890381;8690;63.5639534;8690;61.6107674;8690;9.582812;8690;148.2345
8700;0.47379985961485643;8700;0.49228137112311676;8700;413.044281;8700;63.6371956;8700;61.5253143;8700;9.546189;8700;148.28334
8710;0.47392193365276042;8710;0.49281465691508963;8710;413.159668;8710;63.6738167;8710;61.5619354;8710;9.595019;8710;148.271133
8720;0.4732505264442885;8720;0.49242204411770085;8720;413.313568;8720;63.6371956;8720;61.53752;8720;9.582812;8720;148.332169
8730;0.47294534134952854;8730;0.49061061698401781;8730;413.5444;8730;63.51512;8730;61.5619354;8730;9.619434;8730;148.271133
8740;0.47294534134952854;8740;0.49193927032609841;8740;413.621338;8740;63.4907074;8740;61.6107674;8740;9.7293005;8740;148.136841
8750;0.47276223029267256;8750;0.49086499333945222;8750;413.8137;8750;63.5639534;8750;61.64739;8750;9.680471;8750;148.258926
8760;0.47270119327372057;8760;0.49137391577671108;8760;413.9291;8760;63.4907074;8760;61.64739;8760;9.619434;8760;148.136841
8770;0.47221289712210446;8770;0.49100534427505993;8770;414.083;8770;63.4540863;8770;61.5741463;8770;9.607226;8770;148.161255
8780;0.47264015625476841;8780;0.491630113898137;8780;414.198425;8780;63.5029144;8780;61.5619354;8780;9.619434;8780;148.0636
8790;0.47196874904629649;8790;0.48983684376561443;8790;414.42926;8790;63.5029144;8790;61.53752;8790;9.582812;8790;148.088013
8800;0.47196874904629649;8800;0.48954771275342879;8800;414.58313;8800;63.5029144;8800;61.4520721;8800;9.558397;8800;148.0758
8810;0.47148045289468055;8810;0.48987493624713191;8810;414.698547;8810;63.4785;8810;61.36662;8810;9.570604;8810;148.124634
8820;0.47166356395153652;8820;0.48952904027830119;8820;414.852448;8820;63.3930473;8820;61.46428;8820;9.558397;8820;148.0636
8830;0.4710531937620166;8830;0.48836939462445711;8830;415.0448;8830;63.3930473;8830;61.4886932;8830;9.521775;8830;148.149048
8840;0.47056489761040066;8840;0.48799828009060575;8840;415.1987;8840;63.44188;8840;61.5253143;8840;9.668263;8840;148.2345
8850;0.47080904568620863;8850;0.48681386578086311;8850;415.391052;8850;63.28318;8850;61.4276543;8850;9.631641;8850;148.173462
8860;0.47032074953459269;8860;0.4868866442657892;8860;415.50647;8860;63.18552;8860;61.36662;8860;9.558397;8860;148.332169
8870;0.47001556443983272;8870;0.48738620381814218;8870;415.6219;8870;63.18552;8870;61.3788261;8870;9.595019;8870;148.2467
8880;0.46922208319345682;8880;0.48547256737875233;8880;415.8527;8880;63.1611061;8880;61.22013;8880;9.521775;8880;148.307755
8890;0.46928312021240881;8890;0.48446895453475242;8890;416.045074;8890;63.1611061;8890;61.1346779;8890;9.460738;8890;148.2467
8900;0.46836756492812892;8900;0.48545401032732494;8900;416.122;8900;63.19773;8900;61.1102638;8900;9.472945;8900;148.381
8910;0.467940305795465;8910;0.4842263767144962;8910;416.314362;8910;63.112278;8910;61.0736427;8910;9.460738;8910;148.405411
8920;0.46702475051118508;8920;0.48435011731658345;8920;416.429779;8920;62.9413757;8920;61.08585;8920;9.558397;8920;148.429825
8930;0.46635334330271316;8930;0.483159148641841;8930;416.622131;8930;62.8925438;8930;61.08585;8930;9.509567;8930;148.454239
8940;0.46653645435956914;8940;0.48328998126300421;8940;416.737549;8940;62.7582626;8940;60.93936;8940;9.387493;8940;148.503067
8950;0.46647541734061715;8950;0.48277580272885123;8950;416.891449;8950;62.7094345;8950;60.95157;8950;9.326456;8950;148.5641
8960;0.46653645435956914;8960;0.4833617408310083;8960;417.006866;8960;62.7948837;8960;61.0492249;8960;9.350871;8960;148.454239
8970;0.46592608417004922;8970;0.48300152461229978;8970;417.160736;8970;62.9169579;8970;61.0003967;8970;9.399701;8970;148.5519
8980;0.4660481582079532;8980;0.48338181320653717;8980;417.276154;8980;62.9169579;8980;60.8783226;8980;9.387493;8980;148.515274
8990;0.46580401013214523;8990;0.48277205650894561;8990;417.430054;8990;62.7948837;8990;60.8172874;8990;9.399701;8990;148.5641
9000;0.4660481582079532;9000;0.48300789460278315;9000;417.545471;9000;62.6972275;9000;60.8783226;9000;9.387493;9000;148.539688
9010;0.46531571398052929;9010;0.48306146359842178;9010;417.6609;9010;62.6483955;9010;61.0003967;9010;9.314249;9010;148.710587
9020;0.46507156590472132;9020;0.4826452328171682;9020;417.814758;9020;62.6850166;9020;61.0003967;9020;9.277627;9020;148.747208
9030;0.46507156590472132;9030;0.483862179954408;9030;417.891724;9030;62.7826767;9030;60.95157;9030;9.302042;9030;148.69838
9040;0.46501052888576933;9040;0.481987536251362;9040;418.122528;9040;62.83151;9040;60.92715;9040;9.326456;9040;148.735
9050;0.4646443067720572;9050;0.48148114106982148;9050;418.276428;9050;62.83151;9050;60.8783226;9050;9.326456;9050;148.796051
9060;0.46433912167729724;9060;0.48013624546956762;9060;418.468781;9060;62.8437157;9060;60.92715;9060;9.314249;9060;148.954742
9070;0.4647053437910092;9070;0.48188558780942048;9070;418.507263;9070;62.7826767;9070;60.9637756;9070;9.204383;9070;148.8937
9080;0.46378978850672931;9080;0.48066186122535481;9080;418.699615;9080;62.7826767;9080;61.0126038;9080;9.192175;9080;148.930328
9090;0.46366771446882532;9090;0.48045468183284579;9090;418.853516;9090;62.7826767;9090;60.95157;9090;9.16776;9090;148.7228
9100;0.46287423322244942;9100;0.47930677325889492;9100;419.045868;9100;62.8193;9100;60.93936;9100;9.228797;9100;148.7228
9110;0.46275215918454543;9110;0.47968784133782844;9110;419.1613;9110;62.83151;9110;60.98819;9110;9.265419;9110;148.637344
9120;0.46195867793816953;9120;0.47819457390414927;9120;419.353638;9120;62.6972275;9120;60.9637756;9120;9.192175;9120;148.747208
9130;0.46147038178655359;9130;0.4775009864527569;9130;419.5075;9130;62.6483955;9130;61.0003967;9130;9.253212;9130;148.8815
9140;0.46128727072969761;9140;0.47719105923500321;9140;419.6614;9140;62.6483955;9140;60.9637756;9140;9.16776;9140;148.735
9150;0.46073793755912967;9150;0.4765731797183832;9150;419.8153;9150;62.6483955;9150;60.98819;9150;9.094516;9150;148.844879
9160;0.45994445631275377;9160;0.47692475950828622;9160;419.930725;9160;62.63619;9160;60.9637756;9160;9.094516;9160;148.735
9170;0.45908993804742587;9170;0.47629597102484145;9170;420.0846;9170;62.53853;9170;60.8661156;9170;9.033479;9170;148.747208
9180;0.45890682699056989;9180;0.47497394412235444;9180;420.276947;9180;62.42866;9180;60.74404;9180;8.996857;9180;148.710587
9190;0.457930234687338;9190;0.47585367744355389;9190;420.3539;9190;62.4408722;9190;60.8294945;9190;9.021272;9190;148.783844
9200;0.457930234687338;9200;0.47684131112683908;9200;420.430847;9200;62.4042473;9200;60.7684555;9200;9.155553;9200;148.710587
9210;0.45731986449781808;9210;0.47541803018104556;9210;420.6232;9210;62.35542;9210;60.64638;9210;9.118931;9210;148.808258
9220;0.45689260536515375;9220;0.47337156171603684;9220;420.854034;9220;62.3187981;9220;60.6219673;9220;9.082309;9220;148.820465
9230;0.45585497604296987;9230;0.47414523846174783;9230;420.930969;9230;62.147892;9230;60.438858;9230;9.021272;9230;148.783844
9240;0.45573290200506589;9240;0.47439259147891866;9240;421.0464;9240;62.1601;9240;60.341198;9240;8.874783;9240;148.747208
9250;0.45518356883449795;9250;0.47455007203807809;9250;421.1618;9250;62.0990639;9250;60.353405;9250;8.93582;9250;148.710587
9260;0.45445112460707404;9260;0.47390123253057054;9260;421.3157;9260;62.1234779;9260;60.32899;9260;9.082309;9260;148.820465
9270;0.45451216162602603;9270;0.47261309967226689;9270;421.508057;9270;62.0990639;9270;60.2435379;9270;8.960235;9270;148.796051
9280;0.45377971739860212;9280;0.4723945001728464;9280;421.623474;9280;61.9647827;9280;60.2191238;9280;8.801538;9280;149.003571
9290;0.45347453230384216;9290;0.4711089653718904;9290;421.815826;9290;61.94037;9290;60.292366;9290;8.8137455;9290;148.966949
9300;0.45268105105746625;9300;0.47050724193567844;9300;421.969727;9300;61.9647827;9300;60.23133;9300;8.874783;9300;149.015778
9310;0.45304727317117821;9310;0.46998164107256107;9310;422.1236;9310;61.9037437;9310;60.0604248;9310;8.801538;9310;148.905914
9320;0.45225379192480231;9320;0.4707616596980993;9320;422.200531;9320;61.74505;9320;60.13367;9320;8.764915;9320;148.832672
9330;0.45158238471633039;9330;0.46935687408370441;9330;422.3929;9330;61.74505;9330;60.32899;9330;8.728293;9330;148.905914
9340;0.45103305154576245;9340;0.47096511556735071;9340;422.431366;9340;61.7572556;9340;60.2069168;9340;8.679464;9340;148.905914
9350;0.4506057924130985;9350;0.4709027569087153;9350;422.546783;9350;61.6718025;9350;60.1458778;9350;8.655049;9350;148.991364
9360;0.45036164433729053;9360;0.46879047419037778;9360;422.777618;9360;61.59856;9360;60.23133;9360;8.630634;9360;148.954742
9370;0.44956816309091463;9370;0.46894560471479013;9370;422.893036;9370;61.6595955;9370;60.1825;9370;8.630634;9370;148.979156
9380;0.44956816309091463;9380;0.46843048877244126;9380;423.046936;9380;61.7084274;9380;60.0604248;9380;8.594012;9380;148.930328
9390;0.44907986693929852;9390;0.46835900552061394;9390;423.162354;9390;61.69622;9390;59.9871826;9390;8.606219;9390;149.076813
9400;0.44932401501510666;9400;0.46777773901256053;9400;423.316223;9400;61.6229744;9400;60.0482178;9400;8.618427;9400;148.954742
9410;0.44853053376873059;9410;0.46777484681636056;9410;423.431641;9410;61.59856;9410;60.0604248;9410;8.496353;9410;149.015778
9420;0.4484084597308266;9420;0.466436725858976;9420;423.624;9420;61.6107674;9420;60.03601;9420;8.496353;9420;148.991364
9430;0.44773705252235468;9430;0.46640878496084914;9430;423.7394;9430;61.6107674;9430;60.03601;9430;8.581805;9430;149.08902
9440;0.44749290444654671;9440;0.46725095056722277;9440;423.816345;9440;61.7572556;9440;60.03601;9440;8.50856;9440;149.198883
9450;0.44724875637073874;9450;0.46670370636033454;9450;423.970245;9450;61.7572556;9450;59.9749756;9450;8.496353;9450;149.08902
9460;0.44669942320017081;9460;0.46434660565801333;9460;424.20108;9460;61.63518;9460;60.0848427;9460;8.532975;9460;149.174469
9470;0.44645527512436284;9470;0.46455641598353403;9470;424.3165;9470;61.6229744;9470;60.13367;9470;8.435316;9470;149.015778
9480;0.44584490493484291;9480;0.465255254589123;9480;424.393433;9480;61.6229744;9480;60.0604248;9480;8.398694;9480;149.08902
9490;0.4459059419537949;9490;0.46525623997524329;9490;424.50885;9490;61.5619354;9490;60.0604248;9490;8.471938;9490;149.0646
9500;0.445051423688467;9500;0.46521217902690959;9500;424.624268;9500;61.5863533;9500;60.09705;9500;8.484145;9500;149.162262
9510;0.445112460707419;9510;0.46390711294276954;9510;424.81662;9510;61.6229744;9510;60.1458778;9510;8.435316;9510;149.076813
9520;0.44462416455580306;9520;0.463927863002122;9520;424.932037;9520;61.6107674;9520;60.1580849;9520;8.337657;9520;149.0646
9530;0.44444105349894708;9530;0.46248023942295768;9530;425.1244;9530;61.63518;9530;60.267952;9530;8.374279;9530;149.08902
9540;0.44376964629047516;9540;0.4617956936926248;9540;425.2783;9540;61.59856;9540;60.2191238;9540;8.325449;9540;149.015778
9550;0.4434644611957152;9550;0.46002789490420992;9550;425.470642;9550;61.5009;9550;60.0726357;9550;8.27662;9550;149.21109
9560;0.44322031311990723;9560;0.4600106912492245;9560;425.58606;9560;61.4398651;9560;60.0238037;9560;8.301035;9560;149.162262
9570;0.44236579485457933;9570;0.45940857885675473;9570;425.73996;9570;61.4764862;9570;60.03601;9570;8.374279;9570;149.0646
9580;0.44236579485457933;9580;0.45878684316280977;9580;425.893829;9580;61.4398651;9580;59.90173;9580;8.410901;9580;148.905914
9590;0.44138920255134728;9590;0.457752644247851;9590;426.047729;9590;61.4154472;9590;59.6819954;9590;8.410901;9590;149.150055
9600;0.44096194341868333;9600;0.45760880782528884;9600;426.163147;9600;61.342205;9600;59.6819954;9600;8.362072;9600;149.186676
9610;0.44004638813440344;9610;0.45816514491566984;9610;426.240082;9610;61.256752;9610;59.7430344;9610;8.239998;9610;149.2355
9620;0.43961912900173949;9620;0.45582941143887767;9620;426.470917;9620;61.1590919;9620;59.65758;9620;8.239998;9620;149.2355
9630;0.4387646107364116;9630;0.45585442627002853;9630;426.586334;9630;61.1102638;9630;59.6942062;9630;8.22779;9630;149.113434
9640;0.43833735160374765;9640;0.45495559656201462;9640;426.7402;9640;61.1590919;9640;59.6819954;9640;8.215583;9640;149.272141
9650;0.43760490737632374;9650;0.45472033216014746;9650;426.855621;9650;60.9637756;9650;59.5110931;9650;8.154546;9650;149.247711
9660;0.43693350016785182;9660;0.45304238915821604;9660;427.047974;9660;60.95157;9660;59.42564;9660;8.130131;9660;149.382
9670;0.43662831507309185;9670;0.45310151264384385;9670;427.1634;9670;61.0980568;9670;59.5233;9670;8.203376;9670;149.394211
9680;0.435468611713004;9680;0.45284859581449721;9680;427.2788;9680;60.9637756;9680;59.5110931;9680;8.239998;9680;149.430832
9690;0.4353465376751;9690;0.4525783114289359;9690;427.394226;9690;60.7806625;9690;59.3646049;9690;8.154546;9690;149.430832
9700;0.43443098239082012;9700;0.45320231048433945;9700;427.471161;9700;60.8783226;9700;59.34019;9700;8.093509;9700;149.5407
9710;0.43436994537186813;9710;0.45263479409675828;9710;427.625061;9710;60.9149437;9710;59.34019;9710;7.99584961;9710;149.308762
9720;0.43363750114444422;9720;0.45238125577435617;9720;427.740479;9720;60.8050766;9720;59.29136;9720;8.056887;9720;149.345383
9730;0.43345439008758807;9730;0.45297267500421068;9730;427.8174;9730;60.8783226;9730;59.1570778;9730;8.081302;9730;149.443039
9740;0.43308816797387611;9740;0.4521791034158183;9740;427.9713;9740;60.8294945;9740;59.0227966;9740;8.020265;9740;149.333176
9750;0.43290505691702014;9750;0.44976155485989422;9750;428.202148;9750;60.7806625;9750;59.1937027;9750;7.99584961;9750;149.382
9760;0.43266090884121217;9760;0.44960185826993476;9760;428.317566;9760;60.7318344;9760;59.24253;9760;7.87377548;9760;149.35759
9770;0.43229468672750021;9770;0.44915243601493759;9770;428.432983;9770;60.5853462;9770;59.1692848;9770;7.87377548;9770;149.528488
9780;0.43229468672750021;9780;0.44898017090781567;9780;428.54837;9780;60.54872;9780;59.1326637;9780;7.87377548;9780;149.516281
9790;0.43144016846217231;9790;0.44905876893648505;9790;428.6638;9790;60.74404;9790;59.20591;9790;7.824946;9790;149.467453
9800;0.43162327951902829;9800;0.4484579995562521;9800;428.8177;9800;60.8661156;9800;59.1570778;9800;7.824946;9800;149.284348
9810;0.43082979827265239;9810;0.44884210258269386;9810;428.894623;9810;60.7684555;9810;59.0960426;9810;7.7883234;9810;149.3698
9820;0.43064668721579641;9820;0.44867621469473262;9820;429.01004;9820;60.6952133;9820;59.1692848;9820;7.739494;9820;149.284348
9830;0.43040253913998844;9830;0.4470995515046734;9830;429.2024;9830;60.7684555;9830;59.0227966;9830;7.71507931;9830;149.284348
9840;0.43009735404522847;9840;0.4447264771673517;9840;429.433228;9840;60.95157;9840;59.0960426;9840;7.763909;9840;149.455246
9850;0.42979216895046851;9850;0.44595480025335482;9850;429.4717;9850;60.9027367;9850;59.2547379;9850;7.77611637;9850;149.443039
9860;0.42942594683675656;9860;0.44645687382450716;9860;429.548645;9860;60.8661156;9860;59.3279839;9860;7.739494;9860;149.430832
9870;0.42924283577990058;9870;0.44492033922087082;9870;429.741;9870;60.8783226;9870;59.24253;9870;7.77611637;9870;149.296555
9880;0.42838831751457268;9880;0.44385421387340929;9880;429.8949;9880;60.8783226;9880;59.1326637;9880;7.83715343;9880;149.418625
9890;0.42875453962828464;9890;0.44451848767083829;9890;429.971832;9890;60.9027367;9890;59.1692848;9890;7.727287;9890;149.272141
9900;0.42808313241981272;9900;0.44346141768502095;9900;430.125732;9900;60.8417;9900;59.1692848;9900;7.593005;9900;149.308762
9910;0.42783898434400475;9910;0.44317436302000568;9910;430.24115;9910;60.8417;9910;59.1570778;9910;7.593005;9910;149.35759
9920;0.42735068819238881;9920;0.44429709927981909;9920;430.2796;9920;60.92715;9920;59.1937027;9920;7.66624975;9920;149.5407
9930;0.42728965117343681;9930;0.44257971539616636;9930;430.472;9930;60.9149437;9930;59.24253;9930;7.678457;9930;149.528488
9940;0.42643513290810892;9940;0.44093394589948043;9940;430.664337;9940;60.75625;9940;59.24253;9940;7.58079767;9940;149.284348
9950;0.425946836756493;9950;0.44128260615440656;9950;430.741272;9950;60.74404;9950;59.24253;9950;7.531968;9950;149.394211
9960;0.425885799737541;9960;0.44163613053873385;9960;430.8182;9960;60.7196274;9960;59.1692848;9960;7.60521269;9960;149.47966
9970;0.42509231849116491;9970;0.44045479182002106;9970;430.9721;9970;60.6952133;9970;59.0838356;9970;7.678457;9970;149.638351
9980;0.42503128147221292;9980;0.44034114095363952;9980;431.087524;9980;60.64638;9980;59.0960426;9980;7.678457;9980;149.394211
9990;0.424298837244789;9990;0.44075150857814566;9990;431.164459;9990;60.64638;9990;59.07163;9990;7.69066429;9990;149.418625
10000;0.424298837244789;10000;0.439637810582608;10000;431.318359;10000;60.6219673;10000;58.9861755;10000;7.678457;10000;149.47966
10010;0.42356639301736509;10010;0.43893212782441327;10010;431.433777;10010;60.365612;10010;58.9373436;10010;7.678457;10010;149.662766
10020;0.42338328196050912;10020;0.43792562866081031;10020;431.587646;10020;60.4510651;10020;58.8885155;10020;7.593005;10020;149.699387
10030;0.42265083773308521;10030;0.43848178076891647;10030;431.6646;10030;60.5243073;10030;58.8518944;10030;7.531968;10030;149.60173
10040;0.42234565263832524;10040;0.43793183349753184;10040;431.78;10040;60.37782;10040;58.8396873;10040;7.56859;10040;149.699387
10050;0.42197943052461329;10050;0.43896708025845366;10050;431.818481;10050;60.2557449;10050;58.7420273;10050;7.531968;10050;149.674973
10060;0.42143009735404535;10060;0.43778142839717082;10060;431.972382;10060;60.19471;10060;58.6443672;10060;7.507553;10060;149.736008
10070;0.42130802331614137;10070;0.43758577259410075;10070;432.0878;10070;60.267952;10070;58.7420273;10070;7.32444239;10070;149.626144
10080;0.42057557908871746;10080;0.436375064020364;10080;432.241669;10080;60.2435379;10080;58.6932;10080;7.373272;10080;149.736008
10090;0.42081972716452543;10090;0.43531614841670452;10090;432.395569;10090;60.1825;10090;58.63216;10090;7.531968;10090;149.626144
10100;0.41996520889919753;10100;0.43408117807527469;10100;432.549438;10100;60.1458778;10100;58.7176132;10100;7.531968;10100;149.736008
10110;0.41990417188024554;10110;0.43375913418513679;10110;432.664856;10110;60.1214638;10110;58.72982;10110;7.507553;10110;149.638351
10120;0.41911069063386963;10120;0.43322048278267439;10120;432.780273;10120;60.03601;10120;58.5833321;10120;7.373272;10120;149.7238
10130;0.4185613574633017;10130;0.43281043815214737;10130;432.8957;10130;60.0115967;10130;58.5467072;10130;7.22678328;10130;149.7116
10140;0.41807306131168576;10140;0.4332896281231074;10140;432.972626;10140;60.09705;10140;58.5222931;10140;7.19016075;10140;149.613937
10150;0.41746269112216544;10150;0.4303927451952731;10150;433.203461;10150;60.0726357;10150;58.5222931;10150;7.214576;10150;149.931335
10160;0.41685232093264551;10160;0.43142253575468559;10160;433.241943;10160;59.96277;10160;58.485672;10160;7.28782;10160;149.833679
10170;0.4161198767052216;10170;0.43028253130143257;10170;433.3958;10170;59.9261436;10170;58.40022;10170;7.28782;10170;149.772644
10180;0.41636402478102957;10180;0.42984537371337461;10180;433.51123;10180;59.86511;10180;58.40022;10180;7.214576;10180;149.7116
10190;0.41520432142094171;10190;0.4279183618603587;10190;433.7036;10190;59.9383545;10190;58.3880119;10190;7.214576;10190;149.809265
10200;0.41489913632618175;10200;0.42824748554956904;10200;433.780548;10200;59.9383545;10200;58.3391838;10200;7.09250164;10200;149.748215
10210;0.41410565507980585;10210;0.4290881363822116;10210;433.819;10210;59.75524;10210;58.31477;10210;6.982635;10210;149.760437
10220;0.4136783959471419;10220;0.42937173659039712;10220;433.895966;10220;59.8284874;10220;58.473465;10220;7.03146458;10220;149.809265
10230;0.412823877681814;10230;0.42817557793417016;10230;434.049835;10230;59.8773155;10230;58.412426;10230;7.03146458;10230;149.845886
10240;0.41233558153019806;10240;0.42687220154798772;10240;434.203735;10240;59.8284874;10240;58.31477;10240;6.99484253;10240;149.906921
10250;0.41166417432172614;10250;0.42785363278480343;10250;434.242218;10250;59.81628;10250;58.3391838;10250;6.93380547;10250;149.8825
10260;0.41093173009430223;10260;0.42648657643554233;10260;434.3961;10260;59.7064133;10260;58.3635979;10260;6.946013;10260;149.943542
10270;0.41111484115115821;10270;0.42536785850243281;10270;434.55;10270;59.6819954;10270;58.2781448;10270;6.90939045;10270;149.772644
10280;0.41019928586687832;10280;0.42401558521709865;10280;434.703857;10280;59.7308273;10280;58.2293167;10280;6.90939045;10280;149.95575
10290;0.40989410077211819;10290;0.42349440066105665;10290;434.819275;10290;59.6942062;10290;58.2415237;10290;6.921598;10290;149.919128
10300;0.4089175084688863;10300;0.42287815424282305;10300;434.9347;10300;59.6453743;10300;58.15607;10300;6.84835339;10300;149.980164
10310;0.40849024933622236;10310;0.42301468112011653;10310;435.011627;10310;59.62096;10310;58.1682777;10310;6.738487;10310;150.028992
10320;0.40787987914670243;10320;0.422518437769744;10320;435.127045;10320;59.65758;10320;58.1926956;10320;6.72627926;10320;150.004578
10330;0.40751365703299047;10330;0.42200441253111065;10330;435.242462;10330;59.7430344;10330;58.1926956;10330;6.6774497;10330;150.0412
10340;0.40641499069185461;10340;0.422724834684939;10340;435.280945;10340;59.5965462;10340;58.11945;10340;6.61641264;10340;150.126648
10350;0.40549943540757472;10350;0.42125587881270876;10350;435.4348;10350;59.5355072;10350;58.1072426;10350;6.762902;10350;150.285355
10360;0.40556047242652671;10360;0.42089774909352645;10360;435.550232;10360;59.6087532;10360;58.1316566;10360;6.81173134;10360;150.07782
10370;0.4048280281991028;10370;0.41879551947197996;10370;435.7426;10370;59.6453743;10370;58.02179;10370;6.738487;10370;150.187683
10380;0.40433973204748686;10380;0.41731385935237381;10380;435.896484;10380;59.5110931;10380;57.9973755;10380;6.689657;10380;150.260941
10390;0.40354625080111095;10390;0.4174085498798572;10390;435.973419;10390;59.43785;10390;58.08283;10390;6.64082766;10390;150.236511
10400;0.403363139744255;10400;0.41759745868810727;10400;436.050385;10400;59.4134331;10400;58.0339966;10400;6.64082766;10400;150.126648
10410;0.401898251289407;10410;0.41680687710432446;10410;436.1658;10410;59.2791519;10410;57.9607544;10410;6.591998;10410;150.2243
10420;0.40110477004303108;10420;0.4168967940656923;10420;436.242737;10420;59.2181168;10420;57.7288132;10420;6.494339;10420;150.187683
10430;0.40043336283455916;10430;0.41767319345679427;10430;436.281219;10430;59.1204567;10430;57.67998;10430;6.51875353;10430;150.163269
10440;0.39988402966399123;10440;0.41481438219827249;10440;436.512024;10440;59.20591;10440;57.7044;10440;6.494339;10440;150.285355
10450;0.39933469649342329;10450;0.41572026131923984;10450;436.5505;10450;59.1692848;10450;57.60674;10450;6.408887;10450;150.126648
10460;0.39854121524704739;10460;0.41562462252321009;10460;436.627441;10460;59.04721;10460;57.64336;10460;6.469924;10460;150.236511
10470;0.39805291909543145;10470;0.41270625290525864;10470;436.858276;10470;58.9373436;10470;57.582325;10470;6.42109442;10470;150.2121
10480;0.39707632679219956;10480;0.411910784811708;10480;436.9737;10480;58.8518944;10480;57.50908;10480;6.38447237;10480;150.297562
10490;0.39725943784905554;10490;0.41142784600330362;10490;437.0891;10490;58.9373436;10490;57.533493;10490;6.372265;10490;150.114441
10500;0.39622180852687167;10500;0.41058984061961651;10500;437.204529;10500;58.8885155;10500;57.46025;10500;6.29902029;10500;150.273148
10510;0.39548936429944775;10510;0.4097627799966766;10510;437.319946;10510;58.8152733;10510;57.4724579;10510;6.237983;10510;150.383011
10520;0.39451277199621548;10520;0.40908613825123591;10520;437.435364;10520;58.76644;10520;57.46025;10520;6.27460575;10520;150.297562
10530;0.39408551286355153;10530;0.40838356138081988;10530;437.550781;10530;58.68099;10530;57.3503838;10530;6.176946;10530;150.19989
10540;0.39310892056031965;10540;0.40692425174795654;10540;437.704651;10540;58.6443672;10540;57.22831;10540;6.042665;10540;150.175476
10550;0.39207129123813578;10550;0.40684076397597896;10550;437.781616;10550;58.7054062;10550;57.2038956;10550;6.103702;10550;150.3586
10560;0.39207129123813578;10560;0.40755808197947929;10560;437.820068;10560;58.7054062;10560;57.2527237;10560;6.18915367;10560;150.3708
10570;0.39115573595385589;10570;0.40676232060739009;10570;437.9355;10570;58.6565742;10570;57.30155;10570;6.09149456;10570;150.395218
10580;0.390423291726432;10580;0.40600975538991119;10580;438.0509;10580;58.571125;10580;57.26493;10580;6.042665;10580;150.309769
10590;0.38944669942320009;10590;0.40444138845932;10590;438.2048;10590;58.6077461;10590;57.2405167;10590;6.042665;10590;150.456253
10600;0.38956877346110408;10600;0.40373143209060175;10600;438.320221;10600;58.6199532;10600;57.26493;10600;5.94500542;10600;150.383011
10610;0.38822595904416024;10610;0.40429766179911536;10610;438.358673;10610;58.5100861;10610;57.2038956;10610;5.920591;10610;150.444046
10620;0.38761558885464031;10620;0.40278918831007104;10620;438.512573;10620;58.473465;10620;57.1794777;10620;5.93279839;10620;150.395218
10630;0.38676107058931242;10630;0.401936392886183;10630;438.628;10630;58.3758049;10630;57.1550636;10630;5.94500542;10630;150.383011
10640;0.38608966338084033;10640;0.40181484462647388;10640;438.704926;10640;58.3880119;10640;57.0574036;10640;5.84734631;10640;150.46846
10650;0.38560136722922439;10650;0.400978971405358;10650;438.820343;10650;58.3269768;10650;56.9719543;10650;5.749687;10650;150.444046
10660;0.3846858119449445;10660;0.39867279848040749;10660;439.0127;10660;58.43684;10660;56.99637;10660;5.725272;10660;150.59053
10670;0.38419751579332856;10670;0.39938856322466365;10670;439.051178;10670;58.424633;10670;56.98416;10670;5.627613;10670;150.456253
10680;0.38309884945219269;10680;0.39842102315942984;10680;439.1666;10680;58.29035;10680;56.99637;10680;5.63982058;10680;150.517288
10690;0.38291573839533671;10690;0.39764892624340265;10690;439.282;10690;58.3635979;10690;56.99637;10690;5.70085764;10690;150.480667
10700;0.38187810907315284;10700;0.39812741247488387;10700;439.320465;10700;58.31477;10700;57.0207825;10700;5.70085764;10700;150.627151
10710;0.38169499801629686;10710;0.39801214654170264;10710;439.39743;10710;58.31477;10710;57.0574036;10710;5.60319853;10710;150.602737
10720;0.38090151676992096;10720;0.39785600859023063;10720;439.474365;10720;58.31477;10720;56.9231224;10720;5.493332;10720;150.627151
10730;0.38023010956144904;10730;0.395418729117528;10730;439.666718;10730;58.2415237;10730;56.8254662;10730;5.5543685;10730;150.7004
10740;0.37980285042878509;10740;0.39522986048991288;10740;439.743652;10740;58.15607;10740;56.7644272;10740;5.61540556;10740;150.663773
10750;0.37949766533402512;10750;0.39353903842294641;10750;439.897552;10750;58.11945;10750;56.8376732;10750;5.468917;10750;150.724808
10760;0.37900936918240918;10760;0.39485011672935078;10760;439.897552;10760;58.1072426;10760;56.9231224;10760;5.432295;10760;150.67598
10770;0.37778862880336916;10770;0.39461210618998616;10770;439.9745;10770;58.11945;10770;56.93533;10770;5.505539;10770;150.773651
10780;0.37791070284127315;10780;0.39459163516014406;10780;440.051453;10780;58.1316566;10780;56.99637;10780;5.493332;10780;150.517288
10790;0.37699514755699326;10790;0.39501232214744958;10790;440.0899;10790;58.08283;10790;56.99637;10790;5.51774645;10790;150.639359
10800;0.37675099948118529;10800;0.3925554011721904;10800;440.282257;10800;58.08283;10800;56.9109154;10800;5.42008734;10800;150.724808
10810;0.37607959227271337;10810;0.39231366959121017;10810;440.359222;10810;58.05841;10810;56.84988;10810;5.33463526;10810;150.737015
10820;0.37589648121585739;10820;0.39278650405978371;10820;440.397675;10820;57.9485474;10820;56.7156;10820;5.33463526;10820;150.67598
10830;0.37510299996948149;10830;0.3925425094580689;10830;440.47464;10830;57.9363365;10830;56.6789742;10830;5.322428;10830;150.67598
10840;0.37455366679891355;10840;0.39085041125605835;10840;440.6285;10840;58.0462036;10840;56.6789742;10840;5.33463526;10840;150.761444
10850;0.37424848170415359;10850;0.39061110547635697;10850;440.705444;10850;57.98517;10850;56.6789742;10850;5.33463526;10850;150.67598
10860;0.37363811151463366;10860;0.38950383093362112;10860;440.820862;10860;57.9363365;10860;56.7400131;10860;5.346843;10860;150.810272
10870;0.37327188940092171;10870;0.38999257629041689;10870;440.859344;10870;57.8997154;10870;56.6789742;10870;5.31022072;10870;150.724808
10880;0.3724784081545458;10880;0.38968886570288325;10880;440.936279;10880;57.8997154;10880;56.6789742;10880;5.21256161;10880;150.761444
10890;0.37266151921140178;10890;0.38941332463613865;10890;441.013245;10890;57.8508873;10890;56.630146;10890;5.18814659;10890;150.688187
10900;0.37174596392712189;10900;0.38824256771896243;10900;441.128662;10900;57.77764;10900;56.630146;10900;5.236976;10900;150.8469
10910;0.37144077883236193;10910;0.38805193964005252;10910;441.2056;10910;57.8508873;10910;56.5813179;10910;5.322428;10910;150.724808
10920;0.37070833460493785;10920;0.38846504538027837;10920;441.244049;10920;57.8753;10920;56.5813179;10920;5.33463526;10920;150.749222
10930;0.37046418652912988;10930;0.38662498161816683;10930;441.397949;10930;57.8753;10930;56.5569;10930;5.175939;10930;150.834686
10940;0.36997589037751394;10940;0.38770725898610947;10940;441.397949;10940;57.74102;10940;56.50807;10940;5.114902;10940;150.773651
10950;0.369426557206946;10950;0.38660220938070494;10950;441.513367;10950;57.6677742;10950;56.3859978;10950;5.175939;10950;150.749222
10960;0.36912137211218604;10960;0.38555281440449674;10960;441.628784;10960;57.7044;10960;56.42262;10960;5.12710953;10960;150.724808
10970;0.36844996490371412;10970;0.38512452647821566;10970;441.705719;10970;57.67998;10970;56.56911;10970;5.15152454;10970;150.810272
10980;0.36844996490371412;10980;0.38407765383585585;10980;441.821136;10980;57.6677742;10980;56.4836578;10980;5.12710953;10980;150.7004
10990;0.36765648365733822;10990;0.38355326003820234;10990;441.898071;10990;57.594532;10990;56.4836578;10990;5.041658;10990;150.8713
11000;0.36765648365733822;11000;0.38394929179843407;11000;441.936554;11000;57.582325;11000;56.4958649;11000;5.0050354;11000;150.761444
11010;0.36680196539201032;11010;0.38213558228063338;11010;442.090454;11010;57.67998;11010;56.42262;11010;5.0050354;11010;150.773651
11020;0.36661885433515434;11020;0.38169685226365968;11020;442.1674;11020;57.6311531;11020;56.47145;11020;5.07828;11020;150.773651
11030;0.36576433606982645;11030;0.38191019429249606;11030;442.205872;11030;57.5457;11030;56.4836578;11030;5.0050354;11030;150.8591
11040;0.36521500289925851;11040;0.3785363841584502;11040;442.436676;11040;57.6189461;11040;56.33717;11040;4.82192469;11040;150.968964
11050;0.36472670674764257;11050;0.37815989799201394;11050;442.513641;11050;57.582325;11050;56.3249626;11050;4.785302;11050;150.822479
11060;0.36411633655812264;11060;0.37618764424960532;11060;442.6675;11060;57.6311531;11060;56.4470367;11060;4.82192469;11060;150.981171
11070;0.36399426252021866;11070;0.37648135247686304;11070;442.706;11070;57.6189461;11070;56.3982048;11070;4.74868;11070;150.932343
11080;0.36271248512222665;11080;0.37661553134015341;11080;442.744476;11080;57.39921;11080;56.3005447;11080;4.82192469;11080;150.94455
11090;0.36246833704641868;11090;0.37540796277367988;11090;442.859863;11090;57.3381767;11090;56.23951;11090;4.919584;11090;150.883514
11100;0.36130863368633082;11100;0.37416377761491104;11100;442.975281;11100;57.36259;11100;56.2273026;11100;4.895169;11100;150.956757
11110;0.36075930051576288;11110;0.3743318848484114;11110;443.013763;11110;57.26493;11110;56.2273026;11110;4.83413172;11110;150.981171
11120;0.359782708212531;11120;0.37375332153991447;11120;443.0907;11120;57.2771378;11120;56.14185;11120;4.77309465;11120;151.127655
11130;0.35898922696615509;11130;0.37405567652677879;11130;443.129181;11130;57.46025;11130;56.19068;11130;4.69985056;11130;151.152069
11140;0.35801263466292321;11140;0.37497942766351916;11140;443.129181;11140;57.4236259;11140;56.19068;11140;4.6388135;11140;151.139862
11150;0.35715811639759532;11150;0.37283175221813364;11150;443.283081;11150;57.30155;11150;56.1174355;11150;4.57777643;11150;151.298569
11160;0.35673085726493137;11160;0.37227475904012897;11160;443.360016;11160;57.1794777;11160;55.9831543;11160;4.55336142;11160;151.2009
11170;0.35593737601855546;11170;0.37307913739009041;11170;443.360016;11170;57.1184425;11170;55.9343224;11170;4.61439848;11170;151.33519
11180;0.35605945005645945;11180;0.37257397280878729;11180;443.436951;11180;57.0574036;11180;55.8977;11180;4.492325;11180;151.164276
11190;0.35520493179113116;11190;0.37044866400979792;11190;443.590851;11190;56.93533;11190;55.7878342;11190;4.41908026;11190;151.2131
11200;0.35502182073427518;11200;0.36919220534241259;11200;443.706268;11200;56.93533;11200;55.76342;11200;4.48011732;11200;151.103241
11210;0.35410626544999529;11210;0.36711787597122819;11210;443.860138;11210;56.9109154;11210;55.8366661;11210;4.48011732;11210;151.115448
11220;0.35386211737418732;11220;0.36648293595906106;11220;443.937073;11220;56.93533;11220;55.7878342;11220;4.41908026;11220;151.2009
11230;0.35312967314676341;11230;0.36656288798761749;11230;443.975555;11230;56.9109154;11230;55.62914;11230;4.34583569;11230;151.249725
11240;0.35245826593829149;11240;0.36514611557874033;11240;444.090973;11240;56.8865;11240;55.62914;11240;4.34583569;11240;151.3474
11250;0.35148167363505961;11250;0.3645818032282705;11250;444.1679;11250;56.8376732;11250;55.714592;11250;4.321421;11250;151.164276
11260;0.35019989623706776;11260;0.36460095463315523;11260;444.2064;11260;56.8376732;11260;55.66576;11260;4.28479862;11260;151.298569
11270;0.34995574816125979;11270;0.36322283596405386;11270;444.3218;11270;56.7644272;11270;55.5681038;11270;4.260384;11270;151.2131
11280;0.34879604480117193;11280;0.36253462474386405;11280;444.398743;11280;56.7766342;11280;55.5436859;11280;4.235969;11280;151.274155
11290;0.34849085970641197;11290;0.3618363864757797;11290;444.475677;11290;56.7278061;11290;55.5681038;11290;4.13831;11290;151.274155
11300;0.34733115634632394;11300;0.36030588624168192;11300;444.5911;11300;56.5569;11300;55.5070648;11300;4.077273;11300;151.33519
11310;0.346964934232612;11310;0.360482488754575;11310;444.629578;11310;56.7156;11310;55.51927;11310;4.077273;11310;151.2131
11320;0.34580523087252413;11320;0.36044229946829059;11320;444.66806;11320;56.7400131;11320;55.5436859;11320;4.052858;11320;151.371811
11330;0.34525589770195619;11330;0.35896049996645363;11330;444.783478;11330;56.61794;11330;55.6047249;11330;4.016236;11330;151.322983
11340;0.34452345347453228;11340;0.35968540623639528;11340;444.783478;11340;56.544693;11340;55.5436859;11340;4.00402832;11340;151.274155
11350;0.34366893520920438;11350;0.358218966914931;11350;444.8989;11350;56.6423531;11350;55.4948578;11350;3.90636921;11350;151.371811
11360;0.34324167607654044;11360;0.35671836806328272;11360;445.014282;11360;56.605732;11360;55.43382;11360;3.95519876;11360;151.384018
11370;0.34226508377330855;11370;0.355879638459066;11370;445.091248;11370;56.532486;11370;55.2751236;11370;3.9429915;11370;151.481674
11380;0.34208197271645258;11380;0.35583818357737257;11380;445.1297;11380;56.4592438;11380;55.28733;11380;3.83312488;11380;151.420639
11390;0.34086123233741272;11390;0.35566418873277234;11390;445.168182;11390;56.42262;11390;55.5070648;11390;3.85753965;11390;151.652573
11400;0.34049501022370077;11400;0.3556541838521981;11400;445.206665;11400;56.4592438;11400;55.44603;11400;3.88195443;11400;151.591537
11410;0.33933530686361274;11410;0.354856130180249;11410;445.2836;11410;56.532486;11410;55.3117447;11410;3.88195443;11410;151.66478
11420;0.33890804773094879;11420;0.3533909712929531;11420;445.399017;11420;56.4958649;11420;55.42161;11420;3.85753965;11420;151.469467
11430;0.33823664052247687;11430;0.35396456863595938;11430;445.399017;11430;56.3859978;11430;55.43382;11430;3.82091737;11430;151.506088
11440;0.33768730735190894;11440;0.35303226892954148;11440;445.475952;11440;56.3859978;11440;55.3239555;11440;3.784295;11440;151.725815
11450;0.337076937162389;11450;0.35220293771457456;11450;445.5529;11450;56.3127556;11450;55.34837;11450;3.7598803;11450;151.628159
11460;0.33628345591601311;11460;0.34996252401317385;11460;445.7068;11460;56.4470367;11460;55.42161;11460;3.79650259;11460;151.603745
11470;0.33603930784020514;11470;0.34991482747700037;11470;445.74527;11470;56.50807;11470;55.42161;11470;3.73546553;11470;151.481674
11480;0.33512375255592525;11480;0.35036901904103096;11480;445.74527;11480;56.3615837;11480;55.28733;11480;3.686636;11480;151.628159
11490;0.33512375255592525;11490;0.35021566489730571;11490;445.783722;11490;56.3127556;11490;55.2262955;11490;3.69884324;11490;151.57933
11500;0.33390301217688539;11500;0.34928183035794919;11500;445.8607;11500;56.23951;11500;55.2262955;11500;3.71105075;11500;151.591537
11510;0.33341471602526945;11510;0.3469960119189896;11510;446.014557;11510;56.3249626;11510;55.11643;11510;3.66222119;11510;151.493881
11520;0.33262123477889355;11520;0.34601838974501375;11520;446.0915;11520;56.2639236;11520;55.1774635;11520;3.63780642;11520;151.567123
11530;0.33213293862727761;11530;0.34507372946962223;11530;446.168457;11530;56.2517166;11530;55.20188;11530;3.625599;11530;151.591537
11540;0.33133945738090131;11540;0.34624631799891892;11540;446.129974;11540;56.14185;11540;55.28733;11540;3.60118413;11540;151.66478
11550;0.33036286507766943;11550;0.34521584037970532;11550;446.2069;11550;56.0563965;11550;55.3605766;11550;3.55235457;11550;151.762451
11560;0.32975249488814951;11560;0.34294216558949842;11560;446.3608;11560;56.20289;11560;55.2262955;11560;3.46690273;11560;151.567123
11570;0.32871486556596563;11570;0.3419213514482014;11570;446.437744;11570;56.20289;11570;55.10422;11570;3.442488;11570;151.676987
11580;0.32853175450910965;11580;0.34316720633974196;11580;446.3993;11580;56.17847;11580;55.0676;11580;3.442488;11580;151.567123
11590;0.3273110141300698;11590;0.3436072887107543;11590;446.3993;11590;56.1662636;11590;55.0676;11590;3.45469522;11590;151.615952
11600;0.32712790307321382;11600;0.3425534695296214;11600;446.476227;11600;55.99536;11600;54.9943542;11600;3.40586567;11600;151.554916
11610;0.32621234778893393;11610;0.342199011684896;11610;446.5147;11610;55.95874;11610;54.9577332;11610;3.32041383;11610;151.676987
11620;0.32578508865627;11620;0.34045967755380468;11620;446.6301;11620;56.0197754;11620;54.9577332;11620;3.24716949;11620;151.6892
11630;0.32493057039094209;11630;0.34018088059864748;11630;446.668579;11630;56.0319824;11630;54.9333153;11630;3.1983397;11630;151.628159
11640;0.32438123722037415;11640;0.33909793290400414;11640;446.7455;11640;56.04419;11640;54.9821472;11640;3.28379154;11640;151.713608
11650;0.32389294106875804;11650;0.33799362584903653;11650;446.822479;11650;55.95874;11650;54.9333153;11650;3.34482861;11650;151.725815
11660;0.32316049684133413;11660;0.33608678095787;11660;446.9379;11660;55.8732872;11660;54.8844872;11660;3.33262134;11660;151.884521
11670;0.32279427472762218;11670;0.33798463110599059;11670;446.860931;11670;55.82446;11670;54.96994;11670;3.25937676;11670;151.6892
11680;0.32163457136753432;11680;0.33611563570381409;11680;446.976349;11680;55.8366661;11680;55.05539;11680;3.18613243;11680;151.799072
11690;0.32126834925382236;11690;0.33499113212716825;11690;447.0533;11690;55.8732872;11690;54.9089;11690;3.14951015;11690;151.872314
11700;0.32004760887478251;11700;0.33530712171838806;11700;447.0533;11700;55.8366661;11700;54.7990341;11700;3.14951015;11700;151.896729
11710;0.31986449781792653;11710;0.33503761122862624;11710;447.091766;11710;55.8732872;11710;54.87228;11710;3.088473;11710;151.603745
11720;0.31882686849574265;11720;0.33458393244511636;11720;447.130249;11720;55.8854942;11720;54.8966942;11720;3.0640583;11720;151.713608
11730;0.31821649830622273;11730;0.33255524162135663;11730;447.245667;11730;55.714592;11730;54.750206;11730;3.088473;11730;151.896729
11740;0.31754509109775081;11740;0.33063192236104566;11740;447.361084;11740;55.6047249;11740;54.7013779;11740;3.088473;11740;151.8479
11750;0.3168126468703269;11750;0.33020183929852026;11750;447.399536;11750;55.7756271;11750;54.67696;11750;3.051851;11750;151.969971
11760;0.3162633136997588;11760;0.329702550301272;11760;447.438019;11760;55.7023849;11760;54.664753;11760;2.95419168;11760;151.994385
11770;0.31504257332071894;11770;0.32919641857629262;11770;447.4765;11770;55.6047249;11770;54.664753;11770;2.990814;11770;151.982178
11780;0.31492049928281496;11780;0.32728228213340493;11780;447.5919;11780;55.653553;11780;54.664753;11780;2.94198442;11780;151.945557
11790;0.31363872188482311;11790;0.32600739175031995;11790;447.668854;11790;55.6047249;11790;54.7257919;11790;2.86873984;11790;152.0188
11800;0.31308938871425518;11800;0.32550741028010632;11800;447.7073;11800;55.4704437;11800;54.738;11800;2.844325;11800;151.8601
11810;0.3120517593920713;11810;0.32566171823266471;11810;447.7073;11810;55.48265;11810;54.664753;11810;2.85653257;11810;152.0188
11820;0.31156346324045536;11820;0.32437452145497159;11820;447.784271;11820;55.44603;11820;54.5793037;11820;2.80770278;11820;152.043213
11830;0.31022064882351152;11830;0.3230391300448186;11830;447.8612;11830;55.3117447;11830;54.45723;11830;2.71004367;11830;152.067627
11840;0.30918301950132765;11840;0.32172366010651521;11840;447.938141;11840;55.3361626;11840;54.49385;11840;2.77108073;11840;152.165283
11850;0.30863368633075972;11850;0.320463094894073;11850;448.0151;11850;55.3239555;11850;54.53047;11850;2.746666;11850;152.043213
11860;0.30747398297067169;11860;0.31988063499226088;11860;448.053558;11860;55.4094048;11860;54.4450226;11860;2.69783616;11860;152.128662
11870;0.30680257576219977;11870;0.31926366219975333;11870;448.092041;11870;55.3605766;11870;54.4816437;11870;2.685629;11870;152.140869
11880;0.30533768730735195;11880;0.317881656638712;11880;448.168976;11880;55.28733;11880;54.49385;11880;2.63679934;11880;152.1897
11890;0.304910428174688;11890;0.31725339740698039;11890;448.207458;11890;55.21409;11890;54.43281;11890;2.61238432;11890;152.140869
11900;0.30362865077669615;11900;0.31732208090092512;11900;448.207458;11900;55.21409;11900;54.4450226;11900;2.62459183;11900;152.226318
11910;0.30307931760612822;11910;0.315997907773482;11910;448.2844;11910;55.21409;11910;54.39619;11910;2.62459183;11910;152.079834
11920;0.30191961424604036;11920;0.31599478039088064;11920;448.2844;11920;55.1408424;11920;54.2741165;11920;2.51472521;11920;152.226318
11930;0.30124820703756844;11930;0.31533338003245442;11930;448.322876;11930;55.1896744;11930;54.1764565;11930;2.45368814;11930;152.250748
11940;0.30045472579119237;11940;0.31248293420280776;11940;448.476746;11940;55.1774635;11940;54.0910072;11940;2.46589565;11940;152.165283
11950;0.29947813348796049;11950;0.31098570667549313;11950;448.5537;11950;55.1286354;11950;54.1520424;11950;2.392651;11950;152.32399
11960;0.29880672627948857;11960;0.31176017571559428;11960;448.515228;11960;55.0920143;11960;54.12763;11960;2.30719924;11960;152.226318
11970;0.29758598590044871;11970;0.31102679489943263;11970;448.5537;11970;55.1286354;11970;54.1398354;11970;2.30719924;11970;152.299576
11980;0.29691457869197679;11980;0.31097919201549862;11980;448.5537;11980;54.9577332;11980;54.1032143;11980;2.294992;11980;152.262955
11990;0.29575487533188893;11990;0.31013630017238547;11990;448.592163;11990;54.8478661;11990;54.01776;11990;2.25836968;11990;152.44606
12000;0.29551072725608096;12000;0.30946881128576847;12000;448.630646;12000;54.9821472;12000;54.02997;12000;2.20954013;12000;152.299576
12010;0.29428998687704111;12010;0.30719457663294969;12010;448.746063;12010;54.8844872;12010;54.02997;12010;2.19733262;12010;152.32399
12020;0.29367961668752118;12020;0.3064011091519121;12020;448.784515;12020;54.8600731;12020;54.0543823;12020;2.19733262;12020;152.32399
12030;0.2928250984221929;12030;0.30559457416178842;12030;448.823;12030;54.823452;12030;54.0910072;12030;2.20954013;12030;152.311783
12040;0.292031617175817;12040;0.30475185097573204;12040;448.861481;12040;54.83566;12040;54.02997;12040;2.19733262;12040;152.421646
12050;0.29123813592944109;12050;0.30393449069366268;12050;448.899933;12050;54.8844872;12050;53.93231;12050;2.148503;12050;152.44606
12060;0.29001739555040124;12060;0.30306588337454704;12060;448.938416;12060;54.823452;12060;53.871273;12060;2.11188078;12060;152.482681
12070;0.2894680623798333;12070;0.30297154550723882;12070;448.938416;12070;54.750206;12070;53.8224449;12070;2.050844;12070;152.32399
12080;0.28818628498184146;12080;0.30277800384472253;12080;448.938416;12080;54.7257919;12080;53.84686;12080;2.01422167;12080;152.494888
12090;0.28775902584917751;12090;0.29974004354460948;12090;449.092316;12090;54.7990341;12090;53.9567261;12090;2.01422167;12090;152.458267
12100;0.28647724845118566;12100;0.2980589449107296;12100;449.16925;12100;54.738;12100;53.98114;12100;1.98980677;12100;152.592545
12110;0.28604998931852171;12110;0.2979137221378747;12110;449.16925;12110;54.7257919;12110;53.94452;12110;1.92876983;12110;152.482681
12120;0.28489028595843369;12120;0.297005545498521;12120;449.2077;12120;54.81124;12120;53.9689331;12120;1.91656244;12120;152.531509
12130;0.28385265663624981;12130;0.29606935032563;12130;449.2462;12130;54.762413;12130;53.8346519;12130;1.89214754;12130;152.494888
12140;0.28293710135196992;12140;0.29582599120252895;12140;449.2462;12140;54.6525459;12140;53.8224449;12140;1.8311106;12140;152.482681
12150;0.28189947202978605;12150;0.29488691550525115;12150;449.284668;12150;54.7990341;12150;53.9567261;12150;1.79448831;12150;152.555923
12160;0.28104495376445815;12160;0.29541612668167921;12160;449.2462;12160;54.823452;12160;53.9078941;12160;1.75786614;12160;152.433853
12170;0.27994628742332228;12170;0.29438044325709756;12170;449.284668;12170;54.7257919;12170;53.9078941;12170;1.74565876;12170;152.5071
12180;0.27970213934751431;12180;0.29189346840492147;12180;449.4001;12180;54.664753;12180;53.8346519;12180;1.721244;12180;152.531509
12190;0.27835932493057047;12190;0.29085830132890572;12190;449.438538;12190;54.7135849;12190;53.84686;12190;1.70903659;12190;152.65358
12200;0.27780999176000254;12200;0.28984556122826172;12200;449.47702;12200;54.62813;12200;53.9201;12200;1.69682908;12200;152.5071
12210;0.27671132541886651;12210;0.28874081538203478;12210;449.5155;12210;54.5670967;12210;53.8346519;12210;1.69682908;12210;152.678
12220;0.27616199224829857;12220;0.28917150776543515;12220;449.47702;12220;54.7013779;12220;53.859066;12220;1.61137736;12220;152.714615
12230;0.27494125186925872;12230;0.28884386658695488;12230;449.47702;12230;54.738;12230;53.859066;12230;1.57475507;12230;152.702408
12240;0.27420880764183481;12240;0.28702730797239595;12240;449.553955;12240;54.738;12240;53.8346519;12240;1.59916985;12240;152.702408
12250;0.27298806726279495;12250;0.28446243976236263;12250;449.669373;12250;54.6159248;12250;53.773613;12250;1.55034029;12250;152.592545
12260;0.27188940092165909;12260;0.28259608236322176;12260;449.7463;12260;54.5548859;12260;53.7492;12260;1.56254768;12260;152.616959
12270;0.27134006775109115;12270;0.28221079096178187;12270;449.7463;12270;54.5670967;12270;53.7492;12270;1.57475507;12270;152.580338
12280;0.27018036439100329;12280;0.28247678913061813;12280;449.707855;12280;54.54268;12280;53.7614059;12280;1.44047368;12280;152.775665
12290;0.269447920163579;12290;0.28204248900559925;12290;449.707855;12290;54.43281;12290;53.73699;12290;1.34281445;12290;152.702408
12300;0.26786095767082718;12300;0.28086868583177887;12300;449.7463;12300;54.45723;12300;53.6759529;12300;1.36722922;12300;152.739029
12310;0.26731162450025925;12310;0.2804254692167934;12310;449.7463;12310;54.54268;12310;53.60271;12310;1.34281445;12310;152.775665
12320;0.2660908841212194;12320;0.27993118312002813;12320;449.7463;12320;54.4694366;12320;53.5172577;12320;1.31839967;12320;152.812286
12330;0.26548051393169947;12330;0.27800482475092286;12330;449.823273;12330;54.4450226;12330;53.5782967;12330;1.31839967;12330;152.702408
12340;0.26432081057161161;12340;0.27749277344911766;12340;449.823273;12340;54.39619;12340;53.6637459;12340;1.2573626;12340;152.714615
12350;0.26340525528733172;12350;0.27692678243501406;12350;449.823273;12350;54.3473625;12350;53.5905037;12350;1.2573626;12350;152.909943
12360;0.2627338480788598;12360;0.27564023073830946;12360;449.861725;12360;54.1886673;12360;53.65154;12360;1.24515522;12360;152.885529
12370;0.26145207068086779;12370;0.27437289593676395;12370;449.9002;12370;54.2497025;12370;53.6637459;12370;1.19632554;12370;152.92215
12380;0.26084170049134786;12380;0.27387655261813343;12380;449.9002;12380;54.32295;12380;53.4806366;12380;1.12308121;12380;152.702408
12390;0.259743034150212;12390;0.27329417469285044;12390;449.9002;12390;54.3473625;12390;53.3951836;12390;1.12308121;12390;152.775665
12400;0.25931577501754804;12400;0.27270922252321533;12400;449.9002;12400;54.3717766;12400;53.3951836;12400;1.1352886;12400;152.787872
12410;0.25797296060060421;12410;0.27207122741500078;12410;449.9002;12410;54.2741165;12410;53.5294647;12410;1.12308121;12410;152.873322
12420;0.25748466444898827;12420;0.2700039692180482;12420;449.977142;12420;54.2374954;12420;53.5172577;12420;1.17191076;12420;152.775665
12430;0.2563249610889004;12430;0.26861572256328009;12430;450.015625;12430;54.16425;12430;53.4195976;12430;1.12308121;12430;152.8367
12440;0.25547044282357251;12440;0.2679376824690417;12440;450.015625;12440;54.16425;12440;53.5172577;12440;1.09866631;12440;153.0076
12450;0.25455488753929262;12450;0.26728038233841844;12450;450.015625;12450;54.1764565;12450;53.4928436;12450;1.03762937;12450;152.995392
12460;0.25345622119815658;12460;0.26441255673559322;12460;450.131042;12460;54.2008743;12460;53.3951836;12460;1.00100708;12460;153.0076
12470;0.25260170293282869;12470;0.26374074059063629;12470;450.131042;12470;54.1520424;12470;53.33415;12470;1.00100708;12470;152.8367
12480;0.25144199957274083;12480;0.26154219160654091;12480;450.207977;12480;54.1398354;12480;53.27311;12480;1.00100708;12480;152.995392
12490;0.2508316293832209;12490;0.26154604673869436;12490;450.169525;12490;54.1032143;12490;53.23649;12490;0.9643849;12490;152.983185
12500;0.24924466689046909;12500;0.26153076289221605;12500;450.131042;12500;54.0665932;12500;53.27311;12500;0.9277627;12500;152.995392
12510;0.24863429670094916;12510;0.26153000443107566;12510;450.09256;12510;54.1398354;12510;53.4318047;12510;0.8789331;12510;152.92215
12520;0.24710837122714935;12520;0.26002877074328695;12520;450.131042;12520;54.2008743;12520;53.4928436;12520;0.830103457;12520;152.983185
12530;0.24613177892391747;12530;0.25924280277380696;12530;450.131042;12530;54.1886673;12530;53.3829765;12530;0.817896068;12530;152.970978
12540;0.24509414960173342;12540;0.25768133783473529;12540;450.169525;12540;54.0543823;12540;53.3463554;12540;0.817896068;12540;153.04422
12550;0.24411755729850154;12550;0.25612398649556145;12550;450.207977;12550;54.0910072;12550;53.3585625;12550;0.8056887;12550;153.154083
12560;0.24295785393841368;12560;0.25602443642871758;12560;450.169525;12560;54.1032143;12560;53.2486954;12560;0.769066453;12560;153.154083
12570;0.24173711355937383;12570;0.25445608617657967;12570;450.207977;12570;54.2008743;12570;53.33415;12570;0.7446516;12570;153.16629
12580;0.24106570635090191;12580;0.25361370860950189;12580;450.207977;12580;54.1764565;12580;53.4440155;12580;0.769066453;12580;152.958771
12590;0.23978392895291006;12590;0.2505184052595601;12590;450.3234;12590;54.1520424;12590;53.32194;12590;0.720236838;12590;153.117462
12600;0.23929563280129412;12600;-0.00875013702782157;12600;450.361877;12600;54.1764565;12600;53.30973;12600;0.573748;12600;153.141876
12610;0.23795281838435009;12610;-0.00783645366047131;12610;450.3234;12610;54.0910072;12610;53.3585625;12610;0.5981628;12610;153.1785
12620;0.23679311502426223;12620;-0.0076630930609461467;12620;450.3234;12620;54.1886673;12620;53.2609024;12620;0.6103702;12620;153.105255
12630;0.22617267372661515;12630;-0.0067681302409828836;12630;450.2849;12630;54.0421753;12630;53.2120743;12630;0.6103702;12630;153.373825
12640;0.19144260994293044;12640;-0.0073444568680862132;12640;450.3234;12640;53.13883;12640;53.23649;12640;0.6103702;12640;153.849915
12650;0.14078188421277496;12650;-0.007199184419562632;12650;450.3234;12650;52.66274;12650;53.13883;12650;0.512711;12650;153.862122
12660;0.097933896908475052;12660;-0.0070632776788227547;12660;450.3234;12660;50.9537048;12660;52.95572;12660;0.512711;12660;153.8255
12670;0.067842646565141787;12670;-0.0069367379872132817;12670;450.3234;12670;26.7097988;12670;52.7848129;12670;1.61137736;12670;153.691208
12680;0.050080874050111392;12680;-0.00755052994325911;12680;450.361877;12680;2.19733262;12680;52.6993637;12680;2.16071057;12680;153.8255
12690;0.041596728415784059;12690;-0.0067117646545026832;12690;450.3234;12690;0;12690;52.71157;12690;2.233955;12690;154.045227
12700;0.035981322672200736;12700;-0.0073442965834299989;12700;450.361877;12700;0;12700;52.71157;12700;2.24616241;12700;154.203918
12710;0.033600878933072842;12710;-0.0079862000022571378;12710;450.40033;12710;0;12710;52.74819;12710;1.50151062;12710;154.228333
12720;0.030487990966521217;12720;-0.0064445857410761476;12720;450.3234;12720;0;12720;52.7359848;12720;0.9643849;12720;154.130676
12730;0.026947843867305466;12730;-0.007105234684156303;12730;450.361877;12730;0;12730;52.61391;12730;0.439466536;12730;153.862122
12740;0.021942808313242069;12740;-0.0063133307773194369;12740;450.3234;12740;0;12740;52.57729;12740;0.231940672;12740;153.630173
12750;0.017731254005554219;12750;-0.0069927280205466791;12750;450.361877;12750;0;12750;52.4674225;12750;0.207525864;12750;153.581345
12760;0.014618366039002595;12760;-0.006950536873882307;12760;450.361877;12760;0;12760;52.4918365;12760;0.183111057;12760;153.544724
12770;0.01266518143253883;12770;-0.006917721103367136;12770;450.361877;12770;0;12770;52.4552155;12770;0.183111057;12770;153.471481
12780;0.011566515091402784;12780;-0.0068942810328799786;12780;450.361877;12780;0;12780;52.2965164;12780;0.158696249;12780;153.154083
12790;0.010223700674458946;12790;-0.006880216893762392;12790;450.361877;12790;0;12790;52.4918365;12790;0.146488845;12790;152.800079
12800;0.0096743675038910119;12800;-0.0083374555240882109;12800;450.4388;12800;0;12800;52.5650826;12800;0.158696249;12800;152.641373
12810;0.0089419232764671;12810;-0.0076111802219659408;12810;450.40033;12810;0;12810;52.5284576;12810;0.183111057;12810;152.702408
12820;0.0090639973143710854;12820;-0.0061633176403927958;12820;450.3234;12820;0;12820;52.4918365;12820;0.183111057;12820;152.543716
12830;0.0090639973143710854;12830;-0.0054557943398213515;12830;450.2849;12830;0;12830;52.5284576;12830;0.183111057;12830;152.360611
12840;0.0090639973143710854;12840;-0.0062195734385421808;12840;450.3234;12840;0;12840;52.5650826;12840;0.183111057;12840;152.238525
12850;0.0083925901058991663;12850;-0.0062617645637811359;12850;450.3234;12850;0;12850;52.47963;12850;0.170903653;12850;152.079834
12860;0.0090639973143710854;12860;-0.0077752573480217024;12860;450.40033;12860;0;12860;52.4918365;12860;0.158696249;12860;152.05542
12870;0.0091250343333230781;12870;-0.0063742711845420352;12870;450.3234;12870;0;12870;52.5650826;12870;0.158696249;12870;151.896729
12880;0.0079042939542832251;12880;-0.0064445855696707022;12880;450.3234;12880;0.9033479;12880;52.61391;12880;0.207525864;12880;151.884521
12890;0.0081484420300911957;12890;-0.0072552364598004737;12890;450.361877;12890;1.81890321;12890;52.6261177;12890;0.207525864;12890;151.8601
12900;0.0089419232764671;12900;-0.0073442963691863761;12900;450.361877;12900;1.08645892;12900;52.51625;12900;0.183111057;12900;151.969971
12910;0.0090029602954190928;12910;-0.0067117644188431358;12910;450.3234;12910;0.19531846;12910;52.44301;12910;0.183111057;12910;151.872314
12920;0.0076601458784752554;12920;-0.0068195663365546721;12920;450.3234;12920;0;12920;52.5406647;12920;0.158696249;12920;151.8601
12930;0.0085757011627551442;12930;-0.0076677010583592886;12930;450.361877;12930;0;12930;52.55287;12930;0.170903653;12930;151.982178
12940;0.0088808862575151075;12940;-0.0070632773789291448;12940;450.3234;12940;0;12940;52.6017036;12940;0.219733268;12940;152.116455
12950;0.008087405011139203;12950;-0.00719918409826259;12950;450.3234;12950;0;12950;52.61391;12950;0.268562883;12950;152.262955
12960;0.00753807184057127;12960;-0.0073444565253850125;12960;450.3234;12960;0.09765923;12960;52.51625;12960;0.3051851;12960;152.372818
12970;0.0085757011627551442;12970;-0.0082300565761447841;12970;450.361877;12970;0.3173925;12970;52.5284576;12970;0.354014724;12970;152.5193
12980;0.00869777520065913;12980;-0.0076630926754500117;12980;450.3234;12980;0.354014724;12980;52.5284576;12980;0.3662221;12980;152.65358
12990;0.0074770348216192774;12990;-0.0078364532535824538;12990;450.3234;12990;0.170903653;12990;52.5284576;12990;0.329599917;12990;152.739029
13000;0.00802636799218721;13000;-0.0087501365995463209;13000;450.361877;13000;0.07324442;13000;52.38197;13000;0.3051851;13000;152.726822
13010;0.0084536271248511589;13010;-0.23599318635661937;13010;450.3234;13010;0.0244148076;13010;52.34535;13010;0.378429532;13010;152.946564
13020;0.0081484420300911957;13020;-0.23683941460832642;13020;450.3234;13020;0.0488296151;13020;52.4063835;13020;0.427259147;13020;153.117462
13030;0.0062562944425794244;13030;-0.23769136811917801;13030;450.3234;13030;0.09765923;13030;52.38197;13030;0.3173925;13030;153.141876
13040;0.0032654805139316068;13040;-0.23855145906865349;13040;450.3234;13040;0.134281442;13040;52.3697624;13040;0.2563555;13040;153.1785
13050;0.0019226660969877685;13050;-0.23941734182652583;13050;450.3234;13050;0.109866634;13050;52.34535;13050;0.231940672;13050;153.263962
13060;0.0017395550401317905;13060;-0.24102190946665006;13060;450.361877;13060;0.0488296151;13060;52.3575554;13060;0.219733268;13060;153.3372
13070;0.0016174810022278052;13070;-0.24190269381946727;13070;450.361877;13070;0.0244148076;13070;52.34535;13070;0.207525864;13070;153.398239
13080;0.0015564439832758126;13080;-0.2420555269478942;13080;450.3234;13080;0.06103702;13080;52.3697624;13080;0.183111057;13080;153.5081
13090;0.0012512588885158493;13090;-0.24294566092738;13090;450.3234;13090;0.0488296151;13090;52.4307976;13090;0.183111057;13090;153.64238
13100;0.00149540696432382;13100;-0.24385264836258763;13100;450.3234;13100;0;13100;52.4552155;13100;0.244148076;13100;153.6668
13110;0.00149540696432382;13110;-0.24403873385735877;13110;450.2849;13110;0.0122074038;13110;52.5650826;13110;0.268562883;13110;153.605759
13120;0.0016174810022278052;13120;-0.24495497340182174;13120;450.2849;13120;0.0244148076;13120;52.5284576;13120;0.2563555;13120;153.630173
13130;0.0015564439832758126;13130;-0.24587139151407711;13130;450.2849;13130;0.0244148076;13130;52.3941765;13130;0.231940672;13130;153.740036
13140;0.0015564439832758126;13140;-0.24679586434611625;13140;450.2849;13140;0.03662221;13140;52.4552155;13140;0.207525864;13140;153.8255
13150;0.0016174810022278052;13150;-0.24920418359394375;13150;450.361877;13150;0.07324442;13150;52.4918365;13150;0.219733268;13150;153.727829
13160;0.0018005920590837832;13160;-0.24869237059777843;13160;450.2849;13160;0.0244148076;13160;52.4307976;13160;0.207525864;13160;153.654587
13170;0.0021057771538437464;13170;-0.24965767948130804;13170;450.2849;13170;0.0122074038;13170;52.44301;13170;0.207525864;13170;153.483688
13180;0.0019226660969877685;13180;-0.25135864110408612;13180;450.3234;13180;0.0244148076;13180;52.4918365;13180;0.183111057;13180;153.325
13190;0.001129184850611864;13190;-0.25306125197905771;13190;450.361877;13190;0.0244148076;13190;52.4307976;13190;0.183111057;13190;153.263962
13200;3.0518509475996325E-05;13200;-0.25332062905238051;13200;450.3234;13200;0.0122074038;13200;52.44301;13200;0.219733268;13200;153.093048
13210;-3.0518509475996325E-05;13210;-0.25430766359244666;13210;450.3234;13210;0;13210;52.4918365;13210;0.219733268;13210;153.0198
13220;-0.00021362956633197427;13220;-0.25529675721519618;13220;450.3234;13220;0;13220;52.61391;13220;0.231940672;13220;153.0198
13230;-0.00027466658528396692;13230;-0.25556592124249822;13230;450.2849;13230;0.0122074038;13230;52.61391;13230;0.219733268;13230;152.946564
13240;-0.00027466658528396692;13240;-0.25803084261094833;13240;450.361877;13240;0.0488296151;13240;52.3941765;13240;0.207525864;13240;152.92215
13250;-0.00027466658528396692;13250;-0.25905040018445691;13250;450.361877;13250;0.06103702;13250;52.38197;13250;0.207525864;13250;152.800079
13260;-0.00021362956633197427;13260;-0.25935284187205787;13260;450.3234;13260;0.0488296151;13260;52.4674225;13260;0.244148076;13260;152.641373
13270;-0.00082399975585190077;13270;-0.26112474742036018;13270;450.361877;13270;0.0244148076;13270;52.4307976;13270;0.3051851;13270;152.5071
13280;-0.00070192571794791547;13280;-0.26288486838344727;13280;450.40033;13280;0.0122074038;13280;52.47963;13280;0.268562883;13280;152.482681
13290;-0.00076296273689990812;13290;-0.26319221302018253;13290;450.361877;13290;0.0244148076;13290;52.4552155;13290;0.231940672;13290;152.433853
13300;-0.00045777764213994487;13300;-0.26498720685201005;13300;450.40033;13300;0.0488296151;13300;52.3697624;13300;0.244148076;13300;152.238525
13310;-0.0022278511917479095;13310;-0.26678498270318762;13310;450.4388;13310;0.0488296151;13310;52.3941765;13310;0.2563555;13310;152.092041
13320;-0.0050965910824915641;13320;-0.26710998314301759;13320;450.40033;13320;0.0244148076;13320;52.38197;13320;0.3051851;13320;152.165283
13330;-0.015167699209570529;13330;-0.26818757719206732;13330;450.40033;13330;0.0122074038;13330;52.4063835;13330;0.329599917;13330;152.067627
13340;-0.03286843470564893;13340;-0.26925738885914896;13340;450.40033;13340;0.0488296151;13340;52.3697624;13340;0.268562883;13340;152.031
13350;-0.057954649494918617;13350;-0.26888100005097304;13350;450.3234;13350;0.0488296151;13350;52.34535;13350;0.2563555;13350;151.957764
13360;-0.090121158482619632;13360;-0.26997491065805546;13360;450.3234;13360;0.03662221;13360;52.3575554;13360;0.2807703;13360;151.908936
13370;-0.1210058900723288;13370;-0.27251428602806249;13370;450.40033;13370;0.06103702;13370;52.3575554;13370;0.268562883;13370;152.043213
13380;-0.14548173467207856;13380;-0.27288051473666952;13380;450.361877;13380;0.0488296151;13380;52.3941765;13380;0.244148076;13380;152.043213
13390;-0.16342661824396493;13390;-0.27470206890485022;13390;450.40033;13390;0.09765923;13390;52.4674225;13390;0.231940672;13390;152.17749
13400;-0.17923520615253158;13400;-0.27582227443299967;13400;450.40033;13400;0.122074038;13400;52.47963;13400;0.268562883;13400;152.153076
13410;-0.18527787102877885;13410;-0.27620619754552522;13410;450.361877;13410;0.09765923;13410;52.47963;13410;0.2563555;13410;152.1897
13420;-0.1849116489150669;13420;-0.27731809894399234;13420;450.361877;13420;0.0488296151;13420;52.4063835;13420;0.231940672;13420;152.299576
13430;-0.18259224219489117;13430;-0.27844500930072563;13430;450.361877;13430;0.03662221;13430;52.4063835;13430;0.2807703;13430;152.409439
13440;-0.1849116489150669;13440;-0.28031533826718263;13440;450.40033;13440;0.07324442;13440;52.5284576;13440;0.3051851;13440;152.44606
13450;-0.18942838831751452;13450;-0.28143562996569449;13450;450.40033;13450;0.0488296151;13450;52.4063835;13450;0.2563555;13450;152.629166
13460;-0.19125949888607446;13460;-0.28329468098122407;13460;450.4388;13460;0.0244148076;13460;52.44301;13460;0.2807703;13460;152.873322
13470;-0.19394512771996214;13470;-0.283736414607618;13470;450.40033;13470;0.0122074038;13470;52.6261177;13470;0.3051851;13470;152.800079
13480;-0.19809564500869783;13480;-0.28417790222688033;13480;450.361877;13480;0.0122074038;13480;52.6261177;13480;0.3662221;13480;152.8245
13490;-0.20255134739219338;13490;-0.2846354598977921;13490;450.3234;13490;0.03662221;13490;52.51625;13490;0.439466536;13490;152.787872
13500;-0.20328379161961729;13500;-0.28653932434566382;13500;450.361877;13500;0.03662221;13500;52.47963;13500;0.439466536;13500;152.861115
13510;-0.20719016083254491;13510;-0.28778987726424826;13510;450.361877;13510;0.03662221;13510;52.5406647;13510;0.6103702;13510;152.543716
13520;-0.21030304879909673;13520;-0.28901132815280522;13520;450.361877;13520;0.03662221;13520;52.4307976;13520;0.817896068;13520;152.555923
13530;-0.21207312234870451;13530;-0.290229186030215;13530;450.361877;13530;0.0488296151;13530;52.4063835;13530;1.1108737;13530;152.739029
13540;-0.21488082522049626;13540;-0.29224130824782951;13540;450.40033;13540;0.06103702;13540;52.55287;13540;1.42826629;13540;152.5193
13550;-0.22214423047578355;13550;-0.29503709628397795;13550;450.4773;13550;0.109866634;13550;52.6017036;13550;1.92876983;13550;152.153076
13560;-0.22977385784478291;13560;-0.29492741714549781;13560;450.40033;13560;0.109866634;13560;52.5284576;13560;2.55134749;13560;151.8479
13570;-0.23172704245124667;13570;-0.29699900413166613;13570;450.4388;13570;0.06103702;13570;52.6261177;13570;3.24716949;13570;151.774658
13580;-0.23349711600085454;13580;-0.29839746676564627;13580;450.4388;13580;0.0244148076;13580;52.8214378;13580;4.0894804;13580;151.506088
13590;-0.23581652272103026;13590;-0.29833306748038041;13590;450.361877;13590;0;13590;53.09;13590;5.053865;13590;151.445053
13600;-0.23807489242225408;13600;-0.2997576379601754;13600;450.361877;13600;0.0488296151;13600;53.4440155;13600;6.042665;13600;151.298569
13610;-0.23807489242225408;13610;-0.30121205014208263;13610;450.361877;13610;0.0488296151;13610;53.7492;13610;6.946013;13610;150.94455
13620;-0.24228644672994176;13620;-0.30275361993051203;13620;450.361877;13620;0.03662221;13620;53.98114;13620;8.032472;13620;150.285355
13630;-0.24539933469649347;13630;-0.30349952399348257;13630;450.3234;13630;0.06103702;13630;54.2741165;13630;9.155553;13630;150.175476
13640;-0.24607074190496539;13640;-0.3056612298638271;13640;450.361877;13640;0.03662221;13640;54.7257919;13640;10.217597;13640;150.3708
13650;-0.2476577043977172;13650;-0.306422728417013;13650;450.3234;13650;0.03662221;13650;55.2751236;13650;11.2918482;13650;150.260941
13660;-0.25333414716025271;13660;-0.30799011129601767;13660;450.3234;13660;0.0488296151;13660;55.714592;13660;12.5370035;13660;149.943542
13670;-0.25937681203650004;13670;-0.30738155097129943;13670;450.207977;13670;0.07324442;13670;56.23951;13670;13.7821589;13670;149.613937
13680;-0.25925473799859605;13680;-0.31035804129397587;13680;450.2849;13680;0.06103702;13680;57.03299;13680;14.9296551;13680;149.674973
13690;-0.26065858943449205;13690;-0.312686528251056;13690;450.3234;13690;0.03662221;13690;57.8142662;13690;16.3090916;13690;149.565109
13700;-0.2619403668324839;13700;-0.31351689557756096;13700;450.2849;13700;0.0488296151;13700;58.49788;13700;17.7617722;13700;149.809265
13710;-0.26242866298409984;13710;-0.31504363687673376;13710;450.2849;13710;0.06103702;13710;59.3523979;13710;19.0679646;13710;150.163269
13720;-0.26218451490829187;13720;-0.31512397579992857;13720;450.207977;13720;0.06103702;13720;60.267952;13720;20.2398758;13720;150.3586
13730;-0.26767784661397143;13730;-0.31685951412701574;13730;450.207977;13730;0.07324442;13730;61.1590919;13730;21.71697;13730;149.906921
13740;-0.27335428937650691;13740;-0.31780879737802192;13740;450.169525;13740;0.06103702;13740;62.147892;13740;23.2673111;13740;149.906921
13750;-0.27420880764183481;13750;-0.31941415287927116;13750;450.169525;13750;0.0488296151;13750;63.18552;13750;24.7199936;13750;150.260941
13760;-0.2742698446607868;13760;-0.32105164259371427;13760;450.169525;13760;0.06103702;13760;64.174324;13760;26.1970882;13760;150.5417
13770;-0.27610095522934663;13770;-0.32197372482634479;13770;450.131042;13770;0.122074038;13770;65.21195;13770;27.845089;13770;150.981171
13780;-0.27756584368419446;13780;-0.32292197263457617;13780;450.09256;13780;0.09765923;13780;66.33503;13780;29.24894;13780;151.115448
13790;-0.27585680715353866;13790;-0.32383642542628671;13790;450.0541;13790;0.0488296151;13790;67.4581146;13790;30.4940948;13790;151.310776
13800;-0.28000732444227427;13800;-0.32494934702374328;13800;450.015625;13800;0.07324442;13800;68.568985;13800;32.0932655;13800;151.017792
13810;-0.28574480422376169;13810;-0.32607732090045272;13810;449.977142;13810;0.07324442;13810;69.7531052;13810;33.9243736;13810;150.981171
13820;-0.28922391430402533;13820;-0.32642070604938694;13820;449.9002;13820;0.06103702;13820;71.08371;13820;35.63341;13820;151.139862
13830;-0.28800317392498548;13830;-0.327442316481198;13830;449.861725;13830;0.0488296151;13830;72.30445;13830;37.2203751;13830;151.469467
13840;-0.28952909939878529;13840;-0.32931061832699843;13840;449.861725;13840;0.07324442;13840;73.427536;13840;39.0148621;13840;151.591537
13850;-0.29215369121372115;13850;-0.3305009091595289;13850;449.823273;13850;0.07324442;13850;74.6604843;13850;40.8337669;13850;151.603745
13860;-0.29111606189153727;13860;-0.33316187584320212;13860;449.861725;13860;0.03662221;13860;75.8812256;13860;42.664875;13860;151.676987
13870;-0.29148228400524923;13870;-0.33374512065047351;13870;449.7848;13870;0.0122074038;13870;77.0409241;13870;44.508194;13870;151.408432
13880;-0.293252357554857;13880;-0.33504288217156719;13880;449.7463;13880;0;13880;78.2250443;13880;46.473587;13880;151.420639
13890;-0.29526657918027288;13890;-0.33632448677261578;13890;449.707855;13890;0.0122074038;13890;79.39696;13890;48.37794;13890;151.5183
13900;-0.2941679128391369;13900;-0.33759412877230555;13900;449.669373;13900;0.0488296151;13900;80.50783;13900;50.2334671;13900;151.6892
13910;-0.29770805993835259;13910;-0.33762809066228744;13910;449.553955;13910;0.06103702;13910;81.65533;13910;52.3087234;13910;151.396225
13920;-0.30124820703756827;13920;-0.33905348491494569;13920;449.5155;13920;0.06103702;13920;82.7662;13920;54.32295;13920;151.384018
13930;-0.30240791039765613;13930;-0.34269356653334521;13930;449.592438;13930;0.06103702;13930;83.8770752;13930;56.3249626;13930;151.384018
13940;-0.30228583635975215;13940;-0.34419099135007586;13940;449.553955;13940;0.06103702;13940;84.96353;13940;58.3758049;13940;151.371811
13950;-0.30521561326944796;13950;-0.34585059136703522;13950;449.5155;13950;0.06103702;13950;86.08661;13950;60.6952133;13950;151.249725
13960;-0.30796227912228769;13960;-0.3474925162820206;13960;449.47702;13960;0.06103702;13960;87.3806;13960;62.8437157;13960;151.127655
13970;-0.30668050172429584;13970;-0.34902166585206662;13970;449.438538;13970;0.07324442;13970;88.49147;13970;64.89456;13970;151.322983
13980;-0.30924405652027953;13980;-0.35087183223703533;13980;449.4001;13980;0.06103702;13980;89.5413055;13980;67.18955;13980;151.005585
13990;-0.31406598101748706;13990;-0.35348382938724149;13990;449.4001;13990;0.06103702;13990;90.82308;13990;69.54558;13990;150.810272
14000;-0.31809442426831869;14000;-0.35530858890972083;14000;449.3616;14000;0.109866634;14000;91.958374;14000;71.75512;14000;150.737015
14010;-0.31669057283242286;14010;-0.356292709774162;14010;449.284668;14010;0.146488845;14010;93.1058655;14010;73.75713;14010;150.822479
14020;-0.31858272041993468;14020;-0.35893278438306953;14020;449.284668;14020;0.09765923;14020;94.42427;14020;76.052124;14020;150.8591
14030;-0.32023071993163849;14030;-0.36013043064487904;14030;449.2077;14030;0.0488296151;14030;95.5961761;14030;78.4203644;14030;151.0422
14040;-0.31974242378002254;14040;-0.36356916736625489;14040;449.2462;14040;0.219733268;14040;96.81692;14040;80.59328;14040;151.0422
14050;-0.32145146031067834;14050;-0.36567209048400517;14050;449.2077;14050;1.03762937;14050;97.95221;14050;82.64413;14050;150.785858
14060;-0.32724997711111792;14060;-0.36864573293851238;14060;449.2077;14060;2.25836968;14060;98.96542;14060;84.81704;14060;150.517288
14070;-0.33384197515793324;14070;-0.37144148211076539;14070;449.2077;14070;2.95419168;14070;99.95422;14070;86.66036;14070;150.3708
14080;-0.33384197515793324;14080;-0.37329252001631741;14080;449.16925;14080;3.33262134;14080;101.04068;14080;88.45485;14080;150.639359
14090;-0.33512375255592525;14090;-0.37462469268704968;14090;449.092316;14090;3.65001369;14090;101.931824;14090;90.1883;14090;150.566116
14100;-0.33787041840876492;14100;-0.3766744190301376;14100;449.053833;14100;4.18713951;14100;102.798546;14100;91.9095459;14100;150.59053
14110;-0.34110538041322058;14110;-0.3772757969506817;14110;448.938416;14110;4.77309465;14110;103.421127;14110;93.43547;14110;150.480667
14120;-0.34122745445112457;14120;-0.37913305005381931;14120;448.899933;14120;5.31022072;14120;104.019287;14120;94.77828;14120;150.566116
14130;-0.3426923429059725;14130;-0.3819575210875239;14130;448.899933;14130;5.87176132;14130;104.532;14130;96.06006;14130;150.309769
14140;-0.34348582415234841;14140;-0.38296981799525254;14140;448.823;14140;6.591998;14140;104.849388;14140;97.00003;14140;150.260941
14150;-0.34330271309549243;14150;-0.38434985289511192;14150;448.784515;14150;7.26340532;14150;105.215614;14150;97.7691;14150;150.566116
14160;-0.34580523087252424;14160;-0.38589905971219085;14160;448.746063;14160;7.81273842;14160;105.374306;14160;98.46492;14160;150.59053
14170;-0.34842982268745992;14170;-0.38592925155156937;14170;448.630646;14170;8.239998;14170;105.484177;14170;99.05087;14170;150.602737
14180;-0.35111545152134765;14180;-0.38592727720990433;14180;448.515228;14180;8.679464;14180;105.642876;14180;99.44151;14180;150.480667
14190;-0.35032197027497175;14190;-0.3855818544713418;14190;448.3998;14190;9.363079;14190;105.728325;14190;99.66125;14190;150.639359
14200;-0.35196996978667555;14200;-0.3868210592276195;14200;448.361328;14200;9.851375;14200;105.642876;14200;99.80773;14200;150.578323
14210;-0.35282448805200345;14210;-0.38697744560071118;14210;448.2844;14210;10.3030491;14210;105.6795;14210;99.77111;14210;150.785858
14220;-0.35343485824152338;14220;-0.38496611585401058;14220;448.092041;14220;10.8890038;14220;105.728325;14220;99.588;14220;150.822479
14230;-0.35428937650685144;14230;-0.38442250975631342;14230;447.976624;14230;11.4871674;14230;105.545212;14230;99.3194351;14230;150.773651
14240;-0.3570970793786431;14240;-0.38619329945111908;14240;447.976624;14240;12.048708;14240;105.496384;14240;99.06308;14240;150.59053
14250;-0.35947752311777093;14250;-0.38414140106949934;14250;447.784271;14250;12.5736256;14250;105.38652;14250;98.5992;14250;150.419632
14260;-0.35795159764397111;14260;-0.38223758358305382;14260;447.630371;14260;13.1595812;14260;105.154579;14260;97.8545456;14260;150.724808
14270;-0.35782952360606712;14270;-0.38050246350076222;14270;447.4765;14270;13.7455368;14270;104.886017;14270;97.0610657;14270;150.785858
14280;-0.35843989379558705;14280;-0.37965904043543724;14280;447.361084;14280;14.2948694;14280;104.60524;14280;96.38966;14280;150.773651
14290;-0.35978270821253089;14290;-0.37741831598035391;14290;447.1687;14290;14.5146027;14290;104.361092;14290;95.53514;14290;150.505081
14300;-0.35746330149235517;14300;-0.37626565660665229;14300;447.0533;14300;14.7831659;14300;104.165779;14300;94.46089;14300;150.5417
14310;-0.35837885677663506;14310;-0.3753426391602071;14310;446.9379;14310;15.18601;14310;103.775139;14310;93.42326;14310;150.321976
14320;-0.35911130100405897;14320;-0.37438964296385185;14320;446.822479;14320;15.4423656;14320;103.384506;14320;92.43446;14320;150.2121
14330;-0.35862300485244303;14330;-0.37397964662050676;14330;446.7455;14330;15.7231359;14330;103.164772;14330;91.3235855;14330;150.273148
14340;-0.35697500534073912;14340;-0.37130787927538961;14340;446.553162;14340;16.02832;14340;102.810753;14340;90.0540161;14340;150.309769
14350;-0.35642567217017118;14350;-0.37024279520670017;14350;446.437744;14350;16.3090916;14350;102.322456;14350;88.93094;14350;150.309769
14360;-0.3570970793786431;14360;-0.36917275277587575;14360;446.322327;14360;16.5166168;14360;101.821953;14360;87.7224045;14360;150.260941
14370;-0.3545945616016114;14370;-0.36662135361951714;14370;446.129974;14370;16.63869;14370;101.443527;14370;86.4528351;14370;150.2121
14380;-0.3538010803552355;14380;-0.36354031328151731;14380;445.899139;14380;16.687521;14380;101.004059;14380;85.21989;14380;149.906921
14390;-0.35251930295724349;14390;-0.36313615282839762;14390;445.8222;14390;16.7729721;14390;100.527969;14390;83.95032;14390;149.992371
14400;-0.35258033997619548;14400;-0.36209598852978697;14400;445.7068;14400;16.785181;14400;100.05188;14400;82.74178;14400;150.016785
14410;-0.34983367412335581;14410;-0.35949917307525547;14410;445.514435;14410;16.7729721;14410;99.38048;14410;81.46001;14410;150.163269
14420;-0.34849085970641192;14420;-0.3592987082047821;14420;445.4375;14420;16.7729721;14420;98.6846542;14420;80.22706;14420;150.0412
14430;-0.34714804528946808;14430;-0.3568522126269868;14430;445.245117;14430;16.83401;14430;98.06207;14430;79.0551453;14430;150.102234
14440;-0.34550004577776416;14440;-0.35575792651812049;14440;445.1297;14440;16.8462181;14440;97.46391;14440;77.93207;14440;150.444046
14450;-0.34409619434186833;14450;-0.35340691124299622;14450;444.937347;14450;16.8584251;14450;96.7925;14450;76.80898;14450;150.444046
14460;-0.34214300973540457;14460;-0.35175606875905624;14460;444.783478;14460;16.699728;14460;96.19434;14460;75.6737;14460;150.517288
14470;-0.34183782464064461;14470;-0.3494532633087778;14470;444.5911;14470;16.4799957;14470;95.51073;14470;74.63607;14470;150.566116
14480;-0.33945738090151678;14480;-0.34848213487558566;14480;444.475677;14480;16.3945427;14480;94.6806259;14480;73.54961;14480;150.8469
14490;-0.33866389965514088;14490;-0.34625062339973878;14490;444.283325;14490;16.2114315;14490;94.03363;14490;72.5241852;14490;150.822479
14500;-0.33640552995391709;14500;-0.34607242370023111;14500;444.2064;14500;16.07715;14500;93.41106;14500;71.40111;14500;151.005585
14510;-0.33573412274544517;14510;-0.34454918158740067;14510;444.0525;14510;15.8696251;14510;92.5931549;14510;70.36347;14510;151.06662
14520;-0.33359782708212526;14520;-0.34373425140993025;14520;443.937073;14520;15.6620989;14520;91.7630539;14520;69.28922;14520;151.164276
14530;-0.33237708670308541;14530;-0.341591965685231;14530;443.74472;14530;15.4667807;14530;91.0184;14530;68.3736649;14530;151.164276
14540;-0.33115634632404556;14540;-0.34016198228567363;14540;443.590851;14540;15.2836695;14540;90.32258;14540;67.4581146;14540;151.225311
14550;-0.32963042085024563;14550;-0.33865788813983067;14550;443.436951;14550;15.0761433;14550;89.65118;14550;66.54256;14550;151.469467
14560;-0.32914212469862969;14560;-0.33719971484872163;14560;443.283081;14560;14.893033;14560;88.88211;14560;65.50493;14560;151.5183
14570;-0.32712790307321393;14570;-0.33649496538700874;14570;443.167664;14570;14.7343359;14570;88.22291;14570;64.58937;14570;151.66478
14580;-0.32700582903530995;14580;-0.33664621972722691;14580;443.0907;14580;14.4169436;14580;87.6369553;14580;63.7714767;14580;151.652573
14590;-0.325418866542558;14590;-0.33671986180357288;14590;443.013763;14590;14.1239662;14590;86.94113;14590;62.90475;14590;151.786865
14600;-0.32535782952360603;14600;-0.33535771640801326;14600;442.859863;14600;13.9530621;14600;86.44063;14600;62.0014038;14600;151.8479
14610;-0.32358775597399825;14610;-0.33389509277292251;14610;442.706;14610;13.7333288;14610;85.98895;14610;61.06143;14610;152.128662
14620;-0.32352671895504626;14620;-0.3311954373828464;14620;442.475159;14620;13.3671074;14620;85.41521;14620;60.2435379;14620;152.031
14630;-0.32309945982238231;14630;-0.33139121137211985;14630;442.398224;14630;13.0253;14630;85.03677;14630;59.43785;14630;152.031
14640;-0.32224494155705424;14640;-0.33160032934393241;14640;442.321259;14640;12.8055668;14640;84.60951;14640;58.76644;14640;152.153076
14650;-0.32145146031067834;14650;-0.32967543511680508;14650;442.1289;14650;12.5370035;14650;84.20667;14650;58.07062;14650;152.128662
14660;-0.32035279396954247;14660;-0.32922484746016029;14660;442.0135;14660;12.2684412;14660;84.07239;14660;57.3747978;14660;152.092041
14670;-0.32078005310220642;14670;-0.3273547267448938;14670;441.821136;14670;12.048708;14670;83.7672043;14670;56.605732;14670;151.896729
14680;-0.31943723868526258;14680;-0.32760943959771;14680;441.7442;14680;11.7679377;14680;83.49864;14680;55.8977;14680;151.945557
14690;-0.31992553483687852;14690;-0.32585771027559357;14690;441.551849;14690;11.3895073;14690;83.2667;14690;55.2629166;14690;151.628159
14700;-0.31858272041993468;14700;-0.32615129172570873;14700;441.474884;14700;11.2063971;14700;82.90048;14700;54.664753;14700;151.725815
14710;-0.31858272041993468;14710;-0.32655558272842183;14710;441.397949;14710;11.0110779;14710;82.82723;14710;54.1032143;14710;151.603745
14720;-0.31723990600299079;14720;-0.32400307353470725;14720;441.1671;14720;10.7303076;14720;82.86385;14720;53.4806366;14720;151.5183
14730;-0.31687368388927883;14730;-0.32518537954401511;14730;441.128662;14730;10.43733;14730;82.83944;14730;53.1144142;14730;151.506088
14740;-0.31638538773766289;14740;-0.32489235771037173;14740;441.013245;14740;10.168767;14740;82.68075;14740;52.6017036;14740;151.396225
14750;-0.315469832453383;14750;-0.32387947052882354;14750;440.859344;14750;9.949034;14750;82.63192;14750;52.2232742;14750;151.408432
14760;-0.315530869472335;14760;-0.32293113663712864;14760;440.705444;14760;9.643849;14760;82.59529;14760;51.8814659;14760;151.310776
14770;-0.31418805505539105;14770;-0.32339726397195367;14770;440.6285;14770;9.436323;14770;82.42439;14770;51.5152435;14770;151.322983
14780;-0.3146763512070071;14780;-0.323990894689676;14780;440.551575;14780;9.192175;14780;82.36335;14780;51.2710953;14780;151.152069
14790;-0.31351664784691913;14790;-0.32451758884961451;14790;440.47464;14790;9.045686;14790;82.46101;14790;51.05136;14790;151.18869
14800;-0.3137607959227271;14800;-0.323739207096958;14800;440.32074;14800;8.874783;14800;82.52205;14800;50.91708;14800;150.932343
14810;-0.31247901852473525;14810;-0.32356139018455943;14810;440.205322;14810;8.679464;14810;82.39998;14810;50.8194237;14810;151.054413
14820;-0.31247901852473525;14820;-0.32277086930189852;14820;440.051453;14820;8.484145;14820;82.3389359;14820;50.8560448;14820;151.03
14830;-0.31192968535416732;14830;-0.32199150096960794;14830;439.897552;14830;8.239998;14830;82.3755646;14830;50.8560448;14830;150.956757
14840;-0.31156346324045536;14840;-0.32412748237662625;14840;439.897552;14840;8.056887;14840;82.26569;14840;50.97812;14840;151.0422
14850;-0.31150242622150337;14850;-0.32337540373920676;14850;439.743652;14850;7.84936047;14850;82.2168655;14850;51.05136;14850;151.005585
14860;-0.31028168584246341;14860;-0.3241064802707776;14860;439.666718;14860;7.71507931;14860;82.19245;14860;51.24668;14860;151.054413
14870;-0.31046479689931938;14870;-0.32635081149531692;14870;439.666718;14870;7.58079767;14870;82.19245;14870;51.4664154;14870;151.017792
14880;-0.30930509353923152;14880;-0.32481702435102783;14880;439.474365;14880;7.470931;14880;82.19245;14880;51.6373177;14880;151.249725
14890;-0.31003753776665544;14890;-0.32491166355994844;14890;439.358948;14890;7.409894;14890;82.14362;14890;51.7838058;14890;151.06662
14900;-0.30942716757713551;14900;-0.32573944008188915;14900;439.282;14900;7.30002737;14900;82.00934;14900;52.1256142;14900;151.091034
14910;-0.31040375988036739;14910;-0.325899514216785;14910;439.1666;14910;7.20236826;14910;81.97272;14910;52.51625;14910;151.03
14920;-0.30973235267189547;14920;-0.32657802016743986;14920;439.089661;14920;7.1535387;14920;82.09479;14920;52.66274;14920;151.249725
14930;-0.30942716757713551;14930;-0.32674195306598175;14930;438.974243;14930;7.116916;14930;82.1069946;14930;53.12662;14930;151.286362
14940;-0.30924405652027953;14940;-0.32688775128030567;14940;438.858826;14940;7.06808662;14940;82.05817;14940;53.50505;14940;151.298569
14950;-0.30899990844447156;14950;-0.32842983899377726;14950;438.820343;14950;7.06808662;14950;82.04596;14950;53.773613;14950;151.371811
14960;-0.30973235267189547;14960;-0.32936822245981329;14960;438.7434;14960;6.93380547;14960;82.04596;14960;54.21308;14960;151.33519
14970;-0.30881679738761558;14970;-0.330855372675111;14970;438.704926;14970;6.823939;14970;82.05817;14970;54.49385;14970;151.57933
14980;-0.3094882045960875;14980;-0.33174470451324817;14980;438.628;14980;6.93380547;14980;82.15583;14980;54.68917;14980;151.445053
14990;-0.30906094546342355;14990;-0.33042697482427158;14990;438.435638;14990;7.03146458;14990;82.3023148;14990;55.01877;14990;151.493881
15000;-0.31022064882351141;15000;-0.33062647406973422;15000;438.320221;15000;6.921598;15000;82.42439;15000;55.3605766;15000;151.445053
15010;-0.30979338969084746;15010;-0.33144007050699154;15010;438.243256;15010;6.8727684;15010;82.59529;15010;55.6047249;15010;151.57933
15020;-0.31058687093722348;15020;-0.33234123656228171;15020;438.166321;15020;6.921598;15020;82.66854;15020;55.9221153;15020;151.603745
15030;-0.31028168584246341;15030;-0.33394754155469319;15030;438.127838;15030;6.95822;15030;82.85165;15030;56.1296425;15030;151.591537
15040;-0.30997650074770344;15040;-0.33559338885012435;15040;438.0894;15040;6.97042751;15040;83.108;15040;56.4470367;15040;151.615952
15050;-0.31028168584246341;15050;-0.33428364235029173;15050;437.897034;15050;6.93380547;15050;83.21787;15050;56.691185;15050;151.652573
15060;-0.31028168584246341;15060;-0.33444232825981707;15060;437.781616;15060;6.97042751;15060;83.53526;15060;56.89871;15060;151.652573
15070;-0.31174657429731134;15070;-0.3339771457584641;15070;437.627716;15070;6.982635;15070;83.93811;15070;57.09403;15070;151.420639
15080;-0.3112582781456954;15080;-0.33623549287861315;15080;437.627716;15080;7.019257;15080;84.17005;15080;57.2161026;15080;151.567123
15090;-0.3120517593920713;15090;-0.33640796713197618;15090;437.5123;15090;7.09250164;15090;84.35316;15090;57.4236259;15090;151.57933
15100;-0.31138035218359938;15100;-0.3350796450730823;15100;437.319946;15100;7.12912369;15100;84.64614;15100;57.60674;15100;151.66478
15110;-0.3120517593920713;15110;-0.33676643113885751;15110;437.281464;15110;7.104709;15110;84.85366;15110;57.74102;15110;151.5183
15120;-0.31192968535416732;15120;-0.33836285232888097;15120;437.243;15120;7.080294;15120;85.09781;15120;57.8997154;15120;151.603745
15130;-0.31241798150578326;15130;-0.33860075207440077;15130;437.1276;15130;7.06808662;15130;85.5006561;15130;58.2049026;15130;151.628159
15140;-0.31254005554368725;15140;-0.33808560929829923;15140;436.9737;15140;7.12912369;15140;85.83025;15140;58.3269768;15140;151.5305
15150;-0.31247901852473525;15150;-0.33972341639449344;15150;436.935242;15150;7.20236826;15150;86.0988159;15150;58.5222931;15150;151.603745
15160;-0.31351664784691913;15160;-0.33999856229834785;15160;436.819824;15160;7.20236826;15160;86.28193;15160;58.72982;15160;151.493881
15170;-0.31296731467635119;15170;-0.3402278803390788;15170;436.7044;15170;7.26340532;15170;86.51387;15170;58.9251366;15170;151.481674
15180;-0.31388286996063108;15180;-0.34120632648464355;15180;436.627441;15180;7.373272;15180;86.67257;15180;59.1692848;15180;151.493881
15190;-0.31327249977111116;15190;-0.34284521577511451;15190;436.589;15190;7.44651651;15190;86.8923;15190;59.3646049;15190;151.615952
15200;-0.314371166112247;15200;-0.34320055832380447;15200;436.473572;15200;7.373272;15200;87.13645;15200;59.66979;15200;151.493881
15210;-0.31406598101748706;15210;-0.34342559714799537;15210;436.358154;15210;7.39768648;15210;87.2829361;15210;59.9383545;15210;151.615952
15220;-0.31492049928281507;15220;-0.34459285180215665;15220;436.281219;15220;7.409894;15220;87.3806;15220;60.3900261;15220;151.506088
15230;-0.31522568437757503;15230;-0.34501373067000235;15230;436.1658;15230;7.39768648;15230;87.49046;15230;60.7684555;15230;151.371811
15240;-0.315591906491287;15240;-0.34528923897047187;15240;436.050385;15240;7.44651651;15240;87.60033;15240;61.08585;15240;151.481674
15250;-0.31608020264290293;15250;-0.34637621308613759;15250;435.973419;15250;7.409894;15250;87.61253;15250;61.36662;15250;151.408432
15260;-0.31589709158604695;15260;-0.34746418209499697;15260;435.896484;15260;7.48313856;15260;87.69799;15260;61.7084274;15260;151.408432
15270;-0.31748405407879876;15270;-0.34793526408324676;15270;435.781067;15270;7.531968;15270;87.8444748;15270;62.1234779;15270;151.274155
15280;-0.31742301705984677;15280;-0.34899389916931156;15280;435.704132;15280;7.56859;15280;87.86889;15280;62.4897;15280;151.384018
15290;-0.31900997955259863;15290;-0.35015486833192894;15290;435.6272;15290;7.66624975;15290;87.90552;15290;62.8437157;15290;151.298569
15300;-0.3192541276284066;15300;-0.35196457783827928;15300;435.5887;15300;7.81273842;15300;87.9543457;15300;63.0878639;15300;151.274155
15310;-0.32071901608325443;15310;-0.35255938252864327;15310;435.4733;15310;7.91039753;15310;88.0031738;15310;63.5639534;15310;151.03
15320;-0.32126834925382236;15320;-0.35225662693798293;15320;435.319427;15320;7.93481255;15320;88.12525;15320;64.0522461;15320;151.127655
15330;-0.32255012665181437;15330;-0.35348308124982813;15330;435.242462;15330;7.97143459;15330;88.2107;15330;64.54054;15330;151.115448
15340;-0.32389294106875821;15340;-0.35404095068625513;15340;435.127045;15340;8.056887;15340;88.28394;15340;64.90677;15340;150.883514
15350;-0.32462538529618212;15350;-0.3559620817100495;15350;435.0886;15350;8.142339;15350;88.3938141;15350;65.27299;15350;150.8469
15360;-0.325663014618366;15360;-0.35715999102674068;15360;435.011627;15360;8.142339;15360;88.5403;15360;65.6758347;15360;150.8469
15370;-0.325846125675222;15370;-0.35836565478674925;15370;434.9347;15370;8.313242;15370;88.80886;15370;66.04205;15370;150.810272
15380;-0.32773827326273386;15380;-0.35815193823079144;15380;434.780823;15380;8.459731;15380;88.95535;15380;66.34724;15380;150.651566
15390;-0.32834864345225379;15390;-0.35996429394391638;15390;434.74234;15390;8.581805;15390;88.91873;15390;66.64022;15390;150.785858
15400;-0.33017975402081368;15400;-0.36118532488548472;15400;434.6654;15400;8.716086;15400;88.91873;15400;66.8721542;15400;150.627151
15410;-0.33060701315347762;15410;-0.36097345003698139;15410;434.5115;15410;8.850368;15410;89.08963;15410;67.1773453;15410;150.505081
15420;-0.33237708670308541;15420;-0.36232508598368152;15420;434.43457;15420;8.93582;15420;89.5291;15420;67.5801849;15420;150.321976
15430;-0.33286538285470135;15430;-0.36278132909720517;15430;434.319153;15430;8.972442;15430;89.88312;15430;67.8609543;15430;150.309769
15440;-0.33396404919583722;15440;-0.36254996136881096;15440;434.165253;15440;9.094516;15440;90.04181;15440;68.17835;15440;150.273148
15450;-0.33500167851802126;15450;-0.36375103641490092;15450;434.088318;15450;9.241005;15450;90.27375;15450;68.32484;15450;150.126648
15460;-0.33561204870754119;15460;-0.36561576703011128;15460;434.049835;15460;9.375286;15460;90.70101;15460;68.4835358;15460;150.114441
15470;-0.33689382610553303;15470;-0.36530837788954784;15470;433.895966;15470;9.460738;15470;91.0428162;15470;68.5934;15470;150.028992
15480;-0.33689382610553303;15480;-0.36489491058076906;15480;433.742065;15480;9.607226;15480;91.1648941;15480;68.73989;15480;150.163269
15490;-0.33823664052247693;15490;-0.36389800581057613;15490;433.5497;15490;9.680471;15490;91.26255;15490;68.9108;15490;150.090027
15500;-0.33835871456038091;15500;-0.36502484769524457;15500;433.472778;15500;9.87579;15500;91.44566;15500;69.03287;15500;150.090027
15510;-0.34006775109103671;15510;-0.36702478768589253;15510;433.4343;15510;9.887997;15510;91.75085;15510;69.26481;15510;149.980164
15520;-0.33988464003418073;15520;-0.36728751919013009;15520;433.318878;15520;9.887997;15520;91.94617;15520;69.35026;15520;150.175476
15530;-0.34067812128055663;15530;-0.36832411185773772;15530;433.241943;15530;10.1321449;15530;92.12928;15530;69.44792;15530;150.321976
15540;-0.34080019531846062;15540;-0.36946485429437709;15540;433.165;15540;10.217597;15540;92.42226;15540;69.50896;15540;150.273148
15550;-0.34122745445112457;15550;-0.36912604145968758;15550;433.0111;15550;10.266427;15550;92.6542;15550;69.6676559;15550;150.3586
15560;-0.34220404675435656;15560;-0.36809998687470874;15560;432.818756;15560;10.3518782;15560;92.81289;15560;69.88739;15560;150.444046
15570;-0.34250923184911652;15570;-0.36996458600465049;15570;432.780273;15570;10.5349894;15570;92.92276;15570;70.0704956;15570;150.553909
15580;-0.34421826837977232;15580;-0.369688053312611;15580;432.6264;15580;10.6326485;15580;92.91055;15580;70.11932;15580;150.456253
15590;-0.34403515732291634;15590;-0.36858472730971792;15590;432.434021;15590;10.6814785;15590;92.92276;15590;70.25361;15590;150.602737
15600;-0.34507278664510022;15600;-0.36918293640911665;15600;432.3186;15600;10.7303076;15600;93.09366;15600;70.5832062;15600;150.578323
15610;-0.34482863856929225;15610;-0.37093497763245031;15610;432.280151;15610;10.81576;15610;93.24015;15610;70.71749;15610;150.8469
15620;-0.34598834192938022;15620;-0.37066395692839615;15620;432.126251;15620;10.9744558;15620;93.2645645;15620;70.8273544;15620;150.834686
15630;-0.34550004577776416;15630;-0.36975447163282227;15630;431.9339;15630;11.0477009;15630;93.22794;15630;71.01047;15630;150.761444
15640;-0.34556108279671616;15640;-0.37245814526681931;15640;431.9339;15640;11.14536;15640;93.09366;15640;71.20579;15640;150.773651
15650;-0.34617145298623619;15650;-0.37436438099804165;15650;431.895416;15650;11.2186041;15650;93.0692444;15650;71.32786;15650;150.822479
15660;-0.34653767509994815;15660;-0.3740506031195579;15660;431.741547;15660;11.3773;15660;93.09366;15660;71.51097;15660;150.981171
15670;-0.34745323038422804;15670;-0.37381411164870015;15670;431.587646;15670;11.4993744;15670;93.1547;15670;71.6208344;15670;150.956757
15680;-0.34720908230842007;15680;-0.37356670074611059;15680;431.433777;15680;11.5115814;15680;93.16691;15680;71.79174;15680;151.017792
15690;-0.34891811883907586;15690;-0.37412046896373063;15690;431.318359;15690;11.5726185;15690;93.02042;15690;71.80395;15690;150.822479
15700;-0.34885708182012387;15700;-0.37591323279292838;15700;431.279877;15700;11.7801447;15700;92.9471741;15700;71.79174;15700;150.94455
15710;-0.34995574816125979;15710;-0.37730650540810257;15710;431.202942;15710;11.80456;15710;92.88614;15710;72.03589;15710;150.834686
15720;-0.34934537797173981;15720;-0.37699734710775357;15720;431.049042;15720;11.9144258;15720;92.67861;15720;72.0969238;15720;150.907928
15730;-0.35019989623706776;15730;-0.37600300204370751;15730;430.8567;15730;12.08533;15730;92.73965;15730;72.15797;15730;150.920135
15740;-0.35068819238868371;15740;-0.37718971646771354;15740;430.779755;15740;12.1341591;15740;92.81289;15740;72.14576;15740;150.883514
15750;-0.35093234046449168;15750;-0.37847237785405191;15750;430.7028;15750;12.1829891;15750;92.71523;15750;72.19459;15750;150.773651
15760;-0.3515427106540116;15760;-0.37752566370645918;15760;430.510437;15760;12.3416853;15760;92.7518539;15760;72.219;15760;150.7004
15770;-0.35148167363505961;15770;-0.37860117738978438;15770;430.4335;15770;12.5003815;15770;92.73965;15770;72.19459;15770;150.834686
15780;-0.35258033997619548;15780;-0.37836937440783364;15780;430.2796;15780;12.4637594;15780;92.5931549;15780;72.14576;15780;150.724808
15790;-0.35196996978667555;15790;-0.37804164810505431;15790;430.125732;15790;12.5003815;15790;92.55653;15790;72.0603;15790;150.724808
15800;-0.3531907101657154;15800;-0.377129853947779;15800;429.93338;15800;12.5370035;15800;92.788475;15800;72.0114746;15800;150.553909
15810;-0.35300759910885943;15810;-0.37744087280986532;15810;429.817963;15810;12.6224556;15810;92.88614;15810;71.86498;15810;150.639359
15820;-0.35398419141209148;15820;-0.379293607816547;15820;429.77948;15820;12.6712847;15820;92.788475;15820;71.7307053;15820;150.627151
15830;-0.35343485824152338;15830;-0.37883209117198369;15830;429.62558;15830;12.8177738;15830;92.84951;15830;71.498764;15830;150.7004
15840;-0.35361796929837952;15840;-0.37937356888829693;15840;429.5102;15840;12.8788109;15840;92.91055;15840;71.43773;15840;150.553909
15850;-0.35367900631733151;15850;-0.37764271220758489;15850;429.279358;15850;12.8421888;15850;93.00821;15850;71.24241;15850;150.395218
15860;-0.35349589526047537;15860;-0.37799139798139569;15860;429.16394;15860;12.988678;15860;93.1547;15860;71.10812;15860;150.46846
15870;-0.35453352458265941;15870;-0.37776424450734847;15870;429.01004;15870;13.049715;15870;93.1058655;15870;71.01047;15870;150.3586
15880;-0.35428937650685144;15880;-0.378095922656431;15880;428.894623;15880;13.049715;15880;93.1791153;15880;70.81515;15880;150.407425
15890;-0.35496078371532336;15890;-0.377171106899604;15890;428.702271;15890;13.049715;15890;93.22794;15890;70.75411;15890;150.297562
15900;-0.35404522843104347;15900;-0.37819152630629582;15900;428.625336;15900;13.2328253;15900;93.16691;15900;70.53438;15900;150.395218
15910;-0.35526596881008332;15910;-0.37868622276106212;15910;428.509918;15910;13.1717882;15910;93.28898;15910;70.351265;15910;150.236511
15920;-0.35483870967741937;15920;-0.37757221894961196;15920;428.317566;15920;13.1351662;15920;93.4598846;15920;70.1437454;15920;150.273148
15930;-0.35532700582903531;15930;-0.37808317333901831;15930;428.202148;15930;13.2206182;15930;93.39885;15930;70.04608;15930;150.187683
15940;-0.35526596881008332;15940;-0.37792599717606118;15940;428.048248;15940;13.1229591;15940;93.20353;15940;69.98505;15940;150.0534
15950;-0.35551011688589129;15950;-0.37901645148869684;15950;427.9713;15950;13.1107521;15950;93.22794;15950;69.88739;15950;150.19989
15960;-0.35581530198065126;15960;-0.37798510377722522;15960;427.778961;15960;13.1351662;15960;93.19132;15960;69.81414;15960;150.273148
15970;-0.35465559862056339;15970;-0.37768860499082396;15970;427.625061;15970;13.1839962;15970;93.16691;15970;69.67986;15970;150.285355
15980;-0.35551011688589129;15980;-0.37692519783653194;15980;427.4327;15980;13.2206182;15980;93.16691;15980;69.72869;15980;150.102234
15990;-0.35551011688589129;15990;-0.37814022619721749;15990;427.355774;15990;13.25724;15990;92.93497;15990;69.76531;15990;150.2243
16000;-0.35666982024597915;16000;-0.37729278705106845;16000;427.1634;16000;13.2206182;16000;92.76406;16000;69.7531052;16000;150.114441
16010;-0.35551011688589129;16010;-0.378388753359793;16010;427.086456;16010;13.2694483;16010;92.80068;16010;69.65545;16010;150.285355
16020;-0.35599841303750723;16020;-0.38043048015979425;16020;427.047974;16020;13.1351662;16020;92.76406;16020;69.64324;16020;150.236511
16030;-0.35569322794274727;16030;-0.37870291259494787;16030;426.817169;16030;13.000885;16030;92.61757;16030;69.53337;16030;150.260941
16040;-0.35593737601855524;16040;-0.38003821197159154;16040;426.7402;16040;13.0375071;16040;92.4710846;16040;69.64324;16040;150.309769
16050;-0.35642567217017118;16050;-0.37856427786393182;16050;426.509369;16050;13.1717882;16050;92.44667;16050;69.81414;16050;150.260941
16060;-0.35679189428388314;16060;-0.37912567169503009;16060;426.393951;16060;13.1107521;16060;92.3123856;16060;69.81414;16060;150.273148
16070;-0.35728019043549908;16070;-0.37896836844220927;16070;426.240082;16070;13.000885;16070;92.26356;16070;69.7409;16070;150.19989
16080;-0.35599841303750723;16080;-0.37864384104826976;16080;426.086182;16080;12.988678;16080;92.22694;16080;69.70428;16080;150.407425
16090;-0.35654774620807517;16090;-0.3792246054388696;16090;425.970764;16090;13.0985441;16090;92.05603;16090;69.7409;16090;150.444046
16100;-0.35612048707541122;16100;-0.37980048045639242;16100;425.855347;16100;13.2328253;16100;91.98279;16100;69.85076;16100;150.566116
16110;-0.35734122745445107;16110;-0.38055176098337162;16110;425.73996;16110;13.2328253;16110;91.94617;16110;69.9118042;16110;150.395218
16120;-0.35691396832178712;16120;-0.37967317830745345;16120;425.547577;16120;13.2694483;16120;91.86071;16120;69.9484253;16120;150.444046
16130;-0.35782952360606712;16130;-0.38032058067177954;16130;425.432159;16130;13.2694483;16130;91.70202;16130;69.98505;16130;150.407425
16140;-0.35789056062501912;16140;-0.37999866173908764;16140;425.2783;16140;13.2206182;16140;91.68981;16140;69.85076;16140;150.5417
16150;-0.35752433851130716;16150;-0.38122851805196478;16150;425.201355;16150;13.1351662;16150;91.87292;16150;69.81414;16150;150.651566
16160;-0.35752433851130716;16160;-0.38041548583624707;16160;425.008972;16160;13.0741291;16160;91.958374;16160;69.76531;16160;150.5417
16170;-0.3570970793786431;16170;-0.3802160059096904;16170;424.8551;16170;13.0985441;16170;91.88513;16170;69.7409;16170;150.627151
16180;-0.35813470870082709;16180;-0.379349390241041;16180;424.66275;16180;13.2206182;16180;91.93396;16180;69.64324;16180;150.553909
16190;-0.35752433851130716;16190;-0.37987887905919093;16190;424.547333;16190;13.30607;16190;92.03162;16190;69.56999;16190;150.602737
16200;-0.358867152928251;16200;-0.38051546451161594;16200;424.431915;16200;13.2816553;16200;92.1170654;16200;69.48454;16200;150.492874
16210;-0.35807367168187509;16210;-0.38018226151179924;16210;424.278;16210;13.2816553;16210;92.14149;16210;69.37467;16210;150.7004
16220;-0.35862300485244303;16220;-0.37944113690376347;16220;424.085663;16220;13.2938623;16220;92.20252;16220;69.37467;16220;150.566116
16230;-0.35813470870082709;16230;-0.38004424953007976;16230;423.970245;16230;13.3671074;16230;92.22694;16230;69.2526;16230;150.480667
16240;-0.35837885677663506;16240;-0.37984159846191862;16240;423.816345;16240;13.4037294;16240;92.21473;16240;69.14274;16240;150.517288
16250;-0.35856196783349104;16250;-0.37893715489796304;16250;423.624;16250;13.3793144;16250;92.3368;16250;69.02066;16250;150.505081
16260;-0.35795159764397111;16260;-0.37952375568329272;16260;423.508575;16260;13.4159365;16260;92.48329;16260;69.02066;16260;150.578323
16270;-0.35856196783349104;16270;-0.38017416369722218;16270;423.393158;16270;13.4647665;16270;92.48329;16270;68.87417;16270;150.419632
16280;-0.35825678273873107;16280;-0.38068895520813767;16280;423.27774;16280;13.3793144;16280;92.56874;16280;68.7643051;16280;150.492874
16290;-0.358989226966155;16290;-0.38136288122184919;16290;423.162354;16290;13.3548994;16290;92.67861;16290;68.7521;16290;150.444046
16300;-0.35795159764397111;16300;-0.38116143755457;16300;423.008453;16300;13.4159365;16300;92.71523;16300;68.6788559;16300;150.5417
16310;-0.35917233802301096;16310;-0.38115397884128643;16310;422.854553;16310;13.3915224;16310;92.788475;16310;68.73989;16310;150.505081
16320;-0.359050263985107;16320;-0.3811063369780805;16320;422.700684;16320;13.3671074;16320;92.8373;16320;68.77651;16320;150.505081
16330;-0.35953856013672292;16330;-0.38188904519553268;16330;422.585266;16330;13.3671074;16330;92.8373;16330;68.86196;16330;150.419632
16340;-0.359050263985107;16340;-0.381646511279894;16340;422.431366;16340;13.3182774;16340;92.67861;16340;68.71548;16340;150.517288
16350;-0.358867152928251;16350;-0.38149439174433408;16350;422.2775;16350;13.3182774;16350;92.6664047;16350;68.6788559;16350;150.602737
16360;-0.35941648609881893;16360;-0.38310476559500517;16360;422.200531;16360;13.3182774;16360;92.7030258;16360;68.83755;16360;150.46846
16370;-0.359050263985107;16370;-0.38525662599790395;16370;422.162079;16370;13.3915224;16370;92.72744;16370;68.9108;16370;150.517288
16380;-0.36027100436414683;16380;-0.38320256076459186;16380;421.892761;16380;13.3182774;16380;92.7030258;16380;68.93521;16380;150.273148
16390;-0.3596606341746269;16390;-0.38392542862990559;16390;421.777344;16390;13.1962032;16390;92.53212;16390;69.02066;16390;150.297562
16400;-0.36075930051576277;16400;-0.3847048463156556;16400;421.661926;16400;13.2206182;16400;92.4955;16400;69.14274;16400;150.285355
16410;-0.36002685628833886;16410;-0.38532669732329322;16410;421.546539;16410;13.4647665;16410;92.45888;16410;69.21598;16410;150.444046
16420;-0.36063722647785879;16420;-0.38619290158416836;16420;421.431122;16420;13.4159365;16420;92.4710846;16420;69.42351;16420;150.407425
16430;-0.36039307840205081;16430;-0.38480717805661363;16430;421.2003;16430;13.3793144;16430;92.56874;16430;69.4723358;16430;150.297562
16440;-0.36112552262947473;16440;-0.38714317591186409;16440;421.1618;16440;13.4891815;16440;92.48329;16440;69.61882;16440;150.19989
16450;-0.36198004089480273;16450;-0.38711731658016857;16450;421.007935;16450;13.3915224;16450;92.30018;16450;69.65545;16450;150.2243
16460;-0.36179692983794676;16460;-0.38697599671515981;16460;420.854034;16460;13.3793144;16460;92.30018;16460;69.67986;16460;150.395218
16470;-0.36234626300851469;16470;-0.38632451601941986;16470;420.661682;16470;13.4037294;16470;92.3856354;16470;69.77752;16470;150.34639
16480;-0.36191900387585074;16480;-0.38650807613482779;16480;420.507782;16480;13.3793144;16480;92.39784;16480;69.98505;16480;150.273148
16490;-0.36350596636860255;16490;-0.38668674093533295;16490;420.3539;16490;13.4159365;16490;92.2757645;16490;70.0338745;16490;150.0534
16500;-0.36301767021698661;16500;-0.38799816872854909;16500;420.276947;16500;13.4525585;16500;92.3856354;16500;70.02167;16500;150.2121
16510;-0.3639332255012665;16510;-0.38815518158331;16510;420.123077;16510;13.3915224;16510;92.55653;16510;70.20478;16510;150.163269
16520;-0.36375011444441052;16520;-0.38961032844599908;16520;420.0461;16520;13.4403515;16520;92.55653;16520;70.2658157;16520;150.2121
16530;-0.36466566972869041;16530;-0.39101218707079677;16530;419.969177;16530;13.5380106;16530;92.61757;16530;70.27802;16530;150.285355
16540;-0.36490981780449838;16540;-0.39105688107996028;16540;419.8153;16540;13.6600847;16540;92.6664047;16540;70.30244;16540;150.236511
16550;-0.36484878078554639;16550;-0.39128220620780857;16550;419.6614;16550;13.63567;16550;92.76406;16550;70.4245148;16550;150.0534
16560;-0.36545915097506648;16560;-0.39047953372786265;16560;419.469055;16560;13.4891815;16560;92.80068;16560;70.37569;16560;150.090027
16570;-0.3653370769371625;16570;-0.39110356663626539;16570;419.353638;16570;13.5990477;16570;92.91055;16570;70.351265;16570;150.19989
16580;-0.36661885433515434;16580;-0.38989441005437581;16580;419.1228;16580;13.6845;16580;93.02042;16580;70.47334;16580;149.992371
16590;-0.36631366924039438;16590;-0.39074971231974653;16590;419.0074;16590;13.6600847;16590;93.1547;16590;70.66866;16590;150.028992
16600;-0.36765648365733822;16600;-0.39092473118072124;16600;418.853516;16600;13.6845;16600;93.33781;16600;70.77853;16600;149.919128
16610;-0.36753440961943423;16610;-0.39152823635636252;16610;418.7381;16610;13.7211218;16610;93.43547;16610;70.68087;16610;149.992371
16620;-0.36875514999847409;16620;-0.3910157654469637;16620;418.545715;16620;13.7455368;16620;93.60637;16620;70.80294;16620;149.845886
16630;-0.36875514999847409;16630;-0.39259403312744157;16630;418.468781;16630;13.8431959;16630;93.72845;16630;70.92502;16630;149.833679
16640;-0.36924344615009008;16640;-0.39411708346378366;16640;418.391846;16640;13.8187809;16640;93.83831;16640;71.09592;16640;149.943542
16650;-0.36924344615009008;16650;-0.39265093808917495;16650;418.161;16650;13.7333288;16650;93.89935;16650;71.0715;16650;149.943542
16660;-0.36838892788476213;16660;-0.39181163975383804;16660;417.968658;16660;13.7455368;16660;94.07025;16660;71.0592957;16660;150.090027
16670;-0.369792779320658;16670;-0.39196607959890417;16670;417.814758;16670;13.6722927;16670;94.1679153;16670;71.12033;16670;149.980164
16680;-0.37028107547227396;16680;-0.39354639292108767;16680;417.737823;16680;13.8309889;16680;94.1435;16680;71.26682;16680;150.004578
16690;-0.37150181585131381;16690;-0.39378451749020238;16690;417.583923;16690;14.0507221;16690;94.2899857;16690;71.46214;16690;149.931335
16700;-0.370097964415418;16700;-0.3944922164663891;16700;417.4685;16700;14.1239662;16700;94.38765;16700;71.52318;16700;150.0534
16710;-0.37095248268074588;16710;-0.39394589431839711;16710;417.276154;16710;13.96527;16710;94.41206;16710;71.6940842;16710;150.028992
16720;-0.37131870479445783;16720;-0.39545721888694507;16720;417.199219;16720;13.96527;16720;94.46089;16720;71.79174;16720;150.102234
16730;-0.37180700094607377;16730;-0.3970001120443557;16730;417.122284;16730;14.0507221;16730;94.55855;16730;71.8894043;16730;150.138855
16740;-0.37150181585131381;16740;-0.39488033181827048;16740;416.852966;16740;14.1117592;16740;94.65621;16740;71.99927;16740;150.19989
16750;-0.37199011200292975;16750;-0.39723767654833719;16750;416.8145;16750;14.1117592;16750;94.6440048;16750;72.23121;16750;150.273148
16760;-0.37314981536301772;16760;-0.39753467480035382;16760;416.6606;16760;14.1239662;16760;94.59517;16760;72.4021149;16760;150.126648
16770;-0.37247840815454569;16770;-0.39680306860314951;16770;416.468262;16770;14.3070774;16770;94.729454;16770;72.4875641;16770;150.260941
16780;-0.37345500045777769;16780;-0.39702518289528965;16780;416.314362;16780;14.2948694;16780;94.75387;16780;72.6096344;16780;150.163269
16790;-0.37351603747672968;16790;-0.39859075204225952;16790;416.237427;16790;14.2704554;16790;94.74166;16790;72.69509;16790;150.175476
16800;-0.3749809259315775;16800;-0.39812773797104456;16800;416.045074;16800;14.3070774;16800;94.75387;16800;72.82937;16800;150.0412
16810;-0.37400433362834562;16810;-0.39682469008860038;16810;415.81424;16810;14.3925295;16810;94.82711;16810;73.0002747;16810;150.07782
16820;-0.37522507400738547;16820;-0.39852975526353329;16820;415.7373;16820;14.4291515;16820;94.83932;16820;73.1955948;16820;150.0412
16830;-0.37589648121585739;16830;-0.3993212815482815;16830;415.6219;16830;14.3803215;16830;94.91257;16830;73.40312;16830;150.236511
16840;-0.37601855525376138;16840;-0.39883825090913122;16840;415.4295;16840;14.4901886;16840;94.88815;16840;73.63506;16840;150.236511
16850;-0.37589648121585739;16850;-0.39832691638696605;16850;415.237152;16850;14.5878477;16850;94.82711;16850;73.73272;16850;150.138855
16860;-0.37601855525376138;16860;-0.39985452145547384;16860;415.160217;16860;14.57564;16860;94.88815;16860;73.84258;16860;150.236511
16870;-0.37748344370860931;16870;-0.400046995777956;16870;415.006317;16870;14.7709589;16870;94.8149;16870;73.94025;16870;150.175476
16880;-0.37656788842432931;16880;-0.39939529624578474;16880;414.813965;16880;14.868618;16880;94.90036;16880;73.96466;16880;150.175476
16890;-0.37736136967070533;16890;-0.40022796787750214;16890;414.698547;16890;14.868618;16890;94.98581;16890;73.91583;16890;150.07782
16900;-0.37742240668965732;16900;-0.39953715030701586;16900;414.5062;16900;14.9174471;16900;95.03464;16900;74.0256958;16900;150.2121
16910;-0.37894833216345714;16910;-0.40056254127328711;16910;414.390778;16910;14.90524;16910;95.1567154;16910;74.20881;16910;150.126648
16920;-0.37809381389812924;16920;-0.40059482858301571;16920;414.236877;16920;15.0517292;16920;95.19334;16920;74.2210159;16920;150.175476
16930;-0.37858211004974518;16930;-0.40091496351953293;16930;414.083;16930;15.0517292;16930;95.29099;16930;74.39192;16930;150.0534
16940;-0.37882625812555315;16940;-0.40082210865769624;16940;413.9291;16940;14.9296551;16940;95.4374847;16940;74.23322;16940;150.07782
16950;-0.37846003601184119;16950;-0.40227750677005436;16950;413.852173;16950;14.95407;16950;95.58397;16950;74.1966;16950;150.126648
16960;-0.37894833216345714;16960;-0.4002280015536786;16960;413.5829;16960;15.0639362;16960;95.54735;16960;74.25764;16960;150.102234
16970;-0.37888729514450514;16970;-0.4016430770074671;16970;413.50592;16970;15.1127663;16970;95.70605;16970;74.28205;16970;150.260941
16980;-0.38041322061830496;16980;-0.40177812420598985;16980;413.352051;16980;15.1493883;16980;95.88916;16980;74.23322;16980;150.138855
16990;-0.37943662831507308;16990;-0.40180785224216981;16990;413.198151;16990;15.2958765;16990;95.86474;16990;74.2210159;16990;150.175476
17000;-0.380230109561449;17000;-0.40057951738029879;17000;412.967316;17000;15.3569136;17000;95.97461;17000;74.28205;17000;150.0534
17010;-0.379863887447737;17010;-0.39974141965921117;17010;412.774963;17010;15.4423656;17010;95.98682;17010;74.1966;17010;150.175476
17020;-0.38102359080782494;17020;-0.40217014651596361;17020;412.736481;17020;15.4545736;17020;95.98682;17020;74.2210159;17020;150.016785
17030;-0.38047425763725695;17030;-0.40220379378707449;17030;412.5826;17030;15.5278177;17030;96.13331;17030;74.13557;17030;149.980164
17040;-0.380291146580401;17040;-0.40222764053725157;17040;412.4287;17040;15.5400248;17040;96.2309647;17040;74.1966;17040;150.102234
17050;-0.38084047975096891;17050;-0.40165009401558838;17050;412.236359;17050;15.4911957;17050;96.15772;17050;74.28205;17050;150.102234
17060;-0.38077944273201692;17060;-0.40178313423698936;17060;412.082458;17060;15.5400248;17060;96.1455154;17060;74.25764;17060;150.016785
17070;-0.38181707205420085;17070;-0.40199276809133688;17070;411.9286;17070;15.5400248;17070;96.292;17070;74.20881;17070;149.821472
17080;-0.38071840571306492;17080;-0.40122410266907443;17080;411.736237;17080;15.6620989;17080;96.32862;17080;74.23322;17080;149.980164
17090;-0.38120670186468092;17090;-0.40211248358517632;17090;411.620819;17090;15.6987209;17090;96.3164139;17090;74.25764;17090;149.919128
17100;-0.38059633167516094;17100;-0.401248243565688;17100;411.428467;17100;15.6254768;17100;96.3164139;17100;74.1966;17100;150.102234
17110;-0.38181707205420085;17110;-0.40071915898585175;17110;411.236084;17110;15.6010618;17110;96.292;17110;74.25764;17110;150.028992
17120;-0.38120670186468092;17120;-0.40156655893434134;17120;411.120667;17120;15.6498919;17120;96.15772;17120;74.31867;17120;150.0534
17130;-0.38193914609210483;17130;-0.40255587882206195;17130;411.00528;17130;15.6620989;17130;96.0722656;17130;74.45296;17130;149.992371
17140;-0.38206122013000882;17140;-0.402695805063679;17140;410.851379;17140;15.61327;17140;96.08447;17140;74.45296;17140;149.931335
17150;-0.38108462782677693;17150;-0.40343659355993294;17150;410.735962;17150;15.6376839;17150;96.13331;17150;74.42854;17150;149.992371
17160;-0.38151188695944088;17160;-0.40295604558029241;17160;410.5436;17160;15.808588;17160;96.0722656;17160;74.51399;17160;149.894714
17170;-0.38145084994048889;17170;-0.40374149299736156;17170;410.4282;17170;15.89404;17170;95.9501953;17170;74.57503;17170;149.992371
17180;-0.38254951628162476;17180;-0.40240023291242366;17180;410.197357;17180;15.84521;17180;95.93799;17180;74.55061;17180;149.931335
17190;-0.38169499801629686;17190;-0.40154978399458552;17190;410.005;17190;15.9062471;17190;95.9624;17190;74.48958;17190;150.102234
17200;-0.38279366435743273;17200;-0.40327540195679895;17200;409.92807;17200;15.8574171;17200;95.9501953;17200;74.5017853;17200;149.919128
17210;-0.38224433118686479;17210;-0.40334265497708821;17210;409.77417;17210;15.8696251;17210;95.86474;17210;74.51399;17210;149.95575
17220;-0.38248847926267276;17220;-0.40358614035180457;17220;409.62027;17220;15.808588;17220;95.85253;17220;74.6604843;17220;149.931335
17230;-0.38206122013000882;17230;-0.40426412015529672;17230;409.504852;17230;15.89404;17230;95.81591;17230;74.6238556;17230;150.0534
17240;-0.38273262733848074;17240;-0.40420080849901641;17240;409.350983;17240;16.02832;17240;95.8037;17240;74.5872345;17240;150.187683
17250;-0.38328196050904867;17250;-0.40492375287675736;17250;409.235565;17250;15.8696251;17250;95.90137;17250;74.51399;17250;150.2243
17260;-0.38236640522476878;17260;-0.4063998776296599;17260;409.15863;17260;15.89404;17260;95.9135742;17260;74.47737;17260;150.273148
17270;-0.38297677541428871;17270;-0.40591310013953186;17270;408.966248;17270;16.07715;17270;95.81591;17270;74.47737;17270;150.102234
17280;-0.38279366435743273;17280;-0.40505444795242862;17280;408.7739;17280;15.9184542;17280;95.7915;17280;74.40413;17280;150.273148
17290;-0.38419751579332856;17290;-0.40600800216434263;17290;408.658478;17290;15.89404;17290;95.85253;17290;74.40413;17290;150.126648
17300;-0.38322092349009668;17300;-0.40677570761796167;17300;408.54306;17300;16.0161133;17300;95.88916;17300;74.34309;17300;150.126648
17310;-0.38431958983123254;17310;-0.40623510978200394;17310;408.3507;17310;15.9184542;17310;95.87695;17310;74.28205;17310;149.95575
17320;-0.38407544175542457;17320;-0.40413401070683624;17320;408.081421;17320;16.0039063;17320;95.93799;17320;74.24543;17320;149.919128
17330;-0.38425855281228055;17330;-0.40494584089276547;17330;407.966;17330;16.0893574;17330;96.0722656;17330;74.33088;17330;150.016785
17340;-0.38395336771752059;17340;-0.40563691389114886;17340;407.8506;17340;16.04053;17340;96.08447;17340;74.28205;17340;150.114441
17350;-0.38401440473647258;17350;-0.40568488543431053;17350;407.6967;17350;16.0893574;17350;96.04785;17350;74.20881;17350;150.090027
17360;-0.3846858119449445;17360;-0.40356186116505688;17360;407.4274;17360;16.2358475;17360;96.06006;17360;74.01349;17360;149.919128
17370;-0.38377025666066461;17370;-0.40274753970355887;17370;407.235046;17370;16.2602615;17370;96.2309647;17370;73.94025;17370;150.0412
17380;-0.38480788598284865;17380;-0.40290471186417864;17380;407.081146;17380;16.1870174;17380;96.3164139;17380;73.9890747;17380;150.016785
17390;-0.38419751579332856;17390;-0.40427241183200491;17390;407.0042;17390;16.2358475;17390;96.2675858;17390;73.94025;17390;150.175476
17400;-0.38480788598284865;17400;-0.4044182410643582;17400;406.8503;17400;16.1992245;17400;96.30421;17400;73.92804;17400;150.102234
17410;-0.38346507156590465;17410;-0.40448752141985539;17410;406.696442;17410;16.1503944;17410;96.2675858;17410;73.91583;17410;150.114441
17420;-0.38431958983123254;17420;-0.403978776335064;17420;406.504059;17420;16.1870174;17420;96.25538;17420;73.92804;17420;149.980164
17430;-0.38456373790704051;17430;-0.40317443256196733;17430;406.3117;17430;16.22364;17430;96.34083;17430;73.85479;17430;150.090027
17440;-0.38450270088808852;17440;-0.40340713232429243;17440;406.157837;17440;16.1870174;17440;96.41408;17440;73.9036255;17440;149.980164
17450;-0.3846858119449445;17450;-0.40207929761311267;17450;405.927;17450;16.2114315;17450;96.40187;17450;73.85479;17450;149.8825
17460;-0.38407544175542457;17460;-0.40349953215040935;17460;405.850037;17460;16.2724686;17460;96.34083;17460;73.85479;17460;150.028992
17470;-0.38431958983123254;17470;-0.40228073474337916;17470;405.619232;17470;16.1870174;17470;96.32862;17470;73.91583;17470;149.919128
17480;-0.38291573839533671;17480;-0.40289244169435545;17480;405.5038;17480;16.1503944;17480;96.2309647;17480;73.87921;17480;150.114441
17490;-0.38407544175542457;17490;-0.40293737159300358;17490;405.3499;17490;16.02832;17490;96.10889;17490;73.8303757;17490;150.114441
17500;-0.38407544175542457;17500;-0.40372377351236111;17500;405.2345;17500;16.1015663;17500;96.1455154;17500;73.85479;17500;150.175476
17510;-0.38529618213446459;17510;-0.40408583091830325;17510;405.080627;17510;16.12598;17510;96.0722656;17510;73.9890747;17510;150.004578
17520;-0.38438062685018454;17520;-0.40409619799802943;17520;404.926727;17520;16.07715;17520;96.04785;17520;74.01349;17520;150.114441
17530;-0.38456373790704051;17530;-0.40422701701531816;17530;404.772827;17530;16.1992245;17530;96.04785;17530;74.05011;17530;150.102234
17540;-0.38438062685018454;17540;-0.40431329347261707;17540;404.618958;17540;16.2114315;17540;95.98682;17540;74.0256958;17540;150.07782
17550;-0.38352610858485664;17550;-0.4043549552966858;17550;404.465057;17550;16.1015663;17550;96.04785;17550;73.9890747;17550;150.090027
17560;-0.38395336771752059;17560;-0.40452814209208865;17560;404.3112;17560;16.0893574;17560;95.9624;17560;73.9890747;17560;149.992371
17570;-0.3838923306985686;17570;-0.40599736438902939;17570;404.234222;17570;16.1015663;17570;95.9135742;17570;74.05011;17570;150.138855
17580;-0.38541825617236858;17580;-0.40614723677936188;17580;404.080353;17580;16.1992245;17580;95.8037;17580;74.0379;17580;150.0534
17590;-0.38431958983123254;17590;-0.40465817010610949;17590;403.849518;17590;16.2968845;17590;95.76708;17590;73.9890747;17590;150.126648
17600;-0.38480788598284865;17600;-0.40477349338592139;17600;403.695618;17600;16.1992245;17600;95.93799;17600;73.9890747;17600;150.090027
17610;-0.38425855281228055;17610;-0.40397007561417453;17610;403.503265;17610;16.2602615;17610;95.9624;17610;74.00128;17610;150.273148
17620;-0.38474684896389649;17620;-0.40489169580055234;17620;403.387848;17620;16.2114315;17620;95.88916;17620;73.96466;17620;150.114441
17630;-0.38407544175542457;17630;-0.404163616720102;17630;403.1955;17630;16.1015663;17630;95.90137;17630;73.87921;17630;150.114441
17640;-0.38425855281228055;17640;-0.40518301834678916;17640;403.080078;17640;16.1870174;17640;95.9501953;17640;74.0256958;17640;150.028992
17650;-0.38492996002075264;17650;-0.4038656325951232;17650;402.849243;17650;16.1870174;17650;95.9135742;17650;74.09894;17650;150.028992
17660;-0.38450270088808852;17660;-0.40378821813117038;17660;402.695374;17660;16.1992245;17660;95.87695;17660;74.06232;17660;150.163269
17670;-0.38529618213446459;17670;-0.40311150749395624;17670;402.503021;17670;16.22364;17670;95.9135742;17670;73.95245;17670;150.07782
17680;-0.38431958983123254;17680;-0.40371976874946436;17680;402.3876;17680;16.2358475;17680;96.06006;17680;73.78155;17680;150.126648
17690;-0.38456373790704051;17690;-0.40453601301723119;17690;402.2722;17690;16.2358475;17690;96.13331;17690;73.65948;17690;149.992371
17700;-0.38334299752800066;17700;-0.40445581115740753;17700;402.1183;17700;16.22364;17700;96.1455154;17700;73.62285;17700;150.126648
17710;-0.38431958983123254;17710;-0.40323055449884904;17710;401.887451;17710;16.2602615;17710;96.13331;17710;73.63506;17710;149.95575
17720;-0.38450270088808852;17720;-0.40174097790491436;17720;401.656616;17720;16.1381874;17720;96.12109;17720;73.56181;17720;149.992371
17730;-0.38535721915341659;17730;-0.40185484530334475;17730;401.502747;17730;15.9916992;17730;96.1455154;17730;73.62285;17730;150.004578
17740;-0.38492996002075264;17740;-0.40043982194837563;17740;401.2719;17740;16.07715;17740;96.2309647;17740;73.61064;17740;150.016785
17750;-0.3838312936796166;17750;-0.39967790885578747;17750;401.079559;17750;16.1503944;17750;96.32862;17750;73.62285;17750;150.138855
17760;-0.38346507156590465;17760;-0.3995695951788672;17760;400.925659;17760;16.1992245;17760;96.2675858;17760;73.54961;17760;150.260941
17770;-0.38248847926267276;17770;-0.39949332696963213;17770;400.7718;17770;16.1870174;17770;96.2675858;17770;73.50078;17770;150.3708
17780;-0.38377025666066461;17780;-0.39969875282682882;17780;400.6179;17780;16.2358475;17780;96.38966;17780;73.427536;17780;150.138855
17790;-0.3830378124332407;17790;-0.39892156623061004;17790;400.425537;17790;16.2846775;17790;96.38966;17790;73.35429;17790;150.187683
17800;-0.38425855281228055;17800;-0.40055370064497214;17800;400.3486;17800;16.12598;17800;96.2309647;17800;73.36649;17800;150.07782
17810;-0.38346507156590465;17810;-0.39969779052929494;17810;400.156219;17810;16.0527363;17810;96.10889;17810;73.34208;17810;150.260941
17820;-0.38346507156590465;17820;-0.39977810462303681;17820;400.00235;17820;16.17481;17820;96.15772;17820;73.40312;17820;150.297562
17830;-0.38273262733848074;17830;-0.39971600940970553;17830;399.84845;17830;16.1992245;17830;96.24317;17830;73.26884;17830;150.297562
17840;-0.38248847926267276;17840;-0.40136383438447953;17840;399.7715;17840;16.12598;17840;96.21876;17840;73.29325;17840;150.175476
17850;-0.38273262733848074;17850;-0.39930132369423443;17850;399.5022;17850;16.1137733;17850;96.2309647;17850;73.32987;17850;150.126648
17860;-0.38212225714896081;17860;-0.39983556492473638;17860;399.38678;17860;16.1015663;17860;96.20655;17860;73.24442;17860;150.321976
17870;-0.38285470137638472;17870;-0.39987602381228704;17870;399.2329;17870;16.1015663;17870;96.10889;17870;73.1955948;17870;150.285355
17880;-0.38212225714896081;17880;-0.39986092325154626;17880;399.079;17880;16.1503944;17880;96.1455154;17880;73.1955948;17880;150.3586
17890;-0.38285470137638472;17890;-0.39929700417025055;17890;398.886658;17890;16.1015663;17890;96.04785;17890;73.2322159;17890;150.260941
17900;-0.3813287759025849;17900;-0.39985857354702109;17900;398.77124;17900;16.1503944;17900;95.93799;17900;73.13456;17900;150.407425
17910;-0.38193914609210483;17910;-0.39998969893357683;17910;398.617371;17910;16.1503944;17910;95.85253;17910;73.11014;17910;150.285355
17920;-0.38181707205420085;17920;-0.40001135210148464;17920;398.46347;17920;16.0893574;17920;95.85253;17920;73.11014;17920;150.309769
17930;-0.38193914609210483;17930;-0.39918200359134748;17930;398.271118;17930;16.0527363;17930;95.86474;17930;73.09793;17930;150.456253
17940;-0.3813898129215369;17940;-0.39915741553690065;17940;398.117218;17940;16.02832;17940;95.70605;17940;73.06131;17940;150.492874
17950;-0.38108462782677693;17950;-0.39996937631199714;17950;398.0018;17950;16.0039063;17950;95.7182541;17950;73.09793;17950;150.480667
17960;-0.38181707205420085;17960;-0.4000163960212002;17960;397.847931;17960;15.9550772;17960;95.73046;17960;73.0491;17960;150.419632
17970;-0.38059633167516094;17970;-0.39994365790051334;17970;397.694031;17970;16.07715;17970;95.69384;17970;73.01248;17970;150.505081
17980;-0.38096255378887295;17980;-0.40072868537734935;17980;397.5786;17980;16.0893574;17980;95.64501;17980;72.89041;17980;150.3586
17990;-0.38041322061830496;17990;-0.39987884849498212;17990;397.386261;17990;16.07715;17990;95.58397;17990;72.8049545;17990;150.444046
18000;-0.38175603503524885;18000;-0.39916612754765313;18000;397.1939;18000;16.1137733;18000;95.53514;18000;72.74392;18000;150.395218
18010;-0.38090151676992096;18010;-0.39826004553223415;18010;397.001556;18010;16.1015663;18010;95.60838;18010;72.67068;18010;150.553909
18020;-0.38157292397839288;18020;-0.39771359674416945;18020;396.809174;18020;16.1381874;18020;95.69384;18020;72.69509;18020;150.395218
18030;-0.38120670186468092;18030;-0.39693123153925519;18030;396.616821;18030;16.1503944;18030;95.69384;18030;72.62184;18030;150.407425
18040;-0.38041322061830496;18040;-0.3975030274893826;18040;396.5014;18040;16.0893574;18040;95.73046;18040;72.57301;18040;150.566116
18050;-0.379924924466689;18050;-0.39751152742221929;18050;396.347534;18050;16.0893574;18050;95.65722;18050;72.46315;18050;150.46846
18060;-0.37894833216345714;18060;-0.39737028020351151;18060;396.193634;18060;16.02832;18060;95.68163;18060;72.38991;18060;150.578323
18070;-0.37931455427716909;18070;-0.39721714049953893;18070;396.039764;18070;15.9428692;18070;95.76708;18070;72.25562;18070;150.639359
18080;-0.37784966582232127;18080;-0.39635257751663855;18080;395.847382;18080;16.0039063;18080;95.65722;18080;72.12134;18080;150.67598
18090;-0.37852107303079319;18090;-0.39637381486249074;18090;395.6935;18090;16.1015663;18090;95.68163;18090;72.03589;18090;150.578323
18100;-0.37809381389812924;18100;-0.39621570060992906;18100;395.5396;18100;16.1381874;18100;95.69384;18100;71.90161;18100;150.639359
18110;-0.37894833216345714;18110;-0.39623256482903779;18110;395.385742;18110;16.02832;18110;95.5595551;18110;71.90161;18110;150.627151
18120;-0.37784966582232127;18120;-0.39538127903591241;18120;395.193359;18120;15.9794912;18120;95.5595551;18120;71.86498;18120;150.737015
18130;-0.37778862880336928;18130;-0.39675208500058867;18130;395.116425;18130;15.9916992;18130;95.5595551;18130;71.7185;18130;150.7004
18140;-0.37705618457594536;18140;-0.39497081725360783;18140;394.8856;18140;15.9550772;18140;95.522934;18140;71.51097;18140;150.8713
18150;-0.37687307351908927;18150;-0.39570960928367327;18150;394.770172;18150;15.9306622;18150;95.37645;18150;71.47435;18150;150.822479
18160;-0.3766289254432813;18160;-0.3965589694169081;18160;394.654755;18160;15.84521;18160;95.3276138;18160;71.43773;18160;150.639359
18170;-0.37607959227271337;18170;-0.396459409628873;18170;394.5009;18170;15.9062471;18170;95.37645;18170;71.36448;18170;150.67598
18180;-0.37693411053804127;18180;-0.39493672696040705;18180;394.27005;18180;15.9794912;18180;95.3276138;18180;71.27903;18180;150.651566
18190;-0.37601855525376138;18190;-0.39467996619163365;18190;394.11615;18190;15.9550772;18190;95.37645;18190;71.20579;18190;150.8713
18200;-0.37693411053804127;18200;-0.39405687296801162;18200;393.9238;18200;15.9428692;18200;95.37645;18200;71.15696;18200;150.67598
18210;-0.37644581438642533;18210;-0.39468955463482586;18210;393.80838;18210;15.8574171;18210;95.29099;18210;71.14475;18210;150.761444
18220;-0.37723929563280134;18220;-0.39466008296743116;18220;393.6545;18220;15.79638;18220;95.26658;18220;71.09592;18220;150.724808
18230;-0.37571337015900141;18230;-0.39445579224995464;18230;393.5006;18230;15.759758;18230;95.09567;18230;70.97385;18230;150.822479
18240;-0.37540818506424145;18240;-0.39518266424195875;18240;393.3852;18240;15.7109289;18240;94.98581;18240;71.04709;18240;150.8713
18250;-0.37528611102633747;18250;-0.39510523510698387;18250;393.231323;18250;15.759758;18250;94.94919;18250;70.96164;18250;150.8469
18260;-0.37491988891262551;18260;-0.39417356731077496;18260;393.03894;18260;15.808588;18260;95.01022;18260;70.87619;18260;150.968964
18270;-0.3749809259315775;18270;-0.39273988060257903;18270;392.808136;18270;15.747551;18270;94.98581;18270;70.80294;18270;150.822479
18280;-0.37449262977996156;18280;-0.39342601556458873;18280;392.692719;18280;15.7231359;18280;94.93698;18280;70.75411;18280;150.785858
18290;-0.37553025910214544;18290;-0.39270783228223927;18290;392.500336;18290;15.6498919;18290;94.91257;18290;70.7297;18290;150.7004
18300;-0.37461470381786555;18300;-0.39315802575373765;18300;392.384949;18300;15.61327;18300;94.8027;18300;70.66866;18300;150.932343
18310;-0.37522507400738547;18310;-0.39244417403023951;18310;392.192566;18310;15.5400248;18310;94.729454;18310;70.656456;18310;150.8469
18320;-0.37388225959044163;18320;-0.39304956910274114;18320;392.077148;18320;15.6620989;18320;94.65621;18320;70.5465851;18320;150.834686
18330;-0.37400433362834562;18330;-0.39371215126048631;18330;391.961731;18330;15.6620989;18330;94.66842;18330;70.52217;18330;150.834686
18340;-0.37339396343882569;18340;-0.39281057020748661;18340;391.769379;18340;15.5766468;18340;94.65621;18340;70.4245148;18340;150.883514
18350;-0.3733329264198737;18350;-0.39420850369226712;18350;391.692444;18350;15.5766468;18350;94.59517;18350;70.43672;18350;150.907928
18360;-0.37345500045777769;18360;-0.39347018930698935;18360;391.5001;18360;15.4911957;18360;94.570755;18360;70.36347;18360;150.773651
18370;-0.37302774132511363;18370;-0.393291387232423;18370;391.3462;18370;15.61327;18370;94.6073761;18370;70.27802;18370;150.834686
18380;-0.37376018555253765;18380;-0.39246798411064476;18380;391.153839;18380;15.6254768;18380;94.55855;18380;70.16816;18380;150.761444
18390;-0.3733329264198737;18390;-0.39304443909522324;18390;391.038422;18390;15.5522327;18390;94.55855;18390;70.10712;18390;150.810272
18400;-0.37461470381786555;18400;-0.39252134873889921;18400;390.846069;18400;15.5278177;18400;94.6440048;18400;70.21699;18400;150.578323
18410;-0.37382122257148964;18410;-0.39154057606812592;18410;390.653717;18410;15.4423656;18410;94.6440048;18410;70.1437454;18410;150.724808
18420;-0.37388225959044163;18420;-0.39215727721581362;18420;390.5383;18420;15.4545736;18420;94.6806259;18420;70.0338745;18420;150.663773
18430;-0.37253944517349769;18430;-0.39132871626409205;18430;390.345917;18430;15.4911957;18430;94.6318;18430;69.97284;18430;150.627151
18440;-0.37253944517349769;18440;-0.39193936431947513;18440;390.23053;18440;15.3447065;18440;94.6440048;18440;70.02167;18440;150.724808
18450;-0.37211218604083374;18450;-0.38955456750500339;18450;389.9612;18450;15.2714624;18450;94.6318;18450;69.9118042;18450;150.749222
18460;-0.3715628528702658;18460;-0.39021784815573207;18460;389.8458;18460;15.3447065;18460;94.6440048;18460;69.85076;18460;150.663773
18470;-0.37186803796502577;18470;-0.39010785207425364;18470;389.691925;18470;15.3813286;18470;94.6806259;18470;69.7164841;18470;150.553909
18480;-0.37125766777550584;18480;-0.38980000171535845;18480;389.538025;18480;15.3813286;18480;94.570755;18480;69.557785;18480;150.663773
18490;-0.37199011200292975;18490;-0.38975179056785786;18490;389.384125;18490;15.2104254;18490;94.4853058;18490;69.5211639;18490;150.566116
18500;-0.37058626056703392;18500;-0.39022767279949672;18500;389.268738;18500;15.2470474;18500;94.570755;18500;69.42351;18500;150.663773
18510;-0.37101351969969787;18510;-0.38947082306283187;18510;389.076355;18510;15.1738033;18510;94.66842;18510;69.42351;18510;150.566116
18520;-0.370036927396466;18520;-0.39081642591811749;18520;388.99942;18520;15.1005583;18520;94.6440048;18520;69.4113;18520;150.566116
18530;-0.37040314951017794;18530;-0.389302505311632;18530;388.7686;18530;15.13718;18530;94.55855;18530;69.4113;18530;150.492874
18540;-0.36960966826380204;18540;-0.38823634382142796;18540;388.576233;18540;15.1738033;18540;94.58296;18540;69.22819;18540;150.59053
18550;-0.369731742301706;18550;-0.38803329599248915;18550;388.422333;18550;15.1005583;18550;94.6073761;18550;69.1549454;18550;150.627151
18560;-0.37040314951017794;18560;-0.38801875334523522;18560;388.268463;18560;14.95407;18560;94.55855;18560;69.21598;18560;150.553909
18570;-0.369792779320658;18570;-0.38714499957639326;18570;388.0761;18570;14.9662771;18570;94.6073761;18570;69.28922;18570;150.651566
18580;-0.36960966826380204;18580;-0.38776804572139506;18580;387.9607;18580;14.9906921;18580;94.570755;18580;69.2403946;18580;150.578323
18590;-0.3686330759605701;18590;-0.38819634119968888;18590;387.845276;18590;14.9784842;18590;94.42427;18590;69.16715;18590;150.724808
18600;-0.36942655720694606;18600;-0.38743630744868951;18600;387.652924;18600;14.9296551;18600;94.30219;18600;69.14274;18600;150.566116
18610;-0.36802270577105017;18610;-0.38709865867975057;18610;387.499023;18610;15.0028992;18610;94.37544;18610;69.00845;18610;150.688187
18620;-0.36844996490371412;18620;-0.38786919989575935;18620;387.3836;18620;14.868618;18620;94.30219;18620;69.05728;18620;150.505081
18630;-0.3678395947141942;18630;-0.38610078978805917;18630;387.152771;18630;14.7709589;18630;94.1679153;18630;68.97183;18630;150.627151
18640;-0.36802270577105017;18640;-0.38792788997936345;18640;387.114319;18640;14.868618;18640;94.27778;18640;68.98404;18640;150.920135
18650;-0.36765648365733822;18650;-0.3870732798554134;18650;386.921936;18650;14.819788;18650;94.20454;18650;68.9230042;18650;150.822479
18660;-0.36747337260048224;18660;-0.38681421737415989;18660;386.768066;18660;14.6366768;18660;94.11908;18660;68.87417;18660;150.907928
18670;-0.36790063173314619;18670;-0.38663618006841655;18670;386.614166;18670;14.57564;18670;94.1435;18670;68.8497543;18670;150.907928
18680;-0.36722922452467427;18680;-0.38793508076478378;18680;386.537231;18680;14.6855068;18680;94.11908;18680;68.81313;18680;150.8713
18690;-0.36826685384685814;18690;-0.3887056214502897;18690;386.4218;18690;14.6122627;18690;94.19233;18690;68.8497543;18690;150.639359
18700;-0.36729026154362626;18700;-0.3884221832610481;18700;386.2679;18700;14.57564;18700;94.11908;18700;68.83755;18700;150.773651
18710;-0.3677785576952422;18710;-0.38907228406909872;18710;386.1525;18710;14.62447;18710;94.04584;18710;68.86196;18710;150.67598
18720;-0.36704611346781829;18720;-0.38795710853397686;18720;385.960144;18720;14.62447;18720;94.1435;18720;68.73989;18720;150.822479
18730;-0.36802270577105017;18730;-0.38777487853446074;18730;385.806274;18730;14.6122627;18730;94.11908;18730;68.78872;18730;150.8713
18740;-0.36814477980895416;18740;-0.38843150563170115;18740;385.690857;18740;14.5878477;18740;94.10687;18740;68.87417;18740;150.810272
18750;-0.36851100192266611;18750;-0.38897224333185904;18750;385.575439;18750;14.6122627;18750;94.1312943;18750;68.93521;18750;150.8713
18760;-0.36838892788476213;18760;-0.38803776441279042;18760;385.3831;18760;14.6366768;18760;94.10687;18760;68.88638;18760;150.834686
18770;-0.36765648365733822;18770;-0.3885426385546385;18770;385.26767;18770;14.6733;18770;94.11908;18770;68.9230042;18770;150.907928
18780;-0.36844996490371412;18780;-0.38766520416594874;18780;385.0753;18780;14.5512257;18780;94.19233;18780;68.86196;18780;150.773651
18790;-0.36796166875209818;18790;-0.38735687279691566;18790;384.921417;18790;14.6122627;18790;94.20454;18790;68.77651;18790;150.822479
18800;-0.36912137211218604;18800;-0.38735061853949065;18800;384.767517;18800;14.5146027;18800;94.1435;18800;68.86196;18800;150.639359
18810;-0.36802270577105017;18810;-0.38780197954741824;18810;384.6521;18810;14.5023956;18810;94.2533646;18810;68.87417;18810;150.737015
18820;-0.36832789086581014;18820;-0.38693575670359542;18820;384.459747;18820;14.4901886;18820;94.4731;18820;68.9108;18820;150.663773
18830;-0.36741233558153025;18830;-0.38737890681219583;18830;384.34433;18830;14.4901886;18830;94.4853058;18830;68.93521;18830;150.773651
18840;-0.36759544663838623;18840;-0.38715181881800975;18840;384.19046;18840;14.4413586;18840;94.42427;18840;68.93521;18840;150.773651
18850;-0.36747337260048224;18850;-0.3862080209343729;18850;383.998077;18850;14.3070774;18850;94.41206;18850;68.88638;18850;150.7004
18860;-0.36729026154362626;18860;-0.3859816742260207;18860;383.8442;18860;14.3436995;18860;94.4731;18860;68.93521;18860;150.737015
18870;-0.36796166875209818;18870;-0.38647277829692123;18870;383.7288;18870;14.4291515;18870;94.4731;18870;68.9230042;18870;150.724808
18880;-0.36722922452467427;18880;-0.384729878304845;18880;383.497955;18880;14.5146027;18880;94.6073761;18880;68.97183;18880;150.822479
18890;-0.36765648365733822;18890;-0.38531360233962764;18890;383.382538;18890;14.4291515;18890;94.6073761;18890;68.9108;18890;150.627151
18900;-0.36661885433515434;18900;-0.38422864805570978;18900;383.1902;18900;14.3192844;18900;94.50972;18900;68.87417;18900;150.724808
18910;-0.36729026154362626;18910;-0.38475747619841588;18910;383.074768;18910;14.3925295;18910;94.55855;18910;68.94742;18910;150.724808
18920;-0.36631366924039438;18920;-0.38434942985984932;18920;382.920868;18920;14.4169436;18920;94.50972;18920;68.8497543;18920;150.822479
18930;-0.36661885433515434;18930;-0.38493326991847121;18930;382.805481;18930;14.3436995;18930;94.55855;18930;68.93521;18930;150.749222
18940;-0.36558122501297047;18940;-0.383913541525506;18940;382.6131;18940;14.4535666;18940;94.58296;18940;68.93521;18940;150.773651
18950;-0.36503189184240237;18950;-0.3836112316824255;18950;382.459229;18950;14.5023956;18950;94.570755;18950;68.94742;18950;150.822479
18960;-0.36490981780449838;18960;-0.38400818089590022;18960;382.3438;18960;14.4169436;18960;94.54634;18960;68.9108;18960;150.8591
18970;-0.36429944761497846;18970;-0.3836335941139381;18970;382.1899;18970;14.4047365;18970;94.49751;18970;68.87417;18970;150.94455
18980;-0.36490981780449838;18980;-0.38339052444737204;18980;382.036041;18980;14.3070774;18980;94.54634;18980;68.8497543;18980;150.8591
18990;-0.36387218848231451;18990;-0.3830071899950781;18990;381.882141;18990;14.3559065;18990;94.42427;18990;68.83755;18990;150.968964
19000;-0.36448255867183443;19000;-0.38133803107892067;19000;381.6513;19000;14.4169436;19000;94.30219;19000;68.82534;19000;150.834686
19010;-0.36387218848231451;19010;-0.38305764468036535;19010;381.612854;19010;14.3192844;19010;94.4486847;19010;68.77651;19010;151.017792
19020;-0.3647877437665944;19020;-0.38423085599878531;19020;381.5359;19020;14.2704554;19020;94.37544;19020;68.78872;19020;151.005585
19030;-0.36344492934965056;19030;-0.38310793205671489;19030;381.343536;19030;14.24604;19030;94.38765;19030;68.71548;19030;151.0422
19040;-0.3630787072359386;19040;-0.38209673720499404;19040;381.151184;19040;14.19721;19040;94.37544;19040;68.7643051;19040;151.0422
19050;-0.36301767021698661;19050;-0.38172243413026091;19050;380.997284;19050;14.3192844;19050;94.2899857;19050;68.71548;19050;151.06662
19060;-0.36289559617908262;19060;-0.3827966204851263;19060;380.920349;19060;14.3925295;19060;94.36323;19060;68.727684;19060;151.164276
19070;-0.3631397442548906;19070;-0.38245757984994933;19070;380.766479;19070;14.3070774;19070;94.32661;19070;68.5934;19070;151.0422
19080;-0.36240730002746668;19080;-0.38349600205212164;19080;380.6895;19080;14.24604;19080;94.2899857;19080;68.4835358;19080;151.054413
19090;-0.36326181829279458;19090;-0.382487222111253;19090;380.497162;19090;14.2338324;19090;94.22895;19090;68.52016;19090;151.005585
19100;-0.36252937406537067;19100;-0.38127054810466393;19100;380.3048;19100;14.3436995;19100;94.15571;19100;68.47133;19100;151.152069
19110;-0.36350596636860255;19110;-0.3811150458124275;19110;380.1509;19110;14.2216253;19110;94.20454;19110;68.52016;19110;150.932343
19120;-0.36265144810327465;19120;-0.38216075792346194;19120;380.073975;19120;14.1239662;19120;94.30219;19120;68.43471;19120;150.932343
19130;-0.3631397442548906;19130;-0.38107041294269756;19130;379.881622;19130;14.2216253;19130;94.2533646;19130;68.47133;19130;150.968964
19140;-0.36240730002746668;19140;-0.3799663189691701;19140;379.68927;19140;14.1727962;19140;94.22895;19140;68.49574;19140;151.005585
19150;-0.36198004089480273;19150;-0.37950068226663969;19150;379.53537;19150;14.0751362;19150;94.22895;19150;68.45912;19150;151.103241
19160;-0.36185796685689875;19160;-0.37994484265821721;19160;379.419952;19160;14.1239662;19160;94.1679153;19160;68.41029;19160;150.932343
19170;-0.3613086336863307;19170;-0.38179331253729093;19170;379.38147;19170;14.1727962;19170;94.1435;19170;68.4469147;19170;150.920135
19180;-0.36149174474318679;19180;-0.37981610305159846;19180;379.150665;19180;14.0507221;19180;94.1312943;19180;68.2515945;19180;150.907928
19190;-0.36014893032624284;19190;-0.37786928452995894;19190;378.91983;19190;14.0140991;19190;94.19233;19190;68.17835;19190;150.968964
19200;-0.36094241157261875;19200;-0.37830987059347604;19200;378.8044;19200;13.9774771;19200;94.11908;19200;68.19056;19200;150.834686
19210;-0.36039307840205081;19210;-0.37774586296930279;19210;378.6505;19210;14.0263071;19210;94.1435;19210;68.0928955;19210;150.968964
19220;-0.36136967070528281;19220;-0.37882040884821211;19220;378.573578;19220;13.96527;19220;94.07025;19220;68.03186;19220;150.883514
19230;-0.35996581926938687;19230;-0.37613169916364875;19230;378.30426;19230;13.91644;19230;94.07025;19230;67.87316;19230;150.8469
19240;-0.35941648609881893;19240;-0.37571676771195883;19240;378.1504;19240;13.9774771;19240;94.08246;19240;67.8609543;19240;150.834686
19250;-0.358928189947203;19250;-0.37589933595984881;19250;378.034973;19250;13.9774771;19250;94.03363;19250;67.75109;19250;150.907928
19260;-0.35831781975768306;19260;-0.37613694396294217;19260;377.919556;19260;13.7943659;19260;93.9848;19260;67.71447;19260;150.968964
19270;-0.35807367168187509;19270;-0.37574048523022541;19270;377.765656;19270;13.7455368;19270;93.96039;19270;67.62902;19270;150.834686
19280;-0.35691396832178712;19280;-0.37664796806922718;19280;377.688721;19280;13.879818;19280;94.02142;19280;67.44591;19280;150.822479
19290;-0.35740226447340306;19290;-0.37473661795759966;19290;377.4579;19290;13.8187809;19290;94.04584;19290;67.34824;19290;150.737015
19300;-0.35666982024597915;19300;-0.37418923337042365;19300;377.304016;19300;13.8309889;19300;93.9848;19300;67.33604;19300;150.8713
19310;-0.35782952360606712;19310;-0.37519958897765576;19310;377.227051;19310;13.8431959;19310;93.83831;19310;67.275;19310;150.810272
19320;-0.35691396832178712;19320;-0.37386103514496705;19320;377.0347;19320;13.8676109;19320;93.83831;19320;67.16514;19320;150.920135
19330;-0.3570970793786431;19330;-0.37412980190589346;19330;376.919281;19330;13.8187809;19330;93.8138962;19330;67.09189;19330;150.8469
19340;-0.35599841303750723;19340;-0.37352089750435413;19340;376.7654;19340;13.63567;19340;93.66741;19340;66.96982;19340;150.932343
19350;-0.35563219092379528;19350;-0.37379548958184089;19350;376.65;19350;13.6478777;19350;93.581955;19350;66.9820251;19350;150.920135
19360;-0.35569322794274727;19360;-0.37263569561988996;19360;376.457642;19360;13.7577438;19360;93.55754;19360;66.92099;19360;150.785858
19370;-0.35502182073427535;19370;-0.37338274548885236;19370;376.380676;19370;13.7821589;19370;93.72845;19370;66.85995;19370;151.06662
19380;-0.35532700582903531;19380;-0.37288524549412083;19380;376.2268;19380;13.6112556;19380;93.67962;19380;66.786705;19380;151.005585
19390;-0.3545945616016114;19390;-0.37317869244619395;19390;376.1114;19390;13.5624256;19390;93.44768;19390;66.73788;19390;150.8713
19400;-0.35551011688589129;19400;-0.37412365770978889;19400;376.034424;19400;13.4159365;19400;93.42326;19400;66.62801;19400;150.785858
19410;-0.35410626544999546;19410;-0.37334879357010603;19410;375.880554;19410;13.4525585;19410;93.36222;19410;66.49373;19410;151.054413
19420;-0.35453352458265941;19420;-0.37074990760709514;19420;375.611237;19420;13.4647665;19420;93.37443;19420;66.55476;19420;150.956757
19430;-0.35404522843104347;19430;-0.37089876699933572;19430;375.495819;19430;13.3671074;19430;93.42326;19430;66.53035;19430;151.03
19440;-0.35435041352580343;19440;-0.37326740735400993;19440;375.495819;19440;13.4037294;19440;93.31339;19440;66.4693146;19440;151.017792
19450;-0.35349589526047537;19450;-0.37342144951268841;19450;375.380432;19450;13.3793144;19450;93.28898;19450;66.34724;19450;150.968964
19460;-0.35264137699514747;19460;-0.37348977803503464;19460;375.265;19460;13.3793144;19460;93.22794;19460;66.34724;19460;151.164276
19470;-0.35282448805200345;19470;-0.37289400310836085;19470;375.1111;19470;13.30607;19470;93.11807;19470;66.1885452;19470;151.091034
19480;-0.35233619190038751;19480;-0.37298388087431744;19480;374.9957;19480;13.2816553;19480;93.1424942;19480;66.06647;19480;151.115448
19490;-0.35361796929837952;19490;-0.3732271379063718;19490;374.88028;19490;13.3548994;19490;93.03262;19490;66.13972;19490;151.091034
19500;-0.35294656208990743;19500;-0.37189137020201796;19500;374.687927;19500;13.25724;19500;93.1058655;19500;66.12751;19500;151.152069
19510;-0.35392315439313948;19510;-0.37283776989692263;19510;374.611;19510;13.0375071;19510;93.1791153;19510;66.05426;19510;151.005585
19520;-0.3531907101657154;19520;-0.37285763157493423;19520;374.495575;19520;13.0375071;19520;93.20353;19520;65.93219;19520;151.103241
19530;-0.35367900631733151;19530;-0.37153622638731565;19530;374.303223;19530;13.1351662;19530;93.1424942;19530;65.93219;19530;151.127655
19540;-0.35294656208990743;19540;-0.3708771816690658;19540;374.149323;19540;13.0985441;19540;93.05704;19540;65.9077759;19540;151.225311
19550;-0.35270241401409946;19550;-0.37027504844516584;19550;373.995422;19550;12.9276409;19550;93.03262;19550;65.9077759;19550;151.249725
19560;-0.35294656208990743;19560;-0.36830653773582328;19560;373.764618;19560;12.9154329;19560;93.09366;19560;65.8345261;19560;151.0422
19570;-0.35227515488143551;19570;-0.36766106548798189;19570;373.610718;19570;13.000885;19570;93.05704;19570;65.81011;19570;151.091034
19580;-0.35245826593829149;19580;-0.36704085356199684;19580;373.456818;19580;13.000885;19580;93.0692444;19580;65.81011;19580;151.115448
19590;-0.35129856257820363;19590;-0.36789983278193222;19590;373.379883;19590;12.9398479;19590;93.0692444;19590;65.797905;19590;151.091034
19600;-0.35166478469191559;19600;-0.36878369986225212;19600;373.302948;19600;12.9276409;19600;93.0692444;19600;65.74908;19600;150.981171
19610;-0.35007782219916378;19610;-0.36802921738359495;19610;373.149048;19610;12.97647;19610;93.16691;19610;65.72466;19610;151.164276
19620;-0.35032197027497175;19620;-0.36890072097706161;19620;373.0721;19620;12.8421888;19620;93.11807;19620;65.65142;19620;151.03
19630;-0.34958952604754778;19630;-0.36888117083213839;19630;372.9567;19630;12.9032259;19630;93.03262;19630;65.52934;19630;151.091034
19640;-0.35019989623706776;19640;-0.36757799850884754;19640;372.764343;19640;12.8421888;19640;93.03262;19640;65.56596;19640;151.017792
19650;-0.35032197027497175;19650;-0.36769204102772896;19650;372.648926;19650;12.8421888;19650;93.16691;19650;65.52934;19650;150.932343
19660;-0.34995574816125979;19660;-0.36770030104992357;19660;372.5335;19660;12.9276409;19660;93.16691;19660;65.55376;19660;151.06662
19670;-0.3498947111423078;19670;-0.36688807262850648;19670;372.3796;19670;12.8177738;19670;93.09366;19670;65.43169;19670;151.18869
19680;-0.34891811883907586;19680;-0.36610848198482221;19680;372.225739;19680;12.7933588;19680;93.08145;19680;65.33402;19680;151.274155
19690;-0.3494674520096438;19690;-0.36634113532810492;19690;372.110321;19690;12.8421888;19690;93.03262;19690;65.37064;19690;151.03
19700;-0.34855189672536391;19700;-0.36637054423289994;19700;371.9949;19700;12.7201147;19700;93.03262;19700;65.35844;19700;151.054413
19710;-0.34958952604754778;19710;-0.36422341030176963;19710;371.764069;19710;12.6102486;19710;92.9471741;19710;65.30961;19710;151.005585
19720;-0.34849085970641192;19720;-0.36268804325022919;19720;371.571716;19720;12.5614185;19720;92.88614;19720;65.27299;19720;151.152069
19730;-0.34891811883907586;19730;-0.36431072292442995;19730;371.533234;19730;12.4393444;19730;92.9837952;19730;65.34623;19730;151.017792
19740;-0.34818567461165195;19740;-0.36359119361236714;19740;371.379364;19740;12.4637594;19740;93.09366;19740;65.2851944;19740;150.981171
19750;-0.34781945249794;19750;-0.36285028192662844;19750;371.225464;19750;12.4393444;19750;92.996;19750;65.34623;19750;151.091034
19760;-0.34708700827051608;19760;-0.36359479405007838;19760;371.148529;19760;12.4149294;19760;92.88614;19760;65.23637;19760;150.981171
19770;-0.34641560106204417;19770;-0.36275178211431736;19770;370.994629;19770;12.3294783;19770;92.8739243;19770;65.15092;19770;151.091034
19780;-0.34733115634632405;19780;-0.36273024131871312;19780;370.8792;19780;12.2440262;19780;92.7518539;19780;65.11429;19780;151.091034
19790;-0.34647663808099616;19790;-0.3627022247219488;19790;370.7638;19790;12.3416853;19790;92.788475;19790;65.10208;19790;151.115448
19800;-0.34720908230842007;19800;-0.36201794837711349;19800;370.609924;19800;12.31727;19800;92.8739243;19800;65.06546;19800;150.981171
19810;-0.34629352702414018;19810;-0.36188834898753419;19810;370.4945;19810;12.2684412;19810;92.8250961;19810;65.05325;19810;151.152069
19820;-0.34678182317575612;19820;-0.36120529758148245;19820;370.3406;19820;12.2806482;19820;92.76406;19820;65.15092;19820;151.127655
19830;-0.34556108279671616;19830;-0.36038328733802982;19830;370.186737;19830;12.3783073;19830;92.7030258;19830;65.06546;19830;151.139862
19840;-0.34586626789147623;19840;-0.36185749520003413;19840;370.148254;19840;12.3294783;19840;92.6664047;19840;65.13871;19840;151.127655
19850;-0.34556108279671616;19850;-0.36099314074700672;19850;369.9944;19850;12.2440262;19850;92.64199;19850;65.004425;19850;151.139862
19860;-0.34507278664510022;19860;-0.36015164947815786;19860;369.840485;19860;12.2440262;19860;92.61757;19860;64.90677;19860;151.139862
19870;-0.34513382366405221;19870;-0.35869605253847114;19870;369.648132;19870;12.2440262;19870;92.5931549;19870;64.8823547;19870;151.005585
19880;-0.34446241645558029;19880;-0.35931761121337336;19880;369.5712;19880;12.2196112;19880;92.64199;19880;64.87014;19880;151.06662
19890;-0.34537797173986018;19890;-0.36080097458747296;19890;369.5327;19890;12.097537;19890;92.64199;19890;64.93118;19890;150.968964
19900;-0.34415723136082033;19900;-0.35905021974841533;19900;369.340363;19900;12.1341591;19900;92.58095;19900;64.8091049;19900;151.2009
19910;-0.34452345347453228;19910;-0.357473464015758;19910;369.14798;19910;12.1585741;19910;92.53212;19910;64.69924;19910;151.139862
19920;-0.34342478713339641;19920;-0.35806139769040757;19920;369.071045;19920;12.2318182;19920;92.62978;19920;64.66262;19920;151.18869
19930;-0.3444013794366283;19930;-0.35722352284937492;19930;368.917175;19930;12.1951962;19930;92.6664047;19930;64.73586;19930;151.274155
19940;-0.34391308328501236;19940;-0.3563502877700041;19940;368.763275;19940;12.073122;19940;92.5077057;19940;64.6870346;19940;151.286362
19950;-0.34336375011444442;19950;-0.35696765731342583;19950;368.68634;19950;12.048708;19950;92.58095;19950;64.6137848;19950;151.2131
19960;-0.34293649098178047;19960;-0.35535683442820271;19960;368.494;19960;12.048708;19960;92.64199;19960;64.4917145;19960;151.139862
19970;-0.34232612079226055;19970;-0.35586857475257594;19970;368.417023;19970;12.0365;19970;92.54433;19970;64.4062653;19970;151.2131
19980;-0.34293649098178047;19980;-0.35423011006545591;19980;368.22467;19980;11.9144258;19980;92.58095;19980;64.36964;19980;151.249725
19990;-0.34171575060274051;19990;-0.35466588274422556;19990;368.147736;19990;11.9632559;19990;92.5931549;19990;64.27198;19990;151.420639
20000;-0.34208197271645258;20000;-0.35454561779921856;20000;368.032318;20000;11.9876709;20000;92.5077057;20000;64.19874;20000;151.298569
20010;-0.3409222693563646;20010;-0.35289364213663976;20010;367.839966;20010;11.9144258;20010;92.45888;20010;64.16212;20010;151.322983
20020;-0.34141056550798055;20020;-0.35281459222655348;20020;367.724548;20020;11.8778038;20020;92.5077057;20020;64.27198;20020;151.286362
20030;-0.34049501022370066;20030;-0.35251337570414659;20030;367.609131;20030;11.8167667;20030;92.5931549;20030;64.174324;20030;151.420639
20040;-0.34049501022370066;20040;-0.35231610397082697;20040;367.4937;20040;11.7679377;20040;92.53212;20040;64.015625;20040;151.298569
20050;-0.33970152897732475;20050;-0.35136701605010712;20050;367.3398;20050;11.7679377;20050;92.48329;20050;63.95459;20050;151.298569
20060;-0.33903012176885283;20060;-0.35114183756891587;20060;367.2244;20060;11.7801447;20060;92.48329;20060;63.9667969;20060;151.371811
20070;-0.33909115878780483;20070;-0.34873718730177156;20070;366.9936;20070;11.7801447;20070;92.42226;20070;63.95459;20070;151.384018
20080;-0.33805352946562095;20080;-0.34911987925720078;20080;366.916626;20080;11.75573;20080;92.37342;20080;63.82031;20080;151.506088
20090;-0.33854182561723689;20090;-0.34887365886244182;20090;366.8012;20090;11.6702776;20090;92.28797;20090;63.6860237;20090;151.432846
20100;-0.337137974181341;20100;-0.34925011701784731;20100;366.724274;20100;11.6702776;20100;92.23914;20100;63.6860237;20100;151.676987
20110;-0.33744315927610097;20110;-0.3498351288781299;20110;366.647339;20110;11.5604115;20110;92.23914;20110;63.66161;20110;151.506088
20120;-0.33597827082125314;20120;-0.34876260099421152;20120;366.493439;20120;11.4749594;20120;92.1903152;20120;63.4785;20120;151.5183
20130;-0.33616138187810912;20130;-0.34775684358683256;20130;366.339569;20130;11.5359964;20130;92.06824;20130;63.4052544;20130;151.506088
20140;-0.33585619678334916;20140;-0.3481724818752675;20140;366.2626;20140;11.5115814;20140;92.03162;20140;63.24656;20140;151.469467
20150;-0.33573412274544517;20150;-0.34865404575178477;20150;366.185669;20150;11.4383373;20150;92.0072;20150;63.2221451;20150;151.432846
20160;-0.33542893765068521;20160;-0.34619100744351461;20160;365.954834;20160;11.4505444;20160;91.94617;20160;63.2221451;20160;151.445053
20170;-0.33433027130954934;20170;-0.34649265319109257;20170;365.8779;20170;11.3528852;20170;91.87292;20170;63.112278;20170;151.628159
20180;-0.33451338236640532;20180;-0.34544411665845515;20180;365.724;20180;11.2918482;20180;91.799675;20180;62.9902039;20180;151.57933
20190;-0.33341471602526929;20190;-0.34437517124531125;20190;365.570129;20190;11.3528852;20190;91.6776047;20190;62.9413757;20190;151.628159
20200;-0.33390301217688523;20200;-0.34264624332486571;20200;365.377777;20200;11.2308111;20200;91.59215;20200;62.86813;20200;151.506088
20210;-0.33237708670308541;20210;-0.34364494200846768;20210;365.3393;20210;11.133152;20210;91.70202;20210;62.67281;20210;151.615952
20220;-0.33262123477889338;20220;-0.34263184896891058;20220;365.1854;20220;11.0599079;20220;91.7630539;20220;62.5507355;20220;151.445053
20230;-0.33133945738090154;20230;-0.34080255422478861;20230;364.993042;20230;11.133152;20230;91.65319;20230;62.45308;20230;151.445053
20240;-0.33091219824823759;20240;-0.34037000755691788;20240;364.877625;20240;11.0232859;20240;91.5189056;20240;62.3065872;20240;151.506088
20250;-0.33005767998290958;20250;-0.33994973724341504;20250;364.7622;20250;10.8523817;20250;91.44566;20250;62.11127;20250;151.481674
20260;-0.32920316171758168;20260;-0.3403042305825153;20260;364.685272;20260;10.86459;20260;91.40904;20260;62.0502319;20260;151.493881
20270;-0.3290200506607257;20270;-0.33843926748142916;20270;364.49292;20270;10.8767967;20270;91.27476;20270;61.8671227;20270;151.420639
20280;-0.32724997711111792;20280;-0.33790894705871827;20280;364.3775;20280;10.9378338;20280;91.1648941;20280;61.6718025;20280;151.567123
20290;-0.32749412518692589;20290;-0.33895341848375549;20290;364.33902;20290;10.9134188;20290;91.0916443;20290;61.46428;20290;151.469467
20300;-0.32615131076998194;20300;-0.33842239738577085;20300;364.2236;20300;10.8279667;20300;91.06723;20300;61.329998;20300;151.652573
20310;-0.32639545884579;20310;-0.33877724339098303;20310;364.146667;20310;10.6936855;20310;91.0916443;20310;61.1957169;20310;151.5183
20320;-0.32468642231513412;20320;-0.33896947089780077;20320;364.069733;20320;10.6570635;20320;91.0428162;20320;60.93936;20320;151.567123
20330;-0.32468642231513412;20330;-0.33852252247886133;20330;363.9543;20330;10.5716114;20330;90.98178;20330;60.85391;20330;151.591537
20340;-0.32413708914456618;20340;-0.33945643816413373;20340;363.915833;20340;10.5471973;20340;90.8108749;20340;60.65859;20340;151.652573
20350;-0.32358775597399825;20350;-0.338951950859097;20350;363.8004;20350;10.4983673;20350;90.70101;20350;60.5975533;20350;151.786865
20360;-0.32303842280343031;20360;-0.33995668294000925;20360;363.761963;20360;10.3762932;20360;90.71322;20360;60.4022331;20360;151.676987
20370;-0.32224494155705424;20370;-0.33946757320298138;20370;363.646545;20370;10.2908411;20370;90.65218;20370;60.267952;20370;151.676987
20380;-0.32297738578447832;20380;-0.33749090665728615;20380;363.454163;20380;10.2542191;20380;90.54231;20380;60.09705;20380;151.676987
20390;-0.32193975646229428;20390;-0.33693879878404109;20390;363.338745;20390;10.229804;20390;90.39583;20390;59.90173;20390;151.713608
20400;-0.32267220068971836;20400;-0.33651657632971033;20400;363.223358;20400;10.193182;20400;90.27375;20400;59.80407;20400;151.567123
20410;-0.32157353434858232;20410;-0.33665654610435974;20410;363.1464;20410;10.0955229;20410;90.32258;20410;59.6453743;20410;151.6892
20420;-0.3217566454054383;20420;-0.33625971771559093;20420;363.030975;20420;10.10773;20420;90.2127151;20420;59.58434;20420;151.493881
20430;-0.32041383098849446;20430;-0.3364257994777532;20430;362.954041;20430;10.0711079;20430;90.13947;20430;59.4988861;20430;151.603745
20440;-0.32023071993163849;20440;-0.33663731900720206;20440;362.8771;20440;9.887997;20440;90.00519;20440;59.42564;20440;151.615952
20450;-0.31992553483687852;20450;-0.33460698804778727;20450;362.684753;20450;9.790338;20450;89.858696;20450;59.2669449;20450;151.628159
20460;-0.31943723868526258;20460;-0.33407177573737595;20460;362.569336;20460;9.778131;20460;89.88312;20460;59.2669449;20460;151.713608
20470;-0.31968138676107055;20470;-0.33278597755612144;20470;362.415436;20470;9.778131;20470;89.91974;20470;59.1204567;20470;151.676987
20480;-0.31852168340098269;20480;-0.33440451638118207;20480;362.415436;20480;9.790338;20480;89.90753;20480;58.9983826;20480;151.6892
20490;-0.31894894253364664;20490;-0.33391469577046518;20490;362.300018;20490;9.607226;20490;89.6878;20490;58.9251366;20490;151.554916
20500;-0.31723990600299079;20500;-0.33182198899907878;20500;362.107666;20500;9.411908;20500;89.6878;20500;58.76644;20500;151.615952
20510;-0.31748405407879876;20510;-0.330607552726852;20510;361.953766;20510;9.350871;20510;89.62676;20510;58.76644;20510;151.506088
20520;-0.31656849879451887;20520;-0.33073185918198722;20520;361.876831;20520;9.424116;20520;89.5291;20520;58.7054062;20520;151.57933
20530;-0.31699575792718282;20530;-0.32942049668001172;20530;361.722931;20530;9.436323;20530;89.44365;20530;58.6199532;20530;151.554916
20540;-0.31601916562395094;20540;-0.32868992542784986;20540;361.607544;20540;9.265419;20540;89.33378;20540;58.412426;20540;151.713608
20550;-0.31516464735862304;20550;-0.3303032992917177;20550;361.607544;20550;9.192175;20550;89.39482;20550;58.40022;20550;151.725815
20560;-0.31455427716910311;20560;-0.32905213620905344;20560;361.453644;20560;9.192175;20560;89.35819;20560;58.3758049;20560;151.57933
20570;-0.31327249977111116;20570;-0.32834879736652944;20570;361.338226;20570;9.21659;20570;89.17509;20570;58.2415237;20570;151.7014
20580;-0.31351664784691913;20580;-0.326299032930167;20580;361.145874;20580;9.143346;20580;89.187294;20580;58.1072426;20580;151.554916
20590;-0.31217383342997529;20590;-0.3270195301395169;20590;361.1074;20590;8.972442;20590;89.32157;20590;57.9119225;20590;151.66478
20600;-0.31266212958159123;20600;-0.3270792677101495;20600;361.030457;20600;8.996857;20600;89.187294;20600;57.8264732;20600;151.713608
20610;-0.3112582781456954;20610;-0.32568547444477647;20610;360.876556;20610;9.033479;20610;89.0408;20610;57.8020554;20610;151.786865
20620;-0.31144138920255138;20620;-0.32576730550198152;20620;360.799622;20620;8.93582;20620;89.0408;20620;57.7532272;20620;151.786865
20630;-0.31015961180455942;20630;-0.32570911725602808;20630;360.7227;20630;8.83816051;20630;88.9919739;20630;57.533493;20630;151.908936
20640;-0.30997650074770344;20640;-0.32581251686521923;20640;360.645752;20640;8.801538;20640;88.96756;20640;57.533493;20640;151.872314
20650;-0.3094882045960875;20650;-0.324423473061596;20650;360.491852;20650;8.777123;20650;89.00418;20650;57.4480438;20650;151.799072
20660;-0.30845057527390363;20660;-0.32362661597660697;20660;360.376434;20660;8.679464;20660;89.0408;20660;57.22831;20660;151.884521
20670;-0.30826746421704765;20670;-0.32142488780791095;20670;360.184082;20670;8.594012;20670;89.01639;20670;57.08182;20670;151.896729
20680;-0.30741294595171975;20680;-0.32144535337723262;20680;360.107147;20680;8.471938;20680;88.97977;20680;57.09403;20680;151.982178
20690;-0.30771813104647971;20690;-0.32151079936668953;20690;360.030182;20690;8.435316;20690;88.91873;20690;57.0451965;20690;151.884521
20700;-0.30594805749687187;20700;-0.32061776882029985;20700;359.914764;20700;8.496353;20700;88.78445;20700;56.7400131;20700;152.031
20710;-0.30600909451582387;20710;-0.32139148224173475;20710;359.8763;20710;8.435316;20710;88.65017;20710;56.6789742;20710;151.93335
20720;-0.304910428174688;20720;-0.32059392187429109;20720;359.7609;20720;8.337657;20720;88.63796;20720;56.6423531;20720;152.092041
20730;-0.305093539231544;20730;-0.31983017447724482;20730;359.645477;20730;8.22779;20730;88.61354;20730;56.5813179;20730;152.128662
20740;-0.30399487289040811;20740;-0.31826925142270068;20740;359.491577;20740;8.239998;20740;88.6257553;20740;56.3982048;20740;152.17749
20750;-0.30344553971984017;20750;-0.3182454740710941;20750;359.414642;20750;8.191168;20750;88.56471;20750;56.3615837;20750;152.17749
20760;-0.3032624286629842;20760;-0.3175079033797073;20760;359.299225;20760;8.105716;20760;88.45485;20760;56.3005447;20760;152.092041
20770;-0.30222479934080015;20770;-0.31813508271062468;20770;359.260742;20770;7.922605;20770;88.41823;20770;56.14185;20770;152.116455
20780;-0.30210272530289617;20780;-0.31809513563022079;20780;359.1838;20780;7.81273842;20780;88.38161;20780;55.9831543;20780;151.969971
20790;-0.30051576281014436;20790;-0.3164351928333225;20790;359.029938;20790;7.83715343;20790;88.30836;20790;55.8854942;20790;152.238525
20800;-0.30112613299966429;20800;-0.315703019531112;20800;358.91452;20800;7.83715343;20800;88.22291;20800;55.9221153;20800;152.153076
20810;-0.30002746665852842;20810;-0.31561587586907947;20810;358.837555;20810;7.824946;20810;88.17408;20810;55.86108;20810;152.153076
20820;-0.30027161473433639;20820;-0.31632213602462567;20820;358.7991;20820;7.83715343;20820;88.02759;20820;55.80004;20820;151.982178
20830;-0.29911191137424853;20830;-0.314622972209168;20830;358.6452;20830;7.83715343;20830;87.9177246;20830;55.51927;20830;152.079834
20840;-0.29868465224158447;20840;-0.31524518349642494;20840;358.60672;20840;7.69066429;20840;87.86889;20840;55.3361626;20840;151.945557
20850;-0.29813531907101654;20850;-0.31440146961758181;20850;358.491333;20850;7.593005;20850;87.74682;20850;55.25071;20850;151.896729
20860;-0.29764702291940059;20860;-0.31427461138028862;20860;358.414368;20860;7.54417562;20860;87.69799;20860;55.2629166;20860;151.957764
20870;-0.29764702291940059;20870;-0.31491469972464642;20870;358.375916;20870;7.556383;20870;87.68578;20870;55.20188;20870;151.8357
20880;-0.29648731955931273;20880;-0.314684711000174;20880;358.29895;20880;7.531968;20880;87.68578;20880;55.0431824;20880;151.93335
20890;-0.29697561571092868;20890;-0.31389419079597036;20890;358.183533;20890;7.434309;20890;87.67358;20890;55.00656;20890;151.713608
20900;-0.29581591235084082;20900;-0.31298483066410804;20900;358.0681;20900;7.39768648;20900;87.5270844;20900;55.01877;20900;151.811279
20910;-0.29660939359721672;20910;-0.31278746846629429;20910;357.99118;20910;7.470931;20910;87.34397;20910;54.87228;20910;151.774658
20920;-0.29575487533188882;20920;-0.31330219802007919;20920;357.952728;20920;7.45872355;20920;87.405014;20920;54.77462;20920;151.811279
20930;-0.29606006042664879;20930;-0.31315059269220619;20930;357.875763;20930;7.17795324;20930;87.49046;20930;54.762413;20930;151.750244
20940;-0.2951445051423689;20940;-0.31218022388444538;20940;357.760345;20940;7.1535387;20940;87.42943;20940;54.6159248;20940;151.750244
20950;-0.29471724600970484;20950;-0.31199519861935;20950;357.6834;20950;7.165746;20950;87.39281;20950;54.59151;20950;151.713608
20960;-0.29453413495284886;20960;-0.31174724863722814;20960;357.606476;20960;7.00704956;20960;87.41722;20960;54.4450226;20960;151.6892
20970;-0.29367961668752096;20970;-0.31076406544045;20970;357.491058;20970;6.982635;20970;87.405014;20970;54.43281;20970;151.786865
20980;-0.29410687582018491;20980;-0.30982959067905114;20980;357.375641;20980;6.99484253;20980;87.2829361;20980;54.4083977;20980;151.725815
20990;-0.293130283516953;20990;-0.3094771347602015;20990;357.2987;20990;6.921598;20990;87.25852;20990;54.26191;20990;151.896729
21000;-0.29380169072542495;21000;-0.30855733713543332;21000;357.1833;21000;6.90939045;21000;87.25852;21000;54.21308;21000;151.725815
21010;-0.29264198736533709;21010;-0.30972516454309762;21010;357.1833;21010;6.860561;21010;87.17307;21010;54.12763;21010;151.762451
21020;-0.29282509842219306;21020;-0.30944084018758411;21020;357.106323;21020;6.75069427;21020;87.13645;21020;54.01776;21020;151.725815
21030;-0.29160435804315321;21030;-0.30843509505822836;21030;356.9909;21030;6.738487;21030;87.19749;21030;54.02997;21030;151.762451
21040;-0.29160435804315321;21040;-0.30675503782471691;21040;356.837036;21040;6.64082766;21040;87.1608658;21040;54.1398354;21040;151.725815
21050;-0.29123813592944126;21050;-0.30640904618020143;21050;356.7601;21050;6.57979059;21050;87.17307;21050;54.02997;21050;151.774658
21060;-0.29074983977782515;21060;-0.30678013319645658;21060;356.721619;21060;6.60420561;21060;87.29514;21060;53.9933472;21060;151.908936
21070;-0.29074983977782515;21070;-0.30714671091348122;21070;356.683136;21070;6.61641264;21070;87.246315;21070;53.8956871;21070;151.969971
21080;-0.28922391430402533;21080;-0.30750404374771806;21080;356.644684;21080;6.555376;21080;87.13645;21080;53.7492;21080;151.982178
21090;-0.28952909939878529;21090;-0.30574250669872644;21090;356.490784;21090;6.51875353;21090;87.19749;21090;53.7614059;21090;151.93335
21100;-0.28855250709555341;21100;-0.30606704170392307;21100;356.4523;21100;6.469924;21100;87.2219;21100;53.7492;21100;152.116455
21110;-0.28928495132297732;21110;-0.3035365866012627;21110;356.259949;21110;6.408887;21110;87.11203;21110;53.7125778;21110;152.067627
21120;-0.28824732200079345;21120;-0.30239412008006922;21120;356.144531;21120;6.3966794;21120;87.03879;21120;53.6759529;21120;152.1897
21130;-0.28849147007660142;21130;-0.30206442824896274;21130;356.0676;21130;6.32343531;21130;86.8801;21130;53.7125778;21130;152.140869
21140;-0.28757591479232153;21140;-0.30236468531726268;21140;356.0291;21140;6.29902029;21140;86.91672;21140;53.63933;21140;152.226318
21150;-0.28672139652699358;21150;-0.30048525383284108;21150;355.875244;21150;6.29902029;21150;87.07541;21150;53.63933;21150;152.32399
21160;-0.28611102633747365;21160;-0.30007162556279982;21160;355.7983;21160;6.25019073;21160;87.00217;21160;53.55388;21160;152.299576
21170;-0.28525650807214575;21170;-0.30111464059247117;21170;355.7983;21170;6.21356869;21170;86.9655457;21170;53.5294647;21170;152.32399
21180;-0.28556169316690572;21180;-0.2992373993968831;21180;355.6444;21180;6.237983;21180;86.86788;21180;53.4195976;21180;152.226318
21190;-0.2840357676931059;21190;-0.29946732959661637;21190;355.605927;21190;6.12811661;21190;86.7336044;21190;53.37077;21190;152.397232
21200;-0.28415784173100989;21200;-0.30049426544726626;21200;355.605927;21200;6.09149456;21200;86.63595;21200;53.2609024;21200;152.299576
21210;-0.28299813837092191;21210;-0.30000067107758;21210;355.529;21210;6.079287;21210;86.67257;21210;53.22428;21210;152.409439
21220;-0.28324228644673;21220;-0.29881926174462137;21220;355.413574;21220;5.94500542;21220;86.7214;21220;53.2609024;21220;152.44606
21230;-0.282082583086642;21230;-0.29672620874028088;21230;355.2597;21230;6.0304575;21230;86.59932;21230;53.02896;21230;152.6902
21240;-0.282143620105594;21240;-0.2962648277782145;21240;355.182739;21240;6.01825;21240;86.55049;21240;52.95572;21240;152.592545
21250;-0.28196050904873804;21250;-0.29725954093176166;21250;355.182739;21250;5.981628;21250;86.50166;21250;52.9313;21250;152.531509
21260;-0.28086184270760217;21260;-0.29529424090100903;21260;355.02887;21260;5.84734631;21260;86.55049;21260;52.943512;21260;152.580338
21270;-0.28025147251808225;21270;-0.29407567245420518;21270;354.913452;21270;5.774102;21270;86.52608;21270;52.9190941;21270;152.5193
21280;-0.27927488021485025;21280;-0.29417585506609856;21280;354.874969;21280;5.774102;21280;86.33076;21280;52.74819;21280;152.6902
21290;-0.28012939848017826;21290;-0.29369793120629945;21290;354.798035;21290;5.749687;21290;86.33076;21290;52.6383247;21290;152.458267
21300;-0.27854243598742634;21300;-0.29315845526324519;21300;354.7211;21300;5.68865;21300;86.28193;21300;52.57729;21300;152.421646
21310;-0.27835932493057036;21310;-0.29186509840445812;21310;354.605682;21310;5.529954;21310;86.24531;21310;52.4063835;21310;152.311783
21320;-0.2771996215704825;21320;-0.29344751841516409;21320;354.644135;21320;5.57878351;21320;86.24531;21320;52.2598953;21320;152.3362
21330;-0.27726065858943449;21330;-0.29363795609054483;21330;354.605682;21330;5.529954;21330;86.12323;21330;52.2232742;21330;152.238525
21340;-0.27603991821039464;21340;-0.29079784944030029;21340;354.4133;21340;5.505539;21340;86.1720657;21340;52.1134071;21340;152.3484
21350;-0.27524643696401868;21350;-0.29093429285266947;21350;354.374847;21350;5.45670938;21350;86.26972;21350;52.06458;21350;152.3362
21360;-0.27518539994506669;21360;-0.29102317928296306;21360;354.336365;21360;5.45670938;21360;86.0988159;21360;51.85705;21360;152.275162
21370;-0.27439191869869078;21370;-0.29111033263183794;21370;354.297882;21370;5.493332;21370;86.01337;21370;51.7716;21370;152.311783
21380;-0.27463606677449875;21380;-0.28978289083830294;21380;354.1825;21380;5.4811244;21380;85.92792;21380;51.6373177;21380;152.128662
21390;-0.27317117831965093;21390;-0.28758735458855467;21390;354.0286;21390;5.39567232;21390;85.9035;21390;51.4786224;21390;152.299576
21400;-0.27353740043336289;21400;-0.287006681198318;21400;353.95166;21400;5.2858057;21400;85.80584;21400;51.4175835;21400;152.079834
21410;-0.272621845149083;21410;-0.28710967714304375;21410;353.913177;21410;5.24918365;21410;85.64715;21410;51.4175835;21410;152.031
21420;-0.27311014130069894;21420;-0.28716972382971823;21420;353.8747;21420;5.175939;21420;85.72039;21420;51.3199272;21420;151.982178
21430;-0.27152317880794713;21430;-0.28565313614407539;21430;353.759277;21430;5.18814659;21430;85.59831;21430;51.0391541;21430;152.067627
21440;-0.271217993713187;21440;-0.2871268201829616;21440;353.79776;21440;5.114902;21440;85.4274139;21440;50.9903259;21440;152.153076
21450;-0.27060762352366707;21450;-0.28564667425817281;21450;353.682343;21450;5.02945042;21450;85.48845;21450;50.88046;21450;152.238525
21460;-0.26999725333414715;21460;-0.28566176038037788;21460;353.6439;21460;4.96841335;21460;85.47624;21460;50.7950058;21460;152.214111
21470;-0.2695699942014832;21470;-0.28567421366826012;21470;353.6054;21470;4.96841335;21470;85.34196;21470;50.67293;21470;152.128662
21480;-0.2687154759361553;21480;-0.28559036683033412;21480;353.566925;21480;4.93179131;21480;85.29313;21480;50.5508575;21480;152.311783
21490;-0.26889858699301128;21490;-0.28413948917978166;21490;353.4515;21490;4.83413172;21490;85.23209;21490;50.4409943;21490;152.17749
21500;-0.26761680959501943;21500;-0.2833509462966991;21500;353.374573;21500;4.76088762;21500;85.1100159;21500;50.3311272;21500;152.226318
21510;-0.26804406872768338;21510;-0.28333297163954868;21510;353.3361;21510;4.55336142;21510;85.03677;21510;50.25788;21510;152.153076
21520;-0.26706747642445139;21520;-0.2839436615249305;21520;353.3361;21520;4.651021;21520;85.04898;21520;50.08698;21520;152.275162
21530;-0.26731162450025936;21530;-0.28166618479854222;21530;353.18222;21530;4.69985056;21530;84.96353;21530;49.94049;21530;152.275162
21540;-0.26590777306436353;21540;-0.28012814963480742;21540;353.0668;21540;4.55336142;21540;84.92691;21540;49.8306236;21540;152.250748
21550;-0.26590777306436353;21550;-0.2800864415759412;21550;353.02832;21550;4.565569;21550;84.86587;21550;49.9649048;21550;152.32399
21560;-0.26560258796960357;21560;-0.27996282153021368;21560;352.989868;21560;4.528947;21560;84.73159;21560;49.9649048;21560;152.494888
21570;-0.26474806970427567;21570;-0.28127231615729459;21570;353.02832;21570;4.38245773;21570;84.73159;21570;49.8306236;21570;152.592545
21580;-0.26413769951475574;21580;-0.28041928721940662;21580;352.9514;21580;4.4557023;21580;84.68276;21580;49.6353035;21580;152.494888
21590;-0.26291695913571578;21590;-0.27951908793628977;21590;352.874451;21590;4.41908026;21590;84.5851;21590;49.5376434;21590;152.616959
21600;-0.2635273293252357;21600;-0.28011783735772011;21600;352.874451;21600;4.260384;21600;84.5606842;21600;49.4399872;21600;152.580338
21610;-0.26242866298409984;21610;-0.28068052371803176;21610;352.874451;21610;4.297006;21610;84.60951;21610;49.3423271;21610;152.629166
21620;-0.26285592211676378;21620;-0.27981745267602071;21620;352.7975;21620;4.21155453;21620;84.5973053;21620;49.2568741;21620;152.531509
21630;-0.26175725577562792;21630;-0.27888260731369074;21630;352.720551;21630;4.15051746;21630;84.4386139;21630;49.220253;21630;152.6902
21640;-0.26212347788933987;21640;-0.27873933418640334;21640;352.6821;21640;4.06506538;21640;84.34095;21640;49.1836281;21640;152.604752
21650;-0.26139103366191596;21650;-0.27703819408786473;21650;352.566681;21650;4.0894804;21650;84.32874;21650;49.0737648;21650;152.739029
21660;-0.261268959624012;21660;-0.27754426791935743;21660;352.566681;21660;4.016236;21660;84.3165359;21660;49.1225929;21660;152.946564
21670;-0.2609027375103;21670;-0.27662310328082412;21670;352.489716;21670;3.97961354;21670;84.2799149;21670;49.03714;21670;152.861115
21680;-0.25992614520706814;21680;-0.27713196026125747;21680;352.489716;21680;4.052858;21680;84.3165359;21680;48.9394836;21680;152.8367
21690;-0.2602313303018281;21690;-0.27693683913670442;21690;352.451263;21690;3.90636921;21690;84.3165359;21690;48.8418236;21690;152.678
21700;-0.25913266396069207;21700;-0.2766960879530127;21700;352.412781;21700;3.82091737;21700;84.1944656;21700;48.75637;21700;152.65358
21710;-0.259620960112308;21710;-0.27502333623449982;21710;352.297363;21710;3.869747;21710;84.24329;21710;48.7441635;21710;152.555923
21720;-0.25852229377117214;21720;-0.2754472290175522;21720;352.297363;21720;3.88195443;21720;84.26771;21720;48.5976753;21720;152.629166
21730;-0.25913266396069207;21730;-0.27447616176839962;21730;352.220428;21730;3.82091737;21730;84.07239;21730;48.52443;21730;152.494888
21740;-0.25827814569536417;21740;-0.27346349996078539;21740;352.1435;21740;3.88195443;21740;84.02356;21740;48.57326;21740;152.592545
21750;-0.25815607165746018;21750;-0.27321733745025811;21750;352.105;21750;3.8941617;21750;84.17005;21750;48.6342964;21750;152.531509
21760;-0.25742362743003627;21760;-0.2707400948048081;21760;351.9511;21760;3.80871;21760;84.17005;21760;48.5366364;21760;152.409439
21770;-0.25681325724051635;21770;-0.27119511960763587;21770;351.9511;21770;3.65001369;21770;84.17005;21770;48.65871;21770;152.433853
21780;-0.25675222022156435;21780;-0.27086156499008934;21780;351.912659;21780;3.540147;21780;84.0968;21780;48.56105;21780;152.409439
21790;-0.25534836878566847;21790;-0.2697240808094597;21790;351.8357;21790;3.5279398;21790;83.98694;21790;48.3046951;21790;152.458267
21800;-0.25528733176671647;21800;-0.26940421400577613;21800;351.797241;21800;3.5279398;21800;83.88928;21800;48.20704;21800;152.299576
21810;-0.25406659138767662;21810;-0.26758189743738348;21810;351.681824;21810;3.5279398;21810;83.9137;21810;48.1582069;21810;152.299576
21820;-0.25443281350138858;21820;-0.26799550018923529;21820;351.681824;21820;3.41807318;21820;83.93811;21820;48.19483;21820;152.17749
21830;-0.25315103610339673;21830;-0.26829237124326216;21830;351.681824;21830;3.36924338;21830;83.93811;21830;48.170414;21830;152.397232
21840;-0.25302896206549275;21840;-0.26715452886634067;21840;351.6049;21840;3.34482861;21840;83.97473;21840;48.04834;21840;152.372818
21850;-0.25205236976226086;21850;-0.26677085757765667;21850;351.5664;21850;3.34482861;21850;83.88928;21850;47.9873047;21850;152.275162
21860;-0.25131992553483684;21860;-0.26710961298123964;21860;351.5664;21860;3.34482861;21860;83.81603;21860;48.09717;21860;152.3362
21870;-0.25095370342112489;21870;-0.26372631642995964;21870;351.374054;21870;3.357036;21870;83.88928;21870;47.96289;21870;152.372818
21880;-0.250160222174749;21880;-0.26326513439001575;21880;351.335571;21880;3.36924338;21880;83.9137;21880;47.7919846;21880;152.3362
21890;-0.250099185155797;21890;-0.2628474688096219;21890;351.2971;21890;3.25937676;21890;83.79162;21890;47.7065353;21890;152.165283
21900;-0.24887844477675714;21900;-0.2630555021303122;21900;351.2971;21900;3.13730288;21900;83.63293;21900;47.58446;21900;152.3362
21910;-0.24906155583361311;21910;-0.26258176626096169;21910;351.258636;21910;3.12509537;21910;83.54747;21910;47.5478363;21910;152.3484
21920;-0.24704733420819727;21920;-0.26279499720525268;21920;351.258636;21920;3.21054721;21920;83.53526;21920;47.437973;21920;152.421646
21930;-0.24710837122714926;21930;-0.26229854397458835;21930;351.220154;21930;3.11288786;21930;83.41319;21930;47.3159;21930;152.3484
21940;-0.24619281594286938;21940;-0.25952225476973506;21940;351.066284;21940;3.03964353;21940;83.47423;21940;47.1449928;21940;152.543716
21950;-0.24613177892391738;21950;-0.2589574734085936;21950;351.0278;21950;3.0640583;21950;83.4498138;21950;47.1327858;21950;152.775665
21960;-0.24539933469649347;21960;-0.25845584563961393;21960;350.989319;21960;3.11288786;21960;83.2911148;21960;47.05954;21960;152.629166
21970;-0.24460585345011757;21970;-0.25934207990424479;21970;351.0278;21970;3.0640583;21970;83.21787;21970;46.9496765;21970;152.714615
21980;-0.24411755729850154;21980;-0.25803841620225848;21980;350.950867;21980;2.9175694;21980;83.19346;21980;46.91305;21980;152.812286
21990;-0.24234748374889375;21990;-0.25741860001331029;21990;350.912384;21990;2.88094735;21990;83.13242;21990;46.77877;21990;152.970978
22000;-0.24246955778679774;22000;-0.25756016996854536;22000;350.912384;22000;2.8321178;22000;83.0103455;22000;46.60787;22000;152.909943
22010;-0.24167607654042184;22010;-0.25694588068454455;22010;350.8739;22010;2.77108073;22010;82.98593;22010;46.51021;22010;152.983185
22020;-0.24210333567308578;22020;-0.25637132297974563;22020;350.835449;22020;2.844325;22020;82.9737244;22020;46.473587;22020;152.885529
22030;-0.24039429914243;22030;-0.25427229760634712;22030;350.720032;22030;2.746666;22030;82.94931;22030;46.375927;22030;152.958771
22040;-0.24045533616138198;22040;-0.25512798263821673;22040;350.758484;22040;2.63679934;22040;82.8882751;22040;46.36372;22040;152.92215
22050;-0.23990600299081385;22050;-0.25369040318077574;22050;350.681549;22050;2.661214;22050;82.79061;22050;46.1928177;22050;153.141876
22060;-0.23929563280129393;22060;-0.25301217260628428;22060;350.643066;22060;2.661214;22060;82.6563339;22060;46.08295;22060;153.239532
22070;-0.23844111453596603;22070;-0.25306401886129776;22070;350.643066;22070;2.57576227;22070;82.57088;22070;45.85101;22070;153.16629
22080;-0.23740348521378216;22080;-0.25168278209736583;22080;350.566132;22080;2.57576227;22080;82.46101;22080;45.8388023;22080;153.117462
22090;-0.23758659627063813;22090;-0.25103531607634166;22090;350.527679;22090;2.5025177;22090;82.4121857;22090;45.8388023;22090;153.0076
22100;-0.23612170781579023;22100;-0.25100553705087;22100;350.527679;22100;2.392651;22100;82.4121857;22100;45.60686;22100;153.16629
22110;-0.23636585589159828;22110;-0.24957641772091443;22110;350.4507;22110;2.3682363;22110;82.42439;22110;45.496994;22110;153.080841
22120;-0.23526718955046233;22120;-0.24883514441096605;22120;350.412262;22120;2.31940675;22120;82.36335;22120;45.3016739;22120;153.068634
22130;-0.23545030060731831;22130;-0.24740857276787892;22130;350.3353;22130;2.28278446;22130;82.26569;22130;45.2162247;22130;152.873322
22140;-0.23398541215247048;22140;-0.24738210932600974;22140;350.3353;22140;2.2217474;22140;82.15583;22140;45.2040176;22140;153.0076
22150;-0.23343607898190255;22150;-0.24808676062701956;22150;350.373779;22150;2.2217474;22150;82.14362;22150;45.1063576;22150;152.995392
22160;-0.23270363475447864;22160;-0.24729945868111752;22160;350.3353;22160;2.20954013;22160;82.19245;22160;44.9232445;22160;152.995392
22170;-0.23172704245124667;22170;-0.24651216265108572;22170;350.296844;22170;2.12408829;22170;82.09479;22170;44.8744164;22170;153.068634
22180;-0.23123874629963073;22180;-0.24500236657047769;22180;350.219879;22180;2.050844;22180;81.97272;22180;44.6913071;22180;152.897736
22190;-0.23020111697744686;22190;-0.24569098062476835;22190;350.258362;22190;1.98980677;22190;81.97272;22190;44.593647;22190;152.714615
22200;-0.23075045014801479;22200;-0.24491385231554053;22200;350.219879;22200;1.97759938;22200;81.83843;22200;44.5204;22200;152.5071
22210;-0.22928556169316697;22210;-0.24332409497264496;22210;350.142944;22210;1.94097722;22210;81.72857;22210;44.44716;22210;152.6902
22220;-0.22940763573107095;22220;-0.24177635064098141;22220;350.066;22220;1.91656244;22220;81.6675339;22220;44.42274;22220;152.616959
22230;-0.22812585833307891;22230;-0.24162578415657959;22230;350.066;22230;1.85552537;22230;81.64312;22230;44.25184;22230;152.702408
22240;-0.2282479323709829;22240;-0.2407971034679931;22240;350.027527;22240;1.79448831;22240;81.63091;22240;44.1908035;22240;152.5193
22250;-0.22721030304879902;22250;-0.2399311826691885;22250;349.989075;22250;1.75786614;22250;81.55766;22250;44.1297646;22250;152.482681
22260;-0.22623371074556714;22260;-0.23977201502216638;22260;349.989075;22260;1.721244;22260;81.47221;22260;44.1663857;22260;152.616959
22270;-0.22550126651814323;22270;-0.23958917793580153;22270;349.989075;22270;1.69682908;22270;81.49663;22270;43.9954834;22270;152.616959
22280;-0.22446363719595927;22280;-0.2393774456758837;22280;349.989075;22280;1.59916985;22280;81.4478;22280;43.8001633;22280;152.702408
22290;-0.22434156315805528;22290;-0.2377366930706783;22290;349.9121;22290;1.51371813;22290;81.3501358;22290;43.77575;22290;152.678
22300;-0.22281563768425547;22300;-0.2360517148661061;22300;349.835175;22300;1.52592552;22300;81.27689;22300;43.62926;22300;152.739029
22310;-0.22299874874111145;22310;-0.23586155647338458;22310;349.835175;22310;1.47709584;22310;81.20365;22310;43.5316;22310;152.555923
22320;-0.22183904538102359;22320;-0.2356259470983092;22320;349.835175;22320;1.44047368;22320;81.17924;22320;43.45836;22320;152.616959
22330;-0.22196111941892757;22330;-0.23465655250115697;22330;349.7967;22330;1.45268106;22330;81.10599;22330;43.39732;22330;152.629166
22340;-0.22031311990722369;22340;-0.23291620397953164;22340;349.719757;22340;1.4160589;22340;80.9595;22340;43.29966;22340;152.800079
22350;-0.21976378673665575;22350;-0.23409556794412356;22350;349.7967;22350;1.29398477;22350;80.910675;22350;43.1897964;22350;152.909943
22360;-0.21903134250923184;22360;-0.23382183669067608;22360;349.7967;22360;1.28177738;22360;80.84963;22360;43.0921364;22360;152.885529
22370;-0.21799371318704797;22370;-0.23353108723830118;22370;349.7967;22370;1.29398477;22370;80.8008041;22370;43.0677223;22370;152.970978
22380;-0.217627491073336;22380;-0.23249908211598752;22380;349.75824;22380;1.20853293;22380;80.8374252;22380;42.9578552;22380;152.958771
22390;-0.21646778771324807;22390;-0.23142518732737874;22390;349.719757;22390;1.20853293;22390;80.73977;22390;42.83578;22390;153.16629
22400;-0.21683400982696011;22400;-0.23111004704360502;22400;349.719757;22400;1.17191076;22400;80.64211;22400;42.7625351;22400;153.117462
22410;-0.21549119541001618;22410;-0.23003046833739821;22410;349.681274;22410;1.04983675;22410;80.5200348;22410;42.6282539;22410;153.1785
22420;-0.21573534348582415;22420;-0.22897032372320855;22420;349.642822;22420;1.03762937;22420;80.5200348;22420;42.60384;22420;153.093048
22430;-0.21433149204992832;22430;-0.22860523195215696;22430;349.642822;22430;1.09866631;22430;80.56886;22430;42.56722;22430;153.1907
22440;-0.21433149204992832;22440;-0.22822831724031734;22440;349.642822;22440;1.07425153;22440;80.41017;22440;42.4939728;22440;153.251755
22450;-0.21341593676564843;22450;-0.225641211933133;22450;349.5274;22450;1.00100708;22450;80.25147;22450;42.35969;22450;153.300583
22460;-0.21256141850032045;22460;-0.22669205092519729;22460;349.60434;22460;0.9887997;22460;80.22706;22460;42.26203;22460;153.43486
22470;-0.21201208532975252;22470;-0.22702266513059741;22470;349.642822;22470;0.9521775;22470;80.27589;22470;42.17658;22470;153.373825
22480;-0.21115756706442462;22480;-0.22586122483452872;22480;349.60434;22480;0.8545183;22480;80.15382;22480;42.12775;22480;153.520309
22490;-0.21079134495071267;22490;-0.22396221469654681;22490;349.5274;22490;0.8789331;22490;80.03174;22490;42.03009;22490;153.569138
22500;-0.20932645649586484;22500;-0.22277407333391447;22500;349.488922;22500;0.781273842;22500;80.15382;22500;42.0422974;22500;153.8133
22510;-0.20975371562852879;22510;-0.22161837249074828;22510;349.45047;22510;0.5981628;22510;80.17823;22510;42.03009;22510;153.569138
22520;-0.20853297524948874;22520;-0.22114946799576377;22520;349.45047;22520;0.5981628;22520;80.08057;22520;41.8713951;22520;153.5081
22530;-0.20841090121158476;22530;-0.22068360346446092;22530;349.45047;22530;0.634785;22530;80.0073242;22530;41.834774;22530;153.398239
22540;-0.20682393871883295;22540;-0.22019728001283015;22540;349.45047;22540;0.6103702;22540;79.98291;22540;41.8103561;22540;153.386032
22550;-0.20603045747245705;22550;-0.21896532486642942;22550;349.412;22550;0.5249184;22550;79.99512;22550;41.7249069;22550;153.3372
22560;-0.20505386516922508;22560;-0.21844889593795272;22560;349.412;22560;0.488296151;22560;79.921875;22560;41.51738;22560;153.202911
22570;-0.20419934690389718;22570;-0.21938677899781384;22570;349.488922;22570;0.5249184;22570;79.83642;22570;41.48076;22570;153.1785
22580;-0.20389416180913722;22580;-0.217397140727962;22580;349.412;22580;0.5249184;22580;79.70214;22580;41.5295868;22580;153.117462
22590;-0.2024292733542894;22590;-0.21610083074470754;22590;349.3735;22590;0.537125766;22590;79.6411057;22590;41.5051727;22590;153.325
22600;-0.20249031037324139;22600;0.014508835723931357;22600;349.335052;22600;0.573748;22600;79.68993;22600;41.33427;22600;153.1785
22610;-0.20133060701315353;22610;0.014326115695518449;22610;349.335052;22610;0.50050354;22610;79.70214;22610;41.1511574;22610;153.154083
22620;-0.20145268105105751;22620;0.014883718434928528;22620;349.29657;22620;0.451673955;22620;79.66552;22620;41.06571;22620;153.0198
22630;-0.19608142338328188;22630;0.014719718953900507;22630;349.29657;22630;0.378429532;22630;79.55565;22630;41.0779152;22630;152.92215
22640;-0.17007965330973249;22640;0.01602700891993486;22640;349.219635;22640;0.3051851;22640;79.58006;22640;40.9924622;22640;152.92215
22650;-0.12796411023285631;22650;0.015881736460710172;22650;349.219635;22650;0.415051728;22650;79.54344;22650;40.7239;22650;152.983185
22660;-0.090060121463667639;22660;0.013552939660375962;22660;349.335052;22660;0.50050354;22660;79.34812;22660;40.58962;22660;153.0198
22670;-0.0589312417981505;22670;0.012695436608431143;22670;349.3735;22670;4.06506538;22670;79.20164;22670;37.00064;22670;152.983185
22680;-0.038972136600848375;22680;0.012578265204141625;22680;349.3735;22680;7.48313856;22680;78.23725;22680;31.8735313;22680;152.995392
22690;-0.030243842890713246;22690;0.013932389953572044;22690;349.29657;22690;7.861568;22690;76.18641;22690;26.7830448;22690;152.885529
22700;-0.026459547715689525;22700;0.01383395852216085;22700;349.29657;22700;5.529954;22700;73.65948;22700;20.398571;22700;152.970978
22710;-0.025055696279793694;22710;0.013013935231016294;22710;349.335052;22710;2.01422167;22710;70.91281;22710;14.4657736;22710;152.946564
22720;-0.021759697256386091;22720;0.012203284308756834;22720;349.3735;22720;0.8545183;22720;68.30042;22720;9.21659;22720;152.958771
22730;-0.020233771782586098;22730;0.01067104319223422;22730;349.45047;22730;0.231940672;22730;65.89557;22730;5.09048748;22730;152.92215
22740;-0.017914365062410377;22740;0.0098791392746846451;22740;349.488922;22740;0.07324442;22740;63.8447227;22740;1.94097722;22740;152.92215
22750;-0.01638843958861038;22750;0.009096609807938083;22750;349.5274;22750;0;22750;62.233345;22750;0.476088762;22750;153.04422
22760;-0.014252143925290639;22760;0.0075924919512999067;22760;349.60434;22760;0;22760;60.92715;22760;0.207525864;22760;153.080841
22770;-0.01266518143253883;22770;0.0075596761700709725;22770;349.60434;22770;0;22770;59.8284874;22770;0.183111057;22770;153.117462
22780;-0.011566515091402963;22780;0.0068052727392389767;22780;349.642822;22780;0;22780;58.8030624;22780;0.146488845;22780;153.0198
22790;-0.0097964415417951759;22790;0.0053292818901475858;22790;349.719757;22790;0;22790;57.88751;22790;0.158696249;22790;152.92215
22800;-0.0094302194280830413;22800;0.0053245938104964363;22800;349.719757;22800;0;22800;57.0085754;22800;0.170903653;22800;152.970978
22810;-0.0082094790490431883;22810;0.0045983184976614577;22810;349.75824;22810;0;22810;56.0686073;22810;0.170903653;22810;153.0198
22820;-0.008087405011139203;22820;0.0046123826046367;22820;349.75824;22820;0;22820;55.1652565;22820;0.170903653;22820;152.897736
22830;-0.0069887386700033362;22830;0.0039048592933536019;22830;349.7967;22830;0;22830;54.22529;22830;0.158696249;22830;153.0198
22840;-0.0069277016510513436;22840;0.0039376750317295928;22840;349.7967;22840;0;22840;53.32194;22840;0.158696249;22840;153.080841
22850;-0.0063173314615314171;22850;0.0032489027966247641;22850;349.835175;22850;0;22850;52.38197;22850;0.158696249;22850;153.068634
22860;-0.0058290353099154759;22860;0.0018385421716293759;22860;349.9121;22860;0.0122074038;22860;51.6129036;22860;0.170903653;22860;153.141876
22870;-0.0055848872341075053;22870;0.0018994826967012601;22870;349.9121;22870;0.03662221;22870;51.0391541;22870;0.3051851;22870;152.946564
22880;-0.0049134800256355861;22880;0.001969797071119328;22880;349.9121;22880;0.06103702;22880;50.6607246;22880;0.415051728;22880;152.897736
22890;-0.0049134800256355861;22890;0.00204948460090848;22890;349.9121;22890;0.122074038;22890;50.53865;22890;0.40284434;22890;153.056427
22900;-0.004242072817163667;22900;0.0014075811499558721;22900;349.9506;22900;0.146488845;22900;50.5508575;22900;0.40284434;22900;152.946564
22910;-0.0046082949308756229;22910;0.00077504918890414221;22910;349.989075;22910;0.19531846;22910;50.5508575;22910;0.378429532;22910;152.763458
22920;-0.0039368877224037037;22920;0.00015188774627716839;22920;350.027527;22920;0.19531846;22920;50.83163;22920;0.2807703;22920;152.763458
22930;-0.004242072817163667;22930;0.00026905910774538411;22930;350.027527;22930;0.122074038;22930;51.4175835;22930;0.207525864;22930;152.8367
22940;-0.0038758507034517111;22940;0.0011265621168752293;22940;349.989075;22940;0.0488296151;22940;52.2110672;22940;0.183111057;22940;152.970978
22950;-0.0039979247413556964;22950;0.0012624688255065131;22950;349.989075;22950;0.03662221;22950;53.1022072;22950;0.170903653;22950;153.0198
22960;-0.0038758507034517111;22960;0.0021387045915589042;22960;349.9506;22960;0.03662221;22960;53.93231;22960;0.170903653;22960;152.958771
22970;-0.0035706656086917478;22970;0.0030243046316207334;22970;349.9121;22970;0.0244148076;22970;54.87228;22970;0.170903653;22970;152.958771
22980;-0.0035706656086917478;22980;0.0053811941187523193;22980;349.7967;22980;0.03662221;22980;55.714592;22980;0.183111057;22980;152.909943
22990;-0.0028992584002198287;22990;0.0048235913365599625;22990;349.835175;22990;0.03662221;22990;56.42262;22990;0.183111057;22990;152.958771
23000;-0.0032654805139317846;23000;0.0057372746718290513;23000;349.7967;23000;0.0122074038;23000;57.2038956;23000;0.183111057;23000;152.970978
23010;-0.00247199926755588;23010;0.2601425670057963;23010;349.7967;23010;0.0244148076;23010;57.9363365;23010;0.183111057;23010;152.92215
23020;-0.0025330362865078728;23020;0.26196992823411891;23020;349.75824;23020;0.0122074038;23020;58.5222931;23020;0.170903653;23020;152.873322
23030;-0.0025940733054598654;23030;0.26452350924480256;23030;349.681274;23030;0;23030;59.1692848;23030;0.146488845;23030;152.970978
23040;-0.0021057771538439242;23040;0.26562877017944786;23040;349.681274;23040;0;23040;59.8284874;23040;0.146488845;23040;152.946564
23050;-0.0015564439832758126;23050;0.26675045247101692;23050;349.681274;23050;0;23050;60.3045731;23050;0.146488845;23050;152.763458
23060;-0.0010681478316598714;23060;0.26785526409784977;23060;349.681274;23060;0;23060;60.4876862;23060;0.146488845;23060;152.885529
23070;-0.0010071108127078787;23070;0.2697000591899395;23070;349.642822;23070;0;23070;60.5975533;23070;0.146488845;23070;152.946564
23080;-0.0010681478316598714;23080;0.26936145842674569;23080;349.719757;23080;0;23080;60.6219673;23080;0.146488845;23080;152.946564
23090;-0.0010681478316598714;23090;0.27049375312848123;23090;349.719757;23090;0;23090;60.64638;23090;0.146488845;23090;152.897736
23100;-0.0010071108127078787;23100;0.27235814013074883;23100;349.681274;23100;0.0244148076;23100;60.4022331;23100;0.219733268;23100;152.92215
23110;-0.00094607379375588607;23110;0.27422121405369548;23110;349.642822;23110;0.03662221;23110;59.86511;23110;0.40284434;23110;153.0076
23120;-0.00076296273689990812;23120;0.27463248287199638;23120;349.681274;23120;0.06103702;23120;59.24253;23120;0.6103702;23120;153.04422
23130;-0.00076296273689990812;23130;0.27506434960435794;23130;349.719757;23130;0.122074038;23130;58.6443672;23130;0.842310846;23130;152.946564
23140;-0.00051881466109193752;23140;0.27549405513089015;23140;349.75824;23140;0.170903653;23140;58.0462036;23140;1.1108737;23140;152.92215
23150;-0.00033570360423595957;23150;0.27666955263685744;23150;349.75824;23150;0.3173925;23150;57.32597;23150;1.330607;23150;152.897736
23160;9.1555528427988975E-05;23160;0.27856992184763618;23160;349.719757;23160;0.3418073;23160;56.50807;23160;1.44047368;23160;152.873322
23170;0.0010681478316598714;23170;0.278995303626834;23170;349.75824;23170;0.3173925;23170;55.80004;23170;1.37943661;23170;152.983185
23180;0.0021668141727957391;23180;0.27944282512382579;23180;349.7967;23180;0.378429532;23180;55.1774635;23180;1.29398477;23180;153.0076
23190;0.0027161473433636729;23190;0.27989056956905023;23190;349.835175;23190;0.3418073;23190;54.53047;23190;1.15970337;23190;152.983185
23200;0.0033875545518355921;23200;0.28180932183860319;23200;349.7967;23200;0.244148076;23200;53.9567261;23200;0.9643849;23200;152.861115
23210;0.0039368877224037037;23210;0.28225413570793129;23210;349.835175;23210;0.19531846;23210;53.5294647;23210;0.8056887;23210;152.946564
23220;0.004058961760307689;23220;0.28344819362097118;23220;349.835175;23220;0.158696249;23220;53.2120743;23220;0.50050354;23220;152.92215
23230;0.0043641468550676523;23230;0.28465578694559407;23230;349.835175;23230;0.09765923;23230;52.870266;23230;0.3051851;23230;152.800079
23240;0.0055848872341075053;23240;0.28439994775139449;23240;349.9121;23240;0.07324442;23240;52.7726059;23240;0.2563555;23240;152.775665
23250;0.0065614795373393877;23250;0.28487894852951334;23250;349.9506;23250;0.09765923;23250;52.6993637;23250;0.219733268;23250;152.812286
23260;0.0077822199163792407;23260;0.28608835087968476;23260;349.9506;23260;0.06103702;23260;52.6383247;23260;0.207525864;23260;152.8367
23270;0.01010162663655496;23270;0.28803976794072006;23270;349.9121;23270;0.0122074038;23270;52.79702;23270;0.170903653;23270;152.800079
23280;0.014252143925290639;23280;0.28853458452595387;23280;349.9506;23280;0;23280;53.12662;23280;0.158696249;23280;152.800079
23290;0.019867549668874319;23290;0.28976878011818885;23290;349.9506;23290;0.0122074038;23290;53.6149178;23290;0.170903653;23290;152.800079
23300;0.0289620654927214;23300;0.29100064688369287;23300;349.9506;23300;0.03662221;23300;54.1032143;23300;0.183111057;23300;152.873322
23310;0.040864284188360148;23310;0.29224883262610979;23310;349.9506;23310;0.0122074038;23310;54.67696;23310;0.183111057;23310;152.812286
23320;0.055146946623126955;23320;0.29349458571556319;23320;349.9506;23320;0;23320;55.42161;23320;0.170903653;23320;152.8245
23330;0.069490646076845589;23330;0.29550113403406758;23330;349.9121;23330;0.0122074038;23330;55.9221153;23330;0.183111057;23330;152.678
23340;0.086458937345500073;23340;0.2967629743559636;23340;349.9121;23340;0.0244148076;23340;56.56911;23340;0.183111057;23340;152.678
23350;0.10440382091738627;23350;0.29948558567041783;23350;349.835175;23350;0.0122074038;23350;57.2771378;23350;0.170903653;23350;152.702408
23360;0.11563463240455345;23360;0.30073807270262692;23360;349.835175;23360;0.0122074038;23360;57.64336;23360;0.207525864;23360;152.8367
23370;0.12637714774010433;23370;0.302026596035014;23370;349.835175;23370;0.0244148076;23370;58.08283;23370;0.207525864;23370;152.763458
23380;0.13565477462080738;23380;0.30332100868756906;23380;349.835175;23380;0;23380;58.63216;23380;0.207525864;23380;152.65358
23390;0.14688558610797459;23390;0.30532224298760813;23390;349.7967;23390;0;23390;58.8396873;23390;0.207525864;23390;152.775665
23400;0.16013061922055716;23400;0.30736799154637934;23400;349.75824;23400;0.0122074038;23400;58.9373436;23400;0.183111057;23400;152.641373
23410;0.17142246772667633;23410;0.30793804115032486;23410;349.7967;23410;0;23410;59.04721;23410;0.170903653;23410;152.616959
23420;0.17960142826624353;23420;0.30850827037076045;23420;349.835175;23420;0;23420;59.1326637;23420;0.183111057;23420;152.641373
23430;0.18698690755943481;23430;0.31054414176911288;23430;349.7967;23430;0.0122074038;23430;59.07163;23430;0.231940672;23430;152.6902
23440;0.19547105319376196;23440;0.31187897936502107;23440;349.7967;23440;0.03662221;23440;58.8885155;23440;0.268562883;23440;152.592545
23450;0.20175786614581739;23450;0.31317630207801694;23450;349.7967;23450;0.0488296151;23450;58.72982;23450;0.329599917;23450;152.763458
23460;0.20871608630634492;23460;0.31454207520973121;23460;349.7967;23460;0.134281442;23460;58.485672;23460;0.439466536;23460;152.604752
23470;0.21622363963744018;23470;0.315910590522168;23470;349.7967;23470;0.268562883;23470;58.1438637;23470;0.6225776;23470;152.5193
23480;0.22299874874111153;23480;0.31731520394269092;23480;349.7967;23480;0.6836146;23480;57.7288132;23480;0.8056887;23480;152.531509
23490;0.22843104342783888;23490;0.31885959100899153;23490;349.7967;23490;1.59916985;23490;57.2527237;23490;0.9033479;23490;152.238525
23500;0.23343607898190263;23500;0.31979015974197034;23500;349.835175;23500;3.25937676;23500;56.7644272;23500;0.9765923;23500;152.067627
23510;0.23776970732749411;23510;0.32151341546768486;23510;349.835175;23510;5.0050354;23510;56.2517166;23510;1.025422;23510;151.725815
23520;0.24240852076784575;23520;0.32345917335572288;23520;349.835175;23520;7.959227;23520;55.8366661;23520;1.04983675;23520;151.469467
23530;0.24759666737876529;23530;0.32429337268073827;23530;349.9121;23530;12.5492115;23530;55.3971977;23530;1.01321447;23530;151.18869
23540;0.25113681447798086;23540;0.32605267036912866;23540;349.9506;23540;18.0181274;23540;54.92111;23540;0.9399701;23540;151.164276
23550;0.25534836878566852;23550;0.32815221448164261;23550;349.989075;23550;24.3049412;23550;54.45723;23550;0.8056887;23550;150.810272
23560;0.25858333079012413;23560;0.3311555323159357;23560;349.989075;23560;30.8114872;23560;54.1520424;23560;0.6469924;23560;150.517288
23570;0.26218451490829187;23570;0.335249476291756;23570;349.9506;23570;38.1603432;23570;54.0055542;23570;0.5615406;23570;150.297562
23580;0.26584673604541142;23580;0.3395801507661787;23580;349.9121;23580;45.5092;23580;53.8346519;23580;0.427259147;23580;150.016785
23590;0.26969206823938735;23590;0.34237164418064669;23590;349.9506;23590;52.0157471;23590;53.9689331;23590;0.268562883;23590;149.931335
23600;0.27329325235755492;23600;0.34438080622144684;23600;349.989075;23600;55.5436859;23600;54.54268;23600;0.244148076;23600;149.772644
23610;0.27689443647572248;23610;0.34624872584113625;23610;349.989075;23610;56.4836578;23610;55.3361626;23610;0.2563555;23610;149.736008
23620;0.2814722128971221;23620;0.349610890153611;23620;349.9121;23620;57.26493;23620;56.19068;23620;0.2807703;23620;149.491867
23630;0.28495132297738568;23630;0.3514471925918789;23630;349.9121;23630;58.15607;23630;57.08182;23630;0.3418073;23630;149.577316
23640;0.28879665517136138;23640;0.35337766741339033;23640;349.9121;23640;59.18149;23640;57.8753;23640;0.451673955;23640;149.577316
23650;0.292153691213721;23650;0.35520896673127506;23650;349.9121;23650;60.0726357;23650;58.91293;23650;0.6103702;23650;149.748215
23660;0.29624317148350487;23660;0.35642462438494693;23660;349.9506;23660;61.1102638;23660;59.95056;23660;0.7324442;23660;149.797058
23670;0.29929502243110451;23670;0.35908946228104077;23670;349.9121;23670;62.135685;23670;60.9149437;23670;0.8667257;23670;149.906921
23680;0.30228583635975231;23680;0.35948829287604406;23680;349.989075;23680;63.039032;23680;61.91595;23680;1.04983675;23680;150.114441
23690;0.30533768730735195;23690;0.36141082681503156;23690;349.989075;23690;63.8691368;23690;62.73385;23690;1.26957;23690;150.126648
23700;0.30863368633075972;23700;0.36398680490528673;23700;349.9506;23700;64.71145;23700;63.4662933;23700;1.50151062;23700;150.3708
23710;0.31192968535416732;23710;0.36512712193501246;23710;349.989075;23710;65.43169;23710;64.25977;23710;1.69682908;23710;150.456253
23720;0.31418805505539105;23720;0.36615338209963832;23720;350.027527;23720;66.09088;23720;64.93118;23720;1.94097722;23720;150.773651
23730;0.31742301705984682;23730;0.36656766071219388;23730;350.104462;23730;66.57918;23730;65.40727;23730;2.20954013;23730;150.663773
23740;0.3193151646473586;23740;0.3682724838365441;23740;350.104462;23740;66.786705;23740;65.6758347;23740;2.42927337;23740;150.688187
23750;0.32163457136753432;23750;0.37070942271536944;23750;350.066;23750;67.03085;23750;65.81011;23750;2.71004367;23750;150.761444
23760;0.324076052125614;23760;0.37081870860497634;23760;350.142944;23760;66.9332;23760;65.81011;23760;3.02743626;23760;150.810272
23770;0.32670064394054987;23770;0.36947619430458184;23770;350.296844;23770;66.83553;23770;65.59038;23770;3.25937676;23770;150.8469
23780;0.32859279152806165;23780;0.37023860164175726;23780;350.3353;23780;66.55476;23780;65.24857;23780;3.55235457;23780;150.907928
23790;0.33024079103976545;23790;0.37166555575505267;23790;350.3353;23790;66.1152954;23790;64.8823547;23790;3.80871;23790;150.968964
23800;0.33207190160832561;23800;0.37167307751103262;23800;350.412262;23800;65.5171356;23800;64.3086;23800;3.95519876;23800;150.785858
23810;0.33329264198736547;23810;0.37009300537713763;23810;350.566132;23810;64.8823547;23810;63.62499;23810;4.052858;23810;150.8591
23820;0.33530686361278123;23820;0.37010411855530967;23820;350.643066;23820;64.24757;23820;62.8925438;23820;4.113895;23820;150.651566
23830;0.33616138187810912;23830;0.37074289090685081;23830;350.681549;23830;63.5639534;23830;62.1601;23830;4.24817657;23830;150.639359
23840;0.33750419629505296;23840;0.3706451144618641;23840;350.758484;23840;62.7094345;23840;61.342205;23840;4.28479862;23840;150.480667
23850;0.33787041840876492;23850;0.37044612932176479;23850;350.835449;23850;61.8060837;23850;60.5853462;23850;4.24817657;23850;150.517288
23860;0.33866389965514082;23860;0.37040708371494457;23860;350.912384;23860;61.12247;23860;59.76745;23860;4.22376156;23860;150.419632
23870;0.33915219580675676;23870;0.37037304064082444;23870;350.989319;23870;60.341198;23870;58.9251366;23870;4.101688;23870;150.2243
23880;0.33957945493942071;23880;0.36887158429396344;23880;351.143219;23880;59.55992;23880;58.21711;23880;4.052858;23880;150.0534
23890;0.34000671407208483;23890;0.36883721125870816;23890;351.220154;23890;58.8885155;23890;57.4724579;23890;3.97961354;23890;149.992371
23900;0.34012878810998881;23900;0.36870358299891204;23900;351.2971;23900;58.1804848;23900;56.93533;23900;3.85753965;23900;150.138855
23910;0.3410443433942687;23910;0.36875282901964418;23910;351.374054;23910;57.6189461;23910;56.4958649;23910;3.747673;23910;150.016785
23920;0.34080019531846073;23920;0.36884351309947744;23920;351.451;23920;57.3381767;23920;56.0563965;23920;3.58897662;23920;150.090027
23930;0.34177678762169261;23930;0.37054220813858468;23930;351.451;23930;57.0574036;23930;55.66576;23930;3.357036;23930;149.833679
23940;0.34165471358378863;23940;0.36985966221309591;23940;351.5664;23940;56.78884;23940;55.48265;23940;3.13730288;23940;150.0412
23950;0.34202093569750058;23950;0.36933407523600947;23950;351.681824;23950;56.7644272;23950;55.4948578;23950;2.9175694;23950;150.138855
23960;0.34214300973540457;23960;0.36888779235978192;23960;351.797241;23960;56.8865;23960;55.4582367;23960;2.75887322;23960;150.2121
23970;0.34238715781121254;23970;0.3692531077672136;23970;351.874176;23970;57.19169;23970;55.641346;23970;2.61238432;23970;150.297562
23980;0.3426923429059725;23980;0.36972246501721462;23980;351.9511;23980;57.521286;23980;56.00757;23980;2.40485859;23980;150.187683
23990;0.34250923184911652;23990;0.36852198380969386;23990;352.105;23990;57.7044;23990;56.4470367;23990;2.30719924;23990;150.419632
24000;0.34299752800073247;24000;0.36969999111758384;24000;352.1435;24000;57.98517;24000;56.89871;24000;2.148503;24000;150.34639
24010;0.34299752800073247;24010;0.3716726445079106;24010;352.1435;24010;58.6932;24010;57.41142;24010;2.09967351;24010;150.578323
24020;0.34372997222815638;24020;0.37365499507961147;24020;352.1435;24020;59.3279839;24020;58.11945;24020;2.03863645;24020;150.737015
24030;0.34366893520920438;24030;0.37486521417941632;24030;352.181946;24030;59.90173;24030;58.7542343;24030;1.965392;24030;150.94455
24040;0.34452345347453228;24040;0.376175632950154;24040;352.220428;24040;60.57314;24040;59.3523979;24040;2.01422167;24040;151.054413
24050;0.34470656453138826;24050;0.37754340236325096;24050;352.258881;24050;61.232338;24050;59.96277;24050;2.12408829;24050;151.054413
24060;0.34531693472090819;24060;0.37677187524068179;24060;352.412781;24060;61.9891968;24060;60.65859;24060;2.17291784;24060;151.06662
24070;0.34586626789147612;24070;0.37884198117688866;24070;352.412781;24070;62.62398;24070;61.342205;24070;2.16071057;24070;151.152069
24080;0.34653767509994804;24080;0.38016182524176273;24080;352.451263;24080;63.2587662;24080;61.91595;24080;2.331614;24080;151.298569
24090;0.34745323038422793;24090;0.3800423311218048;24090;352.566681;24090;63.7714767;24090;62.45308;24090;2.44148088;24090;151.298569
24100;0.348063600573748;24100;0.38051568665706659;24100;352.643616;24100;64.22315;24100;62.9169579;24100;2.5025177;24100;151.5305
24110;0.34928434095278788;24110;0.38187769164642854;24110;352.6821;24110;64.57716;24110;63.28318;24110;2.746666;24110;151.371811
24120;0.34965056306649983;24120;0.38236759843917356;24120;352.759033;24120;64.845726;24120;63.4785;24120;3.02743626;24120;151.420639
24130;0.35081026642658769;24130;0.38364716797056525;24130;352.7975;24130;65.0898743;24130;63.5395355;24130;3.1983397;24130;151.3474
24140;0.35135959959715563;24140;0.38553775646847804;24140;352.7975;24140;65.1631241;24140;63.6494026;24140;3.45469522;24140;151.3474
24150;0.35264137699514747;24150;0.38666533210500031;24150;352.835968;24150;65.0898743;24150;63.71044;24150;3.71105075;24150;151.274155
24160;0.35331278420361939;24160;0.38632428795424756;24160;352.9514;24160;64.98001;24160;63.61278;24160;3.747673;24160;151.18869
24170;0.35416730246894729;24170;0.3873603820873292;24170;352.989868;24170;64.82131;24170;63.3686333;24170;3.8941617;24170;151.225311
24180;0.35532700582903515;24180;0.38912656315002886;24180;352.989868;24180;64.44289;24180;63.039032;24180;4.101688;24180;151.054413
24190;0.35612048707541144;24190;0.389371427300716;24190;353.0668;24190;64.1254959;24190;62.6606026;24190;4.235969;24190;151.06662
24200;0.35715811639759532;24200;0.38968683239314206;24200;353.143738;24200;63.79589;24200;62.233345;24200;4.199347;24200;150.94455
24210;0.35770744956816325;24210;0.38916636949098593;24210;353.259155;24210;63.3686333;24210;61.8060837;24210;4.260384;24210;150.932343
24220;0.35929441206091506;24220;0.39016541537125438;24220;353.297638;24220;62.9291649;24220;61.30558;24220;4.38245773;24220;150.810272
24230;0.36008789330729096;24230;0.39038074971403458;24230;353.374573;24230;62.45308;24230;60.8172874;24230;4.34583569;24230;150.761444
24240;0.36118655964842683;24240;0.39002639090464852;24240;353.49;24240;61.9647827;24240;60.32899;24240;4.297006;24240;150.407425
24250;0.36155278176213879;24250;0.38948309896435945;24250;353.6054;24250;61.4154472;24250;59.9383545;24250;4.24817657;24250;150.3586
24260;0.36252937406537067;24260;0.39041416006739438;24260;353.6439;24260;60.9149437;24260;59.5721321;24260;4.24817657;24260;150.34639
24270;0.36320078127384259;24270;0.3914866157468409;24270;353.682343;24270;60.47548;24270;59.0350037;24270;4.38245773;24270;150.138855
24280;0.3636890774254587;24280;0.38965386036443339;24280;353.8747;24280;60.1580849;24280;58.6443672;24280;4.39466524;24280;150.028992
24290;0.36423841059602663;24290;0.38931470377516558;24290;353.9901;24290;59.7308273;24290;58.3635979;24290;4.235969;24290;149.760437
24300;0.3644825586718346;24300;0.38896189678682125;24300;354.10553;24300;59.474472;24300;58.0462036;24300;4.24817657;24300;149.699387
24310;0.36521500289925851;24310;0.38943701222419574;24310;354.1825;24310;59.3157768;24310;57.7654343;24310;4.15051746;24310;149.565109
24320;0.36521500289925851;24320;0.39058396452405858;24320;354.220947;24320;59.14487;24320;57.6921921;24320;3.97961354;24320;149.5407
24330;0.36600848414563442;24330;0.38980690176494692;24330;354.374847;24330;59.20591;24330;57.7166061;24330;3.80871;24330;149.259933
24340;0.36582537308877844;24340;0.38952413387917934;24340;354.490265;24340;59.2547379;24340;57.7166061;24340;3.65001369;24340;149.418625
24350;0.36619159520249039;24350;0.39151996399171191;24350;354.490265;24350;59.34019;24350;57.8630943;24350;3.5279398;24350;149.467453
24360;0.36625263222144239;24360;0.39210060187243706;24360;354.5672;24360;59.42564;24360;58.05841;24360;3.51573229;24360;149.443039
24370;0.36667989135410634;24370;0.39275567772855846;24370;354.644135;24370;59.6819954;24370;58.30256;24370;3.45469522;24370;149.467453
24380;0.3669850764488663;24380;0.39331694555094543;24380;354.7211;24380;59.86511;24380;58.485672;24380;3.30820632;24380;149.60173
24390;0.36710715048677028;24390;0.39163755313470128;24390;354.913452;24390;60.1214638;24390;58.7542343;24390;3.30820632;24390;149.906921
24400;0.36765648365733822;24400;0.39245206771177787;24400;354.9904;24400;60.5853462;24400;59.10825;24400;3.234962;24400;149.894714
24410;0.36759544663838623;24410;0.39456557046815238;24410;354.9904;24410;61.02481;24410;59.38902;24410;3.22275472;24410;150.163269
24420;0.36869411297952209;24420;0.39381866338069782;24420;355.1443;24420;61.31779;24420;59.76745;24420;3.22275472;24420;150.187683
24430;0.36851100192266611;24430;0.39447167561811736;24430;355.221222;24430;61.6229744;24430;60.2191238;24430;3.18613243;24430;150.34639
24440;0.36875514999847409;24440;0.39603346797388017;24440;355.2597;24440;62.0380249;24440;60.5975533;24440;3.295999;24440;150.321976
24450;0.36899929807428206;24450;0.39675976488406328;24450;355.336639;24450;62.45308;24450;61.0126038;24450;3.34482861;24450;150.492874
24460;0.369487594225898;24460;0.39607584153146025;24460;355.4905;24460;62.9169579;24460;61.4764862;24460;3.33262134;24460;150.639359
24470;0.36973174230170597;24470;0.39756462550871668;24470;355.529;24470;63.24656;24470;61.7084274;24470;3.381451;24470;150.7004
24480;0.37022003845332191;24480;0.39821325984029188;24480;355.605927;24480;63.5639534;24480;61.9525757;24480;3.41807318;24480;150.94455
24490;0.37095248268074582;24490;0.398263639606305;24490;355.721344;24490;63.75927;24490;62.221138;24490;3.50352478;24490;150.8591
24500;0.37095248268074582;24500;0.39962048911868314;24500;355.759827;24500;63.95459;24500;62.4164543;24500;3.7598803;24500;151.0422
24510;0.37174596392712189;24510;0.401103745951866;24510;355.7983;24510;64.14991;24510;62.5141144;24510;4.00402832;24510;151.03
24520;0.37180700094607388;24520;0.40171310299586188;24520;355.875244;24520;64.19874;24520;62.5141144;24520;4.113895;24520;151.115448
24530;0.37266151921140178;24530;0.40234386798185034;24530;355.952179;24530;64.1010742;24530;62.5751534;24530;4.13831;24530;151.03
24540;0.37327188940092171;24540;0.40289001219386111;24540;356.0291;24540;63.9667969;24540;62.53853;24540;4.21155453;24540;151.054413
24550;0.37430951872310558;24550;0.40282506756858361;24550;356.144531;24550;63.9667969;24550;62.39204;24550;4.358043;24550;151.03
24560;0.37443159276100957;24560;0.40258361592597497;24560;356.259949;24560;63.7714767;24560;62.135685;24560;4.492325;24560;151.103241
24570;0.37479781487472152;24570;0.40155611845552441;24570;356.413849;24570;63.4540863;24570;61.9037437;24570;4.504532;24570;151.152069
24580;0.37559129612109743;24580;0.40285654175546015;24580;356.4523;24580;63.18552;24580;61.63518;24580;4.54115438;24580;151.0422
24590;0.37614062929166536;24590;0.40266279424874579;24590;356.567719;24590;63.06345;24590;61.3910332;24590;4.67543554;24590;151.139862
24600;0.37681203650013728;24600;0.40264284833681951;24600;356.683136;24600;62.8437157;24600;61.22013;24600;4.73647261;24600;150.8713
24610;0.37699514755699326;24610;0.40172211356384524;24610;356.837036;24610;62.5141144;24610;61.02481;24610;4.67543554;24610;150.773651
24620;0.37803277687917713;24620;0.40163781974801194;24620;356.952454;24620;62.2699661;24620;60.70742;24620;4.589984;24620;150.602737
24630;0.37791070284127315;24630;0.40138280805077031;24630;357.067871;24630;61.94037;24630;60.3900261;24630;4.69985056;24630;150.627151
24640;0.37858211004974507;24640;0.40260320264133287;24640;357.106323;24640;61.4764862;24640;60.0482178;24640;4.69985056;24640;150.505081
24650;0.37864314706869706;24650;0.4047290069300315;24650;357.106323;24650;61.30558;24650;59.6942062;24650;4.61439848;24650;150.407425
24660;0.37876522110660105;24660;0.4033063632943607;24660;357.2987;24660;61.256752;24660;59.4988861;24660;4.589984;24660;150.273148
24670;0.37888729514450503;24670;0.40397492334703761;24670;357.375641;24670;61.02481;24670;59.303566;24670;4.61439848;24670;150.126648
24680;0.37919248023926516;24680;0.40382542268044808;24680;357.491058;24680;60.7684555;24680;59.1570778;24680;4.60219145;24680;150.102234
24690;0.37998596148564107;24690;0.40389931041563876;24690;357.606476;24690;60.5853462;24690;59.04721;24690;4.40687275;24690;149.809265
24700;0.37998596148564107;24700;0.40466421247906725;24700;357.6834;24700;60.6341743;24700;58.9861755;24700;4.358043;24700;149.821472
24710;0.380413220618305;24710;0.40546717607268973;24710;357.760345;24710;60.6341743;24710;58.9861755;24710;4.39466524;24710;149.736008
24720;0.38029114658040103;24720;0.40465702452112662;24720;357.914246;24720;60.5365143;24720;58.91293;24720;4.333628;24720;149.797058
24730;0.38108462782677693;24730;0.40480542134677233;24730;358.029663;24730;60.5853462;24730;58.9373436;24730;4.297006;24730;149.662766
24740;0.38096255378887295;24740;0.40717838987004706;24740;358.029663;24740;60.7196274;24740;59.18149;24740;4.18713951;24740;149.577316
24750;0.38151188695944088;24750;0.4081378209632105;24750;358.1066;24750;60.8417;24750;59.2669449;24750;4.016236;24750;149.418625
24760;0.38157292397839288;24760;0.40826922858252324;24760;358.222015;24760;61.0003967;24760;59.29136;24760;3.91857672;24760;149.455246
24770;0.38175603503524885;24770;0.4092697545957974;24770;358.29895;24770;61.2811661;24770;59.4988861;24770;3.90636921;24770;149.418625
24780;0.38248847926267276;24780;0.41023808497284142;24780;358.375916;24780;61.4886932;24780;59.8529;24780;3.991821;24780;149.3698
24790;0.38291573839533671;24790;0.40957818490645109;24790;358.5298;24790;61.7206345;24790;60.0726357;24790;4.113895;24790;149.60173
24800;0.38328196050904867;24800;0.41052012961371109;24800;358.60672;24800;61.9891968;24800;60.1825;24800;4.15051746;24800;149.674973
24810;0.38340403454695265;24810;0.41136887616399542;24810;358.6837;24810;62.221138;24810;60.47548;24810;4.113895;24810;149.8581
24820;0.38462477492599251;24820;0.41172196171814013;24820;358.7991;24820;62.3798332;24820;60.79287;24820;4.13831;24820;149.638351
24830;0.3846858119449445;24830;0.41188815395809031;24830;358.91452;24830;62.5751534;24830;61.1713;24830;4.22376156;24830;149.736008
24840;0.38523514511551243;24840;0.41366090951760048;24840;358.952972;24840;62.8925438;24840;61.40324;24840;4.21155453;24840;149.760437
24850;0.38541825617236841;24850;0.41520836284525581;24850;358.991455;24850;63.136692;24850;61.6107674;24850;4.13831;24850;150.0412
24860;0.38602862636188834;24860;0.41469937882090424;24860;359.145325;24860;63.3564262;24860;61.8671227;24860;4.12610245;24860;150.114441
24870;0.38676107058931242;24870;0.41646079351265392;24870;359.1838;24870;63.4662933;24870;61.9891968;24870;4.28479862;24870;149.980164
24880;0.38743247779778434;24880;0.4166095742495563;24880;359.299225;24880;63.5883675;24880;62.06244;24880;4.431288;24880;150.07782
24890;0.38822595904416024;24890;0.41839529143521742;24890;359.3377;24890;63.7470627;24890;62.221138;24890;4.51673937;24890;149.980164
24900;0.38865321817682419;24900;0.41838805096059722;24900;359.453125;24900;63.7714767;24900;62.25776;24900;4.55336142;24900;150.2121
24910;0.389996032593768;24910;0.41860051317244257;24910;359.568542;24910;63.75927;24910;62.135685;24910;4.60219145;24910;150.114441
24920;0.39036225470748;24920;0.41944283883525152;24920;359.645477;24920;63.82031;24920;62.20893;24920;4.83413172;24920;150.236511
24930;0.39115573595385589;24930;0.42039011365109696;24930;359.7224;24930;63.79589;24930;62.1723061;24930;4.956206;24930;150.138855
24940;0.39164403210547183;24940;0.41971008534417525;24940;359.8763;24940;63.6982346;24940;61.97699;24940;4.90737629;24940;150.19989
24950;0.39262062440870371;24950;0.4190626838428948;24950;360.030182;24950;63.5639534;24950;61.8915367;24950;4.99282837;24950;150.187683
24960;0.39298684652241567;24960;0.42285197683787829;24960;359.953247;24960;63.4052544;24960;61.78167;24960;5.12710953;24960;150.090027
24970;0.39347514267403161;24970;0.42143933950485463;24970;360.1456;24970;63.3686333;24970;61.6107674;24970;5.175939;24970;150.236511
24980;0.39432966093935951;24980;0.42027827604181056;24980;360.337952;24980;63.2953873;24980;61.3910332;24980;5.175939;24980;150.016785
24990;0.39500106814783181;24990;0.421060358081459;24990;360.414917;24990;63.026825;24990;61.2811661;24990;5.200354;24990;149.943542
25000;0.3959776604510637;25000;0.4212084692284066;25000;360.530334;25000;62.7826767;25000;61.1590919;25000;5.139317;25000;149.772644
25010;0.39646595660267964;25010;0.42048434904993409;25010;360.6842;25010;62.5507355;25010;60.93936;25010;5.139317;25010;149.809265
25020;0.39750358592486351;25020;0.42070770828742071;25020;360.799622;25020;62.45308;25020;60.75625;25020;5.21256161;25020;149.699387
25030;0.39848017822809539;25030;0.4216218846293544;25030;360.876556;25030;62.42866;25030;60.64638;25030;5.236976;25030;149.7238
25040;0.40000610370189521;25040;0.42187565569202029;25040;360.991974;25040;62.3432121;25040;60.56093;25040;5.2858057;25040;149.60173
25050;0.4000671407208472;25050;0.42349516337115783;25050;361.030457;25050;62.1601;25050;60.4632721;25050;5.2858057;25050;149.516281
25060;0.40073854792931912;25060;0.42373278170753248;25060;361.145874;25060;62.1234779;25060;60.341198;25060;5.2858057;25060;149.47966
25070;0.40208136234626296;25070;0.42345186533007262;25070;361.299744;25070;62.1234779;25070;60.267952;25070;5.2858057;25070;149.21109
25080;0.40287484359263903;25080;0.422942753367854;25080;361.453644;25080;62.0380249;25080;60.2557449;25080;5.21256161;25080;149.162262
25090;0.403057954649495;25090;0.42484103521039313;25090;361.492126;25090;62.07465;25090;60.341198;25090;5.22476864;25090;148.966949
25100;0.40244758445997508;25100;0.42437253185332968;25100;361.646;25100;62.07465;25100;60.341198;25100;5.298013;25100;148.966949
25110;0.40202032532731097;25110;0.42448765732355753;25110;361.7614;25110;61.94037;25110;60.267952;25110;5.18814659;25110;149.027985
25120;0.40256965849787907;25120;0.42460794393104095;25120;361.876831;25120;61.9647827;25120;60.2069168;25120;5.09048748;25120;149.247711
25130;0.40446180608539084;25130;0.42516577599743555;25130;361.992249;25130;62.0868568;25130;60.17029;25130;5.053865;25130;149.015778
25140;0.4039735099337749;25140;0.42626956814877986;25140;362.069183;25140;62.147892;25140;60.341198;25140;5.053865;25140;148.966949
25150;0.40372936185796693;25150;0.42516751446695872;25150;362.261536;25150;62.2821732;25150;60.47548;25150;5.017243;25150;149.015778
25160;0.40287484359263903;25160;0.4262352580356597;25160;362.3385;25160;62.42866;25160;60.5853462;25160;5.0050354;25160;149.113434
25170;0.40269173253578305;25170;0.42723026948928888;25170;362.415436;25170;62.53853;25170;60.7684555;25170;5.102695;25170;149.272141
25180;0.40421765800958287;25180;0.4274800110146379;25180;362.530853;25180;62.6117744;25180;60.8417;25180;5.017243;25180;149.418625
25190;0.40452284310434283;25190;0.4271426826799723;25190;362.684753;25190;62.7582626;25190;60.98819;25190;4.980621;25190;149.467453
25200;0.40421765800958287;25200;0.42905448987756173;25200;362.7232;25200;62.7460556;25200;61.1102638;25200;5.07828;25200;149.296555
25210;0.40366832483901494;25210;0.42920094476510062;25210;362.838623;25210;62.8559227;25210;61.1590919;25210;5.15152454;25210;149.626144
25220;0.40354625080111095;25220;0.42962251815523445;25220;362.954041;25220;63.0146179;25220;61.1346779;25220;5.053865;25220;149.674973
25230;0.40440076906643885;25230;0.43067059672780889;25230;363.030975;25230;63.06345;25230;61.22013;25230;5.07828;25230;149.748215
25240;0.40610980559709464;25240;0.43111449122384254;25240;363.1464;25240;63.1733131;25240;61.3910332;25240;5.24918365;25240;149.736008
25250;0.40543839838862272;25250;0.4321534514046898;25250;363.223358;25250;63.2221451;25250;61.53752;25250;5.175939;25250;149.833679
25260;0.40513321329386276;25260;0.43256864495369562;25260;363.338745;25260;63.3686333;25260;61.64739;25260;5.18814659;25260;149.906921
25270;0.4048280281991028;25270;0.43373107542961725;25270;363.4157;25270;63.4540863;25270;61.64739;25270;5.236976;25270;149.906921
25280;0.40543839838862272;25280;0.43327296474273841;25280;363.56958;25280;63.4907074;25280;61.5619354;25280;5.21256161;25280;150.0534
25290;0.40739158299508649;25290;0.43302612670210189;25290;363.72348;25290;63.5639534;25290;61.5619354;25290;5.21256161;25290;149.992371
25300;0.40763573107089446;25300;0.43410233754365118;25300;363.8004;25300;63.6494026;25300;61.63518;25300;5.2858057;25300;150.114441
25310;0.40781884212775044;25310;0.43518373963245877;25310;363.87735;25310;63.5395355;25310;61.6229744;25310;5.432295;25310;150.0412
25320;0.40733054597613449;25320;0.43401488014227235;25320;364.069733;25320;63.44188;25320;61.5741463;25320;5.54216146;25320;150.0534
25330;0.40787987914670243;25330;0.43586872687807116;25330;364.1082;25330;63.3930473;25330;61.4520721;25330;5.67644262;25330;150.004578
25340;0.4089785454878383;25340;0.43841691639764963;25340;364.1082;25340;63.34422;25340;61.4764862;25340;5.652028;25340;150.004578
25350;0.41001617481002217;25350;0.439455701154131;25350;364.18515;25350;63.3198051;25350;61.46428;25350;5.60319853;25350;150.090027
25360;0.40971098971526221;25360;0.44060453806683425;25360;364.2621;25360;63.2221451;25360;61.3910332;25360;5.63982058;25360;149.980164
25370;0.4103213599047823;25370;0.44031793541509329;25370;364.415955;25370;63.136692;25370;61.3544121;25370;5.70085764;25370;149.8581
25380;0.41105380413220621;25380;0.4406192400403216;25380;364.531372;25380;63.06345;25380;61.22013;25380;5.63982058;25380;149.919128
25390;0.41148106326487016;25390;0.44013067585022714;25390;364.685272;25390;62.96579;25390;61.183506;25390;5.590991;25390;150.028992
25400;0.41270180364391;25400;0.4414486133945224;25400;364.7622;25400;62.96579;25400;61.183506;25400;5.725272;25400;149.845886
25410;0.41306802575762197;25410;0.44251640326899766;25410;364.839172;25410;62.8925438;25410;61.1102638;25410;5.68865;25410;149.8825
25420;0.4136783959471419;25420;0.44218041846891726;25420;364.993042;25420;62.73385;25420;61.12247;25420;5.67644262;25420;149.772644
25430;0.41392254402294987;25430;0.44210754296168131;25430;365.146942;25430;62.8803368;25430;61.1590919;25430;5.835139;25430;149.674973
25440;0.41496017334513374;25440;0.44189017561057953;25440;365.3008;25440;62.8803368;25440;61.1590919;25440;5.73747969;25440;149.60173
25450;0.41496017334513374;25450;0.44306412812431839;25450;365.377777;25450;62.7582626;25450;61.12247;25450;5.725272;25450;149.491867
25460;0.41514328440198972;25460;0.44370886352928846;25460;365.493164;25460;62.83151;25460;61.0492249;25460;5.835139;25460;149.35759
25470;0.41557054353465367;25470;0.44416236198795289;25470;365.608582;25470;62.7460556;25470;60.98819;25470;5.84734631;25470;149.284348
25480;0.41630298776207758;25480;0.44454365409677321;25480;365.724;25480;62.7460556;25480;60.9027367;25480;5.84734631;25480;149.382
25490;0.41679128391369352;25490;0.44583712973018752;25490;365.800964;25490;62.72164;25490;60.85391;25490;5.835139;25490;149.259933
25500;0.41666920987578954;25500;0.44566323584070205;25500;365.954834;25500;62.80709;25500;60.9027367;25500;5.79851675;25500;149.259933
25510;0.41752372814111743;25510;0.4455731597908027;25510;366.108734;25510;62.7826767;25510;60.98819;25510;5.835139;25510;149.0646
25520;0.41837824640644572;25520;0.44451133264216763;25520;366.3011;25520;62.8193;25520;61.1346779;25520;5.84734631;25520;149.198883
25530;0.42002624591814952;25530;0.44686281430213415;25530;366.339569;25530;63.112278;25530;61.22013;25530;5.822932;25530;149.0646
25540;0.41953794976653358;25540;0.44688320205645093;25540;366.493439;25540;63.209938;25540;61.2811661;25540;5.774102;25540;148.8937
25550;0.41996520889919753;25550;0.4474008008440763;25550;366.608856;25550;63.2221451;25550;61.26896;25550;5.68865;25550;148.8937
25560;0.42063661610766945;25560;0.44794626513710045;25560;366.724274;25560;63.19773;25560;61.2811661;25560;5.749687;25560;148.832672
25570;0.42143009735404535;25570;0.44713895105967572;25570;366.916626;25570;63.209938;25570;61.40324;25570;5.90838337;25570;148.69838
25580;0.42234565263832524;25580;0.44992256192593105;25580;366.916626;25580;63.2221451;25580;61.4520721;25580;5.920591;25580;148.637344
25590;0.42289498580889318;25590;0.4505302049056279;25590;367.032043;25590;63.3564262;25590;61.46428;25590;5.84734631;25590;148.686172
25600;0.42362743003631709;25600;0.45058880245765187;25600;367.185944;25600;63.4662933;25600;61.4520721;25600;5.87176132;25600;148.527481
25610;0.42399365215002904;25610;0.45107769609990739;25610;367.301361;25610;63.4785;25610;61.54973;25610;5.96942043;25610;148.588516
25620;0.42527542954802089;25620;0.45106557236653427;25620;367.455231;25620;63.5395355;25620;61.69622;25620;5.99383545;25620;148.466446
25630;0.42564165166173284;25630;0.45219924614322193;25630;367.5322;25630;63.6371956;25630;61.7572556;25630;6.079287;25630;148.710587
25640;0.42637409588915692;25640;0.45433059757822114;25640;367.570648;25640;63.7348557;25640;61.73284;25640;6.12811661;25640;148.686172
25650;0.42667928098391689;25650;0.45335140845667643;25650;367.763;25650;63.6860237;25650;61.7572556;25650;6.201361;25650;148.710587
25660;0.42759483626819678;25660;0.45326371379278119;25660;367.9169;25660;63.7470627;25660;61.87933;25660;6.237983;25660;148.686172
25670;0.42808313241981272;25670;0.45318113556016315;25670;368.07077;25670;63.7836838;25670;61.9281578;25670;6.201361;25670;148.637344
25680;0.42857142857142866;25680;0.4528004188665819;25680;368.22467;25680;63.82031;25680;61.97699;25680;6.21356869;25680;148.8937
25690;0.42912076174199659;25690;0.45565040276534047;25690;368.22467;25690;63.8325157;25690;62.0380249;25690;6.176946;25690;148.820465
25700;0.42960905789361253;25700;0.45543526547866225;25700;368.378571;25700;63.8325157;25700;61.9525757;25700;6.286813;25700;148.8815
25710;0.43064668721579641;25710;0.45527297262312749;25710;368.53244;25710;63.8325157;25710;61.87933;25710;6.3966794;25710;148.8937
25720;0.43095187231055637;25720;0.45434723418763817;25720;368.7248;25720;63.8813438;25720;61.9647827;25720;6.44550943;25720;148.991364
25730;0.43223364970854822;25730;0.45587651101725657;25730;368.801758;25730;63.8691368;25730;61.9891968;25730;6.51875353;25730;148.771637
25740;0.43211157567064423;25740;0.45555466094730329;25740;368.955627;25740;63.82031;25740;62.01361;25740;6.51875353;25740;148.905914
25750;0.43247779778435619;25750;0.45671080299734984;25750;369.0326;25750;63.8325157;25750;62.0014038;25750;6.469924;25750;149.08902
25760;0.43296609393597213;25760;0.45872485169851218;25760;369.071045;25760;63.8325157;25760;61.91595;25760;6.567583;25760;149.137848
25770;0.43351542710654006;25770;0.45719936850717474;25770;369.30188;25770;63.82031;25770;61.7938766;25770;6.70186472;25770;149.0646
25780;0.43388164922025219;25780;0.45863963939918528;25780;369.3788;25780;63.75927;25780;61.7572556;25780;6.64082766;25780;148.905914
25790;0.43388164922025219;25790;0.45701104913451979;25790;369.60965;25790;63.7714767;25790;61.7938766;25790;6.61641264;25790;148.966949
25800;0.43394268623920418;25800;0.45764169821588846;25800;369.725067;25800;63.6371956;25800;61.63518;25800;6.591998;25800;148.820465
25810;0.43443098239082012;25810;0.457407612257161;25810;369.878967;25810;63.5639534;25810;61.4886932;25810;6.64082766;25810;148.8693
25820;0.43601794488357193;25820;0.45805859327148862;25820;369.9944;25820;63.5883675;25820;61.5619354;25820;6.62862;25820;148.8693
25830;0.43583483382671595;25830;0.45918065437459327;25830;370.07132;25830;63.5639534;25830;61.59856;25830;6.591998;25830;149.076813
25840;0.43638416699728388;25840;0.45908287707671991;25840;370.2252;25840;63.4907074;25840;61.54973;25840;6.591998;25840;149.003571
25850;0.43638416699728388;25850;0.46114408661351908;25850;370.263672;25850;63.41746;25850;61.59856;25850;6.61641264;25850;148.966949
25860;0.43681142612994783;25860;0.46264249589391776;25860;370.3406;25860;63.4662933;25860;61.4886932;25860;6.70186472;25860;148.8937
25870;0.43748283333841975;25870;0.46194015656404352;25870;370.533;25870;63.4662933;25870;61.4398651;25870;6.762902;25870;148.783844
25880;0.43809320352793968;25880;0.46178190636301869;25880;370.686859;25880;63.4785;25880;61.5253143;25880;6.762902;25880;148.8693
25890;0.43882564775536359;25890;0.46328091982285569;25890;370.7638;25890;63.51512;25890;61.5741463;25890;6.72627926;25890;148.796051
25900;0.43894772179326758;25900;0.46316837057272553;25900;370.9177;25900;63.4785;25900;61.6107674;25900;6.72627926;25900;148.796051
25910;0.43961912900173949;25910;0.46248301935409913;25910;371.110046;25910;63.4907074;25910;61.53752;25910;6.77510929;25910;148.69838
25920;0.43992431409649946;25920;0.46319940015401423;25920;371.225464;25920;63.5395355;25920;61.5253143;25920;6.72627926;25920;148.69838
25930;0.44090090639973134;25930;0.46329290477372814;25930;371.379364;25930;63.57616;25930;61.59856;25930;6.6774497;25930;148.588516
25940;0.44083986938077935;25940;0.46340444413047788;25940;371.533234;25940;63.75927;25940;61.69622;25940;6.738487;25940;148.61293
25950;0.44132816553239529;25950;0.46489082894156186;25950;371.6102;25950;63.7836838;25950;61.6595955;25950;6.78731632;25950;148.5641
25960;0.44132816553239529;25960;0.46543947245373563;25960;371.725616;25960;63.6494026;25960;61.68401;25960;6.823939;25960;148.5519
25970;0.44163335062715542;25970;0.46536569047427573;25970;371.8795;25970;63.66161;25970;61.8915367;25970;6.8727684;25970;148.588516
25980;0.44224372081667535;25980;0.46768674631472323;25980;371.917969;25980;63.7714767;25980;61.9647827;25980;6.78731632;25980;148.539688
25990;0.44242683187353132;25990;0.46771325013711917;25990;372.071838;25990;63.85693;25990;61.8060837;25990;6.78731632;25990;148.5641
26000;0.44285409100619527;26000;0.46766352153256391;26000;372.225739;26000;63.7714767;26000;61.8060837;26000;6.8727684;26000;148.49086
26010;0.44297616504409926;26010;0.46696649360897946;26010;372.4181;26010;63.8691368;26010;61.97699;26010;6.84835339;26010;148.527481
26020;0.4442579424420911;26020;0.46935870759059423;26020;372.456573;26020;63.9057579;26020;62.0380249;26020;6.897183;26020;148.356583
26030;0.4442579424420911;26030;0.46909042587346028;26030;372.610443;26030;63.9179649;26030;62.0014038;26030;6.90939045;26030;148.588516
26040;0.44474623859370704;26040;0.47001494234816849;26040;372.725861;26040;64.0522461;26040;62.0380249;26040;6.93380547;26040;148.527481
26050;0.44486831263161103;26050;0.46912940936144121;26050;372.9182;26050;64.02783;26050;62.135685;26050;7.019257;26050;148.625137
26060;0.44547868282113096;26060;0.47045322138310758;26060;372.995178;26060;63.930172;26060;62.06244;26060;7.043672;26060;148.637344
26070;0.44578386791589092;26070;0.47126629988815338;26070;373.1106;26070;63.9667969;26070;61.9647827;26070;7.043672;26070;148.588516
26080;0.44602801599169889;26080;0.46972655821555814;26080;373.341431;26080;64.06445;26080;61.9525757;26080;7.080294;26080;148.747208
26090;0.44633320108645885;26090;0.47134602674640741;26090;373.418365;26090;64.11328;26090;62.01361;26090;6.99484253;26090;148.649551
26100;0.44651631214331483;26100;0.47139790308461971;26100;373.572235;26100;64.11328;26100;62.1601;26100;7.019257;26100;148.600723
26110;0.44749290444654671;26110;0.4721979678788461;26110;373.687653;26110;64.06445;26110;62.0868568;26110;7.104709;26110;148.49086
26120;0.44755394146549871;26120;0.47137365749191695;26120;373.880035;26120;64.0522461;26120;62.0380249;26120;7.19016075;26120;148.5641
26130;0.44871364482558657;26130;0.47227716475059006;26130;373.995422;26130;64.0522461;26130;62.1234779;26130;7.20236826;26130;148.417618
26140;0.44859157078768258;26140;0.47154189923029627;26140;374.1878;26140;64.11328;26140;62.01361;26140;7.12912369;26140;148.49086
26150;0.44883571886349055;26150;0.47069812047977905;26150;374.380157;26150;64.0522461;26150;62.06244;26150;7.20236826;26150;148.539688
26160;0.44889675588244254;26160;0.47193861756008565;26160;374.4571;26160;63.95459;26160;62.0868568;26160;7.26340532;26160;148.649551
26170;0.44932401501510666;26170;0.47188659931495625;26170;374.611;26170;63.9667969;26170;61.9891968;26170;7.19016075;26170;148.7228
26180;0.44975127414777061;26180;0.47194871469698296;26180;374.764862;26180;63.930172;26180;61.9647827;26180;7.19016075;26180;148.649551
26190;0.44969023712881862;26190;0.47254930849842408;26190;374.88028;26190;63.8447227;26190;61.9037437;26190;7.30002737;26190;148.69838
26200;0.44987334818567459;26200;0.47333393126826212;26200;374.9957;26200;63.7836838;26200;61.8671227;26200;7.36106443;26200;148.61293
26210;0.44987334818567459;26210;0.47250550948658154;26210;375.188049;26210;63.7836838;26210;61.8305;26210;7.36106443;26210;148.7228
26220;0.45091097750785847;26220;0.47343595189722837;26220;375.303467;26220;63.7470627;26220;61.84271;26220;7.33665;26220;148.539688
26230;0.45072786645100249;26230;0.47420104518750222;26230;375.418884;26230;63.75927;26230;61.8915367;26230;7.373272;26230;148.5519
26240;0.45121616260261843;26240;0.47652969211879675;26240;375.457367;26240;63.8325157;26240;61.8305;26240;7.214576;26240;148.539688
26250;0.45127719962157042;26250;0.47730035894084855;26250;375.572784;26250;63.8813438;26250;61.7572556;26250;7.23899031;26250;148.588516
26260;0.45170445875423437;26260;0.476526538122255;26260;375.765137;26260;63.8325157;26260;61.78167;26260;7.373272;26260;148.61293
26270;0.45225379192480231;26270;0.47813281926672219;26270;375.842072;26270;63.75927;26270;61.74505;26270;7.30002737;26270;148.454239
26280;0.45280312509537024;26280;0.47833755921315152;26280;375.995972;26280;63.8813438;26280;61.7572556;26280;7.30002737;26280;148.442032
26290;0.4531083101901302;26290;0.47919066872641475;26290;376.1114;26290;63.9423828;26290;61.84271;26290;7.33665;26290;148.442032
26300;0.45304727317117821;26300;0.4785271372539911;26300;376.303741;26300;64.015625;26300;61.97699;26300;7.373272;26300;148.503067
26310;0.45390179143650611;26310;0.47935692414149411;26310;376.419159;26310;63.9667969;26310;61.97699;26310;7.39768648;26310;148.417618
26320;0.45426801355021806;26320;0.48067471994283217;26320;376.4961;26320;63.8813438;26320;61.8305;26320;7.45872355;26320;148.503067
26330;0.45542771691030592;26330;0.48096635627613;26330;376.65;26330;63.930172;26330;61.8305;26330;7.36106443;26330;148.356583
26340;0.45542771691030592;26340;0.48089856922221857;26340;376.803864;26340;63.95459;26340;61.9037437;26340;7.36106443;26340;148.49086
26350;0.45591601306192187;26350;0.48107987781801559;26350;376.957764;26350;64.02783;26350;61.84271;26350;7.45872355;26350;148.466446
26360;0.45609912411877784;26360;0.48260928134860925;26360;377.0347;26360;64.00342;26360;61.8915367;26360;7.507553;26360;148.442032
26370;0.45677053132724976;26370;0.48130488327130083;26370;377.265533;26370;64.0522461;26370;62.0868568;26370;7.507553;26370;148.417618
26380;0.45750297555467406;26380;0.48168591675546041;26380;377.419434;26380;64.14991;26380;62.0990639;26380;7.4221015;26380;148.258926
26390;0.45774712363048203;26390;0.4818348166975015;26390;377.5733;26390;64.28419;26390;62.0868568;26390;7.531968;26390;148.332169
26400;0.45799127170629;26400;0.48332957950714411;26400;377.650238;26400;64.18653;26400;62.0868568;26400;7.593005;26400;148.271133
26410;0.458052308725242;26410;0.48387330832835618;26410;377.765656;26410;64.06445;26410;62.135685;26410;7.54417562;26410;148.36879
26420;0.45908993804742587;26420;0.48426593395964906;26420;377.919556;26420;64.11328;26420;62.233345;26420;7.58079767;26420;148.161255
26430;0.45945616016113783;26430;0.48439426579945621;26430;378.073456;26430;64.22315;26430;62.25776;26430;7.60521269;26430;148.2345
26440;0.46037171544541772;26440;0.484764682682782;26440;378.227325;26440;64.39406;26440;62.3065872;26440;7.54417562;26440;148.173462
26450;0.4604937894833217;26450;0.48564411828748022;26450;378.342743;26450;64.41847;26450;62.2699661;26450;7.60521269;26450;148.149048
26460;0.46098208563493764;26460;0.48421218115858822;26460;378.573578;26460;64.44289;26460;62.2821732;26460;7.702872;26460;148.22229
26470;0.46122623371074561;26470;0.48503528812267221;26470;378.689;26470;64.43068;26470;62.25776;26470;7.69066429;26470;148.210083
26480;0.46165349284340956;26480;0.484217025756483;26480;378.881348;26480;64.39406;26480;62.221138;26480;7.69066429;26480;148.319962
26490;0.46232490005188148;26490;0.48591073126405204;26490;378.958282;26490;64.35743;26490;62.221138;26490;7.739494;26490;148.173462
26500;0.46250801110873746;26500;0.48524707396159517;26500;379.150665;26500;64.43068;26500;62.2699661;26500;7.824946;26500;148.271133
26510;0.46336252937406536;26510;0.48615348023479704;26510;379.266052;26510;64.44289;26510;62.3432121;26510;7.800531;26510;148.22229
26520;0.4629963072603534;26520;0.4861938363594569;26520;379.419952;26520;64.45509;26520;62.3065872;26520;7.824946;26520;148.28334
26530;0.46354564043092134;26530;0.48797266746367379;26530;379.4969;26530;64.58937;26530;62.2699661;26530;7.77611637;26530;148.2467
26540;0.4638508255256813;26540;0.48871669085875047;26540;379.6123;26540;64.51613;26540;62.25776;26540;7.763909;26540;148.2467
26550;0.46488845484786534;26550;0.487299947503535;26550;379.84314;26550;64.45509;26550;62.1845131;26550;7.91039753;26550;148.2345
26560;0.46494949186681733;26560;0.48663098868422122;26560;380.0355;26560;64.41847;26560;62.135685;26560;7.983642;26560;148.2345
26570;0.46531571398052929;26570;0.48587142855949783;26570;380.227875;26570;64.35743;26570;62.1601;26570;8.008057;26570;148.28334
26580;0.46543778801843327;26580;0.48534360785635811;26580;380.420227;26580;64.39406;26580;62.20893;26580;7.93481255;26580;148.2467
26590;0.46574297311319324;26590;0.48626427262043603;26590;380.535645;26590;64.43068;26590;62.2699661;26590;7.959227;26590;148.22229
26600;0.46629230628376117;26600;0.48581778396210373;26600;380.728;26600;64.41847;26600;62.25776;26600;7.885983;26600;148.0758
26610;0.46629230628376117;26610;0.48722518737086873;26610;380.804932;26610;64.39406;26610;62.1845131;26610;7.885983;26610;148.185669
26620;0.46665852839747313;26620;0.48955073783415276;26620;380.8434;26620;64.34522;26620;62.1601;26620;7.99584961;26620;148.124634
26630;0.46623126926480918;26630;0.48884521127627945;26630;381.035767;26630;64.41847;26630;62.135685;26630;8.069094;26630;148.271133
26640;0.46678060243537711;26640;0.48824959520338862;26640;381.228119;26640;64.34522;26640;62.1601;26640;8.069094;26640;148.185669
26650;0.46726889858699305;26650;0.48886864918181794;26650;381.343536;26650;64.23536;26650;62.07465;26650;8.056887;26650;148.258926
26660;0.46806237983336896;26660;0.48976834728560081;26660;381.458954;26660;64.28419;26660;62.0502319;26660;8.093509;26660;148.271133
26670;0.467696157719657;26670;0.49071627205414264;26670;381.574371;26670;64.3086;26670;62.135685;26670;8.032472;26670;148.22229
26680;0.467818231757561;26680;0.48986075716505728;26680;381.766724;26680;64.3086;26680;62.1845131;26680;8.008057;26680;148.417618
26690;0.46806237983336896;26690;0.49003320390311195;26690;381.920624;26690;64.28419;26690;62.06244;26690;7.99584961;26690;148.356583
26700;0.46830652790917693;26700;0.49082866727322438;26700;382.036041;26700;64.28419;26700;61.9891968;26700;8.081302;26700;148.405411
26710;0.46879482406079287;26710;0.4896042083931898;26710;382.266876;26710;64.23536;26710;62.06244;26710;8.117924;26710;148.271133
26720;0.46848963896603291;26720;0.48898684738273857;26720;382.459229;26720;64.23536;26720;62.0990639;26720;8.105716;26720;148.28334
26730;0.46903897213660084;26730;0.49160898394782515;26730;382.497681;26730;64.34522;26730;62.1601;26730;8.069094;26730;148.161255
26740;0.46867275002288888;26740;0.49178820713729954;26740;382.651581;26740;64.47951;26740;62.135685;26740;8.020265;26740;148.258926
26750;0.46903897213660084;26750;0.49101629958706866;26750;382.843933;26750;64.43068;26750;62.06244;26750;8.020265;26750;148.344376
26760;0.4693441572313608;26760;0.49239094972739006;26760;382.920868;26760;64.32081;26760;62.0868568;26760;7.99584961;26760;148.405411
26770;0.47013763847773671;26770;0.49198385133260336;26770;383.113251;26770;64.39406;26770;62.147892;26770;8.130131;26770;148.332169
26780;0.46995452742088073;26780;0.49221445662627583;26780;383.26712;26780;64.38185;26780;62.221138;26780;8.154546;26780;148.2467
26790;0.46977141636402475;26790;0.49071446485107006;26790;383.497955;26790;64.4062653;26790;62.1234779;26790;8.166753;26790;148.405411
26800;0.46946623126926479;26800;0.49248828788651611;26800;383.5749;26800;64.4062653;26800;62.06244;26800;8.191168;26800;148.271133
26810;0.46977141636402475;26810;0.4918317822312514;26810;383.767273;26810;64.35743;26810;62.25776;26810;8.215583;26810;148.271133
26820;0.4710531937620166;26820;0.49310132552785541;26820;383.8827;26820;64.47951;26820;62.221138;26820;8.264412;26820;148.088013
26830;0.47080904568620863;26830;0.49325754277668493;26830;384.03656;26830;64.4917145;26830;62.1601;26830;8.215583;26830;148.088013
26840;0.47178563798944051;26840;0.493302002130974;26840;384.19046;26840;64.41847;26840;62.2455521;26840;8.166753;26840;148.088013
26850;0.47123630481887258;26850;0.49180486458550465;26850;384.4213;26850;64.45509;26850;62.2455521;26850;8.178961;26850;148.258926
26860;0.4710531937620166;26860;0.490372493634391;26860;384.6521;26860;64.51613;26860;62.25776;26860;8.22779;26860;148.405411
26870;0.47141941587572855;26870;0.49197677722800082;26870;384.729065;26870;64.38185;26870;62.1723061;26870;8.22779;26870;148.271133
26880;0.47178563798944051;26880;0.49057748229745279;26880;384.9599;26880;64.3330154;26880;62.1845131;26880;8.191168;26880;148.28334
26890;0.47166356395153652;26890;0.4922793319904728;26890;385.036835;26890;64.3330154;26890;62.233345;26890;8.154546;26890;148.210083
26900;0.47123630481887258;26900;0.490880924307368;26900;385.26767;26900;64.3086;26900;62.221138;26900;8.178961;26900;148.2467
26910;0.4709921567430646;26910;0.49185311780274915;26910;385.3831;26910;64.34522;26910;62.2455521;26910;8.239998;26910;148.210083
26920;0.47117526779992058;26920;0.49126718915087569;26920;385.575439;26920;64.4062653;26920;62.3065872;26920;8.362072;26920;148.271133
26930;0.47233497116000844;26930;0.49147740641495086;26930;385.7293;26930;64.34522;26930;62.1845131;26930;8.22779;26930;148.161255
26940;0.47202978606524848;26940;0.49133211113752162;26940;385.8832;26940;64.2109451;26940;62.135685;26940;8.203376;26940;148.2467
26950;0.47264015625476841;26950;0.49294000032961294;26950;385.960144;26950;64.2109451;26950;62.1234779;26950;8.22779;26950;148.2467
26960;0.47178563798944051;26960;0.49220985843758641;26960;386.1525;26960;64.2109451;26960;62.0990639;26960;8.239998;26960;148.356583
26970;0.47123630481887258;26970;0.49008262898651461;26970;386.4218;26970;64.19874;26970;62.07465;26970;8.337657;26970;148.405411
26980;0.47129734183782457;26980;0.49177203965761551;26980;386.498749;26980;64.1377;26980;62.06244;26980;8.27662;26980;148.28334
26990;0.47166356395153652;26990;0.49331614316072908;26990;386.5757;26990;64.2109451;26990;62.0380249;26990;8.301035;26990;148.405411
27000;0.4718466750083925;27000;0.49503867553394548;27000;386.652649;27000;64.16212;27000;61.9647827;27000;8.239998;27000;148.271133
27010;0.47093111972411261;27010;0.49413092111273094;27010;386.845;27010;63.9667969;27010;61.9525757;27010;8.264412;27010;148.319962
27020;0.47068697164830464;27020;0.49574003164409258;27020;386.921936;27020;64.06445;27020;61.97699;27020;8.398694;27020;148.417618
27030;0.47117526779992058;27030;0.4960495679431;27030;387.075836;27030;64.23536;27030;61.9037437;27030;8.410901;27030;148.466446
27040;0.47288430433057654;27040;0.4957758176682947;27040;387.2682;27040;64.2109451;27040;61.7938766;27040;8.362072;27040;148.210083
27050;0.47312845240638451;27050;0.49529096027711789;27050;387.460541;27050;64.23536;27050;61.8305;27050;8.362072;27050;148.161255
27060;0.47373882259590444;27060;0.49610441539520655;27060;387.575958;27060;64.23536;27060;61.9281578;27060;8.398694;27060;148.210083
27070;0.47318948942533651;27070;0.49675420774785273;27070;387.691376;27070;64.2109451;27070;61.9647827;27070;8.325449;27070;148.356583
27080;0.47300637836848053;27080;0.49675485341981035;27080;387.845276;27080;64.19874;27080;61.9525757;27080;8.313242;27080;148.454239
27090;0.47318948942533651;27090;0.49778042698879255;27090;387.9607;27090;64.1010742;27090;61.8671227;27090;8.325449;27090;148.2467
27100;0.47337260048219248;27100;0.498658865143457;27100;388.0761;27100;64.18653;27100;61.87933;27100;8.301035;27100;148.332169
27110;0.47416608172856839;27110;0.49752491837135054;27110;388.306915;27110;64.23536;27110;62.0014038;27110;8.313242;27110;148.2467
27120;0.47349467452009647;27120;0.49729471685608678;27120;388.460815;27120;64.11328;27120;62.0990639;27120;8.374279;27120;148.405411
27130;0.47373882259590444;27130;0.49763836631153574;27130;388.614716;27130;64.1377;27130;62.0990639;27130;8.386486;27130;148.28334
27140;0.4740440076906644;27140;0.49932927610432853;27140;388.69165;27140;64.25977;27140;62.0502319;27140;8.398694;27140;148.344376
27150;0.47526474806970426;27150;0.49661788102883153;27150;388.99942;27150;64.28419;27150;62.07465;27150;8.423109;27150;148.319962
27160;0.47550889614551223;27160;0.49633102352852271;27160;389.191772;27160;64.41847;27160;62.06244;27160;8.398694;27160;148.2345
27170;0.47611926633503215;27170;0.49878637169385154;27170;389.230255;27170;64.47951;27170;62.135685;27170;8.410901;27170;148.210083
27180;0.47563097018341621;27180;0.49967987587865392;27180;389.345673;27180;64.41847;27180;62.233345;27180;8.386486;27180;148.136841
27190;0.47550889614551223;27190;0.49843011944372989;27190;389.5765;27190;64.56496;27190;62.233345;27190;8.398694;27190;148.2345
27200;0.47611926633503215;27200;0.49950675427419949;27200;389.691925;27200;64.54054;27200;62.20893;27200;8.50856;27200;148.0636
27210;0.47630237739188813;27210;0.49855307705363316;27210;389.884277;27210;64.35743;27210;62.20893;27210;8.50856;27210;148.149048
27220;0.47715689565721603;27220;0.49889747022316866;27220;390.038147;27220;64.34522;27220;62.2821732;27220;8.50856;27220;147.990356
27230;0.47630237739188813;27230;0.49914159421097626;27230;390.192047;27230;64.51613;27230;62.2821732;27230;8.594012;27230;148.088013
27240;0.47642445142979212;27240;0.49893340442735068;27240;390.345917;27240;64.34522;27240;62.1601;27240;8.569597;27240;148.173462
27250;0.47666859950560009;27250;0.49912580327087508;27250;390.499817;27250;64.3086;27250;62.0990639;27250;8.496353;27250;148.10022
27260;0.47727896969512;27260;0.50008212980201516;27260;390.615234;27260;64.4062653;27260;62.0990639;27260;8.471938;27260;148.136841
27270;0.477462080751976;27270;0.50018971558552416;27270;390.769135;27270;64.3330154;27270;62.1845131;27270;8.532975;27270;148.088013
27280;0.47795037690359193;27280;0.49835543353213996;27280;391.038422;27280;64.39406;27280;62.2455521;27280;8.630634;27280;147.990356
27290;0.477462080751976;27290;0.49842796781508797;27290;391.192322;27290;64.35743;27290;62.1601;27290;8.655049;27290;148.002563
27300;0.47715689565721603;27300;0.49991125199205327;27300;391.269257;27300;64.34522;27300;62.1234779;27300;8.618427;27300;148.0758
27310;0.47782830286568795;27310;0.49948665624014044;27310;391.4616;27310;64.2963943;27310;62.0868568;27310;8.594012;27310;147.9049
27320;0.47788933988463994;27320;0.49860717772681329;27320;391.653961;27320;64.32081;27320;62.147892;27320;8.655049;27320;148.136841
27330;0.47886593218787182;27330;0.4995922031815514;27330;391.769379;27330;64.25977;27330;62.1845131;27330;8.716086;27330;147.990356
27340;0.47801141392254393;27340;0.49881188756014161;27340;391.961731;27340;64.11328;27340;62.0868568;27340;8.764915;27340;147.978149
27350;0.47782830286568795;27350;0.49891285531029222;27350;392.115631;27350;64.1377;27350;62.01361;27350;8.606219;27350;148.026978
27360;0.4781945249793999;27360;0.5006934514759;27360;392.192566;27360;64.3330154;27360;62.1234779;27360;8.569597;27360;148.088013
27370;0.47886593218787182;27370;0.49854906296855911;27370;392.461884;27370;64.3330154;27370;62.135685;27370;8.606219;27370;148.149048
27380;0.47911008026367979;27380;0.49854610769076585;27380;392.615753;27380;64.14991;27380;62.0014038;27380;8.667256;27380;148.0636
27390;0.47917111728263179;27390;0.49928998471661351;27390;392.731171;27390;64.18653;27390;61.9525757;27390;8.679464;27390;148.185669
27400;0.47868282113101585;27400;0.50098224607395114;27400;392.808136;27400;64.23536;27400;61.9891968;27400;8.679464;27400;148.161255
27410;0.4782555619983519;27410;0.49941341109704396;27410;393.03894;27410;64.14991;27410;61.9647827;27410;8.691671;27410;148.2467
27420;0.47898800622577581;27420;0.4987928154771103;27420;393.231323;27420;64.015625;27420;61.91595;27420;8.716086;27420;148.124634
27430;0.47892696920682382;27430;0.49908693287731354;27430;393.3852;27430;64.0522461;27430;61.9037437;27430;8.764915;27430;148.039185
27440;0.47965941343424773;27440;0.4994142124740853;27440;393.5391;27440;64.16212;27440;61.8305;27440;8.752708;27440;148.002563
27450;0.47801141392254393;27450;0.49988135652096477;27450;393.6545;27450;64.1377;27450;61.8671227;27450;8.764915;27450;148.258926
27460;0.477340006714072;27460;0.499902890815661;27460;393.80838;27460;64.1377;27460;61.8060837;27460;8.899198;27460;148.332169
27470;0.4782555619983519;27470;0.50060387314231058;27470;393.9238;27470;64.06445;27470;61.87933;27470;8.716086;27470;148.36879
27480;0.47911008026367979;27480;0.50137069548659774;27480;394.0392;27480;64.1010742;27480;61.9037437;27480;8.532975;27480;148.466446
27490;0.47965941343424773;27490;0.50122866594601856;27490;394.231567;27490;64.14991;27490;61.84271;27490;8.679464;27490;148.173462
27500;0.47941526535843976;27500;0.49903485177906975;27500;394.5009;27500;64.11328;27500;61.9281578;27500;8.655049;27500;148.22229
27510;0.4781945249793999;27510;0.50057872525252312;27510;394.57782;27510;64.18653;27510;61.8671227;27510;8.667256;27510;148.319962
27520;0.47782830286568795;27520;0.50057507323465678;27520;394.73172;27520;64.16212;27520;61.8305;27520;8.764915;27520;148.381
27530;0.47923215430158378;27530;0.50082251490370211;27530;394.8856;27530;64.1254959;27530;62.0014038;27530;8.691671;27530;148.2467
27540;0.47972045045319972;27540;0.50011851962436671;27540;395.077972;27540;64.06445;27540;62.0014038;27540;8.618427;27540;148.2467
27550;0.48088015381328797;27550;0.50046453620840081;27550;395.231842;27550;64.1377;27550;61.9647827;27550;8.679464;27550;148.149048
27560;0.47965941343424773;27560;0.50118541873779954;27560;395.34726;27560;64.14991;27560;61.9647827;27560;8.679464;27560;148.2467
27570;0.47862178411206385;27570;0.50027449718477124;27570;395.5396;27570;64.1010742;27570;61.9037437;27570;8.655049;27570;148.405411
27580;0.47862178411206385;27580;0.50061536051016708;27580;395.6935;27580;64.22315;27580;61.9525757;27580;8.728293;27580;148.356583
27590;0.47917111728263179;27590;0.4999877158367545;27590;395.885864;27590;64.23536;27590;61.9647827;27590;8.728293;27590;148.36879
27600;0.48033082064271965;27600;0.50019079135978917;27600;396.039764;27600;64.16212;27600;61.9281578;27600;8.728293;27600;148.22229
27610;0.47996459852900769;27610;0.50170193285991638;27610;396.1167;27610;64.1377;27610;62.1234779;27610;8.752708;27610;148.2345
27620;0.47929319132053577;27620;0.50110301822260206;27620;396.309052;27620;64.1010742;27620;62.1845131;27620;8.716086;27620;148.173462
27630;0.47874385814996784;27630;0.50028256809404548;27630;396.5014;27630;64.1377;27630;62.0014038;27630;8.8137455;27630;148.344376
27640;0.47978148747215171;27640;0.499629335749195;27640;396.6938;27640;64.18653;27640;61.91595;27640;8.801538;27640;148.405411
27650;0.48033082064271965;27650;0.50048685984772734;27650;396.809174;27650;64.23536;27650;61.9281578;27650;8.728293;27650;148.429825
27660;0.48094119083223996;27660;0.500185566078051;27660;397.001556;27660;64.32081;27660;61.97699;27660;8.691671;27660;148.271133
27670;0.47947630237739175;27670;0.50083603526400111;27670;397.116974;27670;64.18653;27670;62.01361;27670;8.752708;27670;148.258926
27680;0.47917111728263179;27680;0.50007373513826348;27680;397.309326;27680;64.22315;27680;61.9037437;27680;8.78933048;27680;148.381
27690;0.4799035615100557;27690;0.5011271245522797;27690;397.424744;27690;64.28419;27690;61.9525757;27690;8.691671;27690;148.271133
27700;0.48014770958586367;27700;0.50012381457299593;27700;397.6171;27700;64.1377;27700;62.0502319;27700;8.703879;27700;148.381
27710;0.48088015381328797;27710;0.49954164698835107;27710;397.809448;27710;64.1254959;27710;61.9891968;27710;8.801538;27710;148.319962
27720;0.48014770958586367;27720;0.50028416805909715;27720;397.924866;27720;64.015625;27720;61.9525757;27720;8.801538;27720;148.258926
27730;0.47953733939634374;27730;0.50124445319922106;27730;398.040283;27730;64.015625;27730;61.9281578;27730;8.752708;27730;148.149048
27740;0.47929319132053577;27740;0.50036870487425866;27740;398.232635;27740;64.04004;27740;61.9647827;27740;8.801538;27740;148.332169
27750;0.48020874660481566;27750;0.49964311533300215;27750;398.425;27750;63.9423828;27750;61.9891968;27750;8.825953;27750;148.28334
27760;0.48039185766167164;27760;0.4990334821278718;27760;398.617371;27760;63.95459;27760;61.87933;27760;8.801538;27760;148.258926
27770;0.48039185766167164;27770;0.49915267153973431;27770;398.77124;27770;64.07666;27770;61.8305;27770;8.825953;27770;148.344376
27780;0.47868282113101585;27780;0.50083311866536806;27780;398.848175;27780;64.06445;27780;61.8060837;27780;8.78933048;27780;148.22229
27790;0.47801141392254393;27790;0.49998025603287843;27790;399.040558;27790;63.95459;27790;61.7206345;27790;8.8137455;27790;148.2467
27800;0.47923215430158378;27800;0.49980607409144012;27800;399.194427;27800;63.82031;27800;61.68401;27800;8.78933048;27800;148.28334
27810;0.47941526535843976;27810;0.49893297846110851;27810;399.38678;27810;63.79589;27810;61.6595955;27810;8.716086;27810;148.405411
27820;0.48039185766167164;27820;0.50015873866517069;27820;399.5022;27820;63.8813438;27820;61.64739;27820;8.8137455;27820;148.173462
27830;0.47886593218787182;27830;0.50011232224670521;27830;399.6561;27830;63.9179649;27830;61.6595955;27830;8.850368;27830;148.28334
27840;0.477462080751976;27840;0.50076097625128679;27840;399.7715;27840;63.8813438;27840;61.59856;27840;8.8137455;27840;148.344376
27850;0.47788933988463994;27850;0.49981135401518462;27850;399.963867;27850;63.75927;27850;61.6107674;27850;8.801538;27850;148.417618
27860;0.47923215430158378;27860;0.50000993970533525;27860;400.117767;27860;63.7836838;27860;61.68401;27860;8.801538;27860;148.332169
27870;0.47978148747215171;27870;0.50002147027846422;27870;400.271637;27870;63.7348557;27870;61.63518;27870;8.801538;27870;148.307755
27880;0.48014770958586367;27880;0.49926601523850245;27880;400.464;27880;63.6860237;27880;61.6595955;27880;8.752708;27880;148.307755
27890;0.47898800622577581;27890;0.499423563903553;27890;400.6179;27890;63.6982346;27890;61.6107674;27890;8.667256;27890;148.2345
27900;0.47837763603625588;27900;0.5000410783310244;27900;400.7333;27900;63.6738167;27900;61.6107674;27900;8.667256;27900;148.319962
27910;0.47911008026367979;27910;0.50034459648290175;27910;400.8872;27910;63.82031;27910;61.5619354;27910;8.728293;27910;148.271133
27920;0.47929319132053577;27920;0.50183881338193626;27920;400.964142;27920;63.9179649;27920;61.54973;27920;8.78933048;27920;148.36879
27930;0.48033082064271965;27930;0.50064230726144965;27930;401.194977;27930;63.9057579;27930;61.7084274;27930;8.777123;27930;148.185669
27940;0.47923215430158378;27940;0.49966891793825863;27940;401.387329;27940;63.930172;27940;61.78167;27940;8.728293;27940;148.405411
27950;0.47868282113101585;27950;0.49962602155226216;27950;401.5412;27950;63.9423828;27950;61.8305;27950;8.752708;27950;148.466446
27960;0.47917111728263179;27960;0.49823599321514062;27960;401.772034;27960;63.9790039;27960;61.6595955;27960;8.78933048;27960;148.466446
27970;0.48002563554795968;27970;0.499086523438801;27970;401.887451;27970;64.02783;27970;61.6229744;27970;8.752708;27970;148.442032
27980;0.47996459852900769;27980;0.50078324970010457;27980;401.964417;27980;64.00342;27980;61.73284;27980;8.728293;27980;148.258926
27990;0.47941526535843976;27990;0.49998113481246054;27990;402.156769;27990;64.02783;27990;61.73284;27990;8.8137455;27990;148.344376
28000;0.47801141392254393;28000;0.498462162830399;28000;402.3876;28000;63.9179649;28000;61.8305;28000;8.850368;28000;148.28334
28010;0.47770622882778396;28010;0.49750363372888751;28010;402.579956;28010;63.8325157;28010;61.8915367;28010;8.899198;28010;148.36879
28020;0.47935422833948776;28020;0.49760874793986526;28020;402.733826;28020;63.8691368;28020;61.8060837;28020;8.923613;28020;148.332169
28030;0.47917111728263179;28030;0.49759356472371552;28030;402.887726;28030;63.8691368;28030;61.8060837;28030;8.98465;28030;148.344376
28040;0.47923215430158378;28040;0.4968947532657001;28040;403.080078;28040;63.75927;28040;61.8671227;28040;8.98465;28040;148.210083
28050;0.477523117770928;28050;0.49740378027955;28050;403.1955;28050;63.72265;28050;61.78167;28050;8.972442;28050;148.332169
28060;0.47648548844874411;28060;0.49644869154608862;28060;403.387848;28060;63.6982346;28060;61.69622;28060;8.88699;28060;148.466446
28070;0.47697378460036005;28070;0.49861464857841081;28070;403.426331;28070;63.6494026;28070;61.64739;28070;8.801538;28070;148.429825
28080;0.47782830286568795;28080;0.49798687489922955;28080;403.618683;28080;63.7470627;28080;61.6107674;28080;8.899198;28080;148.442032
28090;0.47801141392254393;28090;0.49813714806754317;28090;403.772583;28090;63.75927;28090;61.5131073;28090;8.801538;28090;148.332169
28100;0.47776726584673596;28100;0.49652213677957674;28100;404.003418;28100;63.75927;28100;61.4520721;28100;8.777123;28100;148.429825
28110;0.47715689565721603;28110;0.4962832140715801;28110;404.1573;28110;63.6005745;28110;61.4398651;28110;8.801538;28110;148.429825
28120;0.47648548844874411;28120;0.49595931332170906;28120;404.3112;28120;63.5029144;28120;61.53752;28120;8.825953;28120;148.5519
EOF
