Name;Scope Project1;
File;C:\Users\Tobno\Desktop\CBV_Mapping\Main\Crack2.csv;
Starttime of export;134223605528160000;mandag 4. mai 2026;11:29:12.816
Endtime of export;134223605656560000;mandag 4. mai 2026;11:29:25.656


Name;fPresSupply_bar;Name;fPres2A_bar;Name;fPres2B_bar;Name;fPresCylMain_bar;Name;fCylinder2_mm;Name;fValve2_V;Name;fSensor2_V

0;150.66377758110295;0;0.012207403790398877;0;0.15869624927518539;0;30.262153996398816;0;582.24487557987209;0;5.00015259254738;0;5.0059511093478193
10;150.74922940763574;10;0;10;0.17090365306558428;10;30.237739188818018;10;582.24487557987209;10;5.00015259254738;10;5.0056459242530593
20;150.73702200384534;20;0;20;0.17090365306558428;20;30.127872554704428;20;582.24487557987209;20;5.00015259254738;20;5.0062562944425792
30;150.68819238868375;30;0;30;0.18311105685598317;30;30.079042939542834;30;582.24487557987209;30;5.00015259254738;30;5.0068666646320992
40;150.81026642658773;40;0;40;0.17090365306558428;40;30.127872554704428;40;582.24487557987209;40;5.00015259254738;40;5.0062562944425792
50;150.81026642658773;50;0;50;0.15869624927518539;50;30.188909573656424;50;582.24487557987209;50;5.00015259254738;50;5.0059511093478193
60;150.85909604174932;60;0;60;0.14648884548478652;60;30.164494766075624;60;582.28441855452138;60;5.00015259254738;60;5.0056459242530593
70;150.81026642658773;70;0;70;0.15869624927518539;70;30.11566515091403;70;582.28441855452138;70;5.00015259254738;70;5.0059511093478193
80;150.77364421521654;80;0;80;0.17090365306558428;80;30.079042939542834;80;582.24487557987209;80;5.00015259254738;80;5.0062562944425792
90;150.81026642658773;90;0;90;0.17090365306558428;90;29.993591113010044;90;582.20533260522268;90;5.00015259254738;90;5.0059511093478193
100;150.74922940763574;100;0;100;0.15869624927518539;100;30.042420728171638;100;582.20533260522268;100;5.00015259254738;100;5.0056459242530593
110;150.81026642658773;110;0;110;0.15869624927518539;110;30.066835535752436;110;582.28441855452138;110;5.00015259254738;110;5.0059511093478193
120;150.90792565691092;120;0;120;0.17090365306558428;120;30.066835535752436;120;582.24487557987209;120;5.00015259254738;120;5.0059511093478193
130;150.93234046449172;130;0;130;0.15869624927518539;130;30.127872554704428;130;582.24487557987209;130;5.00015259254738;130;5.0056459242530593
140;150.93234046449172;140;0;140;0.14648884548478652;140;30.042420728171638;140;582.24487557987209;140;5.00015259254738;140;5.0053407391582994
150;150.94454786828211;150;0;150;0.17090365306558428;150;30.066835535752436;150;582.24487557987209;150;5.00015259254738;150;5.0059511093478193
160;150.95675527207251;160;0;160;0.18311105685598317;160;30.164494766075624;160;582.28441855452138;160;5.00015259254738;160;5.0056459242530593
170;150.90792565691092;170;0;170;0.15869624927518539;170;30.152287362285225;170;582.28441855452138;170;5.00015259254738;170;5.0056459242530593
180;150.94454786828211;180;0;180;0.14648884548478652;180;30.164494766075624;180;582.24487557987209;180;5.00015259254738;180;5.0056459242530593
190;151.0422070986053;190;0;190;0.14648884548478652;190;30.152287362285225;190;582.24487557987209;190;5.00015259254738;190;5.0050355540635394
200;151.0299996948149;200;0;200;0.15869624927518539;200;30.127872554704428;200;582.24487557987209;200;5.00015259254738;200;5.0062562944425792
210;151.0299996948149;210;0;210;0.17090365306558428;210;30.127872554704428;210;582.24487557987209;210;5.00015259254738;210;5.0062562944425792
220;151.01779229102451;220;0;220;0.15869624927518539;220;30.176702169866026;220;582.24487557987209;220;5.00015259254738;220;5.0068666646320992
230;151.0299996948149;230;0;230;0.15869624927518539;230;30.262153996398816;230;582.24487557987209;230;5.00015259254738;230;5.0062562944425792
240;151.0666219061861;240;0.012207403790398877;240;0.14648884548478652;240;30.201116977446823;240;582.28441855452138;240;5.00015259254738;240;5.0059511093478193
250;151.16428113650929;250;0.012207403790398877;250;0.15869624927518539;250;30.042420728171638;250;582.24487557987209;250;5.00015259254738;250;5.0059511093478193
260;151.16428113650929;260;0;260;0.17090365306558428;260;29.932554094058045;260;582.20533260522268;260;5.00015259254738;260;5.0059511093478193
270;151.0544145023957;270;0;270;0.15869624927518539;270;29.981383709219646;270;582.28441855452138;270;5.00015259254738;270;5.0062562944425792
280;151.1032441175573;280;0;280;0.14648884548478652;280;30.03021332438124;280;582.3239615291709;280;5.00015259254738;280;5.0062562944425792
290;151.20090334788051;290;0;290;0.15869624927518539;290;30.03021332438124;290;582.28441855452138;290;5.00015259254738;290;5.0062562944425792
300;151.15207373271889;300;0;300;0.17090365306558428;300;30.164494766075624;300;582.24487557987209;300;5.00015259254738;300;5.0062562944425792
310;151.0422070986053;310;0;310;0.17090365306558428;310;30.042420728171638;310;582.28441855452138;310;5.00015259254738;310;5.0062562944425792
320;151.12765892513809;320;0;320;0.17090365306558428;320;29.981383709219646;320;582.28441855452138;320;5.00015259254738;320;5.0059511093478193
330;151.16428113650929;330;0;330;0.17090365306558428;330;30.079042939542834;330;582.24487557987209;330;5.00015259254738;330;5.0056459242530593
340;151.16428113650929;340;0;340;0.15869624927518539;340;30.164494766075624;340;582.24487557987209;340;5.00015259254738;340;5.0056459242530593
350;151.0422070986053;350;0;350;0.15869624927518539;350;30.164494766075624;350;582.20533260522268;350;5.00015259254738;350;5.0056459242530593
360;150.96896267586291;360;0;360;0.15869624927518539;360;30.164494766075624;360;582.20533260522268;360;4.9977111117893;360;5.0056459242530593
370;151.12765892513809;370;0;370;0.14648884548478652;370;30.213324381237221;370;582.24487557987209;370;4.9952696310312206;370;5.0053407391582994
380;151.13986632892849;380;0;380;0.14648884548478652;380;30.11566515091403;380;582.24487557987209;380;4.9925229651783809;380;5.0059511093478193
390;151.18869594409011;390;0;390;0.14648884548478652;390;30.091250343333233;390;582.24487557987209;390;4.9900814844203;390;5.0068666646320992
400;151.18869594409011;400;0;400;0.15869624927518539;400;30.103457747123631;400;582.3239615291709;400;4.9876400036622206;400;5.0068666646320992
410;151.0666219061861;410;0;410;0.17090365306558428;410;30.103457747123631;410;582.28441855452138;410;4.9851985229041409;410;5.0059511093478193
420;151.1032441175573;420;0;420;0.15869624927518539;420;30.152287362285225;420;582.24487557987209;420;4.9827570421460612;420;5.0062562944425792
430;151.1032441175573;430;0;430;0.14648884548478652;430;30.127872554704428;430;582.28441855452138;430;4.9800103762932215;430;5.0062562944425792
440;151.22531815546131;440;0;440;0.14648884548478652;440;30.164494766075624;440;582.20533260522268;440;4.9775688955351418;440;5.0059511093478193
450;151.34739219336529;450;0;450;0.15869624927518539;450;30.066835535752436;450;582.20533260522268;450;4.9751274147770621;450;5.0047303689687794
460;151.2985625782037;460;0;460;0.17090365306558428;460;30.042420728171638;460;582.20533260522268;460;4.9726859340189824;460;5.0053407391582994
470;151.21311075167091;470;0;470;0.14648884548478652;470;30.066835535752436;470;582.24487557987209;470;4.9702444532609027;470;5.0059511093478193
480;151.13986632892849;480;0;480;0.13428144169438766;480;30.079042939542834;480;582.3239615291709;480;4.967802972502823;480;5.0059511093478193
490;151.0910367137669;490;0;490;0.13428144169438766;490;30.11566515091403;490;582.24487557987209;490;4.9650563066499833;490;5.0059511093478193
500;151.18869594409011;500;0;500;0.14648884548478652;500;30.11566515091403;500;582.20533260522268;500;4.9626148258919036;500;5.0056459242530593
510;151.23752555925171;510;0;510;0.15869624927518539;510;30.249946592608417;510;582.24487557987209;510;4.9601733451338239;510;5.0059511093478193
520;151.0666219061861;520;0;520;0.15869624927518539;520;30.274361400189214;520;582.24487557987209;520;4.9577318643757442;520;5.0062562944425792
530;151.13986632892849;530;0;530;0.17090365306558428;530;30.164494766075624;530;582.12624665592375;530;4.9552903836176645;530;5.0059511093478193
540;151.18869594409011;540;0;540;0.17090365306558428;540;30.103457747123631;540;582.20533260522268;540;4.9525437177648248;540;5.0053407391582994
550;151.0666219061861;550;0;550;0.17090365306558428;550;30.103457747123631;550;582.24487557987209;550;4.9501022370067442;550;5.0059511093478193
560;150.94454786828211;560;0;560;0.17090365306558428;560;30.042420728171638;560;582.20533260522268;560;4.9476607562486645;560;5.0059511093478193
570;151.00558488723411;570;0;570;0.15869624927518539;570;30.03021332438124;570;582.20533260522268;570;4.9452192754905848;570;5.0056459242530593
580;151.13986632892849;580;0;580;0.17090365306558428;580;30.042420728171638;580;582.20533260522268;580;4.9427777947325051;580;5.0062562944425792
590;151.11545152134769;590;0;590;0.18311105685598317;590;30.042420728171638;590;582.24487557987209;590;4.9400311288796654;590;5.0068666646320992
600;151.13986632892849;600;0;600;0.17090365306558428;600;30.079042939542834;600;582.20533260522268;600;4.9375896481215857;600;5.0062562944425792
610;151.18869594409011;610;0;610;0.15869624927518539;610;30.066835535752436;610;582.24487557987209;610;4.935148167363506;610;5.0056459242530593
620;151.11545152134769;620;0;620;0.14648884548478652;620;30.042420728171638;620;582.28441855452138;620;4.9327066866054263;620;5.0056459242530593
630;150.98117007965331;630;0;630;0.15869624927518539;630;30.042420728171638;630;582.28441855452138;630;4.9302652058473466;630;5.0053407391582994
640;151.01779229102451;640;0;640;0.17090365306558428;640;30.03021332438124;640;582.24487557987209;640;4.927518539994507;640;5.0053407391582994
650;151.11545152134769;650;0;650;0.17090365306558428;650;30.018005920590841;650;582.24487557987209;650;4.9250770592364272;650;5.0056459242530593
660;151.20090334788051;660;0;660;0.15869624927518539;660;30.066835535752436;660;582.24487557987209;660;4.9226355784783475;660;5.0059511093478193
670;151.18869594409011;670;0;670;0.17090365306558428;670;30.127872554704428;670;582.24487557987209;670;4.9201940977202678;670;5.0062562944425792
680;151.0910367137669;680;0;680;0.15869624927518539;680;30.005798516800443;680;582.28441855452138;680;4.9177526169621881;680;5.0059511093478193
690;151.15207373271889;690;0;690;0.14648884548478652;690;29.981383709219646;690;582.24487557987209;690;4.9150059511093485;690;5.0056459242530593
700;151.21311075167091;700;0;700;0.15869624927518539;700;30.042420728171638;700;582.3239615291709;700;4.9125644703512688;700;5.0059511093478193
710;151.0666219061861;710;0;710;0.17090365306558428;710;30.103457747123631;710;582.3239615291709;710;4.9101229895931882;710;5.0062562944425792
720;151.13986632892849;720;0;720;0.15869624927518539;720;30.103457747123631;720;582.24487557987209;720;4.9076815088351085;720;5.0059511093478193
730;151.18869594409011;730;0;730;0.14648884548478652;730;30.103457747123631;730;582.24487557987209;730;4.9052400280770287;730;5.0068666646320992
740;151.0910367137669;740;0;740;0.14648884548478652;740;30.152287362285225;740;582.20533260522268;740;4.902798547318949;740;5.0059511093478193
750;151.16428113650929;750;0;750;0.14648884548478652;750;30.079042939542834;750;582.20533260522268;750;4.9000518814661094;750;5.0059511093478193
760;151.23752555925171;760;0;760;0.14648884548478652;760;30.042420728171638;760;582.24487557987209;760;4.89761040070803;760;5.0062562944425792
770;151.13986632892849;770;0;770;0.14648884548478652;770;30.103457747123631;770;582.20533260522268;770;4.89516891994995;770;5.0056459242530593
780;151.1032441175573;780;0;780;0.15869624927518539;780;30.164494766075624;780;582.20533260522268;780;4.89272743919187;780;5.0059511093478193
790;151.16428113650929;790;0;790;0.14648884548478652;790;30.188909573656424;790;582.20533260522268;790;4.89028595843379;790;5.0059511093478193
800;151.0544145023957;800;0;800;0.13428144169438766;800;30.127872554704428;800;582.20533260522268;800;4.88753929258095;800;5.0053407391582994
810;151.0422070986053;810;0;810;0.13428144169438766;810;30.103457747123631;810;582.24487557987209;810;4.88509781182287;810;5.0053407391582994
820;151.18869594409011;820;0;820;0.14648884548478652;820;30.127872554704428;820;582.24487557987209;820;4.8826563310647906;820;5.0059511093478193
830;151.23752555925171;830;0;830;0.17090365306558428;830;30.164494766075624;830;582.28441855452138;830;4.8802148503067109;830;5.0059511093478193
840;151.15207373271889;840;0;840;0.18311105685598317;840;30.201116977446823;840;582.28441855452138;840;4.8777733695486312;840;5.0059511093478193
850;150.96896267586291;850;0;850;0.20752586443678089;850;30.11566515091403;850;582.28441855452138;850;4.8750267036957915;850;5.0059511093478193
860;151.0910367137669;860;0;860;0.18311105685598317;860;29.981383709219646;860;582.20533260522268;860;4.8725852229377118;860;5.0062562944425792
870;151.12765892513809;870;0;870;0.17090365306558428;870;29.981383709219646;870;582.20533260522268;870;4.8701437421796321;870;5.0059511093478193
880;151.0422070986053;880;0;880;0.15869624927518539;880;30.005798516800443;880;582.24487557987209;880;4.8677022614215524;880;5.0056459242530593
890;151.0666219061861;890;0;890;0.15869624927518539;890;30.042420728171638;890;582.24487557987209;890;4.8652607806634727;890;5.0056459242530593
900;151.0910367137669;900;0;900;0.17090365306558428;900;30.03021332438124;900;582.24487557987209;900;4.862514114810633;900;5.0056459242530593
910;150.94454786828211;910;0.024414807580797754;910;0.15869624927518539;910;30.042420728171638;910;582.20533260522268;910;4.8600726340525533;910;5.0059511093478193
920;151.0544145023957;920;0;920;0.14648884548478652;920;30.164494766075624;920;582.20533260522268;920;4.8576311532944736;920;5.0053407391582994
930;151.15207373271889;930;0;930;0.17090365306558428;930;30.164494766075624;930;582.20533260522268;930;4.8551896725363939;930;5.0062562944425792
940;151.01779229102451;940;0;940;0.17090365306558428;940;30.127872554704428;940;582.24487557987209;940;4.8527481917783133;940;5.0056459242530593
950;151.00558488723411;950;0;950;0.14648884548478652;950;30.188909573656424;950;582.12624665592375;950;4.8500015259254736;950;5.0056459242530593
960;151.0422070986053;960;0;960;0.14648884548478652;960;30.11566515091403;960;582.20533260522268;960;4.8475600451673939;960;5.0062562944425792
970;151.0422070986053;970;0;970;0.14648884548478652;970;29.932554094058045;970;582.24487557987209;970;4.8451185644093142;970;5.0068666646320992
980;151.1032441175573;980;0;980;0.14648884548478652;980;29.981383709219646;980;582.24487557987209;980;4.8426770836512345;980;5.0071718497268591
990;151.12765892513809;990;0;990;0.17090365306558428;990;30.018005920590841;990;582.20533260522268;990;4.8402356028931548;990;5.0074770348216191
1000;151.0910367137669;1000;0;1000;0.17090365306558428;1000;30.11566515091403;1000;582.20533260522268;1000;4.8377941221350751;1000;5.0074770348216191
1010;151.00558488723411;1010;0;1010;0.15869624927518539;1010;30.11566515091403;1010;582.24487557987209;1010;4.8350474562822354;1010;5.0053407391582994
1020;151.01779229102451;1020;0;1020;0.15869624927518539;1020;30.042420728171638;1020;582.24487557987209;1020;4.8326059755241548;1020;5.00015259254738
1030;150.96896267586291;1030;0;1030;0.15869624927518539;1030;30.091250343333233;1030;582.28441855452138;1030;4.8301644947660751;1030;4.9977111117893
1040;151.0544145023957;1040;0;1040;0.15869624927518539;1040;30.066835535752436;1040;582.28441855452138;1040;4.8277230140079954;1040;4.99710074159978
1050;151.18869594409011;1050;0;1050;0.15869624927518539;1050;30.127872554704428;1050;582.28441855452138;1050;4.8252815332499157;1050;4.9949644459364606
1060;151.1032441175573;1060;0;1060;0.15869624927518539;1060;30.103457747123631;1060;582.24487557987209;1060;4.822534867397076;1060;4.9949644459364606
1070;151.0910367137669;1070;0;1070;0.15869624927518539;1070;30.066835535752436;1070;582.24487557987209;1070;4.8200933866389963;1070;4.9946592608417006
1080;151.0544145023957;1080;0;1080;0.15869624927518539;1080;30.03021332438124;1080;582.24487557987209;1080;4.8176519058809166;1080;4.9952696310312206
1090;151.13986632892849;1090;0;1090;0.15869624927518539;1090;30.079042939542834;1090;582.24487557987209;1090;4.8152104251228369;1090;4.9937437055574208
1100;151.0299996948149;1100;0;1100;0.17090365306558428;1100;30.091250343333233;1100;582.24487557987209;1100;4.8127689443647572;1100;4.9928281502731409
1110;150.85909604174932;1110;0;1110;0.15869624927518539;1110;30.018005920590841;1110;582.20533260522268;1110;4.8100222785119175;1110;4.9946592608417006
1120;150.90792565691092;1120;0;1120;0.14648884548478652;1120;30.005798516800443;1120;582.20533260522268;1120;4.8075807977538378;1120;4.9937437055574208
1130;150.96896267586291;1130;0;1130;0.15869624927518539;1130;30.066835535752436;1130;582.20533260522268;1130;4.8051393169957581;1130;4.9943540757469407
1140;151.00558488723411;1140;0;1140;0.15869624927518539;1140;30.03021332438124;1140;582.24487557987209;1140;4.8026978362376784;1140;4.9934385204626608
1150;151.12765892513809;1150;0;1150;0.17090365306558428;1150;29.993591113010044;1150;582.24487557987209;1150;4.8002563554795987;1150;4.9937437055574208
1160;151.12765892513809;1160;0;1160;0.18311105685598317;1160;30.018005920590841;1160;582.24487557987209;1160;4.7975096896267591;1160;4.9937437055574208
1170;150.98117007965331;1170;0;1170;0.17090365306558428;1170;30.03021332438124;1170;582.24487557987209;1170;4.7950682088686793;1170;4.9946592608417006
1180;151.0299996948149;1180;0;1180;0.17090365306558428;1180;30.127872554704428;1180;582.28441855452138;1180;4.7926267281105988;1180;4.9943540757469407
1190;151.12765892513809;1190;0;1190;0.15869624927518539;1190;30.103457747123631;1190;582.24487557987209;1190;4.790185247352519;1190;4.9937437055574208
1200;151.13986632892849;1200;0;1200;0.15869624927518539;1200;30.03021332438124;1200;582.24487557987209;1200;4.7877437665944393;1200;4.9934385204626608
1210;151.0666219061861;1210;0;1210;0.18311105685598317;1210;30.042420728171638;1210;582.24487557987209;1210;4.7849971007416;1210;4.9928281502731409
1220;151.1032441175573;1220;0;1220;0.17090365306558428;1220;30.079042939542834;1220;582.28441855452138;1220;4.78255561998352;1220;4.9937437055574208
1230;151.1032441175573;1230;0;1230;0.17090365306558428;1230;29.993591113010044;1230;582.3239615291709;1230;4.78011413922544;1230;4.9934385204626608
1240;151.0666219061861;1240;0;1240;0.17090365306558428;1240;30.066835535752436;1240;582.28441855452138;1240;4.7776726584673606;1240;4.9943540757469407
1250;151.0910367137669;1250;0;1250;0.14648884548478652;1250;30.249946592608417;1250;582.24487557987209;1250;4.77523117770928;1250;4.9931333353679008
1260;151.0299996948149;1260;0;1260;0.15869624927518539;1260;30.176702169866026;1260;582.28441855452138;1260;4.7727896969512;1260;4.9937437055574208
1270;151.00558488723411;1270;0;1270;0.15869624927518539;1270;30.127872554704428;1270;582.28441855452138;1270;4.7700430310983606;1270;4.9934385204626608
1280;151.01779229102451;1280;0;1280;0.18311105685598317;1280;30.188909573656424;1280;582.24487557987209;1280;4.7676015503402809;1280;4.9928281502731409
1290;151.0910367137669;1290;0;1290;0.21973326822717978;1290;30.091250343333233;1290;582.24487557987209;1290;4.7651600695822012;1290;4.9931333353679008
1300;151.0299996948149;1300;0;1300;0.17090365306558428;1300;29.96917630542924;1300;582.20533260522268;1300;4.7627185888241215;1300;4.9931333353679008
1310;150.93234046449172;1310;0;1310;0.15869624927518539;1310;29.981383709219646;1310;582.24487557987209;1310;4.7602771080660418;1310;4.9937437055574208
1320;150.98117007965331;1320;0;1320;0.15869624927518539;1320;30.042420728171638;1320;582.28441855452138;1320;4.7575304422132021;1320;4.9928281502731409
1330;151.0299996948149;1330;0;1330;0.15869624927518539;1330;29.981383709219646;1330;582.24487557987209;1330;4.7550889614551224;1330;4.9931333353679008
1340;151.0299996948149;1340;0;1340;0.15869624927518539;1340;29.895931882686849;1340;582.24487557987209;1340;4.7526474806970427;1340;4.9934385204626608
1350;151.0544145023957;1350;0;1350;0.15869624927518539;1350;30.005798516800443;1350;582.24487557987209;1350;4.750205999938963;1350;4.9943540757469407
1360;151.1032441175573;1360;0;1360;0.17090365306558428;1360;29.932554094058045;1360;582.28441855452138;1360;4.7477645191808833;1360;4.9934385204626608
1370;151.15207373271889;1370;0;1370;0.15869624927518539;1370;29.834894863734856;1370;582.28441855452138;1370;4.7450178533280436;1370;4.9937437055574208
1380;151.11545152134769;1380;0;1380;0.15869624927518539;1380;29.859309671315653;1380;582.3239615291709;1380;4.7425763725699639;1380;4.9937437055574208
1390;151.00558488723411;1390;0;1390;0.17090365306558428;1390;29.96917630542924;1390;582.3239615291709;1390;4.7401348918118842;1390;4.9937437055574208
1400;151.0544145023957;1400;0;1400;0.17090365306558428;1400;30.127872554704428;1400;582.28441855452138;1400;4.7376934110538045;1400;4.9946592608417006
1410;151.00558488723411;1410;0;1410;0.15869624927518539;1410;30.091250343333233;1410;582.28441855452138;1410;4.7352519302957239;1410;4.9937437055574208
1420;150.96896267586291;1420;0;1420;0.15869624927518539;1420;30.018005920590841;1420;582.28441855452138;1420;4.7325052644428842;1420;4.9943540757469407
1430;151.00558488723411;1430;0;1430;0.18311105685598317;1430;30.091250343333233;1430;582.24487557987209;1430;4.7300637836848045;1430;4.9937437055574208
1440;151.0666219061861;1440;0;1440;0.18311105685598317;1440;30.11566515091403;1440;582.20533260522268;1440;4.7276223029267248;1440;4.9937437055574208
1450;150.98117007965331;1450;0;1450;0.15869624927518539;1450;30.152287362285225;1450;582.20533260522268;1450;4.7251808221686451;1450;4.9937437055574208
1460;150.92013306070132;1460;0;1460;0.17090365306558428;1460;30.152287362285225;1460;582.24487557987209;1460;4.7227393414105654;1460;4.9946592608417006
1470;150.96896267586291;1470;0;1470;0.17090365306558428;1470;30.127872554704428;1470;582.28441855452138;1470;4.7199926755577257;1470;4.9943540757469407
1480;150.93234046449172;1480;0;1480;0.15869624927518539;1480;30.018005920590841;1480;582.3239615291709;1480;4.717551194799646;1480;4.9937437055574208
1490;151.01779229102451;1490;0;1490;0.18311105685598317;1490;29.944761497848443;1490;582.3239615291709;1490;4.7151097140415663;1490;4.9943540757469407
1500;151.11545152134769;1500;0;1500;0.17090365306558428;1500;30.005798516800443;1500;582.24487557987209;1500;4.7126682332834866;1500;4.9934385204626608
1510;151.0910367137669;1510;0;1510;0.17090365306558428;1510;30.03021332438124;1510;582.28441855452138;1510;4.7102267525254069;1510;4.9946592608417006
1520;151.0299996948149;1520;0;1520;0.17090365306558428;1520;30.079042939542834;1520;582.28441855452138;1520;4.7077852717673272;1520;4.9937437055574208
1530;151.01779229102451;1530;0;1530;0.18311105685598317;1530;30.091250343333233;1530;582.28441855452138;1530;4.7050386059144875;1530;4.9943540757469407
1540;151.00558488723411;1540;0;1540;0.17090365306558428;1540;30.079042939542834;1540;582.24487557987209;1540;4.7025971251564078;1540;4.9928281502731409
1550;150.98117007965331;1550;0;1550;0.15869624927518539;1550;30.042420728171638;1550;582.28441855452138;1550;4.7001556443983281;1550;4.9931333353679008
1560;151.01779229102451;1560;0.012207403790398877;1560;0.17090365306558428;1560;29.993591113010044;1560;582.36350450382031;1560;4.6977141636402484;1560;4.9937437055574208
1570;151.11545152134769;1570;0;1570;0.17090365306558428;1570;30.042420728171638;1570;582.3239615291709;1570;4.6952726828821678;1570;4.9931333353679008
1580;151.1032441175573;1580;0;1580;0.15869624927518539;1580;30.042420728171638;1580;582.28441855452138;1580;4.6925260170293281;1580;4.9934385204626608
1590;151.01779229102451;1590;0;1590;0.14648884548478652;1590;30.103457747123631;1590;582.24487557987209;1590;4.6900845362712484;1590;4.9928281502731409
1600;151.0422070986053;1600;0;1600;0.14648884548478652;1600;30.066835535752436;1600;582.28441855452138;1600;4.6876430555131687;1600;4.9937437055574208
1610;151.00558488723411;1610;0;1610;0.15869624927518539;1610;29.96917630542924;1610;582.28441855452138;1610;4.685201574755089;1610;4.9937437055574208
1620;150.95675527207251;1620;0;1620;0.18311105685598317;1620;30.103457747123631;1620;582.24487557987209;1620;4.6827600939970093;1620;4.9949644459364606
1630;151.01779229102451;1630;0;1630;0.21973326822717978;1630;30.11566515091403;1630;582.24487557987209;1630;4.68001342814417;1630;4.9946592608417006
1640;151.0422070986053;1640;0;1640;0.18311105685598317;1640;30.127872554704428;1640;582.3239615291709;1640;4.6775719473860891;1640;4.9946592608417006
1650;151.1032441175573;1650;0;1650;0.17090365306558428;1650;30.091250343333233;1650;582.3239615291709;1650;4.6751304666280094;1650;4.9949644459364606
1660;151.1032441175573;1660;0;1660;0.15869624927518539;1660;30.005798516800443;1660;582.28441855452138;1660;4.67268898586993;1660;4.9937437055574208
1670;150.98117007965331;1670;0;1670;0.15869624927518539;1670;30.03021332438124;1670;582.28441855452138;1670;4.67024750511185;1670;4.9946592608417006
1680;150.87130344553972;1680;0.012207403790398877;1680;0.17090365306558428;1680;30.079042939542834;1680;582.28441855452138;1680;4.66750083925901;1680;4.9946592608417006
1690;150.96896267586291;1690;0;1690;0.18311105685598317;1690;30.079042939542834;1690;582.28441855452138;1690;4.6650593585009306;1690;4.9955748161259805
1700;151.1032441175573;1700;0;1700;0.17090365306558428;1700;30.018005920590841;1700;582.3239615291709;1700;4.6626178777428509;1700;4.9958800012207405
1710;151.0910367137669;1710;0;1710;0.17090365306558428;1710;30.079042939542834;1710;582.3239615291709;1710;4.6601763969847712;1710;4.9958800012207405
1720;150.98117007965331;1720;0;1720;0.17090365306558428;1720;30.127872554704428;1720;582.24487557987209;1720;4.6577349162266914;1720;4.9955748161259805
1730;150.95675527207251;1730;0;1730;0.17090365306558428;1730;30.091250343333233;1730;582.24487557987209;1730;4.6552934354686117;1730;4.9958800012207405
1740;150.96896267586291;1740;0;1740;0.18311105685598317;1740;30.11566515091403;1740;582.3239615291709;1740;4.6525467696157721;1740;4.9961851863155005
1750;150.95675527207251;1750;0;1750;0.17090365306558428;1750;30.091250343333233;1750;582.28441855452138;1750;4.6501052888576924;1750;4.99649037141026
1760;150.96896267586291;1760;0;1760;0.17090365306558428;1760;30.005798516800443;1760;582.3239615291709;1760;4.6476638080996127;1760;4.99710074159978
1770;150.98117007965331;1770;0;1770;0.18311105685598317;1770;30.005798516800443;1770;582.3239615291709;1770;4.645222327341533;1770;4.99649037141026
1780;151.0666219061861;1780;0;1780;0.18311105685598317;1780;30.03021332438124;1780;582.3239615291709;1780;4.6427808465834532;1780;4.9961851863155005
1790;151.01779229102451;1790;0;1790;0.17090365306558428;1790;29.981383709219646;1790;582.28441855452138;1790;4.6400341807306136;1790;4.9955748161259805
1800;150.96896267586291;1800;0;1800;0.18311105685598317;1800;29.993591113010044;1800;582.28441855452138;1800;4.637592699972533;1800;4.99649037141026
1810;150.93234046449172;1810;0;1810;0.17090365306558428;1810;30.091250343333233;1810;582.24487557987209;1810;4.6351512192144533;1810;4.9949644459364606
1820;150.94454786828211;1820;0;1820;0.17090365306558428;1820;30.005798516800443;1820;582.28441855452138;1820;4.6327097384563736;1820;4.9952696310312206
1830;150.95675527207251;1830;0;1830;0.18311105685598317;1830;30.03021332438124;1830;582.28441855452138;1830;4.6302682576982939;1830;4.9949644459364606
1840;150.95675527207251;1840;0;1840;0.15869624927518539;1840;30.127872554704428;1840;582.28441855452138;1840;4.6275215918454542;1840;4.9949644459364606
1850;150.88351084933012;1850;0;1850;0.18311105685598317;1850;30.018005920590841;1850;582.28441855452138;1850;4.6250801110873745;1850;4.9903866695150612
1860;150.92013306070132;1860;0;1860;0.20752586443678089;1860;30.03021332438124;1860;582.28441855452138;1860;4.6226386303292948;1860;4.9861140781884208
1870;151.00558488723411;1870;0;1870;0.18311105685598317;1870;30.103457747123631;1870;582.3239615291709;1870;4.6201971495712151;1870;4.9754325998718221
1880;151.0422070986053;1880;0;1880;0.17090365306558428;1880;30.127872554704428;1880;582.24487557987209;1880;4.6177556688131354;1880;4.9635303811761835
1890;151.1032441175573;1890;0;1890;0.17090365306558428;1890;30.176702169866026;1890;582.24487557987209;1890;4.6150090029602957;1890;4.9497970519119843
1900;150.98117007965331;1900;0;1900;0.18311105685598317;1900;30.11566515091403;1900;582.28441855452138;1900;4.612567522202216;1900;4.9296548356578267
1910;151.0299996948149;1910;0;1910;0.18311105685598317;1910;30.11566515091403;1910;582.28441855452138;1910;4.6101260414441363;1910;4.9198889126255079
1920;150.95675527207251;1920;0;1920;0.17090365306558428;1920;30.091250343333233;1920;582.28441855452138;1920;4.6076845606860566;1920;4.903103732413709
1930;150.92013306070132;1930;0;1930;0.18311105685598317;1930;30.079042939542834;1930;582.28441855452138;1930;4.6052430799279769;1930;4.88631855220191
1940;150.95675527207251;1940;0;1940;0.17090365306558428;1940;30.03021332438124;1940;582.28441855452138;1940;4.6024964140751372;1940;4.8631244850001529
1950;151.12765892513809;1950;0;1950;0.15869624927518539;1950;30.018005920590841;1950;582.20533260522268;1950;4.6000549333170575;1950;4.8457289345988341
1960;151.0666219061861;1960;0;1960;0.18311105685598317;1960;29.993591113010044;1960;582.24487557987209;1960;4.5976134525589769;1960;4.823145237586596
1970;150.92013306070132;1970;0;1970;0.17090365306558428;1970;29.981383709219646;1970;582.3239615291709;1970;4.5951719718008972;1970;4.8042237617114782
1980;151.01779229102451;1980;0;1980;0.18311105685598317;1980;30.018005920590841;1980;582.36350450382031;1980;4.5927304910428175;1980;4.7932370983001187
1990;151.01779229102451;1990;0;1990;0.18311105685598317;1990;30.03021332438124;1990;582.36350450382031;1990;4.5902890102847378;1990;4.78255561998352
2000;150.90792565691092;2000;0;2000;0.18311105685598317;2000;30.079042939542834;2000;582.36350450382031;2000;4.5875423444318981;2000;4.7703482161931205
2010;150.88351084933012;2010;0;2010;0.17090365306558428;2010;30.103457747123631;2010;582.3239615291709;2010;4.5851008636738184;2010;4.7544785912656025
2020;151.0666219061861;2020;0;2020;0.18311105685598317;2020;30.127872554704428;2020;582.28441855452138;2020;4.5826593829157387;2020;4.7556993316446423
2030;151.0422070986053;2030;0;2030;0.20752586443678089;2030;30.127872554704428;2030;582.24487557987209;2030;4.580217902157659;2030;4.7486800744651632
2040;151.0910367137669;2040;0;2040;0.18311105685598317;2040;30.042420728171638;2040;582.24487557987209;2040;4.5777764213995784;2040;4.7453230384228036
2050;150.98117007965331;2050;0;2050;0.20752586443678089;2050;30.018005920590841;2050;582.28441855452138;2050;4.5750297555467387;2050;4.7395245216223643
2060;150.90792565691092;2060;0.012207403790398877;2060;0.20752586443678089;2060;30.066835535752436;2060;582.28441855452138;2060;4.572588274788659;2060;4.7404400769066442
2070;150.81026642658773;2070;0.024414807580797754;2070;0.18311105685598317;2070;30.042420728171638;2070;582.3239615291709;2070;4.5701467940305793;2070;4.7364726706747646
2080;150.85909604174932;2080;0.024414807580797754;2080;0.18311105685598317;2080;30.066835535752436;2080;582.36350450382031;2080;4.5677053132725;2080;4.7367778557695246
2090;150.93234046449172;2090;0;2090;0.18311105685598317;2090;30.018005920590841;2090;582.36350450382031;2090;4.56526383251442;2090;4.7337260048219241
2100;150.85909604174932;2100;0;2100;0.18311105685598317;2100;29.993591113010044;2100;582.28441855452138;2100;4.56251716666158;2100;4.7080904568620872
2110;151.01779229102451;2110;0.012207403790398877;2110;0.18311105685598317;2110;29.993591113010044;2110;582.24487557987209;2110;4.5600756859035005;2110;4.6842860194708091
2120;150.98117007965331;2120;0;2120;0.17090365306558428;2120;29.895931882686849;2120;582.24487557987209;2120;4.5576342051454208;2120;4.66689046906949
2130;151.0299996948149;2130;0;2130;0.18311105685598317;2130;29.88372447889645;2130;582.24487557987209;2130;4.5551927243873411;2130;4.67116306039613
2140;150.87130344553972;2140;0;2140;0.20752586443678089;2140;29.895931882686849;2140;582.24487557987209;2140;4.5527512436292614;2140;4.66658528397473
2150;150.87130344553972;2150;0;2150;0.18311105685598317;2150;30.042420728171638;2150;582.28441855452138;2150;4.5500045777764218;2150;4.66658528397473
2160;150.96896267586291;2160;0;2160;0.18311105685598317;2160;30.066835535752436;2160;582.36350450382031;2160;4.547563097018342;2160;4.66628009887997
2170;150.90792565691092;2170;0;2170;0.17090365306558428;2170;29.944761497848443;2170;582.36350450382031;2170;4.5451216162602623;2170;4.66933194982757
2180;150.94454786828211;2180;0;2180;0.17090365306558428;2180;29.993591113010044;2180;582.36350450382031;2180;4.5426801355021826;2180;4.66689046906949
2190;150.95675527207251;2190;0;2190;0.18311105685598317;2190;30.091250343333233;2190;582.3239615291709;2190;4.540238654744102;2190;4.661091952269051
2200;150.96896267586291;2200;0;2200;0.18311105685598317;2200;30.091250343333233;2200;582.28441855452138;2200;4.5374919888912624;2200;4.6656697286904505
2210;150.92013306070132;2210;0.012207403790398877;2210;0.18311105685598317;2210;30.03021332438124;2210;582.20533260522268;2210;4.5350505081331827;2210;4.6635334330271307
2220;150.87130344553972;2220;0.012207403790398877;2220;0.18311105685598317;2220;30.005798516800443;2220;582.28441855452138;2220;4.532609027375103;2220;4.6647541734061706
2230;150.85909604174932;2230;0;2230;0.18311105685598317;2230;29.981383709219646;2230;582.28441855452138;2230;4.5301675466170233;2230;4.6586504715109713
2240;150.90792565691092;2240;0;2240;0.18311105685598317;2240;29.993591113010044;2240;582.28441855452138;2240;4.5277260658589435;2240;4.661702322458571
2250;150.84688863795893;2250;0;2250;0.18311105685598317;2250;30.03021332438124;2250;582.24487557987209;2250;4.5252845851008638;2250;4.6562089907528916
2260;150.98117007965331;2260;0;2260;0.17090365306558428;2260;30.042420728171638;2260;582.28441855452138;2260;4.5225379192480242;2260;4.6559038056581317
2270;150.94454786828211;2270;0;2270;0.17090365306558428;2270;30.005798516800443;2270;582.28441855452138;2270;4.5200964384899436;2270;4.6555986205633717
2280;150.88351084933012;2280;0;2280;0.17090365306558428;2280;30.079042939542834;2280;582.24487557987209;2280;4.5176549577318639;2280;4.6546830652790918
2290;150.93234046449172;2290;0.012207403790398877;2290;0.18311105685598317;2290;30.091250343333233;2290;582.28441855452138;2290;4.5152134769737842;2290;4.6540726950895719
2300;150.94454786828211;2300;0;2300;0.18311105685598317;2300;30.018005920590841;2300;582.28441855452138;2300;4.5127719962157045;2300;4.6479689931943726
2310;151.01779229102451;2310;0;2310;0.20752586443678089;2310;29.981383709219646;2310;582.28441855452138;2310;4.5100253303628648;2310;4.6507156590472123
2320;150.92013306070132;2320;0;2320;0.20752586443678089;2320;29.981383709219646;2320;582.24487557987209;2320;4.5075838496047851;2320;4.6436964018677331
2330;150.95675527207251;2330;0;2330;0.20752586443678089;2330;30.018005920590841;2330;582.24487557987209;2330;4.5051423688467054;2330;4.644611957152013
2340;150.94454786828211;2340;0;2340;0.20752586443678089;2340;29.981383709219646;2340;582.28441855452138;2340;4.5027008880886257;2340;4.6391186254463337
2350;150.93234046449172;2350;0;2350;0.20752586443678089;2350;29.944761497848443;2350;582.28441855452138;2350;4.500259407330546;2350;4.6406445509201335
2360;150.85909604174932;2360;0;2360;0.18311105685598317;2360;29.993591113010044;2360;582.28441855452138;2360;4.4975127414777063;2360;4.6363719595934931
2370;150.94454786828211;2370;0;2370;0.18311105685598317;2370;29.944761497848443;2370;582.28441855452138;2370;4.4950712607196266;2370;4.6330149235511335
2380;151.0544145023957;2380;0;2380;0.17090365306558428;2380;29.944761497848443;2380;582.28441855452138;2380;4.4926297799615469;2380;4.6308786278878138
2390;150.95675527207251;2390;0;2390;0.15869624927518539;2390;30.018005920590841;2390;582.28441855452138;2390;4.4901882992034672;2390;4.6272164067506942
2400;150.94454786828211;2400;0;2400;0.18311105685598317;2400;29.981383709219646;2400;582.36350450382031;2400;4.4877468184453875;2400;4.6269112216559343
2410;151.0666219061861;2410;0;2410;0.17090365306558428;2410;29.96917630542924;2410;582.36350450382031;2410;4.4850001525925478;2410;4.6195867793816952
2420;151.0910367137669;2420;0;2420;0.17090365306558428;2420;30.005798516800443;2420;582.36350450382031;2420;4.4825586718344681;2420;4.6217230750450149
2430;151.00558488723411;2430;0;2430;0.17090365306558428;2430;29.981383709219646;2430;582.3239615291709;2430;4.4801171910763875;2430;4.6137882625812559
2440;151.0544145023957;2440;0;2440;0.17090365306558428;2440;30.005798516800443;2440;582.24487557987209;2440;4.4776757103183078;2440;4.6137882625812559
2450;150.85909604174932;2450;0;2450;0.17090365306558428;2450;29.993591113010044;2450;582.28441855452138;2450;4.4752342295602281;2450;4.6079897457808165
2460;150.88351084933012;2460;0;2460;0.17090365306558428;2460;30.03021332438124;2460;582.36350450382031;2460;4.4724875637073884;2460;4.6086001159703365
2470;150.96896267586291;2470;0.012207403790398877;2470;0.20752586443678089;2470;30.018005920590841;2470;582.3239615291709;2470;4.4700460829493087;2470;4.6055482650227368
2480;150.94454786828211;2480;0;2480;0.18311105685598317;2480;29.981383709219646;2480;582.3239615291709;2480;4.467604602191229;2480;4.6015808587908573
2490;150.98117007965331;2490;0;2490;0.20752586443678089;2490;30.079042939542834;2490;582.40304747846972;2490;4.4651631214331493;2490;4.5997497482222975
2500;150.88351084933012;2500;0;2500;0.20752586443678089;2500;30.018005920590841;2500;582.3239615291709;2500;4.4627216406750687;2500;4.5930356761375775
2510;150.96896267586291;2510;0;2510;0.20752586443678089;2510;29.993591113010044;2510;582.3239615291709;2510;4.460280159916989;2510;4.5933408612323374
2520;150.92013306070132;2520;0;2520;0.18311105685598317;2520;30.042420728171638;2520;582.36350450382031;2520;4.4575334940641493;2520;4.5857112338633383
2530;150.88351084933012;2530;0;2530;0.18311105685598317;2530;30.005798516800443;2530;582.36350450382031;2530;4.45509201330607;2530;4.588152714621418
2540;150.85909604174932;2540;0;2540;0.18311105685598317;2540;30.005798516800443;2540;582.3239615291709;2540;4.45265053254799;2540;4.5820490127262188
2550;150.88351084933012;2550;0;2550;0.18311105685598317;2550;30.018005920590841;2550;582.28441855452138;2550;4.45020905178991;2550;4.5811334574419389
2560;150.88351084933012;2560;0;2560;0.20752586443678089;2560;29.932554094058045;2560;582.24487557987209;2560;4.4477675710318305;2560;4.5750297555467387
2570;150.84688863795893;2570;0;2570;0.20752586443678089;2570;29.993591113010044;2570;582.28441855452138;2570;4.4450209051789908;2570;4.5738090151676989
2580;150.85909604174932;2580;0;2580;0.18311105685598317;2580;30.042420728171638;2580;582.28441855452138;2580;4.4425794244209111;2580;4.5719779045991391
2590;150.94454786828211;2590;0;2590;0.17090365306558428;2590;30.079042939542834;2590;582.28441855452138;2590;4.4401379436628314;2590;4.56648457289346
2600;150.96896267586291;2600;0;2600;0.17090365306558428;2600;30.066835535752436;2600;582.36350450382031;2600;4.4376964629047517;2600;4.56740012817774
2610;150.81026642658773;2610;0;2610;0.18311105685598317;2610;29.944761497848443;2610;582.36350450382031;2610;4.435254982146672;2610;4.56099124118778
2620;150.85909604174932;2620;0;2620;0.18311105685598317;2620;30.03021332438124;2620;582.36350450382031;2620;4.4325083162938324;2620;4.56099124118778
2630;150.84688863795893;2630;0;2630;0.17090365306558428;2630;30.005798516800443;2630;582.28441855452138;2630;4.4300668355357526;2630;4.5530564287240214
2640;150.98117007965331;2640;0;2640;0.18311105685598317;2640;29.944761497848443;2640;582.28441855452138;2640;4.4276253547776729;2640;4.5548875392925812
2650;150.96896267586291;2650;0;2650;0.18311105685598317;2650;29.932554094058045;2650;582.3239615291709;2650;4.4251838740195932;2650;4.5496993926816618
2660;150.92013306070132;2660;0;2660;0.17090365306558428;2660;29.895931882686849;2660;582.28441855452138;2660;4.4227423932615126;2660;4.5496993926816618
2670;150.92013306070132;2670;0;2670;0.18311105685598317;2670;29.932554094058045;2670;582.3239615291709;2670;4.419995727408673;2670;4.5469527268288221
2680;150.84688863795893;2680;0;2680;0.18311105685598317;2680;29.981383709219646;2680;582.36350450382031;2680;4.4175542466505933;2680;4.5426801355021826
2690;150.93234046449172;2690;0;2690;0.18311105685598317;2690;30.042420728171638;2690;582.36350450382031;2690;4.4151127658925136;2690;4.5414593951231428
2700;150.96896267586291;2700;0;2700;0.20752586443678089;2700;30.091250343333233;2700;582.28441855452138;2700;4.4126712851344339;2700;4.5356608783227026
2710;150.93234046449172;2710;0;2710;0.21973326822717978;2710;30.091250343333233;2710;582.3239615291709;2710;4.4102298043763541;2710;4.5371868037965024
2720;150.81026642658773;2720;0;2720;0.20752586443678089;2720;30.042420728171638;2720;582.3239615291709;2720;4.4074831385235145;2720;4.5307779168065432
2730;150.88351084933012;2730;0.012207403790398877;2730;0.20752586443678089;2730;30.188909573656424;2730;582.3239615291709;2730;4.4050416577654348;2730;4.5313882869960631
2740;150.96896267586291;2740;0.012207403790398877;2740;0.20752586443678089;2740;30.176702169866026;2740;582.28441855452138;2740;4.4026001770073551;2740;4.5234534745323041
2750;151.0910367137669;2750;0;2750;0.20752586443678089;2750;29.944761497848443;2750;582.28441855452138;2750;4.4001586962492754;2750;4.524369029816584
2760;151.0299996948149;2760;0;2760;0.18311105685598317;2760;29.908139286477248;2760;582.28441855452138;2760;4.3977172154911957;2760;4.5197912533951836
2770;150.98117007965331;2770;0;2770;0.20752586443678089;2770;29.96917630542924;2770;582.28441855452138;2770;4.3952757347331159;2770;4.5197912533951836
2780;150.94454786828211;2780;0.012207403790398877;2780;0.20752586443678089;2780;29.981383709219646;2780;582.3239615291709;2780;4.3925290688802763;2780;4.5176549577318639
2790;150.94454786828211;2790;0;2790;0.20752586443678089;2790;30.03021332438124;2790;582.3239615291709;2790;4.3900875881221966;2790;4.5124668111209445
2800;150.94454786828211;2800;0;2800;0.20752586443678089;2800;30.018005920590841;2800;582.28441855452138;2800;4.3876461073641169;2800;4.5124668111209445
2810;150.81026642658773;2810;0;2810;0.17090365306558428;2810;29.895931882686849;2810;582.24487557987209;2810;4.3852046266060372;2810;4.5057527390362253
2820;150.85909604174932;2820;0;2820;0.18311105685598317;2820;29.981383709219646;2820;582.28441855452138;2820;4.3827631458479566;2820;4.5069734794152652
2830;150.94454786828211;2830;0;2830;0.21973326822717978;2830;29.993591113010044;2830;582.3239615291709;2830;4.3800164799951169;2830;4.499649037141026
2840;150.94454786828211;2840;0;2840;0.23194067201757868;2840;29.944761497848443;2840;582.36350450382031;2840;4.3775749992370372;2840;4.5014801477095858
2850;150.87130344553972;2850;0;2850;0.21973326822717978;2850;29.981383709219646;2850;582.36350450382031;2850;4.3751335184789575;2850;4.4956816309091465
2860;150.96896267586291;2860;0;2860;0.20752586443678089;2860;30.018005920590841;2860;582.3239615291709;2860;4.3726920377208778;2860;4.4962920010986664
2870;150.88351084933012;2870;0;2870;0.20752586443678089;2870;30.042420728171638;2870;582.3239615291709;2870;4.3702505569627981;2870;4.4911038544877471
2880;150.87130344553972;2880;0;2880;0.20752586443678089;2880;29.993591113010044;2880;582.3239615291709;2880;4.3675038911099584;2880;4.4895779290139473
2890;150.95675527207251;2890;0;2890;0.20752586443678089;2890;29.993591113010044;2890;582.36350450382031;2890;4.3650624103518778;2890;4.4874416333506275
2900;150.90792565691092;2900;0;2900;0.18311105685598317;2900;29.981383709219646;2900;582.3239615291709;2900;4.3626209295937981;2900;4.483474227118748
2910;150.90792565691092;2910;0;2910;0.18311105685598317;2910;30.005798516800443;2910;582.3239615291709;2910;4.3601794488357184;2910;4.4840845973082679
2920;150.92013306070132;2920;0;2920;0.20752586443678089;2920;29.96917630542924;2920;582.3239615291709;2920;4.3577379680776387;2920;4.4785912656025877
2930;150.96896267586291;2930;0;2930;0.20752586443678089;2930;29.88372447889645;2930;582.36350450382031;2930;4.354991302224799;2930;4.4795068208868676
2940;150.88351084933012;2940;0.012207403790398877;2940;0.20752586443678089;2940;29.96917630542924;2940;582.44259045311912;2940;4.3525498214667193;2940;4.4712668233283486
2950;151.0422070986053;2950;0;2950;0.20752586443678089;2950;29.920346690267646;2950;582.3239615291709;2950;4.35010834070864;2950;4.4727927488021484
2960;151.01779229102451;2960;0;2960;0.20752586443678089;2960;29.859309671315653;2960;582.24487557987209;2960;4.34766685995056;2960;4.4666890469069491
2970;150.90792565691092;2970;0;2970;0.18311105685598317;2970;29.944761497848443;2970;582.3239615291709;2970;4.34522537919248;2970;4.4666890469069491
2980;150.93234046449172;2980;0.012207403790398877;2980;0.17090365306558428;2980;29.981383709219646;2980;582.3239615291709;2980;4.3427838984344005;2980;4.4645527512436294
2990;150.96896267586291;2990;0;2990;0.15869624927518539;2990;30.005798516800443;2990;582.28441855452138;2990;4.3400372325815608;2990;4.4627216406750687
3000;150.93234046449172;3000;0;3000;0.18311105685598317;3000;30.03021332438124;3000;582.28441855452138;3000;4.3375957518234811;3000;4.4618060853907888
3010;150.96896267586291;3010;0;3010;0.17090365306558428;3010;30.103457747123631;3010;582.28441855452138;3010;4.3351542710654014;3010;4.45478682821131
3020;150.96896267586291;3020;0;3020;0.17090365306558428;3020;30.018005920590841;3020;582.3239615291709;3020;4.3327127903073217;3020;4.45539719840083
3030;150.78585161900693;3030;0;3030;0.15869624927518539;3030;29.810480056154059;3030;582.28441855452138;3030;4.330271309549242;3030;4.44868312631611
3040;150.87130344553972;3040;0;3040;0.15869624927518539;3040;29.944761497848443;3040;582.28441855452138;3040;4.3275246436964023;3040;4.45204016235847
3050;150.85909604174932;3050;0;3050;0.18311105685598317;3050;30.103457747123631;3050;582.36350450382031;3050;4.3250831629383217;3050;4.4459364604632707
3060;150.92013306070132;3060;0;3060;0.17090365306558428;3060;30.005798516800443;3060;582.3239615291709;3060;4.322641682180242;3060;4.4462416455580307
3070;150.94454786828211;3070;0;3070;0.20752586443678089;3070;29.96917630542924;3070;582.28441855452138;3070;4.3202002014221623;3070;4.4401379436628314
3080;150.85909604174932;3080;0;3080;0.20752586443678089;3080;29.96917630542924;3080;582.3239615291709;3080;4.3177587206640826;3080;4.4386120181890316
3090;150.85909604174932;3090;0;3090;0.18311105685598317;3090;29.981383709219646;3090;582.36350450382031;3090;4.3150120548112429;3090;4.4364757225257119
3100;150.90792565691092;3100;0;3100;0.20752586443678089;3100;30.042420728171638;3100;582.3239615291709;3100;4.3125705740531632;3100;4.4328135013885923
3110;150.83468123416853;3110;0.012207403790398877;3110;0.21973326822717978;3110;29.981383709219646;3110;582.36350450382031;3110;4.3101290932950835;3110;4.4340342417676322
3120;150.76143681142614;3120;0;3120;0.18311105685598317;3120;29.96917630542924;3120;582.36350450382031;3120;4.3076876125370038;3120;4.427320169682913
3130;150.88351084933012;3130;0;3130;0.18311105685598317;3130;29.993591113010044;3130;582.28441855452138;3130;4.3052461317789241;3130;4.4276253547776729
3140;150.83468123416853;3140;0;3140;0.18311105685598317;3140;30.018005920590841;3140;582.28441855452138;3140;4.3024994659260845;3140;4.419995727408673
3150;150.94454786828211;3150;0;3150;0.17090365306558428;3150;30.091250343333233;3150;582.28441855452138;3150;4.3000579851680047;3150;4.4227423932615126
3160;150.93234046449172;3160;0;3160;0.18311105685598317;3160;29.993591113010044;3160;582.3239615291709;3160;4.297616504409925;3160;4.4166386913663134
3170;150.84688863795893;3170;0;3170;0.18311105685598317;3170;29.908139286477248;3170;582.3239615291709;3170;4.2951750236518453;3170;4.4166386913663134
3180;150.83468123416853;3180;0;3180;0.18311105685598317;3180;30.079042939542834;3180;582.28441855452138;3180;4.2927335428937656;3180;4.4138920255134737
3190;150.82247383037813;3190;0;3190;0.18311105685598317;3190;30.103457747123631;3190;582.24487557987209;3190;4.289986877040926;3190;4.4105349894711141
3200;150.82247383037813;3200;0;3200;0.18311105685598317;3200;29.932554094058045;3200;582.3239615291709;3200;4.2875453962828463;3200;4.4096194341868342
3210;150.92013306070132;3210;0;3210;0.20752586443678089;3210;30.018005920590841;3210;582.28441855452138;3210;4.2851039155247657;3210;4.403515732291635
3220;151.0666219061861;3220;0;3220;0.20752586443678089;3220;30.042420728171638;3220;582.3239615291709;3220;4.282662434766686;3220;4.4047364726706748
3230;151.00558488723411;3230;0.012207403790398877;3230;0.20752586443678089;3230;29.981383709219646;3230;582.3239615291709;3230;4.2802209540086062;3230;4.3977172154911957
3240;150.95675527207251;3240;0;3240;0.23194067201757868;3240;29.920346690267646;3240;582.3239615291709;3240;4.2777794732505265;3240;4.3998535111545154
3250;150.88351084933012;3250;0;3250;0.23194067201757868;3250;29.908139286477248;3250;582.3239615291709;3250;4.2750328073976869;3250;4.3928342539750362
3260;151.00558488723411;3260;0;3260;0.20752586443678089;3260;29.981383709219646;3260;582.28441855452138;3260;4.2725913266396072;3260;4.3943601794488361
3270;150.95675527207251;3270;0;3270;0.20752586443678089;3270;30.091250343333233;3270;582.28441855452138;3270;4.2701498458815275;3270;4.3885616626483968
3280;150.81026642658773;3280;0;3280;0.21973326822717978;3280;30.11566515091403;3280;582.28441855452138;3280;4.2677083651234478;3280;4.386730552079837
3290;150.82247383037813;3290;0;3290;0.21973326822717978;3290;30.03021332438124;3290;582.3239615291709;3290;4.2652668843653672;3290;4.3848994415112772
3300;150.94454786828211;3300;0;3300;0.20752586443678089;3300;30.042420728171638;3300;582.3239615291709;3300;4.2625202185125275;3300;4.3821527756584366
3310;150.96896267586291;3310;0;3310;0.18311105685598317;3310;30.005798516800443;3310;582.3239615291709;3310;4.2600787377544478;3310;4.3827631458479566
3320;150.85909604174932;3320;0;3320;0.20752586443678089;3320;29.932554094058045;3320;582.28441855452138;3320;4.2576372569963681;3320;4.3751335184789575
3330;150.90792565691092;3330;0;3330;0.21973326822717978;3330;29.920346690267646;3330;582.3239615291709;3330;4.2551957762382884;3330;4.3763542588579973
3340;150.81026642658773;3340;0;3340;0.18311105685598317;3340;29.920346690267646;3340;582.3239615291709;3340;4.2527542954802087;3340;4.3671987060151984
3350;150.85909604174932;3350;0;3350;0.18311105685598317;3350;29.981383709219646;3350;582.28441855452138;3350;4.250007629627369;3350;4.3699453718680381
3360;150.87130344553972;3360;0;3360;0.20752586443678089;3360;29.932554094058045;3360;582.28441855452138;3360;4.2475661488692893;3360;4.3653675954466387
3370;150.85909604174932;3370;0;3370;0.20752586443678089;3370;29.96917630542924;3370;582.28441855452138;3370;4.24512466811121;3370;4.3671987060151984
3380;150.87130344553972;3380;0;3380;0.20752586443678089;3380;30.005798516800443;3380;582.3239615291709;3380;4.24268318735313;3380;4.363536484878078
3390;150.90792565691092;3390;0;3390;0.18311105685598317;3390;29.920346690267646;3390;582.3239615291709;3390;4.24024170659505;3390;4.3589587084566785
3400;150.95675527207251;3400;0;3400;0.18311105685598317;3400;29.932554094058045;3400;582.3239615291709;3400;4.2374950407422105;3400;4.3577379680776387
3410;150.93234046449172;3410;0;3410;0.18311105685598317;3410;29.993591113010044;3410;582.3239615291709;3410;4.2350535599841308;3410;4.3525498214667193
3420;151.0544145023957;3420;0;3420;0.18311105685598317;3420;30.005798516800443;3420;582.3239615291709;3420;4.2326120792260511;3420;4.354991302224799
3430;150.98117007965331;3430;0;3430;0.18311105685598317;3430;30.03021332438124;3430;582.3239615291709;3430;4.2301705984679714;3430;4.34858241523484
3440;150.95675527207251;3440;0;3440;0.18311105685598317;3440;30.03021332438124;3440;582.3239615291709;3440;4.2277291177098908;3440;4.34919278542436
3450;150.90792565691092;3450;0;3450;0.20752586443678089;3450;29.96917630542924;3450;582.3239615291709;3450;4.2249824518570511;3450;4.3403424176763208
3460;151.00558488723411;3460;0;3460;0.18311105685598317;3460;29.895931882686849;3460;582.3239615291709;3460;4.2225409710989714;3460;4.3421735282448806
3470;150.95675527207251;3470;0;3470;0.17090365306558428;3470;29.88372447889645;3470;582.36350450382031;3470;4.2200994903408917;3470;4.338206122013001
3480;150.87130344553972;3480;0;3480;0.18311105685598317;3480;29.908139286477248;3480;582.36350450382031;3480;4.217658009582812;3480;4.338816492202521
3490;150.94454786828211;3490;0;3490;0.18311105685598317;3490;29.920346690267646;3490;582.3239615291709;3490;4.2152165288247323;3490;4.3369853816339612
3500;150.88351084933012;3500;0;3500;0.18311105685598317;3500;29.932554094058045;3500;582.3239615291709;3500;4.2127750480666526;3500;4.3321024201178018
3510;150.93234046449172;3510;0;3510;0.20752586443678089;3510;29.932554094058045;3510;582.3239615291709;3510;4.2100283822138129;3510;4.3321024201178018
3520;150.90792565691092;3520;0;3520;0.18311105685598317;3520;29.932554094058045;3520;582.28441855452138;3520;4.2075869014557323;3520;4.3238624225592819
3530;150.87130344553972;3530;0;3530;0.17090365306558428;3530;29.993591113010044;3530;582.3239615291709;3530;4.2051454206976526;3530;4.3250831629383217
3540;150.74922940763574;3540;0;3540;0.18311105685598317;3540;29.895931882686849;3540;582.3239615291709;3540;4.2027039399395729;3540;4.3192846461378824
3550;150.90792565691092;3550;0;3550;0.20752586443678089;3550;29.944761497848443;3550;582.24487557987209;3550;4.2002624591814932;3550;4.323252052369762
3560;150.92013306070132;3560;0;3560;0.21973326822717978;3560;30.152287362285225;3560;582.28441855452138;3560;4.1975157933286535;3560;4.3171483504745627
3570;150.81026642658773;3570;0;3570;0.21973326822717978;3570;30.042420728171638;3570;582.3239615291709;3570;4.1950743125705738;3570;4.3156224250007629
3580;150.84688863795893;3580;0;3580;0.20752586443678089;3580;30.005798516800443;3580;582.40304747846972;3580;4.1926328318124941;3580;4.3122653889584033
3590;150.88351084933012;3590;0;3590;0.18311105685598317;3590;30.005798516800443;3590;582.40304747846972;3590;4.1901913510544144;3590;4.3098239082003236
3600;150.90792565691092;3600;0;3600;0.21973326822717978;3600;29.932554094058045;3600;582.36350450382031;3600;4.1877498702963347;3600;4.3095187231055636
3610;150.93234046449172;3610;0.012207403790398877;3610;0.21973326822717978;3610;29.932554094058045;3610;582.3239615291709;3610;4.1850032044434951;3610;4.3043305764946442
3620;151.0299996948149;3620;0;3620;0.18311105685598317;3620;29.932554094058045;3620;582.3239615291709;3620;4.1825617236854153;3620;4.3058565019684441
3630;150.98117007965331;3630;0;3630;0.18311105685598317;3630;30.066835535752436;3630;582.3239615291709;3630;4.1801202429273356;3630;4.2988372447889649
3640;150.93234046449172;3640;0;3640;0.18311105685598317;3640;30.066835535752436;3640;582.28441855452138;3640;4.1776787621692559;3640;4.2997528000732448
3650;150.74922940763574;3650;0;3650;0.21973326822717978;3650;29.920346690267646;3650;582.3239615291709;3650;4.1752372814111762;3650;4.2915128025147258
3660;150.85909604174932;3660;0;3660;0.21973326822717978;3660;29.96917630542924;3660;582.40304747846972;3660;4.1724906155583366;3660;4.2933439130832856
3670;150.94454786828211;3670;0;3670;0.20752586443678089;3670;30.018005920590841;3670;582.36350450382031;3670;4.1700491348002569;3670;4.289986877040926
3680;150.98117007965331;3680;0.012207403790398877;3680;0.18311105685598317;3680;29.981383709219646;3680;582.3239615291709;3680;4.1676076540421763;3680;4.289986877040926
3690;151.01779229102451;3690;0;3690;0.21973326822717978;3690;30.018005920590841;3690;582.3239615291709;3690;4.1651661732840966;3690;4.2881557664723662
3700;150.90792565691092;3700;0;3700;0.23194067201757868;3700;29.993591113010044;3700;582.28441855452138;3700;4.1627246925260168;3700;4.282662434766686
3710;150.93234046449172;3710;0;3710;0.20752586443678089;3710;29.944761497848443;3710;582.3239615291709;3710;4.1599780266731772;3710;4.282357249671926
3720;150.90792565691092;3720;0;3720;0.20752586443678089;3720;29.920346690267646;3720;582.3239615291709;3720;4.1575365459150975;3720;4.2750328073976869
3730;150.96896267586291;3730;0;3730;0.21973326822717978;3730;29.920346690267646;3730;582.3239615291709;3730;4.1550950651570178;3730;4.2774742881557666
3740;150.92013306070132;3740;0;3740;0.20752586443678089;3740;29.96917630542924;3740;582.28441855452138;3740;4.1526535843989381;3740;4.2716757713553273
3750;150.93234046449172;3750;0;3750;0.20752586443678089;3750;30.03021332438124;3750;582.28441855452138;3750;4.1502121036408575;3750;4.274117252113407
3760;150.90792565691092;3760;0;3760;0.21973326822717978;3760;30.042420728171638;3760;582.3239615291709;3760;4.1477706228827778;3760;4.2674031800286869
3770;150.96896267586291;3770;0;3770;0.21973326822717978;3770;29.993591113010044;3770;582.28441855452138;3770;4.1450239570299381;3770;4.2658772545548871
3780;150.98117007965331;3780;0;3780;0.23194067201757868;3780;29.944761497848443;3780;582.28441855452138;3780;4.1425824762718584;3780;4.2619098483230076
3790;150.78585161900693;3790;0;3790;0.20752586443678089;3790;29.944761497848443;3790;582.3239615291709;3790;4.1401409955137787;3790;4.2603839228492077
3800;150.92013306070132;3800;0;3800;0.20752586443678089;3800;30.091250343333233;3800;582.3239615291709;3800;4.137699514755699;3800;4.2612994781334876
3810;151.01779229102451;3810;0;3810;0.20752586443678089;3810;30.005798516800443;3810;582.24487557987209;3810;4.1352580339976193;3810;4.2555009613330483
3820;150.95675527207251;3820;0.012207403790398877;3820;0.20752586443678089;3820;29.944761497848443;3820;582.3239615291709;3820;4.13251136814478;3820;4.2567217017120882
3830;150.87130344553972;3830;0;3830;0.20752586443678089;3830;30.042420728171638;3830;582.3239615291709;3830;4.1300698873867;3830;4.2475661488692893
3840;150.96896267586291;3840;0;3840;0.20752586443678089;3840;30.018005920590841;3840;582.28441855452138;3840;4.12762840662862;3840;4.2490920743430891
3850;150.93234046449172;3850;0;3850;0.21973326822717978;3850;29.920346690267646;3850;582.28441855452138;3850;4.1251869258705405;3850;4.24237800225837
3860;150.93234046449172;3860;0;3860;0.21973326822717978;3860;29.932554094058045;3860;582.3239615291709;3860;4.1227454451124608;3860;4.24451429792169
3870;150.93234046449172;3870;0;3870;0.23194067201757868;3870;29.981383709219646;3870;582.36350450382031;3870;4.1199987792596211;3870;4.23963133640553
3880;150.92013306070132;3880;0;3880;0.20752586443678089;3880;30.005798516800443;3880;582.28441855452138;3880;4.1175572985015414;3880;4.2374950407422105
3890;151.00558488723411;3890;0;3890;0.20752586443678089;3890;29.981383709219646;3890;582.3239615291709;3890;4.1151158177434617;3890;4.2356639301736507
3900;150.81026642658773;3900;0;3900;0.18311105685598317;3900;29.895931882686849;3900;582.3239615291709;3900;4.112674336985382;3900;4.2313913388470112
3910;150.82247383037813;3910;0;3910;0.20752586443678089;3910;29.908139286477248;3910;582.36350450382031;3910;4.1102328562273014;3910;4.2323068941312911
3920;150.87130344553972;3920;0;3920;0.21973326822717978;3920;30.018005920590841;3920;582.3239615291709;3920;4.1074861903744617;3920;4.2255928220465711
3930;150.93234046449172;3930;0;3930;0.20752586443678089;3930;29.993591113010044;3930;582.36350450382031;3930;4.105044709616382;3930;4.2283394878994107
3940;150.87130344553972;3940;0;3940;0.21973326822717978;3940;29.96917630542924;3940;582.36350450382031;3940;4.1026032288583023;3940;4.2207098605304116
3950;150.88351084933012;3950;0;3950;0.21973326822717978;3950;30.042420728171638;3950;582.40304747846972;3950;4.1001617481002226;3950;4.2210150456251716
3960;150.90792565691092;3960;0;3960;0.20752586443678089;3960;29.993591113010044;3960;582.40304747846972;3960;4.0977202673421429;3960;4.2146061586352124
3970;150.85909604174932;3970;0;3970;0.18311105685598317;3970;29.88372447889645;3970;582.36350450382031;3970;4.0949736014893032;3970;4.2155217139194923
3980;150.90792565691092;3980;0;3980;0.18311105685598317;3980;29.944761497848443;3980;582.36350450382031;3980;4.0925321207312235;3980;4.2127750480666526
3990;150.94454786828211;3990;0;3990;0.20752586443678089;3990;29.944761497848443;3990;582.3239615291709;3990;4.0900906399731438;3990;4.2106387524033329
4000;150.93234046449172;4000;0;4000;0.21973326822717978;4000;29.920346690267646;4000;582.36350450382031;4000;4.0876491592150641;4000;4.2103335673085729
4010;150.92013306070132;4010;0;4010;0.21973326822717978;4010;29.88372447889645;4010;582.36350450382031;4010;4.0852076784569844;4010;4.2030091250343329
4020;150.93234046449172;4020;0;4020;0.21973326822717978;4020;29.88372447889645;4020;582.36350450382031;4020;4.0827661976989047;4020;4.2042298654133727
4030;150.84688863795893;4030;0;4030;0.21973326822717978;4030;29.920346690267646;4030;582.36350450382031;4030;4.080019531846065;4030;4.1966002380443737
4040;150.95675527207251;4040;0;4040;0.21973326822717978;4040;29.859309671315653;4040;582.3239615291709;4040;4.0775780510879853;4040;4.1993469038972133
4050;150.85909604174932;4050;0;4050;0.20752586443678089;4050;29.847102267525255;4050;582.3239615291709;4050;4.0751365703299056;4050;4.1920224616229742
4060;150.94454786828211;4060;0;4060;0.18311105685598317;4060;29.981383709219646;4060;582.40304747846972;4060;4.0726950895718259;4060;4.1932432020020141
4070;150.87130344553972;4070;0;4070;0.18311105685598317;4070;29.908139286477248;4070;582.40304747846972;4070;4.0702536088137453;4070;4.1895809808648945
4080;150.82247383037813;4080;0;4080;0.20752586443678089;4080;29.810480056154059;4080;582.36350450382031;4080;4.0675069429609056;4080;4.1880550553910947
4090;150.95675527207251;4090;0;4090;0.20752586443678089;4090;29.920346690267646;4090;582.36350450382031;4090;4.0650654622028259;4090;4.1859187597277749
4100;150.90792565691092;4100;0;4100;0.15869624927518539;4100;29.932554094058045;4100;582.3239615291709;4100;4.0626239814447462;4100;4.1810357982116155
4110;150.87130344553972;4110;0;4110;0.18311105685598317;4110;30.005798516800443;4110;582.3239615291709;4110;4.0601825006866665;4110;4.1825617236854153
4120;150.88351084933012;4120;0;4120;0.20752586443678089;4120;29.981383709219646;4120;582.3239615291709;4120;4.0577410199285868;4120;4.1755424665059362
4130;150.94454786828211;4130;0;4130;0.21973326822717978;4130;29.944761497848443;4130;582.3239615291709;4130;4.0549943540757472;4130;4.177068391979736
4140;150.95675527207251;4140;0;4140;0.24414807580797754;4140;30.042420728171638;4140;582.28441855452138;4140;4.0525528733176666;4140;4.1691335795159761
4150;151.0422070986053;4150;0;4150;0.24414807580797754;4150;30.042420728171638;4150;582.28441855452138;4150;4.0501113925595869;4150;4.1718802453688166
4160;150.83468123416853;4160;0;4160;0.24414807580797754;4160;29.932554094058045;4160;582.3239615291709;4160;4.0476699118015071;4160;4.1654713583788565
4170;150.87130344553972;4170;0;4170;0.24414807580797754;4170;29.944761497848443;4170;582.28441855452138;4170;4.0452284310434274;4170;4.1660817285683764
4180;150.95675527207251;4180;0.012207403790398877;4180;0.24414807580797754;4180;29.96917630542924;4180;582.3239615291709;4180;4.0424817651905878;4180;4.1636402478102967
4190;150.84688863795893;4190;0;4190;0.24414807580797754;4190;29.96917630542924;4190;582.36350450382031;4190;4.0400402844325081;4190;4.1602832117679371
4200;150.87130344553972;4200;0;4200;0.24414807580797754;4200;30.103457747123631;4200;582.3239615291709;4200;4.0375988036744284;4200;4.1599780266731772
4210;150.88351084933012;4210;0;4210;0.21973326822717978;4210;30.091250343333233;4210;582.3239615291709;4210;4.0351573229163487;4210;4.153263954588458
4220;150.90792565691092;4220;0;4220;0.23194067201757868;4220;29.981383709219646;4220;582.40304747846972;4220;4.0327158421582689;4220;4.1541795098727379
4230;150.78585161900693;4230;0;4230;0.24414807580797754;4230;29.944761497848443;4230;582.36350450382031;4230;4.0302743614001892;4230;4.1471602526932578
4240;150.85909604174932;4240;0;4240;0.24414807580797754;4240;29.895931882686849;4240;582.36350450382031;4240;4.02752769554735;4240;4.1502121036408575
4250;150.82247383037813;4250;0;4250;0.23194067201757868;4250;29.932554094058045;4250;582.3239615291709;4250;4.02508621478927;4250;4.1425824762718584
4260;150.87130344553972;4260;0;4260;0.23194067201757868;4260;29.981383709219646;4260;582.3239615291709;4260;4.02264473403119;4260;4.1428876613666183
4270;150.96896267586291;4270;0;4270;0.23194067201757868;4270;29.944761497848443;4270;582.3239615291709;4270;4.0202032532731105;4270;4.1380046998504589
4280;150.93234046449172;4280;0.012207403790398877;4280;0.21973326822717978;4280;30.042420728171638;4280;582.3239615291709;4280;4.0177617725150307;4280;4.137394329660939
4290;150.84688863795893;4290;0;4290;0.24414807580797754;4290;30.066835535752436;4290;582.36350450382031;4290;4.0150151066621911;4290;4.137089144566179
4300;150.83468123416853;4300;0;4300;0.2563554795983764;4300;29.981383709219646;4300;582.28441855452138;4300;4.0125736259041105;4300;4.1337321085238194
4310;150.92013306070132;4310;0;4310;0.26856288338877532;4310;29.932554094058045;4310;582.28441855452138;4310;4.0101321451460308;4310;4.1343424787133394
4320;150.83468123416853;4320;0;4320;0.23194067201757868;4320;29.981383709219646;4320;582.3239615291709;4320;4.0076906643879511;4320;4.12579729606006
4330;150.98117007965331;4330;0;4330;0.20752586443678089;4330;29.981383709219646;4330;582.36350450382031;4330;4.0052491836298714;4330;4.12793359172338
4340;150.94454786828211;4340;0;4340;0.21973326822717978;4340;29.981383709219646;4340;582.36350450382031;4340;4.0025025177770317;4340;4.1199987792596211
4350;150.85909604174932;4350;0;4350;0.24414807580797754;4350;29.993591113010044;4350;582.3239615291709;4350;4.000061037018952;4350;4.1224402600177008
4360;150.84688863795893;4360;0;4360;0.31739249855037077;4360;29.847102267525255;4360;582.3239615291709;4360;3.9976195562608723;4360;4.1163365581225015
4370;150.83468123416853;4370;0;4370;0.31739249855037077;4370;29.895931882686849;4370;582.36350450382031;4370;3.9951780755027926;4370;4.1157261879329816
4380;150.84688863795893;4380;0;4380;0.26856288338877532;4380;29.920346690267646;4380;582.40304747846972;4380;3.9927365947447124;4380;4.1129795220801419
4390;150.84688863795893;4390;0;4390;0.28077028717917418;4390;29.822687459944458;4390;582.3239615291709;4390;3.9899899288918728;4390;4.1102328562273014
4400;150.77364421521654;4400;0;4400;0.30518509475997191;4400;29.847102267525255;4400;582.28441855452138;4400;3.9875484481337931;4400;4.1096224860377815
4410;150.76143681142614;4410;0;4410;0.24414807580797754;4410;29.944761497848443;4410;582.20533260522268;4410;3.9851069673757133;4410;4.1044343394268621
4420;150.96896267586291;4420;0;4420;0.2563554795983764;4420;29.908139286477248;4420;582.24487557987209;4420;3.9826654866176336;4420;4.1056550798059019
4430;150.85909604174932;4430;0;4430;0.28077028717917418;4430;29.822687459944458;4430;582.28441855452138;4430;3.9802240058595539;4430;4.097109897152623
4440;150.83468123416853;4440;0;4440;0.30518509475997191;4440;29.88372447889645;4440;582.28441855452138;4440;3.9774773400067143;4440;4.1004669331949826
4450;150.95675527207251;4450;0;4450;0.28077028717917418;4450;29.920346690267646;4450;582.28441855452138;4450;3.9750358592486346;4450;4.0943632312997833
4460;150.98117007965331;4460;0;4460;0.24414807580797754;4460;29.981383709219646;4460;582.28441855452138;4460;3.9725943784905544;4460;4.0949736014893032
4470;150.82247383037813;4470;0;4470;0.26856288338877532;4470;29.96917630542924;4470;582.36350450382031;4470;3.9701528977324747;4470;4.0897854548783839
4480;150.83468123416853;4480;0;4480;0.2563554795983764;4480;29.932554094058045;4480;582.40304747846972;4480;3.967711416974395;4480;4.0879543443098241
4490;150.94454786828211;4490;0;4490;0.28077028717917418;4490;29.944761497848443;4490;582.40304747846972;4490;3.9652699362163153;4490;4.0864284188360243
4500;150.93234046449172;4500;0;4500;0.26856288338877532;4500;29.944761497848443;4500;582.3239615291709;4500;3.9625232703634756;4500;4.0818506424146248
4510;151.01779229102451;4510;0.012207403790398877;4510;0.28077028717917418;4510;30.042420728171638;4510;582.3239615291709;4510;3.9600817896053959;4510;4.0830713827936647
4520;150.85909604174932;4520;0;4520;0.31739249855037077;4520;29.944761497848443;4520;582.3239615291709;4520;3.9576403088473162;4520;4.0763573107089455
4530;150.78585161900693;4530;0;4530;0.31739249855037077;4530;29.847102267525255;4530;582.28441855452138;4530;3.9551988280892365;4530;4.0794091616565451
4540;150.77364421521654;4540;0;4540;0.28077028717917418;4540;29.847102267525255;4540;582.28441855452138;4540;3.9527573473311559;4540;4.0702536088137453
4550;150.81026642658773;4550;0;4550;0.31739249855037077;4550;29.895931882686849;4550;582.36350450382031;4550;3.9500106814783162;4550;4.0711691640980252
4560;150.82247383037813;4560;0;4560;0.28077028717917418;4560;29.859309671315653;4560;582.40304747846972;4560;3.9475692007202365;4560;4.0662862025818658
4570;150.84688863795893;4570;0;4570;0.23194067201757868;4570;29.810480056154059;4570;582.36350450382031;4570;3.9451277199621568;4570;4.0678121280556656
4580;150.81026642658773;4580;0;4580;0.24414807580797754;4580;29.96917630542924;4580;582.36350450382031;4580;3.9426862392040771;4580;4.064455092013306
4590;150.90792565691092;4590;0;4590;0.26856288338877532;4590;30.005798516800443;4590;582.3239615291709;4590;3.9402447584459974;4590;4.0604876857814265
4600;150.98117007965331;4600;0;4600;0.32959990234076969;4600;29.96917630542924;4600;582.36350450382031;4600;3.9374980925931578;4600;4.0601825006866665
4610;150.85909604174932;4610;0;4610;0.35401470992156742;4610;29.993591113010044;4610;582.3239615291709;4610;3.9350566118350776;4610;4.0546891689809872
4620;150.85909604174932;4620;0;4620;0.34180730613116855;4620;29.96917630542924;4620;582.36350450382031;4620;3.9326151310769979;4620;4.0568254646443069
4630;150.68819238868375;4630;0;4630;0.34180730613116855;4630;29.847102267525255;4630;582.36350450382031;4630;3.9301736503189182;4630;4.0482802819910271
4640;150.78585161900693;4640;0;4640;0.3784295175023652;4640;29.810480056154059;4640;582.36350450382031;4640;3.9277321695608385;4640;4.0504165776543468
4650;150.84688863795893;4650;0;4650;0.3784295175023652;4650;29.944761497848443;4650;582.3239615291709;4650;3.9249855037079988;4650;4.0427869502853477
4660;150.84688863795893;4660;0;4660;0.3784295175023652;4660;30.03021332438124;4660;582.3239615291709;4660;3.9225440229499191;4660;4.0440076906643876
4670;150.87130344553972;4670;0;4670;0.42725913266396071;4670;29.993591113010044;4670;582.3239615291709;4670;3.9201025421918394;4670;4.0400402844325081
4680;150.81026642658773;4680;0;4680;0.42725913266396071;4680;29.993591113010044;4680;582.28441855452138;4680;3.9176610614337597;4680;4.0394299142429881
4690;150.82247383037813;4690;0;4690;0.45167394024475843;4690;30.03021332438124;4690;582.24487557987209;4690;3.9152195806756795;4690;4.0382091738639483
4700;150.84688863795893;4700;0;4700;0.47608874782555621;4700;29.908139286477248;4700;582.24487557987209;4700;3.91247291482284;4700;4.0336313974425488
4710;150.92013306070132;4710;0;4710;0.43946653645435957;4710;29.944761497848443;4710;582.3239615291709;4710;3.91003143406476;4710;4.0345469527268287
4720;150.90792565691092;4720;0;4720;0.46388134403515735;4720;30.03021332438124;4720;582.3239615291709;4720;3.9075899533066805;4720;4.02600177007355
4730;150.87130344553972;4730;0;4730;0.5493331705679495;4730;30.03021332438124;4730;582.28441855452138;4730;3.9051484725486008;4730;4.0287484359263894
4740;150.68819238868375;4740;0;4740;0.47608874782555621;4740;30.079042939542834;4740;582.28441855452138;4740;3.9027069917905211;4740;4.02111880855739
4750;150.73702200384534;4750;0;4750;0.47608874782555621;4750;30.066835535752436;4750;582.28441855452138;4750;3.9002655110324413;4750;4.02264473403119
4760;150.72481460005494;4760;0.012207403790398877;4760;0.61037018951994382;4760;30.042420728171638;4760;582.24487557987209;4760;3.8975188451796017;4760;4.0174565874202708
4770;150.84688863795893;4770;0.012207403790398877;4770;0.64699240089114041;4770;29.920346690267646;4770;582.28441855452138;4770;3.8950773644215215;4770;4.0171514023255108
4780;150.78585161900693;4780;0;4780;0.74465163121433142;4780;29.859309671315653;4780;582.3239615291709;4780;3.8926358836634418;4780;4.0137943662831512
4790;150.68819238868375;4790;0;4790;0.76906643879512937;4790;29.798272652363661;4790;582.3239615291709;4790;3.8901944029053621;4790;4.0104373302407907
4800;150.66377758110295;4800;0;4800;0.81789605395672471;4800;29.834894863734856;4800;582.3239615291709;4800;3.8877529221472824;4800;4.0098269600512708
4810;150.45625171666617;4810;0;4810;0.90334788048951686;4810;29.908139286477248;4810;582.28441855452138;4810;3.8850062562944427;4810;4.0049439985351114
4820;150.55391094698936;4820;0;4820;1.0132145146031069;4820;29.993591113010044;4820;582.3239615291709;4820;3.882564775536363;4820;4.008301034577471
4830;150.40742210150458;4830;0;4830;1.0010071108127079;4830;30.079042939542834;4830;582.40304747846972;4830;3.8801232947782833;4830;4.0009765923032319
4840;150.56611835077976;4840;0;4840;1.0376293221839046;4840;30.018005920590841;4840;582.40304747846972;4840;3.8776818140202036;4840;4.0015869624927518
4850;150.62715536973175;4850;0.012207403790398877;4850;1.2695699942014831;4850;29.96917630542924;4850;582.3239615291709;4850;3.8752403332621235;4850;3.9933469649342324
4860;150.70039979247414;4860;0;4860;1.4038514358958709;4860;29.96917630542924;4860;582.3239615291709;4860;3.8724936674092838;4860;3.9951780755027926
4870;150.67598498489335;4870;0;4870;1.5381328775902587;4870;30.005798516800443;4870;582.36350450382031;4870;3.8700521866512041;4870;3.9912106692709126
4880;150.60274056215096;4880;0;4880;1.6968291268654438;4880;29.944761497848443;4880;582.36350450382031;4880;3.8676107058931244;4880;3.9906002990813927
4890;150.59053315836056;4890;0;4890;1.8677327799310282;4890;30.005798516800443;4890;582.3239615291709;4890;3.8651692251350447;4890;3.9884640034180729
4900;150.48066652424697;4900;0;4900;2.0264290292062137;4900;30.11566515091403;4900;582.28441855452138;4900;3.862727744376965;4900;3.9829706717123936
4910;150.50508133182777;4910;0.012207403790398877;4910;2.2217474898525955;4910;30.091250343333233;4910;582.28441855452138;4910;3.8599810785241253;4910;3.9835810419019135
4920;150.41962950529498;4920;0;4920;2.39265114291818;4920;30.201116977446823;4920;582.3239615291709;4920;3.8575395977660456;4920;3.9771721549119543
4930;150.57832575457016;4930;0;4930;2.4903103732413707;4930;30.359813226722004;4930;582.36350450382031;4930;3.855098117007965;4930;3.9805291909543139
4940;150.32197027497176;4940;0;4940;2.6490066225165565;4940;30.323191015350808;4940;582.3239615291709;4940;3.8526566362498853;4940;3.9735099337748343
4950;150.37079989013336;4950;0;4950;2.7710806604205449;4950;30.298776207770011;4950;582.3239615291709;4950;3.8502151554918056;4950;3.9747306741538746
4960;150.26093325601977;4960;0;4960;3.0518509475997191;4960;30.347605822931605;4960;582.3239615291709;4960;3.8474684896389659;4960;3.9671010467848751
4970;150.29755546739096;4970;0;4970;3.2471694082461013;4970;30.53071687978759;4970;582.28441855452138;4970;3.8450270088808862;4970;3.9661854915005952
4980;150.22431104464857;4980;0;4980;3.527939695425276;4980;30.72603534043397;4980;582.28441855452138;4980;3.8425855281228065;4980;3.9640491958372754
4990;150.114444410535;4990;0;4990;3.8087099826044497;4990;30.713827936643572;4990;582.28441855452138;4990;3.8401440473647268;4990;3.9628284554582356
5000;150.28534806360057;5000;0;5000;4.0528580584124274;5000;30.811487166966767;5000;582.3239615291709;5000;3.8377025666066467;5000;3.9634388256477555
5010;150.28534806360057;5010;0;5010;4.2237617114780113;5010;30.933561204870752;5010;582.28441855452138;5010;3.835261085848567;5010;3.9551988280892365
5020;150.35859248634296;5020;0;5020;4.4312875759147925;5020;31.019013031403546;5020;582.28441855452138;5020;3.8325144199957273;5020;3.9558091982787564
5030;150.19989623706778;5030;0;5030;4.7730948820459611;5030;31.153294473097937;5030;582.28441855452138;5030;3.8300729392376476;5030;3.9481795709097565
5040;150.26093325601977;5040;0.012207403790398877;5040;5.0294503616443373;5040;31.263161107211523;5040;582.3239615291709;5040;3.8276314584795679;5040;3.9515366069521161
5050;150.12665181432538;5050;0;5050;5.2491836298715162;5050;31.385235145115516;5050;582.36350450382031;5050;3.8251899777214882;5050;3.9460432752464367
5060;150.28534806360057;5060;0;5060;5.5299539170506913;5060;31.5439313943907;5060;582.28441855452138;5060;3.8227484969634085;5060;3.9472640156254766
5070;150.30976287118136;5070;0;5070;5.9205908383434558;5070;31.690420239875483;5070;582.3239615291709;5070;3.8200018311105688;5070;3.9417706839197972
5080;150.18768883327738;5080;0;5080;6.2135685293130276;5080;31.849116489150671;5080;582.3239615291709;5080;3.8175603503524886;5080;3.9387188329721976
5090;150.22431104464857;5090;0;5090;6.5309610278633992;5090;32.044434949797051;5090;582.3239615291709;5090;3.8151188695944089;5090;3.9371929074983978
5100;150.38300729392375;5100;0;5100;6.8361461226233713;5100;32.300790429395427;5100;582.24487557987209;5100;3.8126773888363292;5100;3.9335306863612778
5110;150.38300729392375;5110;0;5110;7.2145756401257364;5110;32.5571459089938;5110;582.28441855452138;5110;3.8102359080782495;5110;3.9353617969298376
5120;150.12665181432538;5120;0;5120;7.4953459273049114;5120;32.703634754478585;5120;582.3239615291709;5120;3.80748924222541;5120;3.9280373546555984
5130;150.28534806360057;5130;0;5130;7.6662495803704944;5130;32.898953215124969;5130;582.28441855452138;5130;3.80504776146733;5130;3.9301736503189182
5140;150.18768883327738;5140;0;5140;7.9958494827112645;5140;33.03323465681936;5140;582.24487557987209;5140;3.8026062807092504;5140;3.9210180974761193
5150;150.38300729392375;5150;0;5150;8.4231086153752255;5150;33.167516098513751;5150;582.24487557987209;5150;3.8001647999511707;5150;3.9228492080446791
5160;150.37079989013336;5160;0;5160;8.7527085177159947;5160;33.472701193273721;5160;582.24487557987209;5160;3.79772331919309;5160;3.9179662465285197
5170;150.40742210150458;5170;0;5170;9.0212714011047712;5170;33.814508499404887;5170;582.12624665592375;5170;3.7949766533402505;5170;3.9201025421918394
5180;150.38300729392375;5180;0;5180;9.4119083223975348;5180;34.095278786584068;5180;582.08670368127446;5180;3.7925351725821708;5180;3.9185766167180396
5190;150.35859248634296;5190;0;5190;9.7537156285287026;5190;34.290597247230451;5190;582.12624665592375;5190;3.7900936918240911;5190;3.9139988402966397
5200;150.51728873561817;5200;0;5200;10.205389568773462;5200;34.571367534409617;5200;582.20533260522268;5200;3.7876522110660114;5200;3.91308328501236
5210;150.41962950529498;5210;0;5210;10.473952452162235;5210;34.839930417798392;5210;582.08670368127446;5210;3.7852107303079316;5210;3.9063692129276406
5220;150.50508133182777;5220;0;5220;10.669270912808619;5220;35.035248878444776;5220;582.12624665592375;5220;3.782464064455092;5220;3.91033661915952
5230;150.22431104464857;5230;0;5230;11.108737449262977;5230;35.254982146671956;5230;582.12624665592375;5230;3.7800225836970123;5230;3.9039277321695609
5240;150.29755546739096;5240;0;5240;11.560411389507737;5240;35.53575243385113;5240;582.047160706625;5240;3.7775811029389321;5240;3.9060640278328806
5250;150.28534806360057;5250;0;5250;12.134159367656485;5250;35.853144932401506;5250;582.12624665592375;5250;3.7751396221808524;5250;3.8978240302743616
5260;150.39521469771418;5260;0;5260;12.561418500320446;5260;36.182744834742273;5260;582.12624665592375;5260;3.7726981414227727;5260;3.8981292153691216
5270;150.45625171666617;5270;0;5270;12.939848017822811;5270;36.500137333292642;5270;582.08670368127446;5270;3.770256660664693;5270;3.8938566240424817
5280;150.44404431287577;5280;0;5280;13.354899746696372;5280;36.707663197729424;5280;582.08670368127446;5280;3.7675099948118533;5280;3.8935514389477217
5290;150.44404431287577;5290;0.012207403790398877;5290;13.879818109683523;5290;36.902981658375808;5290;582.08670368127446;5290;3.7650685140537736;5290;3.8932462538529617
5300;150.35859248634296;5300;0;5300;14.368114261299478;5300;37.269203772087771;5300;582.08670368127446;5300;3.7626270332956939;5300;3.8883632923368023
5310;150.44404431287577;5310;0;5310;14.856410412915434;5310;37.598803674428545;5310;582.08670368127446;5310;3.7601855525376142;5310;3.8883632923368023
5320;150.30976287118136;5320;0.012207403790398877;5320;15.381328775902587;5320;37.818536942655726;5320;582.00761773197564;5320;3.7577440717795341;5320;3.8789025543992435
5330;150.41962950529498;5330;0.024414807580797754;5330;15.845210119937741;5330;38.148136844996486;5330;582.047160706625;5330;3.7549974059266944;5330;3.8819544053468431
5340;150.30976287118136;5340;0.012207403790398877;5340;16.333506271553695;5340;38.514358958708456;5340;582.00761773197564;5340;3.7525559251686147;5340;3.8761558885464034
5350;150.45625171666617;5350;0;5350;16.907254249702444;5350;38.79512924588763;5350;582.00761773197564;5350;3.750114444410535;5350;3.8801232947782833
5360;150.29755546739096;5360;0;5360;17.627491073335978;5360;39.0758995330668;5360;581.96807475732612;5360;3.7476729636524553;5360;3.8749351481673635
5370;150.23651844843897;5370;0;5370;18.103579821161535;5370;39.46653645435957;5370;581.92853178267683;5370;3.7452314828943756;5370;3.8727988525040438
5380;150.26093325601977;5380;0;5380;18.665120395519882;5380;39.881588183233127;5380;581.96807475732612;5380;3.7424848170415359;5380;3.8691366313669242
5390;150.12665181432538;5390;0;5390;19.312112796411025;5390;40.162358470412308;5390;581.92853178267683;5390;3.7400433362834558;5390;3.8654744102298046
5400;150.12665181432538;5400;0;5400;19.849238563188575;5400;40.467543565172271;5400;582.00761773197564;5400;3.737601855525376;5400;3.8666951506088445
5410;150.07782219916379;5410;0;5410;20.349742118594925;5410;40.772728659932255;5410;582.00761773197564;5410;3.7351603747672963;5410;3.862422559282205
5420;150.35859248634296;5420;0;5420;21.045564134647666;5420;41.12674336985382;5420;581.96807475732612;5420;3.7327188940092166;5420;3.8642536698507648
5430;150.19989623706778;5430;0;5430;21.7047639393292;5430;41.505172887356181;5430;581.92853178267683;5430;3.729972228156377;5430;3.855098117007965
5440;150.17548142948698;5440;0;5440;22.278511917477946;5440;41.883602404858543;5440;581.88898880802742;5440;3.7275307473982973;5440;3.8560136722922449
5450;150.09002960295419;5450;0;5450;22.901089510788296;5450;42.225409710989716;5450;581.88898880802742;5450;3.7250892666402176;5450;3.8483840449232458
5460;150.18768883327738;5460;0;5460;23.609118930631428;5460;42.603839228492077;5460;581.88898880802742;5460;3.7226477858821378;5460;3.8502151554918056
5470;150.10223700674459;5470;0.012207403790398877;5470;24.329355754264963;5470;43.055513168736844;5470;581.88898880802742;5470;3.7202063051240577;5470;3.8477736747337259
5480;150.053407391583;5480;0;5480;24.866481521042509;5480;43.494979705191191;5480;581.80990285872849;5480;3.717764824365978;5480;3.8462477492599261
5490;150.07782219916379;5490;0;5490;25.623340556047243;5490;43.897824030274371;5490;581.80990285872849;5490;3.7150181585131383;5490;3.8438062685018464
5500;150.0289925840022;5500;0;5500;26.331369975890379;5500;44.276253547776726;5500;581.7703598840792;5500;3.7125766777550586;5500;3.8364818262276068
5510;150.13885921811578;5510;0.012207403790398877;5510;27.027191991943113;5510;44.703512680440689;5510;581.80990285872849;5510;3.7101351969969789;5510;3.8380077517014071
5520;150.0167851802118;5520;0.024414807580797754;5520;27.625354777672655;5520;45.106357005523847;5520;581.80990285872849;5520;3.7076937162388992;5520;3.8315988647114474
5530;150.19989623706778;5530;0.012207403790398877;5530;28.272347178563802;5530;45.558030945768614;5530;581.80990285872849;5530;3.7052522354808195;5530;3.834955900753807
5540;150.0167851802118;5540;0;5540;28.980376598406931;5540;45.89983825189978;5540;581.69127393478027;5540;3.70250556962798;5540;3.8270210882900479
5550;150.0289925840022;5550;0;5550;29.651783806878875;5550;46.278267769402142;5550;581.61218798548157;5550;3.7000640888698992;5550;3.8276314584795679
5560;150.0045777764214;5560;0;5560;30.396435438093206;5560;46.852015747550894;5560;581.7703598840792;5560;3.6976226081118195;5560;3.8203070162053288
5570;150.0411999877926;5570;0;5570;31.141087069307531;5570;47.364726706747646;5570;581.69127393478027;5570;3.69518112735374;5570;3.8193914609210489
5580;150.07782219916379;5580;0;5580;31.995605334635457;5580;47.66991180150761;5580;581.69127393478027;5580;3.69273964659566;5580;3.8178655354472486
5590;150.053407391583;5590;0;5590;32.642597735526593;5590;48.060548722800377;5590;581.69127393478027;5590;3.6899929807428204;5590;3.8163396099734488
5600;150.10223700674459;5600;0.012207403790398877;5600;33.375041962950533;5600;48.597674489577933;5600;581.65173096013086;5600;3.6875514999847407;5600;3.8178655354472486
5610;150.0289925840022;5610;0;5610;34.266182439649647;5610;49.195837275307483;5610;581.49355906153323;5610;3.685110019226661;5610;3.8087099826044497
5620;150.18768883327738;5620;0.012207403790398877;5620;34.974211859492783;5620;49.684133426923424;5620;581.45401608688394;5620;3.6826685384685813;5620;3.8084047975096897
5630;150.10223700674459;5630;0.012207403790398877;5630;35.706656086916716;5630;50.123599963377785;5630;581.57264501083216;5630;3.6802270577105012;5630;3.7995544297616508
5640;150.19989623706778;5640;0;5640;36.500137333292642;5640;50.770592364268929;5640;581.57264501083216;5640;3.6774803918576615;5640;3.8035218359935303
5650;149.9801629688406;5650;0;5650;37.305825983458966;5650;51.271095919675282;5650;581.57264501083216;5650;3.6750389110995818;5650;3.79863887447737
5660;150.09002960295419;5660;0;5660;38.087099826044494;5660;51.759392071291245;5660;581.49355906153323;5660;3.6725974303415021;5660;3.8001647999511707
5670;150.114444410535;5670;0;5670;38.904995880001216;5670;52.247688222907193;5670;581.57264501083216;5670;3.6701559495834224;5670;3.7952818384350104
5680;150.0411999877926;5680;0;5680;39.698477126377149;5680;52.63832514419996;5680;581.45401608688394;5680;3.6677144688253427;5680;3.7910092471083709
5690;150.17548142948698;5690;0;5690;40.589617603076263;5690;53.1876583147679;5690;581.41447311223419;5690;3.664967802972503;5690;3.7900936918240911
5700;150.18768883327738;5700;0;5700;41.37089144566179;5700;53.773613696707059;5700;581.37493013758478;5700;3.6625263222144233;5700;3.7852107303079316
5710;150.30976287118136;5710;0;5710;42.115543076876129;5710;54.432813501388587;5710;581.33538716293538;5710;3.6600848414563432;5710;3.7882625812555313
5720;150.07782219916379;5720;0;5720;42.957853938413656;5720;54.982146671956542;5720;581.295844188286;5720;3.6576433606982635;5720;3.7815485091708121
5730;150.16327402569658;5730;0;5730;43.824579607531966;5730;55.4460280159917;5730;581.295844188286;5730;3.6552018799401838;5730;3.7830744346446119
5740;149.95574816125981;5740;0;5740;44.727927488021486;5740;55.983153782769243;5740;581.33538716293538;5740;3.652760399182104;5740;3.7739188818018126
5750;150.10223700674459;5750;0.012207403790398877;5750;45.545823541978216;5750;56.471449934385213;5750;581.37493013758478;5750;3.6500137333292644;5750;3.7739188818018126
5760;150.16327402569658;5760;0;5760;46.571245460371713;5760;56.947538682210762;5760;581.295844188286;5760;3.6475722525711847;5760;3.7684255500961332
5770;150.19989623706778;5770;0;5770;47.547837763603624;5770;57.545701467940304;5770;581.25630121363656;5770;3.645130771813105;5770;3.770561845759453
5780;150.23651844843897;5780;0;5780;48.451185644093144;5780;58.204901272621846;5780;581.25630121363656;5780;3.6426892910550253;5780;3.7693411053804131
5790;150.07782219916379;5790;0;5790;49.330118717001866;5790;58.742027039399389;5790;581.13767228968834;5790;3.6402478102969447;5790;3.7653736991485336
5800;150.16327402569658;5800;0;5800;50.331125827814574;5800;59.254737998596156;5800;581.13767228968834;5800;3.637501144444105;5800;3.7644581438642537
5810;150.13885921811578;5810;0;5810;51.332132938627275;5810;59.8040711691641;5810;581.09812931503893;5810;3.6350596636860253;5810;3.7556077761162143
5820;150.16327402569658;5820;0;5820;52.223273415326396;5820;60.390026551103247;5820;581.09812931503893;5820;3.6326181829279456;5820;3.758354441969054
5830;149.84588152714622;5830;0;5830;53.028962065492721;5830;60.866115298928804;5830;581.13767228968834;5830;3.6301767021698659;5830;3.7519455549790948
5840;150.09002960295419;5840;0.024414807580797754;5840;53.822443311868653;5840;61.427655873287144;5840;581.09812931503893;5840;3.6277352214117862;5840;3.7559129612109743
5850;150.0167851802118;5850;0.048829615161595508;5850;54.896694845423752;5850;61.928159428693505;5850;581.05858634038952;5850;3.6249885555589465;5850;3.7495040742210151
5860;150.10223700674459;5860;0.15869624927518539;5860;55.836664937284461;5860;62.477492599261453;5860;581.01904336574012;5860;3.6225470748008664;5860;3.7482833338419752
5870;150.07782219916379;5870;0.32959990234076969;5870;56.801049836725973;5870;62.977996154667807;5870;581.01904336574012;5870;3.6201055940427866;5870;3.7427900021362959
5880;150.053407391583;5880;0.41505172887356179;5880;57.6555681020539;5880;63.417462691122161;5880;581.05858634038952;5880;3.6176641132847069;5880;3.7412640766624961
5890;150.114444410535;5890;0.57374797814874723;5890;58.522293771172215;5890;63.954588457899717;5890;581.01904336574012;5890;3.6152226325266272;5890;3.7421796319467759
5900;150.114444410535;5900;0.73244422742393267;5900;59.340189825128945;5900;64.442884609515673;5900;580.9399574164413;5900;3.6124759666737876;5900;3.7388225959044159
5910;150.23651844843897;5910;0.87893307290871914;5910;60.158085879085668;5910;64.845728934598839;5910;580.97950039109071;5910;3.6100344859157079;5910;3.7409588915677361
5920;149.9801629688406;5920;1.0620441297647023;5920;60.9027375103;5920;65.2241584521012;5920;580.9399574164413;5920;3.6075930051576282;5920;3.7308877834406569
5930;149.94354075746941;5930;1.2329477828302866;5930;61.513107699819933;5930;65.553758354441968;5930;580.9399574164413;5930;3.6051515243995484;5930;3.7305825983458969
5940;149.83367412335582;5940;1.3428144169438767;5940;62.245551927243866;5940;65.773491622669141;5940;580.86087146714249;5940;3.6027100436414683;5940;3.721427045503098
5950;150.09002960295419;5950;1.4770958586382641;5950;62.807092501602227;5950;65.993224890896329;5950;580.78178551784367;5950;3.5999633777886286;5950;3.7256996368297375
5960;149.95574816125981;5960;1.6479995117038484;5960;63.34421826837977;5960;66.261787774285111;5960;580.74224254319427;5960;3.5975218970305489;5960;3.7235633411664177
5970;149.85808893093662;5970;1.7334513382366405;5970;63.881344035157326;5970;66.493728446302683;5970;580.70269956854486;5970;3.5950804162724692;5970;3.7223426007873779
5980;150.0167851802118;5980;1.794488357188635;5980;64.357432782982883;5980;66.579180272835472;5980;580.70269956854486;5980;3.5926389355143895;5980;3.7195959349345378
5990;149.992370372631;5990;2.0142216254158147;5990;64.650410473952462;5990;66.591387676625871;5990;580.623613619246;5990;3.59019745475631;5990;3.7131870479445785
6000;149.931333353679;6000;2.2339548936429945;6000;64.894558549760433;6000;66.701254310739472;6000;580.66315659389545;6000;3.58775597399823;6000;3.7122714926602987
6010;150.0045777764214;6010;2.4170659504989778;6010;64.992217780083621;6010;66.786706137272262;6010;580.623613619246;6010;3.5850093081453904;6010;3.7073885311441392
6020;150.12665181432538;6020;2.6001770073549606;6020;65.1753288369396;6020;66.957609790337841;6020;580.50498469529782;6020;3.5825678273873103;6020;3.7119663075655387
6030;149.80925931577502;6030;2.6367992187261575;6030;65.492721335489975;6030;67.116306039613022;6030;580.54452766994723;6030;3.5801263466292306;6030;3.7061677907650994
6040;150.09002960295419;6040;2.7954954680013429;6040;65.553758354441968;6040;67.116306039613022;6040;580.46544172064841;6040;3.5776848658711509;6040;3.7064729758598594
6050;149.992370372631;6050;2.8931546983245338;6050;65.52934354686117;6050;67.043061616870631;6050;580.425898745999;6050;3.5752433851130712;6050;3.6960966826380197
6060;149.931333353679;6060;2.8931546983245338;6060;65.492721335489975;6060;67.030854213080232;6060;580.46544172064841;6060;3.5724967192602315;6060;3.6967070528275396
6070;150.0167851802118;6070;3.088473158970916;6070;65.407269508957171;6070;67.043061616870631;6070;580.46544172064841;6070;3.5700552385021518;6070;3.6939603869747
6080;149.91912594988861;6080;3.1983397930845059;6080;65.1509140293588;6080;66.957609790337841;6080;580.3863557713496;6080;3.5676137577440721;6080;3.69487594225898
6090;149.85808893093662;6090;3.1373027741325119;6090;65.028839991454817;6090;66.811120944853059;6090;580.3863557713496;6090;3.5651722769859924;6090;3.6960966826380197
6100;149.83367412335582;6100;3.2715842158268988;6100;64.796899319437244;6100;66.664632099368276;6100;580.30726982205078;6100;3.5627307962279122;6100;3.6881618701742607
6110;149.95574816125981;6110;3.4546952726828826;6110;64.516129032258064;6110;66.628009887997081;6110;580.18864089810245;6110;3.5599841303750726;6110;3.6872463148899808
6120;149.74822229682303;6120;3.5767693105868714;6120;64.284188360240492;6120;66.457106234931487;6120;580.10955494880375;6120;3.5575426496169928;6120;3.6771752067629015
6130;149.82146671956542;6130;3.6988433484908603;6130;63.795892208624529;6130;66.3838618121891;6130;580.07001197415434;6130;3.5551011688589131;6130;3.681447798089541
6140;149.67497787408064;6140;3.7232581560716578;6140;63.380840479750965;6140;66.273995178075509;6140;580.07001197415434;6140;3.5526596881008334;6140;3.6762596514786217
6150;149.82146671956542;6150;3.8087099826044497;6150;62.916959135715814;6150;66.029847102267524;6150;579.9118400755566;6150;3.5502182073427537;6150;3.6780907620471814
6160;149.82146671956542;6160;3.9063692129276406;6160;62.550737022003844;6160;65.944395275734735;6160;579.8327541262579;6160;3.5474715414899141;6160;3.6716818750572222
6170;149.72380748924223;6170;4.0284432508316295;6170;62.074648274178287;6170;65.846736045411546;6170;579.753668176959;6170;3.5450300607318344;6170;3.6671040986358228
6180;149.69939268166144;6180;4.0528580584124274;6180;61.500900296029535;6180;65.688039796136351;6180;579.753668176959;6180;3.5425885799737538;6180;3.6640522476882231
6190;149.63835566270944;6190;3.991821039460433;6190;61.012604144413586;6190;65.52934354686117;6190;579.71412520230956;6190;3.5401470992156741;6190;3.661610766930143
6200;149.74822229682303;6200;4.0772728659932245;6200;60.573137607959225;6200;65.419476912747569;6200;579.67458222766027;6200;3.5377056184575943;6200;3.6643574327829831
6210;149.57731864375742;6210;4.2725913266396072;6210;59.999389629810487;6210;65.1631214331492;6210;579.59549627836134;6210;3.5349589526047547;6210;3.6591692861720633
6220;149.61394085512865;6220;4.3336283455916016;6220;59.474471266823329;6220;64.931180761131628;6220;579.55595330371193;6220;3.532517471846675;6220;3.6594744712668232
6230;149.41862239448224;6230;4.13830988494522;6230;59.035004730368968;6230;64.74806970427565;6230;579.3977814051143;6230;3.5300759910885953;6230;3.6484878078554646
6240;149.49186681722463;6240;4.0772728659932245;6240;58.583330790124208;6240;64.577166051210057;6240;579.27915248116608;6240;3.5276345103305156;6240;3.6484878078554646
6250;149.41862239448224;6250;4.0894802697836239;6250;58.09503463850826;6250;64.479506820886868;6250;579.358238430465;6250;3.5251930295724354;6250;3.6417737357707445
6260;149.54069643238623;6260;4.1993469038972133;6260;57.6189458906827;6260;64.394054994354079;6260;579.27915248116608;6260;3.5227515488143557;6260;3.6466566972869048
6270;149.55290383617663;6270;4.2481765190588092;6270;57.313760795922732;6270;64.1376995147557;6270;579.16052355721786;6270;3.520004882961516;6270;3.6457411420026249
6280;149.54069643238623;6280;4.1871395001068148;6280;56.910916470839567;6280;63.966795861690116;6280;578.96280868397082;6280;3.5175634022034363;6280;3.6411633655812246
6290;149.60173345133822;6290;4.1627246925260177;6290;56.544694357127604;6290;63.759269997253334;6290;578.92326570932141;6290;3.5151219214453566;6290;3.637501144444105
6300;149.57731864375742;6300;4.1993469038972133;6300;56.105227820673242;6300;63.53953672902616;6300;578.8441797600226;6300;3.5126804406872769;6300;3.6298715170751059
6310;149.73601489303263;6310;4.2481765190588092;6310;55.739005706961272;6310;63.380840479750965;6310;578.883722734672;6310;3.5102389599291972;6310;3.6326181829279456
6320;149.66277047029024;6320;4.1627246925260177;6320;55.4216132084109;6320;63.234351634266183;6320;578.8441797600226;6320;3.5074922940763575;6320;3.6280404065065461
6330;149.79705191198462;6330;4.1871395001068148;6330;55.140842921231723;6330;63.0512405774102;6330;578.72555083607438;6330;3.5050508133182774;6330;3.6313974425489057
6340;149.55290383617663;6340;4.1627246925260177;6340;54.908902249214151;6340;62.941373943296611;6340;578.56737893747675;6340;3.5026093325601977;6340;3.6219367046113464
6350;149.60173345133822;6350;4.2115543076876127;6350;54.725791192358166;6350;62.880336924344618;6350;578.52783596282734;6350;3.500167851802118;6350;3.6213263344218265
6360;149.36979277932065;6360;4.1871395001068148;6360;54.664754173406173;6360;62.685018463698228;6360;578.52783596282734;6360;3.4977263710440383;6360;3.6146122623371073
6370;149.44303720206304;6370;4.0284432508316295;6370;54.371776482436594;6370;62.404248176519062;6370;578.44875001352852;6370;3.4949797051911986;6370;3.6164433729056671
6380;149.63835566270944;6380;4.0162358470412309;6380;54.213080233161413;6380;62.343211157567069;6380;578.3301210895803;6380;3.4925382244331189;6380;3.617053743095187
6390;149.63835566270944;6390;4.0650654622028259;6390;54.103213599047827;6390;62.318796349986272;6390;578.2905781149309;6390;3.4900967436750392;6390;3.6136967070528274
6400;149.76042970061343;6400;4.0284432508316295;6400;54.066591387676624;6400;62.05023346659749;6400;578.2905781149309;6400;3.4876552629169595;6400;3.6124759666737876
6410;149.57731864375742;6410;3.979613635670034;6410;53.956724753563037;6410;61.9525742362743;6410;578.25103514028149;6410;3.4852137821588789;6410;3.6020996734519484
6420;149.56511123996702;6420;3.979613635670034;6420;53.84685811944945;6420;61.8915372173223;6420;578.21149216563208;6420;3.4824671163060392;6420;3.6039307840205086
6430;149.47965941343423;6430;4.0040284432508315;6430;53.993346964934233;6430;61.781670583208715;6430;578.13240621633327;6430;3.4800256355479595;6430;3.5981322672200688
6440;149.76042970061343;6440;3.9307840205084386;6440;53.920102542191842;6440;61.635181737723933;6440;578.013777292385;6440;3.47758415478988;6440;3.6030152287362283
6450;149.61394085512865;6450;3.8941618091372421;6450;53.871272927030248;6450;61.513107699819933;6450;577.89514836843682;6450;3.4751426740318;6450;3.5975218970305489
6460;149.65056306649984;6460;3.9551988280892361;6460;53.84685811944945;6460;61.598559526352737;6460;577.77651944448849;6460;3.4727011932737204;6460;3.5959959715567491
6470;149.66277047029024;6470;3.9674062318796355;6470;53.84685811944945;6470;61.622974333933534;6470;577.69743349518978;6470;3.4699545274208807;6470;3.58958708456679
6480;149.65056306649984;6480;4.0528580584124274;6480;53.920102542191842;6480;61.610766930143136;6480;577.61834754589086;6480;3.467513046662801;6480;3.58684041871395
6490;149.67497787408064;6490;4.0040284432508315;6490;54.005554368724631;6490;61.537522507400745;6490;577.65789052054038;6490;3.4650715659047209;6490;3.58867152928251
6500;149.62614825891905;6500;3.991821039460433;6500;54.01776177251503;6500;61.476485488448738;6500;577.53926159659216;6500;3.4626300851466412;6500;3.58714560380871
6510;149.74822229682303;6510;3.979613635670034;6510;53.944517349772639;6510;61.561937314981542;6510;577.46017564729323;6510;3.4601886043885615;6510;3.58836634418775
6520;149.55290383617663;6520;3.8697470015564441;6520;53.944517349772639;6520;61.525315103610346;6520;577.46017564729323;6520;3.4577471236304818;6520;3.5770744956816309
6530;149.63835566270944;6530;3.979613635670034;6530;53.944517349772639;6530;61.464278084658339;6530;577.341546723345;6530;3.4550004577776421;6530;3.576769310586871
6540;149.56511123996702;6540;4.0772728659932245;6540;53.993346964934233;6540;61.427655873287144;6540;577.2229177993969;6540;3.4525589770195624;6540;3.5688344981231119
6550;149.77263710440383;6550;3.9307840205084386;6550;53.956724753563037;6550;61.439863277077542;6550;577.18337482474737;6550;3.4501174962614827;6550;3.5746330149235512
6560;149.56511123996702;6560;3.8209173863948487;6560;53.956724753563037;6560;61.561937314981542;6560;577.06474590079927;6560;3.447676015503403;6560;3.5721915341654715
6570;149.55290383617663;6570;3.91857661671804;6570;54.042176580095827;6570;61.708426160466324;6570;576.98565995150034;6570;3.4452345347453228;6570;3.5697500534073918
6580;149.60173345133822;6580;3.979613635670034;6580;54.164250617999819;6580;61.65959654530473;6580;576.98565995150034;6580;3.4424878688924831;6580;3.5648670918912324
6590;149.39420758690144;6590;4.0772728659932245;6590;54.139835810419022;6590;61.684011352885527;6590;576.90657400220152;6590;3.4400463881344034;6590;3.5593737601855526
6600;149.60173345133822;6600;4.0650654622028259;6600;54.213080233161413;6600;61.8793298135319;6600;576.86703102755212;6600;3.4376049073763237;6600;3.5621204260383923
6610;149.54069643238623;6610;3.979613635670034;6610;54.237495040742211;6610;62.038026062807091;6610;576.66931615430508;6610;3.435163426618244;6610;3.5581530198065128
6620;149.61394085512865;6620;4.0528580584124274;6620;54.213080233161413;6620;62.221137119663069;6620;576.59023020500626;6620;3.4327219458601643;6620;3.5612048707541124
6630;149.46745200964384;6630;3.979613635670034;6630;54.237495040742211;6630;62.221137119663069;6630;576.51114425570745;6630;3.4299752800073247;6630;3.5526596881008334
6640;149.55290383617663;6640;3.9307840205084386;6640;54.249702444532609;6640;62.233344523453468;6640;576.43205830640863;6640;3.4275337992492445;6640;3.5532700582903534
6650;149.35758537553025;6650;3.9307840205084386;6650;54.396191290017391;6650;62.440870387890257;6650;576.35297235710971;6650;3.4250923184911648;6650;3.5441145054475536
6660;149.38200018311105;6660;4.1016876735740224;6660;54.396191290017391;6660;62.623981444746235;6660;576.3134293824603;6660;3.4226508377330851;6660;3.5459456160161142
6670;149.44303720206304;6670;4.1627246925260177;6670;54.542680135502188;6670;62.709433271279039;6670;576.27388640781089;6670;3.4202093569750054;6670;3.5450300607318344
6680;149.46745200964384;6680;4.0284432508316295;6680;54.542680135502188;6680;62.758262886440633;6680;576.19480045851208;6680;3.4174626911221657;6680;3.5453352458265943
6690;149.63835566270944;6690;4.0162358470412309;6690;54.68916898098697;6690;62.843714712973423;6690;576.07617153456385;6690;3.415021210364086;6690;3.5453352458265943
6700;149.47965941343423;6700;4.0528580584124274;6700;54.896694845423752;6700;63.014618366039;6700;575.95754261061563;6700;3.4125797296060063;6700;3.5358745078890346
6710;149.55290383617663;6710;4.1016876735740224;6710;55.006561479537339;6710;63.222144230475784;6710;575.8784566613167;6710;3.4101382488479266;6710;3.5349589526047547
6720;149.41862239448224;6720;4.1016876735740224;6720;55.16525772881252;6720;63.319803460798973;6720;575.7598277373686;6720;3.4076967680898465;6720;3.5282448805200355
6730;149.47965941343423;6730;4.0772728659932245;6730;55.299539170506918;6730;63.393047883541364;6730;575.7598277373686;6730;3.4052552873317667;6730;3.5340433973204748
6740;149.33317056794945;6740;3.9674062318796355;6740;55.4704428235725;6740;63.637195959349349;6740;575.64119881342037;6740;3.4025086214789271;6740;3.5288552507095554
6750;149.44303720206304;6750;4.0040284432508315;6750;55.641346476638077;6750;63.795892208624529;6750;575.52256988947215;6750;3.4000671407208474;6750;3.5291604358043154
6760;149.34537797173985;6760;4.1016876735740224;6760;55.92211676381725;6760;63.905758842738123;6760;575.48302691482274;6760;3.3976256599627677;6760;3.5215308084353159
6770;149.54069643238623;6770;4.1749320963164163;6770;56.215094454786829;6770;64.0522476882229;6770;575.36439799087452;6770;3.395184179204688;6770;3.5196996978667561
6780;149.55290383617663;6780;4.1138950773644218;6780;56.5813165684988;6780;64.18652912991729;6780;575.36439799087452;6780;3.3927426984466083;6780;3.5178685872981963
6790;149.52848902859583;6790;4.1993469038972133;6790;56.678975798821988;6790;64.284188360240492;6790;575.20622609227689;6790;3.3899960325937686;6790;3.5166478469191564
6800;149.61394085512865;6800;4.3580431531723995;6800;56.984160893581958;6800;64.357432782982883;6800;575.127140142978;6800;3.387554551835688;6800;3.5184789574877162
6810;149.49186681722463;6810;4.3336283455916016;6810;57.325968199713131;6810;64.491714224677267;6810;575.08759716832856;6810;3.3851130710776083;6810;3.5099337748344372
6820;149.61394085512865;6820;4.3092135380108036;6820;57.49687185277871;6820;64.613788262581252;6820;575.00851121902974;6820;3.3826715903195286;6820;3.5111545152134771
6830;149.44303720206304;6830;4.3580431531723995;6830;57.777642139957884;6830;64.711447492904455;6830;574.88988229508163;6830;3.3802301095614489;6830;3.500167851802118
6840;149.55290383617663;6840;4.4801171910763884;6840;58.107242042298658;6840;64.796899319437244;6840;574.85033932043211;6840;3.3774834437086092;6840;3.5038300729392375
6850;149.35758537553025;6850;4.467909787285989;6850;58.473464156010621;6850;64.845728934598839;6850;574.7712533711333;6850;3.3750419629505295;6850;3.4989471114230781
6860;149.57731864375742;6860;4.5411542100283819;6860;58.742027039399389;6860;65.028839991454817;6860;574.65262444718508;6860;3.37260048219245;6860;3.5010834070863979
6870;149.56511123996702;6870;4.6266060365611743;6870;59.083834345530562;6870;65.1631214331492;6870;574.65262444718508;6870;3.37015900143437;6870;3.4974211859492783
6880;149.52848902859583;6880;4.6266060365611743;6880;59.315775017548148;6880;65.18753624073;6880;574.65262444718508;6880;3.36771752067629;6880;3.491927854243599
6890;149.57731864375742;6890;4.7608874782555617;6890;59.669789727469713;6890;65.309610278633983;6890;574.53399552323685;6890;3.3649708548234503;6890;3.4900967436750392
6900;149.47965941343423;6900;4.8097170934171576;6900;59.865108188116089;6900;65.443891720328381;6900;574.41536659928863;6900;3.3625293740653706;6900;3.4852137821588789
6910;149.54069643238623;6910;4.8585467085787526;6910;60.011597033600886;6910;65.480513931699576;6910;574.33628064998982;6910;3.3600878933072909;6910;3.4888760032959993
6920;149.46745200964384;6920;4.9195837275307479;6920;60.292367320780052;6920;65.639210180974757;6920;574.17810875139219;6920;3.3576464125492111;6920;3.4827723014007992
6930;149.71160008545183;6930;4.9195837275307479;6930;60.487685781426435;6930;65.736869411297945;6930;574.09902280209337;6930;3.3552049317911314;6930;3.484298226874599
6940;149.47965941343423;6940;4.9317911313211464;6940;60.634174626911218;6940;65.736869411297945;6940;574.059479827444;6940;3.3524582659382918;6940;3.4727011932737204
6950;149.52848902859583;6950;5.0294503616443373;6950;60.780663472396014;6950;65.883358256782742;6950;574.01993685279456;6950;3.3500167851802121;6950;3.4730063783684804
6960;149.45524460585344;6960;5.1271095919675282;6960;61.134678182317579;6960;65.98101748710593;6960;573.86176495419693;6960;3.3475753044221319;6960;3.4696493423261208
6970;149.47965941343423;6970;5.2247688222907192;6970;61.268959624011963;6970;66.06646931363872;6970;573.7035930555993;6970;3.3451338236640522;6970;3.4736167485580003
6980;149.49186681722463;6980;5.3712576677755068;6980;61.329996642963955;6980;66.164128543961908;6980;573.7035930555993;6980;3.3426923429059725;6980;3.4730063783684804
6990;149.55290383617663;6990;5.4933317056794957;6990;61.354411450544752;6990;66.115298928800314;6990;573.58496413165108;6990;3.3402508621478928;6990;3.4665974913785207
7000;149.60173345133822;7000;5.4322946867274995;7000;61.464278084658339;7000;66.1885433515427;7000;573.54542115700167;7000;3.3375041962950531;7000;3.464156010620441
7010;149.36979277932065;7010;5.4322946867274995;7010;61.57414471877194;7010;66.493728446302683;7010;573.50587818235226;7010;3.3350627155369734;7010;3.4540849024933622
7020;149.47965941343423;7020;5.6642353587450787;7020;61.586352122562339;7020;66.615802484206682;7020;573.42679223305333;7020;3.3326212347788937;7020;3.4592730491042816
7030;149.27213354899746;7030;5.6886501663258775;7030;61.586352122562339;7030;66.615802484206682;7030;573.22907735980641;7030;3.330179754020814;7030;3.4562211981566819
7040;149.38200018311105;7040;5.676442762535479;7040;61.65959654530473;7040;66.664632099368276;7040;573.14999141050748;7040;3.3277382732627334;7040;3.4577471236304818
7050;149.15005951109347;7050;5.7496871852778719;7050;61.781670583208715;7050;66.786706137272262;7050;573.07090546120878;7050;3.3249916074098937;7050;3.447676015503403
7060;149.24771874141666;7060;5.8473464156010628;7060;61.720633564256723;7060;66.945402386547443;7060;572.95227653726045;7060;3.322550126651814;7060;3.4443189794610429
7070;149.45524460585344;7070;5.8595538193914614;7070;61.928159428693505;7070;66.994232001709037;7070;572.87319058796163;7070;3.3201086458937343;7070;3.4400463881344034
7080;149.33317056794945;7080;5.8351390118106625;7080;61.915952024903106;7080;67.043061616870631;7080;572.75456166401352;7080;3.3176671651356546;7080;3.4430982390820031
7090;149.38200018311105;7090;5.9572130497146514;7090;61.818292794579911;7090;67.140720847193819;7090;572.59638976541578;7090;3.3152256843775749;7090;3.4470656453138826
7100;149.44303720206304;7100;6.0426648762474446;7100;61.769463179418317;7100;67.152928250984218;7100;572.43821786681815;7100;3.3124790185247353;7100;3.4388256477553636
7110;149.29654835657826;7110;6.0670796838282426;7110;61.708426160466324;7110;67.201757866145812;7110;572.31958894286993;7110;3.3100375377666551;7110;3.435468611713004
7120;148.9547410504471;7120;6.1159092989898376;7120;61.806085390789512;7120;67.2872096926786;7120;572.28004596822052;7120;3.3075960570085754;7120;3.4241767632068849
7130;149.19888912625507;7130;6.1647389141514335;7130;61.867122409741505;7130;67.3116245002594;7130;572.24050299357111;7130;3.3051545762504957;7130;3.4293649098178047
7140;149.10122989593188;7140;6.1647389141514335;7140;61.830500198370309;7140;67.519150364696188;7140;572.20096001892171;7140;3.302713095492416;7140;3.4266182439649646
7150;149.29654835657826;7150;6.250190740684225;7150;61.793877986999114;7150;67.604602191228977;7150;572.04278812032408;7150;3.2999664296395763;7150;3.4290597247230448
7160;149.01577806939909;7160;6.250190740684225;7160;61.867122409741505;7160;67.641224402600173;7160;571.96370217102526;7160;3.2975249488814966;7160;3.4217352824488052
7170;149.02798547318949;7170;6.2623981444746235;7170;61.830500198370309;7170;67.726676229132963;7170;571.88461622172645;7170;3.2950834681234169;7170;3.4168523209326458
7180;149.23551133762626;7180;6.3722647785882147;7180;61.818292794579911;7180;67.812128055665767;7180;571.80553027242752;7180;3.2926419873653372;7180;3.4131900997955262
7190;149.11343729972228;7190;6.4333017975402083;7190;61.806085390789512;7190;67.897579882198556;7190;571.64735837382989;7190;3.290200506607257;7190;3.4122745445112463
7200;149.15005951109347;7200;6.4943388164922027;7200;61.928159428693505;7200;67.873165074617759;7200;571.60781539918059;7200;3.2874538407544174;7200;3.4162419507431259
7210;149.08902249214148;7210;6.4577166051210053;7210;62.05023346659749;7210;68.019653920102542;7210;571.41010052593356;7210;3.2850123599963377;7210;3.4104434339426866
7220;149.27213354899746;7220;6.42109439374981;7220;62.099063081759084;7220;68.11731315042573;7220;571.29147160198511;7220;3.282570879238258;7220;3.4101382488479266
7230;149.05240028077029;7230;6.4699240089114056;7230;62.269966734824663;7230;68.068483535264136;7230;571.21238565268641;7230;3.2801293984801783;7230;3.3970152897732477
7240;149.21109653004547;7240;6.6408276619769886;7240;62.392040772728663;7240;68.11731315042573;7240;571.172842678037;7240;3.2776879177220986;7240;3.3997619556260874
7250;149.13785210730308;7250;6.5919980468153936;7250;62.50190740684225;7250;68.068483535264136;7250;571.05421375408878;7250;3.2752464369640188;7250;3.3964049195837278
7260;149.23551133762626;7260;6.6042054506057921;7260;62.587359233375039;7260;68.068483535264136;7260;570.93558483014044;7260;3.2724997711111792;7260;3.4000671407208474
7270;149.16226691488387;7270;6.73848689230018;7270;62.770470290231032;7270;68.105105746635331;7270;570.89604185549115;7270;3.270058290353099;7270;3.3967101046784878
7280;149.02798547318949;7280;6.8605609302041692;7280;62.794885097811829;7280;68.11731315042573;7280;570.698326982244;7280;3.2676168095950193;7280;3.3893856624042487
7290;149.01577806939909;7290;6.8239387188329728;7290;62.880336924344618;7290;68.178350169377737;7290;570.65878400759459;7290;3.2651753288369396;7290;3.3863338114566481
7300;149.13785210730308;7300;6.8361461226233713;7300;62.892544328135017;7300;68.178350169377737;7300;570.57969805829578;7300;3.26273384807886;7300;3.3826715903195286
7310;149.39420758690144;7310;6.9093905453657651;7310;63.0268257698294;7310;68.239387188329729;7310;570.42152615969815;7310;3.2599871822260202;7310;3.3881649220252079
7320;149.24771874141666;7320;6.8361461226233713;7320;63.25876644184698;7320;68.239387188329729;7320;570.26335426110052;7320;3.2575457014679405;7320;3.3823664052247686
7330;149.28434095278786;7330;7.0314645832697531;7330;63.356425672170168;7330;68.214972380748932;7330;570.22381128645111;7330;3.2551042207098608;7330;3.3820612201300086
7340;149.05240028077029;7340;7.080294198431349;7340;63.551744132816559;7340;68.263801995910526;7340;570.02609641320407;7340;3.2526627399517811;7340;3.36985381633961
7350;149.19888912625507;7350;7.129123813592944;7350;63.673818170720544;7350;68.410290841395309;7350;569.94701046390526;7350;3.250221259193701;7350;3.37046418652913
7360;149.16226691488387;7360;7.2389904477065334;7360;63.71044038209174;7360;68.422498245185707;7360;569.94701046390526;7360;3.2474745933408613;7360;3.36741233558153
7370;149.24771874141666;7370;7.2023682363353378;7370;63.686025574510943;7370;68.373668630024113;7370;569.74929559065822;7370;3.2450331125827816;7370;3.37199011200293
7380;149.30875576036865;7380;7.2389904477065334;7380;63.808099612414928;7380;68.410290841395309;7380;569.70975261600881;7380;3.2425916318247019;7380;3.37260048219245
7390;149.36979277932065;7390;7.2145756401257364;7390;63.893551438947725;7390;68.422498245185707;7390;569.59112369206059;7390;3.2401501510666222;7390;3.3646656697286903
7400;149.33317056794945;7400;7.2756126590777308;7400;63.917966246528522;7400;68.4591204565569;7400;569.47249476811226;7400;3.2377086703085425;7400;3.3606982634968108
7410;149.00357066560869;7410;7.4587237159337141;7410;63.917966246528522;7410;68.5567796868801;7410;569.35386584416415;7410;3.2349620044557028;7410;3.3512375255592519
7420;149.18668172246467;7420;7.4831385235145111;7420;63.991210669270913;7420;68.6544389172033;7420;569.19569394556652;7420;3.2325205236976231;7420;3.3576464125492111
7430;149.16226691488387;7430;7.4465163121433156;7430;64.0522476882229;7430;68.6422315134129;7430;569.156150970917;7430;3.2300790429395425;7430;3.3555101168858914
7440;149.27213354899746;7440;7.531968138676107;7440;64.0522476882229;7440;68.6422315134129;7440;569.11660799626759;7440;3.2276375621814628;7440;3.3567308572649313
7450;149.08902249214148;7450;7.5197607348857085;7450;64.1499069185461;7450;68.6544389172033;7450;568.95843609767;7450;3.2251960814233831;7450;3.3448286385692922
7460;149.15005951109347;7460;7.4709311197241126;7460;64.162114322336492;7460;68.76430555131688;7460;568.80026419907233;7460;3.2224494155705434;7460;3.3417767876216926
7470;149.15005951109347;7470;7.4709311197241126;7470;64.235358745078884;7470;68.971831415753655;7470;568.760721224423;7470;3.2200079348124637;7470;3.3390301217688529
7480;149.05240028077029;7480;7.6174199652088994;7480;64.174321726126891;7480;68.959624011963257;7480;568.6420923004747;7480;3.217566454054384;7480;3.3429975280007325
7490;149.13785210730308;7490;7.678456984160893;7490;64.1376995147557;7490;68.984038819544054;7490;568.48392040187707;7490;3.2151249732963043;7490;3.346964934232612
7500;149.24771874141666;7500;7.7639088106936853;7500;64.0888698995941;7500;69.167149876400032;7500;568.36529147792885;7500;3.2126834925382242;7500;3.3378093813898131
7510;149.15005951109347;7510;7.82494582964568;7510;64.174321726126891;7510;69.142735068819235;7510;568.36529147792885;7510;3.2102420117801445;7510;3.3344523453474535
7520;148.84487441633351;7520;7.82494582964568;7520;64.247566148869282;7520;69.093905453657641;7520;568.16757660468181;7520;3.2074953459273048;7520;3.3222449415570541
7530;149.07681508835108;7530;7.83715323343608;7530;64.1132847071749;7530;69.289223914304017;7530;568.00940470608418;7530;3.2050538651692251;7530;3.3298745689260532
7540;148.9059114352855;7540;7.9103976561784721;7540;64.040040284432507;7540;69.399090548417618;7540;567.890775782136;7540;3.2026123844111454;7540;3.3298745689260532
7550;149.02798547318949;7550;8.0202642902920616;7550;64.040040284432507;7550;69.423505355998415;7550;567.81168983283715;7550;3.2001709036530657;7550;3.330179754020814
7560;148.78383739738149;7560;7.8737754448072756;7560;64.162114322336492;7560;69.484542374950408;7560;567.61397495959011;7560;3.197729422894986;7560;3.3201086458937343
7570;148.7105929746391;7570;7.9470198675496695;7570;64.162114322336492;7570;69.533371990112;7570;567.45580306099248;7570;3.1949827570421463;7570;3.314310129093295
7580;148.86928922391431;7580;8.0690939054536575;7580;64.235358745078884;7580;69.594409009064;7580;567.41626008634307;7580;3.1925412762840661;7580;3.3124790185247353
7590;148.82045960875269;7590;8.1301309244056519;7590;64.247566148869282;7590;69.704275643177581;7590;567.29763116239485;7590;3.1900997955259864;7590;3.3152256843775749
7600;149.06460768456068;7600;8.1789605395672478;7600;64.2597735526597;7600;69.826349681081581;7600;567.17900223844651;7600;3.1876583147679067;7600;3.3198034607989744
7610;148.97915585802789;7610;8.0690939054536575;7610;64.2719809564501;7610;69.765312662129588;7610;566.90220141590066;7610;3.185216834009827;7610;3.3103427228614151
7620;148.97915585802789;7620;8.1057161168248548;7620;64.345225379192485;7620;69.911801507614371;7620;566.82311546660185;7620;3.1824701681569874;7620;3.3082064271980953
7630;148.7105929746391;7630;8.1057161168248548;7630;64.503921628467666;7630;69.924008911404769;7630;566.744029517303;7630;3.1800286873989076;7630;3.2972197637867366
7640;148.9059114352855;7640;8.14233832819605;7640;64.46729941709647;7640;69.948423718985566;7640;566.5858576187054;7640;3.1775872066408279;7640;3.3017975402081361
7650;148.82045960875269;7650;8.2033753471480448;7650;64.564958647419658;7650;70.094912564470349;7650;566.50677166940659;7650;3.1751457258827482;7650;3.2990508743552964
7660;149.02798547318949;7660;8.2033753471480448;7660;64.650410473952462;7660;70.180364391003152;7660;566.30905679615955;7660;3.1727042451246676;7660;3.3021027253028961
7670;148.9547410504471;7670;8.3010345774712366;7670;64.784691915646846;7670;70.229194006164747;7670;566.1904278722111;7670;3.169957579271828;7670;3.2984405041657765
7680;148.88149662770471;7680;8.37427900021363;7680;64.943388164922027;7680;70.278023621326341;7680;566.03225597361347;7680;3.1675160985137483;7680;3.2926419873653372
7690;148.9181188390759;7690;8.337656788842434;7690;65.1753288369396;7690;70.339060640278333;7690;565.95317002431466;7690;3.1650746177556686;7690;3.2874538407544174
7700;148.9059114352855;7700;8.4109012115848252;7700;65.236365855891592;7700;70.375682851649529;7700;565.87408407501584;7700;3.1626331369975889;7700;3.2828760643330179
7710;149.06460768456068;7710;8.48414563432722;7710;65.285195471053186;7710;70.522171697134311;7710;565.71591217641821;7710;3.1601916562395092;7710;3.2889797662282172
7720;148.9303262428663;7720;8.48414563432722;7720;65.33402508621478;7720;70.546586504715108;7720;565.59728325247;7720;3.1574449903866695;7720;3.2834864345225379
7730;149.00357066560869;7730;8.5207678456984173;7730;65.395062105166772;7730;70.522171697134311;7730;565.47865432852177;7730;3.1550035096285898;7730;3.2840968047120578
7740;148.79604480117189;7740;8.5329752494888158;7740;65.627002777184359;7740;70.509964293343913;7740;565.28093945527473;7740;3.1525620288705096;7740;3.2685323648792992
7750;148.9669484542375;7750;8.6794640949736017;7750;65.761284218878743;7750;70.6198309274575;7750;565.20185350597592;7750;3.15012054811243;7750;3.270363475447859
7760;148.77162999359109;7760;8.789330729087192;7760;66.005432294686727;7760;70.790734580523079;7760;565.16231053132651;7760;3.14767906735435;7760;3.2660908841212195
7770;148.88149662770471;7770;8.7038789025543988;7770;66.090884121219517;7770;70.790734580523079;7770;564.96459565807936;7770;3.1452375865962705;7770;3.2724997711111792
7780;149.00357066560869;7780;8.7405011139255961;7780;66.249580370494712;7780;70.717490157780688;7780;564.88550970878066;7780;3.1424909207434308;7780;3.2685323648792992
7790;148.9181188390759;7790;8.80153813287759;7790;66.3228247932371;7790;70.741904965361485;7790;564.68779483553362;7790;3.1400494399853511;7790;3.2584612567522204
7800;148.9669484542375;7800;8.8137455366679891;7800;66.530350657673878;7800;70.839564195684673;7800;564.6482518608841;7800;3.1376079592272714;7800;3.2523575548570212
7810;148.9181188390759;7810;8.8869899594103821;7810;66.774498733481863;7810;70.912808618427078;7810;564.45053698763707;7810;3.1351664784691917;7810;3.249610889004181
7820;149.15005951109347;7820;8.9480269783623765;7820;66.896572771385848;7820;70.998260444959868;7820;564.29236508903944;7820;3.1327249977111116;7820;3.2569353312784206
7830;148.9547410504471;7830;9.0090639973143727;7830;66.945402386547443;7830;71.23020111697744;7830;564.21327913974062;7830;3.1299783318582719;7830;3.2526627399517811
7840;149.01577806939909;7840;9.0578936124759668;7840;67.018646809289834;7840;71.340067751091041;7840;564.055107241143;7840;3.1275368511001922;7840;3.249916074098941
7850;148.74721518601029;7850;9.0701010162663653;7850;67.201757866145812;7850;71.35227515488144;7850;563.97602129184418;7850;3.1250953703421125;7850;3.233130893887143
7860;148.74721518601029;7860;9.2532120731223486;7860;67.226172673726609;7860;71.388897366252635;7860;563.89693534254536;7860;3.1226538895840328;7860;3.2358775597399827
7870;148.74721518601029;7870;9.2776268807031457;7870;67.3848689230018;7870;71.401104770043034;7870;563.77830641859714;7870;3.1202124088259531;7870;3.2340464491714229
7880;148.78383739738149;7880;9.2898342844935442;7880;67.4703207495346;7880;71.523178807947019;7880;563.65967749464892;7880;3.1174657429731134;7880;3.2404553361613821
7890;148.78383739738149;7890;9.4119083223975348;7890;67.531357768486586;7890;71.535386211737418;7890;563.50150559605129;7890;3.1150242622150333;7890;3.2380138554033024
7900;148.7350077822199;7900;9.4363231299783319;7900;67.531357768486586;7900;71.437726981414229;7900;563.34333369745366;7900;3.1125827814569536;7900;3.2248908963286231
7910;148.9181188390759;7910;9.4485305337687322;7910;67.66563921018097;7910;71.584215826899012;7910;563.26424774815473;7910;3.1101413006988738;7910;3.2209234900967436
7920;148.64955595568711;7920;9.4485305337687322;7920;67.641224402600173;7920;71.7917416913358;7920;563.1060758495571;7920;3.1076998199407941;7920;3.217871639149144
7930;148.78383739738149;7930;9.6072267830439166;7930;67.543565172276985;7930;71.999267555772576;7930;562.94790395095947;7930;3.1049531540879545;7930;3.225806451612903
7940;148.62514114810631;7940;9.55839716788232;7940;67.677846613971369;7940;72.096926786095779;7940;562.82927502701125;7940;3.1025116733298748;7940;3.2184820093386639
7950;148.7228003784295;7950;9.5339823603015219;7950;67.775505844294571;7950;72.08471938230538;7950;562.71064610306314;7950;3.1000701925717951;7950;3.2154301583910643
7960;148.51527451399272;7960;9.7170934171575052;7960;68.080690939054534;7960;72.194586016418967;7960;562.5524742044654;7960;3.0976287118137154;7960;3.2004760887478256
7970;148.53968932157352;7970;9.8757896664326914;7970;68.141727958006527;7970;72.389904477065343;7970;562.35475933121836;7970;3.0951872310556352;7970;3.205359050263985
7980;148.74721518601029;7980;9.9246192815942873;7980;68.166142765587338;7980;72.389904477065343;7980;562.315216356569;7980;3.0927457502975555;7980;3.2074953459273048
7990;148.7105929746391;7990;9.9734488967558814;7990;68.056276131473737;7990;72.389904477065343;7990;562.15704445797132;7990;3.0899990844447158;7990;3.2096316415906245
8000;148.79604480117189;8000;10.071108127079073;8000;68.056276131473737;8000;72.524185918759727;8000;561.91978661007488;8000;3.0875576036866361;8000;3.205969420453505
8010;148.55189672536392;8010;10.107730338450269;8010;68.214972380748932;8010;72.58522293771172;8010;561.76161471147725;8010;3.0851161229285564;8010;3.1922360911893062
8020;148.62514114810631;8020;10.156559953611865;8020;68.263801995910526;8020;72.7317117831965;8020;561.60344281287962;8020;3.0826746421704767;8020;3.1931516464735861
8030;148.53968932157352;8030;10.09552293465987;8030;68.337046418652918;8030;72.927030243842893;8030;561.4848138889314;8030;3.080233161412397;8030;3.1910153508102663
8040;148.78383739738149;8040;10.107730338450269;8040;68.276009399700925;8040;72.963652455214088;8040;561.36618496498318;8040;3.0774864955595573;8040;3.2001709036530657
8050;148.58851893673511;8050;10.168767357402263;8050;68.324839014862519;8050;72.963652455214088;8050;561.20801306638555;8050;3.0750450148014767;8050;3.1922360911893062
8060;148.6739707632679;8060;10.254219183935056;8060;68.4957426679281;8060;72.988067262794885;8060;561.0498411677878;8060;3.072603534043397;8060;3.1891842402417065
8070;148.6739707632679;8070;10.266426587725455;8070;68.5934018982513;8070;73.073519089327675;8070;560.89166926919017;8070;3.0701620532853173;8070;3.1778923917355879
8080;148.53968932157352;8080;10.229804376354259;8080;68.4957426679281;8080;73.134556108279668;8080;560.77304034524184;8080;3.0677205725272376;8080;3.1821649830622274
8090;148.60072634052551;8090;10.266426587725455;8090;68.752098147526482;8090;73.220007934812458;8090;560.65441142129362;8090;3.064973906674398;8090;3.185522019104587
8100;148.7228003784295;8100;10.364085818048645;8100;68.727683339945685;8100;73.342081972716457;8100;560.496239522696;8100;3.0625324259163182;8100;3.1849116489150671
8110;148.82045960875269;8110;10.473952452162235;8110;68.678853724784091;8110;73.439741203039645;8110;560.41715357339717;8110;3.0600909451582385;8110;3.1824701681569874
8120;148.50306711020232;8120;10.486159855952634;8120;68.837549974059272;8120;73.464156010620442;8120;560.298524649449;8120;3.0576494644001588;8120;3.1687368388927881
8130;148.61293374431591;8130;10.596026490066226;8130;68.984038819544054;8130;73.525193029572435;8130;560.17989572550073;8130;3.0552079836420787;8130;3.1723990600299077
8140;148.53968932157352;8140;10.657063509018219;8140;69.167149876400032;8140;73.659474471266833;8140;560.0217238269031;8140;3.052461317789239;8140;3.1681264687032682
8150;148.79604480117189;8150;10.742515335551014;8150;69.154942472609633;8150;73.68388927884763;8150;559.90309490295488;8150;3.0500198370311593;8150;3.1754509109775082
8160;148.56410412915432;8160;10.718100527970217;8160;69.191564683980829;8160;73.696096682638029;8160;559.70538002970784;8160;3.0475783562730796;8160;3.1687368388927881
8170;148.51527451399272;8170;10.754722739341412;8170;69.338053529465626;8170;73.720511490218826;8170;559.5076651564608;8170;3.045136875515;8170;3.1650746177556686
8180;148.52748191778312;8180;10.827967162083803;8180;69.63103122043519;8180;73.781548509170818;8180;559.30995028321377;8180;3.04269539475692;8180;3.1550035096285898
8190;148.62514114810631;8190;10.937833796197394;8190;69.740897854548791;8190;73.76934110538042;8190;559.19132135926554;8190;3.0399487289040805;8190;3.1556138798181097
8200;148.84487441633351;8200;10.99887081514939;8200;69.777520065919987;8200;73.744926297799623;8200;559.11223540996662;8200;3.0375072481460008;8200;3.1595812860499892
8210;148.74721518601029;8210;10.950041199987792;8210;69.814142277291182;8210;73.781548509170818;8210;558.954063511369;8210;3.0350657673879207;8210;3.1586657307657093
8220;148.78383739738149;8220;10.974456007568593;8220;69.936216315195168;8220;73.879207739494;8220;558.71680566347266;8220;3.032624286629841;8220;3.1598864711447492
8230;148.46644489883113;8230;11.023285622730187;8230;70.08270516067995;8230;73.9280373546556;8230;558.63771971417373;8230;3.0301828058717613;8230;3.1431012909329508
8240;148.6983855708487;8240;11.108737449262977;8240;70.131534775841558;8240;74.037903988769187;8240;558.558633764875;8240;3.0277413251136815;8240;3.1437116611224707
8250;148.60072634052551;8250;11.20639667958617;8250;70.278023621326341;8250;74.147770622882774;8250;558.40046186627728;8250;3.0249946592608419;8250;3.1388286996063113
8260;148.77162999359109;8260;11.20639667958617;8260;70.326853236487935;8260;74.18439283425397;8260;558.28183294232917;8260;3.0225531785027622;8260;3.14951017792291
8270;148.7228003784295;8270;11.243018890957366;8270;70.44892727439192;8270;74.123355815301977;8270;558.16320401838084;8270;3.0201116977446825;8270;3.1473738822595902
8280;148.53968932157352;8280;11.352885525070958;8280;70.497756889553514;8280;74.135563219092376;8280;557.92594617048439;8280;3.0176702169866028;8280;3.1406598101748711
8290;148.46644489883113;8290;11.352885525070958;8290;70.5832087160863;8290;74.221015045625165;8290;557.76777427188676;8290;3.0152287362285222;8290;3.1299783318582719
8300;148.51527451399272;8300;11.389507736442154;8300;70.5832087160863;8300;74.282052064577158;8300;557.64914534793854;8300;3.0124820703756825;8300;3.128757591479232
8310;148.7105929746391;8310;11.389507736442154;8310;70.5832087160863;8310;74.355296487319549;8310;557.49097344934091;8310;3.0100405896176028;8310;3.1373027741325115
8320;148.58851893673511;8320;11.401715140232552;8320;70.5710013122959;8320;74.330881679738752;8320;557.37234452539269;8320;3.0075991088595231;8320;3.1342509231849114
8330;148.64955595568711;8330;11.487166966765344;8330;70.6076235236671;8330;74.355296487319549;8330;557.21417262679506;8330;3.0051576281014434;8330;3.1324198126163516
8340;148.33216345713674;8340;11.487166966765344;8340;70.86397900326547;8340;74.391918698690745;8340;557.01645775354791;8340;3.0027161473433637;8340;3.1138035218359934
8350;148.46644489883113;8350;11.584826197088534;8350;70.961638233588673;8350;74.489577929013947;8350;556.81874288030087;8350;2.999969481490524;8350;3.1180761131626333
8360;148.46644489883113;8360;11.597033600878934;8360;70.961638233588673;8360;74.648274178289128;8360;556.77919990565158;8360;2.999969481490524;8360;3.1174657429731134
8370;148.61293374431591;8370;11.694692831202126;8370;70.815149388103876;8370;74.758140812402715;8370;556.50239908310562;8370;2.999969481490524;8370;3.1235694448683127
8380;148.46644489883113;8380;11.792352061525316;8380;70.912808618427078;8380;74.806970427564323;8380;556.344227184508;8380;2.999969481490524;8380;3.1174657429731134
8390;148.34437086092714;8390;11.719107638782923;8390;71.047090060121462;8390;74.880214850306714;8390;556.18605528591036;8390;2.999969481490524;8390;3.1058687093722344
8400;148.52748191778312;8400;11.767937253944519;8400;71.095919675283056;8400;74.91683706167791;8400;556.10696933661143;8400;2.999969481490524;8400;3.1019013031403548
8410;148.46644489883113;8410;11.780144657734917;8410;71.010467848750267;8410;74.9412518692587;8410;555.9487974380138;8410;2.999969481490524;8410;3.1073946348460342
8420;148.55189672536392;8420;11.865596484267709;8420;70.973845637379071;8420;75.112155522324286;8420;555.869711488715;8420;2.999969481490524;8420;3.1174657429731134
8430;148.33216345713674;8430;11.877803888058107;8430;70.973845637379071;8430;75.160985137485881;8430;555.79062553941617;8430;2.999969481490524;8430;3.1052583391827144
8440;148.44203009125033;8440;11.865596484267709;8440;71.095919675283056;8440;75.234229560228286;8440;555.55336769151972;8440;2.999969481490524;8440;3.0988494521927552
8450;148.23450422681356;8450;11.963255714590899;8450;71.449934385204628;8450;75.258644367809083;8450;555.4347387675715;8450;2.999969481490524;8450;3.0835901974547566
8460;148.40540787987914;8460;12.146366771446884;8460;71.413312173833432;8460;75.209814752647489;8460;555.19748091967506;8460;2.999969481490524;8460;3.0973235267189554
8470;148.50306711020232;8470;12.182988982818079;8470;71.205786309396643;8470;75.344096194341873;8470;554.999766046428;8470;2.999969481490524;8470;3.1058687093722344
8480;148.52748191778312;8480;12.219611194189275;8480;71.059297463911861;8480;75.502792443617054;8480;554.84159414783039;8480;2.999969481490524;8480;3.1064790795617543
8490;148.55189672536392;8490;12.268440809350871;8490;71.23020111697744;8490;75.576036866359445;8490;554.64387927458324;8490;2.999969481490524;8490;3.0976287118137154
8500;148.33216345713674;8500;12.219611194189275;8500;71.35227515488144;8500;75.551622058778648;8500;554.525250350635;8500;2.999969481490524;8500;3.0838953825495166
8510;148.49085970641192;8510;12.366100039674063;8510;71.35227515488144;8510;75.698110904263444;8510;554.36707845203739;8510;2.999969481490524;8510;3.0875576036866361
8520;148.42982268745993;8520;12.463759269997251;8520;71.315652943510244;8520;75.600451673940256;8520;554.16936357879035;8520;2.999969481490524;8520;3.0973235267189554
8530;148.6739707632679;8530;12.414929654835657;8530;71.144749290444651;8530;75.710318308053843;8530;553.97164870554343;8530;2.999969481490524;8530;3.1083101901303141
8540;148.51527451399272;8540;12.280648213141273;8540;71.132541886654252;8540;75.856807153538625;8540;553.8925627562445;8540;2.999969481490524;8540;3.0951872310556352
8550;148.60072634052551;8550;12.341685232093266;8550;71.144749290444651;8550;75.807977538377031;8550;553.69484788299746;8550;2.999969481490524;8550;3.0906094546342358
8560;148.42982268745993;8560;12.439344462416454;8560;71.254615924558237;8560;75.844599749748227;8560;553.49713300975043;8560;2.999969481490524;8560;3.0811487166966769
8570;148.56410412915432;8570;12.475966673787653;8570;71.254615924558237;8570;75.771355327005836;8570;553.22033218720458;8570;2.999969481490524;8570;3.0945768608661153
8580;148.64955595568711;8580;12.414929654835657;8580;71.254615924558237;8580;75.82018494216743;8580;553.062160288607;8580;2.999969481490524;8580;3.1028168584246347
8590;148.6861781670583;8590;12.353892635883664;8590;71.193578905606245;8590;75.869014557329024;8590;552.90398839000932;8590;2.999969481490524;8590;3.1000701925717951
8600;148.77162999359109;8600;12.378307443464461;8600;71.254615924558237;8600;75.930051576281016;8600;552.74581649141169;8600;2.999969481490524;8600;3.0927457502975555
8610;148.56410412915432;8610;12.39051484725486;8610;71.23020111697744;8610;75.978881191442611;8610;552.62718756746347;8610;2.999969481490524;8610;3.0848109378337965
8620;148.6739707632679;8620;12.50038148136845;8620;71.144749290444651;8620;75.930051576281016;8620;552.46901566886584;8620;2.999969481490524;8620;3.0924405652027955
8630;148.6739707632679;8630;12.50038148136845;8630;71.23020111697744;8630;75.795770134586633;8630;552.3503867449175;8630;2.999969481490524;8630;3.0973235267189554
8640;148.9059114352855;8640;12.537003692739646;8640;71.144749290444651;8640;75.942258980071415;8640;552.113128897021;8640;2.999969481490524;8640;3.1052583391827144
8650;148.7228003784295;8650;12.50038148136845;8650;71.095919675283056;8650;75.978881191442611;8650;552.03404294772224;8650;2.999969481490524;8650;3.0924405652027955
8660;148.7350077822199;8660;12.50038148136845;8660;71.059297463911861;8660;75.73473311563464;8660;551.83632807447532;8660;2.999969481490524;8660;3.0921353801080356
8670;148.64955595568711;8670;12.524796288949247;8670;71.205786309396643;8670;75.771355327005836;8670;551.717699150527;8670;2.999969481490524;8670;3.088473158970916
8680;148.80825220496229;8680;12.463759269997251;8680;71.23020111697744;8680;76.0155034028138;8680;551.51998427728;8680;2.999969481490524;8680;3.0973235267189554
8690;148.99136326181829;8690;12.537003692739646;8690;71.23020111697744;8690;75.966673787652212;8690;551.40135535333172;8690;2.999969481490524;8690;3.1022064882351148
8700;148.8937040314951;8700;12.549211096530048;8700;71.132541886654252;8700;75.807977538377031;8700;551.2827264293835;8700;2.999969481490524;8700;3.0976287118137154
8710;148.99136326181829;8710;12.524796288949247;8710;71.059297463911861;8710;75.771355327005836;8710;551.08501155613646;8710;2.999969481490524;8710;3.0945768608661153
8720;148.74721518601029;8720;12.598040711691642;8720;70.949430829798274;8720;75.795770134586633;8720;550.966382632188;8720;2.999969481490524;8720;3.0869472334971162
8730;148.83266701254311;8730;12.744529557176429;8730;70.86397900326547;8730;75.905636768700219;8730;550.76866775894109;8730;2.999969481490524;8730;3.0948820459608752
8740;148.7228003784295;8740;12.659077730643636;8740;70.876186407055869;8740;75.930051576281016;8740;550.53140991104453;8740;2.999969481490524;8740;3.0948820459608752
8750;148.88149662770471;8750;12.61024811548204;8750;70.802941984313478;8750;75.73473311563464;8750;550.3732380124469;8750;2.999969481490524;8750;3.1022064882351148
8760;148.79604480117189;8760;12.634662923062837;8760;70.90060121463668;8760;75.673696096682647;8760;550.2546090884988;8760;2.999969481490524;8760;3.0936613055818354
8770;148.80825220496229;8770;12.646870326853238;8770;70.839564195684673;8770;75.722525711844241;8770;550.09643718990117;8770;2.999969481490524;8770;3.0933561204870754
8780;148.9181188390759;8780;12.732322153386027;8780;70.876186407055869;8780;75.795770134586633;8780;549.93826529130342;8780;2.999969481490524;8780;3.0906094546342358
8790;148.99136326181829;8790;12.671285134434035;8790;70.717490157780688;8790;75.905636768700219;8790;549.78009339270579;8790;2.999969481490524;8790;3.0961027863399155
8800;149.17447431867427;8800;12.695699942014832;8800;70.5832087160863;8800;75.930051576281016;8800;549.701007443407;8800;2.999969481490524;8800;3.1025116733298748
8810;149.05240028077029;8810;12.634662923062837;8810;70.5710013122959;8810;75.930051576281016;8810;549.46374959551054;8810;2.999969481490524;8810;3.0985442670979952
8820;149.16226691488387;8820;12.573625904110845;8820;70.473342081972717;8820;75.893429364909821;8820;549.2660347222635;8820;2.999969481490524;8820;3.0997650074770351
8830;148.84487441633351;8830;12.549211096530048;8830;70.44892727439192;8830;75.795770134586633;8830;549.14740579831528;8830;2.999969481490524;8830;3.0915250099185156
8840;148.9669484542375;8840;12.549211096530048;8840;70.375682851649529;8840;75.698110904263444;8840;548.94969092506824;8840;2.999969481490524;8840;3.0994598223822751
8850;149.02798547318949;8850;12.646870326853238;8850;70.278023621326341;8850;75.759147923215437;8850;548.87060497576942;8850;2.999969481490524;8850;3.0970183416241954
8860;149.15005951109347;8860;12.61024811548204;8860;70.131534775841558;8860;75.856807153538625;8860;548.633347127873;8860;2.999969481490524;8860;3.1025116733298748
8870;149.02798547318949;8870;12.475966673787653;8870;70.131534775841558;8870;75.795770134586633;8870;548.51471820392464;8870;2.999969481490524;8870;3.0964079714346755
8880;148.8937040314951;8880;12.463759269997251;8880;70.11932737205116;8880;75.722525711844241;8880;548.435632254626;8880;2.999969481490524;8880;3.0973235267189554
8890;148.9669484542375;8890;12.61024811548204;8890;70.180364391003152;8890;75.759147923215437;8890;548.23791738137879;8890;2.999969481490524;8890;3.0970183416241954
8900;149.00357066560869;8900;12.744529557176429;8900;70.009460737937559;8900;75.844599749748227;8900;548.00065953348246;8900;2.999969481490524;8900;3.0976287118137154
8910;149.13785210730308;8910;12.70790734580523;8910;69.814142277291182;8910;75.856807153538625;8910;547.84248763488483;8910;2.999969481490524;8910;3.1034272286141547
8920;148.9181188390759;8920;12.61024811548204;8920;69.740897854548791;8920;75.869014557329024;8920;547.64477276163768;8920;2.999969481490524;8920;3.0994598223822751
8930;148.9669484542375;8930;12.756736960966828;8930;69.655446028015987;8930;75.881221961119422;8930;547.48660086304;8930;2.999969481490524;8930;3.1025116733298748
8940;148.6983855708487;8940;12.781151768547625;8940;69.667653431806386;8940;75.893429364909821;8940;547.32842896444242;8940;2.999969481490524;8940;3.0939664906765953
8950;148.88149662770471;8950;12.695699942014832;8950;69.618823816644792;8950;75.954466383861813;8950;547.2098000404942;8950;2.999969481490524;8950;3.100680562761315
8960;148.88149662770471;8960;12.70790734580523;8960;69.5455793939024;8960;75.881221961119422;8960;547.01208516724716;8960;2.999969481490524;8960;3.0973235267189554
8970;148.97915585802789;8970;12.695699942014832;8970;69.484542374950408;8970;75.856807153538625;8970;546.69574137005191;8970;2.999969481490524;8970;3.1009857478560749
8980;148.9181188390759;8980;12.634662923062837;8980;69.5699942014832;8980;75.893429364909821;8980;546.61665542075309;8980;2.999969481490524;8980;3.0997650074770351
8990;149.01577806939909;8990;12.671285134434035;8990;69.472334971160009;8990;75.893429364909821;8990;546.41894054750594;8990;2.999969481490524;8990;3.100375377666555
9000;149.11343729972228;9000;12.646870326853238;9000;69.5089571825312;9000;75.942258980071415;9000;546.26076864890831;9000;2.999969481490524;9000;3.1019013031403548
9010;148.88149662770471;9010;12.634662923062837;9010;69.460127567369611;9010;75.966673787652212;9010;546.14213972496009;9010;2.999969481490524;9010;3.0988494521927552
9020;148.9669484542375;9020;12.634662923062837;9020;69.484542374950408;9020;75.905636768700219;9020;546.06305377566139;9020;2.999969481490524;9020;3.1043427838984345
9030;148.84487441633351;9030;12.475966673787653;9030;69.484542374950408;9030;75.844599749748227;9030;545.98396782636246;9030;2.999969481490524;9030;3.0979338969084753
9040;148.9059114352855;9040;12.512588885158848;9040;69.447920163579212;9040;75.905636768700219;9040;545.7467099784659;9040;2.999969481490524;9040;3.1028168584246347
9050;148.77162999359109;9050;12.573625904110845;9050;69.472334971160009;9050;75.942258980071415;9050;545.50945213056946;9050;2.999969481490524;9050;3.0973235267189554
9060;149.10122989593188;9060;12.598040711691642;9060;69.38688314462722;9060;75.881221961119422;9060;545.35128023197183;9060;2.999969481490524;9060;3.1031220435193947
9070;149.08902249214148;9070;12.475966673787653;9070;69.350260933256024;9070;75.881221961119422;9070;545.11402238407538;9070;2.999969481490524;9070;3.100680562761315
9080;149.01577806939909;9080;12.475966673787653;9080;69.252601702932822;9080;75.930051576281016;9080;544.99539346012716;9080;2.999969481490524;9080;3.1043427838984345
9090;149.06460768456068;9090;12.61024811548204;9090;69.350260933256024;9090;76.0277108066042;9090;544.87676453617894;9090;2.999969481490524;9090;3.1046479689931945
9100;148.99136326181829;9100;12.70790734580523;9100;69.338053529465626;9100;75.966673787652212;9100;544.6790496629319;9100;3.0027161473433637;9100;3.1012909329508349
9110;149.05240028077029;9110;12.793359172338024;9110;69.362468337046423;9110;75.930051576281016;9110;544.56042073898368;9110;3.0051576281014434;9110;3.1028168584246347
9120;148.9059114352855;9120;12.646870326853238;9120;69.277016510513619;9120;75.905636768700219;9120;544.44179181503546;9120;3.0075991088595231;9120;3.0982390820032353
9130;148.97915585802789;9130;12.463759269997251;9130;69.142735068819235;9130;75.905636768700219;9130;544.24407694178831;9130;3.0100405896176028;9130;3.1043427838984345
9140;148.74721518601029;9140;12.439344462416454;9140;69.252601702932822;9140;75.893429364909821;9140;544.1254480178402;9140;3.0124820703756825;9140;3.100375377666555
9150;149.07681508835108;9150;12.695699942014832;9150;69.26480910672322;9150;75.966673787652212;9150;543.88819016994364;9150;3.0152287362285222;9150;3.1095309305093539
9160;149.07681508835108;9160;12.744529557176429;9160;69.17935728019043;9160;75.930051576281016;9160;543.76956124599542;9160;3.0176702169866028;9160;3.1055635242774744
9170;149.08902249214148;9170;12.561418500320446;9170;69.02066103091525;9170;75.783562730796234;9170;543.61138934739779;9170;3.0201116977446825;9170;3.1098361156041139
9180;149.06460768456068;9180;12.512588885158848;9180;68.984038819544054;9180;75.807977538377031;9180;543.41367447415075;9180;3.0225531785027622;9180;3.1104464857936338
9190;148.99136326181829;9190;12.451551866206852;9190;68.837549974059272;9190;75.856807153538625;9190;543.17641662625431;9190;3.0249946592608419;9190;3.1147190771202733
9200;149.08902249214148;9200;12.475966673787653;9200;68.874172185430467;9200;75.869014557329024;9200;542.97870175300727;9200;3.0277413251136815;9200;3.1186864833521533
9210;149.02798547318949;9210;12.549211096530048;9210;68.825342570268873;9210;75.893429364909821;9210;542.860072829059;9210;3.0301828058717613;9210;3.1168553727835935
9220;149.17447431867427;9220;12.622455519272439;9220;68.5811944944609;9220;75.893429364909821;9220;542.74144390511083;9220;3.032624286629841;9220;3.1220435193945129
9230;149.07681508835108;9230;12.524796288949247;9230;68.4469130527665;9230;75.759147923215437;9230;542.50418605721438;9230;3.0350657673879207;9230;3.1177709280678734
9240;149.27213354899746;9240;12.549211096530048;9240;68.349253822443316;9240;75.624866481521053;9240;542.38555713326616;9240;3.0375072481460008;9240;3.1247901852473525
9250;149.13785210730308;9250;12.561418500320446;9250;68.312631611072121;9250;75.673696096682647;9250;542.22738523466853;9250;3.0399487289040805;9250;3.1223487044892728
9260;149.24771874141666;9260;12.451551866206852;9260;68.129520554216128;9260;75.685903500473046;9260;541.990127386772;9260;3.04269539475692;9260;3.1321146275215916
9270;149.21109653004547;9270;12.439344462416454;9270;67.970824304940948;9270;75.710318308053843;9270;541.87149846282387;9270;3.045136875515;9270;3.1308938871425518
9280;149.27213354899746;9280;12.414929654835657;9280;67.726676229132963;9280;75.673696096682647;9280;541.67378358957671;9280;3.0475783562730796;9280;3.1351664784691917
9290;149.33317056794945;9290;12.439344462416454;9290;67.677846613971369;9290;75.673696096682647;9290;541.51561169097909;9290;3.0500198370311593;9290;3.1360820337534716
9300;149.24771874141666;9300;12.439344462416454;9300;67.555772576067383;9300;75.698110904263444;9300;541.317896817732;9300;3.052461317789239;9300;3.1348612933744318
9310;149.35758537553025;9310;12.378307443464461;9310;67.360454115420993;9310;75.576036866359445;9310;541.19926789378383;9310;3.0552079836420787;9310;3.1400494399853511
9320;149.33317056794945;9320;12.341685232093266;9320;67.189550462355413;9320;75.527207251197851;9320;541.0410959951862;9320;3.0576494644001588;9320;3.1394390697958312
9330;149.57731864375742;9330;12.268440809350871;9330;67.079683828241826;9330;75.490585039826655;9330;540.88292409658834;9330;3.0600909451582385;9330;3.1470686971648303
9340;149.25992614520706;9340;12.170781579027681;9340;66.945402386547443;9340;75.466170232245858;9340;540.6852092233413;9340;3.0625324259163182;9340;3.1421857356486709
9350;149.38200018311105;9350;12.097537156285288;9350;66.762291329691465;9350;75.356303598132271;9350;540.56658029939308;9350;3.064973906674398;9350;3.14981536301767
9360;149.47965941343423;9360;12.012085329752495;9360;66.676839503158675;9360;75.270851771599482;9360;540.368865426146;9360;3.0677205725272376;9360;3.1467635120700703
9370;149.56511123996702;9370;12.085329752494889;9370;66.3716544083987;9370;75.258644367809083;9370;540.17115055289889;9370;3.0701620532853173;9370;3.1528672139652696
9380;149.57731864375742;9380;12.097537156285288;9380;66.3838618121891;9380;75.258644367809083;9380;540.09206460360019;9380;3.072603534043397;9380;3.1556138798181097
9390;149.49186681722463;9390;11.877803888058107;9390;66.286202581865908;9390;75.331888790551474;9390;539.93389270500256;9390;3.0750450148014767;9390;3.1592761009552293
9400;149.71160008545183;9400;11.841181676686912;9400;66.1885433515427;9400;75.28305917538988;9400;539.81526378105434;9400;3.0774864955595573;9400;3.1626331369975889
9410;149.62614825891905;9410;11.914426099429303;9410;66.054261909848321;9410;75.173192541276279;9410;539.6570918824566;9410;3.080233161412397;9410;3.161107211523789
9420;149.73601489303263;9420;11.877803888058107;9420;65.810113834040337;9420;75.160985137485881;9420;539.41983403456015;9420;3.0826746421704767;9420;3.1681264687032682
9430;149.66277047029024;9430;11.841181676686912;9430;65.627002777184359;9430;75.0267036957915;9430;539.30120511061193;9430;3.0851161229285564;9430;3.1650746177556686
9440;149.76042970061343;9440;11.804559465315714;9440;65.541550950651569;9440;74.9778740806299;9440;539.18257618666371;9440;3.0875576036866361;9440;3.1720938749351477
9450;149.44303720206304;9450;11.767937253944519;9450;65.492721335489975;9450;74.9412518692587;9450;538.98486131341667;9450;3.0899990844447158;9450;3.1681264687032682
9460;149.66277047029024;9460;11.731315042573321;9460;65.443891720328381;9460;74.843592638935519;9460;538.78714644016964;9460;3.0927457502975555;9460;3.1757560960722682
9470;149.72380748924223;9470;11.584826197088534;9470;65.407269508957171;9470;74.794763023773911;9470;538.66851751622141;9470;3.0951872310556352;9470;3.1766716513565481
9480;149.69939268166144;9480;11.474959562974945;9480;65.089877010406809;9480;74.733726004821918;9480;538.39171669367556;9480;3.0976287118137154;9480;3.1809442426831875
9490;149.63835566270944;9490;11.499374370555744;9490;65.077669606616411;9490;74.648274178289128;9490;538.23354479507793;9490;3.1000701925717951;9490;3.1818597979674674
9500;149.55290383617663;9500;11.450544755394148;9500;65.041047395245215;9500;74.526200140385143;9500;538.11491587112971;9500;3.1025116733298748;9500;3.1821649830622274
9510;149.65056306649984;9510;11.474959562974945;9510;64.967802972502824;9510;74.501785332804346;9510;538.03582992183078;9510;3.1049531540879545;9510;3.1882686849574267
9520;149.43082979827264;9520;11.389507736442154;9520;64.735862300485252;9520;74.46516312143315;9520;537.87765802323315;9520;3.1076998199407941;9520;3.1873531296731468
9530;149.49186681722463;9530;11.279641102328561;9530;64.491714224677267;9530;74.440748313852353;9530;537.71948612463552;9530;3.1101413006988738;9530;3.1946775719473863
9540;149.51628162480543;9540;11.316263313699759;9540;64.418469801934876;9540;74.282052064577158;9540;537.56131422603789;9540;3.1125827814569536;9540;3.1904049806207464
9550;149.60173345133822;9550;11.279641102328561;9550;64.369640186773282;9550;74.221015045625165;9550;537.48222827673908;9550;3.1150242622150333;9550;3.1968138676107061
9560;149.30875576036865;9560;11.169774468214973;9560;64.333017975402086;9560;74.245429853205962;9560;537.32405637814145;9560;3.1174657429731134;9560;3.1943723868526264
9570;149.43082979827264;9570;11.133152256843774;9570;64.1499069185461;9570;74.208807641834767;9570;537.20542745419323;9570;3.1202124088259531;9570;3.2016968291268655
9580;149.49186681722463;9580;11.096530045472578;9580;64.1499069185461;9580;74.159978026673173;9580;537.086798530245;9580;3.1226538895840328;9580;3.2020020142216254
9590;149.41862239448224;9590;11.108737449262977;9590;64.01562547685171;9590;74.208807641834767;9590;536.889083656998;9590;3.1250953703421125;9590;3.2047486800744651
9600;149.44303720206304;9600;10.937833796197394;9600;63.844721823786124;9600;74.074526200140383;9600;536.77045473304975;9600;3.1275368511001922;9600;3.2102420117801445
9610;149.38200018311105;9610;10.840174565874202;9610;63.71044038209174;9610;73.879207739494;9610;536.57273985980271;9610;3.1299783318582719;9610;3.2105471968749044
9620;149.51628162480543;9620;10.889004181035796;9620;63.502914517654965;9620;73.9524521622364;9620;536.45411093585449;9620;3.1327249977111116;9620;3.2160405285805842
9630;149.39420758690144;9630;10.815759758293405;9630;63.368633075960567;9630;73.867000335703608;9630;536.25639606260745;9630;3.1351664784691917;9630;3.2123783074434642
9640;149.49186681722463;9640;10.754722739341412;9640;63.307596057008574;9640;73.879207739494;9640;536.13776713865923;9640;3.1376079592272714;9640;3.2200079348124637
9650;149.28434095278786;9650;10.718100527970217;9650;63.197729422894987;9650;74.025696584978789;9650;535.9795952400616;9650;3.1400494399853511;9650;3.2157353434858242
9660;149.55290383617663;9660;10.669270912808619;9660;63.0268257698294;9660;74.01348918118839;9660;535.82142334146386;9660;3.1424909207434308;9660;3.2230597857600634
9670;149.56511123996702;9670;10.534989471114232;9670;62.990203558458205;9670;73.940244758446;9670;535.70279441751552;9670;3.1452375865962705;9670;3.2236701559495833
9680;149.46745200964384;9680;10.400708029419842;9680;62.86812952055422;9680;73.8914151432844;9680;535.54462251891789;9680;3.14767906735435;9680;3.2279427472762228
9690;149.52848902859583;9690;10.339671010467848;9690;62.819299905392626;9690;73.854792931913209;9690;535.38645062032026;9690;3.15012054811243;9690;3.2291634876552626
9700;149.54069643238623;9700;10.339671010467848;9700;62.648396252327032;9700;73.8914151432844;9700;535.267821696372;9700;3.1525620288705096;9700;3.2303842280343025
9710;149.52848902859583;9710;10.315256202887051;9710;62.587359233375039;9710;73.9524521622364;9710;535.070106823125;9710;3.1550035096285898;9710;3.2367931150242626
9720;149.29654835657826;9720;10.254219183935056;9720;62.611774040955837;9720;73.879207739494;9720;534.91193492452737;9720;3.1574449903866695;9720;3.233436078981903
9730;149.63835566270944;9730;10.278633991515855;9730;62.392040772728663;9730;73.744926297799623;9730;534.79330600057915;9730;3.1601916562395092;9730;3.2398449659718622
9740;149.52848902859583;9740;10.205389568773462;9740;62.33100375377667;9740;73.68388927884763;9740;534.67467707663093;9740;3.1626331369975889;9740;3.2355723746452227
9750;149.60173345133822;9750;10.217596972563861;9750;62.294381542405461;9750;73.696096682638029;9750;534.55604815268271;9750;3.1650746177556686;9750;3.2425916318247019
9760;149.55290383617663;9760;10.107730338450269;9760;62.123477889339881;9760;73.671681875057232;9760;534.35833327943556;9760;3.1675160985137483;9760;3.2401501510666222
9770;149.62614825891905;9770;9.9246192815942873;9770;61.9769890438551;9770;73.635059663686036;9770;534.16061840618863;9770;3.169957579271828;9770;3.2456434827723015
9780;149.65056306649984;9780;9.8879970702230917;9780;62.111270485549483;9780;73.598437452314826;9780;534.08153245688982;9780;3.1727042451246676;9780;3.2456434827723015
9790;149.56511123996702;9790;9.814752647480697;9790;62.099063081759084;9790;73.598437452314826;9790;534.002446507591;9790;3.1751457258827482;9790;3.2477797784356213
9800;149.72380748924223;9800;9.814752647480697;9800;61.9891964476455;9800;73.610644856105225;9800;533.76518865969445;9800;3.1775872066408279;9800;3.2520523697622612
9810;149.71160008545183;9810;9.8391674550614958;9810;61.867122409741505;9810;73.622852259895623;9810;533.52793081179811;9810;3.1800286873989076;9810;3.250221259193701
9820;149.74822229682303;9820;9.7903378398999;9820;61.818292794579911;9820;73.671681875057232;9820;533.52793081179811;9820;3.1824701681569874;9820;3.2560197759941407
9830;149.51628162480543;9830;9.7293008209479037;9830;61.854915005951106;9830;73.586230048524428;9830;533.40930188784978;9830;3.185216834009827;9830;3.2517471846675008
9840;149.73601489303263;9840;9.7903378398999;9840;61.830500198370309;9840;73.512985625782036;9840;533.29067296390156;9840;3.1876583147679067;9840;3.2581560716574605
9850;149.71160008545183;9850;9.7048860133671067;9850;61.854915005951106;9850;73.574022644734029;9850;533.17204403995333;9850;3.1900997955259864;9850;3.2547990356151009
9860;149.76042970061343;9860;9.643848994415114;9860;61.806085390789512;9860;73.708304086428427;9860;533.01387214135571;9860;3.1925412762840661;9860;3.2609027375103
9870;149.82146671956542;9870;9.6560563982055125;9870;61.9037446211127;9870;73.805963316751615;9870;532.81615726810867;9870;3.1949827570421463;9870;3.2593768120365003
9880;149.84588152714622;9880;9.5461897640919222;9880;61.806085390789512;9880;73.574022644734029;9880;532.73707131880985;9880;3.197729422894986;9880;3.2639545884578998
9890;149.90691854609821;9890;9.46073793755913;9890;61.915952024903106;9890;73.439741203039645;9890;532.53935644556282;9890;3.2001709036530657;9890;3.2651753288369396
9900;149.931333353679;9900;9.3752861110263375;9900;61.915952024903106;9900;73.512985625782036;9900;532.38118454696519;9900;3.2026123844111454;9900;3.2645649586474197
9910;150.0289925840022;9910;9.2898342844935442;9910;61.720633564256723;9910;73.512985625782036;9910;532.34164157231578;9910;3.2050538651692251;9910;3.270363475447859
9920;149.90691854609821;9920;9.33866389965514;9920;61.793877986999114;9920;73.574022644734029;9920;532.14392669906874;9920;3.2074953459273048;9920;3.2679219946897793
9930;150.0167851802118;9930;9.4485305337687322;9930;61.696218756675925;9930;73.598437452314826;9930;532.02529777512052;9930;3.2102420117801445;9930;3.2749412518692589
9940;149.80925931577502;9940;9.3264564958647416;9940;61.696218756675925;9940;73.622852259895623;9940;531.9066688511723;9940;3.2126834925382242;9940;3.2691427350688191
9950;149.91912594988861;9950;9.2898342844935442;9950;61.684011352885527;9950;73.598437452314826;9950;531.74849695257456;9950;3.2151249732963043;9950;3.2746360667744989
9960;149.72380748924223;9960;9.314249092074343;9960;61.671803949095128;9960;73.586230048524428;9960;531.55078207932763;9960;3.217566454054384;9960;3.2724997711111792
9970;149.83367412335582;9970;9.24100466933195;9970;61.708426160466324;9970;73.525193029572435;9970;531.4716961300287;9970;3.2200079348124637;9970;3.2798242133854183
9980;149.84588152714622;9980;9.2287972655415516;9980;61.793877986999114;9980;73.598437452314826;9980;531.31352423143107;9980;3.2224494155705434;9980;3.2801293984801783
9990;149.85808893093662;9990;9.3264564958647416;9990;61.65959654530473;9990;73.622852259895623;9990;531.19489530748285;9990;3.2251960814233831;9990;3.2816553239539781
10000;149.94354075746941;10000;9.24100466933195;10000;61.622974333933534;10000;73.549607837153232;10000;531.15535233283344;10000;3.2276375621814628;10000;3.2850123599963377
10010;149.69939268166144;10010;9.0823084200567639;10010;61.610766930143136;10010;73.68388927884763;10010;530.91809448493711;10010;3.2300790429395425;10010;3.2840968047120578
10020;149.74822229682303;10020;9.0823084200567639;10020;61.586352122562339;10020;73.781548509170818;10020;530.75992258633926;10020;3.2325205236976231;10020;3.290810876796777
10030;149.65056306649984;10030;9.0945158238471624;10030;61.476485488448738;10030;73.708304086428427;10030;530.68083663704044;10030;3.2349620044557028;10030;3.2868434705648975
10040;149.74822229682303;10040;9.1677602465895571;10040;61.488692892239136;10040;73.586230048524428;10040;530.56220771309222;10040;3.2377086703085425;10040;3.294473097933897
10050;149.52848902859583;10050;9.0456862086855683;10050;61.525315103610346;10050;73.622852259895623;10050;530.32494986519578;10050;3.2401501510666222;10050;3.290810876796777
10060;149.69939268166144;10060;8.9968565935239724;10060;61.317789239173557;10060;73.598437452314826;10060;530.16677796659815;10060;3.2425916318247019;10060;3.2972197637867366
10070;149.66277047029024;10070;8.935819574571978;10070;61.281167027802361;10070;73.488570818201239;10070;530.04814904264981;10070;3.2450331125827816;10070;3.2966093935972167
10080;149.67497787408064;10080;8.862575151829585;10080;61.20792260505997;10080;73.549607837153232;10080;529.9295201187017;10080;3.2474745933408613;10080;3.3014923551133761
10090;149.55290383617663;10090;8.89919736320078;10090;61.159092989898376;10090;73.586230048524428;10090;529.81089119475348;10090;3.250221259193701;10090;3.3039338358714558
10100;149.51628162480543;10100;8.8381603442487862;10100;61.000396740623188;10100;73.574022644734029;10100;529.61317632150633;10100;3.2526627399517811;10100;3.3033234656819359
10110;149.85808893093662;10110;8.7771233252967935;10110;60.9027375103;10110;73.610644856105225;10110;529.49454739755822;10110;3.2551042207098608;10110;3.3097323526718951
10120;149.56511123996702;10120;8.7527085177159947;10120;60.792870876186413;10120;73.671681875057232;10120;529.37591847361;10120;3.2575457014679405;10120;3.3072908719138154
10130;149.73601489303263;10130;8.80153813287759;10130;60.683004242072812;10130;73.586230048524428;10130;529.29683252431107;10130;3.2599871822260202;10130;3.314615314188055
10140;149.61394085512865;10140;8.764915921506395;10140;60.573137607959225;10140;73.415326395458848;10140;529.178203600363;10140;3.26273384807886;10140;3.3106479079561755
10150;149.72380748924223;10150;8.691671498764;10150;60.499893185216834;10150;73.366496780297254;10150;528.98048872711581;10150;3.2651753288369396;10150;3.3191930906094544
10160;149.69939268166144;10160;8.6550492873928029;10160;60.463270973845638;10160;73.366496780297254;10160;528.86185980316759;10160;3.2676168095950193;10160;3.3170567949461347
10170;149.69939268166144;10170;8.6306344798120058;10170;60.243537705618458;10170;73.464156010620442;10170;528.66414492992055;10170;3.270058290353099;10170;3.322550126651814
10180;149.71160008545183;10180;8.6062196722312088;10180;60.194708090456864;10180;73.512985625782036;10180;528.54551600597233;10180;3.2724997711111792;10180;3.3243812372203738
10190;149.73601489303263;10190;8.5695974608600132;10190;60.06042664876248;10190;73.354289376506856;10190;528.42688708202411;10190;3.2752464369640188;10190;3.3277382732627334
10200;149.84588152714622;10200;8.5207678456984173;10200;60.072634052552878;10200;73.342081972716457;10200;528.34780113272529;10200;3.2776879177220986;10200;3.3320108645893738
10210;149.66277047029024;10210;8.3254493850520355;10210;59.93835261085848;10210;73.305459761345261;10210;528.26871518342648;10210;3.2801293984801783;10210;3.330179754020814
10220;149.79705191198462;10220;8.27661976989044;10220;59.706411938840908;10220;73.19559312723166;10220;528.11054328482885;10220;3.282570879238258;10220;3.3381145664845731
10230;149.71160008545183;10230;8.2399975585192422;10230;59.60875270851772;10230;73.232215338602856;10230;527.99191436088063;10230;3.2850123599963377;10230;3.3347575304422135
10240;149.90691854609821;10240;8.2155827509384434;10240;59.535508285775322;10240;73.256630146183667;10240;527.75465651298418;10240;3.2874538407544174;10240;3.3433027130954924
10250;149.67497787408064;10250;8.1545457319864489;10250;59.596545304727321;10250;73.171178319650863;10250;527.63602758903585;10250;3.290200506607257;10250;3.3405560472426528
10260;149.88250373851741;10260;8.1789605395672478;10260;59.462263863032931;10260;73.024689474166081;10260;527.51739866508774;10260;3.2926419873653372;10260;3.3481856746116518
10270;149.95574816125981;10270;8.2155827509384434;10270;59.364604632709742;10270;73.061311685537277;10270;527.43831271578881;10270;3.2950834681234169;10270;3.3478804895168919
10280;149.9801629688406;10280;8.2155827509384434;10280;59.279152806176953;10280;73.000274666585284;10280;527.35922676649011;10280;3.2975249488814966;10280;3.3530686361278117
10290;150.10223700674459;10290;8.1911679433576463;10290;59.144871364482555;10290;72.8904080324717;10290;527.31968379184059;10290;3.2999664296395763;10290;3.3570360423596912
10300;150.07782219916379;10300;8.1179235206152534;10300;58.973967711416975;10300;72.9026154362621;10300;527.161511893243;10300;3.302713095492416;10300;3.3579515976439711
10310;150.28534806360057;10310;8.0202642902920616;10310;58.949552903836178;10310;72.8904080324717;10310;527.04288296929474;10310;3.3051545762504957;10310;3.3643604846339303
10320;150.12665181432538;10320;7.9958494827112645;10320;58.876308481093787;10320;72.82937101351969;10320;526.88471107069711;10320;3.3075960570085754;10320;3.3616138187810907
10330;150.23651844843897;10330;7.959227271340068;10330;58.668782616657;10330;72.8049562059389;10330;526.80562512139829;10330;3.3100375377666551;10330;3.37046418652913
10340;150.0289925840022;10340;7.7761162144840839;10340;58.583330790124208;10340;72.634052552873314;10340;526.64745322280066;10340;3.3124790185247353;10340;3.36680196539201
10350;150.30976287118136;10350;7.678456984160893;10350;58.351390118106629;10350;72.560808130130923;10350;526.489281324203;10350;3.3152256843775749;10350;3.3747367778557695
10360;150.26093325601977;10360;7.6174199652088994;10360;58.375804925687426;10360;72.536393322550126;10360;526.44973834955363;10360;3.3176671651356546;10360;3.3732108523819697
10370;150.34638508255256;10370;7.6418347727896974;10370;58.217108676412245;10370;72.548600726340524;10370;526.3311094256054;10370;3.3201086458937343;10370;3.3805352946562088
10380;150.54170354319896;10380;7.6540421765800959;10380;58.180486465041049;10380;72.536393322550126;10380;526.17293752700778;10380;3.322550126651814;10380;3.3829767754142885
10390;150.32197027497176;10390;7.580797753837702;10390;58.046205023346666;10390;72.353282265694148;10390;526.093851577709;10390;3.3249916074098937;10390;3.3854182561723682
10400;150.27314065981017;10400;7.580797753837702;10400;57.814264351329079;10400;72.353282265694148;10400;525.97522265376074;10400;3.3277382732627334;10400;3.3899960325937686
10410;150.22431104464857;10410;7.5685903500473035;10410;57.753227332377087;10410;72.389904477065343;10410;525.89613670446192;10410;3.330179754020814;10410;3.3890804773094887
10420;150.32197027497176;10420;7.6174199652088994;10420;57.704397717215492;10420;72.255623035370959;10420;525.85659372981252;10420;3.3326212347788937;10420;3.3973204748680077
10430;150.0167851802118;10430;7.3488570818201246;10430;57.5823236793115;10430;72.109134189886177;10430;525.7775077805137;10430;3.3350627155369734;10430;3.3936582537308881
10440;150.16327402569658;10440;7.3488570818201246;10440;57.313760795922732;10440;72.023682363353373;10440;525.65887885656525;10440;3.3375041962950531;10440;3.4022034363841671
10450;150.053407391583;10450;7.38547929319132;10450;57.13064973906674;10450;72.04809717093417;10450;525.54024993261692;10450;3.3402508621478928;10450;3.3994567705313274
10460;150.26093325601977;10460;7.1535386211737428;10460;57.106234931485943;10460;72.011474959562975;10460;525.42162100866881;10460;3.3426923429059725;10460;3.4080019531846064
10470;150.19989623706778;10470;7.0314645832697531;10470;57.081820123905146;10470;71.877193517868591;10470;525.26344911007118;10470;3.3451338236640522;10470;3.4089175084688867
10480;150.13885921811578;10480;7.1047090060121469;10480;56.849879451887574;10480;71.828363902707;10480;525.144820186123;10480;3.3475753044221319;10480;3.4122745445112463
10490;150.22431104464857;10490;7.0192571794793546;10490;56.801049836725973;10490;71.8039490951262;10490;525.02619126217462;10490;3.3500167851802121;10490;3.415326395458846
10500;150.22431104464857;10500;6.8971831415753648;10500;56.617938779869995;10500;71.7795342875454;10500;524.98664828752533;10500;3.3524582659382918;10500;3.4165471358378858
10510;150.18768883327738;10510;7.007049775688956;10510;56.483657338175611;10510;71.7551194799646;10510;524.868019363577;10510;3.3552049317911314;10510;3.423566393017365
10520;149.931333353679;10520;6.95822016052736;10520;56.337168492690815;10520;71.730704672383808;10520;524.70984746497936;10520;3.3576464125492111;10520;3.4205145420697654
10530;150.10223700674459;10530;6.8605609302041692;10530;56.166264839625235;10530;71.572008423108613;10530;524.59121854103114;10530;3.3600878933072909;10530;3.4296700949125647
10540;149.931333353679;10540;6.8361461226233713;10540;56.080813013092445;10540;71.535386211737418;10540;524.47258961708292;10540;3.3625293740653706;10540;3.4260078737754447
10550;150.09002960295419;10550;6.7995239112521739;10550;55.885494552446055;10550;71.486556596575824;10550;524.31441771848529;10550;3.3649708548234503;10550;3.4342478713339641
10560;149.992370372631;10560;6.6896572771385845;10560;55.751213110751671;10560;71.425519577623831;10560;524.15624581988766;10560;3.36771752067629;10560;3.4327219458601643
10570;150.0411999877926;10570;6.62862025818659;10570;55.568102053895686;10570;71.449934385204628;10570;524.03761689593944;10570;3.37015900143437;10570;3.4376049073763237
10580;149.992370372631;10580;6.5797906430249951;10580;55.629139072847678;10580;71.449934385204628;10580;523.99807392129;10580;3.37260048219245;10580;3.4394360179448835
10590;150.0167851802118;10590;6.4699240089114056;10590;55.61693166905728;10590;71.425519577623831;10590;523.87944499734181;10590;3.3750419629505295;10590;3.443708609271523
10600;150.09002960295419;10600;6.4577166051210053;10600;55.4338206122013;10600;71.35227515488144;10600;523.76081607339358;10600;3.3774834437086092;10600;3.4492019409772028
10610;149.89471114230781;10610;6.3234351634266188;10610;55.153050325022122;10610;71.327860347300643;10610;523.64218714944536;10610;3.3802301095614489;10610;3.447676015503403
10620;150.07782219916379;10620;6.2135685293130276;10620;55.018768883327738;10620;71.23020111697744;10620;523.56310120014643;10620;3.3826715903195286;10620;3.4550004577776421
10630;149.9801629688406;10630;6.1891537217322306;10630;54.908902249214151;10630;71.254615924558237;10630;523.52355822549714;10630;3.3851130710776083;10630;3.4516434217352825
10640;150.18768883327738;10640;6.1281167027802361;10640;54.823450422681354;10640;71.254615924558237;10640;523.4049293015488;10640;3.387554551835688;10640;3.4598834192938015
10650;150.0411999877926;10650;6.0670796838282426;10650;54.92110965300455;10650;71.059297463911861;10650;523.3258433522501;10650;3.3899960325937686;10650;3.4568315683462019
10660;150.26093325601977;10660;6.1281167027802361;10660;54.823450422681354;10660;71.071504867702259;10660;523.20721442830188;10660;3.3927426984466083;10660;3.4650715659047209
10670;150.114444410535;10670;6.152531510361035;10670;54.811243018890956;10670;71.047090060121462;10670;523.04904252970414;10670;3.395184179204688;10670;3.4665974913785207
10680;150.053407391583;10680;5.9816278572954493;10680;54.591509750663782;10680;70.973845637379071;10680;522.96995658040532;10680;3.3976256599627677;10680;3.4714804528946805
10690;150.26093325601977;10690;5.8717612231818608;10690;54.518265327921391;10690;70.912808618427078;10690;522.89087063110651;10690;3.4000671407208474;10690;3.4739219336527603
10700;150.17548142948698;10700;5.8473464156010628;10700;54.445020905178986;10700;70.827356791894275;10700;522.77224170715829;10700;3.4025086214789271;10700;3.47422711874752
10710;150.35859248634296;10710;5.8351390118106625;10710;54.359569078646196;10710;70.815149388103876;10710;522.69315575785959;10710;3.4052552873317667;10710;3.4800256355479595
10720;150.30976287118136;10720;5.8107242042298655;10720;54.249702444532609;10720;70.754112369151883;10720;522.65361278321006;10720;3.4076967680898465;10720;3.47727896969512
10730;150.49287392803737;10730;5.7130649739066746;10730;54.176458021790218;10730;70.754112369151883;10730;522.57452683391125;10730;3.4101382488479266;10730;3.4858241523483988
10740;150.32197027497176;10740;5.6154057435834837;10740;54.176458021790218;10740;70.705282753990289;10740;522.455897909963;10740;3.4125797296060063;10740;3.4821619312112793
10750;150.46845912045657;10750;5.6031983397930851;10750;54.152043214209421;10750;70.6320383312479;10750;522.37681196066421;10750;3.415021210364086;10750;3.4910122989593191
10760;150.41962950529498;10760;5.6642353587450787;10760;54.237495040742211;10760;70.5710013122959;10760;522.258183036716;10760;3.4174626911221657;10760;3.4891811883907593
10770;150.54170354319896;10770;5.6642353587450787;10770;54.078798791467023;10770;70.6076235236671;10770;522.13955411276777;10770;3.4202093569750054;10770;3.4952848902859586
10780;150.49287392803737;10780;5.4689168980986969;10780;54.115421002838225;10780;70.729697561571086;10780;522.02092518881955;10780;3.4226508377330851;10780;3.4962004455702385
10790;150.49287392803737;10790;5.4322946867274995;10790;54.01776177251503;10790;70.6564531388287;10790;521.82321031557251;10790;3.4250923184911648;10790;3.4977263710440383
10800;150.66377758110295;10800;5.5665761284218869;10800;53.93230994598224;10800;70.5954161198767;10800;521.7836673409231;10800;3.4275337992492445;10800;3.5038300729392375
10810;150.46845912045657;10810;5.3590502639851083;10810;53.859065523239849;10810;70.5587939085055;10810;521.74412436627358;10810;3.4299752800073247;10810;3.5035248878444776
10820;150.72481460005494;10820;5.1881466109195227;10820;53.798028504287856;10820;70.44892727439192;10820;521.70458139162429;10820;3.4327219458601643;10820;3.5102389599291972
10830;150.55391094698936;10830;5.1759392071291233;10830;53.736991485335864;10830;70.314645832697536;10830;521.62549544232547;10830;3.435163426618244;10830;3.5059663686025577
10840;150.68819238868375;10840;5.2491836298715162;10840;53.614917447431864;10840;70.253608813745544;10840;521.46732354372784;10840;3.4376049073763237;10840;3.5139011810663168
10850;150.65157017731255;10850;5.2858058412427145;10850;53.602710043641466;10850;70.229194006164747;10850;521.42778056907832;10850;3.4400463881344034;10850;3.5111545152134771
10860;150.65157017731255;10860;5.2858058412427145;10860;53.578295236060669;10860;70.253608813745544;10860;521.388237594429;10860;3.4424878688924831;10860;3.5187841425824762
10870;150.59053315836056;10870;5.1881466109195227;10870;53.675954466383857;10870;70.290231025116739;10870;521.2300656958314;10870;3.4452345347453228;10870;3.5178685872981963
10880;150.59053315836056;10880;4.9928281502731409;10880;53.468428601947082;10880;70.424512466811123;10880;521.11143677188306;10880;3.447676015503403;10880;3.5227515488143557
10890;150.62715536973175;10890;4.89516891994995;10890;53.3463545640431;10890;70.400097659230326;10890;521.07189379723377;10890;3.4501174962614827;10890;3.5251930295724354
10900;150.56611835077976;10900;4.9195837275307479;10900;53.3463545640431;10900;70.278023621326341;10900;521.03235082258436;10900;3.4525589770195624;10900;3.5251930295724354
10910;150.72481460005494;10910;4.9928281502731409;10910;53.1998657185583;10910;70.375682851649529;10910;520.99280784793484;10910;3.4550004577776421;10910;3.532212286751915
10920;150.54170354319896;10920;4.9928281502731409;10920;53.126621295815909;10920;70.290231025116739;10920;520.87417892398673;10920;3.4577471236304818;10920;3.5297708059938353
10930;150.65157017731255;10930;5.0294503616443373;10930;53.138828699606307;10930;70.11932737205116;10930;520.75555000003851;10930;3.4601886043885615;10930;3.5377056184575943
10940;150.48066652424697;10940;4.8341319009979555;10940;53.11441389202551;10940;70.168156987212754;10940;520.716007025389;10940;3.4626300851466412;10940;3.5337382122257148
10950;150.65157017731255;10950;4.7608874782555617;10950;52.931302835169532;10950;70.20477919858395;10950;520.67646405073958;10950;3.4650715659047209;10950;3.5422833948789938
10960;150.44404431287577;10960;4.7486800744651632;10960;52.845851008636735;10960;70.180364391003152;10960;520.518292152142;10960;3.467513046662801;10960;3.5398419141209141
10970;150.39521469771418;10970;4.7120578630939667;10970;52.674947355571156;10970;70.143742179631957;10970;520.39966322819362;10970;3.4699545274208807;10970;3.5462508011108742
10980;150.41962950529498;10980;4.7364726706747646;10980;52.72377697073275;10980;70.11932737205116;10980;520.36012025354421;10980;3.4727011932737204;10980;3.547776726584674
10990;150.35859248634296;10990;4.6388134403515728;10990;52.735984374523149;10990;70.143742179631957;10990;520.20194835494658;10990;3.4751426740318;10990;3.5508285775322737
11000;150.30976287118136;11000;4.5411542100283819;11000;52.577288125247968;11000;70.20477919858395;11000;520.12286240564777;11000;3.47758415478988;11000;3.5557115390484331
11010;150.27314065981017;11010;4.5411542100283819;11010;52.44300668355357;11010;70.021668141727957;11010;520.043776456349;11010;3.4800256355479595;11010;3.5535752433851133
11020;150.46845912045657;11020;4.4557023834955904;11020;52.369762260811179;11020;70.021668141727957;11020;519.96469050705014;11020;3.4824671163060392;11020;3.5615100558488724
11030;150.27314065981017;11030;4.3702505569627981;11030;52.27210303048799;11030;70.046082949308754;11030;519.88560455775132;11030;3.4852137821588789;11030;3.5572374645222329
11040;150.39521469771418;11040;4.4312875759147925;11040;52.27210303048799;11040;69.985045930356762;11040;519.84606158310191;11040;3.4876552629169595;11040;3.5651722769859924
11050;150.21210364085817;11050;4.3092135380108036;11050;52.320932645649584;11050;69.985045930356762;11050;519.80651860845251;11050;3.4900967436750392;11050;3.5621204260383923
11060;150.29755546739096;11060;4.2359691152684107;11060;52.1134067812128;11060;70.009460737937559;11060;519.72743265915369;11060;3.4925382244331189;11060;3.568529313028352
11070;150.22431104464857;11070;4.2603839228492086;11070;52.1134067812128;11070;69.936216315195168;11070;519.60880373520547;11070;3.4949797051911986;11070;3.568529313028352
11080;150.28534806360057;11080;4.2481765190588092;11080;52.088991973632005;11080;69.826349681081581;11080;519.52971778590666;11080;3.4977263710440383;11080;3.5737174596392713
11090;150.35859248634296;11090;4.2481765190588092;11090;52.027954954680013;11090;69.911801507614371;11090;519.49017481125725;11090;3.500167851802118;11090;3.576464125492111
11100;150.26093325601977;11100;4.1749320963164163;11100;51.905880916776027;11100;69.911801507614371;11100;519.41108886195832;11100;3.5026093325601977;11100;3.576464125492111
11110;150.44404431287577;11110;4.1505172887356183;11110;51.808221686452839;11110;69.777520065919987;11110;519.29245993801021;11110;3.5050508133182774;11110;3.58348338267159
11120;150.30976287118136;11120;4.2359691152684107;11120;51.759392071291245;11120;69.704275643177581;11120;519.173831014062;11120;3.5074922940763575;11120;3.5810419019135105
11130;150.38300729392375;11130;4.2481765190588092;11130;51.649525437177644;11130;69.655446028015987;11130;519.01565911546436;11130;3.5102389599291972;11130;3.58745078890347
11140;150.27314065981017;11140;4.1138950773644218;11140;51.625110629596847;11140;69.692068239387183;11140;518.97611614081484;11140;3.5126804406872769;11140;3.58348338267159
11150;150.45625171666617;11150;4.0772728659932245;11150;51.588488418225651;11150;69.679860835596784;11150;518.97611614081484;11150;3.5151219214453566;11150;3.5923337504196295
11160;150.27314065981017;11160;4.0772728659932245;11160;51.564073610644854;11160;69.655446028015987;11160;518.897030191516;11160;3.5175634022034363;11160;3.5911130100405897
11170;150.34638508255256;11170;4.0284432508316295;11170;51.454206976531268;11170;69.5822016052736;11170;518.81794424221721;11170;3.520004882961516;11170;3.5963011566515091
11180;150.51728873561817;11180;3.8575395977660452;11180;51.490829187902463;11180;69.5577867976928;11180;518.6993153182691;11180;3.5227515488143557;11180;3.597216711935789
11190;150.51728873561817;11190;3.8819544053468427;11190;51.417584765160072;11190;69.484542374950408;11190;518.62022936897017;11190;3.5251930295724354;11190;3.5999633777886286
11200;150.48066652424697;11200;3.8697470015564441;11200;51.319925534836877;11200;69.350260933256024;11200;518.54114341967147;11200;3.5276345103305156;11200;3.6048463393047885
11210;150.32197027497176;11210;3.7842951750236518;11210;51.246681112094485;11210;69.325846125675213;11210;518.501600445022;11210;3.5300759910885953;11210;3.6039307840205086
11220;150.56611835077976;11220;3.8209173863948487;11220;51.161229285561696;11220;69.374675740836821;11220;518.46205747037254;11220;3.532517471846675;11220;3.6112552262947477
11230;150.50508133182777;11230;3.7965025788140512;11230;51.173436689352094;11230;69.338053529465626;11230;518.30388557177491;11230;3.5349589526047547;11230;3.6069826349681082
11240;150.81026642658773;11240;3.8209173863948487;11240;51.1123996704001;11240;69.26480910672322;11240;518.30388557177491;11240;3.5377056184575943;11240;3.6146122623371073
11250;150.77364421521654;11250;3.7720877712332532;11250;51.026947843867312;11250;69.228186895352025;11250;518.26434259712551;11250;3.5401470992156741;11250;3.6112552262947477
11260;150.81026642658773;11260;3.6866359447004609;11260;50.868251594592117;11260;69.17935728019043;11260;518.14571367317728;11260;3.5425885799737538;11260;3.6188848536637468
11270;150.87130344553972;11270;3.6500137333292644;11270;50.892666402172914;11270;69.118320261238438;11270;517.98754177457965;11270;3.5450300607318344;11270;3.6191900387585068
11280;150.95675527207251;11280;3.6988433484908603;11280;50.831629383220921;11280;69.093905453657641;11280;517.94799879993025;11280;3.5474715414899141;11280;3.6234626300851467
11290;150.93234046449172;11290;3.7354655598620563;11290;50.770592364268929;11290;69.130527665028836;11290;517.98754177457965;11290;3.5502182073427537;11290;3.6268196661275063
11300;150.85909604174932;11300;3.6744285409100623;11300;50.733970152897733;11300;69.069490646076844;11300;517.90845582528084;11300;3.5526596881008334;11300;3.6274300363170262
11310;150.95675527207251;11310;3.5523545030060735;11310;50.660725730155342;11310;68.996246223334452;11310;517.829369875982;11310;3.5551011688589131;11310;3.6338389233069854
11320;150.83468123416853;11320;3.4424878688924831;11320;50.514236884670552;11320;69.008453627124851;11320;517.7107409520338;11320;3.5575426496169928;11320;3.6304818872646258
11330;151.00558488723411;11330;3.527939695425276;11330;50.36774803918577;11330;69.008453627124851;11330;517.6711979773844;11330;3.5599841303750726;11330;3.6384166997283849
11340;150.88351084933012;11340;3.6011841181676689;11340;50.343333231604973;11340;68.910794396801663;11340;517.59211202808547;11340;3.5627307962279122;11340;3.6344492934965054
11350;151.01779229102451;11350;3.4424878688924831;11350;50.221259193700988;11350;68.898586993011264;11350;517.631655002735;11350;3.5651722769859924;11350;3.6417737357707445
11360;150.84688863795893;11360;3.3326212347788937;11360;50.172429578539379;11360;68.959624011963257;11360;517.51302607878677;11360;3.5676137577440721;11360;3.6399426252021847
11370;150.88351084933012;11370;3.36924344615009;11370;50.050355540635394;11370;68.93520920438246;11370;517.31531120553973;11370;3.5700552385021518;11370;3.6466566972869048
11380;150.92013306070132;11380;3.36924344615009;11380;49.952696310312206;11380;68.898586993011264;11380;517.31531120553973;11380;3.5724967192602315;11380;3.6484878078554646
11390;150.88351084933012;11390;3.3204138309884943;11390;49.8672444837794;11390;68.825342570268873;11390;517.27576823089021;11390;3.5752433851130712;11390;3.6509292886135443
11400;151.0910367137669;11400;3.2105471968749049;11400;49.794000061037011;11400;68.776512955107279;11400;517.19668228159151;11400;3.5776848658711509;11400;3.6555070650349437
11410;150.90792565691092;11410;3.1373027741325119;11410;49.720755638294619;11410;68.715475936155286;11410;517.03851038299388;11410;3.5801263466292306;11410;3.653370769371624
11420;150.90792565691092;11420;3.1617175817133094;11420;49.598681600390634;11420;68.715475936155286;11420;516.959424433695;11420;3.5825678273873103;11420;3.6610003967406231
11430;150.70039979247414;11430;3.1495101779229104;11430;49.598681600390634;11430;68.6422315134129;11430;516.99896740834436;11430;3.5850093081453904;11430;3.6573381756035035
11440;150.78585161900693;11440;3.1128879665517131;11440;49.452192754905852;11440;68.5323648792993;11440;516.99896740834436;11440;3.58775597399823;11440;3.664967802972503
11450;150.74922940763574;11450;3.0640583513901181;11450;49.330118717001866;11450;68.544572283089693;11450;516.91988145904565;11450;3.59019745475631;11450;3.6625263222144233
11460;150.92013306070132;11460;3.0396435438093206;11460;49.244666890469077;11460;68.6056093020417;11460;516.80125253509732;11460;3.5926389355143895;11460;3.6698507644886624
11470;150.70039979247414;11470;3.0396435438093206;11470;49.22025208288828;11470;68.5567796868801;11470;516.761709560448;11470;3.5950804162724692;11470;3.6689352092043825
11480;150.65157017731255;11480;3.0518509475997191;11480;49.09817804498428;11480;68.4469130527665;11480;516.6826236111491;11480;3.5975218970305489;11480;3.673207800531022
11490;150.63936277352215;11490;3.0396435438093206;11490;48.988311410870693;11490;68.422498245185707;11490;516.64308063649969;11490;3.5999633777886286;11490;3.6774803918576615
11500;150.67598498489335;11500;2.9786065248573257;11500;48.8784447767571;11500;68.349253822443316;11500;516.56399468720087;11500;3.6027100436414683;11500;3.6790063173314613
11510;150.74922940763574;11510;2.8931546983245338;11510;48.8540299691763;11510;68.361461226233715;11510;516.44536576325277;11510;3.6051515243995484;11510;3.6844996490371411
11520;150.50508133182777;11520;2.8443250831629387;11520;48.805200354014708;11520;68.361461226233715;11520;516.44536576325277;11520;3.6075930051576282;11520;3.6811426129947811
11530;150.68819238868375;11530;2.7832880642109434;11530;48.670918912320325;11530;68.276009399700925;11530;516.44536576325277;11530;3.6100344859157079;11530;3.6890774254585406
11540;150.51728873561817;11540;2.7588732566301464;11540;48.646504104739527;11540;68.239387188329729;11540;516.36627981395384;11540;3.6124759666737876;11540;3.6848048341319011
11550;150.55391094698936;11550;2.7466658528397478;11550;48.585467085787535;11550;68.153935361796925;11550;516.32673683930443;11550;3.6152226325266272;11550;3.69212927640614
11560;150.34638508255256;11560;2.7100436414685505;11560;48.487807855464339;11560;68.129520554216128;11560;516.32673683930443;11560;3.6176641132847069;11560;3.6909085360271003
11570;150.40742210150458;11570;2.6978362376781519;11570;48.377941221350753;11570;68.263801995910526;11570;516.24765089000562;11570;3.6201055940427866;11570;3.6973174230170596
11580;150.54170354319896;11580;2.5879696035645616;11580;48.365733817560354;11580;68.166142765587338;11580;516.12902196605739;11580;3.6225470748008664;11580;3.6991485335856193
11590;150.65157017731255;11590;2.6367992187261575;11590;48.341319009979557;11590;68.007446516312143;11590;516.089478991408;11590;3.6249885555589465;11590;3.7015900143437
11600;150.74922940763574;11600;2.7100436414685505;11600;48.28028199102755;11600;68.080690939054534;11600;516.04993601675858;11600;3.6277352214117862;11600;3.7064729758598594
11610;150.63936277352215;11610;2.6490066225165565;11610;48.109378337961971;11610;68.007446516312143;11610;516.01039304210917;11610;3.6301767021698659;11610;3.7046418652912996
11620;150.68819238868375;11620;2.5147251808221687;11620;48.060548722800377;11620;67.873165074617759;11620;515.93130709281036;11620;3.6326181829279456;11620;3.7119663075655387
11630;150.54170354319896;11630;2.5147251808221687;11630;47.999511703848384;11630;67.75109103671376;11630;515.81267816886213;11630;3.6350596636860253;11630;3.7083040864284191
11640;150.81026642658773;11640;2.4781029694509722;11640;47.926267281105986;11640;67.653431806390572;11640;515.81267816886213;11640;3.637501144444105;11640;3.7162388988921782
11650;150.68819238868375;11650;2.4048585467085788;11650;47.901852473525189;11650;67.66563921018097;11650;515.77313519421273;11650;3.6402478102969447;11650;3.7128818628498186
11660;150.83468123416853;11660;2.4170659504989778;11660;47.7797784356212;11660;67.58018738364818;11660;515.73359221956332;11660;3.6426892910550253;11660;3.7202063051240577
11670;150.74922940763574;11670;2.3682363353373823;11670;47.8286080507828;11670;67.482528153324992;11670;515.69404924491391;11670;3.645130771813105;11670;3.7195959349345378
11680;150.74922940763574;11680;2.3071993163853879;11680;47.706534012878805;11680;67.555772576067383;11680;515.65450627026451;11680;3.6475722525711847;11680;3.7238685262611777
11690;150.95675527207251;11690;2.2949919125949889;11690;47.572252571184421;11690;67.543565172276985;11690;515.65450627026451;11690;3.6500137333292644;11690;3.7284463026825772
11700;150.88351084933012;11700;2.2583697012237924;11700;47.450178533280436;11700;67.4336985381634;11700;515.53587734631617;11700;3.652760399182104;11700;3.7284463026825772
11710;151.00558488723411;11710;2.2583697012237924;11710;47.462385937070835;11710;67.3970763267922;11710;515.49633437166676;11710;3.6552018799401838;11710;3.7348551896725364
11720;151.00558488723411;11720;2.2217474898525955;11720;47.437971129490037;11720;67.3848689230018;11720;515.37770544771854;11720;3.6576433606982635;11720;3.7318033387249367
11730;151.12765892513809;11730;2.172917874691;11730;47.242652668843654;11730;67.3848689230018;11730;515.29861949841973;11730;3.6600848414563432;11730;3.7385174108096559
11740;150.95675527207251;11740;2.172917874691;11740;47.181615649891661;11740;67.2750022888882;11740;515.29861949841973;11740;3.6625263222144233;11740;3.7345500045777764
11750;151.16428113650929;11750;2.0996734519486067;11750;47.071749015778074;11750;67.201757866145812;11750;515.1799905744715;11750;3.664967802972503;11750;3.741874446852016
11760;151.11545152134769;11760;2.0508438367870112;11760;46.961882381664481;11760;67.116306039613022;11760;515.1404475998221;11760;3.6677144688253427;11760;3.7406537064729761
11770;151.23752555925171;11770;2.0996734519486067;11770;46.852015747550894;11770;67.079683828241826;11770;515.1799905744715;11770;3.6701559495834224;11770;3.7467574083681754
11780;151.20090334788051;11780;2.0386364329966122;11780;46.876430555131691;11780;67.067476424451428;11780;515.1404475998221;11780;3.6725974303415021;11780;3.7485885189367352
11790;151.15207373271889;11790;1.989806817835017;11790;46.7909787285989;11790;67.030854213080232;11790;515.10090462517257;11790;3.6750389110995818;11790;3.7507248146000549
11800;151.3107699819941;11800;2.0020142216254158;11800;46.742149113437293;11800;67.079683828241826;11800;515.10090462517257;11800;3.6774803918576615;11800;3.7559129612109743
11810;151.18869594409011;11810;1.9287697988830226;11810;46.59566026795251;11810;67.030854213080232;11810;515.02181867587387;11810;3.6802270577105012;11810;3.7546922208319344
11820;151.2863551744133;11820;1.8555253761406294;11820;46.461378826258127;11820;67.018646809289834;11820;514.90318975192565;11820;3.6826685384685813;11820;3.7626270332956939
11830;151.13986632892849;11830;1.8555253761406294;11830;46.461378826258127;11830;67.018646809289834;11830;514.82410380262672;11830;3.685110019226661;11830;3.7589648121585739
11840;151.2985625782037;11840;1.8799401837214271;11840;46.400341807306134;11840;67.067476424451428;11840;514.82410380262672;11840;3.6875514999847407;11840;3.7672048097170934
11850;151.11545152134769;11850;1.7700735496078372;11850;46.339304788354134;11850;66.994232001709037;11850;514.82410380262672;11850;3.6899929807428204;11850;3.7641529587694937
11860;151.24973296304211;11860;1.7334513382366405;11860;46.156193731498156;11860;66.933194982757044;11860;514.78456082797732;11860;3.69273964659566;11860;3.7708670308542129
11870;151.24973296304211;11870;1.7578661458174383;11870;46.119571520126961;11870;66.811120944853059;11870;514.78456082797732;11870;3.69518112735374;11870;3.770561845759453
11880;151.11545152134769;11880;1.6968291268654438;11880;46.095156712546164;11880;66.689046906949073;11880;514.74501785332791;11880;3.6976226081118195;11880;3.7739188818018126
11890;151.15207373271889;11890;1.6724143192846461;11890;46.180608539078953;11890;66.701254310739472;11890;514.70547487867861;11890;3.7000640888698992;11890;3.7775811029389321
11900;151.11545152134769;11900;1.6357921079134494;11900;46.021912289803772;11900;66.786706137272262;11900;514.66593190402909;11900;3.70250556962798;11900;3.7778862880336921
11910;151.11545152134769;11910;1.5747550889614552;11910;45.863216040528584;11910;66.823328348643457;11910;514.66593190402909;11910;3.7052522354808195;11910;3.7842951750236518
11920;150.96896267586291;11920;1.6113773003326517;11920;45.789971617786186;11920;66.725669118320269;11920;514.547302980081;11920;3.7076937162388992;11920;3.7812433240760521
11930;151.0666219061861;11930;1.5747550889614552;11930;45.692312387463;11930;66.737876522110668;11930;514.50776000543146;11930;3.7101351969969789;11930;3.7888729514450512
11940;150.92013306070132;11940;1.5137180700094608;11940;45.7045197912534;11940;66.737876522110668;11940;514.50776000543146;11940;3.7125766777550586;11940;3.7858211004974516
11950;150.94454786828211;11950;1.5503402813806573;11950;45.753349406414991;11950;66.664632099368276;11950;514.42867405613265;11950;3.7150181585131383;11950;3.7940610980559706
11960;150.83468123416853;11960;1.5503402813806573;11960;45.692312387463;11960;66.530350657673878;11960;514.38913108148336;11960;3.717764824365978;11960;3.7913144322031309
11970;151.0544145023957;11970;1.4893032624286628;11970;45.59465315713981;11970;66.469313638721886;11970;514.38913108148336;11970;3.7202063051240577;11970;3.79772331919309
11980;151.01779229102451;11980;1.4526810510574664;11980;45.6678975798822;11980;66.43269142735069;11980;514.42867405613265;11980;3.7226477858821378;11980;3.7965025788140503
11990;150.88351084933012;11990;1.3916440321054717;11990;45.484786523026223;11990;66.469313638721886;11990;514.270502157535;11990;3.7250892666402176;11990;3.8004699850459307
12000;150.88351084933012;12000;1.3794366283150732;12000;45.484786523026223;12000;66.469313638721886;12000;514.23095918288561;12000;3.7275307473982973;12000;3.80596331675161
12010;150.82247383037813;12010;1.4160588396862697;12010;45.472579119235824;12010;66.3594470046083;12010;514.23095918288561;12010;3.729972228156377;12010;3.8041322061830503
12020;150.94454786828211;12020;1.3550218207342752;12020;45.399334696493419;12020;66.261787774285111;12020;514.270502157535;12020;3.7327188940092166;12020;3.8105410931730095
12030;150.74922940763574;12030;1.3183996093630788;12030;45.313882869960629;12030;66.3350321970275;12030;514.19141620823621;12030;3.7351603747672963;12030;3.80809961241493
12040;150.88351084933012;12040;1.3183996093630788;12040;45.326090273751028;12040;66.2984099856563;12040;514.1518732335868;12040;3.737601855525376;12040;3.8157292397839289
12050;150.73702200384534;12050;1.2939848017822808;12050;45.326090273751028;12050;66.139713736381111;12050;514.1518732335868;12050;3.7400433362834558;12050;3.8111514633625294
12060;150.83468123416853;12060;1.2085329752494889;12060;45.191808832056637;12060;66.139713736381111;12060;514.11233025893739;12060;3.7424848170415359;12060;3.8187810907315289
12070;150.74922940763574;12070;1.19632557145909;12070;45.191808832056637;12070;66.237372966704314;12070;514.11233025893739;12070;3.7452314828943756;12070;3.8175603503524886
12080;150.81026642658773;12080;1.2085329752494889;12080;45.106357005523847;12080;66.103091525009916;12080;514.072787284288;12080;3.7476729636524553;12080;3.8239692373424483
12090;150.95675527207251;12090;1.1597033600878932;12090;45.106357005523847;12090;65.993224890896329;12090;513.95415836033976;12090;3.750114444410535;12090;3.8258003479110081
12100;150.90792565691092;12100;1.1474959562974945;12100;44.99649037141026;12100;66.029847102267524;12100;513.91461538569035;12100;3.7525559251686147;12100;3.8282418286690878
12110;150.90792565691092;12110;1.098666341135899;12110;44.898831141087072;12110;66.005432294686727;12110;513.95415836033976;12110;3.7549974059266944;12110;3.8319040498062074
12120;150.85909604174932;12120;1.0620441297647023;12120;44.874416333506275;12120;66.054261909848321;12120;513.875072411041;12120;3.7577440717795341;12120;3.8309884945219275
12130;151.0422070986053;12130;1.0742515335551013;12130;44.862208929715877;12130;66.06646931363872;12130;513.83552943639154;12130;3.7601855525376142;12130;3.8370921964171267
12140;150.92013306070132;12140;1.0742515335551013;12140;44.825586718344681;12140;65.968810083315532;12140;513.83552943639154;12140;3.7626270332956939;12140;3.8343455305642871
12150;151.1032441175573;12150;1.0620441297647023;12150;44.77675710318308;12150;65.834528641621148;12150;513.875072411041;12150;3.7650685140537736;12150;3.8431958983123264
12160;151.00558488723411;12160;1.0376293221839046;12160;44.752342295602283;12160;65.846736045411546;12160;513.875072411041;12160;3.7675099948118533;12160;3.838923306985687
12170;151.12765892513809;12170;0.97659230323191015;12170;44.605853450117486;12170;65.993224890896329;12170;513.79598646174213;12170;3.770256660664693;12170;3.846552934354686
12180;151.15207373271889;12180;0.95217749565111243;12180;44.581438642536689;12180;65.968810083315532;12180;513.75644348709272;12180;3.7726981414227727;12180;3.846858119449446
12190;151.12765892513809;12190;0.93997009186071356;12190;44.447157200842305;12190;65.810113834040337;12190;513.75644348709272;12190;3.7751396221808524;12190;3.8514358958708454
12200;151.22531815546131;12200;0.95217749565111243;12200;44.398327585680711;12200;65.858943449201945;12200;513.79598646174213;12200;3.7775811029389321;12200;3.8535721915341652
12210;151.20090334788051;12210;0.988799707022309;12210;44.398327585680711;12210;65.883358256782742;12210;513.6378145631445;12210;3.7800225836970123;12210;3.8541825617236851
12220;151.3351847895749;12220;0.95217749565111243;12220;44.361705374309516;12220;65.688039796136351;12220;513.59827158849509;12220;3.782464064455092;12220;3.8608966338084052
12230;151.2985625782037;12230;0.90334788048951686;12230;44.312875759147921;12230;65.627002777184359;12230;513.59827158849509;12230;3.7852107303079316;12230;3.8587603381450855
12240;151.53050325022127;12240;0.80568865016632585;12240;44.129764702291943;12240;65.651417584765156;12240;513.6378145631445;12240;3.7876522110660114;12240;3.8657795953245646
12250;151.38401440473649;12250;0.76906643879512937;12250;44.056520279549552;12250;65.736869411297945;12250;513.59827158849509;12250;3.7900936918240911;12250;3.862422559282205
12260;151.40842921231729;12260;0.85451826532792141;12260;43.971068453016763;12260;65.736869411297945;12260;513.55872861384569;12260;3.7925351725821708;12260;3.8703573717459641
12270;151.48167363505968;12270;0.87893307290871914;12270;43.91003143406477;12270;65.639210180974757;12270;513.55872861384569;12270;3.7949766533402505;12270;3.8682210760826443
12280;151.46946623126928;12280;0.793481246375927;12280;43.861201818903176;12280;65.52934354686117;12280;513.47964266454687;12280;3.79772331919309;12280;3.8749351481673635
12290;151.53050325022127;12290;0.72023682363353381;12290;43.91003143406477;12290;65.468306527909178;12290;513.47964266454687;12290;3.8001647999511707;12290;3.8764610736411633
12300;151.53050325022127;12300;0.69582201605273586;12300;43.824579607531966;12300;65.456099124118779;12300;513.47964266454687;12300;3.8026062807092504;12300;3.8789025543992435
12310;151.51829584643087;12310;0.72023682363353381;12310;43.78795739616077;12310;65.52934354686117;12310;513.47964266454687;12310;3.80504776146733;12310;3.8819544053468431
12320;151.39622180852689;12320;0.69582201605273586;12320;43.690298165837582;12320;65.553758354441968;12320;513.47964266454687;12320;3.80748924222541;12320;3.8813440351573232
12330;151.62816248054446;12330;0.63478499710074154;12330;43.617053743095177;12330;65.468306527909178;12330;513.32147076594924;12330;3.8102359080782495;12330;3.8892788476210822
12340;151.49388103885008;12340;0.63478499710074154;12340;43.59263893551438;12340;65.443891720328381;12340;513.28192779129972;12340;3.8126773888363292;12340;3.8856166264839627
12350;151.62816248054446;12350;0.65919980468153938;12350;43.568224127933583;12350;65.33402508621478;12350;513.40055671524806;12350;3.8151188695944089;12350;3.8929410687582018
12360;151.49388103885008;12360;0.63478499710074154;12360;43.580431531723981;12360;65.297402874843584;12360;513.40055671524806;12360;3.8175603503524886;12360;3.8904995880001221
12370;151.44505142368848;12370;0.5127109591967528;12370;43.4339426862392;12370;65.2241584521012;12370;513.32147076594924;12370;3.8200018311105688;12370;3.8978240302743616
12380;151.44505142368848;12380;0.43946653645435957;12380;43.4217352824488;12380;65.1387066255684;12380;513.44009968989735;12380;3.8227484969634085;12380;3.8975188451796017
12390;151.39622180852689;12390;0.42725913266396071;12390;43.385113071077605;12390;65.18753624073;12390;513.40055671524806;12390;3.8251899777214882;12390;3.9011810663167212
12400;151.40842921231729;12400;0.43946653645435957;12400;43.482772301400793;12400;65.2241584521012;12400;513.24238481665043;12400;3.8276314584795679;12400;3.903012176885281
12410;151.3107699819941;12410;0.45167394024475843;12410;43.494979705191191;12410;65.18753624073;12410;513.16329886735161;12410;3.8300729392376476;12410;3.9042329172643209
12420;151.3107699819941;12420;0.47608874782555621;12420;43.4339426862392;12420;65.1509140293588;12420;513.16329886735161;12420;3.8325144199957273;12420;3.91094698934904
12430;151.18869594409011;12430;0.43946653645435957;12430;43.275246436964018;12430;65.1387066255684;12430;513.16329886735161;12430;3.835261085848567;12430;3.9082003234962004
12440;151.3229773857845;12440;0.40284432508316292;12440;43.189794610431228;12440;65.004425183874019;12440;513.16329886735161;12440;3.8377025666066467;12440;3.9155247657704395
12450;151.12765892513809;12450;0.42725913266396071;12450;43.17758720664083;12450;64.980010376293222;12450;513.16329886735161;12450;3.8401440473647268;12450;3.9112521744438
12460;151.24973296304211;12460;0.47608874782555621;12460;43.128757591479236;12460;65.041047395245215;12460;513.202841842001;12460;3.8425855281228065;12460;3.9191869869075595
12470;151.0422070986053;12470;0.41505172887356179;12470;43.214209418012025;12470;64.955595568712425;12470;513.202841842001;12470;3.8450270088808862;12470;3.9185766167180396
12480;150.92013306070132;12480;0.40284432508316292;12480;43.214209418012025;12480;64.870143742179636;12480;513.12375589270209;12480;3.8474684896389659;12480;3.9246803186132388
12490;151.01779229102451;12490;0.3784295175023652;12490;43.238624225592822;12490;64.760277108066049;12490;513.12375589270209;12490;3.8502151554918056;12490;3.9249855037079988
12500;151.0299996948149;12500;0.29297769096957305;12500;43.140964995269634;12500;64.74806970427565;12500;513.0842129180528;12500;3.8526566362498853;12500;3.9268166142765586
12510;151.12765892513809;12510;0.26856288338877532;12510;43.031098361156047;12510;64.74806970427565;12510;513.005126968754;12510;3.855098117007965;12510;3.9323099459822379
12520;150.96896267586291;12520;0.31739249855037077;12520;42.957853938413656;12520;64.613788262581252;12520;512.96558399410446;12520;3.8575395977660456;12520;3.9310892056031981
12530;151.00558488723411;12530;0.32959990234076969;12530;42.957853938413656;12530;64.625995666371651;12530;513.005126968754;12530;3.8599810785241253;12530;3.9378032776879177
12540;150.88351084933012;12540;0.26856288338877532;12540;42.872402111880866;12540;64.711447492904455;12540;513.12375589270209;12540;3.862727744376965;12540;3.9347514267403176
12550;150.98117007965331;12550;0.24414807580797754;12550;42.835779900509657;12550;64.662617877742861;12550;513.12375589270209;12550;3.8651692251350447;12550;3.9429914242988371
12560;150.94454786828211;12560;0.23194067201757868;12560;42.884609515671265;12560;64.699240089114056;12560;512.96558399410446;12560;3.8676107058931244;12560;3.9399395733512375
12570;151.1032441175573;12570;0.24414807580797754;12570;42.762535477767265;12570;64.674825281533259;12570;512.96558399410446;12570;3.8700521866512041;12570;3.9466536454359566
12580;151.0544145023957;12580;0.21973326822717978;12580;42.774742881557664;12580;64.625995666371651;12580;512.92604101945517;12580;3.8724936674092838;12580;3.9472640156254766
12590;151.11545152134769;12590;0.13428144169438766;12590;42.762535477767265;12590;64.577166051210057;12590;512.92604101945517;12590;3.8752403332621235;12590;3.9506210516678362
12600;151.18869594409011;12600;0.20752586443678089;12600;42.72591326639607;12600;64.455092013306071;12600;513.005126968754;12600;3.8776818140202036;12600;3.9533677175206758
12610;150.95675527207251;12610;0.13428144169438766;12610;42.57942442091128;12610;64.55275124362926;12610;512.96558399410446;12610;3.8801232947782833;12610;3.9548936429944757
12620;151.0666219061861;12620;0.10986663411358989;12620;42.469557786797694;12620;64.528336436048463;12620;513.005126968754;12620;3.882564775536363;12620;3.9600817896053959
12630;151.0422070986053;12630;0.13428144169438766;12630;42.4451429792169;12630;64.357432782982883;12630;512.92604101945517;12630;3.8850062562944427;12630;3.9573351237525562
12640;151.18869594409011;12640;0.097659230323191015;12640;42.384105960264904;12640;64.357432782982883;12640;512.88649804480576;12640;3.8877529221472824;12640;3.9655751213110753
12650;151.00558488723411;12650;0.10986663411358989;12650;42.310861537522513;12650;64.345225379192485;12650;512.84695507015624;12650;3.8901944029053621;12650;3.9622180852687157
12660;151.21311075167091;12660;0.073244422742393261;12660;42.200994903408919;12660;64.345225379192485;12660;512.88649804480576;12660;3.8926358836634418;12660;3.9689321573534349
12670;151.24973296304211;12670;0.048829615161595508;12670;42.27423932615131;12670;64.333017975402086;12670;512.88649804480576;12670;3.8950773644215215;12670;3.968016602069155
12680;151.21311075167091;12680;0.097659230323191015;12680;42.176580095828122;12680;64.308603167821289;12680;512.84695507015624;12680;3.8975188451796017;12680;3.9747306741538746
12690;151.21311075167091;12690;0.13428144169438766;12690;42.115543076876129;12690;64.198736533707688;12690;512.88649804480576;12690;3.9002655110324413;12690;3.9762565996276744
12700;151.16428113650929;12700;0.10986663411358989;12700;42.066713461714521;12700;64.18652912991729;12700;512.84695507015624;12700;3.9027069917905211;12700;3.9783928952909942
12710;151.38401440473649;12710;0.061037018951994385;12710;41.969054231391333;12710;64.2597735526597;12710;512.84695507015624;12710;3.9051484725486008;12710;3.9826654866176336
12720;151.37180700094609;12720;0.061037018951994385;12720;41.871395001068144;12720;64.162114322336492;12720;512.76786912085754;12720;3.9075899533066805;12720;3.9814447462385938
12730;151.44505142368848;12730;0.073244422742393261;12730;41.737113559373761;12730;64.0766624958037;12730;512.76786912085754;12730;3.91003143406476;12730;3.9887691885128329
12740;151.2985625782037;12740;0.073244422742393261;12740;41.834772789696949;12740;64.0644550920133;12740;512.80741209550683;12740;3.91247291482284;12740;3.9857173375652333
12750;151.53050325022127;12750;0.061037018951994385;12750;41.810357982116152;12750;64.1132847071749;12750;512.80741209550683;12750;3.9152195806756795;12750;3.9930417798394724
12760;151.50608844264048;12760;0.024414807580797754;12760;41.627246925260167;12760;64.1132847071749;12760;512.80741209550683;12760;3.9176610614337597;12760;3.9896847437971128
12770;151.50608844264048;12770;0.012207403790398877;12770;41.578417310098573;12770;64.1376995147557;12770;512.76786912085754;12770;3.9201025421918394;12770;3.9963988158818324
12780;151.68919949949645;12780;0.061037018951994385;12780;41.51738029114658;12780;64.1376995147557;12780;512.76786912085754;12780;3.9225440229499191;12780;3.9963988158818324
12790;151.71361430707725;12790;0.024414807580797754;12790;41.383098849452189;12790;64.003418073061312;12790;512.76786912085754;12790;3.9249855037079988;12790;4.0006714072084719
12800;151.60374767296366;12800;0;12800;41.480758079775377;12800;63.979003265480515;12800;512.68878317155861;12800;3.9277321695608385;12800;4.0046388134403514
12810;151.44505142368848;12810;0.024414807580797754;12810;41.505172887356181;12810;63.954588457899717;12810;512.76786912085754;12810;3.9301736503189182;12810;4.0058595538193913
12820;151.61595507675406;12820;0.036622211371196631;12820;41.431928464613783;12820;63.893551438947725;12820;512.76786912085754;12820;3.9326151310769979;12820;4.0113528855250706
12830;151.53050325022127;12830;0.012207403790398877;12830;41.419721060823385;12830;63.893551438947725;12830;512.6492401969092;12830;3.9350566118350776;12830;4.0095217749565109
12840;151.67699209570605;12840;0;12840;41.334269234290595;12840;63.893551438947725;12840;512.6492401969092;12840;3.9374980925931578;12840;4.0174565874202708
EOF
