Name;Scope Project1;
File;C:\Users\Tobno\Desktop\CBV_Mapping\Main\Crack3.csv;
Starttime of export;134223605945660000;mandag 4. mai 2026;11:29:54.566
Endtime of export;134223606099060000;mandag 4. mai 2026;11:30:09.906


Name;fPresSupply_bar;Name;fPres2A_bar;Name;fPres2B_bar;Name;fPresCylMain_bar;Name;fCylinder2_mm;Name;fValve2_V;Name;fSensor2_V

0;151.23752555925171;0;0;0;0.14648884548478652;0;30.98239082003235;0;576.19480045851208;0;5.00015259254738;0;5.0050355540635394
10;151.18869594409011;10;0;10;0.17090365306558428;10;31.080050050355538;10;576.11571450921326;10;5.00015259254738;10;5.0050355540635394
20;151.12765892513809;20;0;20;0.17090365306558428;20;31.019013031403546;20;576.19480045851208;20;5.00015259254738;20;5.0053407391582994
30;151.20090334788051;30;0;30;0.15869624927518539;30;30.945768608661151;30;576.19480045851208;30;5.00015259254738;30;5.0062562944425792
40;151.16428113650929;40;0;40;0.15869624927518539;40;31.165501876888335;40;576.19480045851208;40;5.00015259254738;40;5.0059511093478193
50;151.0422070986053;50;0;50;0.15869624927518539;50;31.165501876888335;50;576.23434343316148;50;5.00015259254738;50;5.0062562944425792
60;151.0544145023957;60;0;60;0.15869624927518539;60;31.019013031403546;60;576.19480045851208;60;5.00015259254738;60;5.0053407391582994
70;151.00558488723411;70;0;70;0.15869624927518539;70;31.06784264656514;70;576.19480045851208;70;5.00015259254738;70;5.0056459242530593
80;151.0910367137669;80;0;80;0.17090365306558428;80;31.128879665517132;80;576.23434343316148;80;5.00015259254738;80;5.0062562944425792
90;151.23752555925171;90;0;90;0.17090365306558428;90;31.177709280678734;90;576.11571450921326;90;5.00015259254738;90;5.0059511093478193
100;151.0910367137669;100;0;100;0.17090365306558428;100;31.165501876888335;100;576.19480045851208;100;5.00015259254738;100;5.0053407391582994
110;150.98117007965331;110;0;110;0.18311105685598317;110;31.104464857936335;110;576.23434343316148;110;5.00015259254738;110;5.0050355540635394
120;151.0299996948149;120;0;120;0.15869624927518539;120;30.98239082003235;120;576.11571450921326;120;5.00015259254738;120;5.0059511093478193
130;151.0910367137669;130;0;130;0.14648884548478652;130;31.104464857936335;130;576.19480045851208;130;5.00015259254738;130;5.0056459242530593
140;151.0422070986053;140;0;140;0.15869624927518539;140;31.080050050355538;140;576.19480045851208;140;5.00015259254738;140;5.0059511093478193
150;151.11545152134769;150;0;150;0.15869624927518539;150;30.933561204870752;150;576.11571450921326;150;5.00015259254738;150;5.0056459242530593
160;151.1032441175573;160;0;160;0.13428144169438766;160;31.104464857936335;160;576.23434343316148;160;5.00015259254738;160;5.0053407391582994
170;151.01779229102451;170;0;170;0.14648884548478652;170;31.202124088259531;170;576.23434343316148;170;5.00015259254738;170;5.0056459242530593
180;150.96896267586291;180;0;180;0.15869624927518539;180;31.06784264656514;180;576.11571450921326;180;5.00015259254738;180;5.0062562944425792
190;150.95675527207251;190;0;190;0.15869624927518539;190;30.98239082003235;190;576.27388640781089;190;5.00015259254738;190;5.0056459242530593
200;151.0299996948149;200;0;200;0.15869624927518539;200;31.055635242774741;200;576.3134293824603;200;5.00015259254738;200;5.0050355540635394
210;151.0666219061861;210;0;210;0.15869624927518539;210;31.043427838984343;210;576.27388640781089;210;5.00015259254738;210;5.0050355540635394
220;151.1032441175573;220;0;220;0.15869624927518539;220;30.98239082003235;220;576.27388640781089;220;5.00015259254738;220;5.0050355540635394
230;151.0422070986053;230;0;230;0.15869624927518539;230;31.019013031403546;230;576.19480045851208;230;5.00015259254738;230;5.0059511093478193
240;151.0544145023957;240;0;240;0.15869624927518539;240;31.055635242774741;240;576.11571450921326;240;5.00015259254738;240;5.0056459242530593
250;151.0544145023957;250;0;250;0.15869624927518539;250;31.080050050355538;250;576.19480045851208;250;5.00015259254738;250;5.0059511093478193
260;151.0299996948149;260;0;260;0.15869624927518539;260;31.043427838984343;260;576.27388640781089;260;5.00015259254738;260;5.0053407391582994
270;151.11545152134769;270;0;270;0.15869624927518539;270;30.957976012451553;270;576.27388640781089;270;5.00015259254738;270;5.0056459242530593
280;151.0666219061861;280;0;280;0.17090365306558428;280;31.080050050355538;280;576.19480045851208;280;4.9977111117893;280;5.0059511093478193
290;151.0299996948149;290;0;290;0.17090365306558428;290;31.116672261726734;290;576.11571450921326;290;4.9952696310312206;290;5.0062562944425792
300;150.98117007965331;300;0;300;0.14648884548478652;300;30.970183416241952;300;576.11571450921326;300;4.9925229651783809;300;5.0056459242530593
310;151.0544145023957;310;0;310;0.14648884548478652;310;30.933561204870752;310;576.23434343316148;310;4.9900814844203;310;5.0050355540635394
320;151.1032441175573;320;0;320;0.15869624927518539;320;30.98239082003235;320;576.19480045851208;320;4.9876400036622206;320;5.0053407391582994
330;151.00558488723411;330;0;330;0.14648884548478652;330;31.116672261726734;330;576.19480045851208;330;4.9851985229041409;330;5.0053407391582994
340;150.96896267586291;340;0;340;0.14648884548478652;340;31.177709280678734;340;576.23434343316148;340;4.9827570421460612;340;5.0056459242530593
350;151.0544145023957;350;0;350;0.17090365306558428;350;31.116672261726734;350;576.19480045851208;350;4.9800103762932215;350;5.0050355540635394
360;150.98117007965331;360;0;360;0.17090365306558428;360;30.945768608661151;360;576.07617153456385;360;4.9775688955351418;360;5.0056459242530593
370;150.92013306070132;370;0;370;0.15869624927518539;370;30.896938993499557;370;576.11571450921326;370;4.9751274147770621;370;5.0059511093478193
380;151.0299996948149;380;0;380;0.17090365306558428;380;31.019013031403546;380;576.19480045851208;380;4.9726859340189824;380;5.0056459242530593
390;151.0544145023957;390;0;390;0.15869624927518539;390;31.043427838984343;390;576.19480045851208;390;4.9702444532609027;390;5.0047303689687794
400;150.93234046449172;400;0;400;0.14648884548478652;400;31.06784264656514;400;576.11571450921326;400;4.967802972502823;400;5.0050355540635394
410;150.90792565691092;410;0;410;0.15869624927518539;410;31.080050050355538;410;576.19480045851208;410;4.9650563066499833;410;5.0062562944425792
420;151.01779229102451;420;0;420;0.15869624927518539;420;31.043427838984343;420;576.19480045851208;420;4.9626148258919036;420;5.0056459242530593
430;151.0299996948149;430;0;430;0.17090365306558428;430;31.06784264656514;430;576.19480045851208;430;4.9601733451338239;430;5.0050355540635394
440;150.98117007965331;440;0;440;0.17090365306558428;440;31.116672261726734;440;576.23434343316148;440;4.9577318643757442;440;5.0047303689687794
450;150.95675527207251;450;0;450;0.15869624927518539;450;31.043427838984343;450;576.27388640781089;450;4.9552903836176645;450;5.0056459242530593
460;151.01779229102451;460;0;460;0.15869624927518539;460;31.019013031403546;460;576.23434343316148;460;4.9525437177648248;460;5.0050355540635394
470;151.0299996948149;470;0;470;0.15869624927518539;470;31.104464857936335;470;576.11571450921326;470;4.9501022370067442;470;5.0050355540635394
480;151.12765892513809;480;0;480;0.14648884548478652;480;31.080050050355538;480;576.11571450921326;480;4.9476607562486645;480;5.0044251838740195
490;151.0910367137669;490;0;490;0.14648884548478652;490;31.019013031403546;490;576.19480045851208;490;4.9452192754905848;490;5.0044251838740195
500;150.90792565691092;500;0;500;0.15869624927518539;500;31.043427838984343;500;576.19480045851208;500;4.9427777947325051;500;5.0062562944425792
510;151.00558488723411;510;0;510;0.17090365306558428;510;31.06784264656514;510;576.11571450921326;510;4.9400311288796654;510;5.0062562944425792
520;151.0299996948149;520;0;520;0.14648884548478652;520;31.031220435193944;520;576.11571450921326;520;4.9375896481215857;520;5.0056459242530593
530;151.0910367137669;530;0;530;0.14648884548478652;530;30.957976012451553;530;576.19480045851208;530;4.935148167363506;530;5.0050355540635394
540;151.16428113650929;540;0;540;0.15869624927518539;540;30.933561204870752;540;576.23434343316148;540;4.9327066866054263;540;5.0053407391582994
550;151.0666219061861;550;0;550;0.15869624927518539;550;31.104464857936335;550;576.3134293824603;550;4.9302652058473466;550;5.0053407391582994
560;151.0299996948149;560;0;560;0.15869624927518539;560;31.214331492049929;560;576.3134293824603;560;4.927518539994507;560;5.0050355540635394
570;151.0666219061861;570;0;570;0.17090365306558428;570;31.165501876888335;570;576.27388640781089;570;4.9250770592364272;570;5.0050355540635394
580;151.00558488723411;580;0;580;0.17090365306558428;580;31.141087069307531;580;576.19480045851208;580;4.9226355784783475;580;5.0056459242530593
590;150.95675527207251;590;0;590;0.15869624927518539;590;31.104464857936335;590;576.11571450921326;590;4.9201940977202678;590;5.0053407391582994
600;151.0910367137669;600;0;600;0.14648884548478652;600;31.165501876888335;600;576.11571450921326;600;4.9177526169621881;600;5.0053407391582994
610;151.12765892513809;610;0;610;0.14648884548478652;610;31.116672261726734;610;576.19480045851208;610;4.9150059511093485;610;5.0068666646320992
620;151.01779229102451;620;0;620;0.14648884548478652;620;31.080050050355538;620;576.19480045851208;620;4.9125644703512688;620;5.0056459242530593
630;151.0422070986053;630;0;630;0.15869624927518539;630;31.153294473097937;630;576.27388640781089;630;4.9101229895931882;630;5.0050355540635394
640;151.1032441175573;640;0;640;0.15869624927518539;640;31.055635242774741;640;576.27388640781089;640;4.9076815088351085;640;5.0047303689687794
650;151.0422070986053;650;0;650;0.17090365306558428;650;31.043427838984343;650;576.19480045851208;650;4.9052400280770287;650;5.0056459242530593
660;151.12765892513809;660;0;660;0.15869624927518539;660;31.043427838984343;660;576.23434343316148;660;4.902798547318949;660;5.0050355540635394
670;151.15207373271889;670;0;670;0.13428144169438766;670;31.104464857936335;670;576.23434343316148;670;4.9000518814661094;670;5.0050355540635394
680;151.1032441175573;680;0;680;0.13428144169438766;680;31.104464857936335;680;576.11571450921326;680;4.89761040070803;680;5.0047303689687794
690;151.0666219061861;690;0;690;0.15869624927518539;690;30.970183416241952;690;576.11571450921326;690;4.89516891994995;690;5.0047303689687794
700;150.98117007965331;700;0;700;0.17090365306558428;700;30.933561204870752;700;576.23434343316148;700;4.89272743919187;700;5.0059511093478193
710;151.00558488723411;710;0;710;0.17090365306558428;710;30.957976012451553;710;576.27388640781089;710;4.89028595843379;710;5.0053407391582994
720;150.93234046449172;720;0;720;0.17090365306558428;720;31.06784264656514;720;576.19480045851208;720;4.88753929258095;720;5.0050355540635394
730;150.90792565691092;730;0;730;0.17090365306558428;730;31.104464857936335;730;576.07617153456385;730;4.88509781182287;730;5.0050355540635394
740;150.93234046449172;740;0;740;0.15869624927518539;740;31.165501876888335;740;576.11571450921326;740;4.8826563310647906;740;5.0059511093478193
750;150.90792565691092;750;0;750;0.13428144169438766;750;31.165501876888335;750;576.19480045851208;750;4.8802148503067109;750;5.0053407391582994
760;150.94454786828211;760;0;760;0.15869624927518539;760;31.055635242774741;760;576.23434343316148;760;4.8777733695486312;760;5.0053407391582994
770;151.01779229102451;770;0;770;0.17090365306558428;770;31.141087069307531;770;576.23434343316148;770;4.8750267036957915;770;5.0056459242530593
780;151.0422070986053;780;0;780;0.15869624927518539;780;31.214331492049929;780;576.19480045851208;780;4.8725852229377118;780;5.0059511093478193
790;151.0544145023957;790;0;790;0.15869624927518539;790;31.165501876888335;790;576.23434343316148;790;4.8701437421796321;790;5.0056459242530593
800;151.0422070986053;800;0;800;0.17090365306558428;800;31.116672261726734;800;576.23434343316148;800;4.8677022614215524;800;5.0053407391582994
810;151.0666219061861;810;0;810;0.15869624927518539;810;31.153294473097937;810;576.19480045851208;810;4.8652607806634727;810;5.0059511093478193
820;151.11545152134769;820;0;820;0.14648884548478652;820;31.177709280678734;820;576.23434343316148;820;4.862514114810633;820;5.0053407391582994
830;151.15207373271889;830;0;830;0.17090365306558428;830;31.104464857936335;830;576.23434343316148;830;4.8600726340525533;830;5.00350962858974
840;151.15207373271889;840;0;840;0.15869624927518539;840;31.128879665517132;840;576.23434343316148;840;4.8576311532944736;840;5.00015259254738
850;151.0910367137669;850;0;850;0.14648884548478652;850;31.055635242774741;850;576.23434343316148;850;4.8551896725363939;850;4.99740592669454
860;151.1032441175573;860;0;860;0.14648884548478652;860;30.98239082003235;860;576.19480045851208;860;4.8527481917783133;860;4.9949644459364606
870;151.0544145023957;870;0;870;0.17090365306558428;870;31.06784264656514;870;576.19480045851208;870;4.8500015259254736;870;4.9943540757469407
880;150.98117007965331;880;0;880;0.18311105685598317;880;31.043427838984343;880;576.11571450921326;880;4.8475600451673939;880;4.9934385204626608
890;150.96896267586291;890;0;890;0.18311105685598317;890;30.970183416241952;890;576.19480045851208;890;4.8451185644093142;890;4.9934385204626608
900;150.95675527207251;900;0;900;0.17090365306558428;900;31.019013031403546;900;576.23434343316148;900;4.8426770836512345;900;4.9934385204626608
910;150.95675527207251;910;0;910;0.15869624927518539;910;31.055635242774741;910;576.11571450921326;910;4.8402356028931548;910;4.9928281502731409
920;151.01779229102451;920;0;920;0.18311105685598317;920;31.104464857936335;920;576.19480045851208;920;4.8377941221350751;920;4.9928281502731409
930;151.0299996948149;930;0;930;0.15869624927518539;930;31.141087069307531;930;576.19480045851208;930;4.8350474562822354;930;4.9925229651783809
940;151.0422070986053;940;0;940;0.15869624927518539;940;31.128879665517132;940;576.19480045851208;940;4.8326059755241548;940;4.9943540757469407
950;151.0544145023957;950;0;950;0.14648884548478652;950;31.031220435193944;950;576.19480045851208;950;4.8301644947660751;950;4.9937437055574208
960;151.0666219061861;960;0;960;0.14648884548478652;960;30.909146397289955;960;576.19480045851208;960;4.8277230140079954;960;4.9934385204626608
970;150.98117007965331;970;0;970;0.15869624927518539;970;31.031220435193944;970;576.19480045851208;970;4.8252815332499157;970;4.9922177800836209
980;151.01779229102451;980;0;980;0.17090365306558428;980;31.141087069307531;980;576.19480045851208;980;4.822534867397076;980;4.9928281502731409
990;151.13986632892849;990;0;990;0.17090365306558428;990;30.970183416241952;990;576.11571450921326;990;4.8200933866389963;990;4.9928281502731409
1000;151.11545152134769;1000;0;1000;0.15869624927518539;1000;30.87252418591876;1000;576.19480045851208;1000;4.8176519058809166;1000;4.9922177800836209
1010;151.20090334788051;1010;0;1010;0.15869624927518539;1010;30.994598223822749;1010;576.19480045851208;1010;4.8152104251228369;1010;4.9925229651783809
1020;151.0299996948149;1020;0;1020;0.15869624927518539;1020;30.957976012451553;1020;576.11571450921326;1020;4.8127689443647572;1020;4.991912594988861
1030;150.95675527207251;1030;0;1030;0.17090365306558428;1030;30.970183416241952;1030;576.11571450921326;1030;4.8100222785119175;1030;4.9922177800836209
1040;151.13986632892849;1040;0;1040;0.17090365306558428;1040;30.957976012451553;1040;576.19480045851208;1040;4.8075807977538378;1040;4.991912594988861
1050;151.21311075167091;1050;0;1050;0.18311105685598317;1050;30.945768608661151;1050;576.23434343316148;1050;4.8051393169957581;1050;4.9931333353679008
1060;151.15207373271889;1060;0;1060;0.20752586443678089;1060;30.957976012451553;1060;576.23434343316148;1060;4.8026978362376784;1060;4.9931333353679008
1070;151.0544145023957;1070;0;1070;0.17090365306558428;1070;30.994598223822749;1070;576.23434343316148;1070;4.8002563554795987;1070;4.9931333353679008
1080;151.0299996948149;1080;0;1080;0.17090365306558428;1080;30.994598223822749;1080;576.23434343316148;1080;4.7975096896267591;1080;4.9925229651783809
1090;150.93234046449172;1090;0;1090;0.15869624927518539;1090;30.896938993499557;1090;576.23434343316148;1090;4.7950682088686793;1090;4.991912594988861
1100;150.94454786828211;1100;0;1100;0.15869624927518539;1100;30.909146397289955;1100;576.23434343316148;1100;4.7926267281105988;1100;4.9925229651783809
1110;151.0910367137669;1110;0;1110;0.15869624927518539;1110;31.031220435193944;1110;576.19480045851208;1110;4.790185247352519;1110;4.9928281502731409
1120;151.01779229102451;1120;0;1120;0.15869624927518539;1120;31.043427838984343;1120;576.11571450921326;1120;4.7877437665944393;1120;4.9934385204626608
1130;150.78585161900693;1130;0;1130;0.15869624927518539;1130;31.043427838984343;1130;576.19480045851208;1130;4.7849971007416;1130;4.9925229651783809
1140;150.87130344553972;1140;0;1140;0.14648884548478652;1140;31.104464857936335;1140;576.23434343316148;1140;4.78255561998352;1140;4.9928281502731409
1150;150.93234046449172;1150;0;1150;0.17090365306558428;1150;31.177709280678734;1150;576.19480045851208;1150;4.78011413922544;1150;4.9928281502731409
1160;150.88351084933012;1160;0;1160;0.17090365306558428;1160;31.080050050355538;1160;576.19480045851208;1160;4.7776726584673606;1160;4.9925229651783809
1170;150.94454786828211;1170;0;1170;0.15869624927518539;1170;31.019013031403546;1170;576.11571450921326;1170;4.77523117770928;1170;4.9925229651783809
1180;150.96896267586291;1180;0;1180;0.15869624927518539;1180;30.98239082003235;1180;576.07617153456385;1180;4.7727896969512;1180;4.9925229651783809
1190;151.0299996948149;1190;0;1190;0.18311105685598317;1190;30.994598223822749;1190;576.23434343316148;1190;4.7700430310983606;1190;4.9925229651783809
1200;151.00558488723411;1200;0;1200;0.15869624927518539;1200;31.055635242774741;1200;576.19480045851208;1200;4.7676015503402809;1200;4.9922177800836209
1210;151.01779229102451;1210;0;1210;0.15869624927518539;1210;31.055635242774741;1210;576.19480045851208;1210;4.7651600695822012;1210;4.9928281502731409
1220;150.98117007965331;1220;0;1220;0.17090365306558428;1220;31.031220435193944;1220;576.19480045851208;1220;4.7627185888241215;1220;4.9928281502731409
1230;150.94454786828211;1230;0;1230;0.17090365306558428;1230;31.019013031403546;1230;576.07617153456385;1230;4.7602771080660418;1230;4.9931333353679008
1240;150.98117007965331;1240;0;1240;0.15869624927518539;1240;31.031220435193944;1240;576.11571450921326;1240;4.7575304422132021;1240;4.9931333353679008
1250;151.0299996948149;1250;0;1250;0.15869624927518539;1250;30.994598223822749;1250;576.19480045851208;1250;4.7550889614551224;1250;4.9931333353679008
1260;150.92013306070132;1260;0;1260;0.17090365306558428;1260;31.019013031403546;1260;576.19480045851208;1260;4.7526474806970427;1260;4.9925229651783809
1270;150.92013306070132;1270;0;1270;0.18311105685598317;1270;30.909146397289955;1270;576.19480045851208;1270;4.750205999938963;1270;4.9922177800836209
1280;151.0299996948149;1280;0;1280;0.18311105685598317;1280;31.031220435193944;1280;576.19480045851208;1280;4.7477645191808833;1280;4.9925229651783809
1290;150.92013306070132;1290;0;1290;0.17090365306558428;1290;31.104464857936335;1290;576.19480045851208;1290;4.7450178533280436;1290;4.9931333353679008
1300;150.90792565691092;1300;0;1300;0.17090365306558428;1300;30.945768608661151;1300;576.11571450921326;1300;4.7425763725699639;1300;4.9937437055574208
1310;150.94454786828211;1310;0;1310;0.15869624927518539;1310;30.994598223822749;1310;576.11571450921326;1310;4.7401348918118842;1310;4.9934385204626608
1320;150.94454786828211;1320;0;1320;0.15869624927518539;1320;31.043427838984343;1320;576.23434343316148;1320;4.7376934110538045;1320;4.9937437055574208
1330;150.94454786828211;1330;0;1330;0.17090365306558428;1330;31.06784264656514;1330;576.23434343316148;1330;4.7352519302957239;1330;4.9925229651783809
1340;150.93234046449172;1340;0;1340;0.15869624927518539;1340;31.153294473097937;1340;576.19480045851208;1340;4.7325052644428842;1340;4.9931333353679008
1350;150.90792565691092;1350;0;1350;0.15869624927518539;1350;31.043427838984343;1350;576.19480045851208;1350;4.7300637836848045;1350;4.9931333353679008
1360;150.98117007965331;1360;0;1360;0.17090365306558428;1360;31.019013031403546;1360;576.27388640781089;1360;4.7276223029267248;1360;4.9928281502731409
1370;151.0666219061861;1370;0;1370;0.17090365306558428;1370;31.153294473097937;1370;576.27388640781089;1370;4.7251808221686451;1370;4.9931333353679008
1380;151.01779229102451;1380;0;1380;0.18311105685598317;1380;31.06784264656514;1380;576.19480045851208;1380;4.7227393414105654;1380;4.9934385204626608
1390;151.0910367137669;1390;0;1390;0.18311105685598317;1390;30.933561204870752;1390;576.23434343316148;1390;4.7199926755577257;1390;4.9937437055574208
1400;151.16428113650929;1400;0;1400;0.18311105685598317;1400;30.811487166966767;1400;576.23434343316148;1400;4.717551194799646;1400;4.9934385204626608
1410;151.0666219061861;1410;0;1410;0.17090365306558428;1410;30.823694570757166;1410;576.19480045851208;1410;4.7151097140415663;1410;4.9952696310312206
1420;151.0666219061861;1420;0;1420;0.17090365306558428;1420;31.031220435193944;1420;576.19480045851208;1420;4.7126682332834866;1420;4.9943540757469407
1430;151.0666219061861;1430;0;1430;0.20752586443678089;1430;31.080050050355538;1430;576.19480045851208;1430;4.7102267525254069;1430;4.9931333353679008
1440;151.0910367137669;1440;0;1440;0.18311105685598317;1440;30.957976012451553;1440;576.11571450921326;1440;4.7077852717673272;1440;4.9934385204626608
1450;151.11545152134769;1450;0;1450;0.15869624927518539;1450;30.933561204870752;1450;576.19480045851208;1450;4.7050386059144875;1450;4.9934385204626608
1460;150.96896267586291;1460;0;1460;0.17090365306558428;1460;30.970183416241952;1460;576.23434343316148;1460;4.7025971251564078;1460;4.9931333353679008
1470;150.94454786828211;1470;0;1470;0.18311105685598317;1470;30.970183416241952;1470;576.23434343316148;1470;4.7001556443983281;1470;4.9934385204626608
1480;150.94454786828211;1480;0;1480;0.18311105685598317;1480;30.87252418591876;1480;576.23434343316148;1480;4.6977141636402484;1480;4.9946592608417006
1490;150.93234046449172;1490;0;1490;0.17090365306558428;1490;30.933561204870752;1490;576.27388640781089;1490;4.6952726828821678;1490;4.9937437055574208
1500;150.95675527207251;1500;0;1500;0.18311105685598317;1500;30.994598223822749;1500;576.27388640781089;1500;4.6925260170293281;1500;4.9943540757469407
1510;150.98117007965331;1510;0;1510;0.17090365306558428;1510;30.98239082003235;1510;576.27388640781089;1510;4.6900845362712484;1510;4.9937437055574208
1520;150.95675527207251;1520;0;1520;0.15869624927518539;1520;30.970183416241952;1520;576.3134293824603;1520;4.6876430555131687;1520;4.9943540757469407
1530;150.85909604174932;1530;0;1530;0.15869624927518539;1530;30.970183416241952;1530;576.3134293824603;1530;4.685201574755089;1530;4.9946592608417006
1540;150.84688863795893;1540;0;1540;0.15869624927518539;1540;30.970183416241952;1540;576.27388640781089;1540;4.6827600939970093;1540;4.9946592608417006
1550;151.0544145023957;1550;0;1550;0.18311105685598317;1550;31.031220435193944;1550;576.23434343316148;1550;4.68001342814417;1550;4.9952696310312206
1560;151.13986632892849;1560;0;1560;0.18311105685598317;1560;31.128879665517132;1560;576.23434343316148;1560;4.6775719473860891;1560;4.9952696310312206
1570;150.95675527207251;1570;0;1570;0.18311105685598317;1570;31.080050050355538;1570;576.27388640781089;1570;4.6751304666280094;1570;4.9961851863155005
1580;150.87130344553972;1580;0;1580;0.17090365306558428;1580;30.970183416241952;1580;576.27388640781089;1580;4.67268898586993;1580;4.9961851863155005
1590;151.0299996948149;1590;0;1590;0.17090365306558428;1590;30.970183416241952;1590;576.23434343316148;1590;4.67024750511185;1590;4.9961851863155005
1600;151.1032441175573;1600;0;1600;0.18311105685598317;1600;31.031220435193944;1600;576.23434343316148;1600;4.66750083925901;1600;4.9958800012207405
1610;151.0544145023957;1610;0;1610;0.18311105685598317;1610;31.031220435193944;1610;576.27388640781089;1610;4.6650593585009306;1610;4.99649037141026
1620;150.98117007965331;1620;0;1620;0.18311105685598317;1620;30.970183416241952;1620;576.23434343316148;1620;4.6626178777428509;1620;4.9961851863155005
1630;151.0666219061861;1630;0;1630;0.18311105685598317;1630;31.055635242774741;1630;576.19480045851208;1630;4.6601763969847712;1630;4.9958800012207405
1640;151.0666219061861;1640;0.012207403790398877;1640;0.20752586443678089;1640;31.055635242774741;1640;576.19480045851208;1640;4.6577349162266914;1640;4.9958800012207405
1650;150.93234046449172;1650;0.012207403790398877;1650;0.20752586443678089;1650;30.970183416241952;1650;576.19480045851208;1650;4.6552934354686117;1650;4.99649037141026
1660;150.93234046449172;1660;0;1660;0.18311105685598317;1660;30.970183416241952;1660;576.23434343316148;1660;4.6525467696157721;1660;4.9958800012207405
1670;150.95675527207251;1670;0;1670;0.18311105685598317;1670;31.019013031403546;1670;576.11571450921326;1670;4.6501052888576924;1670;4.9955748161259805
1680;151.1032441175573;1680;0;1680;0.20752586443678089;1680;31.019013031403546;1680;576.19480045851208;1680;4.6476638080996127;1680;4.9961851863155005
1690;151.0299996948149;1690;0;1690;0.18311105685598317;1690;30.98239082003235;1690;576.27388640781089;1690;4.645222327341533;1690;4.9949644459364606
1700;150.87130344553972;1700;0;1700;0.18311105685598317;1700;31.06784264656514;1700;576.3134293824603;1700;4.6427808465834532;1700;4.9955748161259805
1710;150.92013306070132;1710;0;1710;0.18311105685598317;1710;31.080050050355538;1710;576.27388640781089;1710;4.6400341807306136;1710;4.9937437055574208
1720;150.95675527207251;1720;0;1720;0.17090365306558428;1720;31.043427838984343;1720;576.23434343316148;1720;4.637592699972533;1720;4.9946592608417006
1730;150.96896267586291;1730;0;1730;0.18311105685598317;1730;31.019013031403546;1730;576.23434343316148;1730;4.6351512192144533;1730;4.9934385204626608
1740;150.96896267586291;1740;0;1740;0.18311105685598317;1740;30.98239082003235;1740;576.23434343316148;1740;4.6327097384563736;1740;4.9937437055574208
1750;150.85909604174932;1750;0;1750;0.17090365306558428;1750;30.970183416241952;1750;576.23434343316148;1750;4.6302682576982939;1750;4.9903866695150612
1760;150.85909604174932;1760;0;1760;0.17090365306558428;1760;30.957976012451553;1760;576.27388640781089;1760;4.6275215918454542;1760;4.9870296334727007
1770;150.96896267586291;1770;0;1770;0.18311105685598317;1770;30.994598223822749;1770;576.27388640781089;1770;4.6250801110873745;1770;4.9769585253456219
1780;150.95675527207251;1780;0;1780;0.20752586443678089;1780;30.933561204870752;1780;576.27388640781089;1780;4.6226386303292948;1780;4.9656666768395032
1790;150.96896267586291;1790;0;1790;0.20752586443678089;1790;30.909146397289955;1790;576.23434343316148;1790;4.6201971495712151;1790;4.9501022370067442
1800;150.87130344553972;1800;0;1800;0.17090365306558428;1800;30.909146397289955;1800;576.23434343316148;1800;4.6177556688131354;1800;4.9302652058473466
1810;150.85909604174932;1810;0;1810;0.18311105685598317;1810;30.884731589709158;1810;576.27388640781089;1810;4.6150090029602957;1810;4.9208044679097878
1820;150.94454786828211;1820;0.012207403790398877;1820;0.18311105685598317;1820;30.909146397289955;1820;576.19480045851208;1820;4.612567522202216;1820;4.9024933622241891
1830;150.95675527207251;1830;0;1830;0.20752586443678089;1830;30.994598223822749;1830;576.27388640781089;1830;4.6101260414441363;1830;4.88509781182287
1840;150.92013306070132;1840;0;1840;0.20752586443678089;1840;31.080050050355538;1840;576.3134293824603;1840;4.6076845606860566;1840;4.8612933744315932
1850;150.92013306070132;1850;0;1850;0.18311105685598317;1850;30.98239082003235;1850;576.27388640781089;1850;4.6052430799279769;1850;4.8451185644093142
1860;150.88351084933012;1860;0;1860;0.20752586443678089;1860;30.933561204870752;1860;576.27388640781089;1860;4.6024964140751372;1860;4.8213141270180362
1870;150.88351084933012;1870;0;1870;0.20752586443678089;1870;30.933561204870752;1870;576.23434343316148;1870;4.6000549333170575;1870;4.8023926511429185
1880;150.88351084933012;1880;0;1880;0.20752586443678089;1880;30.909146397289955;1880;576.23434343316148;1880;4.5976134525589769;1880;4.7929319132053587
1890;150.78585161900693;1890;0;1890;0.18311105685598317;1890;30.860316782128361;1890;576.27388640781089;1890;4.5951719718008972;1890;4.7849971007416
1900;150.77364421521654;1900;0;1900;0.18311105685598317;1900;30.884731589709158;1900;576.23434343316148;1900;4.5927304910428175;1900;4.77370525223548
1910;150.82247383037813;1910;0;1910;0.18311105685598317;1910;30.848109378337963;1910;576.19480045851208;1910;4.5902890102847378;1910;4.758140812402722
1920;150.88351084933012;1920;0;1920;0.20752586443678089;1920;30.823694570757166;1920;576.23434343316148;1920;4.5875423444318981;1920;4.7587511825922419
1930;150.70039979247414;1930;0;1930;0.18311105685598317;1930;30.87252418591876;1930;576.19480045851208;1930;4.5851008636738184;1930;4.7520371105075228
1940;150.73702200384534;1940;0;1940;0.17090365306558428;1940;30.957976012451553;1940;576.19480045851208;1940;4.5826593829157387;1940;4.7550889614551224
1950;150.81026642658773;1950;0;1950;0.17090365306558428;1950;30.994598223822749;1950;576.19480045851208;1950;4.580217902157659;1950;4.7492904446546831
1960;150.88351084933012;1960;0;1960;0.17090365306558428;1960;31.043427838984343;1960;576.23434343316148;1960;4.5777764213995784;1960;4.7315897091586043
1970;150.85909604174932;1970;0;1970;0.17090365306558428;1970;31.141087069307531;1970;576.27388640781089;1970;4.5750297555467387;1970;4.7087008270516071
1980;150.85909604174932;1980;0;1980;0.17090365306558428;1980;31.116672261726734;1980;576.23434343316148;1980;4.572588274788659;1980;4.7001556443983281
1990;150.95675527207251;1990;0;1990;0.18311105685598317;1990;31.06784264656514;1990;576.27388640781089;1990;4.5701467940305793;1990;4.7047334208197276
2000;150.87130344553972;2000;0;2000;0.18311105685598317;2000;31.06784264656514;2000;576.23434343316148;2000;4.5677053132725;2000;4.7080904568620872
2010;150.84688863795893;2010;0;2010;0.18311105685598317;2010;31.128879665517132;2010;576.27388640781089;2010;4.56526383251442;2010;4.7062593462935274
2020;150.81026642658773;2020;0;2020;0.18311105685598317;2020;31.019013031403546;2020;576.3134293824603;2020;4.56251716666158;2020;4.693441572313608
2030;150.87130344553972;2030;0;2030;0.18311105685598317;2030;30.909146397289955;2030;576.27388640781089;2030;4.5600756859035005;2030;4.6958830530716877
2040;150.68819238868375;2040;0;2040;0.20752586443678089;2040;30.945768608661151;2040;576.3134293824603;2040;4.5576342051454208;2040;4.6906949064607684
2050;150.77364421521654;2050;0;2050;0.20752586443678089;2050;30.933561204870752;2050;576.27388640781089;2050;4.5551927243873411;2050;4.6952726828821678
2060;150.88351084933012;2060;0;2060;0.20752586443678089;2060;30.970183416241952;2060;576.27388640781089;2060;4.5527512436292614;2060;4.6946623126926479
2070;150.92013306070132;2070;0;2070;0.20752586443678089;2070;31.104464857936335;2070;576.27388640781089;2070;4.5500045777764218;2070;4.6922208319345682
2080;150.93234046449172;2080;0;2080;0.20752586443678089;2080;31.128879665517132;2080;576.19480045851208;2080;4.547563097018342;2080;4.6861171300393689
2090;150.87130344553972;2090;0;2090;0.18311105685598317;2090;31.104464857936335;2090;576.19480045851208;2090;4.5451216162602623;2090;4.67818231757561
2100;150.92013306070132;2100;0;2100;0.20752586443678089;2100;31.043427838984343;2100;576.27388640781089;2100;4.5426801355021826;2100;4.67970824304941
2110;150.83468123416853;2110;0;2110;0.18311105685598317;2110;30.87252418591876;2110;576.27388640781089;2110;4.540238654744102;2110;4.67787713248085
2120;150.90792565691092;2120;0;2120;0.17090365306558428;2120;30.799279763176369;2120;576.27388640781089;2120;4.5374919888912624;2120;4.6815393536179695
2130;150.92013306070132;2130;0;2130;0.18311105685598317;2130;30.87252418591876;2130;576.27388640781089;2130;4.5350505081331827;2130;4.6736045411542095
2140;150.87130344553972;2140;0;2140;0.18311105685598317;2140;30.957976012451553;2140;576.27388640781089;2140;4.532609027375103;2140;4.67329935605945
2150;150.76143681142614;2150;0;2150;0.17090365306558428;2150;30.87252418591876;2150;576.27388640781089;2150;4.5301675466170233;2150;4.6647541734061706
2160;150.81026642658773;2160;0;2160;0.17090365306558428;2160;30.909146397289955;2160;576.27388640781089;2160;4.5277260658589435;2160;4.6638386181218907
2170;150.87130344553972;2170;0;2170;0.17090365306558428;2170;31.043427838984343;2170;576.27388640781089;2170;4.5252845851008638;2170;4.661397137363811
2180;150.94454786828211;2180;0;2180;0.15869624927518539;2180;30.933561204870752;2180;576.27388640781089;2180;4.5225379192480242;2180;4.6620075075533309
2190;150.94454786828211;2190;0;2190;0.18311105685598317;2190;30.909146397289955;2190;576.27388640781089;2190;4.5200964384899436;2190;4.6623126926480909
2200;150.82247383037813;2200;0;2200;0.18311105685598317;2200;30.957976012451553;2200;576.23434343316148;2200;4.5176549577318639;2200;4.6546830652790918
2210;150.88351084933012;2210;0;2210;0.20752586443678089;2210;30.970183416241952;2210;576.19480045851208;2210;4.5152134769737842;2210;4.652851954710532
2220;150.82247383037813;2220;0;2220;0.20752586443678089;2220;31.06784264656514;2220;576.19480045851208;2220;4.5127719962157045;2220;4.6433912167729732
2230;150.78585161900693;2230;0;2230;0.20752586443678089;2230;30.970183416241952;2230;576.3134293824603;2230;4.5100253303628648;2230;4.6464430677205728
2240;150.72481460005494;2240;0;2240;0.17090365306558428;2240;30.933561204870752;2240;576.35297235710971;2240;4.5075838496047851;2240;4.6412549211096534
2250;150.87130344553972;2250;0;2250;0.18311105685598317;2250;30.994598223822749;2250;576.27388640781089;2250;4.5051423688467054;2250;4.6421704763939333
2260;151.01779229102451;2260;0;2260;0.20752586443678089;2260;30.98239082003235;2260;576.23434343316148;2260;4.5027008880886257;2260;4.6378978850672929
2270;150.94454786828211;2270;0;2270;0.20752586443678089;2270;31.06784264656514;2270;576.23434343316148;2270;4.500259407330546;2270;4.6339304788354134
2280;150.87130344553972;2280;0.012207403790398877;2280;0.20752586443678089;2280;31.019013031403546;2280;576.27388640781089;2280;4.4975127414777063;2280;4.6299630726035339
2290;150.88351084933012;2290;0;2290;0.18311105685598317;2290;30.98239082003235;2290;576.27388640781089;2290;4.4950712607196266;2290;4.6253852961821345
2300;150.88351084933012;2300;0;2300;0.18311105685598317;2300;31.019013031403546;2300;576.3134293824603;2300;4.4926297799615469;2300;4.6266060365611743
2310;150.77364421521654;2310;0;2310;0.18311105685598317;2310;31.055635242774741;2310;576.27388640781089;2310;4.4901882992034672;2310;4.6223334452345348
2320;150.84688863795893;2320;0;2320;0.17090365306558428;2320;31.043427838984343;2320;576.23434343316148;2320;4.4877468184453875;2320;4.6238593707083346
2330;150.74922940763574;2330;0;2330;0.15869624927518539;2330;31.043427838984343;2330;576.23434343316148;2330;4.4850001525925478;2330;4.6137882625812559
2340;150.83468123416853;2340;0;2340;0.17090365306558428;2340;31.019013031403546;2340;576.23434343316148;2340;4.4825586718344681;2340;4.612872707296976
2350;150.87130344553972;2350;0;2350;0.17090365306558428;2350;30.884731589709158;2350;576.23434343316148;2350;4.4801171910763875;2350;4.6055482650227368
2360;150.82247383037813;2360;0;2360;0.15869624927518539;2360;30.896938993499557;2360;576.23434343316148;2360;4.4776757103183078;2360;4.6073793755912966
2370;150.73702200384534;2370;0;2370;0.17090365306558428;2370;31.019013031403546;2370;576.27388640781089;2370;4.4752342295602281;2370;4.6064638203070167
2380;150.72481460005494;2380;0;2380;0.15869624927518539;2380;31.031220435193944;2380;576.27388640781089;2380;4.4724875637073884;2380;4.6034119693594171
2390;150.93234046449172;2390;0;2390;0.17090365306558428;2390;30.933561204870752;2390;576.3134293824603;2390;4.4700460829493087;2390;4.6009704886013374
2400;150.96896267586291;2400;0;2400;0.18311105685598317;2400;30.884731589709158;2400;576.27388640781089;2400;4.467604602191229;2400;4.5921201208532976
2410;150.81026642658773;2410;0;2410;0.18311105685598317;2410;30.945768608661151;2410;576.27388640781089;2410;4.4651631214331493;2410;4.5918149357585376
2420;150.66377758110295;2420;0;2420;0.20752586443678089;2420;30.98239082003235;2420;576.3134293824603;2420;4.4627216406750687;2420;4.5841853083895385
2430;150.77364421521654;2430;0;2430;0.18311105685598317;2430;30.945768608661151;2430;576.27388640781089;2430;4.460280159916989;2430;4.588457899716178
2440;150.76143681142614;2440;0;2440;0.18311105685598317;2440;30.933561204870752;2440;576.23434343316148;2440;4.4575334940641493;2440;4.5838801232947786
2450;150.90792565691092;2450;0;2450;0.20752586443678089;2450;30.933561204870752;2450;576.23434343316148;2450;4.45509201330607;2450;4.5838801232947786
2460;150.85909604174932;2460;0;2460;0.17090365306558428;2460;31.019013031403546;2460;576.27388640781089;2460;4.45265053254799;2460;4.5774712363048184
2470;150.82247383037813;2470;0;2470;0.14648884548478652;2470;31.031220435193944;2470;576.23434343316148;2470;4.45020905178991;2470;4.5744193853572188
2480;150.81026642658773;2480;0;2480;0.17090365306558428;2480;30.994598223822749;2480;576.23434343316148;2480;4.4477675710318305;2480;4.5722830896938991
2490;150.77364421521654;2490;0;2490;0.18311105685598317;2490;31.019013031403546;2490;576.27388640781089;2490;4.4450209051789908;2490;4.5698416089358194
2500;150.84688863795893;2500;0;2500;0.20752586443678089;2500;31.055635242774741;2500;576.3134293824603;2500;4.4425794244209111;2500;4.5719779045991391
2510;150.81026642658773;2510;0;2510;0.20752586443678089;2510;31.031220435193944;2510;576.35297235710971;2510;4.4401379436628314;2510;4.56434827723014
2520;150.94454786828211;2520;0;2520;0.20752586443678089;2520;31.031220435193944;2520;576.35297235710971;2520;4.4376964629047517;2520;4.56404309213538
2530;150.92013306070132;2530;0;2530;0.18311105685598317;2530;31.031220435193944;2530;576.23434343316148;2530;4.435254982146672;2530;4.5548875392925812
2540;150.88351084933012;2540;0;2540;0.18311105685598317;2540;31.031220435193944;2540;576.23434343316148;2540;4.4325083162938324;2540;4.556413464766381
2550;150.84688863795893;2550;0;2550;0.18311105685598317;2550;31.116672261726734;2550;576.23434343316148;2550;4.4300668355357526;2550;4.5512253181554616
2560;150.82247383037813;2560;0;2560;0.18311105685598317;2560;31.031220435193944;2560;576.23434343316148;2560;4.4276253547776729;2560;4.5539719840083013
2570;150.93234046449172;2570;0;2570;0.18311105685598317;2570;30.98239082003235;2570;576.23434343316148;2570;4.4251838740195932;2570;4.5518356883449815
2580;151.00558488723411;2580;0;2580;0.18311105685598317;2580;30.957976012451553;2580;576.19480045851208;2580;4.4227423932615126;2580;4.5466475417340622
2590;150.95675527207251;2590;0;2590;0.18311105685598317;2590;30.945768608661151;2590;576.23434343316148;2590;4.419995727408673;2590;4.5442060609759825
2600;150.87130344553972;2600;0;2600;0.20752586443678089;2600;30.945768608661151;2600;576.3134293824603;2600;4.4175542466505933;2600;4.5374919888912624
2610;150.94454786828211;2610;0;2610;0.20752586443678089;2610;30.884731589709158;2610;576.3134293824603;2610;4.4151127658925136;2610;4.540849024933622
2620;150.90792565691092;2620;0;2620;0.18311105685598317;2620;30.933561204870752;2620;576.23434343316148;2620;4.4126712851344339;2620;4.5350505081331827
2630;150.92013306070132;2630;0;2630;0.20752586443678089;2630;30.98239082003235;2630;576.19480045851208;2630;4.4102298043763541;2630;4.5374919888912624
2640;150.76143681142614;2640;0;2640;0.21973326822717978;2640;31.019013031403546;2640;576.23434343316148;2640;4.4074831385235145;2640;4.5295571764275033
2650;150.83468123416853;2650;0;2650;0.21973326822717978;2650;30.98239082003235;2650;576.27388640781089;2650;4.4050416577654348;2650;4.5289468062379834
2660;150.96896267586291;2660;0;2660;0.18311105685598317;2660;30.884731589709158;2660;576.27388640781089;2660;4.4026001770073551;2660;4.5234534745323041
2670;150.92013306070132;2670;0;2670;0.17090365306558428;2670;30.884731589709158;2670;576.27388640781089;2670;4.4001586962492754;2670;4.5225379192480242
2680;150.84688863795893;2680;0;2680;0.20752586443678089;2680;30.970183416241952;2680;576.27388640781089;2680;4.3977172154911957;2680;4.5219275490585042
2690;150.78585161900693;2690;0;2690;0.18311105685598317;2690;30.945768608661151;2690;576.27388640781089;2690;4.3952757347331159;2690;4.5185705130161438
2700;150.88351084933012;2700;0;2700;0.21973326822717978;2700;30.896938993499557;2700;576.35297235710971;2700;4.3925290688802763;2700;4.5207068086794635
2710;150.92013306070132;2710;0;2710;0.18311105685598317;2710;30.970183416241952;2710;576.35297235710971;2710;4.3900875881221966;2710;4.5124668111209445
2720;150.93234046449172;2720;0;2720;0.15869624927518539;2720;31.043427838984343;2720;576.23434343316148;2720;4.3876461073641169;2720;4.5115512558366646
2730;150.78585161900693;2730;0;2730;0.18311105685598317;2730;30.933561204870752;2730;576.19480045851208;2730;4.3852046266060372;2730;4.5020905178991057
2740;150.84688863795893;2740;0;2740;0.20752586443678089;2740;30.799279763176369;2740;576.19480045851208;2740;4.3827631458479566;2740;4.5063631092257452
2750;150.88351084933012;2750;0;2750;0.18311105685598317;2750;30.87252418591876;2750;576.19480045851208;2750;4.3800164799951169;2750;4.5033112582781456
2760;150.88351084933012;2760;0;2760;0.15869624927518539;2760;30.994598223822749;2760;576.23434343316148;2760;4.3775749992370372;2760;4.5020905178991057
2770;150.84688863795893;2770;0;2770;0.18311105685598317;2770;30.994598223822749;2770;576.23434343316148;2770;4.3751335184789575;2770;4.4975127414777063
2780;150.76143681142614;2780;0;2780;0.20752586443678089;2780;30.896938993499557;2780;576.19480045851208;2780;4.3726920377208778;2780;4.4923245948667869
2790;150.77364421521654;2790;0;2790;0.20752586443678089;2790;31.019013031403546;2790;576.11571450921326;2790;4.3702505569627981;2790;4.491409039582507
2800;150.73702200384534;2800;0;2800;0.17090365306558428;2800;30.98239082003235;2800;576.19480045851208;2800;4.3675038911099584;2800;4.4865260780663476
2810;150.84688863795893;2810;0;2810;0.18311105685598317;2810;30.957976012451553;2810;576.19480045851208;2810;4.3650624103518778;2810;4.4901882992034672
2820;150.77364421521654;2820;0;2820;0.21973326822717978;2820;31.043427838984343;2820;576.19480045851208;2820;4.3626209295937981;2820;4.483474227118748
2830;150.84688863795893;2830;0;2830;0.21973326822717978;2830;30.970183416241952;2830;576.27388640781089;2830;4.3601794488357184;2830;4.4828638569292281
2840;150.87130344553972;2840;0;2840;0.17090365306558428;2840;30.87252418591876;2840;576.23434343316148;2840;4.3577379680776387;2840;4.4740134891811882
2850;150.94454786828211;2850;0;2850;0.17090365306558428;2850;30.87252418591876;2850;576.27388640781089;2850;4.354991302224799;2850;4.4752342295602281
2860;150.92013306070132;2860;0;2860;0.20752586443678089;2860;30.896938993499557;2860;576.3134293824603;2860;4.3525498214667193;2860;4.4715720084231085
2870;150.93234046449172;2870;0;2870;0.18311105685598317;2870;30.957976012451553;2870;576.3134293824603;2870;4.35010834070864;2870;4.4715720084231085
2880;150.96896267586291;2880;0;2880;0.18311105685598317;2880;30.98239082003235;2880;576.27388640781089;2880;4.34766685995056;2880;4.4712668233283486
2890;150.78585161900693;2890;0;2890;0.20752586443678089;2890;30.896938993499557;2890;576.19480045851208;2890;4.34522537919248;2890;4.4657734916226692
2900;150.84688863795893;2900;0;2900;0.20752586443678089;2900;30.933561204870752;2900;576.27388640781089;2900;4.3427838984344005;2900;4.4651631214331493
2910;150.90792565691092;2910;0;2910;0.21973326822717978;2910;30.884731589709158;2910;576.27388640781089;2910;4.3400372325815608;2910;4.45539719840083
2920;150.92013306070132;2920;0;2920;0.23194067201757868;2920;30.87252418591876;2920;576.23434343316148;2920;4.3375957518234811;2920;4.4587542344431892
2930;150.84688863795893;2930;0;2930;0.20752586443678089;2930;31.031220435193944;2930;576.3134293824603;2930;4.3351542710654014;2930;4.45356608783227
2940;150.96896267586291;2940;0;2940;0.20752586443678089;2940;31.116672261726734;2940;576.35297235710971;2940;4.3327127903073217;2940;4.4560075685903495
2950;150.96896267586291;2950;0;2950;0.18311105685598317;2950;30.970183416241952;2950;576.27388640781089;2950;4.330271309549242;2950;4.45142979216895
2960;151.00558488723411;2960;0;2960;0.17090365306558428;2960;30.87252418591876;2960;576.3134293824603;2960;4.3275246436964023;2960;4.44990386669515
2970;150.98117007965331;2970;0.012207403790398877;2970;0.17090365306558428;2970;30.945768608661151;2970;576.35297235710971;2970;4.3250831629383217;2970;4.4453260902737508
2980;150.93234046449172;2980;0;2980;0.15869624927518539;2980;30.98239082003235;2980;576.27388640781089;2980;4.322641682180242;2980;4.4413586840418713
2990;150.90792565691092;2990;0;2990;0.17090365306558428;2990;30.933561204870752;2990;576.27388640781089;2990;4.3202002014221623;2990;4.4422742393261512
3000;150.84688863795893;3000;0;3000;0.17090365306558428;3000;31.031220435193944;3000;576.27388640781089;3000;4.3177587206640826;3000;4.4386120181890316
3010;150.93234046449172;3010;0;3010;0.20752586443678089;3010;31.019013031403546;3010;576.3134293824603;3010;4.3150120548112429;3010;4.4404431287575914
3020;150.82247383037813;3020;0;3020;0.21973326822717978;3020;30.884731589709158;3020;576.35297235710971;3020;4.3125705740531632;3020;4.4303720206305126
3030;150.83468123416853;3030;0;3030;0.21973326822717978;3030;30.87252418591876;3030;576.35297235710971;3030;4.3101290932950835;3030;4.4309823908200325
3040;150.78585161900693;3040;0;3040;0.18311105685598317;3040;30.860316782128361;3040;576.3134293824603;3040;4.3076876125370038;3040;4.4236579485457925
3050;150.93234046449172;3050;0;3050;0.17090365306558428;3050;30.884731589709158;3050;576.3134293824603;3050;4.3052461317789241;3050;4.426709799493393
3060;151.01779229102451;3060;0.024414807580797754;3060;0.20752586443678089;3060;30.994598223822749;3060;576.3134293824603;3060;4.3024994659260845;3060;4.4245735038300733
3070;150.87130344553972;3070;0.012207403790398877;3070;0.20752586443678089;3070;31.055635242774741;3070;576.3134293824603;3070;4.3000579851680047;3070;4.4224372081667527
3080;150.88351084933012;3080;0;3080;0.21973326822717978;3080;30.98239082003235;3080;576.3134293824603;3080;4.297616504409925;3080;4.419995727408673
3090;150.93234046449172;3090;0;3090;0.20752586443678089;3090;30.909146397289955;3090;576.27388640781089;3090;4.2951750236518453;3090;4.4126712851344339
3100;151.01779229102451;3100;0;3100;0.21973326822717978;3100;30.945768608661151;3100;576.35297235710971;3100;4.2927335428937656;3100;4.4135868404187137
3110;150.93234046449172;3110;0;3110;0.20752586443678089;3110;30.957976012451553;3110;576.35297235710971;3110;4.289986877040926;3110;4.4074831385235145
3120;150.84688863795893;3120;0;3120;0.20752586443678089;3120;30.957976012451553;3120;576.27388640781089;3120;4.2875453962828463;3120;4.411755729850154
3130;150.83468123416853;3130;0;3130;0.18311105685598317;3130;30.884731589709158;3130;576.23434343316148;3130;4.2851039155247657;3130;4.4050416577654348
3140;150.93234046449172;3140;0;3140;0.17090365306558428;3140;30.933561204870752;3140;576.23434343316148;3140;4.282662434766686;3140;4.4050416577654348
3150;150.85909604174932;3150;0;3150;0.17090365306558428;3150;30.884731589709158;3150;576.27388640781089;3150;4.2802209540086062;3150;4.3968016602069158
3160;150.83468123416853;3160;0;3160;0.17090365306558428;3160;30.823694570757166;3160;576.3134293824603;3160;4.2777794732505265;3160;4.3955809198278759
3170;150.88351084933012;3170;0;3170;0.20752586443678089;3170;31.055635242774741;3170;576.35297235710971;3170;4.2750328073976869;3170;4.3952757347331159
3180;150.88351084933012;3180;0;3180;0.20752586443678089;3180;30.945768608661151;3180;576.27388640781089;3180;4.2725913266396072;3180;4.3943601794488361
3190;150.94454786828211;3190;0;3190;0.17090365306558428;3190;30.799279763176369;3190;576.27388640781089;3190;4.2701498458815275;3190;4.3943601794488361
3200;150.85909604174932;3200;0;3200;0.17090365306558428;3200;30.884731589709158;3200;576.3134293824603;3200;4.2677083651234478;3200;4.3845942564165163
3210;150.81026642658773;3210;0;3210;0.20752586443678089;3210;30.896938993499557;3210;576.27388640781089;3210;4.2652668843653672;3210;4.3852046266060372
3220;150.66377758110295;3220;0;3220;0.17090365306558428;3220;30.933561204870752;3220;576.27388640781089;3220;4.2625202185125275;3220;4.3769646290475173
3230;150.83468123416853;3230;0;3230;0.17090365306558428;3230;30.87252418591876;3230;576.3134293824603;3230;4.2600787377544478;3230;4.3821527756584366
3240;150.92013306070132;3240;0;3240;0.20752586443678089;3240;30.884731589709158;3240;576.27388640781089;3240;4.2576372569963681;3240;4.3778801843317972
3250;150.94454786828211;3250;0;3250;0.18311105685598317;3250;30.896938993499557;3250;576.19480045851208;3250;4.2551957762382884;3250;4.3766594439527573
3260;151.00558488723411;3260;0;3260;0.20752586443678089;3260;30.896938993499557;3260;576.23434343316148;3260;4.2527542954802087;3260;4.3699453718680381
3270;150.98117007965331;3270;0;3270;0.20752586443678089;3270;30.848109378337963;3270;576.23434343316148;3270;4.250007629627369;3270;4.3665883358256785
3280;150.93234046449172;3280;0;3280;0.20752586443678089;3280;30.860316782128361;3280;576.23434343316148;3280;4.2475661488692893;3280;4.3668935209204385
3290;150.81026642658773;3290;0;3290;0.20752586443678089;3290;31.031220435193944;3290;576.23434343316148;3290;4.24512466811121;3290;4.3647572252571178
3300;150.88351084933012;3300;0;3300;0.21973326822717978;3300;31.043427838984343;3300;576.3134293824603;3300;4.24268318735313;3300;4.3665883358256785
3310;150.87130344553972;3310;0;3310;0.21973326822717978;3310;30.909146397289955;3310;576.27388640781089;3310;4.24024170659505;3310;4.3574327829828787
3320;150.84688863795893;3320;0;3320;0.20752586443678089;3320;30.774864955595572;3320;576.27388640781089;3320;4.2374950407422105;3320;4.3589587084566785
3330;150.72481460005494;3330;0;3330;0.18311105685598317;3330;30.774864955595572;3330;576.19480045851208;3330;4.2350535599841308;3330;4.34949797051912
3340;150.93234046449172;3340;0;3340;0.17090365306558428;3340;30.970183416241952;3340;576.19480045851208;3340;4.2326120792260511;3340;4.3516342661824394
3350;150.95675527207251;3350;0;3350;0.20752586443678089;3350;30.994598223822749;3350;576.27388640781089;3350;4.2301705984679714;3350;4.34858241523484
3360;150.88351084933012;3360;0;3360;0.21973326822717978;3360;30.909146397289955;3360;576.27388640781089;3360;4.2277291177098908;3360;4.34949797051912
3370;150.90792565691092;3370;0;3370;0.21973326822717978;3370;30.994598223822749;3370;576.3134293824603;3370;4.2249824518570511;3370;4.3473616748558
3380;150.87130344553972;3380;0;3380;0.20752586443678089;3380;30.896938993499557;3380;576.27388640781089;3380;4.2225409710989714;3380;4.3403424176763208
3390;150.90792565691092;3390;0;3390;0.20752586443678089;3390;30.933561204870752;3390;576.3134293824603;3390;4.2200994903408917;3390;4.338206122013001
3400;150.82247383037813;3400;0;3400;0.20752586443678089;3400;30.896938993499557;3400;576.39251533175923;3400;4.217658009582812;3400;4.3321024201178018
3410;150.88351084933012;3410;0;3410;0.21973326822717978;3410;30.823694570757166;3410;576.39251533175923;3410;4.2152165288247323;3410;4.3366801965392012
3420;150.92013306070132;3420;0;3420;0.20752586443678089;3420;30.957976012451553;3420;576.3134293824603;3420;4.2127750480666526;3420;4.3321024201178018
3430;151.00558488723411;3430;0;3430;0.17090365306558428;3430;30.98239082003235;3430;576.27388640781089;3430;4.2100283822138129;3430;4.3330179754020817
3440;150.88351084933012;3440;0;3440;0.18311105685598317;3440;30.994598223822749;3440;576.23434343316148;3440;4.2075869014557323;3440;4.323252052369762
3450;150.88351084933012;3450;0;3450;0.21973326822717978;3450;31.031220435193944;3450;576.19480045851208;3450;4.2051454206976526;3450;4.3223364970854821
3460;150.94454786828211;3460;0;3460;0.21973326822717978;3460;30.970183416241952;3460;576.27388640781089;3460;4.2027039399395729;3460;4.3192846461378824
3470;150.93234046449172;3470;0;3470;0.18311105685598317;3470;30.994598223822749;3470;576.3134293824603;3470;4.2002624591814932;3470;4.3205053865169223
3480;150.95675527207251;3480;0;3480;0.21973326822717978;3480;31.06784264656514;3480;576.27388640781089;3480;4.1975157933286535;3480;4.3223364970854821
3490;150.94454786828211;3490;0;3490;0.21973326822717978;3490;30.98239082003235;3490;576.19480045851208;3490;4.1950743125705738;3490;4.3150120548112429
3500;150.90792565691092;3500;0.012207403790398877;3500;0.20752586443678089;3500;30.884731589709158;3500;576.27388640781089;3500;4.1926328318124941;3500;4.3128757591479232
3510;150.77364421521654;3510;0.024414807580797754;3510;0.18311105685598317;3510;30.884731589709158;3510;576.27388640781089;3510;4.1901913510544144;3510;4.3037202063051243
3520;150.78585161900693;3520;0;3520;0.18311105685598317;3520;30.896938993499557;3520;576.27388640781089;3520;4.1877498702963347;3520;4.3079927976317638
3530;150.81026642658773;3530;0;3530;0.18311105685598317;3530;30.896938993499557;3530;576.27388640781089;3530;4.1850032044434951;3530;4.3037202063051243
3540;150.74922940763574;3540;0;3540;0.18311105685598317;3540;30.87252418591876;3540;576.3134293824603;3540;4.1825617236854153;3540;4.3058565019684441
3550;150.76143681142614;3550;0;3550;0.23194067201757868;3550;30.896938993499557;3550;576.35297235710971;3550;4.1801202429273356;3550;4.3012787255470446
3560;150.85909604174932;3560;0;3560;0.23194067201757868;3560;30.970183416241952;3560;576.3134293824603;3560;4.1776787621692559;3560;4.2967009491256452
3570;150.82247383037813;3570;0;3570;0.20752586443678089;3570;31.019013031403546;3570;576.3134293824603;3570;4.1752372814111762;3570;4.2921231727042457
3580;150.84688863795893;3580;0;3580;0.18311105685598317;3580;30.896938993499557;3580;576.27388640781089;3580;4.1724906155583366;3580;4.289681691946166
3590;150.87130344553972;3590;0;3590;0.20752586443678089;3590;30.823694570757166;3590;576.3134293824603;3590;4.1700491348002569;3590;4.2939542832728055
3600;150.83468123416853;3600;0;3600;0.21973326822717978;3600;30.945768608661151;3600;576.23434343316148;3600;4.1676076540421763;3600;4.2905972472304459
3610;150.93234046449172;3610;0;3610;0.23194067201757868;3610;30.945768608661151;3610;576.11571450921326;3610;4.1651661732840966;3610;4.289986877040926
3620;150.85909604174932;3620;0;3620;0.21973326822717978;3620;30.87252418591876;3620;576.19480045851208;3620;4.1627246925260168;3620;4.2780846583452865
3630;150.90792565691092;3630;0;3630;0.21973326822717978;3630;30.896938993499557;3630;576.3134293824603;3630;4.1599780266731772;3630;4.2790002136295664
3640;150.90792565691092;3640;0;3640;0.23194067201757868;3640;30.884731589709158;3640;576.27388640781089;3640;4.1575365459150975;3640;4.2732016968291271
3650;150.87130344553972;3650;0;3650;0.21973326822717978;3650;30.87252418591876;3650;576.23434343316148;3650;4.1550950651570178;3650;4.2774742881557666
3660;150.95675527207251;3660;0;3660;0.21973326822717978;3660;30.994598223822749;3660;576.3134293824603;3660;4.1526535843989381;3660;4.2756431775872068
3670;150.92013306070132;3670;0;3670;0.20752586443678089;3670;30.957976012451553;3670;576.27388640781089;3670;4.1502121036408575;3670;4.2713705862605673
3680;150.92013306070132;3680;0;3680;0.23194067201757868;3680;30.860316782128361;3680;576.27388640781089;3680;4.1477706228827778;3680;4.2680135502182077
3690;150.93234046449172;3690;0;3690;0.23194067201757868;3690;30.909146397289955;3690;576.23434343316148;3690;4.1450239570299381;3690;4.2603839228492077
3700;150.88351084933012;3700;0;3700;0.23194067201757868;3700;30.909146397289955;3700;576.27388640781089;3700;4.1425824762718584;3700;4.2628254036072875
3710;150.87130344553972;3710;0;3710;0.23194067201757868;3710;30.860316782128361;3710;576.3134293824603;3710;4.1401409955137787;3710;4.2597735526596878
3720;150.90792565691092;3720;0;3720;0.21973326822717978;3720;30.896938993499557;3720;576.27388640781089;3720;4.137699514755699;3720;4.2631305887020474
3730;150.76143681142614;3730;0;3730;0.21973326822717978;3730;30.970183416241952;3730;576.23434343316148;3730;4.1352580339976193;3730;4.2539750358592485
3740;150.88351084933012;3740;0;3740;0.21973326822717978;3740;31.031220435193944;3740;576.27388640781089;3740;4.13251136814478;3740;4.2518387401959288
3750;151.00558488723411;3750;0;3750;0.23194067201757868;3750;30.994598223822749;3750;576.23434343316148;3750;4.1300698873867;3750;4.24451429792169
3760;150.96896267586291;3760;0;3760;0.23194067201757868;3760;30.957976012451553;3760;576.07617153456385;3760;4.12762840662862;3760;4.2472609637745293
3770;150.88351084933012;3770;0;3770;0.23194067201757868;3770;30.970183416241952;3770;576.11571450921326;3770;4.1251869258705405;3770;4.2490920743430891
3780;150.83468123416853;3780;0;3780;0.18311105685598317;3780;30.896938993499557;3780;576.19480045851208;3780;4.1227454451124608;3780;4.2454298532059696
3790;150.88351084933012;3790;0;3790;0.18311105685598317;3790;30.848109378337963;3790;576.23434343316148;3790;4.1199987792596211;3790;4.24329355754265
3800;150.77364421521654;3800;0;3800;0.18311105685598317;3800;30.823694570757166;3800;576.27388640781089;3800;4.1175572985015414;3800;4.2326120792260511
3810;150.83468123416853;3810;0;3810;0.18311105685598317;3810;30.884731589709158;3810;576.3134293824603;3810;4.1151158177434617;3810;4.2350535599841308
3820;150.82247383037813;3820;0;3820;0.17090365306558428;3820;30.957976012451553;3820;576.3134293824603;3820;4.112674336985382;3820;4.2298654133732114
3830;150.85909604174932;3830;0;3830;0.18311105685598317;3830;30.909146397289955;3830;576.3134293824603;3830;4.1102328562273014;3830;4.2347483748893708
3840;150.87130344553972;3840;0;3840;0.20752586443678089;3840;30.933561204870752;3840;576.27388640781089;3840;4.1074861903744617;3840;4.2280343028046508
3850;150.88351084933012;3850;0.012207403790398877;3850;0.20752586443678089;3850;30.87252418591876;3850;576.23434343316148;3850;4.105044709616382;3850;4.2255928220465711
3860;150.96896267586291;3860;0;3860;0.21973326822717978;3860;30.860316782128361;3860;576.27388640781089;3860;4.1026032288583023;3860;4.2200994903408917
3870;151.01779229102451;3870;0;3870;0.21973326822717978;3870;30.823694570757166;3870;576.3134293824603;3870;4.1001617481002226;3870;4.217658009582812
3880;150.95675527207251;3880;0;3880;0.24414807580797754;3880;30.848109378337963;3880;576.3134293824603;3880;4.0977202673421429;3880;4.2194891201513718
3890;150.93234046449172;3890;0;3890;0.23194067201757868;3890;30.970183416241952;3890;576.23434343316148;3890;4.0949736014893032;3890;4.2170476393932921
3900;150.93234046449172;3900;0.012207403790398877;3900;0.21973326822717978;3900;30.98239082003235;3900;576.27388640781089;3900;4.0925321207312235;3900;4.217963194677572
3910;150.87130344553972;3910;0.012207403790398877;3910;0.20752586443678089;3910;30.970183416241952;3910;576.3134293824603;3910;4.0900906399731438;3910;4.2075869014557323
3920;150.92013306070132;3920;0;3920;0.20752586443678089;3920;30.957976012451553;3920;576.27388640781089;3920;4.0876491592150641;3920;4.2078920865504923
3930;150.81026642658773;3930;0;3930;0.21973326822717978;3930;30.970183416241952;3930;576.3134293824603;3930;4.0852076784569844;3930;4.1996520889919733
3940;150.88351084933012;3940;0;3940;0.20752586443678089;3940;30.970183416241952;3940;576.3134293824603;3940;4.0827661976989047;3940;4.2036194952238528
3950;150.94454786828211;3950;0.012207403790398877;3950;0.20752586443678089;3950;30.896938993499557;3950;576.23434343316148;3950;4.080019531846065;3950;4.201788384655293
3960;150.88351084933012;3960;0;3960;0.20752586443678089;3960;30.884731589709158;3960;576.27388640781089;3960;4.0775780510879853;3960;4.2002624591814932
3970;150.85909604174932;3970;0;3970;0.18311105685598317;3970;30.884731589709158;3970;576.27388640781089;3970;4.0751365703299056;3970;4.1966002380443737
3980;150.83468123416853;3980;0;3980;0.18311105685598317;3980;30.799279763176369;3980;576.23434343316148;3980;4.0726950895718259;3980;4.1904965361491744
3990;150.82247383037813;3990;0;3990;0.21973326822717978;3990;30.884731589709158;3990;576.27388640781089;3990;4.0702536088137453;3990;4.1917172765282142
4000;150.77364421521654;4000;0;4000;0.23194067201757868;4000;30.98239082003235;4000;576.3134293824603;4000;4.0675069429609056;4000;4.1874446852015748
4010;150.85909604174932;4010;0;4010;0.24414807580797754;4010;30.933561204870752;4010;576.3134293824603;4010;4.0650654622028259;4010;4.1908017212439344
4020;150.88351084933012;4020;0;4020;0.2563554795983764;4020;30.860316782128361;4020;576.3134293824603;4020;4.0626239814447462;4020;4.1822565385906554
4030;150.98117007965331;4030;0;4030;0.26856288338877532;4030;30.823694570757166;4030;576.3134293824603;4030;4.0601825006866665;4030;4.1822565385906554
4040;150.84688863795893;4040;0;4040;0.24414807580797754;4040;30.87252418591876;4040;576.27388640781089;4040;4.0577410199285868;4040;4.1740165410321364
4050;150.82247383037813;4050;0;4050;0.20752586443678089;4050;30.896938993499557;4050;576.27388640781089;4050;4.0549943540757472;4050;4.1755424665059362
4060;150.94454786828211;4060;0;4060;0.20752586443678089;4060;30.957976012451553;4060;576.3134293824603;4060;4.0525528733176666;4060;4.1749320963164163
4070;150.90792565691092;4070;0;4070;0.18311105685598317;4070;30.970183416241952;4070;576.3134293824603;4070;4.0501113925595869;4070;4.1731009857478565
4080;150.94454786828211;4080;0;4080;0.20752586443678089;4080;30.884731589709158;4080;576.3134293824603;4080;4.0476699118015071;4080;4.1709646900845367
4090;150.95675527207251;4090;0;4090;0.20752586443678089;4090;30.799279763176369;4090;576.3134293824603;4090;4.0452284310434274;4090;4.1624195074312569
4100;150.98117007965331;4100;0;4100;0.24414807580797754;4100;30.811487166966767;4100;576.39251533175923;4100;4.0424817651905878;4100;4.1636402478102967
4110;151.00558488723411;4110;0;4110;0.26856288338877532;4110;30.860316782128361;4110;576.35297235710971;4110;4.0400402844325081;4110;4.1581469161046174
4120;151.00558488723411;4120;0;4120;0.26856288338877532;4120;30.896938993499557;4120;576.3134293824603;4120;4.0375988036744284;4120;4.1627246925260168
4130;150.77364421521654;4130;0;4130;0.24414807580797754;4130;30.933561204870752;4130;576.35297235710971;4130;4.0351573229163487;4130;4.1566209906308176
4140;150.88351084933012;4140;0;4140;0.23194067201757868;4140;30.970183416241952;4140;576.3134293824603;4140;4.0327158421582689;4140;4.1554002502517777
4150;150.92013306070132;4150;0;4150;0.24414807580797754;4150;30.970183416241952;4150;576.27388640781089;4150;4.0302743614001892;4150;4.1474654377880178
4160;150.93234046449172;4160;0;4160;0.2563554795983764;4160;30.896938993499557;4160;576.27388640781089;4160;4.02752769554735;4160;4.1471602526932578
4170;150.98117007965331;4170;0;4170;0.28077028717917418;4170;30.884731589709158;4170;576.3134293824603;4170;4.02508621478927;4170;4.1471602526932578
4180;150.95675527207251;4180;0;4180;0.23194067201757868;4180;30.78707235938597;4180;576.27388640781089;4180;4.02264473403119;4180;4.145634327219458
4190;150.96896267586291;4190;0;4190;0.24414807580797754;4190;30.823694570757166;4190;576.27388640781089;4190;4.0202032532731105;4190;4.145939512314218
4200;150.84688863795893;4200;0;4200;0.24414807580797754;4200;30.909146397289955;4200;576.27388640781089;4200;4.0177617725150307;4200;4.1346476638080993
4210;150.95675527207251;4210;0;4210;0.23194067201757868;4210;30.933561204870752;4210;576.27388640781089;4210;4.0150151066621911;4210;4.1346476638080993
4220;150.87130344553972;4220;0;4220;0.28077028717917418;4220;30.909146397289955;4220;576.27388640781089;4220;4.0125736259041105;4220;4.12732322153386
4230;150.87130344553972;4230;0;4230;0.26856288338877532;4230;30.823694570757166;4230;576.23434343316148;4230;4.0101321451460308;4230;4.13281655323954
4240;150.81026642658773;4240;0.024414807580797754;4240;0.23194067201757868;4240;30.909146397289955;4240;576.19480045851208;4240;4.0076906643879511;4240;4.12915433210242
4250;150.81026642658773;4250;0.012207403790398877;4250;0.24414807580797754;4250;30.884731589709158;4250;576.23434343316148;4250;4.0052491836298714;4250;4.12732322153386
4260;150.93234046449172;4260;0;4260;0.2563554795983764;4260;30.811487166966767;4260;576.3134293824603;4260;4.0025025177770317;4260;4.120609149449141
4270;150.88351084933012;4270;0;4270;0.26856288338877532;4270;30.799279763176369;4270;576.35297235710971;4270;4.000061037018952;4270;4.1163365581225015
4280;150.83468123416853;4280;0;4280;0.28077028717917418;4280;30.774864955595572;4280;576.35297235710971;4280;3.9976195562608723;4280;4.1178624835963014
4290;150.81026642658773;4290;0;4290;0.23194067201757868;4290;30.87252418591876;4290;576.3134293824603;4290;3.9951780755027926;4290;4.1157261879329816
4300;150.83468123416853;4300;0;4300;0.21973326822717978;4300;30.970183416241952;4300;576.3134293824603;4300;3.9927365947447124;4300;4.1178624835963014
4310;150.76143681142614;4310;0;4310;0.26856288338877532;4310;30.945768608661151;4310;576.3134293824603;4310;3.9899899288918728;4310;4.1068758201849418
4320;150.83468123416853;4320;0;4320;0.30518509475997191;4320;30.860316782128361;4320;576.3134293824603;4320;3.9875484481337931;4320;4.1062654499954219
4330;150.77364421521654;4330;0;4330;0.28077028717917418;4330;30.811487166966767;4330;576.27388640781089;4330;3.9851069673757133;4330;4.0980254524369029
4340;150.95675527207251;4340;0;4340;0.2563554795983764;4340;30.860316782128361;4340;576.23434343316148;4340;3.9826654866176336;4340;4.1026032288583023
4350;150.88351084933012;4350;0;4350;0.24414807580797754;4350;30.896938993499557;4350;576.3134293824603;4350;3.9802240058595539;4350;4.1019928586687824
4360;150.76143681142614;4360;0;4360;0.2563554795983764;4360;30.823694570757166;4360;576.35297235710971;4360;3.9774773400067143;4360;4.1007721182897425
4370;150.92013306070132;4370;0;4370;0.24414807580797754;4370;30.78707235938597;4370;576.3134293824603;4370;3.9750358592486346;4370;4.097109897152623
4380;150.85909604174932;4380;0;4380;0.24414807580797754;4380;30.848109378337963;4380;576.3134293824603;4380;3.9725943784905544;4380;4.0894802697836239
4390;150.84688863795893;4390;0;4390;0.26856288338877532;4390;30.884731589709158;4390;576.3134293824603;4390;3.9701528977324747;4390;4.088869899594104
4400;150.83468123416853;4400;0;4400;0.23194067201757868;4400;30.945768608661151;4400;576.23434343316148;4400;3.967711416974395;4400;4.0845973082674645
4410;150.82247383037813;4410;0;4410;0.2563554795983764;4410;30.933561204870752;4410;576.23434343316148;4410;3.9652699362163153;4410;4.0900906399731438
4420;150.78585161900693;4420;0;4420;0.26856288338877532;4420;30.860316782128361;4420;576.23434343316148;4420;3.9625232703634756;4420;4.0830713827936647
4430;150.84688863795893;4430;0;4430;0.26856288338877532;4430;30.884731589709158;4430;576.27388640781089;4430;3.9600817896053959;4430;4.0812402722251049
4440;150.83468123416853;4440;0;4440;0.28077028717917418;4440;30.87252418591876;4440;576.23434343316148;4440;3.9576403088473162;4440;4.0723899044770659
4450;150.94454786828211;4450;0;4450;0.2563554795983764;4450;30.848109378337963;4450;576.23434343316148;4450;3.9551988280892365;4450;4.0733054597613458
4460;150.94454786828211;4460;0;4460;0.26856288338877532;4460;30.945768608661151;4460;576.27388640781089;4460;3.9527573473311559;4460;4.0723899044770659
4470;150.93234046449172;4470;0;4470;0.28077028717917418;4470;30.945768608661151;4470;576.27388640781089;4470;3.9500106814783162;4470;4.0726950895718259
4480;150.87130344553972;4480;0;4480;0.2563554795983764;4480;30.933561204870752;4480;576.27388640781089;4480;3.9475692007202365;4480;4.0730002746665859
4490;150.83468123416853;4490;0;4490;0.28077028717917418;4490;30.896938993499557;4490;576.23434343316148;4490;3.9451277199621568;4490;4.0635395367290261
4500;151.00558488723411;4500;0;4500;0.32959990234076969;4500;30.848109378337963;4500;576.27388640781089;4500;3.9426862392040771;4500;4.0629291665395062
4510;150.95675527207251;4510;0;4510;0.2563554795983764;4510;30.945768608661151;4510;576.23434343316148;4510;3.9402447584459974;4510;4.0543839838862272
4520;150.88351084933012;4520;0;4520;0.2563554795983764;4520;30.957976012451553;4520;576.27388640781089;4520;3.9374980925931578;4520;4.0604876857814265
4530;150.74922940763574;4530;0;4530;0.34180730613116855;4530;30.896938993499557;4530;576.3134293824603;4530;3.9350566118350776;4530;4.0577410199285868
4540;150.81026642658773;4540;0;4540;0.32959990234076969;4540;30.87252418591876;4540;576.3134293824603;4540;3.9326151310769979;4540;4.056215094454787
4550;150.82247383037813;4550;0;4550;0.31739249855037077;4550;30.884731589709158;4550;576.35297235710971;4550;3.9301736503189182;4550;4.0476699118015071
4560;150.78585161900693;4560;0;4560;0.32959990234076969;4560;31.019013031403546;4560;576.3134293824603;4560;3.9277321695608385;4560;4.0449232459486675
4570;150.78585161900693;4570;0;4570;0.36622211371196634;4570;30.98239082003235;4570;576.27388640781089;4570;3.9249855037079988;4570;4.0446180608539075
4580;150.81026642658773;4580;0;4580;0.35401470992156742;4580;30.848109378337963;4580;576.23434343316148;4580;3.9225440229499191;4580;4.0449232459486675
4590;150.85909604174932;4590;0;4590;0.3784295175023652;4590;30.87252418591876;4590;576.27388640781089;4590;3.9201025421918394;4590;4.0476699118015071
4600;150.77364421521654;4600;0;4600;0.45167394024475843;4600;30.896938993499557;4600;576.3134293824603;4600;3.9176610614337597;4600;4.0372936185796684
4610;150.81026642658773;4610;0.012207403790398877;4610;0.43946653645435957;4610;30.860316782128361;4610;576.3134293824603;4610;3.9152195806756795;4610;4.0363780632953885
4620;150.74922940763574;4620;0;4620;0.45167394024475843;4620;30.860316782128361;4620;576.23434343316148;4620;3.91247291482284;4620;4.02691732535783
4630;150.85909604174932;4630;0;4630;0.50050355540635394;4630;30.848109378337963;4630;576.23434343316148;4630;3.91003143406476;4630;4.0311899166844691
4640;150.74922940763574;4640;0;4640;0.52491836298715167;4640;30.774864955595572;4640;576.27388640781089;4640;3.9075899533066805;4640;4.0287484359263894
4650;150.82247383037813;4650;0;4650;0.5127109591967528;4650;30.774864955595572;4650;576.27388640781089;4650;3.9051484725486008;4650;4.0299691763054293
4660;150.87130344553972;4660;0.012207403790398877;4660;0.50050355540635394;4660;30.848109378337963;4660;576.35297235710971;4660;3.9027069917905211;4660;4.02386547441023
4670;150.77364421521654;4670;0;4670;0.53712576677755064;4670;30.87252418591876;4670;576.35297235710971;4670;3.9002655110324413;4670;4.0198980681783505
4680;150.74922940763574;4680;0.012207403790398877;4680;0.64699240089114041;4680;30.957976012451553;4680;576.35297235710971;4680;3.8975188451796017;4680;4.0171514023255108
4690;150.60274056215096;4690;0;4690;0.68361461226233711;4690;30.933561204870752;4690;576.3134293824603;4690;3.8950773644215215;4690;4.015625476851711
4700;150.73702200384534;4700;0;4700;0.72023682363353381;4700;30.848109378337963;4700;576.39251533175923;4700;3.8926358836634418;4700;4.0195928830835905
4710;150.65157017731255;4710;0.012207403790398877;4710;0.73244422742393267;4710;30.823694570757166;4710;576.3134293824603;4710;3.8901944029053621;4710;4.01318399609363
4720;150.67598498489335;4720;0;4720;0.83010345774712357;4720;30.87252418591876;4720;576.23434343316148;4720;3.8877529221472824;4720;4.01348918118839
4730;150.51728873561817;4730;0;4730;0.91555528427991573;4730;30.860316782128361;4730;576.27388640781089;4730;3.8850062562944427;4730;4.0028077028717917
4740;150.54170354319896;4740;0;4740;0.93997009186071356;4740;30.860316782128361;4740;576.27388640781089;4740;3.882564775536363;4740;4.0040284432508315
4750;150.48066652424697;4750;0;4750;1.0620441297647023;4750;30.811487166966767;4750;576.3134293824603;4750;3.8801232947782833;4750;3.999755851924192
4760;150.51728873561817;4760;0;4760;1.1108737449262978;4760;30.774864955595572;4760;576.3134293824603;4760;3.8776818140202036;4760;4.0046388134403514
4770;150.50508133182777;4770;0;4770;1.2451551866206854;4770;30.896938993499557;4770;576.3134293824603;4770;3.8752403332621235;4770;4.0025025177770317
4780;150.55391094698936;4780;0;4780;1.3306070131534775;4780;31.043427838984343;4780;576.27388640781089;4780;3.8724936674092838;4780;3.9957884456923125
4790;150.59053315836056;4790;0;4790;1.5015106662190618;4790;31.080050050355538;4790;576.3134293824603;4790;3.8700521866512041;4790;3.9927365947447124
4800;150.56611835077976;4800;0.012207403790398877;4800;1.6602069154942471;4800;31.031220435193944;4800;576.3134293824603;4800;3.8676107058931244;4800;3.9854121524704733
4810;150.72481460005494;4810;0.012207403790398877;4810;1.7578661458174383;4810;31.055635242774741;4810;576.3134293824603;4810;3.8651692251350447;4810;3.9896847437971128
4820;150.54170354319896;4820;0;4820;1.8555253761406294;4820;31.141087069307531;4820;576.27388640781089;4820;3.862727744376965;4820;3.9863277077547532
4830;150.62715536973175;4830;0;4830;2.0020142216254158;4830;31.104464857936335;4830;576.3134293824603;4830;3.8599810785241253;4830;3.9875484481337931
4840;150.34638508255256;4840;0.012207403790398877;4840;2.2095400860621965;4840;31.202124088259531;4840;576.3134293824603;4840;3.8575395977660456;4840;3.9765617847224344
4850;150.30976287118136;4850;0;4850;2.3560289315469833;4850;31.226538895840328;4850;576.23434343316148;4850;3.855098117007965;4850;3.9756462294381545
4860;150.37079989013336;4860;0;4860;2.5513473921933656;4860;31.202124088259531;4860;576.3134293824603;4860;3.8526566362498853;4860;3.9704580828272347
4870;150.37079989013336;4870;0;4870;2.7100436414685505;4870;31.373027741325117;4870;576.23434343316148;4870;3.8502151554918056;4870;3.9741203039643542
4880;150.37079989013336;4880;0;4880;2.8443250831629387;4880;31.495101779229103;4880;576.27388640781089;4880;3.8474684896389659;4880;3.9756462294381545
4890;150.22431104464857;4890;0.012207403790398877;4890;2.9908139286477247;4890;31.5073091830195;4890;576.35297235710971;4890;3.8450270088808862;4890;3.9686269722586749
4900;150.34638508255256;4900;0.012207403790398877;4900;3.2105471968749049;4900;31.653798028504287;4900;576.3134293824603;4900;3.8425855281228065;4900;3.9649647511215553
4910;150.114444410535;4910;0;4910;3.4180730613116856;4910;31.812494277779475;4910;576.23434343316148;4910;3.8401440473647268;4910;3.9542832728049557
4920;150.12665181432538;4920;0;4920;3.6622211371196629;4920;31.836909085360272;4920;576.23434343316148;4920;3.8377025666066467;4920;3.9600817896053959
4930;150.13885921811578;4930;0;4930;3.91857661671804;4930;31.934568315683464;4930;576.23434343316148;4930;3.835261085848567;4930;3.9567247535630363
4940;150.37079989013336;4940;0;4940;4.1505172887356183;4940;32.007812738425855;4940;576.19480045851208;4940;3.8325144199957273;4940;3.9588610492263561
4950;150.18768883327738;4950;0;4950;4.5167394024475849;4950;32.166508987701043;4950;576.3134293824603;4950;3.8300729392376476;4950;3.9509262367625961
4960;150.053407391583;4960;0;4960;4.6510208441419723;4960;32.312997833185825;4960;576.23434343316148;4960;3.8276314584795679;4960;3.9475692007202365
4970;150.053407391583;4970;0;4970;4.9317911313211464;4970;32.386242255928224;4970;576.23434343316148;4970;3.8251899777214882;4970;3.9423810541093172
4980;150.07782219916379;4980;0;4980;5.1759392071291233;4980;32.6059755241554;4980;576.23434343316148;4980;3.8227484969634085;4980;3.943601794488357
4990;150.21210364085817;4990;0;4990;5.4933317056794957;4990;32.764671773430585;4990;576.19480045851208;4990;3.8200018311105688;4990;3.9472640156254766
5000;150.21210364085817;5000;0;5000;5.8961760307626578;5000;32.862331003753773;5000;576.19480045851208;5000;3.8175603503524886;5000;3.9423810541093172
5010;150.30976287118136;5010;0;5010;6.1891537217322306;5010;33.082064271980954;5010;576.23434343316148;5010;3.8151188695944089;5010;3.9408551286355173
5020;150.07782219916379;5020;0;5020;6.5309610278633992;5020;33.179723502304149;5020;576.23434343316148;5020;3.8126773888363292;5020;3.9280373546555984
5030;150.17548142948698;5030;0.012207403790398877;5030;6.7873165074617754;5030;33.338419751579337;5030;576.23434343316148;5030;3.8102359080782495;5030;3.9307840205084381
5040;150.16327402569658;5040;0;5040;7.0925016022217475;5040;33.606982634968105;5040;576.23434343316148;5040;3.80748924222541;5040;3.9277321695608385
5050;150.37079989013336;5050;0;5050;7.3732718894009217;5050;33.838923306985684;5050;576.23434343316148;5050;3.80504776146733;5050;3.9329203161717579
5060;150.30976287118136;5060;0.012207403790398877;5060;7.6906643879512933;5060;34.095278786584068;5060;576.23434343316148;5060;3.8026062807092504;5060;3.9286477248451184
5070;150.23651844843897;5070;0;5070;8.0324716940824619;5070;34.253975035859249;5070;576.11571450921326;5070;3.8001647999511707;5070;3.923459578234199
5080;150.32197027497176;5080;0;5080;8.5207678456984173;5080;34.315012054811248;5080;576.11571450921326;5080;3.79772331919309;5080;3.9182714316232796
5090;150.32197027497176;5090;0;5090;8.862575151829585;5090;34.63240455336161;5090;576.07617153456385;5090;3.7949766533402505;5090;3.9139988402966397
5100;150.48066652424697;5100;0;5100;9.1555528427991586;5100;34.949797051911986;5100;576.11571450921326;5100;3.7925351725821708;5100;3.9185766167180396
5110;150.28534806360057;5110;0;5110;9.4119083223975348;5110;35.084078493606377;5110;576.11571450921326;5110;3.7900936918240911;5110;3.91613513595996
5120;150.39521469771418;5120;0;5120;9.7537156285287026;5120;35.230567339091159;5120;576.11571450921326;5120;3.7876522110660114;5120;3.9173558763389997
5130;150.32197027497176;5130;0.012207403790398877;5130;10.205389568773462;5130;35.596789452803122;5130;576.19480045851208;5130;3.7852107303079316;5130;3.9048432874538408
5140;150.48066652424697;5140;0;5140;10.596026490066226;5140;35.963011566515092;5140;576.11571450921326;5140;3.782464064455092;5140;3.9054536576433607
5150;150.39521469771418;5150;0;5150;11.023285622730187;5150;36.097293008209483;5150;576.19480045851208;5150;3.7800225836970123;5150;3.9005706961272013
5160;150.27314065981017;5160;0;5160;11.30405590990936;5160;36.353648487807853;5160;576.11571450921326;5160;3.7775811029389321;5160;3.9063692129276406
5170;150.37079989013336;5170;0;5170;11.743522446363722;5170;36.671040986358229;5170;576.11571450921326;5170;3.7751396221808524;5170;3.9072847682119205
5180;150.46845912045657;5180;0;5180;12.207403790398876;5180;36.902981658375808;5180;576.07617153456385;5180;3.7726981414227727;5180;3.9011810663167212
5190;150.55391094698936;5190;0;5190;12.646870326853238;5190;37.147129734183778;5190;576.07617153456385;5190;3.770256660664693;5190;3.8962981048005614
5200;150.38300729392375;5200;0.012207403790398877;5200;13.086336863307595;5200;37.488937040314951;5200;576.07617153456385;5200;3.7675099948118533;5200;3.8880581072420424
5210;150.48066652424697;5210;0.012207403790398877;5210;13.562425611133152;5210;37.806329538865327;5210;576.03662855991433;5210;3.7650685140537736;5210;3.8929410687582018
5220;150.41962950529498;5220;0;5220;14.062929166539506;5220;38.123722037415689;5220;575.997085585265;5220;3.7626270332956939;5220;3.890804773094882
5230;150.55391094698936;5230;0;5230;14.539017914365063;5230;38.331247901852471;5230;575.997085585265;5230;3.7601855525376142;5230;3.8935514389477217
5240;150.22431104464857;5240;0;5240;14.966277047029022;5240;38.636432996612449;5240;575.997085585265;5240;3.7577440717795341;5240;3.882869960631123
5250;150.30976287118136;5250;0;5250;15.491195410016175;5250;38.941618091372412;5250;575.91799963596623;5250;3.7549974059266944;5250;3.8804284798730433
5260;150.30976287118136;5260;0;5260;16.138187810907315;5260;39.1247291482284;5260;575.997085585265;5260;3.7525559251686147;5260;3.8743247779778436
5270;150.32197027497176;5270;0.012207403790398877;5270;16.589861751152075;5270;39.625232703634758;5270;575.997085585265;5270;3.750114444410535;5270;3.8776818140202036
5280;150.32197027497176;5280;0.012207403790398877;5280;17.102572710348827;5280;39.979247413556322;5280;575.997085585265;5280;3.7476729636524553;5280;3.8792077394940034
5290;150.18768883327738;5290;0;5290;17.578661458174384;5290;40.2356028931547;5290;575.95754261061563;5290;3.7452314828943756;5290;3.8743247779778436
5300;150.39521469771418;5300;0;5300;18.176824243903926;5300;40.675069429609053;5300;575.91799963596623;5300;3.7424848170415359;5300;3.8740195928830836
5310;150.26093325601977;5310;0;5310;18.750572222052675;5310;40.955839716788233;5310;575.91799963596623;5310;3.7400433362834558;5310;3.8630329294717249
5320;150.21210364085817;5320;0;5320;19.226660969878232;5320;41.163365581225015;5320;575.95754261061563;5320;3.737601855525376;5320;3.8642536698507648
5330;149.94354075746941;5330;0;5330;19.80040894802698;5330;41.444135868404182;5330;575.95754261061563;5330;3.7351603747672963;5330;3.8581499679555655
5340;150.21210364085817;5340;0;5340;20.410779137546925;5340;41.82256538590655;5340;575.8784566613167;5340;3.7327188940092166;5340;3.8642536698507648
5350;150.17548142948698;5350;0.024414807580797754;5350;21.09439374980926;5350;42.200994903408919;5350;575.799370712018;5350;3.729972228156377;5350;3.8608966338084052
5360;150.19989623706778;5360;0;5360;21.63151951658681;5360;42.652668843653672;5360;575.799370712018;5360;3.7275307473982973;5360;3.8578447828608056
5370;150.23651844843897;5370;0;5370;22.24188970610675;5370;43.09213538010804;5370;575.8784566613167;5370;3.7250892666402176;5370;3.8505203405865656
5380;150.114444410535;5380;0;5380;22.94991912594989;5380;43.4461500900296;5380;575.7598277373686;5380;3.7226477858821378;5380;3.8462477492599261
5390;150.19989623706778;5390;0;5390;23.694570757164222;5390;43.873409222693574;5390;575.7598277373686;5390;3.7202063051240577;5390;3.8492996002075257
5400;150.0045777764214;5400;0;5400;24.170659504989779;5400;44.23963133640553;5400;575.7598277373686;5400;3.717764824365978;5400;3.8486892300180058
5410;150.0289925840022;5410;0;5410;24.793237098300118;5410;44.605853450117486;5410;575.799370712018;5410;3.7150181585131383;5410;3.8505203405865656
5420;149.85808893093662;5420;0;5420;25.611133152256844;5420;45.020905178991057;5420;575.7598277373686;5420;3.7125766777550586;5420;3.8380077517014071
5430;150.07782219916379;5430;0.012207403790398877;5430;26.367992187261574;5430;45.460371715445426;5430;575.68074178806978;5430;3.7101351969969789;5430;3.8358714560380869
5440;149.94354075746941;5440;0.012207403790398877;5440;27.051606799523913;5440;45.912045655690179;5440;575.72028476271907;5440;3.7076937162388992;5440;3.8270210882900479
5450;149.94354075746941;5450;0;5450;27.613147373882256;5450;46.351512192144533;5450;575.72028476271907;5450;3.7052522354808195;5450;3.8334299752800072
5460;150.0167851802118;5460;0;5460;28.382213812677389;5460;46.876430555131691;5460;575.72028476271907;5460;3.70250556962798;5460;3.8337351603747671
5470;150.0045777764214;5470;0;5470;29.053621021149329;5470;47.230445265053255;5470;575.64119881342037;5470;3.7000640888698992;5470;3.8309884945219275
5480;150.053407391583;5480;0.012207403790398877;5480;29.908139286477248;5480;47.547837763603624;5480;575.64119881342037;5480;3.6976226081118195;5480;3.8245796075319682
5490;149.91912594988861;5490;0.012207403790398877;5490;30.811487166966767;5490;48.011719107638783;5490;575.60165583877085;5490;3.69518112735374;5490;3.8154240546891689
5500;150.114444410535;5500;0;5500;31.495101779229103;5500;48.438978240302745;5500;575.60165583877085;5500;3.69273964659566;5500;3.8178655354472486
5510;150.0289925840022;5510;0;5510;32.081057161168246;5510;48.9028595843379;5510;575.60165583877085;5510;3.6899929807428204;5510;3.8160344248786888
5520;150.07782219916379;5520;0;5520;32.752464369640187;5520;49.366740928373062;5520;575.52256988947215;5520;3.6875514999847407;5520;3.8206122013000887
5530;149.84588152714622;5530;0;5530;33.6436048463393;5530;49.855037079989;5530;575.44348394017322;5530;3.685110019226661;5530;3.8108462782677694
5540;149.9801629688406;5540;0.012207403790398877;5540;34.449293496505632;5540;50.331125827814574;5540;575.44348394017322;5540;3.6826685384685813;5540;3.80809961241493
5550;150.0411999877926;5550;0.024414807580797754;5550;35.230567339091159;5550;50.782799768059327;5550;575.48302691482274;5550;3.6802270577105012;5550;3.79833368938261
5560;150.0411999877926;5560;0;5560;35.938596758934295;5560;51.332132938627275;5560;575.48302691482274;5560;3.6774803918576615;5560;3.8016907254249706
5570;150.114444410535;5570;0;5570;36.805322428052612;5570;52.027954954680013;5570;575.48302691482274;5570;3.6750389110995818;5570;3.8035218359935303
5580;150.07782219916379;5580;0;5580;37.611011078218944;5580;52.528458510086359;5580;575.44348394017322;5580;3.6725974303415021;5580;3.8019959105197305
5590;150.13885921811578;5590;0;5590;38.453321939756464;5590;52.882473220007931;5590;575.40394096552382;5590;3.6701559495834224;5590;3.7995544297616508
5600;149.91912594988861;5600;0;5600;39.234595782341991;5600;53.358561967833495;5600;575.36439799087452;5600;3.6677144688253427;5600;3.7879573961607713
5610;150.0167851802118;5610;0;5610;39.906002990813924;5610;53.907895138401443;5610;575.32485501622511;5610;3.664967802972503;5610;3.7885677663502912
5620;149.931333353679;5620;0;5620;40.772728659932255;5620;54.542680135502188;5620;575.20622609227689;5620;3.6625263222144233;5620;3.782158879360332
5630;150.21210364085817;5630;0;5630;41.590624713888971;5630;54.933317056794948;5630;575.20622609227689;5630;3.6600848414563432;5630;3.7885677663502912
5640;150.09002960295419;5640;0;5640;42.493972594378491;5640;55.360576189458911;5640;575.36439799087452;5640;3.6576433606982635;5640;3.7846003601184117
5650;150.09002960295419;5650;0;5650;43.336283455916011;5650;55.946531571398047;5650;575.32485501622511;5650;3.6552018799401838;5650;3.7818536942655721
5660;150.0167851802118;5660;0;5660;44.251838740195929;5660;56.49586474196601;5660;575.32485501622511;5660;3.652760399182104;5660;3.7730033265175327
5670;150.053407391583;5670;0;5670;45.094149601733449;5670;57.069612720114748;5670;575.28531204157559;5670;3.6500137333292644;5670;3.770561845759453
5680;150.13885921811578;5680;0.048829615161595508;5680;46.119571520126961;5680;57.6067384868923;5680;575.32485501622511;5680;3.6475722525711847;5680;3.7717825861384928
5690;150.053407391583;5690;0.036622211371196631;5690;46.974089785454886;5690;58.168279061250651;5690;575.28531204157559;5690;3.645130771813105;5690;3.7736136967070526
5700;150.16327402569658;5700;0;5700;47.8286080507828;5700;58.766441846980186;5700;575.20622609227689;5700;3.6426892910550253;5700;3.7754448072756124
5710;150.0411999877926;5710;0;5710;48.658711508529926;5710;59.291360209967351;5710;575.16668311762737;5710;3.6402478102969447;5710;3.7626270332956939
5720;150.28534806360057;5720;0;5720;49.537644581438641;5720;59.816278572954495;5720;575.08759716832856;5720;3.637501144444105;5720;3.7607959227271341
5730;150.053407391583;5730;0;5730;50.526444288460951;5730;60.426648762474443;5730;575.16668311762737;5730;3.6350596636860253;5730;3.7516403698843348
5740;150.114444410535;5740;0;5740;51.356547746208072;5740;60.988189336832789;5740;575.127140142978;5740;3.6326181829279456;5740;3.758659627063814
5750;150.23651844843897;5750;0.012207403790398877;5750;52.333140049439983;5750;61.476485488448738;5750;575.08759716832856;5750;3.6301767021698659;5750;3.758659627063814
5760;150.16327402569658;5760;0.012207403790398877;5760;53.163243507187104;5760;62.062440870387888;5760;575.04805419367926;5760;3.6277352214117862;5760;3.7571337015900141
5770;150.0411999877926;5770;0.048829615161595508;5770;54.176458021790218;5770;62.648396252327032;5770;575.08759716832856;5770;3.6249885555589465;5770;3.749809259315775
5780;150.0045777764214;5780;0.15869624927518539;5780;55.092013306070129;5780;63.185522019104589;5780;575.04805419367926;5780;3.6225470748008664;5780;3.741874446852016
5790;150.07782219916379;5790;0.30518509475997191;5790;55.92211676381725;5790;63.673818170720544;5790;575.04805419367926;5790;3.6201055940427866;5790;3.7434003723258158
5800;150.0411999877926;5800;0.45167394024475843;5800;56.813257240516371;5800;64.1376995147557;5800;575.00851121902974;5800;3.6176641132847069;5800;3.7427900021362959
5810;150.16327402569658;5810;0.61037018951994382;5810;57.6433606982635;5810;64.55275124362926;5810;574.96896824438033;5810;3.6152226325266272;5810;3.7482833338419752
5820;150.0411999877926;5820;0.70802941984313483;5820;58.424634540849027;5820;65.004425183874019;5820;574.96896824438033;5820;3.6124759666737876;5820;3.7403485213782162
5830;150.17548142948698;5830;0.86672566911832027;5830;59.193700979644163;5830;65.52934354686117;5830;574.96896824438033;5830;3.6100344859157079;5830;3.7372966704306161
5840;149.90691854609821;5840;0.97659230323191015;5840;60.084841456343277;5840;65.907773064363539;5840;574.88988229508163;5840;3.6075930051576282;5840;3.7256996368297375
5850;150.0045777764214;5850;1.0376293221839046;5850;60.768456068605616;5850;66.15192114017151;5850;574.81079634578271;5850;3.6051515243995484;5850;3.7281411175878172
5860;150.10223700674459;5860;1.1841181676686912;5860;61.525315103610346;5860;66.493728446302683;5860;574.81079634578271;5860;3.6027100436414683;5860;3.7278359324930572
5870;150.07782219916379;5870;1.3916440321054717;5870;62.062440870387888;5870;66.725669118320269;5870;574.7712533711333;5870;3.5999633777886286;5870;3.7314981536301768
5880;150.0411999877926;5880;1.5503402813806573;5880;62.623981444746235;5880;66.88436536759545;5880;574.81079634578271;5880;3.5975218970305489;5880;3.7311929685354168
5890;149.91912594988861;5890;1.5991698965422529;5890;63.25876644184698;5890;67.116306039613022;5890;574.81079634578271;5890;3.5950804162724692;5890;3.7208166753135781
5900;149.94354075746941;5900;1.7334513382366405;5900;63.612781151768552;5900;67.421491134373;5900;574.73171039648389;5900;3.5926389355143895;5900;3.718070009460738
5910;149.84588152714622;5910;1.9409772026734213;5910;64.1132847071749;5910;67.641224402600173;5910;574.69216742183448;5910;3.59019745475631;5910;3.709219641712699
5920;150.053407391583;5920;2.0996734519486067;5920;64.442884609515673;5920;67.738883632923361;5920;574.65262444718508;5920;3.58775597399823;5920;3.7171544541764581
5930;149.84588152714622;5930;2.2583697012237924;5930;64.601580858790854;5930;67.738883632923361;5930;574.57353849788626;5930;3.5850093081453904;5930;3.7156285287026583
5940;150.0045777764214;5940;2.4048585467085788;5940;64.83352153080844;5940;67.763298440504158;5940;574.53399552323685;5940;3.5825678273873103;5940;3.7147129734183784
5950;149.90691854609821;5950;2.5147251808221687;5950;65.028839991454817;5950;67.909787285988955;5950;574.49445254858745;5950;3.5801263466292306;5950;3.7034211249122597
5960;149.74822229682303;5960;2.6490066225165565;5960;65.102084414197208;5960;67.848750267036962;5960;574.454909573938;5960;3.5776848658711509;5960;3.6991485335856193
5970;149.94354075746941;5970;2.7832880642109434;5970;65.297402874843584;5970;67.775505844294571;5970;574.454909573938;5970;3.5752433851130712;5970;3.6979277932065795
5980;149.94354075746941;5980;2.9175695059053313;5980;65.236365855891592;5980;67.690054017761767;5980;574.37582362463922;5980;3.5724967192602315;5980;3.7009796441541791
5990;149.91912594988861;5990;2.9663991210669272;5990;65.1631214331492;5990;67.66563921018097;5990;574.37582362463922;5990;3.5700552385021518;5990;3.7046418652912996
6000;149.67497787408064;6000;2.9786065248573257;6000;65.102084414197208;6000;67.66563921018097;6000;574.257194700691;6000;3.5676137577440721;6000;3.6960966826380197
6010;149.76042970061343;6010;3.1128879665517131;6010;64.784691915646846;6010;67.543565172276985;6010;574.21765172604159;6010;3.5651722769859924;6010;3.6924344615009
6020;149.63835566270944;6020;3.2105471968749049;6020;64.479506820886868;6020;67.4336985381634;6020;574.21765172604159;6020;3.5627307962279122;6020;3.6793115024262213
6030;149.88250373851741;6030;3.3448286385692922;6030;64.210943937498087;6030;67.2505874813074;6030;574.17810875139219;6030;3.5599841303750726;6030;3.6838892788476212
6040;149.83367412335582;6040;3.5157322916348765;6040;63.954588457899717;6040;67.030854213080232;6040;574.17810875139219;6040;3.5575426496169928;6040;3.6811426129947811
6050;149.90691854609821;6050;3.5523545030060735;6050;63.576158940397356;6050;66.957609790337841;6050;574.09902280209337;6050;3.5551011688589131;6050;3.6848048341319011
6060;149.90691854609821;6060;3.6378063295388654;6060;63.17331461531419;6060;66.896572771385848;6060;574.059479827444;6060;3.5526596881008334;6060;3.6820581682790614
6070;149.79705191198462;6070;3.6744285409100623;6070;62.660603656117431;6070;66.762291329691465;6070;573.90130792884634;6070;3.5502182073427537;6070;3.6759544663838617
6080;149.77263710440383;6080;3.7110507522812588;6080;62.318796349986272;6080;66.628009887997081;6080;573.90130792884634;6080;3.5474715414899141;6080;3.6692403942991425
6090;149.72380748924223;6090;3.91857661671804;6090;61.854915005951106;6090;66.530350657673878;6090;573.82222197954752;6090;3.5450300607318344;6090;3.6637470625934632
6100;149.79705191198462;6100;3.991821039460433;6100;61.317789239173557;6100;66.3838618121891;6100;573.782679004898;6100;3.5425885799737538;6100;3.6704611346781824
6110;149.60173345133822;6110;3.8575395977660452;6110;60.719626453444008;6110;66.212958159123517;6110;573.74313603024871;6110;3.5401470992156741;6110;3.6689352092043825
6120;149.65056306649984;6120;3.9307840205084386;6120;60.182500686666465;6120;66.06646931363872;6120;573.54542115700167;6120;3.5377056184575943;6120;3.6674092837305827
6130;149.45524460585344;6130;4.0650654622028259;6130;59.865108188116089;6130;65.810113834040337;6130;573.50587818235226;6130;3.5349589526047547;6130;3.6515396588030642
6140;149.46745200964384;6140;4.0528580584124274;6140;59.364604632709742;6140;65.541550950651569;6140;573.50587818235226;6140;3.532517471846675;6140;3.6500137333292644
6150;149.46745200964384;6150;4.0162358470412309;6150;58.766441846980186;6150;65.407269508957171;6150;573.46633520770274;6150;3.5300759910885953;6150;3.6457411420026249
6160;149.63835566270944;6160;4.1016876735740224;6160;58.082827234717861;6160;65.321817682424381;6160;573.387249258404;6160;3.5276345103305156;6160;3.653370769371624
6170;149.69939268166144;6170;4.1138950773644218;6170;57.5823236793115;6170;65.18753624073;6170;573.387249258404;6170;3.5251930295724354;6170;3.6548966948454238
6180;149.66277047029024;6180;4.1138950773644218;6180;57.106234931485943;6180;65.016632587664418;6180;573.2686203344557;6180;3.5227515488143557;6180;3.6457411420026249
6190;149.63835566270944;6190;4.13830988494522;6190;56.691183202612386;6190;64.83352153080844;6190;573.14999141050748;6190;3.520004882961516;6190;3.637195959349345
6200;149.38200018311105;6200;4.0650654622028259;6200;56.337168492690815;6200;64.699240089114056;6200;573.11044843585807;6200;3.5175634022034363;6200;3.6271248512222662
6210;149.61394085512865;6210;3.979613635670034;6210;55.946531571398047;6210;64.528336436048463;6210;572.99181951190985;6210;3.5151219214453566;6210;3.6356700338755452
6220;149.54069643238623;6220;3.8941618091372421;6220;55.494857631153295;6220;64.308603167821289;6220;572.87319058796163;6220;3.5126804406872769;6220;3.6362804040650651
6230;149.57731864375742;6230;4.0162358470412309;6230;55.092013306070129;6230;64.235358745078884;6230;572.83364761331222;6230;3.5102389599291972;6230;3.6365855891598251
6240;149.46745200964384;6240;4.0284432508316295;6240;54.945524460585347;6240;64.0766624958037;6240;572.83364761331222;6240;3.5074922940763575;6240;3.6207159642323066
6250;149.52848902859583;6250;3.979613635670034;6250;54.713583788567767;6250;63.917966246528522;6250;572.67547571471459;6250;3.5050508133182774;6250;3.6158330027161472
6260;149.43082979827264;6260;3.91857661671804;6260;54.567094943082985;6260;63.795892208624529;6260;572.63593274006519;6260;3.5026093325601977;6260;3.6115604113895077
6270;149.46745200964384;6270;3.8819544053468427;6270;54.274117252113406;6270;63.722647785882138;6270;572.517303816117;6270;3.500167851802118;6270;3.6213263344218265
6280;149.51628162480543;6280;3.9063692129276406;6280;54.054383983886225;6280;63.527329325235762;6280;572.43821786681815;6280;3.4977263710440383;6280;3.6259041108432264
6290;149.44303720206304;6290;3.8941618091372421;6290;53.956724753563037;6290;63.270973845637378;6290;572.35913191751933;6290;3.4949797051911986;6290;3.6140018921475874
6300;149.67497787408064;6300;3.9307840205084386;6300;53.859065523239849;6300;63.283181249427777;6300;572.35913191751933;6300;3.4925382244331189;6300;3.6063722647785883
6310;149.54069643238623;6310;3.8819544053468427;6310;53.907895138401443;6310;63.17331461531419;6310;572.24050299357111;6310;3.4900967436750392;6310;3.5941648609881893
6320;149.74822229682303;6320;3.8941618091372421;6320;53.810235908078255;6320;63.0878627887814;6320;572.1614170442723;6320;3.4876552629169595;6320;3.6042359691152686
6330;149.62614825891905;6330;3.8697470015564441;6330;53.724784081545465;6330;62.892544328135017;6330;572.1614170442723;6330;3.4852137821588789;6330;3.6072878200628682
6340;149.67497787408064;6340;3.8087099826044497;6340;53.700369273964654;6340;62.623981444746235;6340;572.12187406962289;6340;3.4824671163060392;6340;3.6075930051576282
6350;149.43082979827264;6350;3.8331247901852472;6350;53.773613696707059;6350;62.623981444746235;6350;572.04278812032408;6350;3.4800256355479595;6350;3.5926389355143895
6360;149.29654835657826;6360;3.8209173863948487;6360;53.859065523239849;6360;62.477492599261453;6360;571.96370217102526;6360;3.47758415478988;6360;3.5865352336191902
6370;149.45524460585344;6370;3.8209173863948487;6370;53.968932157353436;6370;62.404248176519062;6370;571.92415919637585;6370;3.4751426740318;6370;3.5847041230506305
6380;149.54069643238623;6380;3.8819544053468427;6380;53.84685811944945;6380;62.526322214423047;6380;571.845073247077;6380;3.4727011932737204;6380;3.5938596758934294
6390;149.63835566270944;6390;3.91857661671804;6390;53.736991485335864;6390;62.440870387890257;6390;571.80553027242752;6390;3.4699545274208807;6390;3.5990478225043487
6400;149.43082979827264;6400;3.9063692129276406;6400;53.798028504287856;6400;62.343211157567069;6400;571.80553027242752;6400;3.467513046662801;6400;3.58714560380871
6410;149.56511123996702;6410;3.9063692129276406;6410;53.907895138401443;6410;62.282174138615062;6410;571.80553027242752;6410;3.4650715659047209;6410;3.5810419019135105
6420;149.43082979827264;6420;3.8331247901852472;6420;54.029969176305428;6420;62.33100375377667;6420;571.64735837382989;6420;3.4626300851466412;6420;3.5673085726493121
6430;149.63835566270944;6430;3.8697470015564441;6430;54.042176580095827;6430;62.428662984099859;6430;571.52872944988178;6430;3.4601886043885615;6430;3.5776848658711509
6440;149.61394085512865;6440;3.7720877712332532;6440;54.042176580095827;6440;62.428662984099859;6440;571.41010052593356;6440;3.4577471236304818;6440;3.5813470870082704
6450;149.61394085512865;6450;3.7232581560716578;6450;53.968932157353436;6450;62.404248176519062;6450;571.33101457663463;6450;3.4550004577776421;6450;3.5819574571977904
6460;149.47965941343423;6460;3.7720877712332532;6460;54.139835810419022;6460;62.343211157567069;6460;571.29147160198511;6460;3.4525589770195624;6460;3.5694448683126319
6470;149.46745200964384;6470;3.8087099826044497;6470;54.213080233161413;6470;62.428662984099859;6470;571.21238565268641;6470;3.4501174962614827;6470;3.5602893154698325
6480;149.69939268166144;6480;3.8941618091372421;6480;54.2985320596942;6480;62.599566637165438;6480;571.172842678037;6480;3.447676015503403;6480;3.5602893154698325
6490;149.60173345133822;6490;3.9551988280892361;6490;54.225287636951812;6490;62.587359233375039;6490;571.01467077943937;6490;3.4452345347453228;6490;3.5670033875545522
6500;149.72380748924223;6500;3.91857661671804;6500;54.176458021790218;6500;62.770470290231032;6500;570.93558483014044;6500;3.4424878688924831;6500;3.5731070894497514
6510;149.62614825891905;6510;3.8331247901852472;6510;54.261909848323008;6510;62.770470290231032;6510;570.93558483014044;6510;3.4400463881344034;6510;3.5581530198065128
6520;149.66277047029024;6520;3.8697470015564441;6520;54.176458021790218;6520;62.78267769402143;6520;570.85649888084163;6520;3.4376049073763237;6520;3.5508285775322737
6530;149.34537797173985;6530;3.979613635670034;6530;54.274117252113406;6530;62.95358134708701;6530;570.77741293154281;6530;3.435163426618244;6530;3.5377056184575943
6540;149.51628162480543;6540;4.0040284432508315;6540;54.40839869380779;6540;63.0878627887814;6540;570.73786995689352;6540;3.4327219458601643;6540;3.5514389477217936
6550;149.52848902859583;6550;3.8697470015564441;6550;54.506057924130992;6550;63.25876644184698;6550;570.698326982244;6550;3.4299752800073247;6550;3.5575426496169928
6560;149.61394085512865;6560;3.8941618091372421;6560;54.457228308969384;6560;63.34421826837977;6560;570.54015508364637;6560;3.4275337992492445;6560;3.5541856135746333
6570;149.55290383617663;6570;3.9551988280892361;6570;54.603717154454181;6570;63.454084902493356;6570;570.42152615969815;6570;3.4250923184911648;6570;3.5401470992156741
6580;149.33317056794945;6580;3.991821039460433;6580;54.750205999938963;6580;63.551744132816559;6580;570.34244021039933;6580;3.4226508377330851;6580;3.5288552507095554
6590;149.45524460585344;6590;3.9551988280892361;6590;54.835657826471753;6590;63.820307016205327;6590;570.30289723574992;6590;3.4202093569750054;6590;3.5334330271309549
6600;149.46745200964384;6600;3.9307840205084386;6600;54.799035615100557;6600;64.0522476882229;6600;570.22381128645111;6600;3.4174626911221657;6600;3.5410626544999539
6610;149.60173345133822;6610;3.9674062318796355;6610;54.811243018890956;6610;64.1010773033845;6610;570.10518236250289;6610;3.415021210364086;6610;3.5462508011108742
6620;149.38200018311105;6620;3.9674062318796355;6620;54.92110965300455;6620;64.223151341288485;6620;570.02609641320407;6620;3.4125797296060063;6620;3.5285500656147955
6630;149.41862239448224;6630;4.0162358470412309;6630;55.140842921231723;6630;64.284188360240492;6630;569.94701046390526;6630;3.4101382488479266;6630;3.5193945127719961
6640;149.19888912625507;6640;4.0528580584124274;6640;55.494857631153295;6640;64.503921628467666;6640;569.90746748925585;6640;3.4076967680898465;6640;3.5068819238868376
6650;149.34537797173985;6650;4.0894802697836239;6650;55.507065034943693;6650;64.796899319437244;6650;569.828381539957;6650;3.4052552873317667;6650;3.5233619190038756
6660;149.39420758690144;6660;4.0040284432508315;6660;55.641346476638077;6660;65.053254799035614;6660;569.74929559065822;6660;3.4025086214789271;6660;3.531907101657155
6670;149.39420758690144;6670;3.991821039460433;6670;55.812250129703664;6670;65.004425183874019;6670;569.63066666671;6670;3.4000671407208474;6670;3.5233619190038756
6680;149.36979277932065;6680;4.1016876735740224;6680;56.190679647206032;6680;64.980010376293222;6680;569.59112369206059;6680;3.3976256599627677;6680;3.5077974791711175
6690;149.23551133762626;6690;4.1627246925260177;6690;56.520279549546807;6690;65.1387066255684;6690;569.47249476811226;6690;3.395184179204688;6690;3.4943693350016787
6700;149.41862239448224;6700;4.13830988494522;6700;56.801049836725973;6700;65.407269508957171;6700;569.432951793463;6700;3.3927426984466083;6700;3.5029145176549576
6710;149.47965941343423;6710;4.1871395001068148;6710;56.923123874629965;6710;65.663624988555554;6710;569.35386584416415;6710;3.3899960325937686;6710;3.5126804406872769
6720;149.69939268166144;6720;4.3336283455916016;6720;57.032990508743552;6720;65.651417584765156;6720;569.31432286951463;6720;3.387554551835688;6720;3.5172582171086764
6730;149.25992614520706;6730;4.2115543076876127;6730;57.5579088717307;6730;65.639210180974757;6730;569.19569394556652;6730;3.3851130710776083;6730;3.4958952604754785
6740;149.25992614520706;6740;4.1993469038972133;6740;57.997375408185057;6740;65.810113834040337;6740;569.11660799626759;6740;3.3826715903195286;6740;3.4885708182012394
6750;149.34537797173985;6750;4.2603839228492086;6750;58.351390118106629;6750;66.054261909848321;6750;569.03752204696877;6750;3.3802301095614489;6750;3.4824671163060392
6760;149.61394085512865;6760;4.3824579607531975;6760;58.497878963591418;6760;66.090884121219517;6760;568.95843609767;6760;3.3774834437086092;6760;3.4989471114230781
6770;149.67497787408064;6770;4.5899838251899778;6770;58.876308481093787;6770;66.2007507553331;6770;568.83980717372174;6770;3.3750419629505295;6770;3.5065767387920777
6780;149.49186681722463;6780;4.6632282479323708;6780;59.09604174932096;6780;66.2984099856563;6780;568.80026419907233;6780;3.37260048219245;6780;3.4934537797173988
6790;149.44303720206304;6790;4.6510208441419723;6790;59.340189825128945;6790;66.3350321970275;6790;568.80026419907233;6790;3.37015900143437;6790;3.4815515610217593
6800;149.23551133762626;6800;4.6388134403515728;6800;59.743034150212104;6800;66.530350657673878;6800;568.68163527512411;6800;3.36771752067629;6800;3.4723960081789604
6810;149.66277047029024;6810;4.7120578630939667;6810;59.913937803277683;6810;66.628009887997081;6810;568.6420923004747;6810;3.3649708548234503;6810;3.4858241523483988
6820;149.63835566270944;6820;4.7486800744651632;6820;60.023804437391284;6820;66.542558061464277;6820;568.56300635117589;6820;3.3625293740653706;6820;3.491317484054079
6830;149.65056306649984;6830;4.9439985351115459;6830;60.292367320780052;6830;66.579180272835472;6830;568.40483445257826;6830;3.3600878933072909;6830;3.491622669148839
6840;149.38200018311105;6840;5.0904873805963327;6840;60.719626453444008;6840;66.628009887997081;6840;568.24666255398063;6840;3.3576464125492111;6840;3.4708700827051606
6850;149.35758537553025;6850;5.0172429578539388;6850;60.9027375103;6850;66.762291329691465;6850;568.24666255398063;6850;3.3552049317911314;6850;3.4684286019470809
6860;149.57731864375742;6860;5.0172429578539388;6860;61.012604144413586;6860;66.872157963805051;6860;568.16757660468181;6860;3.3524582659382918;6860;3.4693441572313608
6870;149.76042970061343;6870;5.0904873805963327;6870;60.8905301065096;6870;66.88436536759545;6870;568.00940470608418;6870;3.3500167851802121;6870;3.4809411908322394
6880;149.77263710440383;6880;5.1271095919675282;6880;60.9149449140904;6880;66.982024597918638;6880;567.93031875678537;6880;3.3475753044221319;6880;3.4852137821588789
6890;149.36979277932065;6890;5.273598437452315;6890;61.171300393688774;6890;66.957609790337841;6890;567.85123280748655;6890;3.3451338236640522;6890;3.467818231757561
6900;149.44303720206304;6900;5.2247688222907192;6900;61.354411450544752;6900;66.994232001709037;6900;567.77214685818774;6900;3.3426923429059725;6900;3.4595782341990415
6910;149.34537797173985;6910;5.273598437452315;6910;61.403241065706347;6910;67.116306039613022;6910;567.73260388353833;6910;3.3402508621478928;6910;3.455305642872402
6920;149.62614825891905;6920;5.4933317056794957;6920;61.354411450544752;6920;67.2750022888882;6920;567.53488901029129;6920;3.3375041962950531;6920;3.4687337870418409
6930;149.47965941343423;6930;5.5543687246314883;6930;61.29337443159276;6930;67.2872096926786;6930;567.41626008634307;6930;3.3350627155369734;6930;3.4684286019470809
6940;149.52848902859583;6940;5.5787835322122872;6940;61.329996642963955;6940;67.238380077517007;6940;567.37671711169367;6940;3.3326212347788937;6940;3.463850825525681
6950;149.16226691488387;6950;5.5909909360026857;6950;61.464278084658339;6950;67.3482467116306;6950;567.218545213096;6950;3.330179754020814;6950;3.4449293496505629
6960;149.28434095278786;6960;5.6154057435834837;6960;61.427655873287144;6960;67.482528153324992;6960;567.09991628914781;6960;3.3277382732627334;6960;3.4464552751243627
6970;149.39420758690144;6970;5.6154057435834837;6970;61.464278084658339;6970;67.592394787438579;6970;567.09991628914781;6970;3.3249916074098937;6970;3.4516434217352825
6980;149.39420758690144;6980;5.7130649739066746;6980;61.317789239173557;6980;67.714468825342564;6980;566.90220141590066;6980;3.322550126651814;6980;3.4540849024933622
6990;149.56511123996702;6990;5.700857570116276;6990;61.268959624011963;6990;67.799920651875368;6990;566.78357249195255;6990;3.3201086458937343;6990;3.4510330515457626
7000;149.33317056794945;7000;5.5909909360026857;7000;61.305581835383158;7000;67.726676229132963;7000;566.66494356800422;7000;3.3176671651356546;7000;3.4321115756706444
7010;149.38200018311105;7010;5.7863093966490675;7010;61.378826258125549;7010;67.836542863246564;7010;566.5858576187054;7010;3.3152256843775749;7010;3.4327219458601643
7020;149.16226691488387;7020;5.9205908383434558;7020;61.366618854335151;7020;67.995239112521745;7020;566.50677166940659;7020;3.3124790185247353;7020;3.4330271309549243
7030;149.39420758690144;7030;5.8595538193914614;7030;61.098055970946376;7030;68.044068727683339;7030;566.42768572010777;7030;3.3100375377666551;7030;3.4412671285134433
7040;149.28434095278786;7040;5.7985168004394669;7040;61.024811548203985;7040;68.105105746635331;7040;566.42768572010777;7040;3.3075960570085754;7040;3.4327219458601643
7050;149.17447431867427;7050;5.9572130497146514;7050;61.073641163365579;7050;68.129520554216128;7050;566.22997084686051;7050;3.3051545762504957;7050;3.4229560228278451
7060;148.9547410504471;7060;5.9938352610858487;7060;61.403241065706347;7060;68.166142765587338;7060;566.1904278722111;7060;3.302713095492416;7060;3.4089175084688867
7070;149.06460768456068;7070;5.9938352610858487;7070;61.415448469496745;7070;68.166142765587338;7070;566.11134192291229;7070;3.2999664296395763;7070;3.4192938016907255
7080;149.27213354899746;7080;6.0670796838282426;7080;61.317789239173557;7080;68.190557573168135;7080;565.99271299896407;7080;3.2975249488814966;7080;3.4278389843440049
7090;149.06460768456068;7090;6.1647389141514335;7090;61.232337412640767;7090;68.337046418652918;7090;565.87408407501584;7090;3.2950834681234169;7090;3.4180730613116856
7100;149.05240028077029;7100;6.2990203558458209;7100;61.305581835383158;7100;68.5079500717185;7100;565.87408407501584;7100;3.2926419873653372;7100;3.4073915829950865
7110;148.78383739738149;7110;6.3234351634266188;7110;61.500900296029535;7110;68.4347056489761;7110;565.794998125717;7110;3.290200506607257;7110;3.3890804773094887
7120;148.8937040314951;7120;6.2746055482650238;7120;61.598559526352737;7120;68.4835352641377;7120;565.6368262271194;7120;3.2874538407544174;7120;3.4006775109103673
7130;148.9059114352855;7130;6.2746055482650238;7130;61.622974333933534;7130;68.6056093020417;7130;565.51819730317118;7130;3.2850123599963377;7130;3.4086123233741268
7140;149.27213354899746;7140;6.4333017975402083;7140;61.622974333933534;7140;68.5689870906705;7140;565.36002540457355;7140;3.282570879238258;7140;3.4116641743217264
7150;149.07681508835108;7150;6.4333017975402083;7150;61.854915005951106;7150;68.678853724784091;7150;565.28093945527473;7150;3.2801293984801783;7150;3.394878994109928
7160;148.78383739738149;7160;6.40888698995941;7160;61.915952024903106;7160;68.776512955107279;7160;565.16231053132651;7160;3.2776879177220986;7160;3.3866389965514081
7170;148.79604480117189;7170;6.40888698995941;7170;62.208929715872671;7170;68.739890743736083;7170;565.04368160737829;7170;3.2752464369640188;7170;3.3848078859828483
7180;148.9059114352855;7180;6.4333017975402083;7180;62.245551927243866;7180;68.776512955107279;7180;564.92505268343;7180;3.2724997711111792;7180;3.3964049195837278
7190;149.19888912625507;7190;6.62862025818659;7190;62.184514908291874;7190;68.874172185430467;7190;564.76688078483232;7190;3.270058290353099;7190;3.4040345469527269
7200;149.01577806939909;7200;6.7140720847193833;7200;62.294381542405461;7200;68.886379589220866;7200;564.72733781018292;7200;3.2676168095950193;7200;3.3906064027832885
7210;148.9547410504471;7210;6.6896572771385845;7210;62.550737022003844;7210;68.910794396801663;7210;564.68779483553362;7210;3.2651753288369396;7210;3.3826715903195286
7220;148.80825220496229;7220;6.6164128543961915;7220;62.807092501602227;7220;68.984038819544054;7220;564.52962293693588;7220;3.26273384807886;7220;3.36802270577105
7230;149.15005951109347;7230;6.8117313150425742;7230;62.855922116763821;7230;69.069490646076844;7230;564.37145103833825;7230;3.2599871822260202;7230;3.3823664052247686
7240;149.11343729972228;7240;6.8605609302041692;7240;62.855922116763821;7240;69.057283242286445;7240;564.33190806368884;7240;3.2575457014679405;7240;3.387859736930448
7250;149.23551133762626;7250;6.7506942960905789;7250;62.770470290231032;7250;68.996246223334452;7250;564.21327913974062;7250;3.2551042207098608;7250;3.3881649220252079
7260;149.23551133762626;7260;6.8239387188329728;7260;62.977996154667807;7260;68.996246223334452;7260;564.0946502157924;7260;3.2526627399517811;7260;3.3741264076662496
7270;149.15005951109347;7270;6.8849757377849663;7270;63.1000701925718;7270;68.910794396801663;7270;564.01556426649358;7270;3.250221259193701;7270;3.3646656697286903
7280;149.33317056794945;7280;6.95822016052736;7280;63.161107211523792;7280;69.032868434705648;7280;563.93647831719477;7280;3.2474745933408613;7280;3.3643604846339303
7290;149.43082979827264;7290;7.0314645832697531;7290;63.148899807733393;7290;69.154942472609633;7290;563.81784939324655;7290;3.2450331125827816;7290;3.3741264076662496
7300;149.66277047029024;7300;7.007049775688956;7300;63.25876644184698;7300;69.045075838496047;7300;563.62013451999951;7300;3.2425916318247019;7300;3.3817560350352487
7310;149.24771874141666;7310;6.9704275643177587;7310;63.356425672170168;7310;69.118320261238438;7310;563.42241964675236;7310;3.2401501510666222;7310;3.3649708548234503
7320;149.17447431867427;7320;7.1047090060121469;7320;63.356425672170168;7320;69.17935728019043;7320;563.46196262140188;7320;3.2377086703085425;7320;3.3567308572649313
7330;149.05240028077029;7330;7.1657460249641414;7330;63.563951536606957;7330;69.203772087771227;7330;563.42241964675236;7330;3.2349620044557028;7330;3.3429975280007325
7340;149.30875576036865;7340;7.2511978514969337;7340;63.478499710074168;7340;69.350260933256024;7340;563.26424774815473;7340;3.2325205236976231;7340;3.3594775231177709
7350;149.43082979827264;7350;7.2511978514969337;7350;63.478499710074168;7350;69.350260933256024;7350;563.1060758495571;7350;3.2300790429395425;7350;3.36619159520249
7360;149.39420758690144;7360;7.1901608325449384;7360;63.490707113864566;7360;69.301431318094416;7360;562.98744692560888;7360;3.2276375621814628;7360;3.3616138187810907
7370;149.30875576036865;7370;7.129123813592944;7370;63.612781151768552;7370;69.325846125675213;7370;562.86881800166077;7370;3.2251960814233831;7370;3.3463545640430921
7380;149.16226691488387;7380;7.1901608325449384;7380;63.698232978301341;7380;69.374675740836821;7380;562.78973205236184;7380;3.2224494155705434;7380;3.3356730857264933
7390;149.19888912625507;7390;7.3732718894009217;7390;63.747062593462935;7390;69.5089571825312;7390;562.75018907771255;7390;3.2200079348124637;7390;3.3417767876216926
7400;149.24771874141666;7400;7.3976866969817205;7400;63.551744132816559;7400;69.5211645863216;7400;562.67110312841362;7400;3.217566454054384;7400;3.350627155369732
7410;149.38200018311105;7410;7.4098941007721191;7410;63.368633075960567;7410;69.655446028015987;7410;562.512931229816;7410;3.2151249732963043;7410;3.3567308572649313
7420;149.06460768456068;7420;7.3976866969817205;7420;63.441877498702958;7420;69.740897854548791;7420;562.35475933121836;7420;3.2126834925382242;7420;3.3375041962950531
7430;149.18668172246467;7430;7.4831385235145111;7430;63.490707113864566;7430;69.728690450758393;7430;562.19658743262073;7430;3.2102420117801445;7430;3.330484939115574
7440;149.00357066560869;7440;7.580797753837702;7440;63.661610766930146;7440;69.850764488662378;7440;562.07795850867251;7440;3.2074953459273048;7440;3.3188879055146945
7450;149.21109653004547;7450;7.6174199652088994;7450;63.563951536606957;7450;69.875179296243175;7450;561.91978661007488;7450;3.2050538651692251;7450;3.3347575304422135
7460;149.21109653004547;7460;7.6540421765800959;7460;63.502914517654965;7460;69.862971892452777;7460;561.88024363542547;7460;3.2026123844111454;7460;3.3420819727164526
7470;149.18668172246467;7470;7.6296273689992979;7470;63.478499710074168;7470;70.033875545518356;7470;561.68252876217844;7470;3.2001709036530657;7470;3.3332316049684136
7480;149.16226691488387;7480;7.6174199652088994;7480;63.588366344187754;7480;70.094912564470349;7480;561.56389983823021;7480;3.197729422894986;7480;3.3188879055146945
7490;148.9181188390759;7490;7.6662495803704944;7490;63.759269997253334;7490;70.11932737205116;7490;561.4848138889314;7490;3.1949827570421463;7490;3.3072908719138154
7500;149.11343729972228;7500;7.6662495803704944;7500;63.808099612414928;7500;70.339060640278333;7500;561.36618496498318;7500;3.1925412762840661;7500;3.3170567949461347
7510;149.16226691488387;7510;7.678456984160893;7510;63.661610766930146;7510;70.387890255439928;7510;561.168470091736;7510;3.1900997955259864;7510;3.3256019775994137
7520;149.15005951109347;7520;7.7761162144840839;7520;63.515121921445363;7520;70.424512466811123;7520;561.0893841424371;7520;3.1876583147679067;7520;3.3283486434522533
7530;148.7105929746391;7530;7.7639088106936853;7530;63.661610766930146;7530;70.44892727439192;7530;560.970755218489;7530;3.185216834009827;7530;3.3072908719138154
7540;148.6861781670583;7540;7.7761162144840839;7540;63.991210669270913;7540;70.461134678182319;7540;560.81258331989125;7540;3.1824701681569874;7540;3.3030182805871759
7550;148.60072634052551;7550;7.934812463759271;7550;64.18652912991729;7550;70.6198309274575;7550;560.73349737059254;7550;3.1800286873989076;7550;3.2978301339762566
7560;148.9181188390759;7560;8.1057161168248548;7560;64.0522476882229;7560;70.729697561571086;7560;560.5753254719948;7560;3.1775872066408279;7560;3.3130893887142552
7570;148.9547410504471;7570;8.0202642902920616;7570;63.966795861690116;7570;70.729697561571086;7570;560.53578249734551;7570;3.1751457258827482;7570;3.3182775353251746
7580;148.8937040314951;7580;7.9470198675496695;7580;64.01562547685171;7580;70.717490157780688;7580;560.41715357339717;7580;3.1727042451246676;7580;3.3063753166295355
7590;148.86928922391431;7590;8.04467909787286;7590;64.284188360240492;7590;70.717490157780688;7590;560.298524649449;7590;3.169957579271828;7590;3.2950834681234169
7600;148.61293374431591;7600;7.9470198675496695;7600;64.442884609515673;7600;70.77852717673268;7600;560.21943870015014;7600;3.1675160985137483;7600;3.2850123599963377
7610;148.86928922391431;7610;7.9714346751304666;7610;64.491714224677267;7610;70.912808618427078;7610;560.17989572550073;7610;3.1650746177556686;7610;3.2966093935972167
7620;148.7350077822199;7620;8.1301309244056519;7620;64.55275124362926;7620;70.925016022217477;7620;560.0217238269031;7620;3.1626331369975889;7620;3.3014923551133761
7630;148.80825220496229;7630;8.2033753471480448;7630;64.613788262581252;7630;70.90060121463668;7630;559.78446597900665;7630;3.1601916562395092;7630;3.3017975402081361
7640;148.63734855189671;7640;8.1789605395672478;7640;64.931180761131628;7640;70.949430829798274;7640;559.66583705505843;7640;3.1574449903866695;7640;3.2801293984801783
7650;148.78383739738149;7650;8.2155827509384434;7650;65.102084414197208;7650;71.083712271492658;7650;559.58675110575962;7650;3.1550035096285898;7650;3.2773827326273386
7660;148.84487441633351;7660;8.2277901547288437;7660;65.33402508621478;7660;71.217993713187042;7660;559.5076651564608;7660;3.1525620288705096;7660;3.2770775475325786
7670;148.8937040314951;7670;8.337656788842434;7670;65.309610278633983;7670;71.156956694235049;7670;559.30995028321377;7670;3.15012054811243;7670;3.2889797662282172
7680;148.9547410504471;7680;8.4719382305368214;7680;65.24857325968199;7680;71.169164098025448;7680;559.19132135926554;7680;3.14767906735435;7680;3.2929471724600972
7690;148.77162999359109;7690;8.3498641926328325;7690;65.358439893795577;7690;71.266823328348636;7690;559.03314946066791;7690;3.1452375865962705;7690;3.2773827326273386
7700;148.80825220496229;7700;8.4109012115848252;7700;65.541550950651569;7700;71.364482558671838;7700;558.954063511369;7700;3.1424909207434308;7700;3.2697531052583391
7710;148.64955595568711;7710;8.4231086153752255;7710;65.688039796136351;7710;71.425519577623831;7710;558.87497756207028;7710;3.1400494399853511;7710;3.26059755241554
7720;148.9303262428663;7720;8.4963530381176184;7720;65.736869411297945;7720;71.535386211737418;7720;558.71680566347266;7720;3.1376079592272714;7720;3.2731101413006991
7730;148.8937040314951;7730;8.5207678456984173;7730;65.675832392345953;7730;71.559801019318215;7730;558.558633764875;7730;3.1351664784691917;7730;3.2752464369640188
7740;148.8937040314951;7740;8.6306344798120058;7740;65.736869411297945;7740;71.559801019318215;7740;558.36091889162788;7740;3.1327249977111116;7740;3.2724997711111792
7750;148.79604480117189;7750;8.6550492873928029;7750;66.103091525009916;7750;71.572008423108613;7750;558.32137591697847;7750;3.1299783318582719;7750;3.2526627399517811
7760;148.80825220496229;7760;8.6062196722312088;7760;66.2007507553331;7760;71.535386211737418;7760;558.24228996767965;7760;3.1275368511001922;7760;3.249916074098941
7770;148.9059114352855;7770;8.7405011139255961;7770;66.3472396008179;7770;71.620838038270207;7770;558.16320401838084;7770;3.1250953703421125;7770;3.2529679250465411
7780;149.10122989593188;7780;8.80153813287759;7780;66.2984099856563;7780;71.6696676534318;7780;558.084118069082;7780;3.1226538895840328;7780;3.26212347788934
7790;149.07681508835108;7790;8.8869899594103821;7790;66.237372966704314;7790;71.767326883755;7790;557.84686022118558;7790;3.1202124088259531;7790;3.26273384807886
7800;148.6739707632679;7800;8.8381603442487862;7800;66.3472396008179;7800;71.8405713064974;7800;557.688688322588;7800;3.1174657429731134;7800;3.241981261635182
7810;148.84487441633351;7810;8.9724417859431753;7810;66.566972869045074;7810;71.913815729239786;7810;557.64914534793854;7810;3.1150242622150333;7810;3.2374034852137825
7820;148.78383739738149;7820;9.1433454390087583;7820;66.676839503158675;7820;72.145756401257373;7820;557.45143047469151;7820;3.1125827814569536;7820;3.233436078981903
7830;149.05240028077029;7830;9.1555528427991586;7830;66.554765465254675;7830;72.292245246742155;7830;557.29325857609388;7830;3.1101413006988738;7830;3.2453382976775416
7840;148.9181188390759;7840;9.13113803521836;7840;66.603595080416284;7840;72.304452650532554;7840;557.21417262679506;7840;3.1076998199407941;7840;3.2422864467299419
7850;148.9181188390759;7850;9.24100466933195;7850;66.774498733481863;7850;72.328867458113351;7850;557.05600072819743;7850;3.1049531540879545;7850;3.2346568193609428
7860;148.7228003784295;7860;9.2287972655415516;7860;67.055269020661029;7860;72.353282265694148;7860;556.97691477889862;7860;3.1025116733298748;7860;3.2193975646229438
7870;148.80825220496229;7870;9.216589861751153;7870;67.140720847193819;7870;72.463148899807734;7870;556.77919990565158;7870;3.1000701925717951;7870;3.2227546006653034
7880;148.9059114352855;7880;9.2898342844935442;7880;67.2627948850978;7880;72.658467360454111;7880;556.70011395635265;7880;3.0976287118137154;7880;3.2291634876552626
7890;148.8937040314951;7890;9.2287972655415516;7890;67.152928250984218;7890;72.7195043794061;7890;556.50239908310562;7890;3.0951872310556352;7890;3.225806451612903
7900;148.88149662770471;7900;9.2776268807031457;7900;67.165135654774616;7900;72.7561265907773;7900;556.26514123520917;7900;3.0927457502975555;7900;3.2209234900967436
7910;148.53968932157352;7910;9.3997009186071363;7910;67.3482467116306;7910;72.817163609729292;7910;556.067426361962;7910;3.0899990844447158;7910;3.2016968291268655
7920;148.6739707632679;7920;9.46073793755913;7920;67.4336985381634;7920;73.000274666585284;7920;555.90925446336439;7920;3.0875576036866361;7920;3.2065797906430249
7930;148.60072634052551;7930;9.5339823603015219;7930;67.531357768486586;7930;73.097933896908472;7930;555.869711488715;7930;3.0851161229285564;7930;3.2084109012115847
7940;148.7105929746391;7940;9.68047120578631;7940;67.567979979857782;7940;73.134556108279668;7940;555.79062553941617;7940;3.0826746421704767;7940;3.2142094180120244
7950;148.53968932157352;7950;9.6926786095767081;7950;67.653431806390572;7950;73.305459761345261;7950;555.63245364081854;7950;3.080233161412397;7950;3.2026123844111454
7960;148.51527451399272;7960;9.6926786095767081;7960;67.78771324808497;7960;73.329874568926058;7960;555.4347387675715;7960;3.0774864955595573;7960;3.1919309060945462
7970;148.44203009125033;7970;9.8757896664326914;7970;68.153935361796925;7970;73.40311899166845;7970;555.3951957929221;7970;3.0750450148014767;7970;3.1843012787255471
7980;148.58851893673511;7980;9.9490340891750844;7980;68.11731315042573;7980;73.622852259895623;7980;555.23702389432447;7980;3.072603534043397;7980;3.1931516464735861
7990;148.77162999359109;7990;9.9490340891750844;7990;68.056276131473737;7990;73.622852259895623;7990;555.07885199572684;7990;3.0701620532853173;7990;3.2020020142216254
8000;148.44203009125033;8000;9.9734488967558814;8000;68.178350169377737;8000;73.635059663686036;8000;554.92068009712921;8000;3.0677205725272376;8000;3.1876583147679067
8010;148.41761528366953;8010;10.071108127079073;8010;68.288216803491324;8010;73.76934110538042;8010;554.80205117318087;8010;3.064973906674398;8010;3.1778923917355879
8020;148.24671163060395;8020;10.022278511917477;8020;68.544572283089693;8020;73.805963316751615;8020;554.68342224923265;8020;3.0625324259163182;8020;3.1629383220923488
8030;148.49085970641192;8030;10.083315530869472;8030;68.76430555131688;8030;73.9280373546556;8030;554.56479332528454;8030;3.0600909451582385;8030;3.1794183172093877
8040;148.58851893673511;8040;10.107730338450269;8040;68.776512955107279;8040;74.09894100772118;8040;554.48570737598561;8040;3.0576494644001588;8040;3.1867427594836268
8050;148.74721518601029;8050;10.107730338450269;8050;68.861964781640069;8050;74.221015045625165;8050;554.28799250273869;8050;3.0552079836420787;8050;3.1830805383465073
8060;148.52748191778312;8060;10.278633991515855;8060;69.118320261238438;8060;74.09894100772118;8060;554.12982060414106;8060;3.052461317789239;8060;3.1647694326609086
8070;148.40540787987914;8070;10.315256202887051;8070;69.142735068819235;8070;74.123355815301977;8070;553.93210573089391;8070;3.0500198370311593;8070;3.1568346201971496
8080;148.53968932157352;8080;10.351878414258247;8080;69.26480910672322;8080;74.26984466078676;8080;553.69484788299746;8080;3.0475783562730796;8080;3.1620227668080689
8090;148.6983855708487;8090;10.486159855952634;8090;69.277016510513619;8090;74.355296487319549;8090;553.53667598439984;8090;3.045136875515;8090;3.1736198004089475
8100;148.86928922391431;8100;10.583819086275827;8100;69.338053529465626;8100;74.416333506271556;8100;553.41804706045161;8100;3.04269539475692;8100;3.1785027619251078
8110;148.41761528366953;8110;10.473952452162235;8110;69.484542374950408;8110;74.416333506271556;8110;553.259875161854;8110;3.0399487289040805;8110;3.1568346201971496
8120;148.46644489883113;8120;10.559404278695029;8120;69.704275643177581;8120;74.575029755546737;8120;553.062160288607;8120;3.0375072481460008;8120;3.15103610339671
8130;148.36878566850794;8130;10.64485610522782;8130;69.862971892452777;8130;74.648274178289128;8130;552.90398839000932;8130;3.0350657673879207;8130;3.1455427716910305
8140;148.77162999359109;8140;10.681478316599017;8140;69.875179296243175;8140;74.733726004821918;8140;552.8644454153598;8140;3.032624286629841;8140;3.1608020264290291
8150;148.9059114352855;8150;10.791344950712608;8150;69.985045930356762;8150;74.806970427564323;8150;552.74581649141169;8150;3.0301828058717613;8150;3.1629383220923488
8160;148.7105929746391;8160;10.840174565874202;8160;69.887386700033574;8160;74.709311197241121;8160;552.54810161816454;8160;3.0277413251136815;8160;3.1531723990600296
8170;148.64955595568711;8170;10.925626392406995;8170;70.033875545518356;8170;74.83138523514512;8170;552.38992971956691;8170;3.0249946592608419;8170;3.1385235145115513
8180;148.7350077822199;8180;11.011078218939788;8180;70.20477919858395;8180;74.880214850306714;8180;552.23175782096928;8180;3.0225531785027622;8180;3.1394390697958312
8190;148.83266701254311;8190;11.011078218939788;8190;70.229194006164747;8190;74.892422254097113;8190;552.07358592237165;8190;3.0201116977446825;8190;3.14828943754387
8200;148.62514114810631;8200;10.950041199987792;8200;70.180364391003152;8200;75.063325907162692;8200;551.95495699842343;8200;3.0176702169866028;8200;3.1458479567857904
8210;148.7105929746391;8210;11.023285622730187;8210;70.143742179631957;8210;75.087740714743489;8210;551.7967850998258;8210;3.0152287362285222;8210;3.1418805505539109
8220;148.50306711020232;8220;11.096530045472578;8220;70.326853236487935;8220;75.063325907162692;8220;551.67815617587758;8220;3.0124820703756825;8220;3.1214331492049929
8230;148.79604480117189;8230;11.20639667958617;8230;70.44892727439192;8230;75.185399945066678;8230;551.48044130263054;8230;3.0100405896176028;8230;3.128757591479232
8240;148.80825220496229;8240;11.243018890957366;8240;70.546586504715108;8240;75.319681386761076;8240;551.36181237868232;8240;3.0075991088595231;8240;3.1324198126163516
8250;148.77162999359109;8250;11.328470717490157;8250;70.546586504715108;8250;75.356303598132271;8250;551.20364048008469;8250;3.0051576281014434;8250;3.1373027741325115
8260;148.61293374431591;8260;11.352885525070958;8260;70.6198309274575;8260;75.45396282845546;8260;551.12455453078587;8260;3.0027161473433637;8260;3.1281472212897121
8270;148.52748191778312;8270;11.316263313699759;8270;70.741904965361485;8270;75.441755424665061;8270;550.88729668288931;8270;2.999969481490524;8270;3.1156346324045536
8280;148.51527451399272;8280;11.426129947813349;8280;70.90060121463668;8280;75.405133213293865;8280;550.76866775894109;8280;2.999969481490524;8280;3.1110568559831537
8290;148.52748191778312;8290;11.389507736442154;8290;70.90060121463668;8290;75.441755424665061;8290;550.65003883499276;8290;2.999969481490524;8290;3.1202124088259531
8300;148.77162999359109;8300;11.487166966765344;8300;70.839564195684673;8300;75.600451673940256;8300;550.45232396174583;8300;2.999969481490524;8300;3.1302835169530319
8310;148.60072634052551;8310;11.597033600878934;8310;70.741904965361485;8310;75.685903500473046;8310;550.3336950377975;8310;2.999969481490524;8310;3.1180761131626333
8320;148.55189672536392;8320;11.633655812250129;8320;70.77852717673268;8320;75.698110904263444;8320;550.17552313919987;8320;2.999969481490524;8320;3.1104464857936338
8330;148.18567461165196;8330;11.767937253944519;8330;71.010467848750267;8330;75.759147923215437;8330;550.01735124060224;8330;2.999969481490524;8330;3.0933561204870754
8340;148.41761528366953;8340;11.877803888058107;8340;71.010467848750267;8340;75.82018494216743;8340;549.81963636735532;8340;2.999969481490524;8340;3.1083101901303141
8350;148.46644489883113;8350;11.780144657734917;8350;71.071504867702259;8350;75.844599749748227;8350;549.701007443407;8350;2.999969481490524;8350;3.1174657429731134
8360;148.52748191778312;8360;11.804559465315714;8360;71.059297463911861;8360;75.954466383861813;8360;549.54283554480935;8360;2.999969481490524;8360;3.1177709280678734
8370;148.45423749504073;8370;11.865596484267709;8370;71.059297463911861;8370;76.0765404217658;8370;549.42420662086113;8370;2.999969481490524;8370;3.1064790795617543
8380;148.33216345713674;8380;11.816766869106113;8380;70.973845637379071;8380;75.978881191442611;8380;549.22649174761409;8380;2.999969481490524;8380;3.0936613055818354
8390;148.45423749504073;8390;11.914426099429303;8390;71.059297463911861;8390;75.978881191442611;8390;549.06831984901646;8390;2.999969481490524;8390;3.0964079714346755
8400;148.38099307229834;8400;12.060914944914089;8400;70.912808618427078;8400;76.223029267250581;8400;548.91014795041883;8400;2.999969481490524;8400;3.1058687093722344
8410;148.61293374431591;8410;12.182988982818079;8410;70.815149388103876;8410;76.284066286202574;8410;548.79151902647061;8410;2.999969481490524;8410;3.1159398174993136
8420;148.46644489883113;8420;12.170781579027681;8420;70.925016022217477;8420;76.198614459669784;8420;548.59380415322357;8420;2.999969481490524;8420;3.1028168584246347
8430;148.40540787987914;8430;12.109744560075686;8430;70.937223426007876;8430;76.223029267250581;8430;548.47517522927535;8430;2.999969481490524;8430;3.0970183416241954
8440;148.27112643818475;8440;12.182988982818079;8440;71.071504867702259;8440;76.369518112735378;8440;548.23791738137879;8440;2.999969481490524;8440;3.0848109378337965
8450;148.52748191778312;8450;12.170781579027681;8450;71.059297463911861;8450;76.406140324106573;8450;548.00065953348246;8450;2.999969481490524;8450;3.0994598223822751
8460;148.52748191778312;8460;12.085329752494889;8460;71.034882656331064;8460;76.308481093783371;8460;547.88203060953413;8460;2.999969481490524;8460;3.1098361156041139
8470;148.49085970641192;8470;12.085329752494889;8470;70.839564195684673;8470;76.296273689992972;8470;547.64477276163768;8470;2.999969481490524;8470;3.1061738944669943
8480;148.49085970641192;8480;12.146366771446884;8480;70.839564195684673;8480;76.345103305154566;8480;547.48660086304;8480;2.999969481490524;8480;3.0951872310556352
8490;148.31995605334635;8490;12.182988982818079;8490;70.937223426007876;8490;76.345103305154566;8490;547.32842896444242;8490;2.999969481490524;8490;3.0860316782128363
8500;148.52748191778312;8500;12.268440809350871;8500;71.010467848750267;8500;76.454969939268167;8500;547.2098000404942;8500;2.999969481490524;8500;3.0961027863399155
8510;148.51527451399272;8510;12.317270424512468;8510;70.925016022217477;8510;76.60145878475295;8510;547.05162814189657;8510;2.999969481490524;8510;3.1043427838984345
8520;148.63734855189671;8520;12.256233405560472;8520;70.766319772942282;8520;76.60145878475295;8520;546.93299921794835;8520;2.999969481490524;8520;3.1104464857936338
8530;148.34437086092714;8530;12.195196386608478;8530;70.851771599475072;8530;76.479384746848964;8530;546.77482731935072;8530;2.999969481490524;8530;3.0930509353923155
8540;148.35657826471754;8540;12.329477828302867;8540;70.937223426007876;8540;76.406140324106573;8540;546.6561983954025;8540;2.999969481490524;8540;3.0912198248237557
8550;148.45423749504073;8550;12.451551866206852;8550;71.034882656331064;8550;76.503799554429762;8550;546.53756947145428;8550;2.999969481490524;8550;3.088473158970916
8560;148.64955595568711;8560;12.414929654835657;8560;70.815149388103876;8560;76.589251380962551;8560;546.30031162355783;8560;2.999969481490524;8560;3.1022064882351148
8570;148.77162999359109;8570;12.329477828302867;8570;70.717490157780688;8570;76.650288399914544;8570;546.10259675031068;8570;2.999969481490524;8570;3.1076998199407941
8580;148.6983855708487;8580;12.280648213141273;8580;70.705282753990289;8580;76.454969939268167;8580;546.023510801012;8580;2.999969481490524;8580;3.0994598223822751
8590;148.83266701254311;8590;12.280648213141273;8590;70.729697561571086;8590;76.308481093783371;8590;545.90488187706353;8590;2.999969481490524;8590;3.0945768608661153
8600;148.6739707632679;8600;12.244026001770074;8600;70.77852717673268;8600;76.369518112735378;8600;545.70716700381649;8600;2.999969481490524;8600;3.0906094546342358
8610;148.78383739738149;8610;12.268440809350871;8610;70.741904965361485;8610;76.467177343058566;8610;545.58853807986827;8610;2.999969481490524;8610;3.1012909329508349
8620;148.80825220496229;8620;12.378307443464461;8620;70.6686605426191;8620;76.552629169591356;8620;545.35128023197183;8620;2.999969481490524;8620;3.1019013031403548
8630;148.9669484542375;8630;12.329477828302867;8630;70.522171697134311;8630;76.577043977172153;8630;545.15356535872479;8630;2.999969481490524;8630;3.1064790795617543
8640;148.64955595568711;8640;12.231818597979675;8640;70.53437910092471;8640;76.479384746848964;8640;545.03493643477657;8640;2.999969481490524;8640;3.0939664906765953
8650;148.78383739738149;8650;12.439344462416454;8650;70.44892727439192;8650;76.406140324106573;8650;544.83722156152953;8650;2.999969481490524;8650;3.0951872310556352
8660;148.9303262428663;8660;12.463759269997251;8660;70.44892727439192;8660;76.406140324106573;8660;544.6790496629319;8660;2.999969481490524;8660;3.0939664906765953
8670;148.8937040314951;8670;12.353892635883664;8670;70.400097659230326;8670;76.381725516525776;8670;544.44179181503546;8670;2.999969481490524;8670;3.1009857478560749
8680;148.9059114352855;8680;12.341685232093266;8680;70.375682851649529;8680;76.381725516525776;8680;544.32316289108724;8680;2.999969481490524;8680;3.1058687093722344
8690;148.83266701254311;8690;12.39051484725486;8690;70.351268044068732;8690;76.320688497573769;8690;544.1254480178402;8690;2.999969481490524;8690;3.0997650074770351
8700;148.9181188390759;8700;12.463759269997251;8700;70.339060640278333;8700;76.320688497573769;8700;544.006819093892;8700;2.999969481490524;8700;3.0988494521927552
8710;148.6739707632679;8710;12.329477828302867;8710;70.339060640278333;8710;76.369518112735378;8710;543.84864719529435;8710;2.999969481490524;8710;3.0927457502975555
8720;148.82045960875269;8720;12.329477828302867;8720;70.168156987212754;8720;76.406140324106573;8720;543.69047529669672;8720;2.999969481490524;8720;3.1025116733298748
8730;148.61293374431591;8730;12.341685232093266;8730;70.107119968260747;8730;76.406140324106573;8730;543.49276042344957;8730;2.999969481490524;8730;3.100680562761315
8740;148.79604480117189;8740;12.451551866206852;8740;69.972838526566363;8740;76.418347727896972;8740;543.29504555020253;8740;2.999969481490524;8740;3.1043427838984345
8750;148.82045960875269;8750;12.463759269997251;8750;69.972838526566363;8750;76.503799554429762;8750;543.1368736516049;8750;2.999969481490524;8750;3.0970183416241954
8760;148.97915585802789;8760;12.463759269997251;8760;69.972838526566363;8760;76.43055513168737;8760;542.89961580370846;8760;2.999969481490524;8760;3.0979338969084753
8770;148.9059114352855;8770;12.439344462416454;8770;70.009460737937559;8770;76.308481093783371;8770;542.860072829059;8770;2.999969481490524;8770;3.0982390820032353
8780;148.9547410504471;8780;12.329477828302867;8780;69.850764488662378;8780;76.345103305154566;8780;542.662357955812;8780;2.999969481490524;8780;3.1000701925717951
8790;149.15005951109347;8790;12.414929654835657;8790;69.765312662129588;8790;76.491592150639363;8790;542.464643082565;8790;2.999969481490524;8790;3.1031220435193947
8800;148.9669484542375;8800;12.439344462416454;8800;69.679860835596784;8800;76.43055513168737;8800;542.22738523466853;8800;2.999969481490524;8800;3.0985442670979952
8810;149.01577806939909;8810;12.427137058626055;8810;69.704275643177581;8810;76.467177343058566;8810;542.14829928536972;8810;2.999969481490524;8810;3.1034272286141547
8820;148.8937040314951;8820;12.439344462416454;8820;69.679860835596784;8820;76.491592150639363;8820;541.990127386772;8820;2.999969481490524;8820;3.0964079714346755
8830;149.08902249214148;8830;12.427137058626055;8830;69.5455793939024;8830;76.503799554429762;8830;541.75286953887553;8830;2.999969481490524;8830;3.1025116733298748
8840;148.84487441633351;8840;12.439344462416454;8840;69.472334971160009;8840;76.625873592333747;8840;541.5946976402779;8840;2.999969481490524;8840;3.0976287118137154
8850;148.80825220496229;8850;12.50038148136845;8850;69.447920163579212;8850;76.577043977172153;8850;541.39698276703086;8850;2.999969481490524;8850;3.1019013031403548
8860;148.83266701254311;8860;12.39051484725486;8860;69.5577867976928;8860;76.491592150639363;8860;541.27835384308264;8860;2.999969481490524;8860;3.100375377666555
8870;148.79604480117189;8870;12.280648213141273;8870;69.5089571825312;8870;76.418347727896972;8870;541.0410959951862;8870;2.999969481490524;8870;3.1022064882351148
8880;148.86928922391431;8880;12.39051484725486;8880;69.447920163579212;8880;76.467177343058566;8880;540.92246707123775;8880;2.999969481490524;8880;3.1037324137089146
8890;148.80825220496229;8890;12.439344462416454;8890;69.252601702932822;8890;76.577043977172153;8890;540.72475219799071;8890;2.999969481490524;8890;3.1012909329508349
8900;149.05240028077029;8900;12.366100039674063;8900;69.240394299142423;8900;76.564836573381754;8900;540.60612327404249;8900;2.999969481490524;8900;3.1046479689931945
8910;148.97915585802789;8910;12.329477828302867;8910;69.240394299142423;8910;76.552629169591356;8910;540.44795137544486;8910;2.999969481490524;8910;3.0979338969084753
8920;148.9547410504471;8920;12.317270424512468;8920;69.228186895352025;8920;76.552629169591356;8920;540.28977947684723;8920;2.999969481490524;8920;3.1037324137089146
8930;148.79604480117189;8930;12.256233405560472;8930;69.252601702932822;8930;76.503799554429762;8930;540.09206460360019;8930;2.999969481490524;8930;3.0988494521927552
8940;149.02798547318949;8940;12.366100039674063;8940;69.106112857448039;8940;76.564836573381754;8940;539.973435679652;8940;2.999969481490524;8940;3.1046479689931945
8950;148.97915585802789;8950;12.414929654835657;8950;69.130527665028836;8950;76.589251380962551;8950;539.81526378105434;8950;2.999969481490524;8950;3.1009857478560749
8960;148.88149662770471;8960;12.341685232093266;8960;69.069490646076844;8960;76.552629169591356;8960;539.6570918824566;8960;2.999969481490524;8960;3.1031220435193947
8970;148.83266701254311;8970;12.280648213141273;8970;69.142735068819235;8970;76.564836573381754;8970;539.53846295850838;8970;2.999969481490524;8970;3.1028168584246347
8980;148.86928922391431;8980;12.329477828302867;8980;69.154942472609633;8980;76.564836573381754;8980;539.34074808526134;8980;2.999969481490524;8980;3.1009857478560749
8990;149.13785210730308;8990;12.378307443464461;8990;69.17935728019043;8990;76.540421765800957;8990;539.1430332120143;8990;2.999969481490524;8990;3.1037324137089146
9000;149.05240028077029;9000;12.256233405560472;9000;69.154942472609633;9000;76.589251380962551;9000;538.98486131341667;9000;2.999969481490524;9000;3.1022064882351148
9010;149.07681508835108;9010;12.219611194189275;9010;69.02066103091525;9010;76.638080996124145;9010;538.78714644016964;9010;2.999969481490524;9010;3.1076998199407941
9020;148.9059114352855;9020;12.317270424512468;9020;69.032868434705648;9020;76.577043977172153;9020;538.70806049087082;9020;2.999969481490524;9020;3.1012909329508349
9030;148.9547410504471;9030;12.414929654835657;9030;69.02066103091525;9030;76.51600695822016;9030;538.54988859227319;9030;2.999969481490524;9030;3.1058687093722344
9040;148.7350077822199;9040;12.366100039674063;9040;69.02066103091525;9040;76.564836573381754;9040;538.352173719026;9040;2.999969481490524;9040;3.100375377666555
9050;148.83266701254311;9050;12.378307443464461;9050;69.02066103091525;9050;76.60145878475295;9050;538.15445884577912;9050;2.999969481490524;9050;3.1046479689931945
9060;148.82045960875269;9060;12.427137058626055;9060;69.069490646076844;9060;76.43055513168737;9060;538.03582992183078;9060;2.999969481490524;9060;3.1025116733298748
9070;148.9181188390759;9070;12.317270424512468;9070;68.93520920438246;9070;76.393932920316175;9070;537.79857207393445;9070;2.999969481490524;9070;3.1028168584246347
9080;149.00357066560869;9080;12.231818597979675;9080;68.947416608172858;9080;76.589251380962551;9080;537.64040017533682;9080;2.999969481490524;9080;3.1037324137089146
9090;148.82045960875269;9090;12.256233405560472;9090;68.984038819544054;9090;76.625873592333747;9090;537.5217712513886;9090;2.999969481490524;9090;3.1012909329508349
9100;148.99136326181829;9100;12.378307443464461;9100;69.032868434705648;9100;76.686910611285739;9100;537.32405637814145;9100;2.999969481490524;9100;3.1055635242774744
9110;148.83266701254311;9110;12.341685232093266;9110;68.971831415753655;9110;76.60145878475295;9110;537.20542745419323;9110;2.999969481490524;9110;3.1009857478560749
9120;148.9669484542375;9120;12.341685232093266;9120;68.813135166478475;9120;76.564836573381754;9120;537.086798530245;9120;2.999969481490524;9120;3.1064790795617543
9130;148.83266701254311;9130;12.451551866206852;9130;68.861964781640069;9130;76.735740226447334;9130;536.84954068234856;9130;2.999969481490524;9130;3.100375377666555
9140;149.00357066560869;9140;12.414929654835657;9140;68.837549974059272;9140;76.711325418866537;9140;536.77045473304975;9140;2.999969481490524;9140;3.1049531540879545
9150;148.9669484542375;9150;12.317270424512468;9150;68.837549974059272;9150;76.650288399914544;9150;536.65182580910152;9150;2.999969481490524;9150;3.1012909329508349
9160;148.9303262428663;9160;12.463759269997251;9160;68.691061128574489;9160;76.772362437818543;9160;536.45411093585449;9160;2.999969481490524;9160;3.1046479689931945
9170;148.9059114352855;9170;12.549211096530048;9170;68.84975737784967;9170;76.808984649189739;9170;536.29593903725686;9170;2.999969481490524;9170;3.1037324137089146
9180;148.86928922391431;9180;12.475966673787653;9180;68.788720358897677;9180;76.747947630237732;9180;536.05868118936041;9180;2.999969481490524;9180;3.1031220435193947
9190;148.99136326181829;9190;12.366100039674063;9190;68.739890743736083;9190;76.821192052980138;9190;535.94005226541208;9190;2.999969481490524;9190;3.1073946348460342
9200;148.83266701254311;9200;12.341685232093266;9200;68.813135166478475;9200;76.894436475722529;9200;535.70279441751552;9200;2.999969481490524;9200;3.1028168584246347
9210;149.00357066560869;9210;12.427137058626055;9210;68.666646320993692;9210;76.772362437818543;9210;535.50507954426848;9210;2.999969481490524;9210;3.1083101901303141
9220;148.9547410504471;9220;12.341685232093266;9220;68.5567796868801;9220;76.686910611285739;9220;535.38645062032026;9220;2.999969481490524;9220;3.1031220435193947
9230;148.9669484542375;9230;12.317270424512468;9230;68.5689870906705;9230;76.808984649189739;9230;535.267821696372;9230;2.999969481490524;9230;3.1073946348460342
9240;148.7350077822199;9240;12.39051484725486;9240;68.691061128574489;9240;76.906643879512927;9240;535.070106823125;9240;2.999969481490524;9240;3.1000701925717951
9250;148.9547410504471;9250;12.366100039674063;9250;68.6544389172033;9250;77.016510513626514;9250;534.91193492452737;9250;2.999969481490524;9250;3.1043427838984345
9260;148.80825220496229;9260;12.256233405560472;9260;68.6544389172033;9260;76.931058687093724;9260;534.75376302592974;9260;2.999969481490524;9260;3.1037324137089146
9270;148.7228003784295;9270;12.231818597979675;9270;68.5567796868801;9270;76.845606860560935;9270;534.63513410198152;9270;2.999969481490524;9270;3.1055635242774744
9280;148.86928922391431;9280;12.329477828302867;9280;68.5934018982513;9280;76.992095706045717;9280;534.43741922873448;9280;2.999969481490524;9280;3.1061738944669943
9290;148.88149662770471;9290;12.268440809350871;9290;68.5811944944609;9290;77.065340128788108;9290;534.27924733013685;9290;2.999969481490524;9290;3.1025116733298748
9300;148.9669484542375;9300;12.268440809350871;9300;68.5201574755089;9300;77.0775475325785;9300;534.08153245688982;9300;2.999969481490524;9300;3.1073946348460342
9310;148.9547410504471;9310;12.231818597979675;9310;68.4713278603473;9310;77.028717917416913;9310;533.9629035329416;9310;2.999969481490524;9310;3.1025116733298748
9320;149.13785210730308;9320;12.158574175237282;9320;68.4469130527665;9320;77.004303109836115;9320;533.804731634344;9320;2.999969481490524;9320;3.1080050050355541
9330;148.79604480117189;9330;12.146366771446884;9330;68.4713278603473;9330;77.1019623401593;9330;533.64655973574634;9330;2.999969481490524;9330;3.1009857478560749
9340;148.9059114352855;9340;12.182988982818079;9340;68.4469130527665;9340;77.0897549363689;9340;533.44884486249919;9340;2.999969481490524;9340;3.1058687093722344
9350;148.84487441633351;9350;12.231818597979675;9350;68.5567796868801;9350;77.004303109836115;9350;533.29067296390156;9350;2.999969481490524;9350;3.1028168584246347
9360;148.9669484542375;9360;12.317270424512468;9360;68.5567796868801;9360;77.0897549363689;9360;533.13250106530393;9360;2.999969481490524;9360;3.1061738944669943
9370;149.00357066560869;9370;12.341685232093266;9370;68.4957426679281;9370;77.1996215704825;9370;533.05341511600511;9370;2.999969481490524;9370;3.1064790795617543
9380;148.8937040314951;9380;12.414929654835657;9380;68.361461226233715;9380;77.162999359111311;9380;532.77661429345926;9380;2.999969481490524;9380;3.1049531540879545
9390;148.9059114352855;9390;12.39051484725486;9390;68.4713278603473;9390;77.175206762901709;9390;532.57889942021222;9390;2.999969481490524;9390;3.1055635242774744
9400;148.79604480117189;9400;12.219611194189275;9400;68.544572283089693;9400;77.187414166692108;9400;532.38118454696519;9400;2.999969481490524;9400;3.0985442670979952
9410;148.80825220496229;9410;12.280648213141273;9410;68.4713278603473;9410;77.2484511856441;9410;532.262555623017;9410;2.999969481490524;9410;3.1034272286141547
9420;148.64955595568711;9420;12.292855616931671;9420;68.5567796868801;9420;77.2728659932249;9420;532.14392669906874;9420;2.999969481490524;9420;3.1000701925717951
9430;148.9669484542375;9430;12.329477828302867;9430;68.5567796868801;9430;77.175206762901709;9430;531.9066688511723;9430;2.999969481490524;9430;3.1076998199407941
9440;148.79604480117189;9440;12.329477828302867;9440;68.5934018982513;9440;77.187414166692108;9440;531.74849695257456;9440;2.999969481490524;9440;3.1028168584246347
9450;148.9181188390759;9450;12.244026001770074;9450;68.6300241096225;9450;77.2362437818537;9450;531.55078207932763;9450;2.999969481490524;9450;3.1049531540879545
9460;148.9669484542375;9460;12.182988982818079;9460;68.5934018982513;9460;77.33390301217689;9460;531.51123910467822;9460;2.999969481490524;9460;3.1019013031403548
9470;148.8937040314951;9470;12.231818597979675;9470;68.4957426679281;9470;77.2972808008057;9470;531.31352423143107;9470;2.999969481490524;9470;3.1043427838984345
9480;148.83266701254311;9480;12.292855616931671;9480;68.6300241096225;9480;77.187414166692108;9480;531.19489530748285;9480;2.999969481490524;9480;3.1064790795617543
9490;148.7228003784295;9490;12.231818597979675;9490;68.6300241096225;9490;77.2850733970153;9490;530.95763745958641;9490;2.999969481490524;9490;3.1012909329508349
9500;148.86928922391431;9500;12.280648213141273;9500;68.544572283089693;9500;77.443769646290477;9500;530.79946556098866;9500;2.999969481490524;9500;3.1046479689931945
9510;148.7228003784295;9510;12.427137058626055;9510;68.6178167058321;9510;77.358317819757687;9510;530.56220771309222;9510;2.999969481490524;9510;3.100375377666555
9520;148.82045960875269;9520;12.439344462416454;9520;68.6178167058321;9520;77.3094882045961;9520;530.443578789144;9520;2.999969481490524;9520;3.1070894497512742
9530;148.6861781670583;9530;12.341685232093266;9530;68.5689870906705;9530;77.41935483870968;9530;530.245863915897;9530;2.999969481490524;9530;3.100680562761315
9540;148.86928922391431;9540;12.353892635883664;9540;68.5811944944609;9540;77.468184453871274;9540;530.00860606800052;9540;2.999969481490524;9540;3.1061738944669943
9550;148.84487441633351;9550;12.329477828302867;9550;68.6422315134129;9550;77.33390301217689;9550;529.88997714405218;9550;2.999969481490524;9550;3.1031220435193947
9560;148.86928922391431;9560;12.244026001770074;9560;68.4835352641377;9560;77.370525223548086;9560;529.73180524545455;9560;2.999969481490524;9560;3.1049531540879545
9570;148.78383739738149;9570;12.256233405560472;9570;68.4469130527665;9570;77.590258491775259;9570;529.57363334685692;9570;2.999969481490524;9570;3.1043427838984345
9580;148.8937040314951;9580;12.182988982818079;9580;68.4591204565569;9580;77.504806665242469;9580;529.33637549896059;9580;2.999969481490524;9580;3.1031220435193947
9590;149.13785210730308;9590;12.158574175237282;9590;68.5811944944609;9590;77.455977050080875;9590;529.099117651064;9590;2.999969481490524;9590;3.1058687093722344
9600;148.88149662770471;9600;12.146366771446884;9600;68.544572283089693;9600;77.517014069032868;9600;528.98048872711581;9600;2.999969481490524;9600;3.1022064882351148
9610;148.99136326181829;9610;12.195196386608478;9610;68.4591204565569;9610;77.565843684194462;9610;528.9409457524664;9610;2.999969481490524;9610;3.1083101901303141
9620;148.78383739738149;9620;12.244026001770074;9620;68.5201574755089;9620;77.639088106936853;9620;528.74323087921937;9620;2.999969481490524;9620;3.1012909329508349
9630;148.86928922391431;9630;12.292855616931671;9630;68.4835352641377;9630;77.712332529679244;9630;528.54551600597233;9630;2.999969481490524;9630;3.1070894497512742
9640;148.6983855708487;9640;12.366100039674063;9640;68.4469130527665;9640;77.736747337260041;9640;528.3873441073747;9640;2.999969481490524;9640;3.1028168584246347
9650;148.83266701254311;9650;12.463759269997251;9650;68.385876033814512;9650;77.700125125888846;9650;528.26871518342648;9650;2.999969481490524;9650;3.1058687093722344
9660;148.9669484542375;9660;12.39051484725486;9660;68.4591204565569;9660;77.639088106936853;9660;528.03145733553;9660;2.999969481490524;9660;3.1043427838984345
9670;148.9669484542375;9670;12.292855616931671;9670;68.349253822443316;9670;77.700125125888846;9670;527.79419948763359;9670;2.999969481490524;9670;3.1046479689931945
9680;148.86928922391431;9680;12.366100039674063;9680;68.410290841395309;9680;77.822199163792831;9680;527.67557056368537;9680;2.999969481490524;9680;3.1061738944669943
9690;148.79604480117189;9690;12.414929654835657;9690;68.410290841395309;9690;77.785576952421636;9690;527.47785569043822;9690;2.999969481490524;9690;3.1031220435193947
9700;148.9547410504471;9700;12.414929654835657;9700;68.361461226233715;9700;77.846613971373628;9700;527.39876974113952;9700;2.999969481490524;9700;3.1058687093722344
9710;148.84487441633351;9710;12.39051484725486;9710;68.410290841395309;9710;77.858821375164027;9710;527.20105486789237;9710;2.999969481490524;9710;3.1000701925717951
9720;148.83266701254311;9720;12.39051484725486;9720;68.324839014862519;9720;77.809991760002433;9720;527.04288296929474;9720;2.999969481490524;9720;3.1058687093722344
9730;148.60072634052551;9730;12.366100039674063;9730;68.373668630024113;9730;77.846613971373628;9730;526.8451680960477;9730;2.999969481490524;9730;3.100375377666555
9740;148.86928922391431;9740;12.366100039674063;9740;68.4469130527665;9740;77.822199163792831;9740;526.72653917209948;9740;2.999969481490524;9740;3.1058687093722344
9750;148.82045960875269;9750;12.292855616931671;9750;68.5323648792993;9750;77.797784356212034;9750;526.56836727350185;9750;2.999969481490524;9750;3.1031220435193947
9760;148.83266701254311;9760;12.329477828302867;9760;68.4957426679281;9760;77.944273201696831;9760;526.41019537490422;9760;2.999969481490524;9760;3.1052583391827144
9770;148.88149662770471;9770;12.366100039674063;9770;68.5323648792993;9770;78.005310220648823;9770;526.21248050165718;9770;2.999969481490524;9770;3.1043427838984345
9780;148.77162999359109;9780;12.427137058626055;9780;68.4469130527665;9780;77.968688009277628;9780;526.093851577709;9780;2.999969481490524;9780;3.1025116733298748
9790;148.80825220496229;9790;12.439344462416454;9790;68.4469130527665;9790;77.980895413068026;9790;526.05430860305955;9790;2.999969481490524;9790;3.1061738944669943
9800;148.86928922391431;9800;12.317270424512468;9800;68.4347056489761;9800;77.956480605487229;9800;525.89613670446192;9800;2.999969481490524;9800;3.1019013031403548
9810;148.9669484542375;9810;12.292855616931671;9810;68.410290841395309;9810;78.066347239600816;9810;525.65887885656525;9810;2.999969481490524;9810;3.1061738944669943
9820;148.6983855708487;9820;12.182988982818079;9820;68.410290841395309;9820;78.2006286812952;9820;525.50070695796751;9820;2.999969481490524;9820;3.0994598223822751
9830;148.9059114352855;9830;12.231818597979675;9830;68.361461226233715;9830;78.127384258552809;9830;525.34253505936988;9830;2.999969481490524;9830;3.1052583391827144
9840;148.74721518601029;9840;12.366100039674063;9840;68.373668630024113;9840;78.054139835810417;9840;525.18436316077225;9840;2.999969481490524;9840;3.1000701925717951
9850;148.82045960875269;9850;12.39051484725486;9850;68.410290841395309;9850;78.11517685476241;9850;525.02619126217462;9850;2.999969481490524;9850;3.1046479689931945
9860;148.78383739738149;9860;12.329477828302867;9860;68.5689870906705;9860;78.2494582964568;9860;524.9075623382264;9860;2.999969481490524;9860;3.1034272286141547
9870;148.6983855708487;9870;12.353892635883664;9870;68.5201574755089;9870;78.2128360850856;9870;524.67030449033007;9870;2.999969481490524;9870;3.1034272286141547
9880;148.84487441633351;9880;12.353892635883664;9880;68.4835352641377;9880;78.2128360850856;9880;524.51213259173232;9880;2.999969481490524;9880;3.1052583391827144
9890;148.8937040314951;9890;12.231818597979675;9890;68.4469130527665;9890;78.28608050782799;9890;524.31441771848529;9890;2.999969481490524;9890;3.1019013031403548
9900;148.99136326181829;9900;12.195196386608478;9900;68.5567796868801;9900;78.2494582964568;9900;524.23533176918647;9900;2.999969481490524;9900;3.1061738944669943
9910;148.88149662770471;9910;12.256233405560472;9910;68.5567796868801;9910;78.139591662343207;9910;524.03761689593944;9910;2.999969481490524;9910;3.0997650074770351
9920;148.99136326181829;9920;12.317270424512468;9920;68.422498245185707;9920;78.2372508926664;9920;523.87944499734181;9920;2.999969481490524;9920;3.1049531540879545
9930;148.78383739738149;9930;12.280648213141273;9930;68.4835352641377;9930;78.3715323343608;9930;523.72127309874406;9930;2.999969481490524;9930;3.1000701925717951
9940;148.8937040314951;9940;12.378307443464461;9940;68.4835352641377;9940;78.3349101229896;9940;523.56310120014643;9940;2.999969481490524;9940;3.1055635242774744
9950;148.77162999359109;9950;12.329477828302867;9950;68.544572283089693;9950;78.383739738151192;9950;523.4049293015488;9950;2.999969481490524;9950;3.1019013031403548
9960;148.79604480117189;9960;12.329477828302867;9960;68.4957426679281;9960;78.408154545731989;9960;523.20721442830188;9960;2.999969481490524;9960;3.1034272286141547
9970;148.83266701254311;9970;12.341685232093266;9970;68.5567796868801;9970;78.395947141941591;9970;523.04904252970414;9970;2.999969481490524;9970;3.1043427838984345
9980;148.80825220496229;9980;12.292855616931671;9980;68.4957426679281;9980;78.3715323343608;9980;522.81178468180769;9980;2.999969481490524;9980;3.1034272286141547
9990;148.83266701254311;9990;12.329477828302867;9990;68.4713278603473;9990;78.444776757103185;9990;522.65361278321006;9990;2.999969481490524;9990;3.1058687093722344
10000;148.7105929746391;10000;12.292855616931671;10000;68.5201574755089;10000;78.56685079500717;10000;522.49544088461244;10000;2.999969481490524;10000;3.1000701925717951
10010;148.9669484542375;10010;12.280648213141273;10010;68.4591204565569;10010;78.603473006378366;10010;522.37681196066421;10010;2.999969481490524;10010;3.1061738944669943
10020;148.7350077822199;10020;12.341685232093266;10020;68.4591204565569;10020;78.530228583635974;10020;522.258183036716;10020;2.999969481490524;10020;3.100680562761315
10030;148.86928922391431;10030;12.39051484725486;10030;68.4713278603473;10030;78.505813776055177;10030;522.060468163469;10030;2.999969481490524;10030;3.1058687093722344
10040;148.77162999359109;10040;12.182988982818079;10040;68.4713278603473;10040;78.615680410168764;10040;521.86275329022192;10040;2.999969481490524;10040;3.100680562761315
10050;148.7228003784295;10050;12.158574175237282;10050;68.410290841395309;10050;78.701132236701554;10050;521.70458139162429;10050;2.999969481490524;10050;3.1049531540879545
10060;148.77162999359109;10060;12.378307443464461;10060;68.4591204565569;10060;78.615680410168764;10060;521.62549544232547;10060;2.999969481490524;10060;3.1034272286141547
10070;148.83266701254311;10070;12.463759269997251;10070;68.4591204565569;10070;78.554643391216771;10070;521.42778056907832;10070;2.999969481490524;10070;3.1037324137089146
10080;148.82045960875269;10080;12.475966673787653;10080;68.4713278603473;10080;78.56685079500717;10080;521.30915164513021;10080;2.999969481490524;10080;3.1052583391827144
10090;148.6983855708487;10090;12.427137058626055;10090;68.544572283089693;10090;78.591265602587967;10090;521.11143677188306;10090;2.999969481490524;10090;3.100680562761315
10100;148.83266701254311;10100;12.39051484725486;10100;68.6300241096225;10100;78.688924832911155;10100;520.99280784793484;10100;2.999969481490524;10100;3.1052583391827144
10110;148.78383739738149;10110;12.439344462416454;10110;68.422498245185707;10110;78.701132236701554;10110;520.83463594933721;10110;2.999969481490524;10110;3.1000701925717951
10120;148.84487441633351;10120;12.451551866206852;10120;68.361461226233715;10120;78.737754448072764;10120;520.67646405073958;10120;2.999969481490524;10120;3.1055635242774744
10130;148.6861781670583;10130;12.39051484725486;10130;68.4469130527665;10130;78.835413678395952;10130;520.439206202843;10130;2.999969481490524;10130;3.0994598223822751
10140;148.97915585802789;10140;12.329477828302867;10140;68.410290841395309;10140;78.908658101138343;10140;520.241491329596;10140;2.999969481490524;10140;3.1058687093722344
10150;148.83266701254311;10150;12.244026001770074;10150;68.4957426679281;10150;78.93307290871914;10150;520.12286240564777;10150;2.999969481490524;10150;3.1025116733298748
10160;148.79604480117189;10160;12.329477828302867;10160;68.4713278603473;10160;78.908658101138343;10160;519.88560455775132;10160;2.999969481490524;10160;3.1043427838984345
10170;148.82045960875269;10170;12.341685232093266;10170;68.4835352641377;10170;78.920865504928742;10170;519.72743265915369;10170;2.999969481490524;10170;3.1034272286141547
10180;148.9303262428663;10180;12.268440809350871;10180;68.385876033814512;10180;78.774376659443959;10180;519.52971778590666;10180;2.999969481490524;10180;3.1037324137089146
10190;149.05240028077029;10190;12.231818597979675;10190;68.4347056489761;10190;78.737754448072764;10190;519.45063183660784;10190;2.999969481490524;10190;3.1080050050355541
10200;148.77162999359109;10200;12.219611194189275;10200;68.4591204565569;10200;78.957487716299937;10200;519.2133739887114;10200;2.999969481490524;10200;3.1019013031403548
10210;148.77162999359109;10210;12.329477828302867;10210;68.373668630024113;10210;78.994109927671133;10210;519.01565911546436;10210;2.999969481490524;10210;3.1052583391827144
10220;148.74721518601029;10220;12.378307443464461;10220;68.410290841395309;10220;78.908658101138343;10220;518.85748721686673;10220;2.999969481490524;10220;3.100375377666555
10230;148.9669484542375;10230;12.366100039674063;10230;68.410290841395309;10230;78.896450697347944;10230;518.6993153182691;10230;2.999969481490524;10230;3.1064790795617543
10240;148.7228003784295;10240;12.50038148136845;10240;68.422498245185707;10240;78.908658101138343;10240;518.54114341967147;10240;2.999969481490524;10240;3.100375377666555
10250;148.80825220496229;10250;12.475966673787653;10250;68.4347056489761;10250;78.920865504928742;10250;518.38297152107373;10250;2.999969481490524;10250;3.1052583391827144
10260;148.82045960875269;10260;12.280648213141273;10260;68.4591204565569;10260;79.006317331461531;10260;518.30388557177491;10260;2.999969481490524;10260;3.1022064882351148
10270;148.88149662770471;10270;12.280648213141273;10270;68.4957426679281;10270;79.128391369365531;10270;518.06662772387847;10270;2.999969481490524;10270;3.1058687093722344
10280;148.99136326181829;10280;12.427137058626055;10280;68.5689870906705;10280;79.21384319589832;10280;517.94799879993025;10280;2.999969481490524;10280;3.1058687093722344
10290;148.86928922391431;10290;12.378307443464461;10290;68.4347056489761;10290;79.21384319589832;10290;517.75028392668321;10290;2.999969481490524;10290;3.1037324137089146
10300;148.9303262428663;10300;12.244026001770074;10300;68.385876033814512;10300;79.165013580736726;10300;517.631655002735;10300;2.999969481490524;10300;3.1064790795617543
10310;148.84487441633351;10310;12.231818597979675;10310;68.324839014862519;10310;79.030732139042328;10310;517.39439715483854;10310;2.999969481490524;10310;3.1031220435193947
10320;148.97915585802789;10320;12.378307443464461;10320;68.361461226233715;10320;79.091769157994321;10320;517.19668228159151;10320;2.999969481490524;10320;3.1076998199407941
10330;148.7228003784295;10330;12.317270424512468;10330;68.410290841395309;10330;79.140598773155929;10330;517.07805335764328;10330;2.999969481490524;10330;3.1009857478560749
10340;148.9059114352855;10340;12.244026001770074;10340;68.337046418652918;10340;79.103976561784734;10340;516.959424433695;10340;2.999969481490524;10340;3.1058687093722344
10350;148.9669484542375;10350;12.244026001770074;10350;68.410290841395309;10350;79.177220984527125;10350;516.80125253509732;10350;2.999969481490524;10350;3.1022064882351148
10360;148.8937040314951;10360;12.317270424512468;10360;68.349253822443316;10360;79.274880214850313;10360;516.6826236111491;10360;2.999969481490524;10360;3.1049531540879545
10370;148.86928922391431;10370;12.512588885158848;10370;68.4713278603473;10370;79.201635792107922;10370;516.44536576325277;10370;2.999969481490524;10370;3.1022064882351148
10380;148.88149662770471;10380;12.512588885158848;10380;68.4469130527665;10380;79.189428388317523;10380;516.24765089000562;10380;2.999969481490524;10380;3.1012909329508349
10390;148.8937040314951;10390;12.366100039674063;10390;68.4347056489761;10390;79.3359172338023;10390;516.089478991408;10390;2.999969481490524;10390;3.1028168584246347
10400;148.74721518601029;10400;12.268440809350871;10400;68.4713278603473;10400;79.3359172338023;10400;515.93130709281036;10400;2.999969481490524;10400;3.1009857478560749
10410;148.9059114352855;10410;12.341685232093266;10410;68.4713278603473;10410;79.250465407269516;10410;515.77313519421273;10410;2.999969481490524;10410;3.1058687093722344
10420;148.74721518601029;10420;12.366100039674063;10420;68.422498245185707;10420;79.3603320413831;10420;515.65450627026451;10420;2.999969481490524;10420;3.1009857478560749
10430;148.9547410504471;10430;12.329477828302867;10430;68.337046418652918;10430;79.445783867915893;10430;515.49633437166676;10430;2.999969481490524;10430;3.1064790795617543
10440;148.80825220496229;10440;12.256233405560472;10440;68.4591204565569;10440;79.3847468489639;10440;515.29861949841973;10440;2.999969481490524;10440;3.0997650074770351
10450;148.9303262428663;10450;12.317270424512468;10450;68.373668630024113;10450;79.3725394451735;10450;515.1404475998221;10450;2.999969481490524;10450;3.1052583391827144
10460;148.9059114352855;10460;12.50038148136845;10460;68.422498245185707;10460;79.3969542527543;10460;515.02181867587387;10460;2.999969481490524;10460;3.1025116733298748
10470;148.79604480117189;10470;12.366100039674063;10470;68.410290841395309;10470;79.445783867915893;10470;514.74501785332791;10470;2.999969481490524;10470;3.1052583391827144
10480;148.84487441633351;10480;12.182988982818079;10480;68.373668630024113;10480;79.482406079287088;10480;514.58684595473028;10480;2.999969481490524;10480;3.1049531540879545
10490;148.6983855708487;10490;12.317270424512468;10490;68.4347056489761;10490;79.531235694448682;10490;514.46821703078206;10490;2.999969481490524;10490;3.1034272286141547
10500;148.80825220496229;10500;12.549211096530048;10500;68.337046418652918;10500;79.604480117191073;10500;514.270502157535;10500;2.999969481490524;10500;3.1061738944669943
10510;148.80825220496229;10510;12.50038148136845;10510;68.312631611072121;10510;79.604480117191073;10510;514.23095918288561;10510;2.999969481490524;10510;3.1028168584246347
10520;148.97915585802789;10520;12.451551866206852;10520;68.373668630024113;10520;79.616687520981472;10520;514.072787284288;10520;2.999969481490524;10520;3.1083101901303141
10530;148.7350077822199;10530;12.439344462416454;10530;68.324839014862519;10530;79.543443098239081;10530;513.875072411041;10530;2.999969481490524;10530;3.1009857478560749
10540;148.83266701254311;10540;12.414929654835657;10540;68.214972380748932;10540;79.519028290658284;10540;513.75644348709272;10540;2.999969481490524;10540;3.1055635242774744
10550;148.80825220496229;10550;12.329477828302867;10550;68.166142765587338;10550;79.604480117191073;10550;513.55872861384569;10550;2.999969481490524;10550;3.100375377666555
10560;148.88149662770471;10560;12.341685232093266;10560;68.251594592120128;10560;79.580065309610276;10560;513.47964266454687;10560;2.999969481490524;10560;3.1034272286141547
10570;148.86928922391431;10570;12.341685232093266;10570;68.5323648792993;10570;79.567857905819878;10570;513.40055671524806;10570;2.999969481490524;10570;3.1012909329508349
10580;148.9303262428663;10580;12.378307443464461;10580;68.422498245185707;10580;79.62889492477187;10580;513.0842129180528;10580;2.999969481490524;10580;3.1037324137089146
10590;148.99136326181829;10590;12.463759269997251;10590;68.361461226233715;10590;79.62889492477187;10590;512.88649804480576;10590;2.999969481490524;10590;3.1061738944669943
10600;148.82045960875269;10600;12.366100039674063;10600;68.385876033814512;10600;79.604480117191073;10600;512.68878317155861;10600;2.999969481490524;10600;3.1022064882351148
10610;148.9181188390759;10610;12.317270424512468;10610;68.385876033814512;10610;79.775383770256653;10610;512.60969722225991;10610;2.999969481490524;10610;3.1058687093722344
10620;148.74721518601029;10620;12.280648213141273;10620;68.385876033814512;10620;79.812005981627848;10620;512.45152532366228;10620;2.999969481490524;10620;3.100375377666555
10630;148.88149662770471;10630;12.50038148136845;10630;68.337046418652918;10630;79.824213385418247;10630;512.25381045041513;10630;2.999969481490524;10630;3.1061738944669943
10640;148.79604480117189;10640;12.439344462416454;10640;68.385876033814512;10640;79.873043000579841;10640;512.13518152646691;10640;2.999969481490524;10640;3.1009857478560749
10650;148.8937040314951;10650;12.268440809350871;10650;68.324839014862519;10650;79.79979857783745;10650;511.93746665321993;10650;2.999969481490524;10650;3.1064790795617543
10660;148.79604480117189;10660;12.353892635883664;10660;68.373668630024113;10660;79.738761558885457;10660;511.81883772927165;10660;2.999969481490524;10660;3.1025116733298748
10670;148.80825220496229;10670;12.378307443464461;10670;68.373668630024113;10670;79.787591174047051;10670;511.5420369067258;10670;2.999969481490524;10670;3.1046479689931945
10680;148.88149662770471;10680;12.329477828302867;10680;68.4591204565569;10680;79.812005981627848;10680;511.3443220334787;10680;2.999969481490524;10680;3.1049531540879545
10690;148.82045960875269;10690;12.292855616931671;10690;68.4469130527665;10690;79.836420789208645;10690;511.22569310953054;10690;2.999969481490524;10690;3.1043427838984345
10700;148.97915585802789;10700;12.317270424512468;10700;68.385876033814512;10700;79.860835596789443;10700;511.06752121093285;10700;2.999969481490524;10700;3.1076998199407941
10710;148.86928922391431;10710;12.353892635883664;10710;68.361461226233715;10710;79.860835596789443;10710;510.90934931233522;10710;2.999969481490524;10710;3.1022064882351148
10720;148.88149662770471;10720;12.39051484725486;10720;68.349253822443316;10720;79.873043000579841;10720;510.71163443908819;10720;2.999969481490524;10720;3.1058687093722344
10730;148.78383739738149;10730;12.280648213141273;10730;68.4591204565569;10730;79.970702230903044;10730;510.55346254049044;10730;2.999969481490524;10730;3.0994598223822751
10740;148.9547410504471;10740;12.353892635883664;10740;68.373668630024113;10740;80.043946653645435;10740;510.35574766724341;10740;2.999969481490524;10740;3.1058687093722344
10750;148.83266701254311;10750;12.353892635883664;10750;68.349253822443316;10750;80.031739249855036;10750;510.23711874329518;10750;2.999969481490524;10750;3.1022064882351148
10760;148.9547410504471;10760;12.414929654835657;10760;68.349253822443316;10760;80.043946653645435;10760;510.07894684469755;10760;2.999969481490524;10760;3.1064790795617543
10770;149.01577806939909;10770;12.439344462416454;10770;68.4347056489761;10770;79.982909634693442;10770;509.92077494609993;10770;2.999969481490524;10770;3.1049531540879545
10780;148.8937040314951;10780;12.366100039674063;10780;68.373668630024113;10780;80.031739249855036;10780;509.643974123554;10780;2.999969481490524;10780;3.1046479689931945
10790;148.88149662770471;10790;12.366100039674063;10790;68.324839014862519;10790;80.031739249855036;10790;509.52534519960579;10790;2.999969481490524;10790;3.1046479689931945
10800;148.74721518601029;10800;12.280648213141273;10800;68.337046418652918;10800;79.970702230903044;10800;509.40671627565757;10800;3.0027161473433637;10800;3.1019013031403548
10810;148.88149662770471;10810;12.39051484725486;10810;68.385876033814512;10810;80.092776268807029;10810;509.20900140241054;10810;3.0051576281014434;10810;3.1070894497512742
10820;148.77162999359109;10820;12.439344462416454;10820;68.4591204565569;10820;80.129398480178224;10820;509.05082950381291;10820;3.0075991088595231;10820;3.1019013031403548
10830;148.9181188390759;10830;12.292855616931671;10830;68.422498245185707;10830;80.104983672597427;10830;508.89265760521522;10830;3.0100405896176028;10830;3.1073946348460342
10840;148.77162999359109;10840;12.244026001770074;10840;68.422498245185707;10840;80.16602069154942;10840;508.77402868126705;10840;3.0124820703756825;10840;3.1009857478560749
10850;148.82045960875269;10850;12.353892635883664;10850;68.349253822443316;10850;80.25147251808221;10850;508.61585678266943;10850;3.0152287362285222;10850;3.1073946348460342
10860;148.88149662770471;10860;12.366100039674063;10860;68.4469130527665;10860;80.336924344615014;10860;508.4576848840718;10860;3.0176702169866028;10860;3.1052583391827144
10870;148.83266701254311;10870;12.353892635883664;10870;68.410290841395309;10870;80.275887325663021;10870;508.22042703617529;10870;3.0201116977446825;10870;3.1101413006988738
10880;148.82045960875269;10880;12.463759269997251;10880;68.373668630024113;10880;80.263679921872608;10880;508.14134108687648;10880;3.0225531785027622;10880;3.1122775963621936
10890;148.83266701254311;10890;12.475966673787653;10890;68.251594592120128;10890;80.239265114291811;10890;507.98316918827879;10890;3.0249946592608419;10890;3.1128879665517135
10900;148.99136326181829;10900;12.414929654835657;10900;68.080690939054534;10900;80.190435499130217;10900;507.82499728968116;10900;3.0277413251136815;10900;3.1171605578783534
10910;148.8937040314951;10910;12.280648213141273;10910;68.03186132389294;10910;80.263679921872608;10910;507.62728241643418;10910;3.0301828058717613;10910;3.1131931516464735
10920;149.13785210730308;10920;12.341685232093266;10920;67.921994689779353;10920;80.312509537034217;10920;507.46911051783655;10920;3.032624286629841;10920;3.121127964110233
10930;148.9059114352855;10930;12.353892635883664;10930;67.885372478408158;10930;80.263679921872608;10930;507.27139564458946;10930;3.0350657673879207;10930;3.1174657429731134
10940;149.06460768456068;10940;12.231818597979675;10940;67.824335459456165;10940;80.227057710501413;10940;506.99459482204361;10940;3.0375072481460008;10940;3.1257057405316324
10950;149.08902249214148;10950;12.195196386608478;10950;67.860957670827361;10950;80.16602069154942;10950;506.91550887274474;10950;3.0399487289040805;10950;3.1229590746787927
10960;148.99136326181829;10960;12.268440809350871;10960;67.738883632923361;10960;80.153813287759021;10960;506.836422923446;10960;3.04269539475692;10960;3.1278420361949522
10970;148.99136326181829;10970;12.268440809350871;10970;67.677846613971369;10970;80.153813287759021;10970;506.67825102484829;10970;3.045136875515;10970;3.1284524063844721
10980;149.06460768456068;10980;12.170781579027681;10980;67.4459059419538;10980;80.16602069154942;10980;506.40145020230244;10980;3.0475783562730796;10980;3.1333353679006315
10990;149.11343729972228;10990;12.109744560075686;10990;67.3360393078402;10990;80.178228095339819;10990;506.24327830370481;10990;3.0500198370311593;10990;3.1385235145115513
11000;149.02798547318949;11000;12.073122348704487;11000;67.189550462355413;11000;80.153813287759021;11000;506.08510640510718;11000;3.052461317789239;11000;3.1360820337534716
11010;149.27213354899746;11010;12.073122348704487;11010;67.043061616870631;11010;80.129398480178224;11010;505.9269345065095;11010;3.0552079836420787;11010;3.1406598101748711
11020;149.21109653004547;11020;12.109744560075686;11020;67.030854213080232;11020;80.031739249855036;11020;505.68967665861311;11020;3.0576494644001588;11020;3.1357768486587116
11030;149.35758537553025;11030;12.134159367656485;11030;66.933194982757044;11030;79.946287423322246;11030;505.53150476001537;11030;3.0600909451582385;11030;3.1446272164067506
11040;149.24771874141666;11040;11.987670522171697;11040;66.79891354106266;11040;79.836420789208645;11040;505.41287583606709;11040;3.0625324259163182;11040;3.141270180364391
11050;149.43082979827264;11050;11.963255714590899;11050;66.579180272835472;11050;79.787591174047051;11050;505.25470393746946;11050;3.064973906674398;11050;3.14828943754387
11060;149.34537797173985;11060;11.999877925962096;11060;66.505935850093081;11060;79.726554155095059;11060;505.09653203887183;11060;3.0677205725272376;11060;3.1473738822595902
11070;149.39420758690144;11070;12.060914944914089;11070;66.43269142735069;11070;79.726554155095059;11070;504.81973121632592;11070;3.0701620532853173;11070;3.1513412884914698
11080;149.45524460585344;11080;12.073122348704487;11080;66.2984099856563;11080;79.665517136143066;11080;504.62201634307894;11080;3.072603534043397;11080;3.1531723990600296
11090;149.41862239448224;11090;11.999877925962096;11090;66.078676717429119;11090;79.62889492477187;11090;504.46384444448131;11090;3.0750450148014767;11090;3.1534775841547895
11100;149.63835566270944;11100;11.890011291848506;11100;65.968810083315532;11100;79.702139347514262;11100;504.30567254588368;11100;3.0774864955595573;11100;3.1601916562395092
11110;149.55290383617663;11110;11.804559465315714;11110;65.871150852992344;11110;79.616687520981472;11110;504.10795767263659;11110;3.080233161412397;11110;3.1595812860499892
11120;149.67497787408064;11120;11.85338908047731;11120;65.724662007507547;11120;79.653309732352668;11120;503.98932874868837;11120;3.0826746421704767;11120;3.1678212836085082
11130;149.55290383617663;11130;11.804559465315714;11130;65.590380565813163;11130;79.604480117191073;11130;503.83115685009068;11130;3.0851161229285564;11130;3.1638538773766287
11140;149.73601489303263;11140;11.694692831202126;11140;65.431684316537982;11140;79.457991271706291;11140;503.71252792614246;11140;3.0875576036866361;11140;3.1705679494613479
11150;149.66277047029024;11150;11.658070619830927;11150;65.431684316537982;11150;79.3481246375927;11150;503.6334419768437;11150;3.0899990844447158;11150;3.1672109134189883
11160;149.77263710440383;11160;11.499374370555744;11160;65.33402508621478;11160;79.3481246375927;11160;503.43572710359661;11160;3.0927457502975555;11160;3.1736198004089475
11170;149.76042970061343;11170;11.352885525070958;11170;65.309610278633983;11170;79.3603320413831;11170;503.35664115429773;11170;3.0951872310556352;11170;3.1751457258827482
11180;149.79705191198462;11180;11.401715140232552;11180;65.1997436445204;11180;79.201635792107922;11180;503.1984692557001;11180;3.0976287118137154;11180;3.1781975768303479
11190;149.89471114230781;11190;11.328470717490157;11190;65.077669606616411;11190;79.226050599688719;11190;503.07984033175194;11190;3.1000701925717951;11190;3.1830805383465073
11200;149.66277047029024;11200;11.30405590990936;11200;64.931180761131628;11200;79.165013580736726;11200;502.88212545850485;11200;3.1025116733298748;11200;3.1812494277779475
11210;149.84588152714622;11210;11.401715140232552;11210;64.809106723227643;11210;78.969695120090336;11210;502.72395355990722;11210;3.1049531540879545;11210;3.1879634998626667
11220;149.82146671956542;11220;11.316263313699759;11220;64.699240089114056;11220;78.994109927671133;11220;502.605324635959;11220;3.1076998199407941;11220;3.1849116489150671
11230;149.91912594988861;11230;11.352885525070958;11230;64.479506820886868;11230;79.103976561784734;11230;502.52623868666018;11230;3.1101413006988738;11230;3.1928464613788261
11240;149.77263710440383;11240;11.328470717490157;11240;64.308603167821289;11240;78.945280312509539;11240;502.36806678806249;11240;3.1125827814569536;11240;3.1897946104312265
11250;149.84588152714622;11250;11.230811487166967;11250;64.162114322336492;11250;78.725547044282365;11250;502.17035191481551;11250;3.1150242622150333;11250;3.197424237800226
11260;149.80925931577502;11260;11.169774468214973;11260;64.2597735526597;11260;78.701132236701554;11260;502.0912659655167;11260;3.1174657429731134;11260;3.1968138676107061
11270;149.77263710440383;11270;11.096530045472578;11270;64.1132847071749;11270;78.749961851863162;11270;501.8935510922696;11270;3.1202124088259531;11270;3.2016968291268655
11280;149.67497787408064;11280;11.035493026520586;11280;63.979003265480515;11280;78.762169255653561;11280;501.65629324437322;11280;3.1226538895840328;11280;3.2035279396954253
11290;149.55290383617663;11290;10.876796777245398;11290;63.722647785882138;11290;78.65230262153996;11290;501.537664320425;11290;3.1250953703421125;11290;3.2035279396954253
11300;149.74822229682303;11300;10.889004181035796;11300;63.588366344187754;11300;78.579058198797568;11300;501.45857837112612;11300;3.1275368511001922;11300;3.2096316415906245
11310;149.54069643238623;11310;10.827967162083803;11310;63.478499710074168;11310;78.640095217749561;11310;501.22132052322962;11310;3.1299783318582719;11310;3.2071901608325448
11320;149.55290383617663;11320;10.730307931760615;11320;63.307596057008574;11320;78.603473006378366;11320;501.02360564998264;11320;3.1327249977111116;11320;3.2142094180120244
11330;149.38200018311105;11330;10.681478316599017;11330;63.209936826685386;11330;78.505813776055177;11330;500.90497672603436;11330;3.1351664784691917;11330;3.2102420117801445
11340;149.49186681722463;11340;10.620441297647023;11340;63.0878627887814;11340;78.408154545731989;11340;500.8258907767356;11340;3.1376079592272714;11340;3.2184820093386639
11350;149.43082979827264;11350;10.510574663533431;11350;63.0268257698294;11350;78.298287911618388;11350;500.62817590348851;11350;3.1400494399853511;11350;3.2169560838648641
11360;149.44303720206304;11360;10.412915433210241;11360;62.892544328135017;11360;78.2494582964568;11360;500.35137508094243;11360;3.1424909207434308;11360;3.2236701559495833
11370;149.54069643238623;11370;10.315256202887051;11370;62.855922116763821;11370;78.298287911618388;11370;500.23274615699421;11370;3.1452375865962705;11370;3.2248908963286231
11380;149.45524460585344;11380;10.351878414258247;11380;62.599566637165438;11380;78.298287911618388;11380;500.1536602076954;11380;3.14767906735435;11380;3.226111636707663
11390;149.49186681722463;11390;10.388500625629444;11390;62.514114810632648;11390;78.3715323343608;11390;500.07457425839658;11390;3.15012054811243;11390;3.2297738578447825
11400;149.39420758690144;11400;10.339671010467848;11400;62.465285195471054;11400;78.34711752678;11400;499.87685938514954;11400;3.1525620288705096;11400;3.2282479323709827
11410;149.35758537553025;11410;10.278633991515855;11410;62.269966734824663;11410;78.2006286812952;11410;499.67914451190245;11410;3.1550035096285898;11410;3.2352671895504628
11420;149.23551133762626;11420;10.193182164983064;11420;62.184514908291874;11420;78.164006469924;11420;499.56051558795428;11420;3.1574449903866695;11420;3.2309945982238224
11430;149.51628162480543;11430;10.217596972563861;11430;62.221137119663069;11430;78.1517990661336;11430;499.40234368935666;11430;3.1601916562395092;11430;3.2380138554033024
11440;149.25992614520706;11440;10.09552293465987;11440;62.196722312082272;11440;78.139591662343207;11440;499.24417179075897;11440;3.1626331369975889;11440;3.2340464491714229
11450;149.41862239448224;11450;9.9856563005462817;11450;61.9525742362743;11450;78.11517685476241;11450;499.12554286681069;11450;3.1650746177556686;11450;3.241981261635182
11460;149.46745200964384;11460;9.8879970702230917;11460;61.9769890438551;11460;78.11517685476241;11460;499.00691394286252;11460;3.1675160985137483;11460;3.2410657063509021
11470;149.44303720206304;11470;9.9368266853846858;11470;61.928159428693505;11470;78.127384258552809;11470;498.76965609496608;11470;3.169957579271828;11470;3.2435071871089818
11480;149.45524460585344;11480;10.034485915707878;11480;61.928159428693505;11480;78.11517685476241;11480;498.76965609496608;11480;3.1727042451246676;11480;3.2456434827723015
11490;149.43082979827264;11490;9.9368266853846858;11490;61.781670583208715;11490;78.005310220648823;11490;498.6510271710178;11490;3.1751457258827482;11490;3.2468642231513414
11500;149.56511123996702;11500;9.8391674550614958;11500;61.720633564256723;11500;77.956480605487229;11500;498.41376932312141;11500;3.1775872066408279;11500;3.2520523697622612
11510;149.46745200964384;11510;9.7781304361095;11510;61.769463179418317;11510;78.005310220648823;11510;498.25559742452373;11510;3.1800286873989076;11510;3.2474745933408613
11520;149.55290383617663;11520;9.7537156285287026;11520;61.732840968047121;11520;78.041932432020019;11520;498.0974255259261;11520;3.1824701681569874;11520;3.2544938505203409
11530;149.33317056794945;11530;9.7537156285287026;11530;61.708426160466324;11530;78.02972502822962;11530;498.01833957662728;11530;3.185216834009827;11530;3.2514419995727408
11540;149.56511123996702;11540;9.643848994415114;11540;61.65959654530473;11540;77.907650990325621;11540;497.8601676780296;11540;3.1876583147679067;11540;3.2590716269417404
11550;149.51628162480543;11550;9.5217749565111234;11550;61.720633564256723;11550;77.822199163792831;11550;497.70199577943197;11550;3.1900997955259864;11550;3.2541886654255809
11560;149.60173345133822;11560;9.47294534134953;11560;61.65959654530473;11560;77.858821375164027;11560;497.54382388083434;11560;3.1925412762840661;11560;3.2581560716574605
11570;149.60173345133822;11570;9.35087130344554;11570;61.781670583208715;11570;77.871028778954425;11570;497.46473793153558;11570;3.1949827570421463;11570;3.2584612567522204
11580;149.51628162480543;11580;9.3630787072359389;11580;61.732840968047121;11580;77.980895413068026;11580;497.22748008363908;11580;3.197729422894986;11580;3.2609027375103
11590;149.69939268166144;11590;9.4363231299783319;11590;61.57414471877194;11590;78.054139835810417;11590;497.10885115969086;11590;3.2001709036530657;11590;3.2657856990264595
11600;149.61394085512865;11600;9.35087130344554;11600;61.500900296029535;11600;77.858821375164027;11600;496.99022223574269;11600;3.2026123844111454;11600;3.2639545884578998
11610;149.72380748924223;11610;9.3264564958647416;11610;61.415448469496745;11610;77.724539933469643;11610;496.83205033714506;11610;3.2050538651692251;11610;3.2697531052583391
11620;149.56511123996702;11620;9.3752861110263375;11620;61.427655873287144;11620;77.773369548631237;11620;496.75296438784619;11620;3.2074953459273048;11620;3.2648701437421797
11630;149.90691854609821;11630;9.3752861110263375;11630;61.464278084658339;11630;77.944273201696831;11630;496.59479248924856;11630;3.2102420117801445;11630;3.2715842158268993
11640;149.80925931577502;11640;9.314249092074343;11640;61.476485488448738;11640;77.919858394116019;11640;496.43662059065093;11640;3.2126834925382242;11640;3.2660908841212195
11650;149.91912594988861;11650;9.2654194769127471;11650;61.415448469496745;11650;77.761162144840839;11650;496.35753464135206;11650;3.2151249732963043;11650;3.2728049562059391
11660;149.88250373851741;11660;9.2287972655415516;11660;61.488692892239136;11660;77.736747337260041;11660;496.23890571740384;11660;3.217566454054384;11660;3.2718894009216593
11670;149.82146671956542;11670;9.13113803521836;11670;61.366618854335151;11670;77.944273201696831;11670;496.0411908441568;11670;3.2200079348124637;11670;3.2764671773430587
11680;150.09002960295419;11680;9.0823084200567639;11680;61.378826258125549;11680;78.02972502822962;11680;495.88301894555912;11680;3.2224494155705434;11680;3.2792138431958984
11690;149.992370372631;11690;9.0701010162663653;11690;61.427655873287144;11690;77.980895413068026;11690;495.72484704696149;11690;3.2251960814233831;11690;3.2789086581011384
11700;150.07782219916379;11700;9.1189306314279612;11700;61.378826258125549;11700;77.944273201696831;11700;495.60621812301332;11700;3.2276375621814628;11700;3.2850123599963377
11710;149.992370372631;11710;9.03347880489517;11710;61.305581835383158;11710;77.858821375164027;11710;495.52713217371445;11710;3.2300790429395425;11710;3.282265694143498
11720;150.13885921811578;11720;8.9602343821527768;11720;61.268959624011963;11720;77.858821375164027;11720;495.40850324976623;11720;3.2325205236976231;11720;3.2889797662282172
11730;149.89471114230781;11730;8.9724417859431753;11730;61.220130008850369;11730;77.871028778954425;11730;495.21078837651908;11730;3.2349620044557028;11730;3.2831812494277779
11740;150.07782219916379;11740;8.9114047669911809;11740;61.098055970946376;11740;77.968688009277628;11740;495.09215945257085;11740;3.2377086703085425;11740;3.2917264320810573
11750;150.09002960295419;11750;8.8747825556199835;11750;61.110263374736775;11750;77.980895413068026;11750;494.89444457932382;11750;3.2401501510666222;11750;3.2889797662282172
11760;149.94354075746941;11760;8.8869899594103821;11760;60.963774529251992;11760;77.907650990325621;11760;494.7758156553756;11760;3.2425916318247019;11760;3.294473097933897
11770;149.94354075746941;11770;8.8869899594103821;11770;61.012604144413586;11770;77.883236182744824;11770;494.69672970607678;11770;3.2450331125827816;11770;3.2950834681234169
11780;149.91912594988861;11780;8.8137455366679891;11780;60.9149449140904;11780;77.907650990325621;11780;494.57810078212856;11780;3.2474745933408613;11780;3.2975249488814966
11790;150.0045777764214;11790;8.7160863063447991;11790;60.792870876186413;11790;77.919858394116019;11790;494.45947185818034;11790;3.250221259193701;11790;3.302407910397656
11800;149.88250373851741;11800;8.6672566911832032;11800;60.768456068605616;11800;77.944273201696831;11800;494.2617569849333;11800;3.2526627399517811;11800;3.3005767998290962
11810;150.0289925840022;11810;8.6794640949736017;11810;60.585345011749624;11810;77.895443586535222;11810;494.14312806098508;11810;3.2551042207098608;11810;3.3072908719138154
11820;149.80925931577502;11820;8.6794640949736017;11820;60.463270973845638;11820;77.809991760002433;11820;493.98495616238745;11820;3.2575457014679405;11820;3.3021027253028961
11830;150.0289925840022;11830;8.6794640949736017;11830;60.377819147312849;11830;77.809991760002433;11830;493.90587021308858;11830;3.2599871822260202;11830;3.3115634632404554
11840;149.95574816125981;11840;8.5329752494888158;11840;60.341196935941646;11840;77.761162144840839;11840;493.8267842637897;11840;3.26273384807886;11840;3.3082064271980953
11850;149.9801629688406;11850;8.5207678456984173;11850;60.316782128360849;11850;77.736747337260041;11850;493.58952641589332;11850;3.2651753288369396;11850;3.3155308694723349
11860;149.95574816125981;11860;8.5573900570696129;11860;60.377819147312849;11860;77.797784356212034;11860;493.51044046659445;11860;3.2676168095950193;11860;3.314920499282815
11870;149.80925931577502;11870;8.508560441908017;11870;60.170293282876067;11870;77.761162144840839;11870;493.39181154264622;11870;3.270058290353099;11870;3.3207190160832543
11880;149.82146671956542;11880;8.5573900570696129;11880;60.121463667714472;11880;77.687917722098447;11880;493.27318261869806;11880;3.2724997711111792;11880;3.3249916074098937
11890;149.80925931577502;11890;8.5573900570696129;11890;60.036011841181683;11890;77.626880703146455;11890;493.11501072010037;11890;3.2752464369640188;11890;3.3243812372203738
11900;149.91912594988861;11900;8.4597308267464211;11900;60.036011841181683;11900;77.602465895565658;11900;492.99638179615221;11900;3.2776879177220986;11900;3.3283486434522533
11910;149.71160008545183;11910;8.2399975585192422;11910;59.913937803277683;11910;77.517014069032868;11910;492.83820989755458;11910;3.2801293984801783;11910;3.3246864223151338
11920;149.84588152714622;11920;8.2033753471480448;11920;59.681997131260111;11920;77.639088106936853;11920;492.71958097360624;11920;3.282570879238258;11920;3.3350627155369734
11930;149.63835566270944;11930;8.2888271736808381;11930;59.535508285775322;11930;77.553636280404064;11930;492.60095204965808;11930;3.2850123599963377;11930;3.3307901242103339
11940;149.88250373851741;11940;8.25220496230964;11940;59.474471266823329;11940;77.33390301217689;11940;492.44278015106045;11940;3.2874538407544174;11940;3.3399456770531328
11950;149.89471114230781;11950;8.1545457319864489;11950;59.584337900936923;11950;77.2972808008057;11950;492.28460825246282;11950;3.290200506607257;11950;3.3381145664845731
11960;149.931333353679;11960;8.1301309244056519;11960;59.389019440290539;11960;77.346110415967289;11960;492.12643635386513;11960;3.2926419873653372;11960;3.3445234534745323
11970;149.85808893093662;11970;8.0690939054536575;11970;59.21811578722496;11970;77.2850733970153;11970;492.04735040456632;11970;3.2950834681234169;11970;3.346659749137852
11980;149.82146671956542;11980;8.1057161168248548;11980;59.108249153111359;11980;77.175206762901709;11980;491.88917850596869;11980;3.2975249488814966;11980;3.3500167851802121
11990;149.9801629688406;11990;8.04467909787286;11990;59.09604174932096;11990;77.1141697439497;11990;491.81009255666987;11990;3.2999664296395763;11990;3.3555101168858914
12000;149.90691854609821;12000;7.8737754448072756;12000;58.986175115207374;12000;77.0775475325785;12000;491.69146363272171;12000;3.302713095492416;12000;3.3542893765068515
12010;149.9801629688406;12010;7.8615680410168771;12010;58.839686269722591;12010;76.979888302255318;12010;491.57283470877337;12010;3.3051545762504957;12010;3.3616138187810907
12020;149.63835566270944;12020;7.8981902523880736;12020;58.766441846980186;12020;76.845606860560935;12020;491.45420578482521;12020;3.3075960570085754;12020;3.3564256721701713
12030;149.85808893093662;12030;7.959227271340068;12030;58.6199530014954;12030;76.857814264351333;12030;491.335576860877;12030;3.3100375377666551;12030;3.3652760399182102
12040;149.89471114230781;12040;7.8005310220648827;12040;58.534501174962614;12040;76.906643879512927;12040;491.13786198762989;12040;3.3124790185247353;12040;3.3625293740653706
12050;150.0289925840022;12050;7.6662495803704944;12050;58.33918271431623;12050;76.808984649189739;12050;491.09831901298048;12050;3.3152256843775749;12050;3.37168492690817
12060;150.07782219916379;12060;7.6540421765800959;12060;58.241523483993042;12060;76.735740226447334;12060;491.01923306368172;12060;3.3176671651356546;12060;3.37260048219245
12070;150.114444410535;12070;7.6296273689992979;12070;58.131656849879455;12070;76.686910611285739;12070;490.8610611650841;12070;3.3201086458937343;12070;3.3774834437086092
12080;150.19989623706778;12080;7.5930051576281024;12080;58.131656849879455;12080;76.60145878475295;12080;490.8610611650841;12080;3.322550126651814;12080;3.3811456648457288
12090;150.07782219916379;12090;7.4587237159337141;12090;57.911923581652268;12090;76.564836573381754;12090;490.70288926648641;12090;3.3249916074098937;12090;3.3820612201300086
12100;150.27314065981017;12100;7.4465163121433156;12100;57.6311532944731;12100;76.467177343058566;12100;490.58426034253813;12100;3.3277382732627334;12100;3.3899960325937686
12110;150.18768883327738;12110;7.4709311197241126;12110;57.472457045197913;12110;76.345103305154566;12110;490.50517439323937;12110;3.330179754020814;12110;3.3869441816461681
12120;150.34638508255256;12120;7.38547929319132;12120;57.289345988341935;12120;76.406140324106573;12120;490.38654546929115;12120;3.3326212347788937;12120;3.3954893642994479
12130;150.0411999877926;12130;7.2389904477065334;12130;57.301553392132334;12130;76.381725516525776;12130;490.26791654534281;12130;3.3350627155369734;12130;3.3918271431623284
12140;150.30976287118136;12140;7.2756126590777308;12140;57.179479354228334;12140;76.223029267250581;12140;490.14928762139459;12140;3.3375041962950531;12140;3.4015930661946472
12150;150.39521469771418;12150;7.2634052552873323;12150;57.094027527695545;12150;76.210821863460183;12150;490.07020167209572;12150;3.3402508621478928;12150;3.4003723258156073
12160;150.46845912045657;12160;7.080294198431349;12160;56.910916470839567;12160;76.247444074831378;12160;489.91202977349809;12160;3.3426923429059725;12160;3.4064760277108066
12170;150.49287392803737;12170;7.0192571794793546;12170;56.727805413983582;12170;76.198614459669784;12170;489.79340084954987;12170;3.3451338236640522;12170;3.4080019531846064
12180;150.41962950529498;12180;7.1047090060121469;12180;56.532486953337205;12180;76.161992248298588;12180;489.63522895095224;12180;3.3475753044221319;12180;3.4110538041322065
12190;150.51728873561817;12190;7.1657460249641414;12190;56.337168492690815;12190;76.223029267250581;12190;489.51660002700396;12190;3.3500167851802121;12190;3.4174626911221657
12200;150.30976287118136;12200;7.0192571794793546;12200;56.154057435834837;12200;76.0643330179754;12200;489.4375140777052;12200;3.3524582659382918;12200;3.415326395458846
12210;150.50508133182777;12210;6.8239387188329728;12210;56.044190801721236;12210;75.893429364909821;12210;489.318885153757;12210;3.3552049317911314;12210;3.423566393017365
12220;150.26093325601977;12220;6.73848689230018;12220;55.946531571398047;12220;75.869014557329024;12220;489.2002562298087;12220;3.3576464125492111;12220;3.4199041718802454
12230;150.50508133182777;12230;6.7873165074617754;12230;55.861079744865258;12230;75.881221961119422;12230;489.12117028050994;12230;3.3600878933072909;12230;3.4296700949125647
12240;150.44404431287577;12240;6.6408276619769886;12240;55.885494552446055;12240;75.795770134586633;12240;488.88391243261344;12240;3.3625293740653706;12240;3.4266182439649646
12250;150.34638508255256;12250;6.4577166051210053;12250;55.690176091799678;12250;75.637073885311452;12250;488.84436945796409;12250;3.3649708548234503;12250;3.4345530564287241
12260;150.28534806360057;12260;6.40888698995941;12260;55.568102053895686;12260;75.551622058778648;12260;488.84436945796409;12260;3.36771752067629;12260;3.4348582415234841
12270;150.29755546739096;12270;6.42109439374981;12270;55.299539170506918;12270;75.600451673940256;12270;488.72574053401581;12270;3.37015900143437;12270;3.4388256477553636
12280;150.39521469771418;12280;6.3356425672170174;12280;55.214087343974114;12280;75.64928128910185;12280;488.60711161006759;12280;3.37260048219245;12280;3.4427930539872431
12290;150.21210364085817;12290;6.3112277596362194;12290;55.28733176671652;12290;75.466170232245858;12290;488.36985376217109;12290;3.3750419629505295;12290;3.4430982390820031
12300;150.40742210150458;12300;6.2746055482650238;12300;55.189672536393317;12300;75.405133213293865;12300;488.29076781287233;12300;3.3774834437086092;12300;3.4501174962614827
12310;150.27314065981017;12310;6.1403241065706364;12310;54.957731864375745;12310;75.331888790551474;12310;488.21168186357346;12310;3.3802301095614489;12310;3.4467604602191226
12320;150.29755546739096;12320;6.2623981444746235;12320;54.799035615100557;12320;75.246436964018685;12320;488.17213888892411;12320;3.3826715903195286;12320;3.455916013061922
12330;150.0167851802118;12330;6.1403241065706364;12330;54.77462080751976;12330;75.295266579180279;12330;488.01396699032648;12330;3.3851130710776083;12330;3.4513382366405225
12340;150.30976287118136;12340;6.0426648762474446;12340;54.640339365825376;12340;75.295266579180279;12340;487.8953380663782;12340;3.387554551835688;12340;3.4601886043885615
12350;150.19989623706778;12350;6.0670796838282426;12350;54.542680135502188;12350;75.148777733695482;12350;487.77670914243;12350;3.3899960325937686;12350;3.4598834192938015
12360;150.22431104464857;12360;6.09149449140904;12360;54.396191290017391;12360;75.087740714743489;12360;487.65808021848176;12360;3.3927426984466083;12360;3.4653767509994808
12370;150.27314065981017;12370;5.9816278572954493;12370;54.518265327921391;12370;75.124362926114685;12370;487.53945129453359;12370;3.395184179204688;12370;3.4665974913785207
12380;150.16327402569658;12380;5.774101992858669;12380;54.493850520340594;12380;75.148777733695482;12380;487.46036534523472;12380;3.3976256599627677;12380;3.4684286019470809
12390;150.28534806360057;12390;5.8839686269722593;12390;54.261909848323008;12390;75.0144962920011;12390;487.42082237058526;12390;3.4000671407208474;12390;3.47483748893704
12400;150.053407391583;12400;5.8351390118106625;12400;54.164250617999819;12400;74.855800042725917;12400;487.26265047198763;12400;3.4025086214789271;12400;3.4730063783684804
12410;150.12665181432538;12410;5.6886501663258775;12410;54.225287636951812;12410;74.904629657887511;12410;487.10447857339;12410;3.4052552873317667;12410;3.4815515610217593
12420;150.0289925840022;12420;5.6154057435834837;12420;54.152043214209421;12420;74.929044465468309;12420;487.02539262409124;12420;3.4076967680898465;12420;3.47636341441084
12430;150.12665181432538;12430;5.6154057435834837;12430;54.042176580095827;12430;74.83138523514512;12430;486.94630667479237;12430;3.4101382488479266;12430;3.4852137821588789
12440;149.9801629688406;12440;5.5543687246314883;12440;54.042176580095827;12440;74.709311197241121;12440;486.82767775084415;12440;3.4125797296060063;12440;3.4827723014007992
12450;150.12665181432538;12450;5.5177465132602928;12450;53.859065523239849;12450;74.684896389660324;12450;486.78813477619474;12450;3.415021210364086;12450;3.4900967436750392
12460;150.19989623706778;12460;5.420087282937101;12460;53.907895138401443;12460;74.709311197241121;12460;486.74859180154533;12460;3.4174626911221657;12460;3.4900967436750392
12470;150.32197027497176;12470;5.3712576677755068;12470;53.895687734611045;12470;74.745933408612316;12470;486.51133395364889;12470;3.4202093569750054;12470;3.4925382244331189
12480;150.45625171666617;12480;5.5055391094698942;12480;53.907895138401443;12480;74.819177831354722;12480;486.47179097899948;12480;3.4226508377330851;12480;3.4965056306649984
12490;150.37079989013336;12490;5.4933317056794957;12490;53.773613696707059;12490;74.770348216193113;12490;486.39270502970066;12490;3.4250923184911648;12490;3.4968108157597584
12500;150.45625171666617;12500;5.3956724753563039;12500;53.639332255012661;12500;74.733726004821918;12500;486.27407610575239;12500;3.4275337992492445;12500;3.5044404431287575
12510;150.37079989013336;12510;5.298013245033113;12510;53.578295236060669;12510;74.599444563127534;12510;486.15544718180422;12510;3.4299752800073247;12510;3.5010834070863979
12520;150.44404431287577;12520;5.1881466109195227;12520;53.48063600573748;12520;74.477370525223549;12520;486.07636123250541;12520;3.4327219458601643;12520;3.5099337748344372
12530;150.18768883327738;12530;5.1026947843867312;12530;53.419598986785488;12530;74.477370525223549;12530;485.99727528320653;12530;3.435163426618244;12530;3.5062715536973177
12540;150.60274056215096;12540;5.1026947843867312;12540;53.260902737510293;12540;74.526200140385143;12540;485.87864635925837;12540;3.4376049073763237;12540;3.5135959959715568
12550;150.57832575457016;12550;5.0050355540635394;12550;53.297524948881488;12550;74.452955717642752;12550;485.7995604099595;12550;3.4400463881344034;12550;3.5114597003082371
12560;150.50508133182777;12560;5.0904873805963327;12560;53.297524948881488;12560;74.391918698690745;12560;485.7995604099595;12560;3.4424878688924831;12560;3.5187841425824762
12570;150.67598498489335;12570;5.0538651692251344;12570;53.309732352671887;12570;74.391918698690745;12570;485.76001743531009;12570;3.4452345347453228;12570;3.5212256233405559
12580;150.62715536973175;12580;4.9317911313211464;12580;53.1754509109775;12580;74.404126102481143;12580;485.56230256206311;12580;3.447676015503403;12580;3.5221411786248358
12590;150.70039979247414;12590;4.89516891994995;12590;53.041169469283119;12590;74.367503891109948;12590;485.48321661276424;12590;3.4501174962614827;12590;3.5273293252357556
12600;150.65157017731255;12600;4.8463393047883541;12600;53.028962065492721;12600;74.282052064577158;12600;485.40413066346542;12600;3.4525589770195624;12600;3.5251930295724354
12610;150.77364421521654;12610;4.8341319009979555;12610;52.955717642750329;12610;74.26984466078676;12610;485.24595876486757;12610;3.4550004577776421;12610;3.5340433973204748
12620;150.59053315836056;12620;4.821924497207557;12620;52.821436201055938;12620;74.318674275948354;12620;485.16687281556869;12620;3.4577471236304818;12620;3.5288552507095554
12630;150.82247383037813;12630;4.9073763237403485;12630;52.674947355571156;12630;74.26984466078676;12630;485.12732984091929;12630;3.4601886043885615;12630;3.5377056184575943
12640;150.65157017731255;12640;4.7730948820459611;12640;52.613910336619163;12640;74.221015045625165;12640;485.04824389162053;12640;3.4626300851466412;12640;3.5352641376995146
12650;150.62715536973175;12650;4.7120578630939667;12650;52.601702932828765;12650;74.221015045625165;12650;485.00870091697107;12650;3.4650715659047209;12650;3.5419782097842338
12660;150.65157017731255;12660;4.6388134403515728;12660;52.662739951780758;12660;74.196600238044368;12660;484.89007199302284;12660;3.467513046662801;12660;3.5419782097842338
12670;150.73702200384534;12670;4.56556901760918;12670;52.528458510086359;12670;74.294259468367557;12670;484.81098604372403;12670;3.4699545274208807;12670;3.5450300607318344
12680;150.90792565691092;12680;4.4923245948667869;12680;52.479628894924765;12680;74.294259468367557;12680;484.77144306907468;12680;3.4727011932737204;12680;3.5486922818689539
12690;150.63936277352215;12690;4.3824579607531975;12690;52.406384472182374;12690;74.123355815301977;12690;484.61327117047705;12690;3.4751426740318;12690;3.547776726584674
12700;150.72481460005494;12700;4.467909787285989;12700;52.35755485702078;12700;74.09894100772118;12700;484.53418522117818;12700;3.47758415478988;12700;3.5557115390484331
12710;150.62715536973175;12710;4.4923245948667869;12710;52.284310434278389;12710;74.196600238044368;12710;484.45509927187936;12710;3.4800256355479595;12710;3.5520493179113135
12720;150.78585161900693;12720;4.394665364543596;12720;52.1134067812128;12720;74.18439283425397;12720;484.41555629722995;12720;3.4824671163060392;12720;3.5602893154698325
12730;150.60274056215096;12730;4.2725913266396072;12730;52.150028992584005;12730;74.09894100772118;12730;484.29692737328173;12730;3.4852137821588789;12730;3.556016724143193
12740;150.63936277352215;12740;4.3092135380108036;12740;52.1134067812128;12740;73.9768669698172;12740;484.21784142398292;12740;3.4876552629169595;12740;3.5633411664174321
12750;150.50508133182777;12750;4.3580431531723995;12750;52.211066011536;12750;73.9768669698172;12750;484.17829844933345;12750;3.4900967436750392;12750;3.5621204260383923
12760;150.51728873561817;12760;4.345835749382;12760;52.150028992584005;12760;73.9768669698172;12760;484.1387554746841;12760;3.4925382244331189;12760;3.5691396832178719
12770;150.57832575457016;12770;4.2725913266396072;12770;52.150028992584005;12770;73.8914151432844;12770;484.05966952538529;12770;3.4949797051911986;12770;3.5718863490707116
12780;150.46845912045657;12780;4.1749320963164163;12780;52.1378215887936;12780;73.830378124332412;12780;483.98058357608647;12780;3.4977263710440383;12780;3.5731070894497514
12790;150.56611835077976;12790;4.0528580584124274;12790;52.05236976226081;12790;73.9524521622364;12790;483.94104060143707;12790;3.500167851802118;12790;3.5773796807763909
12800;150.39521469771418;12800;4.0772728659932245;12800;51.905880916776027;12800;73.805963316751615;12800;483.82241167748879;12800;3.5026093325601977;12800;3.5740226447340313
12810;150.45625171666617;12810;4.1871395001068148;12810;51.710562456129637;12810;73.744926297799623;12810;483.74332572819;12810;3.5050508133182774;12810;3.5822626422925503
12820;150.32197027497176;12820;4.1138950773644218;12820;51.576281014435253;12820;73.793755912961217;12820;483.62469680424181;12820;3.5074922940763575;12820;3.5782952360606708
12830;150.60274056215096;12830;3.979613635670034;12830;51.564073610644854;12830;73.757133701590021;12830;483.58515382959234;12830;3.5102389599291972;12830;3.58714560380871
12840;150.41962950529498;12840;3.8819544053468427;12840;51.539658803064057;12840;73.744926297799623;12840;483.50606788029347;12840;3.5126804406872769;12840;3.5847041230506305
12850;150.59053315836056;12850;3.91857661671804;12850;51.356547746208072;12850;73.598437452314826;12850;483.42698193099471;12850;3.5151219214453566;12850;3.5911130100405897
12860;150.65157017731255;12860;3.9063692129276406;12860;51.539658803064057;12860;73.635059663686036;12860;483.34789598169584;12860;3.5175634022034363;12860;3.5914181951353497
12870;150.50508133182777;12870;3.9307840205084386;12870;51.51524399548326;12870;73.622852259895623;12870;483.22926705774768;12870;3.520004882961516;12870;3.5956907864619891
12880;150.55391094698936;12880;3.979613635670034;12880;51.441999572740869;12880;73.549607837153232;12880;483.15018110844886;12880;3.5227515488143557;12880;3.5999633777886286
12890;150.46845912045657;12890;3.8575395977660452;12890;51.283303323465681;12890;73.537400433362833;12890;483.03155218450058;12890;3.5251930295724354;12890;3.5993530075991087
12900;150.55391094698936;12900;3.8087099826044497;12900;51.234473708304087;12900;73.488570818201239;12900;483.03155218450058;12900;3.5276345103305156;12900;3.6063722647785883
12910;150.41962950529498;12910;3.8331247901852472;12910;51.1123996704001;12910;73.500778221991638;12910;482.95246623520183;12910;3.5300759910885953;12910;3.6017944883571884
12920;150.59053315836056;12920;3.7720877712332532;12920;50.953703421124906;12920;73.439741203039645;12920;482.87338028590295;12920;3.532517471846675;12920;3.6097293008209479
12930;150.51728873561817;12930;3.6988433484908603;12930;50.880458998382515;12930;73.415326395458848;12930;482.7942943366042;12930;3.5349589526047547;12930;3.6057618945890684
12940;150.73702200384534;12940;3.6866359447004609;12940;50.770592364268929;12940;73.342081972716457;12940;482.71520838730532;12940;3.5377056184575943;12940;3.6136967070528274
12950;150.68819238868375;12950;3.6378063295388654;12950;50.856044190801718;12950;73.268837549974066;12950;482.63612243800657;12950;3.5401470992156741;12950;3.6124759666737876
12960;150.66377758110295;12960;3.58897671437727;12960;50.67293313394574;12960;73.256630146183667;12960;482.47795053940888;12960;3.5425885799737538;12960;3.6188848536637468
12970;150.63936277352215;12970;3.5401470992156745;12970;50.685140537736139;12970;73.158970915860465;12970;482.47795053940888;12970;3.5450300607318344;12970;3.6216315195165865
12980;150.78585161900693;12980;3.5767693105868714;12980;50.624103518784146;12980;73.220007934812458;12980;482.3593216154606;12980;3.5474715414899141;12980;3.6225470748008664
12990;150.87130344553972;12990;3.47911008026368;12990;50.440992461928161;12990;73.244422742393269;12990;482.31977864081125;12990;3.5502182073427537;12990;3.6286507766960661
13000;150.67598498489335;13000;3.5401470992156745;13000;50.294503616443379;13000;73.110141300698871;13000;482.20114971686297;13000;3.5526596881008334;13000;3.6255989257484664
13010;150.88351084933012;13010;3.5401470992156745;13010;50.221259193700988;13010;73.085726493118074;13010;482.08252079291475;13010;3.5551011688589131;13010;3.6335337382122255
13020;150.65157017731255;13020;3.4302804651020846;13020;50.184636982329778;13020;73.110141300698871;13020;482.04297781826534;13020;3.5575426496169928;13020;3.629261146885586
13030;150.90792565691092;13030;3.47911008026368;13030;50.062562944425792;13030;73.073519089327675;13030;482.04297781826534;13030;3.5599841303750726;13030;3.6384166997283849
13040;150.83468123416853;13040;3.4180730613116856;13040;49.952696310312206;13040;72.963652455214088;13040;481.92434889431712;13040;3.5627307962279122;13040;3.6359752189703052
13050;150.94454786828211;13050;3.3326212347788937;13050;49.830622272408206;13050;72.9148228400525;13050;481.76617699571949;13050;3.5651722769859924;13050;3.6429944761497852
13060;151.00558488723411;13060;3.2349620044557028;13060;49.8916592913602;13060;72.8782006286813;13060;481.76617699571949;13060;3.5676137577440721;13060;3.6432996612445452
13070;151.0299996948149;13070;3.3326212347788937;13070;49.745170445875416;13070;72.817163609729292;13070;481.76617699571949;13070;3.5700552385021518;13070;3.6460463270973849
13080;151.13986632892849;13080;3.2349620044557028;13080;49.732963042085018;13080;72.8537858211005;13080;481.72663402107008;13080;3.5724967192602315;13080;3.6497085482345044
13090;151.00558488723411;13090;3.1373027741325119;13090;49.63530381176183;13090;72.7195043794061;13090;481.68709104642073;13090;3.5752433851130712;13090;3.6484878078554646
13100;151.13986632892849;13100;3.2227546006653034;13100;49.476607562486649;13100;72.7317117831965;13100;481.64754807177133;13100;3.5776848658711509;13100;3.6561174352244636
13110;151.00558488723411;13110;3.0640583513901181;13110;49.403363139744258;13110;72.670674764244509;13110;481.56846212247245;13110;3.5801263466292306;13110;3.6524552140873441
13120;151.00558488723411;13120;3.0396435438093206;13120;49.195837275307483;13120;72.573015533921321;13120;481.44983319852423;13120;3.5825678273873103;13120;3.661305581835383
13130;150.68819238868375;13130;3.0396435438093206;13130;49.183629871517084;13130;72.609637745292517;13130;481.37074724922536;13130;3.5850093081453904;13130;3.6573381756035035
13140;150.87130344553972;13140;3.0274361400189216;13140;49.147007660145889;13140;72.621845149082915;13140;481.2916612999266;13140;3.58775597399823;13140;3.6655781731620229
13150;150.92013306070132;13150;2.9786065248573257;13150;49.073763237403483;13150;72.609637745292517;13150;481.21257535062773;13150;3.59019745475631;13150;3.6640522476882231
13160;150.93234046449172;13160;3.0274361400189216;13160;48.9394817957091;13160;72.536393322550126;13160;481.133489401329;13160;3.5926389355143895;13160;3.6692403942991425
13170;150.88351084933012;13170;2.9786065248573257;13170;48.9516891994995;13170;72.524185918759727;13170;481.133489401329;13170;3.5950804162724692;13170;3.6713766899624622
13180;150.93234046449172;13180;2.8321176793725393;13180;48.805200354014708;13180;72.377697073274945;13180;481.01486047738075;13180;3.5975218970305489;13180;3.6722922452467421
13190;151.12765892513809;13190;2.8321176793725393;13190;48.731955931272317;13190;72.194586016418967;13190;481.0544034520301;13190;3.5999633777886286;13190;3.6787011322367014
13200;151.00558488723411;13200;2.7954954680013429;13200;48.70754112369152;13200;72.145756401257373;13200;481.01486047738075;13200;3.6027100436414683;13200;3.6765648365733816
13210;151.22531815546131;13210;2.7100436414685505;13210;48.561052278206738;13210;72.145756401257373;13210;480.93577452808188;13210;3.6051515243995484;13210;3.685720389416181
13220;150.88351084933012;13220;2.6978362376781519;13220;48.475600451673941;13220;72.182378612628568;13220;480.89623155343247;13220;3.6075930051576282;13220;3.6805322428052611
13230;150.88351084933012;13230;2.7344584490493484;13230;48.40235602893155;13230;72.219000823999764;13230;480.81714560413371;13230;3.6100344859157079;13230;3.6884670552690206
13240;150.72481460005494;13240;2.6123844111453596;13240;48.390148625141151;13240;72.121341593676576;13240;480.69851668018549;13240;3.6124759666737876;13240;3.6860255745109409
13250;150.93234046449172;13250;2.5757621997741631;13250;48.390148625141151;13250;72.035889767143772;13250;480.61943073088662;13250;3.6152226325266272;13250;3.69304483169042
13260;150.90792565691092;13260;2.6001770073549606;13260;48.377941221350753;13260;72.023682363353373;13260;480.61943073088662;13260;3.6176641132847069;13260;3.6939603869747
13270;150.83468123416853;13270;2.5879696035645616;13270;48.231452375865956;13270;72.035889767143772;13270;480.57988775623721;13270;3.6201055940427866;13270;3.6979277932065795
13280;150.84688863795893;13280;2.5635547959837641;13280;48.133793145542768;13280;71.96264534440138;13280;480.5008018069384;13280;3.6225470748008664;13280;3.70281075472274
13290;150.78585161900693;13290;2.5513473921933656;13290;47.987304300057986;13290;71.8527787102878;13290;480.461258832289;13290;3.6249885555589465;13290;3.70189519943846
13300;150.87130344553972;13300;2.5391399884029662;13300;47.926267281105986;13300;71.8039490951262;13300;480.461258832289;13300;3.6277352214117862;13300;3.7086092715231791
13310;150.73702200384534;13310;2.4536881618701742;13310;47.938474684896384;13310;71.7551194799646;13310;480.38217288299023;13310;3.6301767021698659;13310;3.7037263100070197
13320;150.87130344553972;13320;2.4170659504989778;13320;47.7919858394116;13320;71.681875057222214;13320;480.30308693369136;13320;3.6326181829279456;13320;3.7122714926602987
13330;150.63936277352215;13330;2.4048585467085788;13330;47.755363628040406;13330;71.681875057222214;13330;480.26354395904195;13330;3.6350596636860253;13330;3.7083040864284191
13340;150.83468123416853;13340;2.39265114291818;13340;47.706534012878805;13340;71.694082461012613;13340;480.14491503509362;13340;3.637501144444105;13340;3.7153233436078983
13350;150.82247383037813;13350;2.4048585467085788;13350;47.596667378765218;13350;71.59642323068941;13350;480.14491503509362;13350;3.6402478102969447;13350;3.7141026032288584
13360;150.76143681142614;13360;2.3682363353373823;13360;47.450178533280436;13360;71.572008423108613;13360;480.10537206044421;13360;3.6426892910550253;13360;3.7189855647450178
13370;150.74922940763574;13370;2.2217474898525955;13370;47.437971129490037;13370;71.486556596575824;13370;480.02628611114534;13370;3.645130771813105;13370;3.721732230597858
13380;150.72481460005494;13380;2.197332682271798;13380;47.303689687795647;13380;71.437726981414229;13380;479.986743136496;13380;3.6475722525711847;13380;3.7229529709768978
13390;150.78585161900693;13390;2.2095400860621965;13390;47.267067476424451;13390;71.559801019318215;13390;479.94720016184658;13390;3.6500137333292644;13390;3.7287514877773371
13400;150.81026642658773;13400;2.0996734519486067;13400;47.19382305368206;13400;71.449934385204628;13400;479.86811421254771;13400;3.652760399182104;13400;3.7263100070192574
13410;150.94454786828211;13410;2.1362956633198036;13410;47.071749015778074;13410;71.437726981414229;13410;479.78902826324895;13410;3.6552018799401838;13410;3.7348551896725364
13420;150.73702200384534;13420;2.1485030671102026;13420;46.986297189245285;13420;71.340067751091041;13420;479.78902826324895;13420;3.6576433606982635;13420;3.7305825983458969
13430;151.0422070986053;13430;2.0874660481582081;13430;46.888637958922089;13430;71.254615924558237;13430;479.82857123789836;13430;3.6600848414563432;13430;3.7372966704306161
13440;150.90792565691092;13440;2.0386364329966122;13440;46.888637958922089;13440;71.35227515488144;13440;479.70994231395008;13440;3.6625263222144233;13440;3.7342448194830165
13450;150.92013306070132;13450;1.989806817835017;13450;46.7909787285989;13450;71.23020111697744;13450;479.67039933930067;13450;3.664967802972503;13450;3.741569261757256
13460;151.00558488723411;13460;1.9165623950926236;13460;46.8031861323893;13460;71.169164098025448;13460;479.67039933930067;13460;3.6677144688253427;13460;3.7437055574205758
13470;151.0544145023957;13470;1.9287697988830226;13470;46.6811120944853;13470;71.217993713187042;13470;479.51222744070304;13470;3.6701559495834224;13470;3.7470625934629354
13480;151.18869594409011;13480;1.977599414044618;13480;46.559038056581315;13480;71.144749290444651;13480;479.51222744070304;13480;3.6725974303415021;13480;3.7510299996948149
13490;151.0666219061861;13490;1.9409772026734213;13490;46.546830652790916;13490;71.071504867702259;13490;479.51222744070304;13490;3.6750389110995818;13490;3.7491988891262551
13500;151.0910367137669;13500;1.8189031647694327;13500;46.534623249000518;13500;71.047090060121462;13500;479.51222744070304;13500;3.6774803918576615;13500;3.7565233314004942
13510;151.0299996948149;13510;1.7700735496078372;13510;46.449171422467728;13510;71.047090060121462;13510;479.47268446605369;13510;3.6802270577105012;13510;3.7528611102633747
13520;151.20090334788051;13520;1.7700735496078372;13520;46.351512192144533;13520;70.998260444959868;13520;479.47268446605369;13520;3.6826685384685813;13520;3.7611011078218941
13530;150.98117007965331;13530;1.6968291268654438;13530;46.339304788354134;13530;71.047090060121462;13530;479.43314149140423;13530;3.685110019226661;13530;3.758659627063814
13540;151.1032441175573;13540;1.7212439344462416;13540;46.20502334665975;13540;71.083712271492658;13540;479.39359851675482;13540;3.6875514999847407;13540;3.7662892544328135
13550;151.0544145023957;13550;1.6968291268654438;13550;46.241645558030946;13550;70.876186407055869;13550;479.35405554210536;13550;3.6899929807428204;13550;3.7653736991485336
13560;151.16428113650929;13560;1.6479995117038484;13560;46.192815942869352;13560;70.754112369151883;13560;479.31451256745606;13560;3.69273964659566;13560;3.770256660664693
13570;151.22531815546131;13570;1.6235847041230507;13570;46.156193731498156;13570;70.77852717673268;13570;479.31451256745606;13570;3.69518112735374;13570;3.7714774010437329
13580;151.15207373271889;13580;1.5747550889614552;13580;46.009704886013374;13580;70.802941984313478;13580;479.23542661815719;13580;3.6976226081118195;13580;3.7733085116122926
13590;151.3107699819941;13590;1.6113773003326517;13590;45.960875270851773;13590;70.802941984313478;13590;479.23542661815719;13590;3.7000640888698992;13590;3.7806329538865322
13600;151.3351847895749;13600;1.5991698965422529;13600;45.948667867061374;13600;70.729697561571086;13600;479.19588364350773;13600;3.70250556962798;13600;3.7775811029389321
13610;151.50608844264048;13610;1.5625476851710562;13610;45.887630848109382;13610;70.717490157780688;13610;479.19588364350773;13610;3.7052522354808195;13610;3.7852107303079316
13620;151.23752555925171;13620;1.5137180700094608;13620;45.838801232947787;13620;70.6076235236671;13620;479.11679769420897;13620;3.7076937162388992;13620;3.7809381389812922
13630;151.37180700094609;13630;1.4404736472670676;13630;45.851008636738186;13630;70.53437910092471;13630;479.07725471955956;13630;3.7101351969969789;13630;3.7894833216345711
13640;151.2863551744133;13640;1.3794366283150732;13640;45.912045655690179;13640;70.5587939085055;13640;479.07725471955956;13640;3.7125766777550586;13640;3.7867366557817315
13650;151.2741477706229;13650;1.4160588396862697;13650;45.753349406414991;13650;70.5954161198767;13650;478.99816877026075;13650;3.7150181585131383;13650;3.7928403576769307
13660;151.21311075167091;13660;1.4160588396862697;13660;45.753349406414991;13660;70.546586504715108;13660;479.0377117449101;13660;3.717764824365978;13660;3.7940610980559706
13670;151.20090334788051;13670;1.3916440321054717;13670;45.6678975798822;13670;70.400097659230326;13670;479.0377117449101;13670;3.7202063051240577;13670;3.79772331919309
13680;151.3351847895749;13680;1.4526810510574664;13680;45.570238349559013;13680;70.5710013122959;13680;478.99816877026075;13680;3.7226477858821378;13680;3.8016907254249706
13690;151.21311075167091;13690;1.4282662434766686;13690;45.521408734397419;13690;70.5954161198767;13690;478.83999687166312;13690;3.7250892666402176;13690;3.7995544297616508
13700;151.3107699819941;13700;1.4282662434766686;13700;45.619067964720607;13700;70.473342081972717;13700;478.76091092236425;13700;3.7275307473982973;13700;3.80626850184637
13710;151.0666219061861;13710;1.3672292245246742;13710;45.521408734397419;13710;70.461134678182319;13710;478.72136794771484;13710;3.729972228156377;13710;3.8029114658040104
13720;151.13986632892849;13720;1.3183996093630788;13720;45.374919888912622;13720;70.351268044068732;13720;478.80045389701371;13720;3.7327188940092166;13720;3.8117618335520493
13730;150.88351084933012;13730;1.3306070131534775;13730;45.411542100283832;13730;70.20477919858395;13730;478.80045389701371;13730;3.7351603747672963;13730;3.80809961241493
13740;150.98117007965331;13740;1.3550218207342752;13740;45.38712729270302;13740;70.229194006164747;13740;478.72136794771484;13740;3.737601855525376;13740;3.8157292397839289
13750;150.98117007965331;13750;1.3183996093630788;13750;45.313882869960629;13750;70.265816217535942;13750;478.72136794771484;13750;3.7400433362834558;13750;3.8151188695944089
13760;151.0422070986053;13760;1.2329477828302866;13760;45.179601428266238;13760;70.168156987212754;13760;478.68182497306549;13760;3.7424848170415359;13760;3.8190862758262889
13770;151.11545152134769;13770;1.1597033600878932;13770;45.204016235847035;13770;70.094912564470349;13770;478.60273902376662;13770;3.7452314828943756;13770;3.8224433118686485
13780;151.0666219061861;13780;1.2085329752494889;13780;45.118564409314246;13780;70.094912564470349;13780;478.52365307446786;13780;3.7476729636524553;13780;3.8233588671529284
13790;151.0422070986053;13790;1.1474959562974945;13790;45.045319986571855;13790;70.08270516067995;13790;478.56319604911721;13790;3.750114444410535;13790;3.8294625690481277
13800;150.93234046449172;13800;1.0620441297647023;13800;44.923245948667869;13800;70.070497756889552;13800;478.48411009981845;13800;3.7525559251686147;13800;3.8258003479110081
13810;151.0666219061861;13810;1.1108737449262978;13810;44.947660756248666;13810;69.960631122775965;13810;478.40502415051958;13810;3.7549974059266944;13810;3.8340403454695271
13820;150.93234046449172;13820;1.0742515335551013;13820;44.850001525925478;13820;69.911801507614371;13820;478.444567125169;13820;3.7577440717795341;13820;3.8309884945219275
13830;151.16428113650929;13830;1.0620441297647023;13830;44.654683065279094;13830;69.924008911404769;13830;478.444567125169;13830;3.7601855525376142;13830;3.838618121890927
13840;150.95675527207251;13840;1.0620441297647023;13840;44.69130527665029;13840;69.911801507614371;13840;478.40502415051958;13840;3.7626270332956939;13840;3.8364818262276068
13850;150.96896267586291;13850;0.988799707022309;13850;44.6302682576983;13850;69.911801507614371;13850;478.36548117587012;13850;3.7650685140537736;13850;3.8419751579332866
13860;151.00558488723411;13860;0.97659230323191015;13860;44.618060853907885;13860;69.948423718985566;13860;478.36548117587012;13860;3.7675099948118533;13860;3.8428907132175665
13870;151.0422070986053;13870;1.0132145146031069;13870;44.4959868160039;13870;69.985045930356762;13870;478.28639522657136;13870;3.770256660664693;13870;3.8456373790704061
13880;151.15207373271889;13880;0.95217749565111243;13880;44.4837794122135;13880;69.875179296243175;13880;478.24685225192195;13880;3.7726981414227727;13880;3.8511307107760855
13890;151.0422070986053;13890;0.83010345774712357;13890;44.398327585680711;13890;69.850764488662378;13890;478.20730927727249;13890;3.7751396221808524;13890;3.8511307107760855
13900;151.12765892513809;13900;0.83010345774712357;13900;44.312875759147921;13900;69.765312662129588;13900;478.20730927727249;13900;3.7775811029389321;13900;3.8590655232398454
13910;150.98117007965331;13910;0.80568865016632585;13910;44.215216528824733;13910;69.643238624225589;13910;478.16776630262314;13910;3.7800225836970123;13910;3.8544877468184451
13920;151.12765892513809;13920;0.793481246375927;13920;44.080935087130349;13920;69.5699942014832;13920;478.16776630262314;13920;3.782464064455092;13920;3.862422559282205
13930;151.00558488723411;13930;0.83010345774712357;13930;44.056520279549552;13930;69.5211645863216;13930;478.08868035332432;13930;3.7852107303079316;13930;3.8590655232398454
13940;151.16428113650929;13940;0.793481246375927;13940;43.983275856807161;13940;69.6066164128544;13940;478.04913737867486;13940;3.7876522110660114;13940;3.8651692251350447
13950;151.1032441175573;13950;0.72023682363353381;13950;44.007690664387958;13950;69.618823816644792;13950;478.08868035332432;13950;3.7900936918240911;13950;3.8639484847560048
13960;151.16428113650929;13960;0.68361461226233711;13960;43.873409222693574;13960;69.5577867976928;13960;478.04913737867486;13960;3.7925351725821708;13960;3.8691366313669242
13970;151.2741477706229;13970;0.67140720847193835;13970;43.885616626483973;13970;69.533371990112;13970;477.9700514293761;13970;3.7949766533402505;13970;3.8727988525040438
13980;151.23752555925171;13980;0.67140720847193835;13980;43.800164799951169;13980;69.411297952208017;13980;477.93050845472669;13980;3.79772331919309;13980;3.8740195928830836
13990;151.50608844264048;13990;0.68361461226233711;13990;43.702505569627981;13990;69.338053529465626;13990;477.93050845472669;13990;3.8001647999511707;13990;3.8804284798730433
14000;151.34739219336529;14000;0.67140720847193835;14000;43.726920377208778;14000;69.374675740836821;14000;477.85142250542788;14000;3.8026062807092504;14000;3.8761558885464034
14010;151.38401440473649;14010;0.61037018951994382;14010;43.629261146885575;14010;69.325846125675213;14010;477.89096548007723;14010;3.80504776146733;14010;3.8840907010101628
14020;151.39622180852689;14020;0.598162785729545;14020;43.580431531723981;14020;69.240394299142423;14020;477.85142250542788;14020;3.80748924222541;14020;3.8804284798730433
14030;151.57933286538287;14030;0.67140720847193835;14030;43.531601916562387;14030;69.301431318094416;14030;477.81187953077847;14030;3.8102359080782495;14030;3.8889736625263223
14040;151.48167363505968;14040;0.61037018951994382;14040;43.458357493819996;14040;69.338053529465626;14040;477.85142250542788;14040;3.8126773888363292;14040;3.8874477370525224
14050;151.60374767296366;14050;0.5127109591967528;14050;43.360698263496808;14050;69.154942472609633;14050;477.85142250542788;14050;3.8151188695944089;14050;3.8929410687582018
14060;151.59154026917327;14060;0.57374797814874723;14060;43.470564897610394;14060;69.130527665028836;14060;477.772336556129;14060;3.8175603503524886;14060;3.8947721793267616
14070;151.57933286538287;14070;0.598162785729545;14070;43.458357493819996;14070;69.203772087771227;14070;477.7327935814796;14070;3.8200018311105688;14070;3.8978240302743616
14080;151.79906613361004;14080;0.5493331705679495;14080;43.372905667287206;14080;69.130527665028836;14080;477.7327935814796;14080;3.8227484969634085;14080;3.8999603259376814
14090;151.62816248054446;14090;0.47608874782555621;14090;43.311868648335214;14090;69.069490646076844;14090;477.7327935814796;14090;3.8251899777214882;14090;3.9011810663167212
14100;151.65257728812526;14100;0.40284432508316292;14100;43.263039033173619;14100;69.057283242286445;14100;477.772336556129;14100;3.8276314584795679;14100;3.9066743980224006
14110;151.50608844264048;14110;0.43946653645435957;14110;43.238624225592822;14110;68.910794396801663;14110;477.7327935814796;14110;3.8300729392376476;14110;3.9036225470748009
14120;151.60374767296366;14120;0.41505172887356179;14120;43.17758720664083;14120;68.861964781640069;14120;477.7327935814796;14120;3.8325144199957273;14120;3.91247291482284
14130;151.48167363505968;14130;0.31739249855037077;14130;43.116550187688837;14130;68.959624011963257;14130;477.65370763218084;14130;3.835261085848567;14130;3.9085055085909604
14140;151.60374767296366;14140;0.32959990234076969;14140;43.055513168736844;14140;68.947416608172858;14140;477.61416465753138;14140;3.8377025666066467;14140;3.9158299508651995
14150;151.51829584643087;14150;0.30518509475997191;14150;43.079927976317641;14150;68.800927762688076;14150;477.57462168288197;14150;3.8401440473647268;14150;3.9139988402966397
14160;151.48167363505968;14160;0.34180730613116855;14160;42.982268745994453;14160;68.703268532364888;14160;477.53507870823262;14160;3.8425855281228065;14160;3.9204077272865994
14170;151.42063661610769;14170;0.40284432508316292;14170;43.116550187688837;14170;68.739890743736083;14170;477.57462168288197;14170;3.8450270088808862;14170;3.9216284676656392
14180;151.42063661610769;14180;0.3784295175023652;14180;43.055513168736844;14180;68.813135166478475;14180;477.57462168288197;14180;3.8474684896389659;14180;3.9249855037079988
14190;151.49388103885008;14190;0.31739249855037077;14190;42.872402111880866;14190;68.727683339945685;14190;477.57462168288197;14190;3.8502151554918056;14190;3.9283425397503584
14200;151.3107699819941;14200;0.26856288338877532;14200;42.762535477767265;14200;68.544572283089693;14200;477.53507870823262;14200;3.8526566362498853;14200;3.9265114291817986
14210;151.3107699819941;14210;0.29297769096957305;14210;42.786950285348063;14210;68.544572283089693;14210;477.49553573358321;14210;3.855098117007965;14210;3.9338358714560377
14220;151.13986632892849;14220;0.30518509475997191;14220;42.799157689138461;14220;68.5934018982513;14220;477.45599275893375;14220;3.8575395977660456;14220;3.9304788354136782
14230;151.37180700094609;14230;0.30518509475997191;14230;42.616046632282476;14230;68.715475936155286;14230;477.45599275893375;14230;3.8599810785241253;14230;3.9384136478774376
14240;151.24973296304211;14240;0.20752586443678089;14240;42.677083651234476;14240;68.703268532364888;14240;477.41644978428434;14240;3.862727744376965;14240;3.9359721671193579
14250;151.15207373271889;14250;0.17090365306558428;14250;42.701498458815273;14250;68.544572283089693;14250;477.41644978428434;14250;3.8651692251350447;14250;3.943906979583117
14260;151.12765892513809;14260;0.20752586443678089;14260;42.677083651234476;14260;68.5079500717185;14260;477.45599275893375;14260;3.8676107058931244;14260;3.9423810541093172
14270;151.22531815546131;14270;0.20752586443678089;14270;42.506179998168889;14270;68.4469130527665;14270;477.45599275893375;14270;3.8700521866512041;14270;3.9463484603411967
14280;151.22531815546131;14280;0.17090365306558428;14280;42.4207281716361;14280;68.5201574755089;14280;477.45599275893375;14280;3.8724936674092838;14280;3.9500106814783162
14290;151.0666219061861;14290;0.24414807580797754;14290;42.359691152684107;14290;68.4591204565569;14290;477.41644978428434;14290;3.8752403332621235;14290;3.9515366069521161
14300;151.18869594409011;14300;0.24414807580797754;14300;42.359691152684107;14300;68.276009399700925;14300;477.41644978428434;14300;3.8776818140202036;14300;3.9576403088473162
14310;151.0299996948149;14310;0.13428144169438766;14310;42.298654133732114;14310;68.239387188329729;14310;477.33736383498552;14310;3.8801232947782833;14310;3.9548936429944757
14320;151.16428113650929;14320;0.10986663411358989;14320;42.18878749961852;14320;68.263801995910526;14320;477.29782086033612;14320;3.882564775536363;14320;3.9613025299844358
14330;151.1032441175573;14330;0.10986663411358989;14330;42.139957884456926;14330;68.288216803491324;14330;477.33736383498552;14330;3.8850062562944427;14330;3.9567247535630363
14340;151.12765892513809;14340;0.097659230323191015;14340;42.066713461714521;14340;68.251594592120128;14340;477.41644978428434;14340;3.8877529221472824;14340;3.9646595660267954
14350;151.0422070986053;14350;0.073244422742393261;14350;42.164372692037723;14350;68.300424207281722;14350;477.41644978428434;14350;3.8901944029053621;14350;3.9631336405529956
14360;151.12765892513809;14360;0.097659230323191015;14360;42.091128269295332;14360;68.288216803491324;14360;477.29782086033612;14360;3.8926358836634418;14360;3.9692373424481948
14370;151.15207373271889;14370;0.10986663411358989;14370;42.127750480666528;14370;68.190557573168135;14370;477.29782086033612;14370;3.8950773644215215;14370;3.9710684530167546
14380;151.0299996948149;14380;0.097659230323191015;14380;42.066713461714521;14380;68.129520554216128;14380;477.25827788568671;14380;3.8975188451796017;14380;3.9738151188695943
14390;151.18869594409011;14390;0.061037018951994385;14390;41.895809808648941;14390;68.129520554216128;14390;477.25827788568671;14390;3.9002655110324413;14390;3.9783928952909942
14400;151.15207373271889;14400;0.048829615161595508;14400;41.883602404858543;14400;68.239387188329729;14400;477.21873491103725;14400;3.9027069917905211;14400;3.9774773400067143
14410;151.11545152134769;14410;0.048829615161595508;14410;41.932432020020137;14410;68.080690939054534;14410;477.29782086033612;14410;3.9051484725486008;14410;3.9848017822809534
14420;151.00558488723411;14420;0.024414807580797754;14420;41.944639423810536;14420;67.958616901150549;14420;477.29782086033612;14420;3.9075899533066805;14420;3.9808343760490739
14430;151.3107699819941;14430;0.036622211371196631;14430;41.895809808648941;14430;67.995239112521745;14430;477.21873491103725;14430;3.91003143406476;14430;3.9884640034180729
14440;151.24973296304211;14440;0.036622211371196631;14440;41.895809808648941;14440;67.983031708731346;14440;477.21873491103725;14440;3.91247291482284;14440;3.9860225226599932
14450;151.2985625782037;14450;0.048829615161595508;14450;41.834772789696949;14450;67.958616901150549;14450;477.21873491103725;14450;3.9152195806756795;14450;3.9927365947447124
14460;151.3351847895749;14460;0.048829615161595508;14460;41.82256538590655;14460;67.921994689779353;14460;477.21873491103725;14460;3.9176610614337597;14460;3.9921262245551925
14470;151.37180700094609;14470;0.012207403790398877;14470;41.639454329050565;14470;67.94640949736015;14470;477.21873491103725;14470;3.9201025421918394;14470;3.9963988158818324
14480;151.57933286538287;14480;0.036622211371196631;14480;41.578417310098573;14480;67.860957670827361;14480;477.25827788568671;14480;3.9225440229499191;14480;4.000061037018952
14490;151.46946623126928;14490;0.048829615161595508;14490;41.590624713888971;14490;67.690054017761767;14490;477.21873491103725;14490;3.9249855037079988;14490;4.0009765923032319
14500;151.37180700094609;14500;0.048829615161595508;14500;41.505172887356181;14500;67.653431806390572;14500;477.17919193638789;14500;3.9277321695608385;14500;4.0064699240089112
14510;151.23752555925171;14510;0.073244422742393261;14510;41.627246925260167;14510;67.726676229132963;14510;477.13964896173849;14510;3.9301736503189182;14510;4.0040284432508315
14520;151.42063661610769;14520;0.073244422742393261;14520;41.700491348002565;14520;67.726676229132963;14520;477.13964896173849;14520;3.9326151310769979;14520;4.0122684408093505
14530;151.40842921231729;14530;0.036622211371196631;14530;41.578417310098573;14530;67.677846613971369;14530;477.21873491103725;14530;3.9350566118350776;14530;4.008301034577471
14540;151.55491805780207;14540;0.036622211371196631;14540;41.541795098727377;14540;67.690054017761767;14540;477.17919193638789;14540;3.9374980925931578;14540;4.015930661946471
14550;151.57933286538287;14550;0.012207403790398877;14550;41.529587694936978;14550;67.714468825342564;14550;477.17919193638789;14550;3.9402447584459974;14550;4.0140995513779112
14560;151.57933286538287;14560;0;14560;41.407513657032986;14560;67.763298440504158;14560;477.21873491103725;14560;3.9426862392040771;14560;4.02050843836787
14570;151.67699209570605;14570;0;14570;41.383098849452189;14570;67.690054017761767;14570;477.25827788568671;14570;3.9451277199621568;14570;4.02233954893643
14580;151.53050325022127;14580;0;14580;41.2976470229194;14580;67.58018738364818;14580;477.21873491103725;14580;3.9475692007202365;14580;4.02478102969451
14590;151.65257728812526;14590;0;14590;41.2976470229194;14590;67.58018738364818;14590;477.17919193638789;14590;3.9500106814783162;14590;4.0290536210211494
14600;151.65257728812526;14600;0;14600;41.37089144566179;14600;67.506942960905789;14600;477.17919193638789;14600;3.9527573473311559;14600;4.0281380657368695
14610;151.57933286538287;14610;0.036622211371196631;14610;41.346476638080993;14610;67.604602191228977;14610;477.17919193638789;14610;3.9551988280892365;14610;4.0354625080111086
14620;151.57933286538287;14620;0.012207403790398877;14620;41.334269234290595;14620;67.641224402600173;14620;477.13964896173849;14620;3.9576403088473162;14620;4.032410657063509
14630;151.65257728812526;14630;0.012207403790398877;14630;41.37089144566179;14630;67.543565172276985;14630;477.17919193638789;14630;3.9600817896053959;14630;4.040650654622028
14640;151.55491805780207;14640;0;14640;41.322061830500196;14640;67.555772576067383;14640;477.17919193638789;14640;3.9625232703634756;14640;4.0382091738639483
14650;151.79906613361004;14650;0;14650;41.2732322153386;14650;67.604602191228977;14650;477.21873491103725;14650;3.9652699362163153;14650;4.0440076906643876
14660;151.70140690328685;14660;0;14660;41.285439619129;14660;67.641224402600173;14660;477.17919193638789;14660;3.967711416974395;14660;4.0437025055696276
14670;151.51829584643087;14670;0.012207403790398877;14670;41.285439619129;14670;67.677846613971369;14670;477.13964896173849;14670;3.9701528977324747;14670;4.048585467085787
14680;151.49388103885008;14680;0.012207403790398877;14680;41.3098544267098;14680;67.653431806390572;14680;477.21873491103725;14680;3.9725943784905544;14680;4.0528580584124274
14690;151.3351847895749;14690;0;14690;41.248817407757805;14690;67.421491134373;14690;477.17919193638789;14690;3.9750358592486346;14690;4.0537736136967073
14700;151.42063661610769;14700;0;14700;41.224402600177008;14700;67.506942960905789;14700;477.21873491103725;14700;3.9774773400067143;14700;4.0586565752128667
14710;151.43284401989808;14710;0;14710;41.12674336985382;14710;67.604602191228977;14710;477.17919193638789;14710;3.9802240058595539;14710;4.0552995391705071
14720;151.44505142368848;14720;0;14720;41.077913754692219;14720;67.494735557115391;14720;477.17919193638789;14720;3.9826654866176336;14720;4.0629291665395062
14730;151.22531815546131;14730;0;14730;41.06570635090182;14730;67.4092837305826;14730;477.17919193638789;14730;3.9851069673757133;14730;4.0598773155919066
14740;151.24973296304211;14740;0.024414807580797754;14740;41.041291543321023;14740;67.4581133457442;14740;477.17919193638789;14740;3.9875484481337931;14740;4.0678121280556656
14750;151.3351847895749;14750;0.024414807580797754;14750;41.090121158482617;14750;67.592394787438579;14750;477.17919193638789;14750;3.9899899288918728;14750;4.0656758323923459
14760;151.2863551744133;14760;0.012207403790398877;14760;40.98025452436903;14760;67.58018738364818;14760;477.21873491103725;14760;3.9927365947447124;14760;4.0708639790032652
14770;151.2985625782037;14770;0.024414807580797754;14770;40.894802697836241;14770;67.555772576067383;14770;477.17919193638789;14770;3.9951780755027926;14770;4.0730002746665859
14780;151.22531815546131;14780;0.012207403790398877;14780;41.004669331949827;14780;67.519150364696188;14780;477.13964896173849;14780;3.9976195562608723;14780;4.0754417554246656
14790;151.18869594409011;14790;0.012207403790398877;14790;41.016876735740226;14790;67.506942960905789;14790;477.21873491103725;14790;4.000061037018952;14790;4.080629902035585
14800;151.16428113650929;14800;0.012207403790398877;14800;40.98025452436903;14800;67.4581133457442;14800;477.17919193638789;14800;4.0025025177770317;14800;4.0787987914670252
14810;151.0422070986053;14810;0.012207403790398877;14810;41.06570635090182;14810;67.4581133457442;14810;477.17919193638789;14810;4.0052491836298714;14810;4.0870387890255442
14820;150.85909604174932;14820;0.012207403790398877;14820;41.016876735740226;14820;67.482528153324992;14820;477.17919193638789;14820;4.0076906643879511;14820;4.0830713827936647
14830;151.0910367137669;14830;0.012207403790398877;14830;40.907010101626639;14830;67.4092837305826;14830;477.21873491103725;14830;4.0101321451460308;14830;4.0897854548783839
14840;151.12765892513809;14840;0.012207403790398877;14840;40.845973082674647;14840;67.3848689230018;14840;477.17919193638789;14840;4.0125736259041105;14840;4.0873439741203041
14850;151.1032441175573;14850;0.012207403790398877;14850;40.894802697836241;14850;67.421491134373;14850;477.17919193638789;14850;4.0150151066621911;14850;4.0946684163945433
14860;151.0910367137669;14860;0.012207403790398877;14860;40.882595294045842;14860;67.4336985381634;14860;477.25827788568671;14860;4.0177617725150307;14860;4.0958891567735831
14870;150.93234046449172;14870;0.012207403790398877;14870;40.833765678884248;14870;67.3970763267922;14870;477.21873491103725;14870;4.0202032532731105;14870;4.1001617481002226
14880;150.96896267586291;14880;0.036622211371196631;14880;40.968047120578632;14880;67.4581133457442;14880;477.17919193638789;14880;4.02264473403119;14880;4.1047395245216221
14890;150.92013306070132;14890;0.024414807580797754;14890;40.992461928159429;14890;67.4336985381634;14890;477.10010598708908;14890;4.02508621478927;14890;4.105044709616382
14900;150.94454786828211;14900;0.012207403790398877;14900;40.882595294045842;14900;67.4581133457442;14900;477.13964896173849;14900;4.02752769554735;14900;4.1117587817011021
14910;150.96896267586291;14910;0.012207403790398877;14910;40.821558275093849;14910;67.506942960905789;14910;477.10010598708908;14910;4.0302743614001892;14910;4.1096224860377815
14920;151.00558488723411;14920;0;14920;40.919217505417038;14920;67.519150364696188;14920;477.13964896173849;14920;4.0327158421582689;14920;4.1160313730277416
14930;150.87130344553972;14930;0;14930;40.992461928159429;14930;67.482528153324992;14930;477.17919193638789;14930;4.0351573229163487;14930;4.112674336985382
14940;150.95675527207251;14940;0;14940;41.041291543321023;14940;67.543565172276985;14940;477.17919193638789;14940;4.0375988036744284;14940;4.1203039643543811
14950;151.01779229102451;14950;0;14950;41.077913754692219;14950;67.543565172276985;14950;477.13964896173849;14950;4.0400402844325081;14950;4.1196935941648611
14960;150.92013306070132;14960;0;14960;40.870387890255444;14960;67.4336985381634;14960;477.17919193638789;14960;4.0424817651905878;14960;4.1251869258705405
14970;150.87130344553972;14970;0;14970;40.723899044770661;14970;67.4092837305826;14970;477.17919193638789;14970;4.0452284310434274;14970;4.12732322153386
14980;150.87130344553972;14980;0;14980;40.845973082674647;14980;67.3970763267922;14980;477.13964896173849;14980;4.0476699118015071;14980;4.12823877681814
14990;150.95675527207251;14990;0.024414807580797754;14990;40.894802697836241;14990;67.3970763267922;14990;477.17919193638789;14990;4.0501113925595869;14990;4.1331217383342995
15000;150.85909604174932;15000;0.012207403790398877;15000;40.797143467513052;15000;67.506942960905789;15000;477.21873491103725;15000;4.0525528733176666;15000;4.13190099795526
15010;150.90792565691092;15010;0;15010;40.809350871303451;15010;67.653431806390572;15010;477.21873491103725;15010;4.0549943540757472;15010;4.1380046998504589
15020;150.83468123416853;15020;0;15020;40.784936063722654;15020;67.629016998809774;15020;477.17919193638789;15020;4.0577410199285868;15020;4.1337321085238194
15030;150.96896267586291;15030;0;15030;40.784936063722654;15030;67.690054017761767;15030;477.13964896173849;15030;4.0601825006866665;15030;4.1410565507980586
15040;150.96896267586291;15040;0;15040;40.833765678884248;15040;67.555772576067383;15040;477.13964896173849;15040;4.0626239814447462;15040;4.1392254402294988
15050;150.88351084933012;15050;0;15050;40.894802697836241;15050;67.4703207495346;15050;477.21873491103725;15050;4.0650654622028259;15050;4.145634327219458
15060;150.93234046449172;15060;0;15060;40.73610644856106;15060;67.543565172276985;15060;477.17919193638789;15060;4.0675069429609056;15060;4.145634327219458
15070;150.90792565691092;15070;0;15070;40.748313852351458;15070;67.4581133457442;15070;477.13964896173849;15070;4.0702536088137453;15070;4.1499069185460975
15080;150.93234046449172;15080;0;15080;40.870387890255444;15080;67.4703207495346;15080;477.21873491103725;15080;4.0726950895718259;15080;4.153263954588458
15090;150.88351084933012;15090;0;15090;40.772728659932255;15090;67.555772576067383;15090;477.21873491103725;15090;4.0751365703299056;15090;4.1523483993041781
15100;150.96896267586291;15100;0;15100;40.772728659932255;15100;67.592394787438579;15100;477.17919193638789;15100;4.0775780510879853;15100;4.1581469161046174
15110;150.94454786828211;15110;0;15110;40.772728659932255;15110;67.494735557115391;15110;477.13964896173849;15110;4.080019531846065;15110;4.1557054353465377
15120;150.98117007965331;15120;0;15120;40.748313852351458;15120;67.4336985381634;15120;477.21873491103725;15120;4.0827661976989047;15120;4.1630298776207768
15130;150.83468123416853;15130;0;15130;40.748313852351458;15130;67.4336985381634;15130;477.17919193638789;15130;4.0852076784569844;15130;4.1596728415784172
15140;151.01779229102451;15140;0;15140;40.748313852351458;15140;67.506942960905789;15140;477.13964896173849;15140;4.0876491592150641;15140;4.1660817285683764
15150;151.0666219061861;15150;0;15150;40.711691640980249;15150;67.543565172276985;15150;477.25827788568671;15150;4.0900906399731438;15150;4.1651661732840966
15160;150.94454786828211;15160;0;15160;40.711691640980249;15160;67.506942960905789;15160;477.25827788568671;15160;4.0925321207312235;15160;4.1709646900845367
15170;150.88351084933012;15170;0;15170;40.772728659932255;15170;67.592394787438579;15170;477.21873491103725;15170;4.0949736014893032;15170;4.1731009857478565
15180;150.84688863795893;15180;0;15180;40.784936063722654;15180;67.604602191228977;15180;477.21873491103725;15180;4.0977202673421429;15180;4.1752372814111762
15190;151.00558488723411;15190;0;15190;40.772728659932255;15190;67.567979979857782;15190;477.25827788568671;15190;4.1001617481002226;15190;4.1798150578325757
15200;151.01779229102451;15200;0;15200;40.61403241065706;15200;67.519150364696188;15200;477.17919193638789;15200;4.1026032288583023;15200;4.1779839472640159
15210;151.0422070986053;15210;0;15210;40.638447218237857;15210;67.567979979857782;15210;477.17919193638789;15210;4.105044709616382;15210;4.185613574633015
15220;151.00558488723411;15220;0;15220;40.772728659932255;15220;67.482528153324992;15220;477.17919193638789;15220;4.1074861903744617;15220;4.1822565385906554
15230;151.0299996948149;15230;0;15230;40.61403241065706;15230;67.4703207495346;15230;477.17919193638789;15230;4.1102328562273014;15230;4.1886654255806146
15240;151.0544145023957;15240;0;15240;40.589617603076263;15240;67.494735557115391;15240;477.13964896173849;15240;4.112674336985382;15240;4.1865291299172949
15250;151.16428113650929;15250;0;15250;40.650654622028256;15250;67.494735557115391;15250;477.10010598708908;15250;4.1151158177434617;15250;4.1929380169072541
15260;151.18869594409011;15260;0;15260;40.626239814447459;15260;67.519150364696188;15260;477.13964896173849;15260;4.1175572985015414;15260;4.1941587572862939
15270;151.1032441175573;15270;0;15270;40.589617603076263;15270;67.519150364696188;15270;477.13964896173849;15270;4.1199987792596211;15270;4.1978209784234135
15280;151.0666219061861;15280;0;15280;40.687276833399451;15280;67.519150364696188;15280;477.13964896173849;15280;4.1227454451124608;15280;4.2005676442762532
15290;151.0910367137669;15290;0;15290;40.638447218237857;15290;67.494735557115391;15290;477.13964896173849;15290;4.1251869258705405;15290;4.2008728293710131
15300;151.11545152134769;15300;0;15300;40.577410199285865;15300;67.567979979857782;15300;477.21873491103725;15300;4.12762840662862;15300;4.2069765312662124
15310;151.11545152134769;15310;0.012207403790398877;15310;40.479750968962669;15310;67.555772576067383;15310;477.21873491103725;15310;4.1300698873867;15310;4.2042298654133727
15320;151.22531815546131;15320;0.012207403790398877;15320;40.479750968962669;15320;67.519150364696188;15320;477.17919193638789;15320;4.13251136814478;15320;4.2124698629718926
15330;150.96896267586291;15330;0;15330;40.430921353801075;15330;67.506942960905789;15330;477.13964896173849;15330;4.1352580339976193;15330;4.209418012024293
15340;151.01779229102451;15340;0;15340;40.39429914242988;15340;67.555772576067383;15340;477.17919193638789;15340;4.137699514755699;15340;4.2167424542985321
EOF
