Name;Scope Project1;
File;C:\Users\Tobno\Desktop\CBV_Mapping\Jib\OppPOPEN90.csv;
Starttime of export;134223624689660000;mandag 4. mai 2026;12:01:08.966
Endtime of export;134223624922060000;mandag 4. mai 2026;12:01:32.206


Name;fPresSupply_bar;Name;fPres1A_bar;Name;fPres1B_bar;Name;fCylinder1_mm;Name;fValve1_V;Name;fSensor1_V;Name;fPresCyl1A_bar;Name;fPresCyl1B_bar

0;151.16428113650929;0;32.142094180120246;0;79.4335764641255;0;39.38906105643985;0;5.00015259254738;0;4.9711600085451826;0;45.204016235847035;0;84.609515671254627
10;151.21311075167091;10;32.239753410443434;10;79.3603320413831;10;39.428596398261035;10;5.00015259254738;10;4.9717703787347025;10;45.22843104342784;10;84.597308267464228
20;151.13986632892849;20;32.251960814233833;20;79.3481246375927;20;39.38906105643985;20;5.00015259254738;20;4.9717703787347025;20;45.289468062379832;20;84.560686056093019
30;151.13986632892849;30;32.300790429395427;30;79.4335764641255;30;39.38906105643985;30;5.00015259254738;30;4.9690237128818628;30;45.22843104342784;30;84.524063844721823
40;151.16428113650929;40;32.142094180120246;40;79.3847468489639;40;39.428596398261035;40;5.00015259254738;40;4.9687185277871029;40;45.155186620685441;40;84.54847865230262
50;151.11545152134769;50;32.215338602862637;50;79.3725394451735;50;39.38906105643985;50;5.00015259254738;50;4.9708548234504226;50;45.216223639637441;50;84.536271248512222
60;151.0910367137669;60;32.386242255928224;60;79.457991271706291;60;39.38906105643985;60;5.00015259254738;60;4.9726859340189824;60;45.326090273751028;60;84.54847865230262
70;151.0910367137669;70;32.410657063509021;70;79.4091616565447;70;39.349525714618679;70;5.00015259254738;70;4.9717703787347025;70;45.301675466170231;70;84.524063844721823
80;151.16428113650929;80;32.349620044557028;80;79.3481246375927;80;39.38906105643985;80;5.00015259254738;80;4.9711600085451826;80;45.399334696493419;80;84.597308267464228
90;151.16428113650929;90;32.349620044557028;90;79.47019867549669;90;39.349525714618679;90;5.00015259254738;90;4.9690237128818628;90;45.301675466170231;90;84.694967497787417
100;151.12765892513809;100;32.300790429395427;100;79.457991271706291;100;39.38906105643985;100;5.00015259254738;100;4.9705496383556627;100;45.155186620685441;100;84.572893459883431
110;151.0910367137669;110;32.325205236976231;110;79.4335764641255;110;39.428596398261035;110;5.00015259254738;110;4.9702444532609027;110;45.094149601733449;110;84.46302682576983
120;151.0666219061861;120;32.386242255928224;120;79.482406079287088;120;39.38906105643985;120;5.00015259254738;120;4.9705496383556627;120;45.130771813104644;120;84.475234229560229
130;151.20090334788051;130;32.325205236976231;130;79.47019867549669;130;39.38906105643985;130;5.00015259254738;130;4.9711600085451826;130;45.374919888912622;130;84.609515671254627
140;151.20090334788051;140;32.361827448347427;140;79.3969542527543;140;39.349525714618679;140;5.00015259254738;140;4.9693288979766228;140;45.301675466170231;140;84.572893459883431
150;151.13986632892849;150;32.300790429395427;150;79.3969542527543;150;39.349525714618679;150;5.00015259254738;150;4.9693288979766228;150;45.204016235847035;150;84.377574999237041
160;151.1032441175573;160;32.27637562181463;160;79.3847468489639;160;39.38906105643985;160;5.00015259254738;160;4.9714651936399425;160;45.16739402447584;160;84.328745384075447
170;151.12765892513809;170;32.398449659718622;170;79.3359172338023;170;39.38906105643985;170;5.00015259254738;170;4.9732963042085023;170;45.204016235847035;170;84.511856440931425
180;151.1032441175573;180;32.300790429395427;180;79.3969542527543;180;39.38906105643985;180;5.00015259254738;180;4.9714651936399425;180;45.252845851008637;180;84.536271248512222
190;151.1032441175573;190;32.325205236976231;190;79.4091616565447;190;39.428596398261035;190;5.00015259254738;190;4.9705496383556627;190;45.16739402447584;190;84.438612018189033
200;151.0666219061861;200;32.483901486251412;200;79.4335764641255;200;39.468131740082214;200;5.00015259254738;200;4.9696340830713828;200;45.240638447218238;200;84.609515671254627
210;151.1032441175573;210;32.361827448347427;210;79.4091616565447;210;39.428596398261035;210;5.00015259254738;210;4.9705496383556627;210;45.350505081331825;210;84.54847865230262
220;151.0666219061861;220;32.349620044557028;220;79.29929502243111;220;39.428596398261035;220;5.00015259254738;220;4.9702444532609027;220;45.240638447218238;220;84.450819421979432
230;151.01779229102451;230;32.410657063509021;230;79.3481246375927;230;39.349525714618679;230;5.00015259254738;230;4.9717703787347025;230;45.142979216895043;230;84.54847865230262
240;150.98117007965331;240;32.410657063509021;240;79.4091616565447;240;39.349525714618679;240;5.00015259254738;240;4.9742118594927822;240;45.240638447218238;240;84.511856440931425
250;151.0910367137669;250;32.398449659718622;250;79.4091616565447;250;39.38906105643985;250;5.00015259254738;250;4.9705496383556627;250;45.338297677541426;250;84.524063844721823
260;151.11545152134769;260;32.398449659718622;260;79.3603320413831;260;39.349525714618679;260;5.00015259254738;260;4.9687185277871029;260;45.313882869960629;260;84.682760093997018
270;151.11545152134769;270;32.410657063509021;270;79.445783867915893;270;39.270455030976265;270;5.00015259254738;270;4.9690237128818628;270;45.301675466170231;270;84.682760093997018
280;151.11545152134769;280;32.447279274880216;280;79.482406079287088;280;39.38906105643985;280;5.00015259254738;280;4.9717703787347025;280;45.301675466170231;280;84.524063844721823
290;151.0544145023957;290;32.483901486251412;290;79.3481246375927;290;39.38906105643985;290;5.0450148014770955;290;4.9708548234504226;290;45.265053254799035;290;84.438612018189033
300;151.13986632892849;300;32.508316293832209;300;79.311502426221509;300;39.349525714618679;300;5.0901821955015709;300;4.9717703787347025;300;45.216223639637441;300;84.511856440931425
310;151.16428113650929;310;32.5693533127842;310;79.287087618640712;310;39.38906105643985;310;5.1350444044312873;310;4.9717703787347025;310;45.216223639637441;310;84.487441633350628
320;151.20090334788051;320;32.49610889004181;320;79.201635792107922;320;39.38906105643985;320;5.1802117984557636;320;4.9693288979766228;320;45.204016235847035;320;84.340952787865845
330;151.11545152134769;330;32.593768120365;330;79.274880214850313;330;39.38906105643985;330;5.22507400738548;330;4.9693288979766228;330;45.313882869960629;330;84.365367595446642
340;151.01779229102451;340;32.5571459089938;340;79.4091616565447;340;39.349525714618679;340;5.2702414014099555;340;4.9687185277871029;340;45.252845851008637;340;84.524063844721823
350;151.0910367137669;350;32.422864467299419;350;79.3603320413831;350;39.349525714618679;350;5.3151036103396709;350;4.9693288979766228;350;45.216223639637441;350;84.511856440931425
360;151.1032441175573;360;32.520523697622608;360;79.3359172338023;360;39.38906105643985;360;5.3602710043641464;360;4.9690237128818628;360;45.240638447218238;360;84.438612018189033
370;151.11545152134769;370;32.532731101413006;370;79.4091616565447;370;39.428596398261035;370;5.4051332132938619;370;4.9717703787347025;370;45.22843104342784;370;84.511856440931425
380;151.22531815546131;380;32.435071871089818;380;79.3847468489639;380;39.38906105643985;380;5.4499954222235791;380;4.9714651936399425;380;45.265053254799035;380;84.46302682576983
390;151.20090334788051;390;32.398449659718622;390;79.3481246375927;390;39.349525714618679;390;5.4951628162480546;390;4.9708548234504226;390;45.350505081331825;390;84.438612018189033
400;151.0544145023957;400;32.520523697622608;400;79.29929502243111;400;39.38906105643985;400;5.540025025177771;400;4.9705496383556627;400;45.313882869960629;400;84.597308267464228
410;151.12765892513809;410;32.5815607165746;410;79.21384319589832;410;39.349525714618679;410;5.5851924192022464;410;4.9690237128818628;410;45.22843104342784;410;84.560686056093019
420;151.16428113650929;420;32.532731101413006;420;79.250465407269516;420;39.428596398261035;420;5.6300546281319619;420;4.9690237128818628;420;45.301675466170231;420;84.475234229560229
430;151.13986632892849;430;32.410657063509021;430;79.3725394451735;430;39.38906105643985;430;5.6752220221564373;430;4.968108157597583;430;45.350505081331825;430;84.450819421979432
440;151.20090334788051;440;32.447279274880216;440;79.311502426221509;440;39.270455030976265;440;5.7200842310861528;440;4.9687185277871029;440;45.374919888912622;440;84.475234229560229
450;151.18869594409011;450;32.5693533127842;450;79.21384319589832;450;39.38906105643985;450;5.76525162511063;450;4.9687185277871029;450;45.301675466170231;450;84.572893459883431
460;151.24973296304211;460;32.520523697622608;460;79.287087618640712;460;39.428596398261035;460;5.8101138340403455;460;4.9690237128818628;460;45.142979216895043;460;84.536271248512222
470;151.24973296304211;470;32.520523697622608;470;79.311502426221509;470;39.38906105643985;470;5.8549760429700619;470;4.9693288979766228;470;45.094149601733449;470;84.54847865230262
480;151.18869594409011;480;32.5571459089938;480;79.3725394451735;480;39.38906105643985;480;5.9001434369945374;480;4.9687185277871029;480;45.142979216895043;480;84.54847865230262
490;151.2741477706229;490;32.5571459089938;490;79.531235694448682;490;39.349525714618679;490;5.9450056459242528;490;4.9684133426923429;490;45.16739402447584;490;84.511856440931425
500;151.15207373271889;500;32.49610889004181;500;79.506820886867885;500;39.38906105643985;500;5.9901730399487283;500;4.9702444532609027;500;45.179601428266238;500;84.609515671254627
510;151.0666219061861;510;32.5571459089938;510;79.3359172338023;510;39.38906105643985;510;6.0350352488784438;510;4.9702444532609027;510;45.179601428266238;510;84.536271248512222
520;151.1032441175573;520;32.5815607165746;520;79.201635792107922;520;39.38906105643985;520;6.080202642902921;520;4.9705496383556627;520;45.155186620685441;520;84.46302682576983
530;151.12765892513809;530;32.5693533127842;530;79.250465407269516;530;39.38906105643985;530;6.1250648518326365;530;4.9708548234504226;530;45.142979216895043;530;84.609515671254627
540;151.15207373271889;540;32.5815607165746;540;79.287087618640712;540;39.38906105643985;540;6.1702322458571128;540;4.9684133426923429;540;45.16739402447584;540;84.621723075045026
550;151.0910367137669;550;32.66701254310739;550;79.274880214850313;550;39.349525714618679;550;6.2150944547868283;550;4.9702444532609027;550;45.289468062379832;550;84.487441633350628
560;150.98117007965331;560;32.837916196172976;560;79.274880214850313;560;39.349525714618679;560;6.2602618488113038;560;4.9711600085451826;560;45.313882869960629;560;84.46302682576983
570;151.0299996948149;570;32.862331003753773;570;79.274880214850313;570;39.428596398261035;570;6.3051240577410193;570;4.9729911191137424;570;45.240638447218238;570;84.475234229560229
580;151.15207373271889;580;32.740256965849788;580;79.3847468489639;580;39.349525714618679;580;6.3499862666707365;580;4.9729911191137424;580;45.204016235847035;580;84.54847865230262
590;151.2863551744133;590;32.679219946897788;590;79.3969542527543;590;39.38906105643985;590;6.395153660695212;590;4.9726859340189824;590;45.252845851008637;590;84.572893459883431
600;151.0910367137669;600;32.593768120365;600;79.3481246375927;600;39.468131740082214;600;6.4400158696249274;600;4.9827570421460612;600;45.252845851008637;600;84.54847865230262
610;151.0544145023957;610;32.6059755241554;610;79.3603320413831;610;39.428596398261035;610;6.4851832636494038;610;5.0376903592028563;610;45.22843104342784;610;84.609515671254627
620;151.1032441175573;620;32.654805139316991;620;79.3359172338023;620;39.428596398261035;620;6.5300454725791193;620;5.1222266304513688;620;45.338297677541426;620;84.524063844721823
630;151.0666219061861;630;32.703634754478585;630;79.3603320413831;630;39.38906105643985;630;6.5752128666035947;630;5.2034058656575208;630;45.338297677541426;630;84.389782403027439
640;151.12765892513809;640;32.825708792382578;640;79.29929502243111;640;39.468131740082214;640;6.62007507553331;640;5.2528458510086367;640;45.289468062379832;640;84.46302682576983
650;151.01779229102451;650;32.789086581011382;650;79.238258003479118;650;39.468131740082214;650;6.6652424695577874;650;5.2604754783776366;650;45.22843104342784;650;84.536271248512222
660;151.0544145023957;660;32.789086581011382;660;79.250465407269516;660;39.547202423724563;660;6.7101046784875029;660;5.273903622547075;660;45.22843104342784;660;84.597308267464228
670;150.94454786828211;670;32.850123599963375;670;79.250465407269516;670;39.547202423724563;670;6.7549668874172184;670;5.2815332499160741;670;45.16739402447584;670;84.524063844721823
680;151.0910367137669;680;32.825708792382578;680;79.250465407269516;680;39.507667081903385;680;6.8001342814416947;680;5.3050325022125921;680;45.16739402447584;680;84.353160191656244
690;150.98117007965331;690;32.789086581011382;690;79.250465407269516;690;39.507667081903385;690;6.84499649037141;690;5.3358561967833493;690;45.252845851008637;690;84.365367595446642
700;150.96896267586291;700;32.837916196172976;700;79.29929502243111;700;39.547202423724563;700;6.8901638843958857;700;5.3663747062593457;700;45.240638447218238;700;84.377574999237041
710;150.92013306070132;710;32.837916196172976;710;79.238258003479118;710;39.507667081903385;710;6.935026093325602;710;5.427411725211341;710;45.16739402447584;710;84.414197210608236
720;150.88351084933012;720;32.776879177220984;720;79.152806176946328;720;39.468131740082214;720;6.9801934873500784;720;5.4963835566270944;720;45.252845851008637;720;84.54847865230262
730;150.93234046449172;730;32.764671773430585;730;79.189428388317523;730;39.507667081903385;730;7.0250556962797939;730;5.596484267708365;730;45.350505081331825;730;84.597308267464228
740;150.92013306070132;740;32.789086581011382;740;79.3481246375927;740;39.507667081903385;740;7.0702230903042693;740;5.7029938657795949;740;45.350505081331825;740;84.524063844721823
750;151.00558488723411;750;32.825708792382578;750;79.262672811059915;750;39.62627310736692;750;7.1150852992339857;750;5.8317819757683029;750;45.313882869960629;750;84.438612018189033
760;150.70039979247414;760;32.850123599963375;760;79.177220984527125;760;39.507667081903385;760;7.1599475081637012;760;5.9614856410412917;760;45.240638447218238;760;84.54847865230262
770;150.81026642658773;770;31.958983123264261;770;74.83138523514512;770;39.468131740082214;770;7.2051149021881766;770;6.0792870876186411;770;45.301675466170231;770;84.572893459883431
780;150.74922940763574;780;30.237739188818018;780;65.272988067262787;780;39.547202423724563;780;7.249977111117893;780;6.1949522385326707;780;45.435956907864629;780;84.255500961333055
790;150.27314065981017;790;28.638569292275768;790;46.522415845210119;790;39.547202423724563;790;7.2951445051423693;790;6.2837611011078218;790;45.728934598834194;790;84.182256538590664
800;149.41862239448224;800;30.103457747123631;800;25.611133152256844;800;39.547202423724563;800;7.3400067140720848;800;6.3783684804834131;800;46.131778923917359;800;84.353160191656244
810;148.83266701254311;810;36.610003967406229;810;9.3630787072359389;810;39.547202423724563;810;7.38517410809656;810;6.4632099368266847;810;46.37592699972533;810;84.475234229560229
820;148.05139316995758;820;44.923245948667869;820;0.34180730613116855;820;39.547202423724563;820;7.4300363170262766;820;6.5715506454664752;820;46.607867671742909;820;84.353160191656244
830;147.14804528946806;830;51.478621784112065;830;0.23194067201757868;830;39.547202423724563;830;7.4752037110507521;830;6.6713461714529867;830;48.109378337961971;830;84.438612018189033
840;146.58650471510973;840;55.030976287118136;840;0.24414807580797754;840;39.62627310736692;840;7.5200659199804685;840;6.7671742912076169;840;50.440992461928161;840;85.195471053193756
850;145.7564012573626;850;56.764427625354777;850;0.24414807580797754;850;39.62627310736692;850;7.564928128910184;850;6.85048982207709;850;52.101199377422404;850;86.306344798120065
860;144.98733481856746;860;58.253730887783441;860;0.23194067201757868;860;39.62627310736692;860;7.61009552293466;860;6.9234290597247226;860;53.553880428479872;860;87.551499984740744
870;144.12060914944914;870;59.669789727469713;870;0.24414807580797754;870;39.62627310736692;870;7.6549577318643758;870;6.9960631122775965;870;54.835657826471753;870;88.918729209265408
880;143.595690786462;880;61.488692892239136;880;0.2563554795983764;880;39.665808449188091;880;7.7001251258888512;880;7.0470290231025112;880;56.642353587450792;880;90.420239875484469
890;142.85103915524766;890;63.576158940397356;890;0.26856288338877532;890;39.62627310736692;890;7.7449873348185676;890;7.0970793786431479;890;58.839686269722591;890;92.007202368236349
900;142.37495040742209;900;65.627002777184359;900;0.2563554795983764;900;39.665808449188091;900;7.7901547288430431;900;7.1538438062685019;900;60.634174626911218;900;93.215735343485818
910;141.53263954588456;910;67.4581133457442;910;1.8189031647694327;910;39.823949816472805;910;7.8350169377727594;910;7.2368541520432137;910;62.111270485549483;910;95.022431104464857
920;140.93447676015504;920;68.886379589220866;920;3.5767693105868714;920;39.942555841936333;920;7.8801843317972349;920;7.3003326517532887;920;63.576158940397356;920;96.71926023133031
930;140.4339732047487;930;69.99725333414716;930;3.7232581560716578;930;40.061161867399868;930;7.9250465407269512;930;7.3812067018646808;930;64.796899319437244;930;97.7690969573046
940;139.97009186071352;940;70.680867946409492;940;3.4180730613116856;940;40.100697209221046;940;7.9702139347514267;940;7.4456007568590357;940;65.468306527909178;940;99.209570604571667
950;139.79918820764794;950;71.022675252540665;950;3.3448286385692922;950;40.298373918326931;950;8.0150761436811422;950;7.5127414777062285;950;65.749076815088344;950;100.82094790490433
960;139.53062532425918;960;71.156956694235049;960;3.2349620044557028;960;40.37744460196928;960;8.0599383526108586;960;7.5597399822992646;960;65.663624988555554;960;102.29804376354259
970;139.64049195837276;970;71.327860347300643;970;3.0640583513901181;970;40.535585969253987;970;8.1051057466353331;970;7.61070589312418;970;65.553758354441968;970;103.60423596911528
980;139.56724753563037;980;71.303445539719846;980;3.0518509475997191;980;40.693727336538721;980;8.1499679555650513;980;7.6592303231910153;980;65.431684316537982;980;105.08133182775354
990;139.64049195837276;990;71.156956694235049;990;3.1495101779229104;990;40.97047472928697;990;8.1951353495895258;990;7.7211828974272905;990;65.1753288369396;990;106.50959807123019
1000;139.51841792046878;1000;71.254615924558237;1000;3.4424878688924831;1000;41.049545412929319;1000;8.2399975585192422;1000;7.7965636158330032;1000;65.089877010406809;1000;107.92565691091647
1010;139.88464003418073;1010;71.584215826899012;1010;3.7354655598620563;1010;41.207686780214026;1010;8.2851649525437168;1010;7.8463087862788781;1010;65.431684316537982;1010;109.32950834681235
1020;140.26306955168312;1020;71.987060151982178;1020;4.0528580584124274;1020;41.484434172962267;1020;8.3300271614734331;1020;7.9006317331461524;1020;65.871150852992344;1020;110.69673757133702
1030;140.73915829950866;1030;72.548600726340524;1030;4.4312875759147925;1030;41.64257554024698;1030;8.37519455549791;1030;7.9503769035920291;1030;66.3716544083987;1030;112.08838160344247
1040;141.38615070039978;1040;73.366496780297254;1040;5.0050355540635394;1040;41.879787591174065;1040;8.4200567644276259;1040;8.008056886501663;1040;67.018646809289834;1040;113.39457380901517
1050;141.77678762169253;1050;73.940244758446;1050;5.5543687246314883;1050;42.037928958458771;1050;8.4649189733573422;1050;8.0504776146733;1050;67.494735557115391;1050;114.59089938047427
1060;142.05755790887173;1060;74.489577929013947;1060;6.0060426648762473;1060;42.235605667564663;1060;8.5100863673818168;1060;8.1017487105929735;1060;68.019653920102542;1060;115.71398052919095
1070;142.04535050508133;1070;75.160985137485881;1070;6.3356425672170174;1070;42.472817718491726;1070;8.5549485763115332;1070;8.15790276802881;1070;68.5934018982513;1070;116.72719504379405
1080;142.59468367564929;1080;75.795770134586633;1080;6.7262794885097819;1080;42.710029769418782;1080;8.60011597033601;1080;8.2061220130008845;1080;69.130527665028836;1080;117.75261696218757
1090;142.65572069460129;1090;76.381725516525776;1090;6.9460127567369607;1090;42.947241820345852;1090;8.6449781792657241;1090;8.25891903439436;1090;69.5089571825312;1090;118.6071352275155
1100;142.79000213629567;1100;76.96768089846492;1100;7.3000274666585288;1100;43.223989213094114;1100;8.6901455732902;1100;8.3211767937253942;1100;69.814142277291182;1100;119.40061647389142
1110;143.19284646137882;1110;77.529221472823266;1110;7.8493606372264786;1110;43.540271947663527;1110;8.7350077822199168;1110;8.3950315866573071;1110;70.278023621326341;1110;120.12085329752496
1120;143.48582415234841;1120;78.11517685476241;1120;8.1179235206152534;1120;43.69841331494824;1120;8.7801751762443931;1120;8.4344004638813441;1120;70.77852717673268;1120;120.84109012115849
1130;143.6078981902524;1130;78.749961851863162;1130;8.4597308267464211;1130;43.975160707696482;1130;8.8250373851741077;1130;8.48445081942198;1130;71.291238135929447;1130;121.51249732963043
1140;143.6323129978332;1140;79.226050599688719;1140;8.9114047669911809;1140;44.2914434422659;1140;8.8698995941038241;1140;8.5430463576158946;1140;71.926023133030185;1140;122.04962309640797
1150;143.717764824366;1150;79.934080019531848;1150;9.3264564958647416;1150;44.607726176835342;1150;8.9150669881282987;1150;8.59889522995697;1150;72.597430341502118;1150;122.44026001770074
1160;143.48582415234841;1160;80.556657612842187;1160;9.68047120578631;1160;44.924008911404755;1160;8.959929197058015;1160;8.6327707754753256;1160;73.183385723441262;1160;122.97738578447827
1170;143.21726126895962;1170;81.301309244056512;1170;10.144352549821466;1170;45.200756304152996;1170;9.0050965910824914;1170;8.6825159459212014;1170;73.622852259895623;1170;123.53892635883663
1180;142.72896511734368;1180;82.143620105594039;1180;10.693685720389416;1180;45.437968355080059;1180;9.0499588000122078;1180;8.7548448133793144;1180;74.245429853205962;1180;123.85631885738701
1190;142.61909848323009;1190;82.888271736808363;1190;11.169774468214973;1190;45.714715747828357;1190;9.0951261940366841;1190;8.80428479873043;1190;75.0389110995819;1190;124.23474837488936
1200;142.24066896572771;1200;83.73058259834589;1200;11.523789178136541;1200;45.9914631405766;1200;9.1399884029663987;1200;8.8564714499343857;1200;75.82018494216743;1200;124.53993346964933
1210;142.02093569750053;1210;84.524063844721823;1210;11.890011291848506;1210;46.189139849682483;1210;9.185155796990875;1210;8.91079439680166;1210;76.613666188543348;1210;124.69862971892454
1220;141.74016541032134;1220;85.293130283516945;1220;12.207403790398876;1220;46.386816558788368;1220;9.2300180059205914;1220;8.9700003051850956;1220;77.2606585894345;1220;124.86953337199012
1230;141.41056550798058;1230;85.891293069246515;1230;12.512588885158848;1230;46.624028609715431;1230;9.274880214850306;1230;9.0072328867458111;1230;77.724539933469643;1230;125.05264442884609
1240;141.117587817011;1240;86.111026337473689;1240;12.671285134434035;1240;46.940311344284872;1240;9.3200476088747823;1240;9.0487380596331679;1240;78.054139835810417;1240;125.11368144779809
1250;140.73915829950866;1250;86.0133671071505;1250;12.585833307901243;1250;47.217058737033113;1250;9.3649098178044987;1250;9.0780358287301244;1250;78.066347239600816;1250;125.07705923642689
1260;140.53163243507188;1260;86.0255745109409;1260;12.512588885158848;1260;47.533341471602533;1260;9.4100772118289751;1260;9.12808618427076;1260;77.871028778954425;1260;125.32120731223486
1270;140.03112887966552;1270;86.09881893368329;1270;12.402722251045258;1270;47.849624206171946;1270;9.45493942075869;1270;9.1973632007812736;1270;77.687917722098447;1270;125.52873317667166
1280;139.77477340006715;1280;85.9645374919889;1280;12.50038148136845;1280;48.284512966204922;1280;9.500106814783166;1280;9.2516861476485488;1280;77.541428876613665;1280;125.68742942594685
1290;139.45738090151679;1290;85.659352397228915;1290;12.549211096530048;1290;48.64033104259552;1290;9.500106814783166;1290;9.3057039094210641;1290;77.382732627338484;1290;125.88274788659322
1300;139.26206244087038;1300;85.561693166905727;1300;12.414929654835657;1300;48.956613777164932;1300;9.500106814783166;1300;9.3804742576372568;1300;77.2362437818537;1300;126.1879329813532
1310;139.066743980224;1310;85.561693166905727;1310;12.341685232093266;1310;49.351967195376709;1310;9.500106814783166;1310;9.45524460585345;1310;77.1141697439497;1310;126.66402172917874
1320;139.03012176885281;1320;85.45182653279214;1320;12.280648213141273;1320;49.668249929946178;1320;9.500106814783166;1320;9.44486831263161;1320;77.016510513626514;1320;127.06686605426192
1330;139.1155735953856;1330;85.207678456984155;1330;12.292855616931671;1330;50.063603348157947;1330;9.500106814783166;1330;9.4381542405468917;1330;76.723532822656935;1330;127.43308816797388
1340;139.01791436506241;1340;85.158848841822561;1340;12.219611194189275;1340;50.379886082727367;1340;9.500106814783166;1340;9.4631794183172087;1340;76.43055513168737;1340;127.89696951200904
1350;139.127780999176;1350;85.134434034241764;1350;12.30506302072207;1350;50.775239500939165;1350;9.500106814783166;1350;9.4882045960875274;1350;76.381725516525776;1350;128.34864345225378
1360;139.22544022949918;1360;84.951322977385786;1360;12.414929654835657;1360;51.091522235508585;1360;9.500106814783166;1360;9.4839320047608879;1360;76.381725516525776;1360;128.86135441145055
1370;139.35972167119357;1370;84.987945188756981;1370;12.378307443464461;1370;51.447340311899175;1370;9.500106814783166;1370;9.4778283028656887;1370;76.479384746848964;1370;129.34965056306652
1380;139.38413647877437;1380;85.146641438032162;1380;12.537003692739646;1380;51.842693730110945;1380;9.500106814783166;1380;9.4988860744041261;1380;76.552629169591356;1380;129.70366527298808
1390;139.72594378490555;1390;85.207678456984155;1390;12.768944364757226;1390;52.198511806501564;1390;9.500106814783166;1390;9.5010223700674459;1390;76.686910611285739;1390;130.15533921323282
1400;140.07995849482711;1400;85.341959898678539;1400;12.866603595080417;1400;52.514794541070984;1400;9.500106814783166;1400;9.5007171849726859;1400;76.857814264351333;1400;130.69246498001036
1410;140.3607287820063;1410;85.720389416180907;1410;13.013092440565202;1410;52.831077275640396;1410;9.500106814783166;1410;9.5120090334788046;1410;77.016510513626514;1410;130.98544267097995
1420;140.69032868434707;1420;86.086611529892892;1420;13.269447920163579;1420;53.226430693852173;1420;9.500106814783166;1420;9.54618976409192;1420;77.394940031128883;1420;131.32724997711111
1430;140.97109897152623;1430;86.526078066347239;1430;13.513595995971556;1430;53.542713428421621;1430;9.500106814783166;1430;9.5370342112491215;1430;77.797784356212034;1430;131.6690572832423
1440;141.36173589281898;1440;86.855677968688;1440;13.599047822504348;1440;53.977602188454561;1440;9.500106814783166;1440;9.5257423627430029;1440;78.261665700247192;1440;132.02307199316385
1450;141.55705435346536;1450;87.124240852076767;1450;13.769951475569933;1450;54.333420264845152;1450;9.500106814783166;1450;9.5535142063661613;1450;78.774376659443959;1450;132.26722006897182
1460;141.94769127475814;1460;87.746818445387149;1460;14.197210608233894;1460;54.728773683056957;1460;9.500106814783166;1460;9.573046052430799;1460;79.3847468489639;1460;132.38929410687581
1470;142.20404675435651;1470;88.23511459700309;1470;14.539017914365063;1470;55.124127101268726;1470;9.500106814783166;1470;9.5541245765556813;1470;79.836420789208645;1470;132.41370891445661
1480;142.42378002258368;1480;88.491470076601459;1480;14.685506759849847;1480;55.440409835838146;1480;9.500106814783166;1480;9.5519882808923615;1480;80.104983672597427;1480;132.41370891445661
1490;142.55806146427807;1490;89.0163884395886;1490;14.80758079775384;1490;55.756692570407566;1490;9.500106814783166;1490;9.5983764152958777;1490;80.629902035584578;1490;132.34046449171422
1500;142.94869838557085;1500;89.516891994994964;1500;15.124973296304209;1500;56.112510646798214;1500;9.500106814783166;1500;9.5910519730216386;1500;81.03274636066773;1500;132.27942747276222
1510;143.38816492202523;1510;89.809869685964543;1510;15.173802911465803;1510;56.586934748652332;1510;9.500106814783166;1510;9.56877346110416;1510;81.3623462630085;1510;132.13293862727744
1520;143.44920194097722;1520;90.029602954191716;1520;15.076143681142613;1520;56.863682141400581;1520;9.500106814783166;1520;9.5870845667897573;1520;81.508835108493315;1520;131.83996093630788
1530;143.6078981902524;1530;90.1272621845149;1530;15.173802911465803;1530;57.259035559612371;1530;9.500106814783166;1530;9.6243171483504746;1530;81.521042512283714;1530;131.6568498794519
1540;143.69335001678519;1540;90.066225165562912;1540;15.076143681142613;1540;57.575318294181784;1540;9.500106814783166;1540;9.5992919705801576;1540;81.447798089541322;1540;131.33945738090151
1550;143.69335001678519;1550;89.83428449354534;1550;15.051728873561816;1550;57.970671712393568;1550;9.500106814783166;1550;9.5764030884731586;1550;81.31351664784691;1550;131.07089449751274
1560;143.30271309549241;1560;89.516891994994964;1560;14.990691854609823;1560;58.2474191051418;1560;9.500106814783166;1560;9.6060060426648768;1560;81.03274636066773;1560;130.87557603686636
1570;143.3393353068636;1570;89.2605365153966;1570;14.819788201544238;1570;58.524166497890072;1570;9.500106814783166;1570;9.6148564104129157;1570;80.666524246955774;1570;130.81453901791434
1580;143.40037232581562;1580;88.882106997894212;1580;14.746543778801843;1580;58.879984574280662;1580;9.500106814783166;1580;9.5944090090639982;1580;80.275887325663021;1580;130.88778344065676
1590;143.13180944242683;1590;88.491470076601459;1590;14.526810510574665;1590;59.196267308850075;1590;9.500106814783166;1590;9.5870845667897573;1590;79.885250404370254;1590;130.80233161412394
1600;142.70455030976288;1600;88.259529404583887;1600;14.331492049928283;1600;59.552085385240666;1600;9.500106814783166;1600;9.6197393719290751;1600;79.531235694448682;1600;130.83895382549514
1610;142.64351329081089;1610;88.088625751518308;1610;14.294869838557084;1610;59.907903461631328;1610;9.500106814783166;1610;9.6145512253181558;1610;79.3481246375927;1610;130.81453901791434
1620;142.57026886806847;1620;87.917722098452728;1620;14.294869838557084;1620;60.382327563485447;1620;9.500106814783166;1620;9.5995971556749176;1620;79.3481246375927;1620;130.81453901791434
1630;142.38715781121249;1630;87.746818445387149;1630;14.123966185491502;1630;60.777680981697216;1630;9.500106814783166;1630;9.6035645619067971;1630;79.152806176946328;1630;130.79012421033354
1640;142.15521713919492;1640;87.783440656758344;1640;14.099551377910702;1640;61.2125697417302;1640;9.500106814783166;1640;9.6224860377819148;1640;79.103976561784734;1640;130.83895382549514
1650;141.85003204443495;1650;87.856685079500735;1650;14.258247627185888;1650;61.64745850176314;1650;9.500106814783166;1650;9.6151615955076757;1650;79.201635792107922;1650;130.88778344065676
1660;141.70354319895014;1660;87.832270271919938;1660;14.185003204443495;1660;62.003276578153745;1660;9.500106814783166;1660;9.6032593768120371;1660;79.274880214850313;1660;130.96102786339915
1670;141.47160252693257;1670;87.807855464339141;1670;14.087343974120303;1670;62.280023970902;1670;9.500106814783166;1670;9.6218756675923949;1670;79.4213690603351;1670;130.97323526718955
1680;141.44718771935177;1680;88.052003540147112;1680;14.160588396862698;1680;62.675377389113784;1680;9.500106814783166;1680;9.6224860377819148;1680;79.519028290658284;1680;130.81453901791434
1690;141.38615070039978;1690;88.1130405590991;1690;14.294869838557084;1690;63.1498014909679;1690;9.500106814783166;1690;9.612414929654836;1690;79.677724539933465;1690;130.74129459517195
1700;141.31290627765739;1700;88.076418347727909;1700;14.246040223395489;1700;63.426548883716173;1700;9.500106814783166;1700;9.6066164128543967;1700;79.848628192999044;1700;130.63142796105836
1710;141.178624835963;1710;88.1374553666799;1710;14.185003204443495;1710;63.742831618285585;1710;9.500106814783166;1710;9.6310312204351938;1710;80.019531846064638;1710;130.58259834589677
1720;141.15421002838221;1720;88.210699789422293;1720;14.307077242347486;1720;64.059114352855;1720;9.500106814783166;1720;9.6182134464552753;1720;80.092776268807029;1720;130.60701315347757
1730;141.09317300943022;1730;88.247322000793488;1730;14.307077242347486;1730;64.454467771066774;1730;9.500106814783166;1730;9.603869747001557;1730;80.043946653645435;1730;130.57039094210637
1740;140.83681752983185;1740;88.1374553666799;1740;14.099551377910702;1740;64.770750505636215;1740;9.500106814783166;1740;9.6200445570238351;1740;80.043946653645435;1740;130.3628650776696
1750;140.84902493362225;1750;88.23511459700309;1750;14.062929166539506;1750;65.1265685820268;1750;9.500106814783166;1750;9.6301156651509139;1750;79.982909634693442;1750;130.39948728904079
1760;141.01992858668783;1760;88.23511459700309;1760;14.062929166539506;1760;65.561457342059768;1760;9.500106814783166;1760;9.612414929654836;1760;79.958494827112645;1760;130.314035462508
1770;141.178624835963;1770;88.1740775780511;1770;14.087343974120303;1770;65.996346102092772;1770;9.500106814783166;1770;9.6035645619067971;1770;79.958494827112645;1770;130.05767998290963
1780;141.2152470473342;1780;88.1740775780511;1780;14.209418012024294;1780;66.312628836662185;1780;9.500106814783166;1780;9.6346934415723133;1780;79.958494827112645;1780;129.91119113742485
1790;141.38615070039978;1790;88.1130405590991;1790;14.111758781701104;1790;66.589376229410419;1790;9.500106814783166;1790;9.6270638142033143;1790;79.873043000579841;1790;129.82573931089206
1800;141.37394329660938;1800;88.1618701742607;1800;13.953062532425916;1800;67.063800331264545;1800;9.500106814783166;1800;9.6063112277596368;1800;79.885250404370254;1800;129.77690969573047
1810;141.36173589281898;1810;88.23511459700309;1810;13.989684743797111;1810;67.419618407655165;1810;9.500106814783166;1810;9.6136356700338759;1810;79.873043000579841;1810;129.66704306161688
1820;141.39835810419018;1820;88.308359019745481;1820;14.038514358958709;1820;67.77543648404577;1820;9.500106814783166;1820;9.6423230689413124;1820;79.970702230903044;1820;129.58159123508409
1830;141.45939512314217;1830;88.430433057649466;1830;14.123966185491502;1830;68.052183876794;1830;9.500106814783166;1830;9.6203497421185951;1830;80.214850306711014;1830;129.4961394085513
1840;141.53263954588456;1840;88.491470076601459;1840;14.1483809930723;1840;68.526607978648158;1840;9.500106814783166;1840;9.6020386364329973;1840;80.104983672597427;1840;129.41068758201851
1850;141.48380993072297;1850;88.454847865230263;1850;14.038514358958709;1850;68.842890713217571;1850;9.500106814783166;1850;9.628894924771874;1850;80.129398480178224;1850;129.33744315927612
1860;141.83782464064456;1860;88.576921903134249;1860;14.00189214758751;1860;69.1196381059658;1860;9.500106814783166;1860;9.6343882564775534;1860;80.25147251808221;1860;129.31302835169532
1870;141.92327646717735;1870;88.662373729667038;1870;14.038514358958709;1870;69.435920840535218;1870;9.500106814783166;1870;9.612720114749596;1870;80.068361461226232;1870;129.17874691000091
1880;141.94769127475814;1880;88.467055269020662;1880;14.087343974120303;1880;69.791738916925866;1880;9.500106814783166;1880;9.6099734488967563;1880;79.982909634693442;1880;129.06888027588732
1890;141.92327646717735;1890;88.418225653859068;1890;14.038514358958709;1890;70.068486309674114;1890;9.500106814783166;1890;9.6447645496993921;1890;79.982909634693442;1890;129.05667287209693
1900;142.02093569750053;1900;88.418225653859068;1900;13.940855128635517;1900;70.384769044243541;1900;9.500106814783166;1900;9.6285897396771141;1900;79.873043000579841;1900;128.91018402661214
1910;142.2894985808893;1910;88.23511459700309;1910;13.91644032105472;1910;70.859193146097653;1910;9.500106814783166;1910;9.6060060426648768;1910;79.79979857783745;1910;128.93459883419294
1920;142.22846156193731;1920;88.1984923856319;1920;13.81878109073153;1920;71.175475880667108;1920;9.500106814783166;1920;9.6212652974028749;1920;79.750968962675856;1920;129.00784325693533
1930;142.13080233161412;1930;88.344981231116677;1930;13.867610705893124;1930;71.570829298878877;1930;9.500106814783166;1930;9.6478164006469918;1930;79.689931943723863;1930;128.92239143040254
1940;142.20404675435651;1940;88.393810846278271;1940;14.026306955168311;1940;71.966182717090646;1940;9.500106814783166;1940;9.6264534440137943;1940;79.71434675130466;1940;128.88576921903135
1950;142.44819483016448;1950;88.369396038697474;1950;13.90423291726432;1950;72.361536135302444;1950;9.500106814783166;1950;9.6078371532334366;1950;79.763176366466254;1950;128.87356181524095
1960;142.2772911770989;1960;88.369396038697474;1960;13.953062532425916;1960;72.638283528050678;1960;9.500106814783166;1960;9.6383556627094329;1960;79.787591174047051;1960;128.81252479628895
1970;142.41157261879329;1970;88.503677480391858;1970;14.123966185491502;1970;72.994101604441283;1970;9.500106814783166;1970;9.6386608478041929;1970;79.934080019531848;1970;128.81252479628895
1980;142.59468367564929;1980;88.589129306924647;1980;13.953062532425916;1980;73.349919680831874;1980;9.500106814783166;1980;9.6151615955076757;1980;80.007324442274239;1980;128.86135441145055
1990;142.44819483016448;1990;88.637958922086241;1990;13.940855128635517;1990;73.666202415401315;1990;9.500106814783166;1990;9.6133304849391159;1990;80.190435499130217;1990;128.72707296975616
2000;142.3383281960509;2000;88.833277382732618;2000;13.953062532425916;2000;74.101091175434263;2000;9.500106814783166;2000;9.6493423261207916;2000;80.373546555986209;2000;128.61720633564258
2010;142.47260963774528;2010;88.967558824427;2010;13.989684743797111;2010;74.456909251824854;2010;9.500106814783166;2010;9.6340830713827934;2010;80.4101687673574;2010;128.50733970152896
2020;142.58247627185889;2020;89.101840266121386;2020;14.026306955168311;2020;74.931333353679008;2020;9.500106814783166;2020;9.6102786339915163;2020;80.53224280526139;2020;128.42188787499617
2030;142.41157261879329;2030;89.077425458540588;2030;14.1483809930723;2030;75.405757455533134;2030;9.500106814783166;2030;9.6261482589190344;2030;80.556657612842187;2030;128.37305825983458
2040;142.52143925290687;2040;89.053010650959791;2040;14.319284646137884;2040;75.682504848281383;2040;9.500106814783166;2040;9.6450697347941521;2040;80.4223761711478;2040;128.37305825983458
2050;142.61909848323009;2050;88.9431440168462;2050;14.062929166539506;2050;75.9987875828508;2050;9.500106814783166;2050;9.6285897396771141;2050;80.312509537034217;2050;128.28760643330179
2060;142.77779473250527;2060;88.772240363780625;2060;13.830988494521929;2060;76.394141001062621;2060;9.500106814783166;2060;9.6145512253181558;2060;80.336924344615014;2060;128.141117587817
2070;142.54585406048767;2070;88.73561815240943;2070;13.90423291726432;2070;76.710423735632034;2070;9.500106814783166;2070;9.6444593646046322;2070;80.214850306711014;2070;128.08008056886501
2080;142.55806146427807;2080;88.576921903134249;2080;14.026306955168311;2080;77.026706470201461;2080;9.500106814783166;2080;9.6386608478041929;2080;79.970702230903044;2080;127.99462874233222
2090;142.38715781121249;2090;88.418225653859068;2090;13.940855128635517;2090;77.461595230234423;2090;9.500106814783166;2090;9.6182134464552753;2090;79.848628192999044;2090;128.03125095370342
2100;142.2894985808893;2100;88.259529404583887;2100;13.867610705893124;2100;77.777877964803849;2100;9.500106814783166;2100;9.6212652974028749;2100;79.62889492477187;2100;127.99462874233222
2110;142.2772911770989;2110;88.32056642353588;2110;13.757744071779534;2110;78.13369604119444;2110;9.500106814783166;2110;9.6514786217841113;2110;79.665517136143066;2110;127.93359172338023
2120;142.21625415814691;2120;88.503677480391858;2120;13.672292245246743;2120;78.449978775763853;2120;9.500106814783166;2120;9.6319467757194737;2120;79.848628192999044;2120;128.03125095370342
2130;142.3383281960509;2130;88.454847865230263;2130;13.757744071779534;2130;78.924402877618007;2130;9.500106814783166;2130;9.6102786339915163;2130;79.775383770256653;2130;128.00683614612262
2140;142.14300973540452;2140;88.32056642353588;2140;13.672292245246743;2140;79.2802209540086;2140;9.500106814783166;2140;9.6368297372356331;2140;79.775383770256653;2140;127.90917691579943
2150;142.03314310129093;2150;88.283944212164684;2150;13.647877437665946;2150;79.675574372220368;2150;9.500106814783166;2150;9.645680104983672;2150;79.873043000579841;2150;127.84813989684744
2160;142.08197271645253;2160;88.32056642353588;2160;13.708914456617938;2160;80.070927790432208;2160;9.500106814783166;2160;9.6221808526871548;2160;79.860835596789443;2160;127.82372508926665
2170;142.14300973540452;2170;88.552507095553452;2170;13.81878109073153;2170;80.4267458668228;2170;9.500106814783166;2170;9.6157719656971956;2170;79.970702230903044;2170;127.76268807031465
2180;142.02093569750053;2180;88.65016632587664;2180;13.892025513473921;2180;80.822099285034568;2180;9.500106814783166;2180;9.6514786217841113;2180;80.068361461226232;2180;127.67723624378185
2190;142.09418012024292;2190;88.747825556199828;2190;13.806573686941128;2190;81.059311335961624;2190;9.500106814783166;2190;9.6359141819513532;2190;80.214850306711014;2190;127.51853999450667
2200;142.17963194677571;2200;88.760032959990227;2200;13.892025513473921;2200;81.375594070531065;2200;9.500106814783166;2200;9.612720114749596;2200;80.361339152195811;2200;127.39646595660268
2210;142.02093569750053;2210;88.747825556199828;2210;13.90423291726432;2210;81.652341463279313;2210;9.500106814783166;2210;9.629505294961394;2210;80.28809472945342;2210;127.45750297555468
2220;141.99652088991974;2220;88.9431440168462;2220;13.892025513473921;2220;82.047694881491083;2220;9.500106814783166;2220;9.65575121311075;2220;80.239265114291811;2220;127.48191778313547
2230;141.95989867854854;2230;88.9797662282174;2230;13.806573686941128;2230;82.522118983345237;2230;9.500106814783166;2230;9.6313364055299537;2230;80.239265114291811;2230;127.33542893765069
2240;142.02093569750053;2240;88.918729209265408;2240;13.757744071779534;2240;82.83840171791465;2240;9.500106814783166;2240;9.6139408551286358;2240;80.385753959776608;2240;127.2743919186987
2250;141.87444685201575;2250;88.821069978942219;2250;13.721121860408338;2250;83.1151491106629;2250;9.500106814783166;2250;9.645985290078432;2250;80.4467909787286;2250;127.16452528458511
2260;142.00872829371013;2260;88.808862575151821;2260;13.745536667989136;2260;83.470967187053489;2260;9.500106814783166;2260;9.6478164006469918;2260;80.4712057863094;2260;126.99362163151953
2270;142.09418012024292;2270;88.845484786523016;2270;13.79436628315073;2270;83.866320605265287;2270;9.500106814783166;2270;9.6230964079714347;2270;80.458998382519;2270;126.90816980498671
2280;142.11859492782372;2280;88.882106997894212;2280;13.769951475569933;2280;84.261674023477056;2280;9.500106814783166;2280;9.6212652974028749;2280;80.275887325663021;2280;126.85934018982512
2290;142.02093569750053;2290;88.9797662282174;2290;13.843195898312327;2290;84.657027441688825;2290;9.500106814783166;2290;9.65666676839503;2290;80.336924344615014;2290;126.83492538224432
2300;141.99652088991974;2300;88.9919736320078;2300;13.769951475569933;2300;85.012845518079445;2300;9.500106814783166;2300;9.6362193670461131;2300;80.4223761711478;2300;126.67622913296914
2310;142.14300973540452;2310;88.918729209265408;2310;13.660084841456344;2310;85.487269619933571;2310;9.500106814783166;2310;9.612414929654836;2310;80.336924344615014;2310;126.62739951780755
2320;142.00872829371013;2320;88.772240363780625;2320;13.635670033875547;2320;85.803552354503;2320;9.500106814783166;2320;9.6343882564775534;2320;80.336924344615014;2320;126.55415509506516
2330;141.89886165959655;2330;88.711203344828633;2330;13.611255226294746;2330;86.159370430893645;2330;9.500106814783166;2330;9.654225287636951;2330;80.312509537034217;2330;126.50532547990356
2340;142.02093569750053;2340;88.894314401684611;2340;13.550218207342754;2340;86.515188507284236;2340;9.500106814783166;2340;9.6310312204351938;2340;80.300302133243818;2340;126.39545884578997
2350;142.14300973540452;2350;88.894314401684611;2350;13.599047822504348;2350;86.95007726731717;2350;9.500106814783166;2350;9.6169927060762355;2350;80.239265114291811;2350;126.35883663441878
2360;141.91106906338695;2360;88.760032959990227;2360;13.611255226294746;2360;87.305895343707775;2360;9.500106814783166;2360;9.6493423261207916;2360;80.141605883968623;2360;126.38325144199958
2370;141.95989867854854;2370;88.73561815240943;2370;13.611255226294746;2370;87.622178078277216;2370;9.500106814783166;2370;9.6423230689413124;2370;80.092776268807029;2370;126.35883663441878
2380;142.08197271645253;2380;88.625751518295843;2380;13.501388592181158;2380;88.096602180131342;2380;9.500106814783166;2380;9.6215704824976349;2380;79.982909634693442;2380;126.32221442304758
2390;142.02093569750053;2390;88.430433057649466;2390;13.501388592181158;2390;88.412884914700754;2390;9.500106814783166;2390;9.6258430738242744;2390;79.873043000579841;2390;126.2245551927244
2400;141.83782464064456;2400;88.381603442487872;2400;13.574633014923551;2400;88.808238332912566;2400;9.500106814783166;2400;9.65727713858455;2400;79.848628192999044;2400;126.29779961546679
2410;141.93548387096774;2410;88.47926267281106;2410;13.525803399761957;2410;89.124521067481979;2410;9.500106814783166;2410;9.6401867732779927;2410;79.934080019531848;2410;126.27338480788599
2420;142.15521713919492;2420;88.491470076601459;2420;13.464766380809962;2420;89.48033914387257;2420;9.500106814783166;2420;9.6176030762657554;2420;79.787591174047051;2420;126.0658589434492
2430;141.89886165959655;2430;88.406018250068669;2430;13.415936765648365;2430;89.796621878441982;2430;9.500106814783166;2430;9.6386608478041929;2430;79.62889492477187;2430;126.12689596240119
2440;141.76458021790214;2440;88.491470076601459;2440;13.415936765648365;2440;90.191975296653823;2440;9.500106814783166;2440;9.6496475112155515;2440;79.860835596789443;2440;126.1757255775628
2450;141.76458021790214;2450;88.637958922086241;2450;13.415936765648365;2450;90.508258031223235;2450;9.500106814783166;2450;9.6298104800561539;2450;79.934080019531848;2450;126.11468855861079
2460;141.82561723685416;2460;88.625751518295843;2460;13.513595995971556;2460;90.943146791256183;2460;9.500106814783166;2460;9.6215704824976349;2460;79.958494827112645;2460;126.13910336619159
2470;141.77678762169253;2470;88.540299691763053;2470;13.464766380809962;2470;91.259429525825624;2470;9.500106814783166;2470;9.6536149174474311;2470;80.007324442274239;2470;126.13910336619159
2480;141.82561723685416;2480;88.747825556199828;2480;13.452558977019564;2480;91.575712260395036;2480;9.500106814783166;2480;9.6420178838465525;2480;80.056154057435833;2480;126.11468855861079
2490;141.82561723685416;2490;88.821069978942219;2490;13.562425611133152;2490;92.089671704070355;2490;9.500106814783166;2490;9.6215704824976349;2490;80.312509537034217;2490;126.01702932828761
2500;141.85003204443495;2500;88.73561815240943;2500;13.623462630085148;2500;92.405954438639768;2500;9.500106814783166;2500;9.6316415906247137;2500;80.312509537034217;2500;125.99261452070681
2510;141.91106906338695;2510;88.857692190313415;2510;13.574633014923551;2510;92.7222371732092;2510;9.500106814783166;2510;9.65514084292123;2510;80.373546555986209;2510;125.99261452070681
2520;141.87444685201575;2520;88.894314401684611;2520;13.635670033875547;2520;92.998984565957443;2520;9.500106814783166;2520;9.6334727011932735;2520;80.4223761711478;2520;125.78508865627003
2530;141.93548387096774;2530;88.821069978942219;2530;13.69670705282754;2530;93.43387332599039;2530;9.500106814783166;2530;9.6176030762657554;2530;80.385753959776608;2530;125.65080721457565
2540;141.89886165959655;2540;88.906521805475009;2540;13.501388592181158;2540;93.829226744202188;2540;9.500106814783166;2540;9.6472060304574718;2540;80.4467909787286;2540;125.65080721457565
2550;141.95989867854854;2550;89.053010650959791;2550;13.562425611133152;2550;94.264115504235136;2550;9.500106814783166;2550;9.6484267708365117;2550;80.4712057863094;2550;125.60197759941406
2560;141.87444685201575;2560;88.9919736320078;2560;13.660084841456344;2560;94.619933580625727;2560;9.500106814783166;2560;9.6258430738242744;2560;80.4223761711478;2560;125.60197759941406
2570;141.93548387096774;2570;88.857692190313415;2570;13.464766380809962;2570;94.936216315195153;2570;9.500106814783166;2570;9.6230964079714347;2570;80.5078279976806;2570;125.61418500320445
2580;141.86223944822535;2580;88.808862575151821;2580;13.452558977019564;2580;95.292034391585773;2580;9.500106814783166;2580;9.6548356578264709;2580;80.53224280526139;2580;125.49211096530047
2590;141.99652088991974;2590;88.918729209265408;2590;13.379314554277169;2590;95.608317126155185;2590;9.500106814783166;2590;9.637745292519913;2590;80.385753959776608;2590;125.37003692739646
2600;142.13080233161412;2600;88.9309366130558;2600;13.342692342905973;2600;96.003670544366955;2600;9.500106814783166;2600;9.6191290017395552;2600;80.361339152195811;2600;125.26017029328287
2610;141.86223944822535;2610;89.0041810357982;2610;13.525803399761957;2610;96.319953278936438;2610;9.500106814783166;2610;9.6340830713827934;2610;80.28809472945342;2610;125.23575548570207
2620;141.83782464064456;2620;89.15066988128298;2620;13.440351573229165;2620;96.754842038969372;2620;9.500106814783166;2620;9.6523941770683912;2620;80.324716940824615;2620;125.29679250465406
2630;141.95989867854854;2630;89.089632862330987;2630;13.245033112582782;2630;97.071124773538784;2630;9.500106814783166;2630;9.6334727011932735;2630;80.324716940824615;2630;125.29679250465406
2640;142.08197271645253;2640;88.9919736320078;2640;13.281655323953977;2640;97.426942849929389;2640;9.500106814783166;2640;9.6194341868343152;2640;80.324716940824615;2640;125.30899990844446
2650;141.92327646717735;2650;88.711203344828633;2650;13.330484939115575;2650;97.782760926320009;2650;9.500106814783166;2650;9.6496475112155515;2650;80.28809472945342;2650;125.30899990844446
2660;142.04535050508133;2660;88.747825556199828;2660;13.330484939115575;2660;98.217649686352956;2660;9.500106814783166;2660;9.6429334391308323;2660;80.275887325663021;2660;125.26017029328287
2670;142.11859492782372;2670;88.906521805475009;2670;13.342692342905973;2670;98.613003104564726;2670;9.500106814783166;2670;9.620654927213355;2670;80.373546555986209;2670;125.16251106295968
2680;142.03314310129093;2680;88.760032959990227;2680;13.428144169438767;2680;98.889750497313;2680;9.500106814783166;2680;9.6230964079714347;2680;80.336924344615014;2680;125.0404370250557
2690;141.91106906338695;2690;88.73561815240943;2690;13.464766380809962;2690;99.2455685737036;2690;9.500106814783166;2690;9.6548356578264709;2690;80.16602069154942;2690;125.10147404400769
2700;142.03314310129093;2700;88.662373729667038;2700;13.25724051637318;2700;99.680457333736541;2700;9.500106814783166;2700;9.6398815881832327;2700;80.007324442274239;2700;125.12588885158848
2710;142.08197271645253;2710;88.625751518295843;2710;13.232825708792383;2710;100.07581075194837;2710;9.500106814783166;2710;9.6194341868343152;2710;80.092776268807029;2710;125.10147404400769
2720;141.87444685201575;2720;88.723410748619031;2720;13.318277535325173;2720;100.39209348651778;2720;9.500106814783166;2720;9.6383556627094329;2720;80.190435499130217;2720;125.12588885158848
2730;142.00872829371013;2730;88.894314401684611;2730;13.342692342905973;2730;100.78744690472955;2730;9.500106814783166;2730;9.6502578814050715;2730;80.25147251808221;2730;125.06485183263649
2740;142.09418012024292;2740;88.857692190313415;2740;13.440351573229165;2740;101.0641942974778;2740;9.500106814783166;2740;9.6301156651509139;2740;80.312509537034217;2740;125.05264442884609
2750;141.95989867854854;2750;88.760032959990227;2750;13.452558977019564;2750;101.49908305751077;2750;9.500106814783166;2750;9.6212652974028749;2750;80.227057710501413;2750;125.0160222174749
2760;141.75237281411174;2760;88.760032959990227;2760;13.379314554277169;2760;101.89443647572254;2760;9.500106814783166;2760;9.6526993621631512;2760;80.25147251808221;2760;124.93057039094211
2770;141.92327646717735;2770;88.894314401684611;2770;13.330484939115575;2770;102.21071921029196;2770;9.500106814783166;2770;9.6420178838465525;2770;80.4467909787286;2770;124.86953337199012
2780;142.05755790887173;2780;89.053010650959791;2780;13.354899746696372;2780;102.64560797032493;2780;9.500106814783166;2780;9.620654927213355;2780;80.61769463179418;2780;124.86953337199012
2790;142.03314310129093;2790;89.028595843379;2790;13.415936765648365;2790;102.88282002125199;2790;9.500106814783166;2790;9.6282845545823541;2790;80.4956205938902;2790;124.85732596819972
2800;141.86223944822535;2800;89.101840266121386;2800;13.36710715048677;2800;103.27817343946377;2800;9.500106814783166;2800;9.65514084292123;2800;80.4467909787286;2800;124.71083712271493
2810;141.99652088991974;2810;89.101840266121386;2810;13.269447920163579;2810;103.67352685767554;2810;9.500106814783166;2810;9.6346934415723133;2810;80.556657612842187;2810;124.53993346964933
2820;142.24066896572771;2820;89.101840266121386;2820;13.415936765648365;2820;104.06888027588734;2820;9.500106814783166;2820;9.6151615955076757;2820;80.70314645832697;2820;124.61317789239175
2830;141.95989867854854;2830;89.162877285073378;2830;13.476973784600361;2830;104.46423369409911;2830;9.500106814783166;2830;9.6438489944151122;2830;80.678731650746172;2830;124.67421491134374
2840;141.93548387096774;2840;89.15066988128298;2840;13.415936765648365;2840;104.8200517704897;2840;9.500106814783166;2840;9.6484267708365117;2840;80.61769463179418;2840;124.69862971892454
2850;142.04535050508133;2850;89.06521805475019;2850;13.330484939115575;2850;105.17586984688032;2850;9.500106814783166;2850;9.6252327036347545;2850;80.581072420422984;2850;124.72304452650533
2860;142.11859492782372;2860;89.0163884395886;2860;13.330484939115575;2860;105.49215258144973;2860;9.500106814783166;2860;9.6218756675923949;2860;80.4834131900998;2860;124.56434827723012
2870;142.05755790887173;2870;89.028595843379;2870;13.318277535325173;2870;105.80843531601916;2870;9.500106814783166;2870;9.6548356578264709;2870;80.458998382519;2870;124.43006683553574
2880;142.17963194677571;2880;89.0163884395886;2880;13.403729361857966;2880;106.16425339240975;2880;9.500106814783166;2880;9.6365245521408731;2880;80.593279824213383;2880;124.38123722037415
2890;142.19183935056611;2890;89.089632862330987;2890;13.562425611133152;2890;106.59914215244275;2890;9.500106814783166;2890;9.6172978911709954;2890;80.642109439374977;2890;124.41785943174534
2900;142.09418012024292;2900;89.114047669911784;2900;13.525803399761957;2900;106.91542488701216;2900;9.500106814783166;2900;9.6316415906247137;2900;80.544450209051789;2900;124.47889645069733
2910;142.05755790887173;2910;89.187292092654175;2910;13.403729361857966;2910;107.35031364704513;2910;9.500106814783166;2910;9.6505630664998314;2910;80.61769463179418;2910;124.40565202795494
2920;141.94769127475814;2920;89.29715872676779;2920;13.354899746696372;2920;107.74566706525691;2920;9.500106814783166;2920;9.6340830713827934;2920;80.678731650746172;2920;124.29578539384136
2930;142.13080233161412;2930;89.321573534348587;2930;13.342692342905973;2930;108.02241445800516;2930;9.500106814783166;2930;9.6197393719290751;2930;80.678731650746172;2930;124.23474837488936
2940;142.10638752403332;2940;89.15066988128298;2940;13.232825708792383;2940;108.33869719257457;2940;9.500106814783166;2940;9.6475112155522318;2940;80.727561265907767;2940;124.21033356730857
2950;142.3017059846797;2950;89.0163884395886;2950;13.36710715048677;2950;108.73405061078634;2950;9.500106814783166;2950;9.6438489944151122;2950;80.70314645832697;2950;124.14929654835657
2960;142.2894985808893;2960;89.053010650959791;2960;13.464766380809962;2960;109.05033334535578;2960;9.500106814783166;2960;9.6230964079714347;2960;80.5078279976806;2960;124.06384472182378
2970;142.17963194677571;2970;89.101840266121386;2970;13.269447920163579;2970;109.40615142174639;2970;9.500106814783166;2970;9.6224860377819148;2970;80.556657612842187;2970;124.07605212561418
2980;142.03314310129093;2980;89.114047669911784;2980;13.232825708792383;2980;109.8805755236005;2980;9.500106814783166;2980;9.6526993621631512;2980;80.666524246955774;2980;124.06384472182378
2990;142.05755790887173;2990;89.053010650959791;2990;13.318277535325173;2990;110.27592894181234;2990;9.500106814783166;2990;9.6383556627094329;2990;80.4956205938902;2990;124.06384472182378
3000;142.21625415814691;3000;89.0163884395886;3000;13.379314554277169;3000;110.71081770184527;3000;9.500106814783166;3000;9.6172978911709954;3000;80.544450209051789;3000;124.11267433698538
3010;142.15521713919492;3010;89.089632862330987;3010;13.354899746696372;3010;110.98756509459352;3010;9.500106814783166;3010;9.6328623310037536;3010;80.70314645832697;3010;123.86852626117741
3020;142.2894985808893;3020;89.15066988128298;3020;13.171788689840389;3020;111.30384782916293;3020;9.500106814783166;3020;9.6475112155522318;3020;80.642109439374977;3020;123.8196966460158
3030;142.47260963774528;3030;89.114047669911784;3030;13.171788689840389;3030;111.65966590555357;3030;9.500106814783166;3030;9.6319467757194737;3030;80.642109439374977;3030;123.9417706839198
3040;142.44819483016448;3040;89.0163884395886;3040;13.330484939115575;3040;112.05501932376532;3040;9.500106814783166;3040;9.6227912228766748;3040;80.70314645832697;3040;123.86852626117741
3050;142.08197271645253;3050;89.028595843379;3050;13.269447920163579;3050;112.41083740015593;3050;9.500106814783166;3050;9.6526993621631512;3050;80.556657612842187;3050;123.73424481948301
3060;142.21625415814691;3060;89.089632862330987;3060;13.306070131534774;3060;112.80619081836772;3060;9.500106814783166;3060;9.6407971434675126;3060;80.458998382519;3060;123.68541520432142
3070;142.37495040742209;3070;88.967558824427;3070;13.342692342905973;3070;113.20154423657949;3070;9.500106814783166;3070;9.6182134464552753;3070;80.458998382519;3070;123.77086703085421
3080;142.3383281960509;3080;88.967558824427;3080;13.354899746696372;3080;113.55736231297008;3080;9.500106814783166;3080;9.6237067781609547;3080;80.458998382519;3080;123.84411145359661
3090;142.13080233161412;3090;88.9919736320078;3090;13.330484939115575;3090;114.03178641482424;3090;9.500106814783166;3090;9.6530045472579111;3090;80.556657612842187;3090;123.795281838435
3100;142.13080233161412;3100;89.028595843379;3100;13.245033112582782;3100;114.34806914939367;3100;9.500106814783166;3100;9.6365245521408731;3100;80.581072420422984;3100;123.67320780053102
3110;142.3383281960509;3110;89.223914304025371;3110;13.232825708792383;3110;114.66435188396308;3110;9.500106814783166;3110;9.6160771507919556;3110;80.654316843165375;3110;123.59996337778863
3120;142.15521713919492;3120;89.284951322977392;3120;13.281655323953977;3120;114.98063461853249;3120;9.500106814783166;3120;9.6414075136570325;3120;80.751976073488564;3120;123.66100039674062
3130;142.10638752403332;3130;89.321573534348587;3130;13.354899746696372;3130;115.33645269492312;3130;9.500106814783166;3130;9.6478164006469918;3130;80.751976073488564;3130;123.72203741569261
3140;142.17963194677571;3140;89.272743919187;3140;13.379314554277169;3140;115.73180611313489;3140;9.500106814783166;3140;9.6264534440137943;3140;80.825220496230955;3140;123.69762260811181
3150;142.22846156193731;3150;89.223914304025371;3150;13.403729361857966;3150;115.96901816406195;3150;9.500106814783166;3150;9.6212652974028749;3150;80.813013092440556;3150;123.59996337778863
3160;142.05755790887173;3160;89.223914304025371;3160;13.232825708792383;3160;116.32483624045253;3160;9.500106814783166;3160;9.6520889919736312;3160;80.678731650746172;3160;123.55113376262703
3170;142.02093569750053;3170;89.248329111606168;3170;13.135166478469193;3170;116.72018965866437;3170;9.500106814783166;3170;9.6359141819513532;3170;80.788598284859759;3170;123.46568193609424
3180;142.17963194677571;3180;89.419232764671776;3180;13.171788689840389;3180;117.15507841869733;3180;9.500106814783166;3180;9.6179082613605154;3180;80.874050111392549;3180;123.42905972472305
3190;142.3017059846797;3190;89.407025360881377;3190;13.220618305001983;3190;117.43182581144555;3190;9.500106814783166;3190;9.6301156651509139;3190;80.751976073488564;3190;123.42905972472305
3200;142.17963194677571;3200;89.272743919187;3200;13.354899746696372;3200;117.86671457147852;3200;9.500106814783166;3200;9.6505630664998314;3200;80.715353862117368;3200;123.41685232093265
3210;142.09418012024292;3210;89.236121707815769;3210;13.318277535325173;3210;118.30160333151149;3210;9.500106814783166;3210;9.6340830713827934;3210;80.813013092440556;3210;123.36802270577105
3220;142.21625415814691;3220;89.223914304025371;3220;13.110751670888392;3220;118.69695674972326;3220;9.500106814783166;3220;9.6185186315500353;3220;80.849635303811752;3220;123.24594866786707
3230;142.11859492782372;3230;89.223914304025371;3230;13.15958128604999;3230;119.01323948429267;3230;9.500106814783166;3230;9.645374919888912;3230;80.727561265907767;3230;123.23374126407667
3240;142.19183935056611;3240;89.175084688863777;3240;13.403729361857966;3240;119.40859290250448;3240;9.500106814783166;3240;9.6444593646046322;3240;80.715353862117368;3240;123.25815607165747
3250;142.14300973540452;3250;89.236121707815769;3250;13.330484939115575;3250;119.72487563707389;3250;9.500106814783166;3250;9.6249275185399945;3250;80.837427900021353;3250;123.12387462996308
3260;142.03314310129093;3260;89.29715872676779;3260;13.245033112582782;3260;120.00162302982211;3260;9.500106814783166;3260;9.6237067781609547;3260;80.825220496230955;3260;123.09945982238229
3270;142.05755790887173;3270;89.284951322977392;3270;13.342692342905973;3270;120.35744110621276;3270;9.500106814783166;3270;9.6545304727317109;3270;80.886257515182947;3270;123.27036347544787
3280;142.2772911770989;3280;89.345988341929385;3280;13.269447920163579;3280;120.71325918260337;3280;9.500106814783166;3280;9.6365245521408731;3280;80.922879726554143;3280;123.18491164891508
3290;142.41157261879329;3290;89.345988341929385;3290;13.232825708792383;3290;121.14814794263633;3290;9.500106814783166;3290;9.6176030762657554;3290;80.800805688650158;3290;123.08725241859189
3300;142.2772911770989;3300;89.248329111606168;3300;13.342692342905973;3300;121.46443067720574;3300;9.500106814783166;3300;9.6334727011932735;3300;80.800805688650158;3300;123.07504501480149
3310;142.2772911770989;3310;89.236121707815769;3310;13.342692342905973;3310;121.85978409541752;3310;9.500106814783166;3310;9.645374919888912;3310;80.727561265907767;3310;122.95297097689748
3320;142.3139133884701;3320;89.236121707815769;3320;13.220618305001983;3320;122.29467285545049;3320;9.500106814783166;3320;9.6319467757194737;3320;80.727561265907767;3320;122.85531174657429
3330;142.3139133884701;3330;89.138462477492581;3330;13.220618305001983;3330;122.69002627366226;3330;9.500106814783166;3330;9.6212652974028749;3330;80.788598284859759;3330;122.91634876552628
3340;142.19183935056611;3340;89.199499496444574;3340;13.330484939115575;3340;123.00630900823168;3340;9.500106814783166;3340;9.6484267708365117;3340;80.654316843165375;3340;122.97738578447827
3350;142.3017059846797;3350;89.2605365153966;3350;13.354899746696372;3350;123.36212708462229;3350;9.500106814783166;3350;9.6392712179937128;3350;80.70314645832697;3350;122.95297097689748
3360;142.3383281960509;3360;89.175084688863777;3360;13.208410901211584;3360;123.79701584465525;3360;9.500106814783166;3360;9.6221808526871548;3360;80.739768669698165;3360;122.92855616931668
3370;142.2772911770989;3370;89.15066988128298;3370;13.122959074678791;3370;124.11329857922469;3370;9.500106814783166;3370;9.6264534440137943;3370;80.727561265907767;3370;122.83089693899349
3380;142.2650837733085;3380;89.15066988128298;3380;13.171788689840389;3380;124.46911665561528;3380;9.500106814783166;3380;9.6502578814050715;3380;80.849635303811752;3380;122.81868953520309
3390;142.3261207922605;3390;89.175084688863777;3390;13.232825708792383;3390;124.86447007382705;3390;9.500106814783166;3390;9.6368297372356331;3390;80.800805688650158;3390;122.90414136173588
3400;142.3383281960509;3400;89.284951322977392;3400;13.183996093630787;3400;125.29935883385998;3400;9.500106814783166;3400;9.6194341868343152;3400;80.70314645832697;3400;122.95297097689748
3410;142.13080233161412;3410;89.272743919187;3410;13.183996093630787;3410;125.57610622660826;3410;9.500106814783166;3410;9.6386608478041929;3410;80.751976073488564;3410;122.80648213141269
3420;142.19183935056611;3420;89.187292092654175;3420;13.25724051637318;3420;125.89238896117767;3420;9.500106814783166;3420;9.6450697347941521;3420;80.813013092440556;3420;122.7088229010895
3430;142.24066896572771;3430;89.187292092654175;3430;13.135166478469193;3430;126.24820703756828;3430;9.500106814783166;3430;9.6276741843928342;3430;80.910672322763745;3430;122.62337107455672
3440;142.2894985808893;3440;89.175084688863777;3440;13.122959074678791;3440;126.72263113942246;3440;9.500106814783166;3440;9.6212652974028749;3440;80.971709341715737;3440;122.55012665181432
3450;142.14300973540452;3450;89.358195745719783;3450;13.183996093630787;3450;127.11798455763423;3450;9.500106814783166;3450;9.6502578814050715;3450;80.959501937925339;3450;122.64778588213751
3460;142.22846156193731;3460;89.492477187414167;3460;13.122959074678791;3460;127.43426729220364;3460;9.500106814783166;3460;9.6346934415723133;3460;80.935087130344542;3460;122.69661549729911
3470;142.3261207922605;3470;89.29715872676779;3470;13.183996093630787;3470;127.86915605223658;3470;9.500106814783166;3470;9.6179082613605154;3470;80.935087130344542;3470;122.62337107455672
3480;142.3261207922605;3480;89.15066988128298;3480;13.171788689840389;3480;128.2249741286272;3480;9.500106814783166;3480;9.6298104800561539;3480;80.886257515182947;3480;122.55012665181432
3490;142.2894985808893;3490;89.333780938138986;3490;13.183996093630787;3490;128.58079220501781;3490;9.500106814783166;3490;9.6481215857417517;3490;80.837427900021353;3490;122.42805261391034
3500;142.24066896572771;3500;89.431440168462174;3500;13.183996093630787;3500;128.93661028140841;3500;9.500106814783166;3500;9.6328623310037536;3500;80.935087130344542;3500;122.39143040253914
3510;142.44819483016448;3510;89.284951322977392;3510;13.208410901211584;3510;129.292428357799;3510;9.500106814783166;3510;9.6172978911709954;3510;81.020538956877331;3510;122.42805261391034
3520;142.21625415814691;3520;89.407025360881377;3520;13.15958128604999;3520;129.56917575054726;3520;9.500106814783166;3520;9.6429334391308323;3520;80.874050111392549;3520;122.35480819116795
3530;142.17963194677571;3530;89.577929013946957;3530;13.15958128604999;3530;130.04359985240137;3530;9.500106814783166;3530;9.6435438093203523;3530;80.898464918973346;3530;122.34260078737755
3540;142.42378002258368;3540;89.431440168462174;3540;13.245033112582782;3540;130.43895327061321;3540;9.500106814783166;3540;9.6240119632557146;3540;80.996124149296534;3540;122.29377117221595
3550;142.48481704153568;3550;89.272743919187;3550;13.232825708792383;3550;130.71570066336145;3550;9.500106814783166;3550;9.6218756675923949;3550;80.886257515182947;3550;122.25714896084475
3560;142.3139133884701;3560;89.38261055330058;3560;13.220618305001983;3560;131.07151873975204;3560;9.500106814783166;3560;9.6502578814050715;3560;80.910672322763745;3560;122.29377117221595
3570;142.21625415814691;3570;89.516891994994964;3570;13.110751670888392;3570;131.42733681614266;3570;9.500106814783166;3570;9.6340830713827934;3570;80.959501937925339;3570;122.29377117221595
3580;142.3139133884701;3580;89.516891994994964;3580;13.122959074678791;3580;131.90176091799677;3580;9.500106814783166;3580;9.6169927060762355;3580;80.898464918973346;3580;122.25714896084475
3590;142.3261207922605;3590;89.431440168462174;3590;13.220618305001983;3590;132.21804365256617;3590;9.500106814783166;3590;9.6316415906247137;3590;80.959501937925339;3590;122.28156376842556
3600;142.37495040742209;3600;89.46806237983337;3600;13.245033112582782;3600;132.57386172895679;3600;9.500106814783166;3600;9.6444593646046322;3600;80.983916745506136;3600;122.20831934568315
3610;142.38715781121249;3610;89.516891994994964;3610;13.269447920163579;3610;132.9692151471686;3610;9.500106814783166;3610;9.6282845545823541;3610;80.886257515182947;3610;122.02520828882717
3620;142.36274300363169;3620;89.431440168462174;3620;13.25724051637318;3620;133.36456856538035;3620;9.500106814783166;3620;9.6169927060762355;3620;80.922879726554143;3620;122.02520828882717
3630;142.24066896572771;3630;89.431440168462174;3630;13.147373882259592;3630;133.68085129994978;3630;9.500106814783166;3630;9.6450697347941521;3630;80.910672322763745;3630;122.00079348124638
3640;142.37495040742209;3640;89.504684591204565;3640;13.15958128604999;3640;133.99713403451921;3640;9.500106814783166;3640;9.6389660328989528;3640;80.886257515182947;3640;122.04962309640797
3650;142.38715781121249;3650;89.419232764671776;3650;13.269447920163579;3650;134.47155813637337;3650;9.500106814783166;3650;9.6224860377819148;3650;80.959501937925339;3650;122.18390453810235
3660;142.38715781121249;3660;89.272743919187;3660;13.220618305001983;3660;134.827376212764;3660;9.500106814783166;3660;9.6252327036347545;3660;80.935087130344542;3660;122.09845271156956
3670;142.3383281960509;3670;89.358195745719783;3670;13.122959074678791;3670;135.18319428915456;3670;9.500106814783166;3670;9.6484267708365117;3670;80.922879726554143;3670;122.08624530777917
3680;142.3139133884701;3680;89.419232764671776;3680;13.171788689840389;3680;135.53901236554518;3680;9.500106814783166;3680;9.6343882564775534;3680;80.874050111392549;3680;122.08624530777917
3690;142.42378002258368;3690;89.358195745719783;3690;13.122959074678791;3690;136.01343646739929;3690;9.500106814783166;3690;9.6197393719290751;3690;80.886257515182947;3690;122.01300088503677
3700;142.3261207922605;3700;89.345988341929385;3700;13.171788689840389;3700;136.40878988561104;3700;9.500106814783166;3700;9.6362193670461131;3700;80.959501937925339;3700;122.04962309640797
3710;142.39936521500289;3710;89.358195745719783;3710;13.269447920163579;3710;136.84367864564408;3710;9.500106814783166;3710;9.6411023285622726;3710;80.983916745506136;3710;122.12286751915036
3720;142.36274300363169;3720;89.492477187414167;3720;13.135166478469193;3720;137.1599613802135;3720;9.500106814783166;3720;9.6301156651509139;3720;81.008331553086933;3720;122.06183050019837
3730;142.39936521500289;3730;89.455854976042971;3730;13.135166478469193;3730;137.51577945660406;3730;9.500106814783166;3730;9.6221808526871548;3730;81.008331553086933;3730;121.93975646229438
3740;142.37495040742209;3740;89.407025360881377;3740;13.122959074678791;3740;137.87159753299468;3740;9.500106814783166;3740;9.645680104983672;3740;81.020538956877331;3740;121.93975646229438
3750;142.3383281960509;3750;89.46806237983337;3750;13.232825708792383;3750;138.14834492574292;3750;9.500106814783166;3750;9.6368297372356331;3750;81.03274636066773;3750;121.97637867366558
3760;142.3383281960509;3760;89.516891994994964;3760;13.36710715048677;3760;138.5436983439547;3760;9.500106814783166;3760;9.6237067781609547;3760;80.886257515182947;3760;121.89092684713279
3770;142.3261207922605;3770;89.516891994994964;3770;13.269447920163579;3770;138.93905176216646;3770;9.500106814783166;3770;9.6301156651509139;3770;80.874050111392549;3770;121.73223059785761
3780;142.3139133884701;3780;89.529099398785362;3780;13.110751670888392;3780;139.2948698385571;3780;9.500106814783166;3780;9.645680104983672;3780;81.020538956877331;3780;121.72002319406721
3790;142.42378002258368;3790;89.602343821527754;3790;13.061922055726798;3790;139.57161723130537;3790;9.500106814783166;3790;9.6322519608142336;3790;81.081575975829338;3790;121.7932676168096
3800;142.50923184911647;3800;89.541306802575761;3800;13.171788689840389;3800;139.88789996587477;3800;9.500106814783166;3800;9.6212652974028749;3800;81.118198187200534;3800;121.73223059785761
3810;142.3261207922605;3810;89.492477187414167;3810;13.25724051637318;3810;140.28325338408652;3810;9.500106814783166;3810;9.6398815881832327;3810;81.142612994781331;3810;121.62236396374402
3820;142.48481704153568;3820;89.577929013946957;3820;13.269447920163579;3820;140.71814214411953;3820;9.500106814783166;3820;9.6389660328989528;3820;81.154820398571729;3820;121.57353434858243
3830;142.44819483016448;3830;89.492477187414167;3830;13.232825708792383;3830;141.07396022051014;3830;9.500106814783166;3830;9.6301156651509139;3830;81.105990783410135;3830;121.56132694479203
3840;142.49702444532608;3840;89.55351420636616;3840;13.220618305001983;3840;141.4693136387219;3840;9.500106814783166;3840;9.6252327036347545;3840;81.142612994781331;3840;121.63457136753442
3850;142.39936521500289;3850;89.687795648060558;3850;13.220618305001983;3850;141.90420239875485;3850;9.500106814783166;3850;9.645680104983672;3850;81.167027802362128;3850;121.58574175237283
3860;142.41157261879329;3860;89.626758629108551;3860;13.245033112582782;3860;142.22048513332425;3860;9.500106814783166;3860;9.637440107425153;3860;81.154820398571729;3860;121.52470473342083
3870;142.55806146427807;3870;89.541306802575761;3870;13.183996093630787;3870;142.61583855153603;3870;9.500106814783166;3870;9.6267586291085543;3870;81.240272225104519;3870;121.53691213721123
3880;142.50923184911647;3880;89.529099398785362;3880;13.061922055726798;3880;142.93212128610546;3880;9.500106814783166;3880;9.6310312204351938;3880;81.154820398571729;3880;121.48808252204964
3890;142.55806146427807;3890;89.590136417737355;3890;13.122959074678791;3890;143.32747470431727;3890;9.500106814783166;3890;9.6404919583727526;3890;81.179235206152526;3890;121.43925290688802
3900;142.46040223395488;3900;89.638966032898949;3900;13.183996093630787;3900;143.68329278070786;3900;9.500106814783166;3900;9.6389660328989528;3900;81.264687032685316;3900;121.36600848414562
3910;142.42378002258368;3910;89.626758629108551;3910;13.232825708792383;3910;144.03911085709848;3910;9.500106814783166;3910;9.628894924771874;3910;81.228064821314121;3910;121.36600848414562
3920;142.2894985808893;3920;89.590136417737355;3920;13.15958128604999;3920;144.35539359166793;3920;9.500106814783166;3920;9.6389660328989528;3920;81.240272225104519;3920;121.39042329172642
3930;142.38715781121249;3930;89.55351420636616;3930;13.220618305001983;3930;144.71121166805852;3930;9.500106814783166;3930;9.6389660328989528;3930;81.252479628894918;3930;121.37821588793602
3940;142.38715781121249;3940;89.492477187414167;3940;13.281655323953977;3940;145.10656508627031;3940;9.500106814783166;3940;9.6423230689413124;3940;81.167027802362128;3940;121.29276406140323
3950;142.46040223395488;3950;89.687795648060558;3950;13.171788689840389;3950;145.50191850448206;3950;9.500106814783166;3950;9.6313364055299537;3950;81.276894436475715;3950;121.31717886898403
3960;142.44819483016448;3960;89.626758629108551;3960;13.232825708792383;3960;145.89727192269385;3960;9.500106814783166;3960;9.6362193670461131;3960;81.337931455427707;3960;121.31717886898403
3970;142.3139133884701;3970;89.516891994994964;3970;13.25724051637318;3970;146.21355465726324;3970;9.500106814783166;3970;9.6322519608142336;3970;81.154820398571729;3970;121.19510483108004
3980;142.48481704153568;3980;89.687795648060558;3980;13.232825708792383;3980;146.64844341729622;3980;9.500106814783166;3980;9.6368297372356331;3980;81.093783379619737;3980;121.25614185003204
3990;142.46040223395488;3990;89.687795648060558;3990;13.15958128604999;3990;147.00426149368687;3990;9.500106814783166;3990;9.6343882564775534;3990;81.06936857203894;3990;121.25614185003204
4000;142.3139133884701;4000;89.590136417737355;4000;13.0497146519364;4000;147.47868559554098;4000;9.500106814783166;4000;9.6322519608142336;4000;81.142612994781331;4000;121.19510483108004
4010;142.3139133884701;4010;89.516891994994964;4010;13.135166478469193;4010;147.87403901375274;4010;9.500106814783166;4010;9.637745292519913;4010;81.118198187200534;4010;121.17069002349925
4020;142.46040223395488;4020;89.577929013946957;4020;13.245033112582782;4020;148.19032174832222;4020;9.500106814783166;4020;9.6343882564775534;4020;81.093783379619737;4020;121.18289742728965
4030;142.37495040742209;4030;89.712210455641355;4030;13.208410901211584;4030;148.50660448289165;4030;9.500106814783166;4030;9.637440107425153;4030;81.105990783410135;4030;121.15848261970885
4040;142.47260963774528;4040;89.675588244270159;4040;13.220618305001983;4040;148.78335187563988;4040;9.500106814783166;4040;9.6316415906247137;4040;81.105990783410135;4040;121.04861598559526
4050;142.42378002258368;4050;89.602343821527754;4050;13.245033112582782;4050;149.21824063567283;4050;9.500106814783166;4050;9.637745292519913;4050;81.179235206152526;4050;120.98757896664327
4060;142.37495040742209;4060;89.590136417737355;4060;13.245033112582782;4060;149.65312939570578;4060;9.500106814783166;4060;9.6307260353404338;4060;81.252479628894918;4060;120.93874935148168
4070;142.52143925290687;4070;89.590136417737355;4070;13.183996093630787;4070;150.04848281391756;4070;9.500106814783166;4070;9.6331675160985135;4070;81.276894436475715;4070;120.92654194769128
4080;142.55806146427807;4080;89.724417859431753;4080;13.220618305001983;4080;150.40430089030815;4080;9.500106814783166;4080;9.6285897396771141;4080;81.276894436475715;4080;120.97537156285287
4090;142.47260963774528;4090;89.883114108706934;4090;13.269447920163579;4090;150.72058362487761;4090;9.500106814783166;4090;9.6310312204351938;4090;81.325724051637309;4090;120.99978637043367
4100;142.3017059846797;4100;89.83428449354534;4100;13.245033112582782;4100;151.03686635944703;4100;9.500106814783166;4100;9.6334727011932735;4100;81.252479628894918;4100;120.98757896664327
4110;142.3017059846797;4110;89.761040070802949;4110;13.171788689840389;4110;151.43221977765882;4110;9.500106814783166;4110;9.6298104800561539;4110;81.289101840266113;4110;120.88991973632008
4120;142.2772911770989;4120;89.724417859431753;4120;13.15958128604999;4120;151.74850251222821;4120;9.500106814783166;4120;9.637745292519913;4120;81.337931455427707;4120;120.85329752494889
4130;142.41157261879329;4130;89.74883266701255;4130;13.135166478469193;4130;152.1043205886188;4130;9.500106814783166;4130;9.6319467757194737;4130;81.154820398571729;4130;120.86550492873928
4140;142.3383281960509;4140;89.687795648060558;4140;13.037507248146001;4140;152.49967400683059;4140;9.500106814783166;4140;9.6346934415723133;4140;81.118198187200534;4140;120.7068086794641
4150;142.3139133884701;4150;89.700003051850956;4150;13.135166478469193;4150;152.81595674140002;4150;9.500106814783166;4150;9.629200109866634;4150;81.252479628894918;4150;120.65797906430249
4160;142.39936521500289;4160;89.761040070802949;4160;13.25724051637318;4160;153.29038084325418;4160;9.500106814783166;4160;9.6337778862880334;4160;81.228064821314121;4160;120.7434308908353
4170;142.3383281960509;4170;89.700003051850956;4170;13.183996093630787;4170;153.64619891964477;4170;9.500106814783166;4170;9.6316415906247137;4170;81.142612994781331;4170;120.7312234870449
4180;142.41157261879329;4180;89.614551225318152;4180;13.110751670888392;4180;154.00201699603539;4180;9.500106814783166;4180;9.6334727011932735;4180;81.203650013733323;4180;120.7068086794641
4190;142.49702444532608;4190;89.577929013946957;4190;13.0497146519364;4190;154.31829973060479;4190;9.500106814783166;4190;9.6301156651509139;4190;81.3989684743797;4190;120.6457716605121
4200;142.58247627185889;4200;89.638966032898949;4200;13.171788689840389;4200;154.7136531488166;4200;9.500106814783166;4200;9.6298104800561539;4200;81.4233832819605;4200;120.6213568529313
4210;142.44819483016448;4210;89.675588244270159;4210;13.208410901211584;4210;155.02993588338603;4210;9.500106814783166;4210;9.6359141819513532;4210;81.252479628894918;4210;120.5969420453505
4220;142.47260963774528;4220;89.724417859431753;4220;13.183996093630787;4220;155.34621861795546;4220;9.500106814783166;4220;9.6307260353404338;4220;81.252479628894918;4220;120.53590502639851
4230;142.48481704153568;4230;89.74883266701255;4230;13.232825708792383;4230;155.74157203616724;4230;9.500106814783166;4230;9.6356089968565932;4230;81.31351664784691;4230;120.48707541123692
4240;142.50923184911647;4240;89.700003051850956;4240;13.306070131534774;4240;156.0973901125578;4240;9.500106814783166;4240;9.628894924771874;4240;81.325724051637309;4240;120.5847346415601
4250;142.54585406048767;4250;89.74883266701255;4250;13.342692342905973;4250;156.57181421441192;4250;9.500106814783166;4250;9.6334727011932735;4250;81.4233832819605;4250;120.56031983397931
4260;142.57026886806847;4260;89.785454878383746;4260;13.183996093630787;4260;156.88809694898137;4260;9.500106814783166;4260;9.6307260353404338;4260;81.508835108493315;4260;120.48707541123692
4270;142.58247627185889;4270;89.74883266701255;4270;13.110751670888392;4270;157.24391502537202;4270;9.500106814783166;4270;9.6328623310037536;4270;81.3989684743797;4270;120.51149021881771
4280;142.52143925290687;4280;89.687795648060558;4280;13.147373882259592;4280;157.56019775994142;4280;9.500106814783166;4280;9.6301156651509139;4280;81.31351664784691;4280;120.40162358470413
4290;142.47260963774528;4290;89.809869685964543;4290;13.342692342905973;4290;157.99508651997436;4290;9.500106814783166;4290;9.6298104800561539;4290;81.4233832819605;4290;120.36500137333293
4300;142.3139133884701;4300;89.858699301126137;4300;13.379314554277169;4300;158.35090459636496;4300;9.500106814783166;4300;9.6322519608142336;4300;81.460005493331721;4300;120.45045319986572
4310;142.3383281960509;4310;89.809869685964543;4310;13.147373882259592;4310;158.74625801457674;4310;9.500106814783166;4310;9.6285897396771141;4310;81.3745536667989;4310;120.43824579607532
4320;142.2772911770989;4320;89.74883266701255;4320;13.013092440565202;4320;159.22068211643085;4320;9.500106814783166;4320;9.6340830713827934;4320;81.337931455427707;4320;120.32837916196173
4330;142.41157261879329;4330;89.675588244270159;4330;13.0497146519364;4330;159.53696485100033;4330;9.500106814783166;4330;9.6285897396771141;4330;81.3623462630085;4330;120.23071993163855
4340;142.41157261879329;4340;89.700003051850956;4340;13.061922055726798;4340;159.93231826921209;4340;9.500106814783166;4340;9.6340830713827934;4340;81.3623462630085;4340;120.26734214300974
4350;142.36274300363169;4350;89.638966032898949;4350;13.025299844355601;4350;160.32767168742387;4350;9.500106814783166;4350;9.629200109866634;4350;81.3501388592181;4350;120.30396435438094
4360;142.44819483016448;4360;89.638966032898949;4360;13.074129459517197;4360;160.72302510563563;4360;9.500106814783166;4360;9.6328623310037536;4360;81.31351664784691;4360;120.30396435438094
4370;142.49702444532608;4370;89.712210455641355;4370;13.15958128604999;4370;160.99977249838392;4370;9.500106814783166;4370;9.6301156651509139;4370;81.3623462630085;4370;120.24292733542894
4380;142.48481704153568;4380;89.712210455641355;4380;13.061922055726798;4380;161.35559057477454;4380;9.500106814783166;4380;9.6307260353404338;4380;81.447798089541322;4380;120.23071993163855
4390;142.41157261879329;4390;89.724417859431753;4390;13.15958128604999;4390;161.75094399298629;4390;9.500106814783166;4390;9.6307260353404338;4390;81.3501388592181;4390;120.24292733542894
4400;142.48481704153568;4400;89.785454878383746;4400;13.306070131534774;4400;162.18583275301924;4400;9.500106814783166;4400;9.6273689992980742;4400;81.3623462630085;4400;120.13306070131536
4410;142.44819483016448;4410;89.83428449354534;4410;13.171788689840389;4410;162.4625801457675;4410;9.500106814783166;4410;9.6353038117618333;4410;81.3745536667989;4410;120.08423108615376
4420;142.42378002258368;4420;89.83428449354534;4420;13.183996093630787;4420;162.69979219669457;4420;9.500106814783166;4420;9.6319467757194737;4420;81.3501388592181;4420;120.08423108615376
4430;142.3383281960509;4430;89.846491897335738;4430;13.171788689840389;4430;163.01607493126397;4430;9.500106814783166;4430;9.6343882564775534;4430;81.460005493331721;4430;120.04760887478257
4440;142.39936521500289;4440;89.883114108706934;4440;13.135166478469193;4440;163.41142834947578;4440;9.500106814783166;4440;9.6276741843928342;4440;81.508835108493315;4440;120.08423108615376
4450;142.37495040742209;4450;89.858699301126137;4450;13.086336863307595;4450;163.88585245132992;4450;9.500106814783166;4450;9.6334727011932735;4450;81.4233832819605;4450;120.03540147099217
4460;142.3383281960509;4460;89.846491897335738;4460;13.086336863307595;4460;164.20213518589935;4460;9.500106814783166;4460;9.6276741843928342;4460;81.496627704702917;4460;119.97436445204018
4470;142.48481704153568;4470;89.870906704916536;4470;13.122959074678791;4470;164.63702394593236;4470;9.500106814783166;4470;9.6298104800561539;4470;81.5820795312357;4470;120.04760887478257
4480;142.42378002258368;4480;89.773247474593347;4480;13.122959074678791;4480;164.99284202232292;4480;9.500106814783166;4480;9.6310312204351938;4480;81.4355906857509;4480;120.08423108615376
4490;142.38715781121249;4490;89.809869685964543;4490;13.110751670888392;4490;165.3881954405347;4490;9.500106814783166;4490;9.629505294961394;4490;81.496627704702917;4490;120.04760887478257
4500;142.3139133884701;4500;89.895321512497333;4500;13.074129459517197;4500;165.70447817510413;4500;9.500106814783166;4500;9.6343882564775534;4500;81.521042512283714;4500;119.97436445204018
4510;142.37495040742209;4510;89.895321512497333;4510;13.110751670888392;4510;166.09983159331591;4510;9.500106814783166;4510;9.6313364055299537;4510;81.521042512283714;4510;119.85229041413616
4520;142.24066896572771;4520;89.870906704916536;4520;13.15958128604999;4520;166.45564966970647;4520;9.500106814783166;4520;9.6365245521408731;4520;81.5942869350261;4520;119.85229041413616
4530;142.2650837733085;4530;89.785454878383746;4530;13.281655323953977;4530;166.77193240427593;4530;9.500106814783166;4530;9.6276741843928342;4530;81.569872127445308;4530;119.85229041413616
4540;142.39936521500289;4540;89.761040070802949;4540;13.232825708792383;4540;167.2463565061301;4540;9.500106814783166;4540;9.6319467757194737;4540;81.508835108493315;4540;119.82787560655537
4550;142.47260963774528;4550;89.846491897335738;4550;13.15958128604999;4550;167.52310389887833;4550;9.500106814783166;4550;9.6276741843928342;4550;81.447798089541322;4550;119.84008301034577
4560;142.49702444532608;4560;89.883114108706934;4560;13.220618305001983;4560;167.87892197526892;4560;9.500106814783166;4560;9.6313364055299537;4560;81.4111758781701;4560;119.76683858760337
4570;142.41157261879329;4570;89.785454878383746;4570;13.232825708792383;4570;168.23474005165951;4570;9.500106814783166;4570;9.6310312204351938;4570;81.460005493331721;4570;119.71800897244178
4580;142.39936521500289;4580;89.895321512497333;4580;13.25724051637318;4580;168.66962881169252;4580;9.500106814783166;4580;9.6319467757194737;4580;81.508835108493315;4580;119.69359416486098
4590;142.3261207922605;4590;90.005188146610919;4590;13.122959074678791;4590;168.98591154626195;4590;9.500106814783166;4590;9.6346934415723133;4590;81.508835108493315;4590;119.69359416486098
4600;142.3383281960509;4600;89.91973632007813;4600;13.122959074678791;4600;169.34172962265254;4600;9.500106814783166;4600;9.629505294961394;4600;81.460005493331721;4600;119.66917935728019
4610;142.2894985808893;4610;89.91973632007813;4610;13.074129459517197;4610;169.69754769904313;4610;9.500106814783166;4610;9.6334727011932735;4610;81.484420300912518;4610;119.5593127231666
4620;142.37495040742209;4620;89.83428449354534;4620;13.122959074678791;4620;170.17197180089727;4620;9.500106814783166;4620;9.628894924771874;4620;81.521042512283714;4620;119.5226905117954
4630;142.3383281960509;4630;89.846491897335738;4630;13.269447920163579;4630;170.64639590275138;4630;9.500106814783166;4630;9.6343882564775534;4630;81.521042512283714;4630;119.69359416486098
4640;142.39936521500289;4640;89.931943723868528;4640;13.183996093630787;4640;171.04174932096319;4640;9.500106814783166;4640;9.628894924771874;4640;81.533249916074112;4640;119.69359416486098
4650;142.48481704153568;4650;90.041810357982115;4650;13.318277535325173;4650;171.35803205553262;4650;9.500106814783166;4650;9.6337778862880334;4650;81.460005493331721;4650;119.49827570421461
4660;142.44819483016448;4660;90.041810357982115;4660;13.269447920163579;4660;171.67431479010204;4660;9.500106814783166;4660;9.6285897396771141;4660;81.5942869350261;4660;119.42503128147222
4670;142.44819483016448;4670;89.91973632007813;4670;13.025299844355601;4670;172.10920355013496;4670;9.500106814783166;4670;9.629505294961394;4670;81.5820795312357;4670;119.49827570421461
4680;142.37495040742209;4680;89.931943723868528;4680;13.086336863307595;4680;172.46502162652558;4680;9.500106814783166;4680;9.6334727011932735;4680;81.521042512283714;4680;119.46165349284341
4690;142.2894985808893;4690;89.91973632007813;4690;13.208410901211584;4690;172.82083970291617;4690;9.500106814783166;4690;9.6307260353404338;4690;81.71636097293009;4690;119.33957945493943
4700;142.17963194677571;4700;89.773247474593347;4700;13.25724051637318;4700;173.1371224374856;4700;9.500106814783166;4700;9.6334727011932735;4700;81.6797387615589;4700;119.37620166631062
4710;142.49702444532608;4710;89.895321512497333;4710;13.318277535325173;4710;173.53247585569741;4710;9.500106814783166;4710;9.629200109866634;4710;81.508835108493315;4710;119.31516464735863
4720;142.60689107943969;4720;89.956358531449325;4720;13.171788689840389;4720;173.92782927390917;4720;9.500106814783166;4720;9.6340830713827934;4720;81.496627704702917;4720;119.37620166631062
4730;142.52143925290687;4730;89.870906704916536;4730;13.037507248146001;4730;174.32318269212095;4730;9.500106814783166;4730;9.628894924771874;4730;81.521042512283714;4730;119.42503128147222
4740;142.50923184911647;4740;89.931943723868528;4740;13.061922055726798;4740;174.75807145215396;4740;9.500106814783166;4740;9.6353038117618333;4740;81.533249916074112;4740;119.36399426252022
4750;142.47260963774528;4750;89.968565935239724;4750;13.074129459517197;4750;175.11388952854455;4750;9.500106814783166;4750;9.6285897396771141;4750;81.569872127445308;4750;119.42503128147222
4760;142.46040223395488;4760;89.91973632007813;4760;13.086336863307595;4760;175.39063692129278;4760;9.500106814783166;4760;9.6313364055299537;4760;81.521042512283714;4760;119.40061647389142
4770;142.41157261879329;4770;89.858699301126137;4770;13.122959074678791;4770;175.70691965586221;4770;9.500106814783166;4770;9.6316415906247137;4770;81.496627704702917;4770;119.31516464735863
4780;142.39936521500289;4780;89.895321512497333;4780;13.061922055726798;4780;176.18134375771632;4780;9.500106814783166;4780;9.629505294961394;4780;81.545457319864511;4780;119.31516464735863
4790;142.38715781121249;4790;90.005188146610919;4790;13.037507248146001;4790;176.5766971759281;4790;9.500106814783166;4790;9.6340830713827934;4790;81.5942869350261;4790;119.31516464735863
4800;142.49702444532608;4800;90.1760917996765;4800;13.037507248146001;4800;177.01158593596105;4800;9.500106814783166;4800;9.629200109866634;4800;81.5942869350261;4800;119.22971282082584
4810;142.47260963774528;4810;90.2005066072573;4810;13.147373882259592;4810;177.3674040123517;4810;9.500106814783166;4810;9.6331675160985135;4810;81.6309091463973;4810;119.14426099429305
4820;142.48481704153568;4820;89.968565935239724;4820;13.135166478469193;4820;177.64415140509996;4820;9.500106814783166;4820;9.6264534440137943;4820;81.704153569139692;4820;119.15646839808345
4830;142.3383281960509;4830;90.029602954191716;4830;13.086336863307595;4830;178.07904016513288;4830;9.500106814783166;4830;9.6337778862880334;4830;81.6675313577685;4830;119.18088320566424
4840;142.54585406048767;4840;90.017395550401318;4840;13.220618305001983;4840;178.51392892516583;4840;9.500106814783166;4840;9.6307260353404338;4840;81.6064943388165;4840;119.11984618671224
4850;142.64351329081089;4850;89.858699301126137;4850;13.220618305001983;4850;178.9488176851988;4850;9.500106814783166;4850;9.6334727011932735;4850;81.6187017426069;4850;119.10763878292184
4860;142.55806146427807;4860;90.017395550401318;4860;13.086336863307595;4860;179.34417110341056;4860;9.500106814783166;4860;9.6307260353404338;4860;81.6553239539781;4860;119.10763878292184
4870;142.59468367564929;4870;90.1150547807245;4870;13.037507248146001;4870;179.69998917980115;4870;9.500106814783166;4870;9.629505294961394;4870;81.6919461653493;4870;119.07101657155064
4880;142.49702444532608;4880;90.017395550401318;4880;13.086336863307595;4880;180.01627191437063;4880;9.500106814783166;4880;9.6307260353404338;4880;81.6553239539781;4880;119.04660176396985
4890;142.52143925290687;4890;90.066225165562912;4890;13.135166478469193;4890;180.33255464894003;4890;9.500106814783166;4890;9.6273689992980742;4890;81.704153569139692;4890;119.04660176396985
4900;142.49702444532608;4900;90.066225165562912;4900;13.147373882259592;4900;180.64883738350946;4900;9.500106814783166;4900;9.6337778862880334;4900;81.6797387615589;4900;118.91232032227546
4910;142.61909848323009;4910;90.054017761772513;4910;13.208410901211584;4910;181.0441908017213;4910;9.500106814783166;4910;9.6273689992980742;4910;81.6064943388165;4910;118.83907589953307
4920;142.58247627185889;4920;90.066225165562912;4920;13.147373882259592;4920;181.47907956175425;4920;9.500106814783166;4920;9.6322519608142336;4920;81.6675313577685;4920;118.92452772606586
4930;142.74117252113408;4930;90.066225165562912;4930;13.135166478469193;4930;181.75582695450248;4930;9.500106814783166;4930;9.629505294961394;4930;81.704153569139692;4930;118.91232032227546
4940;142.61909848323009;4940;90.054017761772513;4940;13.135166478469193;4940;182.11164503089307;4940;9.500106814783166;4940;9.6353038117618333;4940;81.6309091463973;4940;118.83907589953307
4950;142.3383281960509;4950;90.066225165562912;4950;13.013092440565202;4950;182.46746310728363;4950;9.500106814783166;4950;9.6301156651509139;4950;81.569872127445308;4950;118.93673512985626
4960;142.3139133884701;4960;90.102847376934108;4960;13.0497146519364;4960;182.9418872091378;4960;9.500106814783166;4960;9.6316415906247137;4960;81.5942869350261;4960;118.80245368816188
4970;142.37495040742209;4970;90.090639973143709;4970;13.0497146519364;4970;183.2581699437072;4970;9.500106814783166;4970;9.6319467757194737;4970;81.6187017426069;4970;118.66817224646749
4980;142.52143925290687;4980;90.090639973143709;4980;13.0497146519364;4980;183.61398802009785;4980;9.500106814783166;4980;9.6276741843928342;4980;81.5942869350261;4980;118.71700186162909
4990;142.52143925290687;4990;89.980773339030122;4990;13.037507248146001;4990;184.00934143830963;4990;9.500106814783166;4990;9.6316415906247137;4990;81.5820795312357;4990;118.75362407300028
5000;142.57026886806847;5000;89.858699301126137;5000;13.110751670888392;5000;184.40469485652139;5000;9.500106814783166;5000;9.629505294961394;5000;81.71636097293009;5000;118.79024628437148
5010;142.37495040742209;5010;89.944151127658927;5010;13.220618305001983;5010;184.76051293291198;5010;9.500106814783166;5010;9.6359141819513532;5010;81.704153569139692;5010;118.76583147679068
5020;142.47260963774528;5020;90.054017761772513;5020;13.086336863307595;5020;185.07679566748146;5020;9.500106814783166;5020;9.6298104800561539;5020;81.533249916074112;5020;118.85128330332347
5030;142.54585406048767;5030;89.980773339030122;5030;13.074129459517197;5030;185.43261374387205;5030;9.500106814783166;5030;9.6346934415723133;5030;81.521042512283714;5030;118.87569811090427
5040;142.39936521500289;5040;90.041810357982115;5040;13.183996093630787;5040;185.78843182026264;5040;9.500106814783166;5040;9.6273689992980742;5040;81.6187017426069;5040;118.76583147679068
5050;142.42378002258368;5050;90.1882992034669;5050;13.086336863307595;5050;186.06517921301088;5050;9.500106814783166;5050;9.6301156651509139;5050;81.6064943388165;5050;118.71700186162909
5060;142.49702444532608;5060;90.1516769920957;5060;12.927640614032409;5060;186.38146194758031;5060;9.500106814783166;5060;9.629200109866634;5060;81.5942869350261;5060;118.69258705404829
5070;142.54585406048767;5070;90.029602954191716;5070;13.122959074678791;5070;186.6977446821497;5070;9.500106814783166;5070;9.6276741843928342;5070;81.6553239539781;5070;118.69258705404829
5080;142.46040223395488;5080;89.968565935239724;5080;13.269447920163579;5080;187.01402741671916;5080;9.500106814783166;5080;9.6346934415723133;5080;81.752983184301286;5080;118.71700186162909
5090;142.48481704153568;5090;90.1394695883053;5090;13.171788689840389;5090;187.44891617675216;5090;9.500106814783166;5090;9.6310312204351938;5090;81.923886837366865;5090;118.65596484267709
5100;142.3139133884701;5100;90.1516769920957;5100;13.171788689840389;5100;187.88380493678508;5100;9.500106814783166;5100;9.6316415906247137;5100;81.826227607043677;5100;118.5827204199347
5110;142.44819483016448;5110;90.066225165562912;5110;13.220618305001983;5110;188.27915835499684;5110;9.500106814783166;5110;9.6273689992980742;5110;81.704153569139692;5110;118.48506118961151
5120;142.58247627185889;5120;90.102847376934108;5120;13.171788689840389;5120;188.63497643138751;5120;9.500106814783166;5120;9.6362193670461131;5120;81.6187017426069;5120;118.43623157444992
5130;142.55806146427807;5130;89.956358531449325;5130;13.171788689840389;5130;188.99079450777811;5130;9.500106814783166;5130;9.6307260353404338;5130;81.521042512283714;5130;118.53389080477311
5140;142.65572069460129;5140;89.895321512497333;5140;13.122959074678791;5140;189.38614792598986;5140;9.500106814783166;5140;9.6319467757194737;5140;81.740775780510887;5140;118.66817224646749
5150;142.74117252113408;5150;89.883114108706934;5150;13.037507248146001;5150;189.70243066055929;5150;9.500106814783166;5150;9.6282845545823541;5150;81.911679433576467;5150;118.65596484267709
5160;142.75337992492447;5160;89.956358531449325;5160;13.0497146519364;5160;190.09778407877107;5160;9.500106814783166;5160;9.6310312204351938;5160;81.789605395672481;5160;118.5705130161443
5170;142.57026886806847;5170;90.102847376934108;5170;13.061922055726798;5170;190.4140668133405;5170;9.500106814783166;5170;9.6334727011932735;5170;81.704153569139692;5170;118.44843897824032
5180;142.49702444532608;5180;90.066225165562912;5180;13.183996093630787;5180;190.76988488973106;5180;9.500106814783166;5180;9.629505294961394;5180;81.6553239539781;5180;118.37519455549793
5190;142.42378002258368;5190;90.066225165562912;5190;13.15958128604999;5190;191.12570296612168;5190;9.500106814783166;5190;9.6343882564775534;5190;81.6797387615589;5190;118.3507797479171
5200;142.48481704153568;5200;90.102847376934108;5200;13.074129459517197;5200;191.48152104251233;5200;9.500106814783166;5200;9.6285897396771141;5200;81.765190588091684;5200;118.38740195928833
5210;142.46040223395488;5210;90.1394695883053;5210;13.074129459517197;5210;191.87687446072408;5210;9.500106814783166;5210;9.6319467757194737;5210;81.740775780510887;5210;118.43623157444992
5220;142.46040223395488;5220;90.273751029999687;5220;13.110751670888392;5220;192.27222787893584;5220;9.500106814783166;5220;9.6249275185399945;5220;81.789605395672481;5220;118.41181676686912
5230;142.46040223395488;5230;90.1882992034669;5230;13.086336863307595;5230;192.62804595532646;5230;9.500106814783166;5230;9.6322519608142336;5230;81.80181279946288;5230;118.38740195928833
5240;142.57026886806847;5240;90.029602954191716;5240;13.122959074678791;5240;192.90479334807469;5240;9.500106814783166;5240;9.6285897396771141;5240;81.752983184301286;5240;118.30195013275551
5250;142.65572069460129;5250;90.1394695883053;5250;13.171788689840389;5250;193.26061142446528;5250;9.500106814783166;5250;9.6285897396771141;5250;81.704153569139692;5250;118.20429090243232
5260;142.57026886806847;5260;90.1272621845149;5260;13.208410901211584;5260;193.65596484267704;5260;9.500106814783166;5260;9.6313364055299537;5260;81.838435010834075;5260;118.21649830622272
5270;142.46040223395488;5270;90.1150547807245;5270;13.15958128604999;5270;194.05131826088888;5270;9.500106814783166;5270;9.6301156651509139;5270;81.862849818414873;5270;118.26532792138431
5280;142.41157261879329;5280;90.237128818628491;5280;13.171788689840389;5280;194.44667167910066;5280;9.500106814783166;5280;9.6334727011932735;5280;81.80181279946288;5280;118.3263649403363
5290;142.55806146427807;5290;90.1394695883053;5290;13.15958128604999;5290;194.84202509731242;5290;9.500106814783166;5290;9.628894924771874;5290;81.80181279946288;5290;118.30195013275551
5300;142.39936521500289;5300;90.1394695883053;5300;13.232825708792383;5300;195.15830783188184;5300;9.500106814783166;5300;9.6331675160985135;5300;81.838435010834075;5300;118.17987609485152
5310;142.46040223395488;5310;90.1394695883053;5310;13.342692342905973;5310;195.47459056645127;5310;9.500106814783166;5310;9.6273689992980742;5310;81.80181279946288;5310;118.15546128727073
5320;142.57026886806847;5320;90.1394695883053;5320;13.171788689840389;5320;195.90947932648427;5320;9.500106814783166;5320;9.6346934415723133;5320;81.777397991882083;5320;118.31415753654591
5330;142.58247627185889;5330;90.1394695883053;5330;13.013092440565202;5330;196.34436808651719;5330;9.500106814783166;5330;9.6273689992980742;5330;81.752983184301286;5330;118.26532792138431
5340;142.61909848323009;5340;90.2127140110477;5340;13.110751670888392;5340;196.70018616290781;5340;9.500106814783166;5340;9.6282845545823541;5340;81.740775780510887;5340;118.20429090243232
5350;142.61909848323009;5350;90.322580645161281;5350;13.269447920163579;5350;197.0560042392984;5350;9.500106814783166;5350;9.6273689992980742;5350;81.875057222205271;5350;118.14325388348033
5360;142.60689107943969;5360;90.322580645161281;5360;13.232825708792383;5360;197.411822315689;5360;9.500106814783166;5360;9.6267586291085543;5360;82.009338663899655;5360;118.07000946073794
5370;142.49702444532608;5370;90.2249214148381;5370;13.15958128604999;5370;197.72810505025839;5370;9.500106814783166;5370;9.6322519608142336;5370;81.88726462599567;5370;118.04559465315714
5380;142.46040223395488;5380;90.285958433790086;5380;13.0497146519364;5380;198.1629938102914;5380;9.500106814783166;5380;9.6307260353404338;5380;81.789605395672481;5380;118.04559465315714
5390;142.48481704153568;5390;90.346995452742078;5390;13.013092440565202;5390;198.47927654486085;5390;9.500106814783166;5390;9.6340830713827934;5390;81.850642414624474;5390;118.04559465315714
5400;142.64351329081089;5400;90.298165837580484;5400;13.037507248146001;5400;198.83509462125141;5400;9.500106814783166;5400;9.6285897396771141;5400;81.826227607043677;5400;118.03338724936674
5410;142.48481704153568;5410;90.2005066072573;5410;13.0497146519364;5410;199.19091269764203;5410;9.500106814783166;5410;9.6343882564775534;5410;81.862849818414873;5410;118.07000946073794
5420;142.47260963774528;5420;90.1150547807245;5420;13.110751670888392;5420;199.46766009039024;5420;9.500106814783166;5420;9.6258430738242744;5420;81.936094241157264;5420;117.98455763420515
5430;142.52143925290687;5430;90.1760917996765;5430;13.122959074678791;5430;199.94208419224438;5430;9.500106814783166;5430;9.629505294961394;5430;81.911679433576467;5430;118.02117984557634
5440;142.48481704153568;5440;90.1760917996765;5440;13.037507248146001;5440;200.29790226863497;5440;9.500106814783166;5440;9.6298104800561539;5440;81.984923856318858;5440;118.03338724936674
5450;142.47260963774528;5450;90.1760917996765;5450;13.025299844355601;5450;200.69325568684687;5450;9.500106814783166;5450;9.6298104800561539;5450;81.960509048738061;5450;117.96014282662435
5460;142.3383281960509;5460;90.261543626209289;5460;13.171788689840389;5460;201.16767978870098;5460;9.500106814783166;5460;9.6334727011932735;5460;81.875057222205271;5460;117.97235023041475
5470;142.38715781121249;5470;90.310373241370883;5470;13.232825708792383;5470;201.48396252327041;5470;9.500106814783166;5470;9.6313364055299537;5470;81.875057222205271;5470;117.99676503799554
5480;142.46040223395488;5480;90.285958433790086;5480;12.964262825403608;5480;201.839780599661;5480;9.500106814783166;5480;9.6331675160985135;5480;81.850642414624474;5480;117.93572801904355
5490;142.64351329081089;5490;90.310373241370883;5490;12.891018402661214;5490;202.27466935969395;5490;9.500106814783166;5490;9.6273689992980742;5490;81.984923856318858;5490;117.96014282662435
5500;142.55806146427807;5500;90.371410260322875;5500;13.061922055726798;5500;202.70955811972689;5500;9.500106814783166;5500;9.6331675160985135;5500;82.094790490432445;5500;118.02117984557634
5510;142.59468367564929;5510;90.359202856532477;5510;13.0497146519364;5510;203.14444687975984;5510;9.500106814783166;5510;9.6270638142033143;5510;82.070375682851648;5510;117.87469100009156
5520;142.66792809839168;5520;90.371410260322875;5520;13.110751670888392;5520;203.46072961432932;5520;9.500106814783166;5520;9.6340830713827934;5520;82.021546067690053;5520;117.86248359630116
5530;142.60689107943969;5530;90.408032471694071;5530;13.208410901211584;5530;203.73747700707753;5530;9.500106814783166;5530;9.6310312204351938;5530;81.88726462599567;5530;117.86248359630116
5540;142.58247627185889;5540;90.371410260322875;5540;13.147373882259592;5540;204.17236576711051;5540;9.500106814783166;5540;9.6307260353404338;5540;81.936094241157264;5540;117.77703176976837
5550;142.54585406048767;5550;90.322580645161281;5550;12.964262825403608;5550;204.5281838435011;5550;9.500106814783166;5550;9.6316415906247137;5550;81.923886837366865;5550;117.75261696218757
5560;142.66792809839168;5560;90.261543626209289;5560;13.074129459517197;5560;204.92353726171288;5560;9.500106814783166;5560;9.6298104800561539;5560;81.936094241157264;5560;117.78923917355877
5570;142.58247627185889;5570;90.1272621845149;5570;13.086336863307595;5570;205.27935533810344;5570;9.500106814783166;5570;9.6307260353404338;5570;82.009338663899655;5570;117.75261696218757
5580;142.55806146427807;5580;90.1150547807245;5580;13.013092440565202;5580;205.63517341449403;5580;9.500106814783166;5580;9.6273689992980742;5580;81.960509048738061;5580;117.83806878872036
5590;142.42378002258368;5590;90.2249214148381;5590;13.074129459517197;5590;206.10959751634823;5590;9.500106814783166;5590;9.6359141819513532;5590;81.875057222205271;5590;117.80144657734917
5600;142.48481704153568;5600;90.322580645161281;5600;13.061922055726798;5600;206.46541559273882;5600;9.500106814783166;5600;9.628894924771874;5600;81.948301644947662;5600;117.70378734702598
5610;142.68013550218208;5610;90.346995452742078;5610;13.086336863307595;5610;206.82123366912941;5610;9.500106814783166;5610;9.6337778862880334;5610;82.033753471480452;5610;117.63054292428359
5620;142.66792809839168;5620;90.310373241370883;5620;13.171788689840389;5620;207.17705174552003;5620;9.500106814783166;5620;9.6264534440137943;5620;81.960509048738061;5620;117.581713309122
5630;142.64351329081089;5630;90.298165837580484;5630;13.171788689840389;5630;207.65147584737414;5630;9.500106814783166;5630;9.6301156651509139;5630;82.009338663899655;5630;117.61833552049319
5640;142.64351329081089;5640;90.285958433790086;5640;13.183996093630787;5640;207.96775858194354;5640;9.500106814783166;5640;9.6319467757194737;5640;81.960509048738061;5640;117.53288369396037
5650;142.65572069460129;5650;90.273751029999687;5650;13.025299844355601;5650;208.32357665833425;5650;9.500106814783166;5650;9.6298104800561539;5650;81.826227607043677;5650;117.49626148258918
5660;142.58247627185889;5660;90.310373241370883;5660;13.0497146519364;5660;208.83753610200955;5660;9.500106814783166;5660;9.6334727011932735;5660;81.936094241157264;5660;117.50846888637957
5670;142.59468367564929;5670;90.395825067903672;5670;13.232825708792383;5670;209.15381883657898;5670;9.500106814783166;5670;9.6310312204351938;5670;81.948301644947662;5670;117.54509109775077
5680;142.46040223395488;5680;90.383617664113274;5680;13.061922055726798;5680;209.47010157114838;5680;9.500106814783166;5680;9.6346934415723133;5680;81.923886837366865;5680;117.53288369396037
5690;142.48481704153568;5690;90.359202856532477;5690;13.086336863307595;5690;209.7863843057178;5690;9.500106814783166;5690;9.628894924771874;5690;82.058168279061249;5690;117.581713309122
5700;142.52143925290687;5700;90.408032471694071;5700;13.110751670888392;5700;210.06313169846607;5700;9.500106814783166;5700;9.6356089968565932;5700;82.070375682851648;5700;117.56950590533157
5710;142.61909848323009;5710;90.346995452742078;5710;13.0497146519364;5710;210.41894977485666;5710;9.500106814783166;5710;9.6270638142033143;5710;81.972716452528459;5710;117.44743186742758
5720;142.64351329081089;5720;90.261543626209289;5720;13.15958128604999;5720;210.81430319306847;5720;9.500106814783166;5720;9.6307260353404338;5720;81.948301644947662;5720;117.42301705984679
5730;142.68013550218208;5730;90.285958433790086;5730;13.183996093630787;5730;211.17012126945906;5730;9.500106814783166;5730;9.6301156651509139;5730;81.875057222205271;5730;117.45963927121798
5740;142.68013550218208;5740;90.383617664113274;5740;13.074129459517197;5740;211.60501002949204;5740;9.500106814783166;5740;9.6301156651509139;5740;81.948301644947662;5740;117.49626148258918
5750;142.64351329081089;5750;90.456862086855679;5750;13.061922055726798;5750;212.00036344770379;5750;9.500106814783166;5750;9.6307260353404338;5750;81.972716452528459;5750;117.45963927121798
5760;142.75337992492447;5760;90.481276894436476;5760;13.183996093630787;5760;212.43525220773674;5760;9.500106814783166;5760;9.628894924771874;5760;81.923886837366865;5760;117.41080965605639
5770;142.49702444532608;5770;90.481276894436476;5770;13.15958128604999;5770;212.75153494230617;5770;9.500106814783166;5770;9.6359141819513532;5770;81.972716452528459;5770;117.39860225226599
5780;142.52143925290687;5780;90.432447279274882;5780;13.147373882259592;5780;213.14688836051792;5780;9.500106814783166;5780;9.629200109866634;5780;82.070375682851648;5780;117.3131504257332
5790;142.58247627185889;5790;90.408032471694071;5790;13.086336863307595;5790;213.54224177872973;5790;9.500106814783166;5790;9.6316415906247137;5790;82.033753471480452;5790;117.23990600299081
5800;142.49702444532608;5800;90.493484298226875;5800;12.95205542161321;5800;213.89805985512035;5800;9.500106814783166;5800;9.6243171483504746;5800;82.04596087527085;5800;117.3009430219428
5810;142.50923184911647;5810;90.383617664113274;5810;13.037507248146001;5810;214.29341327333213;5810;9.500106814783166;5810;9.6313364055299537;5810;82.058168279061249;5810;117.25211340678121
5820;142.49702444532608;5820;90.371410260322875;5820;13.147373882259592;5820;214.57016066608037;5820;9.500106814783166;5820;9.6310312204351938;5820;81.960509048738061;5820;117.23990600299081
5830;142.46040223395488;5830;90.493484298226875;5830;13.25724051637318;5830;214.9655140842921;5830;9.500106814783166;5830;9.6319467757194737;5830;82.033753471480452;5830;117.21549119541001
5840;142.52143925290687;5840;90.444654683065281;5840;13.245033112582782;5840;215.36086750250391;5840;9.500106814783166;5840;9.6310312204351938;5840;82.094790490432445;5840;117.22769859920041
5850;142.66792809839168;5850;90.261543626209289;5850;13.171788689840389;5850;215.7166855788945;5850;9.500106814783166;5850;9.6301156651509139;5850;82.106997894222843;5850;117.19107638782921
5860;142.70455030976288;5860;90.322580645161281;5860;13.208410901211584;5860;216.07250365528515;5860;9.500106814783166;5860;9.6328623310037536;5860;82.119205298013242;5860;117.16666158024842
5870;142.68013550218208;5870;90.432447279274882;5870;13.15958128604999;5870;216.42832173167574;5870;9.500106814783166;5870;9.628894924771874;5870;82.070375682851648;5870;117.08120975371563
5880;142.57026886806847;5880;90.408032471694071;5880;13.086336863307595;5880;216.82367514988749;5880;9.500106814783166;5880;9.6356089968565932;5880;82.033753471480452;5880;117.06900234992523
5890;142.74117252113408;5890;90.444654683065281;5890;13.086336863307595;5890;217.21902856809928;5890;9.500106814783166;5890;9.6282845545823541;5890;82.143620105594039;5890;117.19107638782921
5900;142.74117252113408;5900;90.53010650959807;5900;13.074129459517197;5900;217.61438198631103;5900;9.500106814783166;5900;9.6343882564775534;5900;82.143620105594039;5900;117.14224677266762
5910;142.69234290597248;5910;90.542313913388469;5910;12.95205542161321;5910;217.93066472088043;5910;9.500106814783166;5910;9.6276741843928342;5910;81.972716452528459;5910;117.08120975371563
5920;142.57026886806847;5920;90.456862086855679;5920;12.95205542161321;5920;218.36555348091346;5920;9.500106814783166;5920;9.6298104800561539;5920;82.058168279061249;5920;117.10562456129642
5930;142.58247627185889;5930;90.469069490646078;5930;13.061922055726798;5930;218.68183621548289;5930;9.500106814783166;5930;9.6319467757194737;5930;82.192449720755633;5930;117.04458754234443
5940;142.75337992492447;5940;90.481276894436476;5940;13.135166478469193;5940;218.99811895005229;5940;9.500106814783166;5940;9.6310312204351938;5940;82.229071932126843;5940;116.97134311960204
5950;142.57026886806847;5950;90.444654683065281;5950;13.0497146519364;5950;219.43300771008523;5950;9.500106814783166;5950;9.6331675160985135;5950;82.180242316965234;5950;116.97134311960204
5960;142.58247627185889;5960;90.298165837580484;5960;13.025299844355601;5960;219.9074318119394;5960;9.500106814783166;5960;9.6307260353404338;5960;82.094790490432445;5960;116.98355052339244
5970;142.49702444532608;5970;90.298165837580484;5970;13.013092440565202;5970;220.2237145465088;5970;9.500106814783166;5970;9.6356089968565932;5970;82.106997894222843;5970;116.87368388927885
5980;142.64351329081089;5980;90.517899105807672;5980;12.95205542161321;5980;220.57953262289936;5980;9.500106814783166;5980;9.6301156651509139;5980;82.058168279061249;5980;116.87368388927885
5990;142.70455030976288;5990;90.554521317178867;5990;12.964262825403608;5990;221.01442138293243;5990;9.500106814783166;5990;9.6340830713827934;5990;82.033753471480452;5990;116.87368388927885
6000;142.64351329081089;6000;90.481276894436476;6000;13.122959074678791;6000;221.37023945932305;6000;9.500106814783166;6000;9.6285897396771141;6000;82.119205298013242;6000;116.77602465895565
6010;142.70455030976288;6010;90.432447279274882;6010;13.122959074678791;6010;221.72605753571364;6010;9.500106814783166;6010;9.6322519608142336;6010;82.21686452833643;6010;116.86147648548845
6020;142.68013550218208;6020;90.395825067903672;6020;12.927640614032409;6020;222.04234027028306;6020;9.500106814783166;6020;9.6267586291085543;6020;82.13141270180364;6020;116.88589129306925
6030;142.61909848323009;6030;90.493484298226875;6030;12.95205542161321;6030;222.39815834667365;6030;9.500106814783166;6030;9.629200109866634;6030;82.058168279061249;6030;116.80043946653646
6040;142.70455030976288;6040;90.566728720969266;6040;13.061922055726798;6040;222.79351176488541;6040;9.500106814783166;6040;9.6328623310037536;6040;82.058168279061249;6040;116.78823206274605
6050;142.65572069460129;6050;90.481276894436476;6050;13.037507248146001;6050;223.149329841276;6050;9.500106814783166;6050;9.628894924771874;6050;82.04596087527085;6050;116.78823206274605
6060;142.58247627185889;6060;90.408032471694071;6060;12.95205542161321;6060;223.54468325948784;6060;9.500106814783166;6060;9.6340830713827934;6060;82.180242316965234;6060;116.82485427411726
6070;142.66792809839168;6070;90.395825067903672;6070;13.037507248146001;6070;223.9400366776996;6070;9.500106814783166;6070;9.6307260353404338;6070;82.229071932126843;6070;116.77602465895565
6080;142.48481704153568;6080;90.371410260322875;6080;13.013092440565202;6080;224.256319412269;6080;9.500106814783166;6080;9.6346934415723133;6080;82.13141270180364;6080;116.60512100589007
6090;142.52143925290687;6090;90.444654683065281;6090;12.939848017822811;6090;224.61213748865958;6090;9.500106814783166;6090;9.6285897396771141;6090;82.033753471480452;6090;116.59291360209967
6100;142.55806146427807;6100;90.469069490646078;6100;13.025299844355601;6100;224.9679555650502;6100;9.500106814783166;6100;9.6331675160985135;6100;82.070375682851648;6100;116.70278023621326
6110;142.65572069460129;6110;90.481276894436476;6110;13.061922055726798;6110;225.363308983262;6110;9.500106814783166;6110;9.6282845545823541;6110;82.13141270180364;6110;116.80043946653646
6120;142.70455030976288;6120;90.493484298226875;6120;13.037507248146001;6120;225.8377330851161;6120;9.500106814783166;6120;9.6313364055299537;6120;82.180242316965234;6120;116.82485427411726
6130;142.49702444532608;6130;90.432447279274882;6130;13.122959074678791;6130;226.19355116150678;6130;9.500106814783166;6130;9.6307260353404338;6130;82.143620105594039;6130;116.80043946653646
6140;142.50923184911647;6140;90.432447279274882;6140;13.122959074678791;6140;226.62843992153969;6140;9.500106814783166;6140;9.6285897396771141;6140;82.070375682851648;6140;116.73940244758445
6150;142.48481704153568;6150;90.432447279274882;6150;12.95205542161321;6150;226.98425799793029;6150;9.500106814783166;6150;9.6353038117618333;6150;82.119205298013242;6150;116.67836542863246
6160;142.58247627185889;6160;90.469069490646078;6160;12.988677632984405;6160;227.3400760743209;6160;9.500106814783166;6160;9.6322519608142336;6160;82.143620105594039;6160;116.67836542863246
6170;142.50923184911647;6170;90.444654683065281;6170;13.086336863307595;6170;227.6958941507115;6170;9.500106814783166;6170;9.6346934415723133;6170;82.070375682851648;6170;116.62953581347087
6180;142.50923184911647;6180;90.456862086855679;6180;13.086336863307595;6180;228.01217688528092;6180;9.500106814783166;6180;9.6273689992980742;6180;82.021546067690053;6180;116.60512100589007
6190;142.49702444532608;6190;90.53010650959807;6190;13.0497146519364;6190;228.40753030349265;6190;9.500106814783166;6190;9.6331675160985135;6190;81.984923856318858;6190;116.62953581347087
6200;142.57026886806847;6200;90.408032471694071;6200;13.110751670888392;6200;228.72381303806222;6200;9.500106814783166;6200;9.6267586291085543;6200;82.058168279061249;6200;116.62953581347087
6210;142.75337992492447;6210;90.517899105807672;6210;13.110751670888392;6210;229.11916645627394;6210;9.500106814783166;6210;9.6319467757194737;6210;82.180242316965234;6210;116.60512100589007
6220;142.70455030976288;6220;90.627765739921259;6220;13.061922055726798;6220;229.51451987448576;6220;9.500106814783166;6220;9.6307260353404338;6220;82.180242316965234;6220;116.54408398693808
6230;142.55806146427807;6230;90.578936124759664;6230;13.0497146519364;6230;229.94940863451868;6230;9.500106814783166;6230;9.6282845545823541;6230;82.180242316965234;6230;116.42200994903409
6240;142.58247627185889;6240;90.542313913388469;6240;13.025299844355601;6240;230.2656913690881;6240;9.500106814783166;6240;9.6316415906247137;6240;82.155827509384437;6240;116.42200994903409
6250;142.72896511734368;6250;90.53010650959807;6250;13.037507248146001;6250;230.70058012912108;6250;9.500106814783166;6250;9.6298104800561539;6250;82.229071932126843;6250;116.54408398693808
6260;142.59468367564929;6260;90.70101016266365;6260;13.013092440565202;6260;231.09593354733286;6260;9.500106814783166;6260;9.6331675160985135;6260;82.314523758659632;6260;116.56849879451887
6270;142.61909848323009;6270;90.78646198919644;6270;13.037507248146001;6270;231.45175162372345;6270;9.500106814783166;6270;9.6264534440137943;6270;82.265694143498038;6270;116.47083956419569
6280;142.52143925290687;6280;90.554521317178867;6280;13.013092440565202;6280;231.88664038375643;6280;9.500106814783166;6280;9.6331675160985135;6280;82.21686452833643;6280;116.3609729300821
6290;142.68013550218208;6290;90.456862086855679;6290;12.95205542161321;6290;232.28199380196818;6290;9.500106814783166;6290;9.6270638142033143;6290;82.21686452833643;6290;116.42200994903409
6300;142.79000213629567;6300;90.383617664113274;6300;12.964262825403608;6300;232.55874119471642;6300;9.500106814783166;6300;9.6319467757194737;6300;82.155827509384437;6300;116.45863216040529
6310;142.77779473250527;6310;90.432447279274882;6310;13.025299844355601;6310;232.87502392928587;6310;9.500106814783166;6310;9.6313364055299537;6310;82.180242316965234;6310;116.45863216040529
6320;142.65572069460129;6320;90.554521317178867;6320;13.086336863307595;6320;233.23084200567644;6320;9.500106814783166;6320;9.6313364055299537;6320;82.241279335917241;6320;116.3609729300821
6330;142.48481704153568;6330;90.53010650959807;6330;13.147373882259592;6330;233.54712474024595;6330;9.500106814783166;6330;9.6298104800561539;6330;82.21686452833643;6330;116.3243507187109
6340;142.58247627185889;6340;90.61555833613086;6340;13.269447920163579;6340;233.86340747481535;6340;9.500106814783166;6340;9.6273689992980742;6340;82.241279335917241;6340;116.3487655262917
6350;142.60689107943969;6350;90.652180547502056;6350;13.232825708792383;6350;234.21922555120591;6350;9.500106814783166;6350;9.6322519608142336;6350;82.192449720755633;6350;116.3243507187109
6360;142.68013550218208;6360;90.554521317178867;6360;13.086336863307595;6360;234.65411431123889;6360;9.500106814783166;6360;9.6285897396771141;6360;82.180242316965234;6360;116.3365581225013
6370;142.49702444532608;6370;90.517899105807672;6370;13.086336863307595;6370;235.00993238762948;6370;9.500106814783166;6370;9.6356089968565932;6370;82.265694143498038;6370;116.26331369975891
6380;142.68013550218208;6380;90.603350932340462;6380;13.147373882259592;6380;235.3262151221989;6380;9.500106814783166;6380;9.629200109866634;6380;82.314523758659632;6380;116.22669148838771
6390;142.82662434766686;6390;90.53010650959807;6390;13.0497146519364;6390;235.72156854041063;6390;9.500106814783166;6390;9.6337778862880334;6390;82.326731162450031;6390;116.20227668080692
6400;142.64351329081089;6400;90.53010650959807;6400;13.037507248146001;6400;236.07738661680131;6400;9.500106814783166;6400;9.6310312204351938;6400;82.351145970030828;6400;116.20227668080692
6410;142.55806146427807;6410;90.53010650959807;6410;13.0497146519364;6410;236.4332046931919;6410;9.500106814783166;6410;9.6328623310037536;6410;82.363353373821226;6410;116.17786187322612
6420;142.55806146427807;6420;90.481276894436476;6420;12.915433210242011;6420;236.78902276958249;6420;9.500106814783166;6420;9.6301156651509139;6420;82.192449720755633;6420;116.14123966185493
6430;142.80220954008607;6430;90.53010650959807;6430;12.964262825403608;6430;237.22391152961544;6430;9.500106814783166;6430;9.6310312204351938;6430;82.070375682851648;6430;116.20227668080692
6440;142.76558732871487;6440;90.517899105807672;6440;12.988677632984405;6440;237.61926494782722;6440;9.500106814783166;6440;9.6356089968565932;6440;82.070375682851648;6440;116.20227668080692
6450;142.61909848323009;6450;90.61555833613086;6450;13.061922055726798;6450;237.97508302421781;6450;9.500106814783166;6450;9.6298104800561539;6450;82.106997894222843;6450;116.19006927701652
6460;142.57026886806847;6460;90.688802758873251;6460;13.086336863307595;6460;238.33090110060837;6460;9.500106814783166;6460;9.6340830713827934;6460;82.229071932126843;6460;116.17786187322612
6470;142.65572069460129;6470;90.639973143711657;6470;12.95205542161321;6470;238.8053252024626;6470;9.500106814783166;6470;9.6285897396771141;6470;82.314523758659632;6470;116.17786187322612
6480;142.54585406048767;6480;90.688802758873251;6480;12.939848017822811;6480;239.121607937032;6480;9.500106814783166;6480;9.6343882564775534;6480;82.326731162450031;6480;116.10461745048373
6490;142.50923184911647;6490;90.566728720969266;6490;13.013092440565202;6490;239.39835532978023;6490;9.500106814783166;6490;9.6307260353404338;6490;82.302316354869234;6490;116.11682485427413
6500;142.64351329081089;6500;90.566728720969266;6500;13.135166478469193;6500;239.83324408981315;6500;9.500106814783166;6500;9.6337778862880334;6500;82.363353373821226;6500;116.17786187322612
6510;142.64351329081089;6510;90.493484298226875;6510;13.220618305001983;6510;240.18906216620377;6510;9.500106814783166;6510;9.628894924771874;6510;82.277901547288437;6510;116.11682485427413
6520;142.57026886806847;6520;90.517899105807672;6520;13.171788689840389;6520;240.54488024259436;6520;9.500106814783166;6520;9.6310312204351938;6520;82.277901547288437;6520;116.17786187322612
6530;142.52143925290687;6530;90.713217566454048;6530;13.171788689840389;6530;240.90069831898498;6530;9.500106814783166;6530;9.6337778862880334;6530;82.436597796563618;6530;116.19006927701652
6540;142.55806146427807;6540;90.639973143711657;6540;13.232825708792383;6540;241.29605173719685;6540;9.500106814783166;6540;9.629505294961394;6540;82.363353373821226;6540;116.10461745048373
6550;142.46040223395488;6550;90.664387951292454;6550;13.171788689840389;6550;241.65186981358747;6550;9.500106814783166;6550;9.6340830713827934;6550;82.375560777611625;6550;116.11682485427413
6560;142.58247627185889;6560;90.652180547502056;6560;13.061922055726798;6560;242.00768788997806;6560;9.500106814783166;6560;9.6282845545823541;6560;82.399975585192422;6560;116.15344706564532
6570;142.65572069460129;6570;90.603350932340462;6570;13.037507248146001;6570;242.40304130818981;6570;9.500106814783166;6570;9.6337778862880334;6570;82.302316354869234;6570;116.08020264290293
6580;142.74117252113408;6580;90.652180547502056;6580;12.976470229194007;6580;242.7588593845804;6580;9.500106814783166;6580;9.6258430738242744;6580;82.351145970030828;6580;115.98254341257972
6590;142.61909848323009;6590;90.639973143711657;6590;12.95205542161321;6590;243.19374814461332;6590;9.500106814783166;6590;9.6313364055299537;6590;82.326731162450031;6590;115.89709158604693
6600;142.55806146427807;6600;90.688802758873251;6600;13.037507248146001;6600;243.51003087918275;6600;9.500106814783166;6600;9.6298104800561539;6600;82.277901547288437;6600;115.87267677846613
6610;142.60689107943969;6610;90.61555833613086;6610;13.013092440565202;6610;243.90538429739459;6610;9.500106814783166;6610;9.6307260353404338;6610;82.375560777611625;6610;115.97033600878932
6620;142.54585406048767;6620;90.566728720969266;6620;13.013092440565202;6620;244.30073771560637;6620;9.500106814783166;6620;9.6298104800561539;6620;82.399975585192422;6620;115.92150639362772
6630;142.58247627185889;6630;90.737632374034845;6630;12.964262825403608;6630;244.6170204501758;6630;9.500106814783166;6630;9.628894924771874;6630;82.485427411725212;6630;115.88488418225653
6640;142.52143925290687;6640;90.688802758873251;6640;12.927640614032409;6640;244.97283852656639;6640;9.500106814783166;6640;9.6337778862880334;6640;82.49763481551561;6640;115.92150639362772
6650;142.54585406048767;6650;90.70101016266365;6650;13.135166478469193;6650;245.40772728659931;6650;9.500106814783166;6650;9.6285897396771141;6650;82.485427411725212;6650;115.81163975951414
6660;142.55806146427807;6660;90.688802758873251;6660;13.183996093630787;6660;245.72401002116874;6660;9.500106814783166;6660;9.6337778862880334;6660;82.473220007934813;6660;115.88488418225653
6670;142.65572069460129;6670;90.627765739921259;6670;13.086336863307595;6670;246.07982809755933;6670;9.500106814783166;6670;9.6285897396771141;6670;82.363353373821226;6670;115.88488418225653
6680;142.50923184911647;6680;90.70101016266365;6680;13.013092440565202;6680;246.43564617394998;6680;9.500106814783166;6680;9.6343882564775534;6680;82.351145970030828;6680;115.83605456709493
6690;142.57026886806847;6690;90.70101016266365;6690;12.976470229194007;6690;246.83099959216173;6690;9.500106814783166;6690;9.6301156651509139;6690;82.399975585192422;6690;115.87267677846613
6700;142.60689107943969;6700;90.725424970244447;6700;13.037507248146001;6700;247.22635301037351;6700;9.500106814783166;6700;9.6322519608142336;6700;82.473220007934813;6700;115.88488418225653
6710;142.57026886806847;6710;90.725424970244447;6710;13.037507248146001;6710;247.50310040312175;6710;9.500106814783166;6710;9.6282845545823541;6710;82.522049623096407;6710;115.99475081637011
6720;142.66792809839168;6720;90.725424970244447;6720;12.976470229194007;6720;247.85891847951234;6720;9.500106814783166;6720;9.6273689992980742;6720;82.473220007934813;6720;115.93371379741812
6730;142.70455030976288;6730;90.70101016266365;6730;13.061922055726798;6730;248.25427189772415;6730;9.500106814783166;6730;9.6322519608142336;6730;82.473220007934813;6730;115.73839533677175
6740;142.72896511734368;6740;90.78646198919644;6740;13.122959074678791;6740;248.72869599957835;6740;9.500106814783166;6740;9.629505294961394;6740;82.5342570268868;6740;115.70177312540055
6750;142.59468367564929;6750;90.774254585406041;6750;13.0497146519364;6750;249.08451407596897;6750;9.500106814783166;6750;9.6343882564775534;6750;82.461012604144415;6750;115.78722495193334
6760;142.66792809839168;6760;90.713217566454048;6760;13.110751670888392;6760;249.51940283600189;6760;9.500106814783166;6760;9.6282845545823541;6760;82.387768181402024;6760;115.78722495193334
6770;142.60689107943969;6770;90.688802758873251;6770;13.037507248146001;6770;249.87522091239251;6770;9.500106814783166;6770;9.6337778862880334;6770;82.436597796563618;6770;115.71398052919095
6780;142.60689107943969;6780;90.688802758873251;6780;12.976470229194007;6780;250.15196830514071;6780;9.500106814783166;6780;9.6267586291085543;6780;82.461012604144415;6780;115.73839533677175
6790;142.54585406048767;6790;90.664387951292454;6790;13.122959074678791;6790;250.58685706517369;6790;9.500106814783166;6790;9.6319467757194737;6790;82.461012604144415;6790;115.73839533677175
6800;142.48481704153568;6800;90.725424970244447;6800;13.074129459517197;6800;250.94267514156431;6800;9.500106814783166;6800;9.6322519608142336;6800;82.387768181402024;6800;115.62852870265816
6810;142.59468367564929;6810;90.823084200567664;6810;13.110751670888392;6810;251.37756390159728;6810;9.500106814783166;6810;9.6322519608142336;6810;82.399975585192422;6810;115.62852870265816
6820;142.60689107943969;6820;90.749839777825244;6820;13.171788689840389;6820;251.69384663616668;6820;9.500106814783166;6820;9.6310312204351938;6820;82.49763481551561;6820;115.66515091402935
6830;142.61909848323009;6830;90.713217566454048;6830;13.061922055726798;6830;252.08920005437849;6830;9.500106814783166;6830;9.6282845545823541;6830;82.5464644306772;6830;115.66515091402935
6840;142.59468367564929;6840;90.749839777825244;6840;13.0497146519364;6840;252.40548278894789;6840;9.500106814783166;6840;9.6346934415723133;6840;82.522049623096407;6840;115.71398052919095
6850;142.60689107943969;6850;90.896328623310055;6850;13.15958128604999;6850;252.72176552351732;6850;9.500106814783166;6850;9.629505294961394;6850;82.448805200354016;6850;115.78722495193334
6860;142.58247627185889;6860;90.859706411938859;6860;13.110751670888392;6860;253.1171189417291;6860;9.500106814783166;6860;9.6359141819513532;6860;82.363353373821226;6860;115.64073610644856
6870;142.64351329081089;6870;90.823084200567664;6870;12.891018402661214;6870;253.47293701811967;6870;9.500106814783166;6870;9.628894924771874;6870;82.436597796563618;6870;115.54307687612537
6880;142.69234290597248;6880;90.823084200567664;6880;12.866603595080417;6880;253.90782577815267;6880;9.500106814783166;6880;9.6331675160985135;6880;82.485427411725212;6880;115.60411389507736
6890;142.60689107943969;6890;90.78646198919644;6890;13.0497146519364;6890;254.30317919636443;6890;9.500106814783166;6890;9.6285897396771141;6890;82.5464644306772;6890;115.53086947233497
6900;142.57026886806847;6900;90.774254585406041;6900;13.061922055726798;6900;254.69853261457621;6900;9.500106814783166;6900;9.6319467757194737;6900;82.692953276161987;6900;115.48203985717338
6910;142.68013550218208;6910;90.737632374034845;6910;12.95205542161321;6910;255.01481534914564;6910;9.500106814783166;6910;9.6307260353404338;6910;82.5830866420484;6910;115.55528427991577
6920;142.76558732871487;6920;90.871913815729258;6920;12.988677632984405;6920;255.48923945099975;6920;9.500106814783166;6920;9.629505294961394;6920;82.448805200354016;6920;115.54307687612537
6930;142.80220954008607;6930;90.871913815729258;6930;13.025299844355601;6930;255.88459286921153;6930;9.500106814783166;6930;9.6316415906247137;6930;82.448805200354016;6930;115.50645466475417
6940;142.92428357799005;6940;90.798669392986838;6940;12.964262825403608;6940;256.16134026195977;6940;9.500106814783166;6940;9.6285897396771141;6940;82.473220007934813;6940;115.54307687612537
6950;142.64351329081089;6950;90.78646198919644;6950;12.988677632984405;6950;256.51715833835044;6950;9.500106814783166;6950;9.6334727011932735;6950;82.399975585192422;6950;115.48203985717338
6960;142.66792809839168;6960;90.725424970244447;6960;13.110751670888392;6960;256.872976414741;6960;9.500106814783166;6960;9.629505294961394;6960;82.436597796563618;6960;115.38438062685019
6970;142.61909848323009;6970;90.713217566454048;6970;13.061922055726798;6970;257.26832983295282;6970;9.500106814783166;6970;9.6340830713827934;6970;82.5586718344676;6970;115.35996581926939
6980;142.60689107943969;6980;90.798669392986838;6980;13.0497146519364;6980;257.58461256752224;6980;9.500106814783166;6980;9.6273689992980742;6980;82.63191625721;6980;115.35996581926939
6990;142.80220954008607;6990;90.823084200567664;6990;13.135166478469193;6990;257.97996598573394;6990;9.500106814783166;6990;9.6337778862880334;6990;82.6197088534196;6990;115.3111362041078
7000;142.74117252113408;7000;90.78646198919644;7000;13.061922055726798;7000;258.37531940394575;7000;9.500106814783166;7000;9.6270638142033143;7000;82.570879238258;7000;115.2745139927366
7010;142.64351329081089;7010;90.810876796777237;7010;12.976470229194007;7010;258.8102081639787;7010;9.500106814783166;7010;9.629200109866634;7010;82.522049623096407;7010;115.34775841547899
7020;142.54585406048767;7020;90.798669392986838;7020;12.927640614032409;7020;259.086955556727;7020;9.500106814783166;7020;9.6313364055299537;7020;82.5586718344676;7020;115.33555101168859
7030;142.68013550218208;7030;90.749839777825244;7030;13.074129459517197;7030;259.56137965858113;7030;9.500106814783166;7030;9.629200109866634;7030;82.6197088534196;7030;115.1768547624134
7040;142.59468367564929;7040;90.737632374034845;7040;13.135166478469193;7040;259.99626841861408;7040;9.500106814783166;7040;9.6328623310037536;7040;82.5464644306772;7040;115.1890621662038
7050;142.64351329081089;7050;90.823084200567664;7050;13.208410901211584;7050;260.27301581136226;7050;9.500106814783166;7050;9.628894924771874;7050;82.66853846858119;7050;115.39658803064059
7060;142.61909848323009;7060;90.835291604358062;7060;13.208410901211584;7060;260.58929854593168;7060;9.500106814783166;7060;9.6337778862880334;7060;82.656331064790791;7060;115.35996581926939
7070;142.66792809839168;7070;90.835291604358062;7070;13.147373882259592;7070;260.9846519641435;7070;9.500106814783166;7070;9.629200109866634;7070;82.5342570268868;7070;115.23789178136541
7080;142.70455030976288;7080;90.78646198919644;7080;13.147373882259592;7080;261.41954072417656;7080;9.500106814783166;7080;9.6353038117618333;7080;82.5586718344676;7080;115.2745139927366
7090;142.68013550218208;7090;90.737632374034845;7090;12.988677632984405;7090;261.61721743328241;7090;9.500106814783166;7090;9.6285897396771141;7090;82.6075014496292;7090;115.1768547624134
7100;142.68013550218208;7100;90.871913815729258;7100;12.927640614032409;7100;262.0916415351366;7100;9.500106814783166;7100;9.6340830713827934;7100;82.644123661000393;7100;115.2012695699942
7110;142.66792809839168;7110;90.859706411938859;7110;12.988677632984405;7110;262.52653029516949;7110;9.500106814783166;7110;9.6313364055299537;7110;82.570879238258;7110;115.2745139927366
7120;142.72896511734368;7120;90.78646198919644;7120;13.0497146519364;7120;262.96141905520244;7120;9.500106814783166;7120;9.628894924771874;7120;82.5586718344676;7120;115.2012695699942
7130;142.72896511734368;7130;90.859706411938859;7130;13.122959074678791;7130;263.31723713159306;7130;9.500106814783166;7130;9.6319467757194737;7130;82.6197088534196;7130;115.07919553209021
7140;142.85103915524766;7140;90.749839777825244;7140;13.122959074678791;7140;263.67305520798362;7140;9.500106814783166;7140;9.6298104800561539;7140;82.6197088534196;7140;115.04257332071901
7150;142.65572069460129;7150;90.725424970244447;7150;13.061922055726798;7150;264.0288732843743;7150;9.500106814783166;7150;9.6353038117618333;7150;82.5464644306772;7150;115.07919553209021
7160;142.61909848323009;7160;90.823084200567664;7160;13.061922055726798;7160;264.38469136076492;7160;9.500106814783166;7160;9.629505294961394;7160;82.522049623096407;7160;115.10361033967101
7170;142.64351329081089;7170;90.884121219519656;7170;13.135166478469193;7170;264.74050943715548;7170;9.500106814783166;7170;9.6346934415723133;7170;82.5586718344676;7170;115.04257332071901
7180;142.61909848323009;7180;90.957365642262047;7180;13.061922055726798;7180;265.09632751354604;7180;9.500106814783166;7180;9.6267586291085543;7180;82.522049623096407;7180;115.00595110934782
7190;142.60689107943969;7190;90.835291604358062;7190;12.939848017822811;7190;265.45214558993666;7190;9.500106814783166;7190;9.6319467757194737;7190;82.522049623096407;7190;115.11581774346141
7200;142.54585406048767;7200;90.725424970244447;7200;12.95205542161321;7200;265.76842832450609;7200;9.500106814783166;7200;9.6270638142033143;7200;82.5830866420484;7200;115.11581774346141
7210;142.70455030976288;7210;90.78646198919644;7210;13.037507248146001;7210;266.20331708453904;7210;9.500106814783166;7210;9.6273689992980742;7210;82.5586718344676;7210;115.09140293588061
7220;142.66792809839168;7220;90.908536027100453;7220;13.086336863307595;7220;266.51959981910852;7220;9.500106814783166;7220;9.6316415906247137;7220;82.5464644306772;7220;115.01815851313822
7230;142.66792809839168;7230;90.969573046052446;7230;13.122959074678791;7230;266.91495323732028;7230;9.500106814783166;7230;9.6313364055299537;7230;82.6075014496292;7230;114.94491409039583
7240;142.61909848323009;7240;90.896328623310055;7240;13.025299844355601;7240;267.27077131371084;7240;9.500106814783166;7240;9.6353038117618333;7240;82.656331064790791;7240;114.92049928281503
7250;142.70455030976288;7250;90.798669392986838;7250;12.891018402661214;7250;267.745195415565;7250;9.500106814783166;7250;9.629505294961394;7250;82.656331064790791;7250;114.92049928281503
7260;142.59468367564929;7260;90.871913815729258;7260;12.927640614032409;7260;268.180084175598;7260;9.500106814783166;7260;9.6334727011932735;7260;82.63191625721;7260;114.90829187902463
7270;142.59468367564929;7270;90.981780449842844;7270;12.988677632984405;7270;268.45683156834616;7270;9.500106814783166;7270;9.6276741843928342;7270;82.6197088534196;7270;114.90829187902463
7280;142.72896511734368;7280;90.993987853633243;7280;13.061922055726798;7280;268.89172032837911;7280;9.500106814783166;7280;9.6343882564775534;7280;82.5586718344676;7280;114.98153630176702
7290;142.72896511734368;7290;90.957365642262047;7290;13.061922055726798;7290;269.287073746591;7290;9.500106814783166;7290;9.6282845545823541;7290;82.522049623096407;7290;114.90829187902463
7300;142.82662434766686;7300;90.908536027100453;7300;13.0497146519364;7300;269.6033564811604;7300;9.500106814783166;7300;9.6310312204351938;7300;82.5830866420484;7300;114.94491409039583
7310;142.72896511734368;7310;90.920743430890852;7310;12.988677632984405;7310;269.91963921572983;7310;9.500106814783166;7310;9.6301156651509139;7310;82.6197088534196;7310;114.89608447523423
7320;142.76558732871487;7320;90.945158238471649;7320;12.964262825403608;7320;270.31499263394164;7320;9.500106814783166;7320;9.628894924771874;7320;82.6075014496292;7320;114.85946226386304
7330;142.82662434766686;7330;90.823084200567664;7330;12.988677632984405;7330;270.631275368511;7330;9.500106814783166;7330;9.6328623310037536;7330;82.5464644306772;7330;114.96932889797662
7340;142.82662434766686;7340;90.823084200567664;7340;13.074129459517197;7340;271.02662878672282;7340;9.500106814783166;7340;9.6285897396771141;7340;82.5586718344676;7340;114.84725486007264
7350;142.65572069460129;7350;90.896328623310055;7350;13.074129459517197;7350;271.46151754675577;7350;9.500106814783166;7350;9.6331675160985135;7350;82.705160679952385;7350;114.88387707144383
7360;142.70455030976288;7360;90.884121219519656;7360;13.074129459517197;7360;271.81733562314639;7360;9.500106814783166;7360;9.6285897396771141;7360;82.656331064790791;7360;114.85946226386304
7370;142.74117252113408;7370;90.945158238471649;7370;13.110751670888392;7370;272.173153699537;7370;9.500106814783166;7370;9.6362193670461131;7370;82.5464644306772;7370;114.76180303353985
7380;142.74117252113408;7380;90.871913815729258;7380;13.171788689840389;7380;272.48943643410644;7380;9.500106814783166;7380;9.6282845545823541;7380;82.5464644306772;7380;114.63972899563586
7390;142.72896511734368;7390;90.835291604358062;7390;13.208410901211584;7390;272.92432519413933;7390;9.500106814783166;7390;9.6313364055299537;7390;82.63191625721;7390;114.66414380321666
7400;142.66792809839168;7400;90.884121219519656;7400;13.15958128604999;7400;273.35921395417233;7400;9.500106814783166;7400;9.6282845545823541;7400;82.5830866420484;7400;114.74959562974945
7410;142.68013550218208;7410;90.920743430890852;7410;13.135166478469193;7410;273.75456737238409;7410;9.500106814783166;7410;9.628894924771874;7410;82.5342570268868;7410;114.81063264870144
7420;142.61909848323009;7420;90.908536027100453;7420;13.0497146519364;7420;274.11038544877471;7420;9.500106814783166;7420;9.6343882564775534;7420;82.6075014496292;7420;114.73738822595905
7430;142.80220954008607;7430;90.908536027100453;7430;13.074129459517197;7430;274.54527420880765;7430;9.500106814783166;7430;9.6319467757194737;7430;82.6197088534196;7430;114.72518082216865
7440;142.60689107943969;7440;91.030610065004439;7440;13.0497146519364;7440;274.90109228519827;7440;9.500106814783166;7440;9.6359141819513532;7440;82.644123661000393;7440;114.84725486007264
7450;142.58247627185889;7450;91.030610065004439;7450;12.939848017822811;7450;275.13830433612532;7450;9.500106814783166;7450;9.6307260353404338;7450;82.790612506485175;7450;114.77401043733025
7460;142.65572069460129;7460;91.042817468794837;7460;13.025299844355601;7460;275.49412241251594;7460;9.500106814783166;7460;9.6346934415723133;7460;82.741782891323581;7460;114.57869197668387
7470;142.68013550218208;7470;90.981780449842844;7470;13.061922055726798;7470;275.88947583072769;7470;9.500106814783166;7470;9.6249275185399945;7470;82.6075014496292;7470;114.52986236152228
7480;142.74117252113408;7480;90.896328623310055;7480;13.037507248146001;7480;276.36389993258183;7480;9.500106814783166;7480;9.6313364055299537;7480;82.656331064790791;7480;114.52986236152228
7490;142.70455030976288;7490;90.725424970244447;7490;13.025299844355601;7490;276.68018266715131;7490;9.500106814783166;7490;9.6285897396771141;7490;82.692953276161987;7490;114.57869197668387
7500;142.74117252113408;7500;90.664387951292454;7500;13.061922055726798;7500;277.03600074354188;7500;9.500106814783166;7500;9.629200109866634;7500;82.717368083742784;7500;114.63972899563586
7510;142.66792809839168;7510;90.737632374034845;7510;13.15958128604999;7510;277.3918188199325;7510;9.500106814783166;7510;9.6319467757194737;7510;82.6075014496292;7510;114.62752159184546
7520;142.70455030976288;7520;90.896328623310055;7520;13.110751670888392;7520;277.86624292178658;7520;9.500106814783166;7520;9.6307260353404338;7520;82.63191625721;7520;114.67635120700706
7530;142.65572069460129;7530;90.920743430890852;7530;12.976470229194007;7530;278.182525656356;7530;9.500106814783166;7530;9.6331675160985135;7530;82.705160679952385;7530;114.65193639942626
7540;142.75337992492447;7540;90.920743430890852;7540;12.964262825403608;7540;278.53834373274663;7540;9.500106814783166;7540;9.629200109866634;7540;82.778405102694776;7540;114.61531418805507
7550;142.74117252113408;7550;90.993987853633243;7550;13.0497146519364;7550;278.89416180913719;7550;9.500106814783166;7550;9.6368297372356331;7550;82.802819910275574;7550;114.56648457289347
7560;142.69234290597248;7560;90.957365642262047;7560;13.110751670888392;7560;279.13137386006434;7560;9.500106814783166;7560;9.6285897396771141;7560;82.66853846858119;7560;114.54206976531268
7570;142.79000213629567;7570;90.908536027100453;7570;13.013092440565202;7570;279.60579796191848;7570;9.500106814783166;7570;9.6334727011932735;7570;82.705160679952385;7570;114.56648457289347
7580;142.83883175145726;7580;90.945158238471649;7580;13.025299844355601;7580;279.96161603830905;7580;9.500106814783166;7580;9.6307260353404338;7580;82.717368083742784;7580;114.46882534257028
7590;142.70455030976288;7590;90.993987853633243;7590;13.122959074678791;7590;280.27789877287847;7590;9.500106814783166;7590;9.6316415906247137;7590;82.705160679952385;7590;114.39558091982786
7600;142.61909848323009;7600;90.957365642262047;7600;13.061922055726798;7600;280.63371684926909;7600;9.500106814783166;7600;9.629505294961394;7600;82.790612506485175;7600;114.39558091982786
7610;142.66792809839168;7610;90.957365642262047;7610;13.074129459517197;7610;281.02907026748085;7610;9.500106814783166;7610;9.629505294961394;7610;82.778405102694776;7610;114.39558091982786
7620;142.69234290597248;7620;90.945158238471649;7620;13.061922055726798;7620;281.38488834387141;7620;9.500106814783166;7620;9.6331675160985135;7620;82.717368083742784;7620;114.46882534257028
7630;142.76558732871487;7630;90.920743430890852;7630;13.061922055726798;7630;281.74070642026214;7630;9.500106814783166;7630;9.6285897396771141;7630;82.827234717856371;7630;114.43220313119906
7640;142.69234290597248;7640;90.993987853633243;7640;12.976470229194007;7640;282.1360598384739;7640;9.500106814783166;7640;9.6337778862880334;7640;82.802819910275574;7640;114.34675130466627
7650;142.77779473250527;7650;90.957365642262047;7650;12.939848017822811;7650;282.53141325668565;7650;9.500106814783166;7650;9.628894924771874;7650;82.729575487533182;7650;114.38337351603747
7660;142.70455030976288;7660;90.859706411938859;7660;13.037507248146001;7660;282.88723133307627;7660;9.500106814783166;7660;9.6346934415723133;7660;82.656331064790791;7660;114.39558091982786
7670;142.76558732871487;7670;90.969573046052446;7670;12.988677632984405;7670;283.12444338400331;7670;9.500106814783166;7670;9.6285897396771141;7670;82.729575487533182;7670;114.35895870845667
7680;142.68013550218208;7680;91.055024872585236;7680;12.95205542161321;7680;283.51979680221507;7680;9.500106814783166;7680;9.6331675160985135;7680;82.839442121646769;7680;114.40778832361826
7690;142.68013550218208;7690;91.079439680166033;7690;12.988677632984405;7690;283.99422090406921;7690;9.500106814783166;7690;9.6282845545823541;7690;82.876064333017965;7690;114.34675130466627
7700;142.80220954008607;7700;91.030610065004439;7700;12.988677632984405;7700;284.35003898045983;7700;9.500106814783166;7700;9.6273689992980742;7700;82.827234717856371;7700;114.31012909329507
7710;142.61909848323009;7710;91.030610065004439;7710;12.988677632984405;7710;284.66632171502931;7710;9.500106814783166;7710;9.6310312204351938;7710;82.729575487533182;7710;114.32233649708547
7720;142.66792809839168;7720;91.030610065004439;7720;13.025299844355601;7720;285.06167513324107;7720;9.500106814783166;7720;9.629200109866634;7720;82.644123661000393;7720;114.28571428571428
7730;142.61909848323009;7730;90.908536027100453;7730;12.891018402661214;7730;285.57563457691634;7730;9.500106814783166;7730;9.6362193670461131;7730;82.63191625721;7730;114.34675130466627
7740;142.80220954008607;7740;90.920743430890852;7740;12.939848017822811;7740;285.89191731148577;7740;9.500106814783166;7740;9.6328623310037536;7740;82.802819910275574;7740;114.29792168950468
7750;142.80220954008607;7750;90.993987853633243;7750;13.086336863307595;7750;286.168664704234;7750;9.500106814783166;7750;9.6365245521408731;7750;82.790612506485175;7750;114.16364024781029
7760;142.72896511734368;7760;90.920743430890852;7760;13.110751670888392;7760;286.603553464267;7760;9.500106814783166;7760;9.6264534440137943;7760;82.827234717856371;7760;114.16364024781029
7770;142.79000213629567;7770;90.884121219519656;7770;13.122959074678791;7770;287.11751290794234;7770;9.500106814783166;7770;9.6310312204351938;7770;82.91268654438916;7770;114.26129947813348
7780;142.64351329081089;7780;90.993987853633243;7780;13.208410901211584;7780;287.43379564251177;7780;9.500106814783166;7780;9.6273689992980742;7780;82.790612506485175;7780;114.17584765160069
7790;142.54585406048767;7790;91.091647083956431;7790;13.208410901211584;7790;287.78961371890233;7790;9.500106814783166;7790;9.6301156651509139;7790;82.741782891323581;7790;114.17584765160069
7800;142.68013550218208;7800;90.969573046052446;7800;13.025299844355601;7800;288.18496713711409;7800;9.500106814783166;7800;9.6310312204351938;7800;82.6075014496292;7800;114.0903958250679
7810;142.82662434766686;7810;90.981780449842844;7810;12.976470229194007;7810;288.5803205553259;7810;9.500106814783166;7810;9.6282845545823541;7810;82.692953276161987;7810;114.00494399853511
7820;142.76558732871487;7820;91.091647083956431;7820;12.976470229194007;7820;288.89660328989532;7820;9.500106814783166;7820;9.6331675160985135;7820;82.778405102694776;7820;114.1270180364391
7830;142.85103915524766;7830;91.067232276375634;7830;12.976470229194007;7830;289.21288602446481;7830;9.500106814783166;7830;9.6310312204351938;7830;82.741782891323581;7830;114.20026245918149
7840;142.66792809839168;7840;91.055024872585236;7840;13.013092440565202;7840;289.56870410085543;7840;9.500106814783166;7840;9.6346934415723133;7840;82.815027314065972;7840;114.16364024781029
7850;142.69234290597248;7850;90.969573046052446;7850;13.086336863307595;7850;289.84545149360366;7850;9.500106814783166;7850;9.6273689992980742;7850;82.802819910275574;7850;114.05377361369671
7860;142.77779473250527;7860;91.006195257423641;7860;13.0497146519364;7860;290.28034025363661;7860;9.500106814783166;7860;9.6346934415723133;7860;82.827234717856371;7860;114.05377361369671
7870;142.75337992492447;7870;91.116061891537228;7870;12.976470229194007;7870;290.67569367184836;7870;9.500106814783166;7870;9.6273689992980742;7870;82.802819910275574;7870;114.0903958250679
7880;142.75337992492447;7880;91.067232276375634;7880;12.95205542161321;7880;291.031511748239;7880;9.500106814783166;7880;9.6307260353404338;7880;82.790612506485175;7880;114.02935880611591
7890;142.66792809839168;7890;91.128269295327627;7890;13.013092440565202;7890;291.42686516645074;7890;9.500106814783166;7890;9.629200109866634;7890;82.753990295113979;7890;114.04156620990631
7900;142.70455030976288;7900;91.177098910489221;7900;13.074129459517197;7900;291.78268324284141;7900;9.500106814783166;7900;9.6267586291085543;7900;82.888271736808363;7900;114.01715140232551
7910;142.60689107943969;7910;91.079439680166033;7910;12.95205542161321;7910;292.21757200287436;7910;9.500106814783166;7910;9.6319467757194737;7910;82.973723563341153;7910;113.95611438337352
7920;142.65572069460129;7920;91.067232276375634;7920;13.037507248146001;7920;292.61292542108612;7920;9.500106814783166;7920;9.629505294961394;7920;82.863856929227566;7920;114.01715140232551
7930;142.66792809839168;7930;91.042817468794837;7930;13.037507248146001;7930;292.92920815565554;7930;9.500106814783166;7930;9.6334727011932735;7930;82.91268654438916;7930;114.00494399853511
7940;142.77779473250527;7940;90.993987853633243;7940;12.927640614032409;7940;293.16642020658259;7940;9.500106814783166;7940;9.629200109866634;7940;82.888271736808363;7940;114.00494399853511
7950;142.76558732871487;7950;90.957365642262047;7950;12.891018402661214;7950;293.60130896661553;7950;9.500106814783166;7950;9.6359141819513532;7950;82.815027314065972;7950;114.00494399853511
7960;142.68013550218208;7960;91.006195257423641;7960;13.013092440565202;7960;293.9571270430061;7960;9.500106814783166;7960;9.6270638142033143;7960;82.91268654438916;7960;113.95611438337352
7970;142.77779473250527;7970;90.981780449842844;7970;13.061922055726798;7970;294.31294511939677;7970;9.500106814783166;7970;9.6316415906247137;7970;82.924893948179559;7970;113.95611438337352
7980;142.80220954008607;7980;91.042817468794837;7980;13.0497146519364;7980;294.6292278539662;7980;9.500106814783166;7980;9.628894924771874;7980;82.900479140598762;7980;113.94390697958312
7990;142.80220954008607;7990;91.006195257423641;7990;13.013092440565202;7990;295.10365195582034;7990;9.500106814783166;7990;9.629200109866634;7990;82.839442121646769;7990;113.93169957579272
8000;142.66792809839168;8000;90.957365642262047;8000;12.976470229194007;8000;295.4594700322109;8000;9.500106814783166;8000;9.6334727011932735;8000;82.900479140598762;8000;113.85845515305033
8010;142.65572069460129;8010;91.128269295327627;8010;12.964262825403608;8010;295.81528810860152;8010;9.500106814783166;8010;9.6301156651509139;8010;82.973723563341153;8010;113.83404034546953
8020;142.70455030976288;8020;91.091647083956431;8020;12.878810998870815;8020;296.25017686863447;8020;9.500106814783166;8020;9.6334727011932735;8020;82.888271736808363;8020;113.76079592272714
8030;142.79000213629567;8030;91.079439680166033;8030;12.829981383709219;8030;296.68506562866742;8030;9.500106814783166;8030;9.628894924771874;8030;82.937101351969957;8030;113.77300332651754
8040;142.70455030976288;8040;91.091647083956431;8040;12.842188787499619;8040;297.08041904687923;8040;9.500106814783166;8040;9.6346934415723133;8040;82.961516159550754;8040;113.93169957579272
8050;142.80220954008607;8050;91.067232276375634;8050;13.086336863307595;8050;297.31763109780627;8050;9.500106814783166;8050;9.6258430738242744;8050;82.790612506485175;8050;113.85845515305033
8060;142.87545396282846;8060;91.091647083956431;8060;13.061922055726798;8060;297.79205519966041;8060;9.500106814783166;8060;9.6313364055299537;8060;82.815027314065972;8060;113.84624774925993
8070;142.80220954008607;8070;91.152684102908424;8070;12.915433210242011;8070;298.18740861787222;8070;9.500106814783166;8070;9.6310312204351938;8070;82.863856929227566;8070;113.83404034546953
8080;142.69234290597248;8080;91.201513718070018;8080;12.95205542161321;8080;298.66183271972631;8080;9.500106814783166;8080;9.6328623310037536;8080;82.900479140598762;8080;113.78521073030794
8090;142.65572069460129;8090;91.079439680166033;8090;13.0497146519364;8090;298.97811545429573;8090;9.500106814783166;8090;9.629200109866634;8090;82.924893948179559;8090;113.80962553788873
8100;142.70455030976288;8100;91.055024872585236;8100;13.110751670888392;8100;299.33393353068641;8100;9.500106814783166;8100;9.629200109866634;8100;82.924893948179559;8100;113.83404034546953
8110;142.72896511734368;8110;91.067232276375634;8110;12.939848017822811;8110;299.68975160707697;8110;9.500106814783166;8110;9.6346934415723133;8110;82.815027314065972;8110;113.85845515305033
8120;142.80220954008607;8120;91.042817468794837;8120;12.988677632984405;8120;300.04556968346759;8120;9.500106814783166;8120;9.6301156651509139;8120;82.802819910275574;8120;113.83404034546953
8130;142.74117252113408;8130;90.981780449842844;8130;13.074129459517197;8130;300.40138775985821;8130;9.500106814783166;8130;9.6359141819513532;8130;82.839442121646769;8130;113.77300332651754
8140;142.82662434766686;8140;90.945158238471649;8140;13.122959074678791;8140;300.75720583624872;8140;9.500106814783166;8140;9.6282845545823541;8140;82.741782891323581;8140;113.69975890377515
8150;142.72896511734368;8150;91.030610065004439;8150;13.135166478469193;8150;301.11302391263933;8150;9.500106814783166;8150;9.6322519608142336;8150;82.827234717856371;8150;113.69975890377515
8160;142.68013550218208;8160;91.079439680166033;8160;13.037507248146001;8160;301.38977130538757;8160;9.500106814783166;8160;9.6264534440137943;8160;82.839442121646769;8160;113.63872188482314
8170;142.79000213629567;8170;91.055024872585236;8170;13.135166478469193;8170;301.86419540724182;8170;9.500106814783166;8170;9.6307260353404338;8170;82.741782891323581;8170;113.76079592272714
8180;142.75337992492447;8180;91.030610065004439;8180;13.147373882259592;8180;302.25954882545363;8180;9.500106814783166;8180;9.6298104800561539;8180;82.717368083742784;8180;113.82183294167913
8190;142.74117252113408;8190;91.091647083956431;8190;13.122959074678791;8190;302.6153669018442;8190;9.500106814783166;8190;9.6298104800561539;8190;82.741782891323581;8190;113.66313669240394
8200;142.68013550218208;8200;91.042817468794837;8200;13.135166478469193;8200;302.89211429459243;8200;9.500106814783166;8200;9.6331675160985135;8200;82.802819910275574;8200;113.62651448103274
8210;142.79000213629567;8210;90.993987853633243;8210;13.0497146519364;8210;303.247932370983;8210;9.500106814783166;8210;9.6298104800561539;8210;82.863856929227566;8210;113.57768486587115
8220;142.68013550218208;8220;91.128269295327627;8220;12.976470229194007;8220;303.64328578919481;8220;9.500106814783166;8220;9.6343882564775534;8220;82.790612506485175;8220;113.50444044312876
8230;142.60689107943969;8230;91.091647083956431;8230;13.013092440565202;8230;303.95956852376423;8230;9.500106814783166;8230;9.6270638142033143;8230;82.815027314065972;8230;113.60209967345195
8240;142.64351329081089;8240;91.079439680166033;8240;13.037507248146001;8240;304.354921941976;8240;9.500106814783166;8240;9.6334727011932735;8240;82.924893948179559;8240;113.66313669240394
8250;142.80220954008607;8250;91.128269295327627;8250;13.147373882259592;8250;304.7502753601878;8250;9.500106814783166;8250;9.6282845545823541;8250;82.937101351969957;8250;113.66313669240394
8260;142.92428357799005;8260;91.067232276375634;8260;13.147373882259592;8260;305.26423480386308;8260;9.500106814783166;8260;9.6328623310037536;8260;82.99813837092195;8260;113.74858851893674
8270;142.76558732871487;8270;91.128269295327627;8270;12.95205542161321;8270;305.54098219661137;8270;9.500106814783166;8270;9.628894924771874;8270;82.91268654438916;8270;113.69975890377515
8280;142.75337992492447;8280;91.238135929441214;8280;12.964262825403608;8280;305.93633561482312;8280;9.500106814783166;8280;9.629505294961394;8280;82.802819910275574;8280;113.62651448103274
8290;142.66792809839168;8290;91.091647083956431;8290;12.976470229194007;8290;306.37122437485607;8290;9.500106814783166;8290;9.6307260353404338;8290;82.973723563341153;8290;113.60209967345195
8300;142.65572069460129;8300;90.993987853633243;8300;13.074129459517197;8300;306.6875071094255;8300;9.500106814783166;8300;9.6276741843928342;8300;82.973723563341153;8300;113.54106265449995
8310;142.65572069460129;8310;91.177098910489221;8310;13.037507248146001;8310;307.003789843995;8310;9.500106814783166;8310;9.6328623310037536;8310;82.900479140598762;8310;113.45561082796716
8320;142.79000213629567;8320;91.238135929441214;8320;12.891018402661214;8320;307.3596079203856;8320;9.500106814783166;8320;9.6298104800561539;8320;82.741782891323581;8320;113.48002563554796
8330;142.74117252113408;8330;91.164891506698822;8330;12.939848017822811;8330;307.79449668041849;8330;9.500106814783166;8330;9.6343882564775534;8330;82.692953276161987;8330;113.46781823175756
8340;142.74117252113408;8340;91.164891506698822;8340;13.122959074678791;8340;308.15031475680911;8340;9.500106814783166;8340;9.6258430738242744;8340;82.778405102694776;8340;113.50444044312876
8350;142.77779473250527;8350;91.152684102908424;8350;13.037507248146001;8350;308.54566817502086;8350;9.500106814783166;8350;9.6328623310037536;8350;82.827234717856371;8350;113.48002563554796
8360;142.70455030976288;8360;91.152684102908424;8360;12.781151768547625;8360;308.8224155677691;8360;9.500106814783166;8360;9.6276741843928342;8360;82.973723563341153;8360;113.32132938627278
8370;142.60689107943969;8370;91.213721121860416;8370;12.915433210242011;8370;309.29683966962324;8370;9.500106814783166;8370;9.6301156651509139;8370;83.046967986083558;8370;113.22367015594959
8380;142.61909848323009;8380;91.164891506698822;8380;13.061922055726798;8380;309.65265774601392;8380;9.500106814783166;8380;9.6310312204351938;8380;82.961516159550754;8380;113.27249977111119
8390;142.77779473250527;8390;91.213721121860416;8390;13.086336863307595;8390;310.04801116422573;8390;9.500106814783166;8390;9.6298104800561539;8390;82.961516159550754;8390;113.24808496353039
8400;142.72896511734368;8400;91.225928525650815;8400;13.135166478469193;8400;310.48289992425867;8400;9.500106814783166;8400;9.6322519608142336;8400;82.961516159550754;8400;113.24808496353039
8410;142.79000213629567;8410;91.177098910489221;8410;13.013092440565202;8410;310.83871800064924;8410;9.500106814783166;8410;9.628894924771874;8410;82.937101351969957;8410;113.37015900143437
8420;142.77779473250527;8420;91.055024872585236;8420;13.025299844355601;8420;311.19453607703986;8420;9.500106814783166;8420;9.6346934415723133;8420;82.924893948179559;8420;113.39457380901517
8430;142.76558732871487;8430;90.969573046052446;8430;12.976470229194007;8430;311.51081881160928;8430;9.500106814783166;8430;9.629200109866634;8430;82.924893948179559;8430;113.43119602038637
8440;142.65572069460129;8440;91.128269295327627;8440;12.927640614032409;8440;311.94570757164223;8440;9.500106814783166;8440;9.6356089968565932;8440;82.924893948179559;8440;113.49223303933836
8450;142.55806146427807;8450;91.213721121860416;8450;13.037507248146001;8450;312.18291962256933;8450;9.500106814783166;8450;9.6276741843928342;8450;83.010345774712363;8450;113.40678121280557
8460;142.55806146427807;8460;91.262550737022011;8460;13.061922055726798;8460;312.53873769895995;8460;9.500106814783166;8460;9.6319467757194737;8460;83.010345774712363;8460;113.43119602038637
8470;142.58247627185889;8470;91.152684102908424;8470;13.074129459517197;8470;312.89455577535051;8470;9.500106814783166;8470;9.6322519608142336;8470;82.91268654438916;8470;113.40678121280557
8480;142.61909848323009;8480;91.116061891537228;8480;13.013092440565202;8480;313.36897987720465;8480;9.500106814783166;8480;9.6319467757194737;8480;82.91268654438916;8480;113.43119602038637
8490;142.49702444532608;8490;91.225928525650815;8490;12.927640614032409;8490;313.76433329541641;8490;9.500106814783166;8490;9.6322519608142336;8490;82.973723563341153;8490;113.39457380901517
8500;142.70455030976288;8500;91.286965544602808;8500;12.964262825403608;8500;314.120151371807;8500;9.500106814783166;8500;9.628894924771874;8500;82.985930967131551;8500;113.24808496353039
8510;142.75337992492447;8510;91.201513718070018;8510;12.964262825403608;8510;314.55504013184;8510;9.500106814783166;8510;9.6353038117618333;8510;82.961516159550754;8510;113.23587755973999
8520;142.70455030976288;8520;91.177098910489221;8520;12.939848017822811;8520;314.91085820823059;8520;9.500106814783166;8520;9.6301156651509139;8520;82.973723563341153;8520;113.24808496353039
8530;142.60689107943969;8530;91.164891506698822;8530;12.866603595080417;8530;315.2271409428;8530;9.500106814783166;8530;9.6353038117618333;8530;82.863856929227566;8530;113.1504257332072
8540;142.66792809839168;8540;91.201513718070018;8540;13.0497146519364;8540;315.58295901919058;8540;9.500106814783166;8540;9.629200109866634;8540;82.863856929227566;8540;113.21146275215919
8550;142.77779473250527;8550;91.3480025635548;8550;13.147373882259592;8550;316.05738312104472;8550;9.500106814783166;8550;9.6334727011932735;8550;83.022553178502761;8550;113.37015900143437
8560;142.69234290597248;8560;91.2991729483932;8560;12.976470229194007;8560;316.45273653925653;8560;9.500106814783166;8560;9.6298104800561539;8560;83.059175389873957;8560;113.23587755973999
8570;142.82662434766686;8570;91.177098910489221;8570;12.976470229194007;8570;316.72948393200477;8570;9.500106814783166;8570;9.6328623310037536;8570;83.108005005035551;8570;113.28470717490158
8580;142.76558732871487;8580;91.152684102908424;8580;13.013092440565202;8580;317.00623132475295;8580;9.500106814783166;8580;9.6319467757194737;8580;83.083590197454754;8580;113.23587755973999
8590;142.77779473250527;8590;91.225928525650815;8590;13.0497146519364;8590;317.40158474296481;8590;9.500106814783166;8590;9.628894924771874;8590;82.973723563341153;8590;113.08938871425521
8600;142.76558732871487;8600;91.225928525650815;8600;13.074129459517197;8600;317.75740281935543;8600;9.500106814783166;8600;9.6316415906247137;8600;82.973723563341153;8600;113.1626331369976
8610;142.76558732871487;8610;91.250343333231612;8610;13.025299844355601;8610;318.113220895746;8610;9.500106814783166;8610;9.6276741843928342;8610;82.99813837092195;8610;113.19925534836879
8620;142.59468367564929;8620;91.323587755974;8620;12.976470229194007;8620;318.54810965577894;8620;9.500106814783166;8620;9.6353038117618333;8620;83.095797601245152;8620;113.1504257332072
8630;142.74117252113408;8630;91.250343333231612;8630;12.988677632984405;8630;318.90392773216956;8630;9.500106814783166;8630;9.628894924771874;8630;83.108005005035551;8630;113.10159611804561
8640;142.77779473250527;8640;91.250343333231612;8640;13.061922055726798;8640;319.29928115038132;8640;9.500106814783166;8640;9.6340830713827934;8640;83.083590197454754;8640;113.05276650288401
8650;142.66792809839168;8650;91.225928525650815;8650;13.110751670888392;8650;319.57602854312961;8650;9.500106814783166;8650;9.6276741843928342;8650;83.022553178502761;8650;113.08938871425521
8660;142.69234290597248;8660;91.238135929441214;8660;13.074129459517197;8660;320.01091730316256;8660;9.500106814783166;8660;9.6316415906247137;8660;83.010345774712363;8660;113.08938871425521
8670;142.85103915524766;8670;91.323587755974;8670;13.0497146519364;8670;320.40627072137431;8670;9.500106814783166;8670;9.6301156651509139;8670;83.010345774712363;8670;113.01614429151282
8680;142.76558732871487;8680;91.4090395825068;8680;12.988677632984405;8680;320.72255345594374;8680;9.500106814783166;8680;9.628894924771874;8680;83.010345774712363;8680;113.1382183294168
8690;142.54585406048767;8690;91.2991729483932;8690;13.037507248146001;8690;321.07837153233436;8690;9.500106814783166;8690;9.6331675160985135;8690;83.071382793664355;8690;113.113803521836
8700;142.83883175145726;8700;91.140476699118025;8700;13.074129459517197;8700;321.51326029236731;8700;9.500106814783166;8700;9.6298104800561539;8700;83.059175389873957;8700;112.96731467635122
8710;142.82662434766686;8710;91.201513718070018;8710;12.927640614032409;8710;321.86907836875787;8710;9.500106814783166;8710;9.6343882564775534;8710;83.083590197454754;8710;112.94289986877043
8720;142.80220954008607;8720;91.213721121860416;8720;12.927640614032409;8720;322.2248964451486;8720;9.500106814783166;8720;9.628894924771874;8720;83.059175389873957;8720;112.93069246498003
8730;142.74117252113408;8730;91.225928525650815;8730;12.939848017822811;8730;322.58071452153916;8730;9.500106814783166;8730;9.6353038117618333;8730;83.046967986083558;8730;112.94289986877043
8740;142.68013550218208;8740;91.286965544602808;8740;12.891018402661214;8740;322.976067939751;8740;9.500106814783166;8740;9.6258430738242744;8740;83.046967986083558;8740;113.01614429151282
8750;142.70455030976288;8750;91.213721121860416;8750;13.013092440565202;8750;323.33188601614154;8750;9.500106814783166;8750;9.6301156651509139;8750;83.046967986083558;8750;113.02835169530321
8760;142.75337992492447;8760;91.055024872585236;8760;13.037507248146001;8760;323.6877040925321;8760;9.500106814783166;8760;9.6307260353404338;8760;82.985930967131551;8760;112.94289986877043
8770;142.77779473250527;8770;91.091647083956431;8770;13.037507248146001;8770;324.16212819438624;8770;9.500106814783166;8770;9.6310312204351938;8770;82.973723563341153;8770;112.96731467635122
8780;142.66792809839168;8780;91.177098910489221;8780;13.074129459517197;8780;324.47841092895567;8780;9.500106814783166;8780;9.6316415906247137;8780;82.985930967131551;8780;112.95510727256082
8790;142.82662434766686;8790;91.201513718070018;8790;13.086336863307595;8790;324.83422900534629;8790;9.500106814783166;8790;9.629200109866634;8790;82.973723563341153;8790;112.8818628498184
8800;142.77779473250527;8800;91.152684102908424;8800;13.037507248146001;8800;325.2295824235581;8800;9.500106814783166;8800;9.6340830713827934;8800;82.937101351969957;8800;112.96731467635122
8810;142.74117252113408;8810;91.225928525650815;8810;13.122959074678791;8810;325.66447118359105;8810;9.500106814783166;8810;9.6282845545823541;8810;83.010345774712363;8810;112.95510727256082
8820;142.74117252113408;8820;91.225928525650815;8820;13.037507248146001;8820;325.98075391816047;8820;9.500106814783166;8820;9.6346934415723133;8820;83.083590197454754;8820;112.84524063844721
8830;142.76558732871487;8830;91.140476699118025;8830;12.939848017822811;8830;326.13889528544513;8830;9.500106814783166;8830;9.629200109866634;8830;82.973723563341153;8830;112.82082583086641
8840;142.65572069460129;8840;91.201513718070018;8840;13.074129459517197;8840;326.57378404547813;8840;9.500106814783166;8840;9.6334727011932735;8840;82.985930967131551;8840;112.85744804223761
8850;142.54585406048767;8850;91.164891506698822;8850;13.0497146519364;8850;326.92960212186875;8850;9.500106814783166;8850;9.6285897396771141;8850;82.973723563341153;8850;112.79641102328561
8860;142.69234290597248;8860;91.213721121860416;8860;13.0497146519364;8860;327.32495554008051;8860;9.500106814783166;8860;9.6313364055299537;8860;83.010345774712363;8860;112.73537400433362
8870;142.87545396282846;8870;91.262550737022011;8870;13.122959074678791;8870;327.72030895829232;8870;9.500106814783166;8870;9.6310312204351938;8870;83.083590197454754;8870;112.73537400433362
8880;142.88766136661886;8880;91.323587755974;8880;13.074129459517197;8880;328.11566237650413;8880;9.500106814783166;8880;9.629200109866634;8880;83.059175389873957;8880;112.68654438917203
8890;142.65572069460129;8890;91.2991729483932;8890;12.976470229194007;8890;328.51101579471583;8890;9.500106814783166;8890;9.6353038117618333;8890;82.99813837092195;8890;112.69875179296243
8900;142.68013550218208;8900;91.177098910489221;8900;12.866603595080417;8900;328.90636921292764;8900;9.500106814783166;8900;9.6313364055299537;8900;82.961516159550754;8900;112.68654438917203
8910;142.72896511734368;8910;91.152684102908424;8910;12.939848017822811;8910;329.18311660567588;8910;9.500106814783166;8910;9.6343882564775534;8910;82.99813837092195;8910;112.62550737022003
8920;142.83883175145726;8920;91.164891506698822;8920;13.074129459517197;8920;329.5389346820665;8920;9.500106814783166;8920;9.6264534440137943;8920;83.046967986083558;8920;112.68654438917203
8930;142.75337992492447;8930;91.140476699118025;8930;13.061922055726798;8930;329.93428810027837;8930;9.500106814783166;8930;9.6340830713827934;8930;83.071382793664355;8930;112.73537400433362
8940;142.64351329081089;8940;91.225928525650815;8940;12.95205542161321;8940;330.2110354930266;8940;9.500106814783166;8940;9.6270638142033143;8940;83.071382793664355;8940;112.73537400433362
8950;142.75337992492447;8950;91.262550737022011;8950;12.939848017822811;8950;330.72499493670188;8950;9.500106814783166;8950;9.629505294961394;8950;83.144627216406747;8950;112.66212958159123
8960;142.77779473250527;8960;91.262550737022011;8960;12.939848017822811;8960;331.00174232945011;8960;9.500106814783166;8960;9.6331675160985135;8960;83.059175389873957;8960;112.68654438917203
8970;142.77779473250527;8970;91.3724173711356;8970;13.061922055726798;8970;331.31802506401954;8970;9.500106814783166;8970;9.6331675160985135;8970;83.046967986083558;8970;112.71095919675282
8980;142.70455030976288;8980;91.250343333231612;8980;13.0497146519364;8980;331.71337848223129;8980;9.500106814783166;8980;9.6319467757194737;8980;83.059175389873957;8980;112.66212958159123
8990;142.82662434766686;8990;91.152684102908424;8990;13.013092440565202;8990;332.1087319004431;8990;9.500106814783166;8990;9.6276741843928342;8990;83.046967986083558;8990;112.61329996642964
9000;142.70455030976288;9000;91.238135929441214;9000;13.147373882259592;9000;332.54362066047611;9000;9.500106814783166;9000;9.6337778862880334;9000;83.071382793664355;9000;112.71095919675282
9010;142.77779473250527;9010;91.201513718070018;9010;13.122959074678791;9010;332.89943873686667;9010;9.500106814783166;9010;9.6285897396771141;9010;83.071382793664355;9010;112.74758140812402
9020;142.79000213629567;9020;91.201513718070018;9020;13.013092440565202;9020;333.29479215507843;9020;9.500106814783166;9020;9.6340830713827934;9020;83.169042023987544;9020;112.68654438917203
9030;142.76558732871487;9030;91.152684102908424;9030;12.964262825403608;9030;333.69014557329024;9030;9.500106814783166;9030;9.6298104800561539;9030;83.156834620197145;9030;112.66212958159123
9040;142.76558732871487;9040;91.128269295327627;9040;13.037507248146001;9040;334.085498991502;9040;9.500106814783166;9040;9.6356089968565932;9040;83.071382793664355;9040;112.64992217780083
9050;142.65572069460129;9050;91.286965544602808;9050;12.964262825403608;9050;334.44131706789256;9050;9.500106814783166;9050;9.628894924771874;9050;83.132419812616348;9050;112.61329996642964
9060;142.77779473250527;9060;91.384624774926;9060;13.025299844355601;9060;334.87620582792562;9060;9.500106814783166;9060;9.6298104800561539;9060;83.132419812616348;9060;112.60109256263924
9070;142.76558732871487;9070;91.3968321787164;9070;13.025299844355601;9070;335.15295322067379;9070;9.500106814783166;9070;9.6346934415723133;9070;83.132419812616348;9070;112.61329996642964
9080;142.74117252113408;9080;91.384624774926;9080;12.976470229194007;9080;335.50877129706441;9080;9.500106814783166;9080;9.6328623310037536;9080;83.193456831568341;9080;112.58888515884884
9090;142.55806146427807;9090;91.2991729483932;9090;13.110751670888392;9090;335.86458937345503;9090;9.500106814783166;9090;9.6340830713827934;9090;83.156834620197145;9090;112.47901852473525
9100;142.68013550218208;9100;91.250343333231612;9100;13.183996093630787;9100;336.22040744984565;9100;9.500106814783166;9100;9.629505294961394;9100;83.046967986083558;9100;112.52784813989685
9110;142.60689107943969;9110;91.2991729483932;9110;13.122959074678791;9110;336.536690184415;9110;9.500106814783166;9110;9.6368297372356331;9110;83.022553178502761;9110;112.51564073610645
9120;142.58247627185889;9120;91.3724173711356;9120;12.988677632984405;9120;336.85297291898445;9120;9.500106814783166;9120;9.6285897396771141;9120;82.961516159550754;9120;112.41798150578326
9130;142.74117252113408;9130;91.4090395825068;9130;13.074129459517197;9130;337.28786167901745;9130;9.500106814783166;9130;9.6337778862880334;9130;83.022553178502761;9130;112.43018890957366
9140;142.75337992492447;9140;91.3480025635548;9140;13.061922055726798;9140;337.68321509722921;9140;9.500106814783166;9140;9.6301156651509139;9140;83.144627216406747;9140;112.43018890957366
9150;142.75337992492447;9150;91.250343333231612;9150;12.988677632984405;9150;338.15763919908335;9150;9.500106814783166;9150;9.6313364055299537;9150;83.254493850520333;9150;112.39356669820246
9160;142.66792809839168;9160;91.238135929441214;9160;13.025299844355601;9160;338.43438659183158;9160;9.500106814783166;9160;9.6298104800561539;9160;83.266701254310732;9160;112.38135929441206
9170;142.75337992492447;9170;91.3357951597644;9170;12.988677632984405;9170;338.79020466822215;9170;9.500106814783166;9170;9.6307260353404338;9170;83.095797601245152;9170;112.47901852473525
9180;142.76558732871487;9180;91.323587755974;9180;13.013092440565202;9180;339.18555808643396;9180;9.500106814783166;9180;9.6340830713827934;9180;83.083590197454754;9180;112.50343333231605
9190;142.72896511734368;9190;91.286965544602808;9190;13.074129459517197;9190;339.6204468464669;9190;9.500106814783166;9190;9.6285897396771141;9190;83.169042023987544;9190;112.47901852473525
9200;142.75337992492447;9200;91.250343333231612;9200;12.976470229194007;9200;340.01580026467872;9200;9.500106814783166;9200;9.6328623310037536;9200;83.230079042939536;9200;112.44239631336406
9210;142.96090578936125;9210;91.116061891537228;9210;12.927640614032409;9210;340.37161834106934;9210;9.500106814783166;9210;9.6270638142033143;9210;83.144627216406747;9210;112.46681112094485
9220;142.82662434766686;9220;91.164891506698822;9220;12.854396191290018;9220;340.72743641745996;9220;9.500106814783166;9220;9.6334727011932735;9220;83.132419812616348;9220;112.47901852473525
9230;142.76558732871487;9230;91.3724173711356;9230;12.854396191290018;9230;341.16232517749285;9230;9.500106814783166;9230;9.6258430738242744;9230;83.181249427777942;9230;112.46681112094485
9240;142.77779473250527;9240;91.3968321787164;9240;13.025299844355601;9240;341.51814325388347;9240;9.500106814783166;9240;9.6307260353404338;9240;83.193456831568341;9240;112.39356669820246
9250;142.72896511734368;9250;91.3968321787164;9250;13.013092440565202;9250;341.7948906466317;9250;9.500106814783166;9250;9.6298104800561539;9250;83.230079042939536;9250;112.35694448683127
9260;142.85103915524766;9260;91.384624774926;9260;13.025299844355601;9260;342.19024406484351;9260;9.500106814783166;9260;9.628894924771874;9260;83.132419812616348;9260;112.32032227546007
9270;142.87545396282846;9270;91.262550737022011;9270;13.0497146519364;9270;342.58559748305538;9270;9.500106814783166;9270;9.6328623310037536;9270;83.193456831568341;9270;112.28370006408888
9280;142.82662434766686;9280;91.201513718070018;9280;13.086336863307595;9280;342.98095090126714;9280;9.500106814783166;9280;9.6307260353404338;9280;83.242286446729935;9280;112.39356669820246
9290;142.61909848323009;9290;91.225928525650815;9290;12.939848017822811;9290;343.3367689776577;9290;9.500106814783166;9290;9.6337778862880334;9290;83.217871639149138;9290;112.38135929441206
9300;142.74117252113408;9300;91.457869197668387;9300;12.768944364757226;9300;343.81119307951184;9300;9.500106814783166;9300;9.6276741843928342;9300;83.27890865810113;9300;112.32032227546007
9310;142.77779473250527;9310;91.494491409039583;9310;12.988677632984405;9310;344.12747581408127;9310;9.500106814783166;9310;9.6337778862880334;9310;83.230079042939536;9310;112.29590746787927
9320;142.80220954008607;9320;91.2991729483932;9320;12.988677632984405;9320;344.44375854865069;9320;9.500106814783166;9320;9.6267586291085543;9320;83.132419812616348;9320;112.23487044892728
9330;142.77779473250527;9330;91.238135929441214;9330;12.866603595080417;9330;344.99725333414722;9330;9.500106814783166;9330;9.6316415906247137;9330;83.059175389873957;9330;112.23487044892728
9340;142.74117252113408;9340;91.3357951597644;9340;12.964262825403608;9340;345.27400072689545;9340;9.500106814783166;9340;9.6340830713827934;9340;83.132419812616348;9340;112.28370006408888
9350;142.82662434766686;9350;91.506698812829981;9350;12.95205542161321;9350;345.629818803286;9350;9.500106814783166;9350;9.637745292519913;9350;83.254493850520333;9350;112.28370006408888
9360;142.82662434766686;9360;91.421246986297191;9360;12.866603595080417;9360;345.98563687967663;9360;9.500106814783166;9360;9.6322519608142336;9360;83.27890865810113;9360;112.23487044892728
9370;142.72896511734368;9370;91.3724173711356;9370;12.878810998870815;9370;346.34145495606725;9370;9.500106814783166;9370;9.628894924771874;9370;83.266701254310732;9370;112.34473708304087
9380;142.57026886806847;9380;91.384624774926;9380;12.854396191290018;9380;346.7763437161002;9380;9.500106814783166;9380;9.6319467757194737;9380;83.242286446729935;9380;112.29590746787927
9390;142.74117252113408;9390;91.3724173711356;9390;12.878810998870815;9390;347.17169713431196;9390;9.500106814783166;9390;9.628894924771874;9390;83.254493850520333;9390;112.23487044892728
9400;142.68013550218208;9400;91.384624774926;9400;12.964262825403608;9400;347.56705055252377;9400;9.500106814783166;9400;9.6362193670461131;9400;83.181249427777942;9400;112.21045564134648
9410;142.61909848323009;9410;91.3113803521836;9410;12.976470229194007;9410;347.96240397073552;9410;9.500106814783166;9410;9.628894924771874;9410;83.193456831568341;9410;112.1127964110233
9420;142.75337992492447;9420;91.238135929441214;9420;12.976470229194007;9420;348.35775738894733;9420;9.500106814783166;9420;9.6319467757194737;9420;83.193456831568341;9420;112.16162602618489
9430;142.80220954008607;9430;91.3113803521836;9430;13.013092440565202;9430;348.67404012351676;9430;9.500106814783166;9430;9.6282845545823541;9430;83.132419812616348;9430;112.14941862239449
9440;142.86324655903806;9440;91.3968321787164;9440;12.976470229194007;9440;349.02985819990732;9440;9.500106814783166;9440;9.6322519608142336;9440;83.181249427777942;9440;112.14941862239449
9450;142.86324655903806;9450;91.3968321787164;9450;12.988677632984405;9450;349.34614093447675;9450;9.500106814783166;9450;9.629200109866634;9450;83.266701254310732;9450;112.16162602618489
9460;142.82662434766686;9460;91.262550737022011;9460;12.976470229194007;9460;349.70195901086731;9460;9.500106814783166;9460;9.629200109866634;9460;83.230079042939536;9460;112.13721121860409
9470;142.72896511734368;9470;91.213721121860416;9470;12.95205542161321;9470;349.93917106179453;9470;9.500106814783166;9470;9.6343882564775534;9470;83.193456831568341;9470;112.02734458449048
9480;142.92428357799005;9480;91.3357951597644;9480;12.988677632984405;9480;350.37405982182747;9480;9.500106814783166;9480;9.6313364055299537;9480;83.242286446729935;9480;112.05175939207128
9490;142.72896511734368;9490;91.2991729483932;9490;12.927640614032409;9490;350.76941324003923;9490;9.500106814783166;9490;9.6331675160985135;9490;83.169042023987544;9490;112.13721121860409
9500;142.64351329081089;9500;91.3724173711356;9500;12.878810998870815;9500;351.00662529096633;9500;9.500106814783166;9500;9.6273689992980742;9500;83.193456831568341;9500;112.1250038148137
9510;142.76558732871487;9510;91.43345439008759;9510;12.842188787499619;9510;351.401978709178;9510;9.500106814783166;9510;9.6353038117618333;9510;83.242286446729935;9510;112.03955198828088
9520;142.79000213629567;9520;91.4090395825068;9520;12.915433210242011;9520;351.83686746921103;9520;9.500106814783166;9520;9.6270638142033143;9520;83.193456831568341;9520;112.07617419965207
9530;142.88766136661886;9530;91.43345439008759;9530;13.013092440565202;9530;352.23222088742278;9530;9.500106814783166;9530;9.6307260353404338;9530;83.230079042939536;9530;112.13721121860409
9540;142.83883175145726;9540;91.482284005249184;9540;12.866603595080417;9540;352.54850362199227;9540;9.500106814783166;9540;9.6307260353404338;9540;83.315530869472326;9540;112.07617419965207
9550;142.88766136661886;9550;91.3480025635548;9550;12.95205542161321;9550;352.98339238202522;9550;9.500106814783166;9550;9.6310312204351938;9550;83.193456831568341;9550;112.13721121860409
9560;142.72896511734368;9560;91.286965544602808;9560;13.0497146519364;9560;353.33921045841583;9560;9.500106814783166;9560;9.6322519608142336;9560;83.242286446729935;9560;112.1250038148137
9570;142.68013550218208;9570;91.3357951597644;9570;13.013092440565202;9570;353.6554931929852;9570;9.500106814783166;9570;9.629505294961394;9570;83.352153080843522;9570;112.01513718070008
9580;142.74117252113408;9580;91.3724173711356;9580;13.074129459517197;9580;353.97177592755463;9580;9.500106814783166;9580;9.6322519608142336;9580;83.217871639149138;9580;111.8686483352153
9590;142.92428357799005;9590;91.482284005249184;9590;13.086336863307595;9590;354.36712934576639;9590;9.500106814783166;9590;9.6267586291085543;9590;83.193456831568341;9590;112.01513718070008
9600;142.85103915524766;9600;91.3480025635548;9600;12.988677632984405;9600;354.80201810579939;9600;9.500106814783166;9600;9.6313364055299537;9600;83.254493850520333;9600;112.13721121860409
9610;142.91207617419965;9610;91.286965544602808;9610;13.0497146519364;9610;355.07876549854763;9610;9.500106814783166;9610;9.6246223334452345;9610;83.266701254310732;9610;111.99072237311928
9620;142.77779473250527;9620;91.3357951597644;9620;13.086336863307595;9620;355.47411891675944;9620;9.500106814783166;9620;9.6319467757194737;9620;83.339945677053123;9620;111.92968535416729
9630;142.74117252113408;9630;91.421246986297191;9630;13.0497146519364;9630;355.86947233497119;9630;9.500106814783166;9630;9.6319467757194737;9630;83.27890865810113;9630;112.01513718070008
9640;142.91207617419965;9640;91.494491409039583;9640;13.086336863307595;9640;356.26482575318295;9640;9.500106814783166;9640;9.6331675160985135;9640;83.303323465681927;9640;112.05175939207128
9650;142.77779473250527;9650;91.51890621662038;9650;13.061922055726798;9650;356.58110848775237;9650;9.500106814783166;9650;9.629505294961394;9650;83.327738273262725;9650;111.95410016174809
9660;142.77779473250527;9660;91.555528427991575;9660;13.086336863307595;9660;356.97646190596419;9660;9.500106814783166;9660;9.6285897396771141;9660;83.254493850520333;9660;112.02734458449048
9670;142.74117252113408;9670;91.579943235572372;9670;12.95205542161321;9670;357.33227998235475;9670;9.500106814783166;9670;9.6319467757194737;9670;83.266701254310732;9670;112.05175939207128
9680;142.77779473250527;9680;91.628772850733981;9680;12.842188787499619;9680;357.72763340056656;9680;9.500106814783166;9680;9.6273689992980742;9680;83.352153080843522;9680;111.95410016174809
9690;142.65572069460129;9690;91.689809869685973;9690;12.915433210242011;9690;358.16252216059956;9690;9.500106814783166;9690;9.6337778862880334;9690;83.388775292214717;9690;111.99072237311928
9700;142.85103915524766;9700;91.555528427991575;9700;12.976470229194007;9700;358.43926955334774;9700;9.500106814783166;9700;9.629200109866634;9700;83.315530869472326;9700;111.99072237311928
9710;142.94869838557085;9710;91.506698812829981;9710;13.013092440565202;9710;358.716016946096;9710;9.500106814783166;9710;9.6353038117618333;9710;83.339945677053123;9710;111.94189275795769
9720;142.76558732871487;9720;91.543321024201177;9720;13.086336863307595;9720;359.0718350224866;9720;9.500106814783166;9720;9.6282845545823541;9720;83.303323465681927;9720;111.89306314279609
9730;142.80220954008607;9730;91.421246986297191;9730;13.135166478469193;9730;359.58579446616187;9730;9.500106814783166;9730;9.6319467757194737;9730;83.27890865810113;9730;111.95410016174809
9740;142.82662434766686;9740;91.43345439008759;9740;13.037507248146001;9740;359.9020772007313;9740;9.500106814783166;9740;9.629200109866634;9740;83.266701254310732;9740;111.94189275795769
9750;142.75337992492447;9750;91.457869197668387;9750;12.988677632984405;9750;360.257895277122;9750;9.500106814783166;9750;9.6282845545823541;9750;83.230079042939536;9750;111.8686483352153
9760;142.79000213629567;9760;91.421246986297191;9760;12.939848017822811;9760;360.61371335351254;9760;9.500106814783166;9760;9.6316415906247137;9760;83.181249427777942;9760;111.96630756553849
9770;142.85103915524766;9770;91.555528427991575;9770;12.915433210242011;9770;360.92999608808196;9770;9.500106814783166;9770;9.6285897396771141;9770;83.242286446729935;9770;112.02734458449048
9780;142.68013550218208;9780;91.543321024201177;9780;12.915433210242011;9780;361.24627882265139;9780;9.500106814783166;9780;9.6331675160985135;9780;83.352153080843522;9780;111.89306314279609
9790;142.82662434766686;9790;91.4090395825068;9790;12.781151768547625;9790;361.602096899042;9790;9.500106814783166;9790;9.6285897396771141;9790;83.413190099795528;9790;111.75878170110171
9800;142.77779473250527;9800;91.4090395825068;9800;12.964262825403608;9800;361.91837963361138;9800;9.500106814783166;9800;9.6346934415723133;9800;83.339945677053123;9800;111.77098910489211
9810;142.68013550218208;9810;91.43345439008759;9810;13.147373882259592;9810;362.23466236818081;9810;9.500106814783166;9810;9.6270638142033143;9810;83.156834620197145;9810;111.8076113162633
9820;142.76558732871487;9820;91.482284005249184;9820;12.988677632984405;9820;362.66955112821387;9820;9.500106814783166;9820;9.6328623310037536;9820;83.193456831568341;9820;111.8686483352153
9830;142.69234290597248;9830;91.470076601458786;9830;12.964262825403608;9830;363.02536920460443;9830;9.500106814783166;9830;9.629505294961394;9830;83.254493850520333;9830;111.89306314279609
9840;142.74117252113408;9840;91.457869197668387;9840;13.025299844355601;9840;363.49979330645857;9840;9.500106814783166;9840;9.629505294961394;9840;83.217871639149138;9840;111.8686483352153
9850;142.82662434766686;9850;91.4090395825068;9850;13.110751670888392;9850;363.89514672467038;9850;9.500106814783166;9850;9.6328623310037536;9850;83.193456831568341;9850;111.77098910489211
9860;142.79000213629567;9860;91.4090395825068;9860;13.037507248146001;9860;364.21142945923975;9860;9.500106814783166;9860;9.6310312204351938;9860;83.339945677053123;9860;111.75878170110171
9870;142.70455030976288;9870;91.51890621662038;9870;12.95205542161321;9870;364.488176851988;9870;9.500106814783166;9870;9.6334727011932735;9870;83.425397503585927;9870;111.74657429731131
9880;142.96090578936125;9880;91.567735831781974;9880;12.976470229194007;9880;364.923065612021;9880;9.500106814783166;9880;9.6282845545823541;9880;83.36436048463392;9880;111.74657429731131
9890;142.80220954008607;9890;91.457869197668387;9890;12.95205542161321;9890;365.35795437205394;9890;9.500106814783166;9890;9.6334727011932735;9890;83.339945677053123;9890;111.72215948973052
9900;142.79000213629567;9900;91.470076601458786;9900;12.927640614032409;9900;365.67423710662337;9900;9.500106814783166;9900;9.6246223334452345;9900;83.36436048463392;9900;111.58787804803613
9910;142.88766136661886;9910;91.51890621662038;9910;12.976470229194007;9910;366.14866120847751;9910;9.500106814783166;9910;9.6322519608142336;9910;83.413190099795528;9910;111.60008545182653
9920;142.86324655903806;9920;91.494491409039583;9920;13.122959074678791;9920;366.50447928486807;9920;9.500106814783166;9920;9.6298104800561539;9920;83.425397503585927;9920;111.67332987456892
9930;142.98532059694205;9930;91.506698812829981;9930;13.110751670888392;9930;366.86029736125869;9930;9.500106814783166;9930;9.6316415906247137;9930;83.474227118747521;9930;111.66112247077852
9940;142.92428357799005;9940;91.506698812829981;9940;13.171788689840389;9940;367.17658009582811;9940;9.500106814783166;9940;9.6322519608142336;9940;83.559678945280311;9940;111.70995208594012
9950;142.82662434766686;9950;91.555528427991575;9950;13.208410901211584;9950;367.69053953950345;9950;9.500106814783166;9950;9.6319467757194737;9950;83.498641926328318;9950;111.79540391247291
9960;142.64351329081089;9960;91.604358043153184;9960;12.976470229194007;9960;368.04635761589407;9960;9.500106814783166;9960;9.6337778862880334;9960;83.352153080843522;9960;111.77098910489211
9970;142.74117252113408;9970;91.567735831781974;9970;12.878810998870815;9970;368.36264035046349;9970;9.500106814783166;9970;9.6282845545823541;9970;83.352153080843522;9970;111.70995208594012
9980;142.76558732871487;9980;91.457869197668387;9980;12.891018402661214;9980;368.75799376867525;9980;9.500106814783166;9980;9.6340830713827934;9980;83.242286446729935;9980;111.66112247077852
9990;142.83883175145726;9990;91.421246986297191;9990;12.976470229194007;9990;369.153347186887;9990;9.500106814783166;9990;9.6273689992980742;9990;83.181249427777942;9990;111.62450025940733
10000;142.85103915524766;10000;91.457869197668387;10000;13.013092440565202;10000;369.66730663056234;10000;9.500106814783166;10000;9.6331675160985135;10000;83.242286446729935;10000;111.56346324045533
10010;142.87545396282846;10010;91.470076601458786;10010;12.854396191290018;10010;369.94405402331057;10010;9.500106814783166;10010;9.629505294961394;10010;83.242286446729935;10010;111.50242622150334
10020;142.98532059694205;10020;91.506698812829981;10020;12.768944364757226;10020;370.33940744152244;10020;9.500106814783166;10020;9.6331675160985135;10020;83.266701254310732;10020;111.58787804803613
10030;142.88766136661886;10030;91.482284005249184;10030;13.025299844355601;10030;370.81383154337658;10030;9.500106814783166;10030;9.628894924771874;10030;83.27890865810113;10030;111.66112247077852
10040;142.86324655903806;10040;91.51890621662038;10040;12.95205542161321;10040;371.24872030340953;10040;9.500106814783166;10040;9.629200109866634;10040;83.388775292214717;10040;111.56346324045533
10050;142.80220954008607;10050;91.604358043153184;10050;12.842188787499619;10050;371.52546769615776;10050;9.500106814783166;10050;9.6328623310037536;10050;83.327738273262725;10050;111.52684102908414
10060;142.83883175145726;10060;91.51890621662038;10060;13.013092440565202;10060;371.84175043072719;10060;9.500106814783166;10060;9.6298104800561539;10060;83.266701254310732;10060;111.58787804803613
10070;142.66792809839168;10070;91.506698812829981;10070;13.0497146519364;10070;372.23710384893894;10070;9.500106814783166;10070;9.6340830713827934;10070;83.217871639149138;10070;111.56346324045533
10080;142.65572069460129;10080;91.421246986297191;10080;13.0497146519364;10080;372.59292192532956;10080;9.500106814783166;10080;9.628894924771874;10080;83.169042023987544;10080;111.52684102908414
10090;142.65572069460129;10090;91.470076601458786;10090;12.939848017822811;10090;372.90920465989905;10090;9.500106814783166;10090;9.6346934415723133;10090;83.266701254310732;10090;111.47801141392254
10100;142.72896511734368;10100;91.506698812829981;10100;13.025299844355601;10100;373.18595205264728;10100;9.500106814783166;10100;9.6276741843928342;10100;83.339945677053123;10100;111.51463362529374
10110;142.86324655903806;10110;91.3968321787164;10110;13.110751670888392;10110;373.62084081268017;10110;9.500106814783166;10110;9.6343882564775534;10110;83.315530869472326;10110;111.56346324045533
10120;142.86324655903806;10120;91.43345439008759;10120;12.939848017822811;10120;373.85805286360727;10120;9.500106814783166;10120;9.6310312204351938;10120;83.27890865810113;10120;111.50242622150334
10130;142.83883175145726;10130;91.470076601458786;10130;12.915433210242011;10130;374.29294162364022;10130;9.500106814783166;10130;9.629505294961394;10130;83.388775292214717;10130;111.44138920255135
10140;142.79000213629567;10140;91.457869197668387;10140;12.915433210242011;10140;374.80690106731549;10140;9.500106814783166;10140;9.6298104800561539;10140;83.315530869472326;10140;111.39255958738975
10150;142.83883175145726;10150;91.543321024201177;10150;12.878810998870815;10150;375.20225448552731;10150;9.500106814783166;10150;9.629200109866634;10150;83.315530869472326;10150;111.34372997222816
10160;142.72896511734368;10160;91.494491409039583;10160;12.95205542161321;10160;375.59760790373912;10160;9.500106814783166;10160;9.6337778862880334;10160;83.339945677053123;10160;111.30710776085695
10170;142.72896511734368;10170;91.543321024201177;10170;13.0497146519364;10170;375.99296132195087;10170;9.500106814783166;10170;9.6285897396771141;10170;83.413190099795528;10170;111.36814477980896
10180;142.65572069460129;10180;91.604358043153184;10180;13.061922055726798;10180;376.34877939834149;10180;9.500106814783166;10180;9.6340830713827934;10180;83.474227118747521;10180;111.53904843287454
10190;142.86324655903806;10190;91.689809869685973;10190;13.013092440565202;10190;376.66506213291092;10190;9.500106814783166;10190;9.629505294961394;10190;83.425397503585927;10190;111.58787804803613
10200;142.88766136661886;10200;91.71422467726677;10200;13.025299844355601;10200;377.06041555112267;10200;9.500106814783166;10200;9.6353038117618333;10200;83.413190099795528;10200;111.57567064424573
10210;142.82662434766686;10210;91.482284005249184;10210;12.976470229194007;10210;377.41623362751324;10210;9.500106814783166;10210;9.6285897396771141;10210;83.217871639149138;10210;111.52684102908414
10220;142.88766136661886;10220;91.457869197668387;10220;12.988677632984405;10220;377.8511223875463;10220;9.500106814783166;10220;9.6319467757194737;10220;83.254493850520333;10220;111.39255958738975
10230;142.85103915524766;10230;91.555528427991575;10230;13.110751670888392;10230;378.12786978029447;10230;9.500106814783166;10230;9.6316415906247137;10230;83.449812311166724;10230;111.47801141392254
10240;142.80220954008607;10240;91.628772850733981;10240;13.122959074678791;10240;378.56275854032748;10240;9.500106814783166;10240;9.6301156651509139;10240;83.36436048463392;10240;111.52684102908414
10250;142.72896511734368;10250;91.494491409039583;10250;13.025299844355601;10250;378.91857661671804;10250;9.500106814783166;10250;9.6337778862880334;10250;83.327738273262725;10250;111.39255958738975
10260;142.80220954008607;10260;91.470076601458786;10260;12.964262825403608;10260;379.3139300349298;10260;9.500106814783166;10260;9.6301156651509139;10260;83.388775292214717;10260;111.30710776085695
10270;142.70455030976288;10270;91.494491409039583;10270;12.939848017822811;10270;379.66974811132042;10270;9.500106814783166;10270;9.6353038117618333;10270;83.413190099795528;10270;111.27048554948576
10280;142.76558732871487;10280;91.555528427991575;10280;12.95205542161321;10280;380.02556618771104;10280;9.500106814783166;10280;9.6282845545823541;10280;83.413190099795528;10280;111.27048554948576
10290;142.77779473250527;10290;91.604358043153184;10290;12.939848017822811;10290;380.49999028956518;10290;9.500106814783166;10290;9.6343882564775534;10290;83.474227118747521;10290;111.30710776085695
10300;142.72896511734368;10300;91.555528427991575;10300;13.013092440565202;10300;380.8558083659558;10300;9.500106814783166;10300;9.6301156651509139;10300;83.535264137699514;10300;111.36814477980896
10310;142.77779473250527;10310;91.506698812829981;10310;13.037507248146001;10310;381.25116178416755;10310;9.500106814783166;10310;9.6337778862880334;10310;83.571886349070709;10310;111.41697439497055
10320;142.80220954008607;10320;91.457869197668387;10320;12.964262825403608;10320;381.60697986055811;10320;9.500106814783166;10320;9.6307260353404338;10320;83.48643452253792;10320;111.34372997222816
10330;142.74117252113408;10330;91.457869197668387;10330;13.037507248146001;10330;381.96279793694873;10330;9.500106814783166;10330;9.6316415906247137;10330;83.48643452253792;10330;111.31931516464735
10340;142.72896511734368;10340;91.555528427991575;10340;13.061922055726798;10340;382.23954532969697;10340;9.500106814783166;10340;9.6334727011932735;10340;83.584093752861108;10340;111.27048554948576
10350;142.83883175145726;10350;91.738639484847567;10350;12.95205542161321;10350;382.63489874790878;10350;9.500106814783166;10350;9.629200109866634;10350;83.474227118747521;10350;111.20944853053376
10360;142.68013550218208;10360;91.689809869685973;10360;12.878810998870815;10360;383.06978750794184;10360;9.500106814783166;10360;9.6343882564775534;10360;83.303323465681927;10360;111.23386333811456
10370;142.76558732871487;10370;91.567735831781974;10370;12.878810998870815;10370;383.4256055843324;10370;9.500106814783166;10370;9.6313364055299537;10370;83.339945677053123;10370;111.25827814569536
10380;142.66792809839168;10380;91.555528427991575;10380;12.891018402661214;10380;383.78142366072296;10380;9.500106814783166;10380;9.6362193670461131;10380;83.388775292214717;10380;111.18503372295297
10390;142.72896511734368;10390;91.628772850733981;10390;13.013092440565202;10390;384.13724173711358;10390;9.500106814783166;10390;9.6276741843928342;10390;83.388775292214717;10390;111.16061891537217
10400;142.88766136661886;10400;91.738639484847567;10400;13.061922055726798;10400;384.5325951553254;10400;9.500106814783166;10400;9.6340830713827934;10400;83.413190099795528;10400;111.14841151158177
10410;142.82662434766686;10410;91.628772850733981;10410;12.988677632984405;10410;384.80934254807363;10410;9.500106814783166;10410;9.6282845545823541;10410;83.449812311166724;10410;111.18503372295297
10420;142.87545396282846;10420;91.628772850733981;10420;12.891018402661214;10420;385.16516062446419;10420;9.500106814783166;10420;9.629200109866634;10420;83.48643452253792;10420;111.23386333811456
10430;142.74117252113408;10430;91.689809869685973;10430;12.915433210242011;10430;385.52097870085487;10430;9.500106814783166;10430;9.6319467757194737;10430;83.449812311166724;10430;111.16061891537217
10440;142.74117252113408;10440;91.579943235572372;10440;13.061922055726798;10440;385.99540280270895;10440;9.500106814783166;10440;9.6307260353404338;10440;83.498641926328318;10440;111.17282631916257
10450;142.72896511734368;10450;91.567735831781974;10450;12.988677632984405;10450;386.31168553727838;10450;9.500106814783166;10450;9.6346934415723133;10450;83.36436048463392;10450;111.16061891537217
10460;142.79000213629567;10460;91.665395062105176;10460;12.927640614032409;10460;386.62796827184781;10460;9.500106814783166;10460;9.6307260353404338;10460;83.352153080843522;10460;111.24607074190496
10470;142.75337992492447;10470;91.71422467726677;10470;13.013092440565202;10470;387.02332169005962;10470;9.500106814783166;10470;9.6346934415723133;10470;83.510849330118717;10470;111.22165593432416
10480;142.80220954008607;10480;91.653187658314778;10480;12.939848017822811;10480;387.45821045009251;10480;9.500106814783166;10480;9.6282845545823541;10480;83.449812311166724;10480;111.12399670400097
10490;142.76558732871487;10490;91.653187658314778;10490;12.854396191290018;10490;387.81402852648313;10490;9.500106814783166;10490;9.6356089968565932;10490;83.474227118747521;10490;111.05075228125858
10500;142.72896511734368;10500;91.689809869685973;10500;12.976470229194007;10500;388.1698466028738;10500;9.500106814783166;10500;9.629505294961394;10500;83.510849330118717;10500;111.08737449262978
10510;142.85103915524766;10510;91.689809869685973;10510;13.061922055726798;10510;388.68380604654908;10510;9.500106814783166;10510;9.6322519608142336;10510;83.498641926328318;10510;111.27048554948576
10520;142.86324655903806;10520;91.71422467726677;10520;12.976470229194007;10520;388.96055343929731;10520;9.500106814783166;10520;9.6310312204351938;10520;83.474227118747521;10520;111.18503372295297
10530;142.94869838557085;10530;91.640980254524379;10530;12.976470229194007;10530;389.31637151568793;10530;9.500106814783166;10530;9.6298104800561539;10530;83.425397503585927;10530;111.09958189642018
10540;142.86324655903806;10540;91.628772850733981;10540;13.0497146519364;10540;389.71172493389963;10540;9.500106814783166;10540;9.6334727011932735;10540;83.40098269600513;10540;111.17282631916257
10550;142.80220954008607;10550;91.604358043153184;10550;13.013092440565202;10550;390.14661369393264;10550;9.500106814783166;10550;9.629505294961394;10550;83.36436048463392;10550;111.22165593432416
10560;142.57026886806847;10560;91.543321024201177;10560;12.891018402661214;10560;390.50243177032331;10560;9.500106814783166;10560;9.6340830713827934;10560;83.413190099795528;10560;111.13620410779137
10570;142.64351329081089;10570;91.579943235572372;10570;12.964262825403608;10570;390.85824984671393;10570;9.500106814783166;10570;9.6267586291085543;10570;83.535264137699514;10570;111.02633747367778
10580;142.66792809839168;10580;91.579943235572372;10580;12.939848017822811;10580;391.25360326492569;10580;9.500106814783166;10580;9.6353038117618333;10580;83.510849330118717;10580;111.13620410779137
10590;142.83883175145726;10590;91.628772850733981;10590;12.817773979918821;10590;391.56988599949511;10590;9.500106814783166;10590;9.6307260353404338;10590;83.474227118747521;10590;111.12399670400097
10600;142.76558732871487;10600;91.628772850733981;10600;12.988677632984405;10600;391.96523941770687;10600;9.500106814783166;10600;9.6346934415723133;10600;83.449812311166724;10600;111.02633747367778
10610;142.69234290597248;10610;91.555528427991575;10610;13.086336863307595;10610;392.32105749409749;10610;9.500106814783166;10610;9.6331675160985135;10610;83.437604907376326;10610;111.05075228125858
10620;142.85103915524766;10620;91.604358043153184;10620;12.915433210242011;10620;392.71641091230924;10620;9.500106814783166;10620;9.6322519608142336;10620;83.48643452253792;10620;110.95309305093539
10630;142.82662434766686;10630;91.640980254524379;10630;12.915433210242011;10630;393.03269364687867;10630;9.500106814783166;10630;9.6310312204351938;10630;83.449812311166724;10630;110.9164708395642
10640;142.88766136661886;10640;91.579943235572372;10640;12.95205542161321;10640;393.42804706509042;10640;9.500106814783166;10640;9.629200109866634;10640;83.48643452253792;10640;110.95309305093539
10650;142.76558732871487;10650;91.628772850733981;10650;12.939848017822811;10650;393.78386514148104;10650;9.500106814783166;10650;9.6365245521408731;10650;83.437604907376326;10650;110.95309305093539
10660;142.75337992492447;10660;91.640980254524379;10660;12.927640614032409;10660;394.218753901514;10660;9.500106814783166;10660;9.6328623310037536;10660;83.474227118747521;10660;111.03854487746818
10670;142.69234290597248;10670;91.628772850733981;10670;12.842188787499619;10670;394.65364266154688;10670;9.500106814783166;10670;9.6383556627094329;10670;83.413190099795528;10670;111.06295968504898
10680;142.86324655903806;10680;91.604358043153184;10680;12.964262825403608;10680;395.0094607379375;10680;9.500106814783166;10680;9.629505294961394;10680;83.339945677053123;10680;111.00192266609699
10690;142.93649098178045;10690;91.494491409039583;10690;13.122959074678791;10690;395.40481415614931;10690;9.500106814783166;10690;9.6353038117618333;10690;83.437604907376326;10690;110.9042634357738
10700;142.85103915524766;10700;91.604358043153184;10700;13.0497146519364;10700;395.7210968907188;10700;9.500106814783166;10700;9.6285897396771141;10700;83.425397503585927;10700;110.8920560319834
10710;142.82662434766686;10710;91.677602465895575;10710;12.964262825403608;10710;396.11645030893061;10710;9.500106814783166;10710;9.6316415906247137;10710;83.474227118747521;10710;111.03854487746818
10720;142.80220954008607;10720;91.579943235572372;10720;12.915433210242011;10720;396.31412701803646;10720;9.500106814783166;10720;9.6334727011932735;10720;83.474227118747521;10720;111.03854487746818
10730;142.82662434766686;10730;91.51890621662038;10730;12.95205542161321;10730;396.70948043624821;10730;9.500106814783166;10730;9.6316415906247137;10730;83.413190099795528;10730;110.96530045472579
10740;142.68013550218208;10740;91.482284005249184;10740;13.0497146519364;10740;397.06529851263883;10740;9.500106814783166;10740;9.6362193670461131;10740;83.388775292214717;10740;110.96530045472579
10750;142.76558732871487;10750;91.543321024201177;10750;12.976470229194007;10750;397.42111658902945;10750;9.500106814783166;10750;9.6322519608142336;10750;83.413190099795528;10750;110.9164708395642
10760;142.70455030976288;10760;91.579943235572372;10760;12.817773979918821;10760;397.73739932359882;10760;9.500106814783166;10760;9.6392712179937128;10760;83.498641926328318;10760;110.9164708395642
10770;142.80220954008607;10770;91.665395062105176;10770;12.842188787499619;10770;398.17228808363194;10770;9.500106814783166;10770;9.6282845545823541;10770;83.510849330118717;10770;110.83101901303141
10780;142.85103915524766;10780;91.763054292428365;10780;12.842188787499619;10780;398.60717684366483;10780;9.500106814783166;10780;9.6343882564775534;10780;83.437604907376326;10780;110.83101901303141
10790;142.87545396282846;10790;91.787469100009162;10790;13.025299844355601;10790;398.92345957823426;10790;9.500106814783166;10790;9.6298104800561539;10790;83.449812311166724;10790;110.879848628193
10800;142.86324655903806;10800;91.677602465895575;10800;13.0497146519364;10800;399.3978836800884;10800;9.500106814783166;10800;9.6340830713827934;10800;83.498641926328318;10800;110.879848628193
10810;142.79000213629567;10810;91.543321024201177;10810;12.891018402661214;10810;399.753701756479;10810;9.500106814783166;10810;9.6340830713827934;10810;83.474227118747521;10810;110.83101901303141
10820;142.70455030976288;10820;91.543321024201177;10820;13.013092440565202;10820;400.18859051651191;10820;9.500106814783166;10820;9.6331675160985135;10820;83.6573381756035;10820;110.9164708395642
10830;142.64351329081089;10830;91.653187658314778;10830;13.025299844355601;10830;400.54440859290253;10830;9.500106814783166;10830;9.6353038117618333;10830;83.6573381756035;10830;110.96530045472579
10840;142.92428357799005;10840;91.763054292428365;10840;12.964262825403608;10840;400.78162064382963;10840;9.500106814783166;10840;9.6301156651509139;10840;83.535264137699514;10840;110.8676412244026
10850;142.72896511734368;10850;91.787469100009162;10850;12.891018402661214;10850;401.17697406204132;10850;9.500106814783166;10850;9.6362193670461131;10850;83.449812311166724;10850;110.81881160924101
10860;142.69234290597248;10860;91.71422467726677;10860;13.025299844355601;10860;401.61186282207433;10860;9.500106814783166;10860;9.628894924771874;10860;83.510849330118717;10860;110.81881160924101
10870;142.58247627185889;10870;91.677602465895575;10870;13.013092440565202;10870;401.92814555664376;10870;9.500106814783166;10870;9.6380504776146729;10870;83.6573381756035;10870;110.80660420545061
10880;142.70455030976288;10880;91.824091311380357;10880;12.927640614032409;10880;402.24442829121318;10880;9.500106814783166;10880;9.6316415906247137;10880;83.6451307718131;10880;110.83101901303141
10890;142.87545396282846;10890;91.787469100009162;10890;12.976470229194007;10890;402.71885239306727;10890;9.500106814783166;10890;9.6362193670461131;10890;83.535264137699514;10890;110.879848628193
10900;142.69234290597248;10900;91.640980254524379;10900;12.976470229194007;10900;403.074670469458;10900;9.500106814783166;10900;9.6316415906247137;10900;83.498641926328318;10900;110.96530045472579
10910;142.64351329081089;10910;91.592150639362771;10910;13.061922055726798;10910;403.35141786220618;10910;9.500106814783166;10910;9.6319467757194737;10910;83.48643452253792;10910;110.8920560319834
10920;142.57026886806847;10920;91.592150639362771;10920;13.025299844355601;10920;403.7072359385968;10920;9.500106814783166;10920;9.6334727011932735;10920;83.535264137699514;10920;110.80660420545061
10930;142.74117252113408;10930;91.677602465895575;10930;13.037507248146001;10930;404.18166004045094;10930;9.500106814783166;10930;9.6301156651509139;10930;83.584093752861108;10930;110.8676412244026
10940;142.66792809839168;10940;91.628772850733981;10940;12.95205542161321;10940;404.5374781168415;10940;9.500106814783166;10940;9.637440107425153;10940;83.510849330118717;10940;110.79439680166021
10950;142.70455030976288;10950;91.494491409039583;10950;12.915433210242011;10950;404.89329619323212;10950;9.500106814783166;10950;9.6313364055299537;10950;83.449812311166724;10950;110.70894497512742
10960;142.75337992492447;10960;91.494491409039583;10960;12.878810998870815;10960;405.28864961144393;10960;9.500106814783166;10960;9.6365245521408731;10960;83.559678945280311;10960;110.73335978270822
10970;142.87545396282846;10970;91.665395062105176;10970;12.976470229194007;10970;405.64446768783449;10970;9.500106814783166;10970;9.6282845545823541;10970;83.6695455793939;10970;110.72115237891782
10980;142.88766136661886;10980;91.787469100009162;10980;13.122959074678791;10980;406.03982110604625;10980;9.500106814783166;10980;9.6362193670461131;10980;83.6817529831843;10980;110.70894497512742
10990;142.76558732871487;10990;91.689809869685973;10990;13.025299844355601;10990;406.35610384061567;10990;9.500106814783166;10990;9.629505294961394;10990;83.6939603869747;10990;110.73335978270822
11000;142.74117252113408;11000;91.653187658314778;11000;13.013092440565202;11000;406.79099260064862;11000;9.500106814783166;11000;9.6322519608142336;11000;83.571886349070709;11000;110.68453016754663
11010;142.75337992492447;11010;91.640980254524379;11010;12.976470229194007;11010;407.14681067703918;11010;9.500106814783166;11010;9.6313364055299537;11010;83.498641926328318;11010;110.68453016754663
11020;142.76558732871487;11020;91.653187658314778;11020;12.988677632984405;11020;407.542164095251;11020;9.500106814783166;11020;9.6285897396771141;11020;83.510849330118717;11020;110.70894497512742
11030;142.65572069460129;11030;91.689809869685973;11030;13.086336863307595;11030;407.89798217164162;11030;9.500106814783166;11030;9.6362193670461131;11030;83.510849330118717;11030;110.70894497512742
11040;142.76558732871487;11040;91.665395062105176;11040;12.988677632984405;11040;408.29333558985348;11040;9.500106814783166;11040;9.6313364055299537;11040;83.584093752861108;11040;110.68453016754663
11050;142.66792809839168;11050;91.677602465895575;11050;12.866603595080417;11050;408.57008298260172;11050;9.500106814783166;11050;9.6368297372356331;11050;83.559678945280311;11050;110.61128574480423
11060;142.77779473250527;11060;91.689809869685973;11060;12.915433210242011;11060;408.92590105899234;11060;9.500106814783166;11060;9.6282845545823541;11060;83.523056733909115;11060;110.68453016754663
11070;142.76558732871487;11070;91.604358043153184;11070;12.915433210242011;11070;409.28171913538284;11070;9.500106814783166;11070;9.6368297372356331;11070;83.510849330118717;11070;110.79439680166021
11080;142.74117252113408;11080;91.555528427991575;11080;12.95205542161321;11080;409.63753721177346;11080;9.500106814783166;11080;9.6270638142033143;11080;83.523056733909115;11080;110.70894497512742
11090;142.75337992492447;11090;91.653187658314778;11090;13.025299844355601;11090;409.99335528816408;11090;9.500106814783166;11090;9.6316415906247137;11090;83.6207159642323;11090;110.68453016754663
11100;142.77779473250527;11100;91.677602465895575;11100;13.013092440565202;11100;410.38870870637589;11100;9.500106814783166;11100;9.6328623310037536;11100;83.6207159642323;11100;110.70894497512742
11110;142.75337992492447;11110;91.653187658314778;11110;12.964262825403608;11110;410.94220349187248;11110;9.500106814783166;11110;9.6313364055299537;11110;83.48643452253792;11110;110.64790795617543
11120;142.54585406048767;11120;91.677602465895575;11120;12.829981383709219;11120;411.25848622644185;11120;9.500106814783166;11120;9.6319467757194737;11120;83.449812311166724;11120;110.56245612964264
11130;142.69234290597248;11130;91.689809869685973;11130;12.829981383709219;11130;411.61430430283247;11130;9.500106814783166;11130;9.6270638142033143;11130;83.571886349070709;11130;110.55024872585224
11140;142.65572069460129;11140;91.665395062105176;11140;12.829981383709219;11140;412.00965772104422;11140;9.500106814783166;11140;9.6362193670461131;11140;83.5963011566515;11140;110.56245612964264
11150;142.65572069460129;11150;91.640980254524379;11150;12.842188787499619;11150;412.36547579743484;11150;9.500106814783166;11150;9.6282845545823541;11150;83.559678945280311;11150;110.62349314859463
11160;142.58247627185889;11160;91.653187658314778;11160;12.842188787499619;11160;412.80036455746773;11160;9.500106814783166;11160;9.6343882564775534;11160;83.48643452253792;11160;110.58687093722344
11170;142.75337992492447;11170;91.726432081057169;11170;12.878810998870815;11170;413.15618263385835;11170;9.500106814783166;11170;9.6273689992980742;11170;83.425397503585927;11170;110.51362651448102
11180;142.88766136661886;11180;91.71422467726677;11180;13.074129459517197;11180;413.63060673571249;11180;9.500106814783166;11180;9.6340830713827934;11180;83.388775292214717;11180;110.55024872585224
11190;142.77779473250527;11190;91.653187658314778;11190;13.061922055726798;11190;413.94688947028186;11190;9.500106814783166;11190;9.6285897396771141;11190;83.425397503585927;11190;110.41596728415783
11200;142.69234290597248;11200;91.640980254524379;11200;12.939848017822811;11200;414.26317220485129;11200;9.500106814783166;11200;9.6301156651509139;11200;83.535264137699514;11200;110.51362651448102
11210;142.61909848323009;11210;91.628772850733981;11210;12.964262825403608;11210;414.61899028124191;11210;9.500106814783166;11210;9.6331675160985135;11210;83.571886349070709;11210;110.56245612964264
11220;142.79000213629567;11220;91.628772850733981;11220;13.0497146519364;11220;414.97480835763253;11220;9.500106814783166;11220;9.6285897396771141;11220;83.6085085604419;11220;110.44038209173863
11230;142.75337992492447;11230;91.640980254524379;11230;12.915433210242011;11230;415.2910910922019;11230;9.500106814783166;11230;9.6343882564775534;11230;83.6817529831843;11230;110.44038209173863
11240;142.98532059694205;11240;91.738639484847567;11240;12.854396191290018;11240;415.60737382677132;11240;9.500106814783166;11240;9.6285897396771141;11240;83.6695455793939;11240;110.53804132206182
11250;142.91207617419965;11250;91.653187658314778;11250;12.95205542161321;11250;416.04226258680438;11250;9.500106814783166;11250;9.6356089968565932;11250;83.6451307718131;11250;110.63570055238503
11260;142.77779473250527;11260;91.628772850733981;11260;12.976470229194007;11260;416.43761600501614;11260;9.500106814783166;11260;9.6276741843928342;11260;83.6573381756035;11260;110.55024872585224
11270;142.75337992492447;11270;91.677602465895575;11270;13.025299844355601;11270;416.95157544869147;11270;9.500106814783166;11270;9.6353038117618333;11270;83.5963011566515;11270;110.56245612964264
11280;142.82662434766686;11280;91.665395062105176;11280;13.013092440565202;11280;417.30739352508203;11280;9.500106814783166;11280;9.6298104800561539;11280;83.510849330118717;11280;110.56245612964264
11290;142.93649098178045;11290;91.604358043153184;11290;12.988677632984405;11290;417.66321160147265;11290;9.500106814783166;11290;9.6334727011932735;11290;83.498641926328318;11290;110.50141911069062
11300;142.75337992492447;11300;91.579943235572372;11300;12.964262825403608;11300;417.97949433604208;11300;9.500106814783166;11300;9.6313364055299537;11300;83.474227118747521;11300;110.50141911069062
11310;142.76558732871487;11310;91.677602465895575;11310;12.866603595080417;11310;418.45391843789633;11310;9.500106814783166;11310;9.6301156651509139;11310;83.510849330118717;11310;110.46479689931942
11320;142.70455030976288;11320;91.689809869685973;11320;12.891018402661214;11320;418.77020117246576;11320;9.500106814783166;11320;9.6353038117618333;11320;83.5963011566515;11320;110.42817468794823
11330;142.80220954008607;11330;91.726432081057169;11330;12.95205542161321;11330;419.16555459067752;11330;9.500106814783166;11330;9.629200109866634;11330;83.6207159642323;11330;110.48921170690022
11340;142.70455030976288;11340;91.71422467726677;11340;12.964262825403608;11340;419.48183732524689;11340;9.500106814783166;11340;9.6359141819513532;11340;83.523056733909115;11340;110.56245612964264
11350;142.66792809839168;11350;91.653187658314778;11350;12.915433210242011;11350;419.75858471799518;11350;9.500106814783166;11350;9.6267586291085543;11350;83.523056733909115;11350;110.45258949552903
11360;142.72896511734368;11360;91.567735831781974;11360;12.95205542161321;11360;420.15393813620693;11360;9.500106814783166;11360;9.6353038117618333;11360;83.498641926328318;11360;110.42817468794823
11370;142.83883175145726;11370;91.543321024201177;11370;13.0497146519364;11370;420.39115018713403;11370;9.500106814783166;11370;9.629505294961394;11370;83.437604907376326;11370;110.40375988036743
11380;142.79000213629567;11380;91.71422467726677;11380;12.927640614032409;11380;420.82603894716692;11380;9.500106814783166;11380;9.6337778862880334;11380;83.413190099795528;11380;110.36713766899624
11390;142.75337992492447;11390;91.811883907589959;11390;12.927640614032409;11390;421.10278633991516;11390;9.500106814783166;11390;9.6319467757194737;11390;83.474227118747521;11390;110.44038209173863
11400;142.74117252113408;11400;91.763054292428365;11400;12.964262825403608;11400;421.5772104417693;11400;9.500106814783166;11400;9.6319467757194737;11400;83.5963011566515;11400;110.45258949552903
11410;142.74117252113408;11410;91.689809869685973;11410;12.866603595080417;11410;422.05163454362338;11410;9.500106814783166;11410;9.6334727011932735;11410;83.584093752861108;11410;110.46479689931942
11420;142.82662434766686;11420;91.71422467726677;11420;12.891018402661214;11420;422.407452620014;11420;9.500106814783166;11420;9.629200109866634;11420;83.584093752861108;11420;110.41596728415783
11430;142.66792809839168;11430;91.787469100009162;11430;13.025299844355601;11430;422.842341380047;11430;9.500106814783166;11430;9.6340830713827934;11430;83.510849330118717;11430;110.41596728415783
11440;142.80220954008607;11440;91.860713522751553;11440;13.037507248146001;11440;423.23769479825876;11440;9.500106814783166;11440;9.6273689992980742;11440;83.523056733909115;11440;110.46479689931942
11450;142.75337992492447;11450;91.763054292428365;11450;13.013092440565202;11450;423.59351287464943;11450;9.500106814783166;11450;9.6365245521408731;11450;83.5963011566515;11450;110.36713766899624
11460;142.76558732871487;11460;91.738639484847567;11460;12.964262825403608;11460;423.94933095104005;11460;9.500106814783166;11460;9.6261482589190344;11460;83.6695455793939;11460;110.29389324625384
11470;142.82662434766686;11470;91.787469100009162;11470;12.878810998870815;11470;424.42375505289414;11470;9.500106814783166;11470;9.6316415906247137;11470;83.742790002136289;11470;110.40375988036743
11480;142.66792809839168;11480;91.775261696218763;11480;12.878810998870815;11480;424.74003778746356;11480;9.500106814783166;11480;9.6282845545823541;11480;83.6817529831843;11480;110.50141911069062
11490;142.77779473250527;11490;91.763054292428365;11490;12.976470229194007;11490;425.09585586385418;11490;9.500106814783166;11490;9.6301156651509139;11490;83.498641926328318;11490;110.46479689931942
11500;142.76558732871487;11500;91.689809869685973;11500;12.891018402661214;11500;425.45167394024475;11500;9.500106814783166;11500;9.6328623310037536;11500;83.510849330118717;11500;110.34272286141544
11510;142.68013550218208;11510;91.738639484847567;11510;12.829981383709219;11510;425.88656270027786;11510;9.500106814783166;11510;9.6298104800561539;11510;83.6085085604419;11510;110.26947843867305
11520;142.76558732871487;11520;91.665395062105176;11520;12.891018402661214;11520;426.20284543484723;11520;9.500106814783166;11520;9.6356089968565932;11520;83.584093752861108;11520;110.36713766899624
11530;142.92428357799005;11530;91.628772850733981;11530;12.988677632984405;11530;426.55866351123785;11530;9.500106814783166;11530;9.628894924771874;11530;83.5963011566515;11530;110.44038209173863
11540;142.68013550218208;11540;91.738639484847567;11540;13.074129459517197;11540;426.87494624580728;11540;9.500106814783166;11540;9.6337778862880334;11540;83.559678945280311;11540;110.34272286141544
11550;142.76558732871487;11550;91.738639484847567;11550;13.025299844355601;11550;427.2307643221979;11550;9.500106814783166;11550;9.6240119632557146;11550;83.523056733909115;11550;110.34272286141544
11560;142.72896511734368;11560;91.665395062105176;11560;12.854396191290018;11560;427.705188424052;11560;9.500106814783166;11560;9.6334727011932735;11560;83.523056733909115;11560;110.48921170690022
11570;142.74117252113408;11570;91.750846888637966;11570;12.878810998870815;11570;427.98193581680022;11570;9.500106814783166;11570;9.629200109866634;11570;83.6573381756035;11570;110.44038209173863
11580;142.82662434766686;11580;91.811883907589959;11580;12.976470229194007;11580;428.37728923501203;11580;9.500106814783166;11580;9.6322519608142336;11580;83.6817529831843;11580;110.40375988036743
11590;142.82662434766686;11590;91.811883907589959;11590;12.927640614032409;11590;428.77264265322378;11590;9.500106814783166;11590;9.6322519608142336;11590;83.535264137699514;11590;110.50141911069062
11600;142.83883175145726;11600;91.824091311380357;11600;12.964262825403608;11600;429.16799607143548;11600;9.500106814783166;11600;9.6307260353404338;11600;83.535264137699514;11600;110.48921170690022
11610;142.76558732871487;11610;91.824091311380357;11610;12.988677632984405;11610;429.5238141478261;11610;9.500106814783166;11610;9.6334727011932735;11610;83.584093752861108;11610;110.31830805383464
11620;142.88766136661886;11620;91.836298715170756;11620;13.013092440565202;11620;429.99823824968024;11620;9.500106814783166;11620;9.6276741843928342;11620;83.6695455793939;11620;110.28168584246345
11630;142.87545396282846;11630;91.787469100009162;11630;12.927640614032409;11630;430.35405632607086;11630;9.500106814783166;11630;9.6334727011932735;11630;83.6695455793939;11630;110.29389324625384
11640;142.85103915524766;11640;91.763054292428365;11640;12.866603595080417;11640;430.70987440246148;11640;9.500106814783166;11640;9.6249275185399945;11640;83.6085085604419;11640;110.26947843867305
11650;142.70455030976288;11650;91.750846888637966;11650;12.976470229194007;11650;431.06569247885216;11650;9.500106814783166;11650;9.6337778862880334;11650;83.584093752861108;11650;110.33051545762504
11660;142.85103915524766;11660;91.750846888637966;11660;13.0497146519364;11660;431.38197521342158;11660;9.500106814783166;11660;9.6267586291085543;11660;83.6451307718131;11660;110.40375988036743
11670;142.85103915524766;11670;91.689809869685973;11670;13.013092440565202;11670;431.7773286316334;11670;9.500106814783166;11670;9.6307260353404338;11670;83.6817529831843;11670;110.34272286141544
11680;142.75337992492447;11680;91.689809869685973;11680;12.878810998870815;11680;432.1331467080239;11680;9.500106814783166;11680;9.6310312204351938;11680;83.6207159642323;11680;110.19623401593066
11690;142.77779473250527;11690;91.775261696218763;11690;12.817773979918821;11690;432.52850012623566;11690;9.500106814783166;11690;9.6316415906247137;11690;83.5963011566515;11690;110.22064882351145
11700;142.80220954008607;11700;91.836298715170756;11700;12.829981383709219;11700;432.80524751898389;11700;9.500106814783166;11700;9.6310312204351938;11700;83.6207159642323;11700;110.33051545762504
11710;142.91207617419965;11710;91.848506118961154;11710;12.939848017822811;11710;433.27967162083809;11710;9.500106814783166;11710;9.6276741843928342;11710;83.5963011566515;11710;110.44038209173863
11720;142.83883175145726;11720;91.824091311380357;11720;12.964262825403608;11720;433.63548969722865;11720;9.500106814783166;11720;9.6322519608142336;11720;83.510849330118717;11720;110.34272286141544
11730;142.86324655903806;11730;91.738639484847567;11730;12.927640614032409;11730;433.99130777361927;11730;9.500106814783166;11730;9.6261482589190344;11730;83.6451307718131;11730;110.25727103488265
11740;142.86324655903806;11740;91.689809869685973;11740;12.927640614032409;11740;434.34712585000989;11740;9.500106814783166;11740;9.6322519608142336;11740;83.779412213507484;11740;110.31830805383464
11750;142.86324655903806;11750;91.787469100009162;11750;12.95205542161321;11750;434.66340858457926;11750;9.500106814783166;11750;9.6261482589190344;11750;83.791619617297883;11750;110.35493026520584
11760;142.72896511734368;11760;91.750846888637966;11760;12.964262825403608;11760;435.05876200279096;11760;9.500106814783166;11760;9.6331675160985135;11760;83.767204809717086;11760;110.25727103488265
11770;142.72896511734368;11770;91.677602465895575;11770;13.061922055726798;11770;435.3750447373605;11770;9.500106814783166;11770;9.6276741843928342;11770;83.584093752861108;11770;110.17181920834986
11780;142.83883175145726;11780;91.775261696218763;11780;13.013092440565202;11780;435.80993349739339;11780;9.500106814783166;11780;9.6331675160985135;11780;83.6573381756035;11780;110.19623401593066
11790;142.87545396282846;11790;91.933957945493944;11790;12.866603595080417;11790;436.24482225742645;11790;9.500106814783166;11790;9.629505294961394;11790;83.779412213507484;11790;110.22064882351145
11800;142.86324655903806;11800;91.909543137913147;11800;13.013092440565202;11800;436.60064033381707;11800;9.500106814783166;11800;9.6313364055299537;11800;83.754997405926687;11800;110.22064882351145
11810;142.75337992492447;11810;91.860713522751553;11810;13.110751670888392;11810;436.99599375202882;11810;9.500106814783166;11810;9.6319467757194737;11810;83.6817529831843;11810;110.28168584246345
11820;142.87545396282846;11820;91.860713522751553;11820;13.025299844355601;11820;437.35181182841944;11820;9.500106814783166;11820;9.6264534440137943;11820;83.6817529831843;11820;110.34272286141544
11830;142.69234290597248;11830;91.836298715170756;11830;13.0497146519364;11830;437.78670058845233;11830;9.500106814783166;11830;9.6328623310037536;11830;83.754997405926687;11830;110.33051545762504
11840;142.75337992492447;11840;91.775261696218763;11840;13.061922055726798;11840;438.10298332302176;11840;9.500106814783166;11840;9.6282845545823541;11840;83.73058259834589;11840;110.29389324625384
11850;142.91207617419965;11850;91.726432081057169;11850;12.891018402661214;11850;438.41926605759113;11850;9.500106814783166;11850;9.6343882564775534;11850;83.6939603869747;11850;110.18402661214026
11860;142.86324655903806;11860;91.811883907589959;11860;12.939848017822811;11860;438.89369015944544;11860;9.500106814783166;11860;9.6246223334452345;11860;83.767204809717086;11860;110.11078218939787
11870;142.75337992492447;11870;91.775261696218763;11870;13.086336863307595;11870;439.2890435776572;11870;9.500106814783166;11870;9.6319467757194737;11870;83.791619617297883;11870;110.14740440076906
11880;142.79000213629567;11880;91.763054292428365;11880;13.037507248146001;11880;439.56579097040543;11880;9.500106814783166;11880;9.6301156651509139;11880;83.73058259834589;11880;110.24506363109225
11890;142.86324655903806;11890;91.787469100009162;11890;12.878810998870815;11890;439.92160904679605;11890;9.500106814783166;11890;9.6310312204351938;11890;83.6817529831843;11890;110.29389324625384
11900;142.79000213629567;11900;91.665395062105176;11900;12.854396191290018;11900;440.27742712318661;11900;9.500106814783166;11900;9.6285897396771141;11900;83.73058259834589;11900;110.28168584246345
11910;142.85103915524766;11910;91.726432081057169;11910;12.95205542161321;11910;440.71231588321962;11910;9.500106814783166;11910;9.6270638142033143;11910;83.840449232459477;11910;110.29389324625384
11920;142.69234290597248;11920;91.689809869685973;11920;13.013092440565202;11920;441.06813395961012;11920;9.500106814783166;11920;9.6319467757194737;11920;83.73058259834589;11920;110.17181920834986
11930;142.79000213629567;11930;91.750846888637966;11930;12.95205542161321;11930;441.46348737782193;11930;9.500106814783166;11930;9.6273689992980742;11930;83.6573381756035;11930;110.11078218939787
11940;142.75337992492447;11940;91.848506118961154;11940;12.939848017822811;11940;441.89837613785488;11940;9.500106814783166;11940;9.6337778862880334;11940;83.6939603869747;11940;110.23285622730185
11950;142.79000213629567;11950;91.750846888637966;11950;12.964262825403608;11950;442.21465887242431;11950;9.500106814783166;11950;9.6270638142033143;11950;83.6207159642323;11950;110.22064882351145
11960;142.83883175145726;11960;91.689809869685973;11960;12.891018402661214;11960;442.68908297427845;11960;9.500106814783166;11960;9.6337778862880334;11960;83.498641926328318;11960;110.18402661214026
11970;142.77779473250527;11970;91.677602465895575;11970;12.842188787499619;11970;443.04490105066895;11970;9.500106814783166;11970;9.6252327036347545;11970;83.5963011566515;11970;110.19623401593066
11980;142.85103915524766;11980;91.763054292428365;11980;12.976470229194007;11980;443.28211310159611;11980;9.500106814783166;11980;9.6298104800561539;11980;83.767204809717086;11980;110.19623401593066
11990;142.74117252113408;11990;91.775261696218763;11990;12.976470229194007;11990;443.63793117798679;11990;9.500106814783166;11990;9.6301156651509139;11990;83.828241828669078;11990;110.13519699697866
12000;142.85103915524766;12000;91.738639484847567;12000;12.866603595080417;12000;444.07281993801968;12000;9.500106814783166;12000;9.6285897396771141;12000;83.6817529831843;12000;110.08636738181707
12010;142.93649098178045;12010;91.750846888637966;12010;12.829981383709219;12010;444.38910267258922;12010;9.500106814783166;12010;9.629505294961394;12010;83.6695455793939;12010;110.22064882351145
12020;142.94869838557085;12020;91.824091311380357;12020;12.927640614032409;12020;444.74492074897972;12020;9.500106814783166;12020;9.6267586291085543;12020;83.767204809717086;12020;110.26947843867305
12030;142.76558732871487;12030;91.811883907589959;12030;13.0497146519364;12030;445.14027416719148;12030;9.500106814783166;12030;9.6340830713827934;12030;83.742790002136289;12030;110.26947843867305
12040;142.83883175145726;12040;91.811883907589959;12040;13.037507248146001;12040;445.45655690176091;12040;9.500106814783166;12040;9.6273689992980742;12040;83.6939603869747;12040;110.15961180455946
12050;142.85103915524766;12050;91.897335734122748;12050;12.927640614032409;12050;445.81237497815152;12050;9.500106814783166;12050;9.6337778862880334;12050;83.6695455793939;12050;110.02533036286508
12060;142.75337992492447;12060;91.836298715170756;12060;12.988677632984405;12060;446.12865771272095;12060;9.500106814783166;12060;9.6276741843928342;12060;83.779412213507484;12060;110.11078218939787
12070;142.80220954008607;12070;91.763054292428365;12070;13.013092440565202;12070;446.5635464727539;12070;9.500106814783166;12070;9.6307260353404338;12070;83.889278847621071;12070;110.19623401593066
12080;142.70455030976288;12080;91.811883907589959;12080;12.976470229194007;12080;446.9984352327869;12080;9.500106814783166;12080;9.6249275185399945;12080;83.840449232459477;12080;110.17181920834986
12090;142.74117252113408;12090;91.775261696218763;12090;13.037507248146001;12090;447.31471796735633;12090;9.500106814783166;12090;9.6285897396771141;12090;83.81603442487868;12090;110.15961180455946
12100;142.75337992492447;12100;91.872920926541951;12100;12.878810998870815;12100;447.67053604374684;12100;9.500106814783166;12100;9.6313364055299537;12100;83.791619617297883;12100;110.17181920834986
12110;142.76558732871487;12110;91.860713522751553;12110;12.891018402661214;12110;448.18449548742217;12110;9.500106814783166;12110;9.6273689992980742;12110;83.828241828669078;12110;110.13519699697866
12120;142.76558732871487;12120;91.787469100009162;12120;12.964262825403608;12120;448.54031356381279;12120;9.500106814783166;12120;9.6316415906247137;12120;83.779412213507484;12120;110.15961180455946
12130;142.87545396282846;12130;91.848506118961154;12130;12.939848017822811;12130;448.85659629838227;12130;9.500106814783166;12130;9.6282845545823541;12130;83.754997405926687;12130;110.15961180455946
12140;142.83883175145726;12140;91.787469100009162;12140;12.927640614032409;12140;449.21241437477289;12140;9.500106814783166;12140;9.6343882564775534;12140;83.767204809717086;12140;110.19623401593066
12150;142.82662434766686;12150;91.872920926541951;12150;12.988677632984405;12150;449.60776779298465;12150;9.500106814783166;12150;9.6246223334452345;12150;83.6695455793939;12150;110.22064882351145
12160;142.80220954008607;12160;91.982787560655538;12160;12.976470229194007;12160;450.00312121119646;12160;9.500106814783166;12160;9.6307260353404338;12160;83.6939603869747;12160;110.15961180455946
12170;142.79000213629567;12170;91.982787560655538;12170;12.939848017822811;12170;450.31940394576588;12170;9.500106814783166;12170;9.6267586291085543;12170;83.754997405926687;12170;110.22064882351145
12180;142.80220954008607;12180;91.909543137913147;12180;12.976470229194007;12180;450.67522202215639;12180;9.500106814783166;12180;9.6298104800561539;12180;83.754997405926687;12180;110.19623401593066
12190;142.79000213629567;12190;91.872920926541951;12190;12.927640614032409;12190;450.99150475672582;12190;9.500106814783166;12190;9.6310312204351938;12190;83.754997405926687;12190;110.15961180455946
12200;142.87545396282846;12200;91.860713522751553;12200;12.842188787499619;12200;451.46592885858007;12200;9.500106814783166;12200;9.629505294961394;12200;83.779412213507484;12200;110.09857478560747
12210;142.76558732871487;12210;91.897335734122748;12210;12.829981383709219;12210;451.7822115931495;12210;9.500106814783166;12210;9.6316415906247137;12210;83.73058259834589;12210;110.07415997802667
12220;142.91207617419965;12220;91.994994964445951;12220;12.939848017822811;12220;452.05895898589768;12220;9.500106814783166;12220;9.6273689992980742;12220;83.742790002136289;12220;110.19623401593066
12230;142.87545396282846;12230;91.921750541703545;12230;12.927640614032409;12230;452.41477706228829;12230;9.500106814783166;12230;9.6343882564775534;12230;83.81603442487868;12230;110.33051545762504
12240;142.82662434766686;12240;91.787469100009162;12240;12.939848017822811;12240;452.77059513867891;12240;9.500106814783166;12240;9.6267586291085543;12240;83.742790002136289;12240;110.22064882351145
12250;142.68013550218208;12250;91.872920926541951;12250;13.0497146519364;12250;453.20548389871186;12250;9.500106814783166;12250;9.6322519608142336;12250;83.742790002136289;12250;110.09857478560747
12260;142.77779473250527;12260;91.897335734122748;12260;12.988677632984405;12260;453.64037265874487;12260;9.500106814783166;12260;9.6276741843928342;12260;83.742790002136289;12260;110.11078218939787
12270;142.94869838557085;12270;91.909543137913147;12270;12.878810998870815;12270;454.15433210242014;12270;9.500106814783166;12270;9.6319467757194737;12270;83.6817529831843;12270;110.15961180455946
12280;142.79000213629567;12280;91.848506118961154;12280;13.025299844355601;12280;454.5101501788107;12280;9.500106814783166;12280;9.6282845545823541;12280;83.742790002136289;12280;110.07415997802667
12290;142.79000213629567;12290;91.689809869685973;12290;13.074129459517197;12290;454.86596825520132;12290;9.500106814783166;12290;9.628894924771874;12290;83.779412213507484;12290;110.09857478560747
12300;142.65572069460129;12300;91.665395062105176;12300;12.927640614032409;12300;455.18225098977075;12300;9.500106814783166;12300;9.6322519608142336;12300;83.6939603869747;12300;110.19623401593066
12310;142.66792809839168;12310;91.787469100009162;12310;13.0497146519364;12310;455.65667509162483;12310;9.500106814783166;12310;9.628894924771874;12310;83.6939603869747;12310;110.25727103488265
12320;142.76558732871487;12320;91.848506118961154;12320;13.0497146519364;12320;455.9729578261942;12320;9.500106814783166;12320;9.6334727011932735;12320;83.767204809717086;12320;110.22064882351145
12330;142.93649098178045;12330;91.811883907589959;12330;12.939848017822811;12330;456.21016987712147;12330;9.500106814783166;12330;9.6276741843928342;12330;83.7061677907651;12330;110.14740440076906
12340;142.86324655903806;12340;91.836298715170756;12340;12.854396191290018;12340;456.60552329533323;12340;9.500106814783166;12340;9.6340830713827934;12340;83.779412213507484;12340;110.13519699697866
12350;142.82662434766686;12350;91.848506118961154;12350;12.866603595080417;12350;457.04041205536612;12350;9.500106814783166;12350;9.6249275185399945;12350;83.791619617297883;12350;110.06195257423627
12360;142.82662434766686;12360;91.860713522751553;12360;12.95205542161321;12360;457.39623013175674;12360;9.500106814783166;12360;9.6310312204351938;12360;83.791619617297883;12360;110.04974517044587
12370;142.87545396282846;12370;91.909543137913147;12370;13.037507248146001;12370;457.71251286632616;12370;9.500106814783166;12370;9.628894924771874;12370;83.791619617297883;12370;109.98870815149388
12380;142.97311319315165;12380;91.921750541703545;12380;13.0497146519364;12380;458.06833094271673;12380;9.500106814783166;12380;9.629200109866634;12380;83.7061677907651;12380;109.97650074770348
12390;142.86324655903806;12390;91.848506118961154;12390;12.976470229194007;12390;458.50321970274973;12390;9.500106814783166;12390;9.629200109866634;12390;83.81603442487868;12390;109.98870815149388
12400;142.82662434766686;12400;91.763054292428365;12400;13.037507248146001;12400;458.8985731209616;12400;9.500106814783166;12400;9.6276741843928342;12400;83.742790002136289;12400;110.02533036286508
12410;142.64351329081089;12410;91.775261696218763;12410;13.013092440565202;12410;459.29392653917341;12410;9.500106814783166;12410;9.6328623310037536;12410;83.779412213507484;12410;110.07415997802667
12420;142.86324655903806;12420;91.860713522751553;12420;12.988677632984405;12420;459.7288152992063;12420;9.500106814783166;12420;9.6273689992980742;12420;83.852656636249876;12420;110.00091555528428
12430;142.88766136661886;12430;91.946165349284342;12430;12.927640614032409;12430;460.08463337559687;12430;9.500106814783166;12430;9.6343882564775534;12430;83.7061677907651;12430;110.07415997802667
12440;142.82662434766686;12440;91.909543137913147;12440;12.95205542161321;12440;460.40091611016629;12440;9.500106814783166;12440;9.6282845545823541;12440;83.779412213507484;12440;110.11078218939787
12450;142.82662434766686;12450;91.836298715170756;12450;13.061922055726798;12450;460.75673418655691;12450;9.500106814783166;12450;9.6334727011932735;12450;83.81603442487868;12450;110.01312295907468
12460;142.86324655903806;12460;91.872920926541951;12460;12.891018402661214;12460;461.11255226294753;12460;9.500106814783166;12460;9.6282845545823541;12460;83.6573381756035;12460;110.02533036286508
12470;143.00973540452284;12470;91.897335734122748;12470;12.976470229194007;12470;461.50790568115929;12470;9.500106814783166;12470;9.6301156651509139;12470;83.7061677907651;12470;109.98870815149388
12480;142.97311319315165;12480;91.811883907589959;12480;13.074129459517197;12480;461.78465307390752;12480;9.500106814783166;12480;9.6276741843928342;12480;83.779412213507484;12480;109.92767113254189
12490;142.96090578936125;12490;91.836298715170756;12490;12.976470229194007;12490;462.14047115029814;12490;9.500106814783166;12490;9.6273689992980742;12490;83.840449232459477;12490;110.01312295907468
12500;142.83883175145726;12500;91.909543137913147;12500;12.939848017822811;12500;462.61489525215228;12500;9.500106814783166;12500;9.6322519608142336;12500;83.81603442487868;12500;110.01312295907468
12510;142.92428357799005;12510;92.007202368236349;12510;12.878810998870815;12510;463.04978401218517;12510;9.500106814783166;12510;9.6276741843928342;12510;83.73058259834589;12510;109.98870815149388
12520;142.82662434766686;12520;91.933957945493944;12520;12.866603595080417;12520;463.32653140493341;12520;9.500106814783166;12520;9.6337778862880334;12520;83.6817529831843;12520;109.97650074770348
12530;142.93649098178045;12530;91.824091311380357;12530;13.037507248146001;12530;463.682349481324;12530;9.500106814783166;12530;9.629505294961394;12530;83.7061677907651;12530;109.96429334391308
12540;142.85103915524766;12540;91.897335734122748;12540;13.061922055726798;12540;464.07770289953589;12540;9.500106814783166;12540;9.6362193670461131;12540;83.877071443830673;12540;110.02533036286508
12550;142.76558732871487;12550;91.946165349284342;12550;12.878810998870815;12550;464.47305631774771;12550;9.500106814783166;12550;9.629200109866634;12550;83.889278847621071;12550;110.04974517044587
12560;142.85103915524766;12560;91.994994964445951;12560;12.829981383709219;12560;464.94748041960185;12560;9.500106814783166;12560;9.6334727011932735;12560;83.877071443830673;12560;109.90325632496109
12570;142.87545396282846;12570;91.872920926541951;12570;12.927640614032409;12570;465.46143986327712;12570;9.500106814783166;12570;9.628894924771874;12570;83.828241828669078;12570;109.8055970946379
12580;142.94869838557085;12580;91.848506118961154;12580;12.95205542161321;12580;465.77772259784649;12580;9.500106814783166;12580;9.628894924771874;12580;83.779412213507484;12580;109.95208594012269
12590;142.80220954008607;12590;91.897335734122748;12590;12.964262825403608;12590;465.97539930695234;12590;9.500106814783166;12590;9.6313364055299537;12590;83.779412213507484;12590;109.96429334391308
12600;142.68013550218208;12600;91.946165349284342;12600;13.0497146519364;12600;466.37075272516427;12600;9.500106814783166;12600;9.6282845545823541;12600;83.742790002136289;12600;109.95208594012269
12610;142.64351329081089;12610;91.909543137913147;12610;13.061922055726798;12610;466.68703545973369;12610;9.500106814783166;12610;9.6346934415723133;12610;83.754997405926687;12610;110.02533036286508
12620;142.77779473250527;12620;91.860713522751553;12620;12.927640614032409;12620;467.00331819430306;12620;9.500106814783166;12620;9.6310312204351938;12620;83.779412213507484;12620;110.01312295907468
12630;142.77779473250527;12630;91.872920926541951;12630;12.866603595080417;12630;467.35913627069368;12630;9.500106814783166;12630;9.6353038117618333;12630;83.6939603869747;12630;110.02533036286508
12640;142.79000213629567;12640;91.872920926541951;12640;12.95205542161321;12640;467.79402503072669;12640;9.500106814783166;12640;9.6258430738242744;12640;83.6939603869747;12640;109.97650074770348
12650;142.85103915524766;12650;91.933957945493944;12650;12.988677632984405;12650;468.22891379075963;12650;9.500106814783166;12650;9.6313364055299537;12650;83.6939603869747;12650;109.95208594012269
12660;142.79000213629567;12660;91.909543137913147;12660;12.988677632984405;12660;468.54519652532906;12660;9.500106814783166;12660;9.6273689992980742;12660;83.6939603869747;12660;109.95208594012269
12670;142.76558732871487;12670;91.897335734122748;12670;12.976470229194007;12670;468.98008528536195;12670;9.500106814783166;12670;9.6301156651509139;12670;83.779412213507484;12670;109.8666341135899
12680;142.69234290597248;12680;91.811883907589959;12680;12.976470229194007;12680;469.33590336175251;12680;9.500106814783166;12680;9.6316415906247137;12680;83.6451307718131;12680;109.89104892117069
12690;142.74117252113408;12690;91.811883907589959;12690;13.0497146519364;12690;469.81032746360671;12690;9.500106814783166;12690;9.629200109866634;12690;83.742790002136289;12690;109.90325632496109
12700;142.66792809839168;12700;91.872920926541951;12700;13.086336863307595;12700;470.04753951453375;12700;9.500106814783166;12700;9.6334727011932735;12700;83.913693655201868;12700;109.8178044984283
12710;142.70455030976288;12710;91.836298715170756;12710;13.074129459517197;12710;470.44289293274551;12710;9.500106814783166;12710;9.6301156651509139;12710;83.828241828669078;12710;109.87884151738029
12720;142.72896511734368;12720;91.848506118961154;12720;13.025299844355601;12720;470.83824635095732;12720;9.500106814783166;12720;9.6359141819513532;12720;83.6817529831843;12720;109.96429334391308
12730;142.82662434766686;12730;91.909543137913147;12730;13.025299844355601;12730;471.19406442734794;12730;9.500106814783166;12730;9.6258430738242744;12730;83.7061677907651;12730;110.06195257423627
12740;142.92428357799005;12740;91.921750541703545;12740;12.988677632984405;12740;471.628953187381;12740;9.500106814783166;12740;9.6313364055299537;12740;83.779412213507484;12740;110.01312295907468
12750;142.91207617419965;12750;91.860713522751553;12750;12.95205542161321;12750;471.98477126377151;12750;9.500106814783166;12750;9.6273689992980742;12750;83.864864040040274;12750;109.90325632496109
12760;142.87545396282846;12760;91.775261696218763;12760;13.037507248146001;12760;472.38012468198332;12760;9.500106814783166;12760;9.6316415906247137;12760;83.889278847621071;12760;110.00091555528428
12770;142.86324655903806;12770;91.824091311380357;12770;13.0497146519364;12770;472.77547810019507;12770;9.500106814783166;12770;9.6307260353404338;12770;83.754997405926687;12770;109.97650074770348
12780;142.85103915524766;12780;91.860713522751553;12780;13.013092440565202;12780;473.17083151840689;12780;9.500106814783166;12780;9.629505294961394;12780;83.779412213507484;12780;109.89104892117069
12790;142.69234290597248;12790;91.763054292428365;12790;12.988677632984405;12790;473.60572027843978;12790;9.500106814783166;12790;9.6319467757194737;12790;83.742790002136289;12790;109.92767113254189
12800;142.79000213629567;12800;91.738639484847567;12800;13.074129459517197;12800;474.00107369665153;12800;9.500106814783166;12800;9.6276741843928342;12800;83.754997405926687;12800;109.92767113254189
12810;142.75337992492447;12810;91.824091311380357;12810;13.147373882259592;12810;474.27782108939977;12810;9.500106814783166;12810;9.6337778862880334;12810;83.81603442487868;12810;109.91546372875149
12820;142.76558732871487;12820;91.921750541703545;12820;13.208410901211584;12820;474.71270984943277;12820;9.500106814783166;12820;9.629200109866634;12820;83.791619617297883;12820;109.92767113254189
12830;142.77779473250527;12830;91.848506118961154;12830;13.074129459517197;12830;475.10806326764452;12830;9.500106814783166;12830;9.6353038117618333;12830;83.791619617297883;12830;109.97650074770348
12840;142.75337992492447;12840;91.897335734122748;12840;12.891018402661214;12840;475.34527531857157;12840;9.500106814783166;12840;9.6276741843928342;12840;83.791619617297883;12840;110.08636738181707
12850;142.80220954008607;12850;91.933957945493944;12850;12.95205542161321;12850;475.70109339496219;12850;9.500106814783166;12850;9.6331675160985135;12850;83.742790002136289;12850;110.06195257423627
12860;142.85103915524766;12860;91.824091311380357;12860;13.013092440565202;12860;476.096446813174;12860;9.500106814783166;12860;9.629200109866634;12860;83.6573381756035;12860;109.8422193060091
12870;142.77779473250527;12870;91.836298715170756;12870;12.988677632984405;12870;476.45226488956467;12870;9.500106814783166;12870;9.6301156651509139;12870;83.6939603869747;12870;109.91546372875149
12880;142.66792809839168;12880;91.872920926541951;12880;12.988677632984405;12880;476.84761830777649;12880;9.500106814783166;12880;9.6334727011932735;12880;83.6573381756035;12880;110.00091555528428
12890;142.69234290597248;12890;91.775261696218763;12890;12.964262825403608;12890;477.28250706780938;12890;9.500106814783166;12890;9.6298104800561539;12890;83.6939603869747;12890;109.97650074770348
12900;142.68013550218208;12900;91.750846888637966;12900;12.964262825403608;12900;477.59878980237875;12900;9.500106814783166;12900;9.6343882564775534;12900;83.840449232459477;12900;110.01312295907468
12910;142.85103915524766;12910;91.848506118961154;12910;13.013092440565202;12910;477.95460787876937;12910;9.500106814783166;12910;9.6285897396771141;12910;83.852656636249876;12910;109.97650074770348
12920;142.74117252113408;12920;91.775261696218763;12920;13.0497146519364;12920;478.27089061333879;12920;9.500106814783166;12920;9.6337778862880334;12920;83.7061677907651;12920;109.92767113254189
12930;142.60689107943969;12930;91.677602465895575;12930;13.086336863307595;12930;478.66624403155055;12930;9.500106814783166;12930;9.6252327036347545;12930;83.6939603869747;12930;109.95208594012269
12940;142.61909848323009;12940;91.738639484847567;12940;13.122959074678791;12940;479.14066813340486;12940;9.500106814783166;12940;9.6310312204351938;12940;83.828241828669078;12940;109.8666341135899
12950;142.79000213629567;12950;91.763054292428365;12950;13.122959074678791;12950;479.41741552615304;12950;9.500106814783166;12950;9.629505294961394;12950;83.6939603869747;12950;109.7567674794763
12960;142.79000213629567;12960;91.750846888637966;12960;12.988677632984405;12960;479.81276894436485;12960;9.500106814783166;12960;9.6313364055299537;12960;83.6207159642323;12960;109.89104892117069
12970;142.77779473250527;12970;91.726432081057169;12970;12.915433210242011;12970;480.20812236257666;12970;9.500106814783166;12970;9.629200109866634;12970;83.754997405926687;12970;109.91546372875149
12980;142.93649098178045;12980;91.872920926541951;12980;12.964262825403608;12980;480.56394043896722;12980;9.500106814783166;12980;9.628894924771874;12980;83.852656636249876;12980;109.8422193060091
12990;142.69234290597248;12990;91.921750541703545;12990;12.939848017822811;12990;480.88022317353665;12990;9.500106814783166;12990;9.6331675160985135;12990;83.840449232459477;12990;109.8300119022187
13000;142.79000213629567;13000;91.848506118961154;13000;12.988677632984405;13000;481.27557659174835;13000;9.500106814783166;13000;9.6282845545823541;13000;83.767204809717086;13000;109.8178044984283
13010;142.79000213629567;13010;91.848506118961154;13010;13.061922055726798;13010;481.71046535178135;13010;9.500106814783166;13010;9.6340830713827934;13010;83.6451307718131;13010;109.90325632496109
13020;142.88766136661886;13020;91.909543137913147;13020;12.891018402661214;13020;481.94767740270839;13020;9.500106814783166;13020;9.6285897396771141;13020;83.6817529831843;13020;109.96429334391308
13030;142.88766136661886;13030;91.946165349284342;13030;12.915433210242011;13030;482.38256616274134;13030;9.500106814783166;13030;9.6331675160985135;13030;83.840449232459477;13030;109.89104892117069
13040;142.82662434766686;13040;91.921750541703545;13040;13.025299844355601;13040;482.73838423913196;13040;9.500106814783166;13040;9.6261482589190344;13040;83.791619617297883;13040;109.8666341135899
13050;142.82662434766686;13050;91.909543137913147;13050;12.964262825403608;13050;483.29187902462843;13050;9.500106814783166;13050;9.6310312204351938;13050;83.754997405926687;13050;109.92767113254189
13060;142.75337992492447;13060;91.897335734122748;13060;12.988677632984405;13060;483.6081617591978;13060;9.500106814783166;13060;9.6301156651509139;13060;83.754997405926687;13060;109.90325632496109
13070;142.72896511734368;13070;92.007202368236349;13070;12.927640614032409;13070;483.96397983558842;13070;9.500106814783166;13070;9.6301156651509139;13070;83.779412213507484;13070;109.7933896908475
13080;142.64351329081089;13080;92.031617175817146;13080;12.964262825403608;13080;484.39886859562148;13080;9.500106814783166;13080;9.6322519608142336;13080;83.828241828669078;13080;109.8300119022187
13090;142.70455030976288;13090;91.921750541703545;13090;12.964262825403608;13090;484.79422201383329;13090;9.500106814783166;13090;9.6285897396771141;13090;83.840449232459477;13090;109.89104892117069
13100;142.72896511734368;13100;91.897335734122748;13100;12.878810998870815;13100;485.11050474840272;13100;9.500106814783166;13100;9.6340830713827934;13100;83.779412213507484;13100;109.8300119022187
13110;142.79000213629567;13110;91.872920926541951;13110;12.964262825403608;13110;485.46632282479328;13110;9.500106814783166;13110;9.629505294961394;13110;83.742790002136289;13110;109.8666341135899
13120;142.70455030976288;13120;91.933957945493944;13120;13.025299844355601;13120;485.90121158482617;13120;9.500106814783166;13120;9.6343882564775534;13120;83.7061677907651;13120;109.8300119022187
13130;142.74117252113408;13130;92.007202368236349;13130;12.976470229194007;13130;486.25702966121679;13130;9.500106814783166;13130;9.6264534440137943;13130;83.6573381756035;13130;109.7445600756859
13140;142.74117252113408;13140;91.933957945493944;13140;12.927640614032409;13140;486.61284773760741;13140;9.500106814783166;13140;9.6322519608142336;13140;83.7061677907651;13140;109.8178044984283
13150;142.69234290597248;13150;91.897335734122748;13150;12.964262825403608;13150;486.968665813998;13150;9.500106814783166;13150;9.629200109866634;13150;83.864864040040274;13150;109.7933896908475
13160;142.75337992492447;13160;91.933957945493944;13160;12.964262825403608;13160;487.403554574031;13160;9.500106814783166;13160;9.6307260353404338;13160;83.877071443830673;13160;109.78118228705711
13170;142.80220954008607;13170;91.836298715170756;13170;12.976470229194007;13170;487.68030196677921;13170;9.500106814783166;13170;9.6337778862880334;13170;83.6939603869747;13170;109.97650074770348
13180;142.87545396282846;13180;91.787469100009162;13180;13.074129459517197;13180;488.07565538499097;13180;9.500106814783166;13180;9.6313364055299537;13180;83.7061677907651;13180;110.04974517044587
13190;142.76558732871487;13190;91.824091311380357;13190;13.074129459517197;13190;488.43147346138159;13190;9.500106814783166;13190;9.6334727011932735;13190;83.779412213507484;13190;109.90325632496109
13200;142.66792809839168;13200;91.860713522751553;13200;12.988677632984405;13200;488.86636222141448;13200;9.500106814783166;13200;9.6276741843928342;13200;83.754997405926687;13200;109.7933896908475
13210;142.54585406048767;13210;91.872920926541951;13210;12.939848017822811;13210;489.22218029780515;13210;9.500106814783166;13210;9.6340830713827934;13210;83.779412213507484;13210;109.7445600756859
13220;142.68013550218208;13220;91.848506118961154;13220;12.915433210242011;13220;489.53846303237458;13220;9.500106814783166;13220;9.6249275185399945;13220;83.840449232459477;13220;109.8422193060091
13230;142.66792809839168;13230;91.933957945493944;13230;12.817773979918821;13230;489.854745766944;13230;9.500106814783166;13230;9.6316415906247137;13230;83.864864040040274;13230;109.8666341135899
13240;142.65572069460129;13240;91.848506118961154;13240;12.988677632984405;13240;490.17102850151349;13240;9.500106814783166;13240;9.6310312204351938;13240;83.791619617297883;13240;109.78118228705711
13250;142.82662434766686;13250;91.848506118961154;13250;13.122959074678791;13250;490.56638191972519;13250;9.500106814783166;13250;9.6322519608142336;13250;83.742790002136289;13250;109.8422193060091
13260;142.83883175145726;13260;91.872920926541951;13260;13.0497146519364;13260;490.961735337937;13260;9.500106814783166;13260;9.629200109866634;13260;83.779412213507484;13260;109.92767113254189
13270;142.85103915524766;13270;91.994994964445951;13270;13.013092440565202;13270;491.39662409796995;13270;9.500106814783166;13270;9.628894924771874;13270;83.791619617297883;13270;110.00091555528428
13280;142.77779473250527;13280;92.080446790978741;13280;12.927640614032409;13280;491.71290683253949;13280;9.500106814783166;13280;9.6343882564775534;13280;83.791619617297883;13280;109.90325632496109
13290;142.75337992492447;13290;91.824091311380357;13290;12.964262825403608;13290;492.10826025075124;13290;9.500106814783166;13290;9.6282845545823541;13290;83.828241828669078;13290;109.7933896908475
13300;142.61909848323009;13300;91.775261696218763;13300;13.135166478469193;13300;492.54314901078413;13300;9.500106814783166;13300;9.6322519608142336;13300;83.6817529831843;13300;109.89104892117069
13310;142.76558732871487;13310;91.933957945493944;13310;13.110751670888392;13310;492.85943174535356;13310;9.500106814783166;13310;9.629505294961394;13310;83.754997405926687;13310;109.89104892117069
13320;142.76558732871487;13320;91.982787560655538;13320;13.013092440565202;13320;493.21524982174418;13320;9.500106814783166;13320;9.6362193670461131;13320;83.938108462782665;13320;109.90325632496109
13330;142.69234290597248;13330;91.909543137913147;13330;13.074129459517197;13330;493.53153255631361;13330;9.500106814783166;13330;9.6276741843928342;13330;83.913693655201868;13330;109.87884151738029
13340;142.86324655903806;13340;91.811883907589959;13340;13.025299844355601;13340;493.96642131634655;13340;9.500106814783166;13340;9.6319467757194737;13340;83.840449232459477;13340;109.7323526718955
13350;142.75337992492447;13350;91.811883907589959;13350;12.915433210242011;13350;494.282704050916;13350;9.500106814783166;13350;9.6307260353404338;13350;83.791619617297883;13350;109.8055970946379
13360;142.65572069460129;13360;91.848506118961154;13360;12.988677632984405;13360;494.67805746912779;13360;9.500106814783166;13360;9.6301156651509139;13360;83.791619617297883;13360;109.95208594012269
13370;142.64351329081089;13370;91.872920926541951;13370;13.025299844355601;13370;495.07341088733955;13370;9.500106814783166;13370;9.6337778862880334;13370;83.81603442487868;13370;109.87884151738029
13380;142.82662434766686;13380;91.872920926541951;13380;13.061922055726798;13380;495.46876430555125;13380;9.500106814783166;13380;9.6307260353404338;13380;83.913693655201868;13380;109.87884151738029
13390;142.69234290597248;13390;91.750846888637966;13390;13.0497146519364;13390;495.82458238194187;13390;9.500106814783166;13390;9.6340830713827934;13390;83.81603442487868;13390;109.89104892117069
13400;142.74117252113408;13400;91.811883907589959;13400;12.988677632984405;13400;496.18040045833243;13400;9.500106814783166;13400;9.6282845545823541;13400;83.7061677907651;13400;109.8422193060091
13410;142.80220954008607;13410;91.824091311380357;13410;12.988677632984405;13410;496.61528921836543;13410;9.500106814783166;13410;9.6346934415723133;13410;83.779412213507484;13410;109.8422193060091
13420;142.82662434766686;13420;91.775261696218763;13420;12.976470229194007;13420;496.97110729475611;13420;9.500106814783166;13420;9.628894924771874;13420;83.81603442487868;13420;109.8666341135899
13430;142.80220954008607;13430;91.750846888637966;13430;12.891018402661214;13430;497.40599605478911;13430;9.500106814783166;13430;9.6328623310037536;13430;83.767204809717086;13430;109.8178044984283
13440;142.66792809839168;13440;91.738639484847567;13440;12.927640614032409;13440;497.76181413117973;13440;9.500106814783166;13440;9.6285897396771141;13440;83.742790002136289;13440;109.7445600756859
13450;142.65572069460129;13450;91.946165349284342;13450;12.939848017822811;13450;498.15716754939143;13450;9.500106814783166;13450;9.6307260353404338;13450;83.791619617297883;13450;109.8300119022187
13460;142.75337992492447;13460;92.007202368236349;13460;12.891018402661214;13460;498.512985625782;13460;9.500106814783166;13460;9.6310312204351938;13460;83.852656636249876;13460;109.90325632496109
13470;142.94869838557085;13470;91.921750541703545;13470;12.976470229194007;13470;498.86880370217261;13470;9.500106814783166;13470;9.629200109866634;13470;83.754997405926687;13470;109.91546372875149
13480;142.82662434766686;13480;91.848506118961154;13480;12.976470229194007;13480;499.26415712038448;13480;9.500106814783166;13480;9.6334727011932735;13480;83.81603442487868;13480;109.91546372875149
13490;142.87545396282846;13490;91.909543137913147;13490;12.964262825403608;13490;499.54090451313272;13490;9.500106814783166;13490;9.6298104800561539;13490;83.974730674153861;13490;109.90325632496109
13500;142.83883175145726;13500;91.921750541703545;13500;12.95205542161321;13500;499.93625793134453;13500;9.500106814783166;13500;9.6362193670461131;13500;83.791619617297883;13500;109.92767113254189
13510;142.86324655903806;13510;91.824091311380357;13510;13.025299844355601;13510;500.29207600773509;13510;9.500106814783166;13510;9.6276741843928342;13510;83.73058259834589;13510;109.90325632496109
13520;142.79000213629567;13520;91.677602465895575;13520;12.964262825403608;13520;500.64789408412571;13520;9.500106814783166;13520;9.6331675160985135;13520;83.779412213507484;13520;109.7567674794763
13530;142.66792809839168;13530;91.726432081057169;13530;12.964262825403608;13530;501.04324750233752;13530;9.500106814783166;13530;9.6273689992980742;13530;83.6695455793939;13530;109.7079378643147
13540;142.76558732871487;13540;91.872920926541951;13540;13.025299844355601;13540;501.43860092054928;13540;9.500106814783166;13540;9.6313364055299537;13540;83.6451307718131;13540;109.89104892117069
13550;142.82662434766686;13550;91.860713522751553;13550;12.976470229194007;13550;501.7548836551187;13550;9.500106814783166;13550;9.6319467757194737;13550;83.779412213507484;13550;109.8055970946379
13560;142.82662434766686;13560;91.933957945493944;13560;13.086336863307595;13560;502.11070173150932;13560;9.500106814783166;13560;9.6301156651509139;13560;83.840449232459477;13560;109.64690084536271
13570;142.77779473250527;13570;91.921750541703545;13570;13.061922055726798;13570;502.506055149721;13570;9.500106814783166;13570;9.6316415906247137;13570;83.828241828669078;13570;109.7079378643147
13580;142.79000213629567;13580;91.775261696218763;13580;12.927640614032409;13580;502.90140856793278;13580;9.500106814783166;13580;9.6276741843928342;13580;83.840449232459477;13580;109.8178044984283
13590;142.72896511734368;13590;91.726432081057169;13590;12.854396191290018;13590;503.2176913025022;13590;9.500106814783166;13590;9.6340830713827934;13590;83.864864040040274;13590;109.8178044984283
13600;142.83883175145726;13600;91.787469100009162;13600;12.927640614032409;13600;503.53397403707163;13600;9.500106814783166;13600;9.6273689992980742;13600;83.864864040040274;13600;109.7567674794763
13610;142.74117252113408;13610;91.811883907589959;13610;12.964262825403608;13610;504.00839813892577;13610;9.500106814783166;13610;9.6337778862880334;13610;83.852656636249876;13610;109.7445600756859
13620;142.68013550218208;13620;91.763054292428365;13620;12.95205542161321;13620;504.28514553167412;13620;9.500106814783166;13620;9.6298104800561539;13620;83.81603442487868;13620;109.6957304605243
13630;142.59468367564929;13630;91.848506118961154;13630;13.061922055726798;13630;504.68049894988593;13630;9.500106814783166;13630;9.6340830713827934;13630;83.81603442487868;13630;109.63469344157231
13640;142.52143925290687;13640;91.921750541703545;13640;13.147373882259592;13640;505.03631702627649;13640;9.500106814783166;13640;9.6298104800561539;13640;83.864864040040274;13640;109.7079378643147
13650;142.70455030976288;13650;91.909543137913147;13650;13.122959074678791;13650;505.4316704444883;13650;9.500106814783166;13650;9.6301156651509139;13650;83.828241828669078;13650;109.7933896908475
13660;142.91207617419965;13660;91.860713522751553;13660;12.939848017822811;13660;505.8270238627;13660;9.500106814783166;13660;9.6310312204351938;13660;83.754997405926687;13660;109.8300119022187
13670;142.92428357799005;13670;91.909543137913147;13670;12.976470229194007;13670;506.22237728091181;13670;9.500106814783166;13670;9.6276741843928342;13670;83.742790002136289;13670;109.8178044984283
13680;142.79000213629567;13680;91.836298715170756;13680;13.110751670888392;13680;506.69680138276595;13680;9.500106814783166;13680;9.6356089968565932;13680;83.6939603869747;13680;109.7933896908475
13690;142.83883175145726;13690;91.787469100009162;13690;13.025299844355601;13690;507.01308411733544;13690;9.500106814783166;13690;9.6310312204351938;13690;83.6695455793939;13690;109.87884151738029
13700;142.76558732871487;13700;91.872920926541951;13700;13.013092440565202;13700;507.36890219372606;13700;9.500106814783166;13700;9.6346934415723133;13700;83.6573381756035;13700;109.8300119022187
13710;142.82662434766686;13710;91.738639484847567;13710;12.976470229194007;13710;507.72472027011668;13710;9.500106814783166;13710;9.6273689992980742;13710;83.6573381756035;13710;109.78118228705711
13720;142.70455030976288;13720;91.640980254524379;13720;12.781151768547625;13720;508.15960903014957;13720;9.500106814783166;13720;9.6334727011932735;13720;83.6207159642323;13720;109.7323526718955
13730;142.75337992492447;13730;91.689809869685973;13730;12.927640614032409;13730;508.51542710654013;13730;9.500106814783166;13730;9.6282845545823541;13730;83.535264137699514;13730;109.7201452681051
13740;142.85103915524766;13740;91.787469100009162;13740;13.074129459517197;13740;508.91078052475194;13740;9.500106814783166;13740;9.629200109866634;13740;83.6939603869747;13740;109.8178044984283
13750;142.68013550218208;13750;91.897335734122748;13750;12.927640614032409;13750;509.34566928478495;13750;9.500106814783166;13750;9.6282845545823541;13750;83.742790002136289;13750;109.91546372875149
13760;142.69234290597248;13760;91.860713522751553;13760;12.976470229194007;13760;509.7410227029967;13760;9.500106814783166;13760;9.6273689992980742;13760;83.6451307718131;13760;109.91546372875149
13770;142.68013550218208;13770;91.860713522751553;13770;13.135166478469193;13770;510.01777009574494;13770;9.500106814783166;13770;9.6346934415723133;13770;83.6207159642323;13770;109.8300119022187
13780;142.79000213629567;13780;91.909543137913147;13780;13.025299844355601;13780;510.37358817213556;13780;9.500106814783166;13780;9.6307260353404338;13780;83.6085085604419;13780;109.90325632496109
13790;142.77779473250527;13790;91.897335734122748;13790;13.013092440565202;13790;510.76894159034725;13790;9.500106814783166;13790;9.6346934415723133;13790;83.6451307718131;13790;110.00091555528428
13800;142.77779473250527;13800;91.848506118961154;13800;13.037507248146001;13800;511.164295008559;13800;9.500106814783166;13800;9.629200109866634;13800;83.6085085604419;13800;109.96429334391308
13810;142.75337992492447;13810;91.897335734122748;13810;13.037507248146001;13810;511.52011308494963;13810;9.500106814783166;13810;9.6359141819513532;13810;83.474227118747521;13810;109.87884151738029
13820;142.76558732871487;13820;91.921750541703545;13820;13.074129459517197;13820;511.8759311613403;13820;9.500106814783166;13820;9.6273689992980742;13820;83.510849330118717;13820;109.8178044984283
13830;142.74117252113408;13830;91.750846888637966;13830;13.013092440565202;13830;512.3503552631945;13830;9.500106814783166;13830;9.6301156651509139;13830;83.73058259834589;13830;109.95208594012269
13840;142.59468367564929;13840;91.665395062105176;13840;12.988677632984405;13840;512.70617333958512;13840;9.500106814783166;13840;9.6285897396771141;13840;83.742790002136289;13840;109.8666341135899
13850;142.72896511734368;13850;91.811883907589959;13850;13.037507248146001;13850;513.02245607415455;13850;9.500106814783166;13850;9.6273689992980742;13850;83.73058259834589;13850;109.8055970946379
13860;142.80220954008607;13860;91.860713522751553;13860;13.0497146519364;13860;513.29920346690278;13860;9.500106814783166;13860;9.6337778862880334;13860;83.754997405926687;13860;109.87884151738029
13870;142.86324655903806;13870;91.811883907589959;13870;13.061922055726798;13870;513.65502154329329;13870;9.500106814783166;13870;9.6328623310037536;13870;83.6695455793939;13870;109.8178044984283
13880;142.77779473250527;13880;91.763054292428365;13880;12.988677632984405;13880;514.01083961968391;13880;9.500106814783166;13880;9.6362193670461131;13880;83.6573381756035;13880;109.7323526718955
13890;142.92428357799005;13890;91.689809869685973;13890;12.95205542161321;13890;514.40619303789572;13890;9.500106814783166;13890;9.6285897396771141;13890;83.6451307718131;13890;109.8178044984283
13900;142.83883175145726;13900;91.665395062105176;13900;13.037507248146001;13900;514.84108179792861;13900;9.500106814783166;13900;9.6346934415723133;13900;83.6573381756035;13900;109.89104892117069
13910;142.74117252113408;13910;91.750846888637966;13910;13.135166478469193;13910;515.19689987431923;13910;9.500106814783166;13910;9.6270638142033143;13910;83.571886349070709;13910;109.8178044984283
13920;142.68013550218208;13920;91.872920926541951;13920;13.061922055726798;13920;515.63178863435223;13920;9.500106814783166;13920;9.6322519608142336;13920;83.6085085604419;13920;109.7933896908475
13930;142.55806146427807;13930;91.872920926541951;13930;12.964262825403608;13930;515.98760671074285;13930;9.500106814783166;13930;9.629505294961394;13930;83.742790002136289;13930;109.7323526718955
13940;142.61909848323009;13940;91.860713522751553;13940;13.061922055726798;13940;516.38296012895455;13940;9.500106814783166;13940;9.6307260353404338;13940;83.73058259834589;13940;109.7933896908475
13950;142.66792809839168;13950;91.836298715170756;13950;13.122959074678791;13950;516.69924286352386;13950;9.500106814783166;13950;9.6331675160985135;13950;83.6695455793939;13950;109.91546372875149
13960;142.74117252113408;13960;91.665395062105176;13960;13.086336863307595;13960;517.09459628173579;13960;9.500106814783166;13960;9.6276741843928342;13960;83.584093752861108;13960;110.00091555528428
13970;142.55806146427807;13970;91.640980254524379;13970;13.0497146519364;13970;517.4899496999476;13970;9.500106814783166;13970;9.6331675160985135;13970;83.6573381756035;13970;110.06195257423627
13980;142.66792809839168;13980;91.71422467726677;13980;13.0497146519364;13980;517.88530311815941;13980;9.500106814783166;13980;9.6307260353404338;13980;83.742790002136289;13980;110.01312295907468
13990;142.65572069460129;13990;91.726432081057169;13990;12.915433210242011;13990;518.28065653637111;13990;9.500106814783166;13990;9.6343882564775534;13990;83.6085085604419;13990;109.87884151738029
14000;142.72896511734368;14000;91.860713522751553;14000;12.842188787499619;14000;518.55740392911935;14000;9.500106814783166;14000;9.6264534440137943;14000;83.510849330118717;14000;109.8300119022187
14010;142.91207617419965;14010;91.811883907589959;14010;12.866603595080417;14010;518.91322200551;14010;9.500106814783166;14010;9.6337778862880334;14010;83.6085085604419;14010;109.8666341135899
14020;142.74117252113408;14020;91.689809869685973;14020;12.988677632984405;14020;519.30857542372178;14020;9.500106814783166;14020;9.6276741843928342;14020;83.6085085604419;14020;109.8055970946379
14030;142.70455030976288;14030;91.775261696218763;14030;13.061922055726798;14030;519.6643935001124;14030;9.500106814783166;14030;9.6298104800561539;14030;83.6695455793939;14030;109.8178044984283
14040;142.74117252113408;14040;91.811883907589959;14040;13.037507248146001;14040;520.05974691832409;14040;9.500106814783166;14040;9.6307260353404338;14040;83.6817529831843;14040;109.8666341135899
14050;142.75337992492447;14050;91.750846888637966;14050;13.135166478469193;14050;520.45510033653591;14050;9.500106814783166;14050;9.6261482589190344;14050;83.7061677907651;14050;109.91546372875149
14060;142.74117252113408;14060;91.640980254524379;14060;13.183996093630787;14060;520.85045375474772;14060;9.500106814783166;14060;9.6313364055299537;14060;83.73058259834589;14060;109.95208594012269
14070;142.86324655903806;14070;91.604358043153184;14070;13.245033112582782;14070;521.28534251478072;14070;9.500106814783166;14070;9.6307260353404338;14070;83.742790002136289;14070;109.8666341135899
14080;142.77779473250527;14080;91.604358043153184;14080;13.208410901211584;14080;521.64116059117134;14080;9.500106814783166;14080;9.6359141819513532;14080;83.7061677907651;14080;109.7933896908475
14090;142.77779473250527;14090;91.750846888637966;14090;12.878810998870815;14090;521.95744332574077;14090;9.500106814783166;14090;9.6285897396771141;14090;83.6451307718131;14090;109.7323526718955
14100;142.83883175145726;14100;91.824091311380357;14100;12.939848017822811;14100;522.2737260603102;14100;9.500106814783166;14100;9.6334727011932735;14100;83.6817529831843;14100;109.7445600756859
14110;142.76558732871487;14110;91.824091311380357;14110;13.110751670888392;14110;522.51093811123724;14110;9.500106814783166;14110;9.6258430738242744;14110;83.6939603869747;14110;109.8422193060091
14120;142.58247627185889;14120;91.811883907589959;14120;12.927640614032409;14120;522.86675618762786;14120;9.500106814783166;14120;9.6310312204351938;14120;83.6695455793939;14120;109.8178044984283
14130;142.54585406048767;14130;91.71422467726677;14130;12.927640614032409;14130;523.34118028948194;14130;9.500106814783166;14130;9.6319467757194737;14130;83.559678945280311;14130;109.7445600756859
14140;142.72896511734368;14140;91.824091311380357;14140;13.013092440565202;14140;523.69699836587245;14140;9.500106814783166;14140;9.6310312204351938;14140;83.523056733909115;14140;109.8422193060091
14150;142.92428357799005;14150;91.738639484847567;14150;12.988677632984405;14150;524.01328110044187;14150;9.500106814783166;14150;9.6316415906247137;14150;83.571886349070709;14150;109.7445600756859
14160;142.86324655903806;14160;91.665395062105176;14160;12.964262825403608;14160;524.36909917683249;14160;9.500106814783166;14160;9.6282845545823541;14160;83.6573381756035;14160;109.78118228705711
14170;142.76558732871487;14170;91.775261696218763;14170;12.95205542161321;14170;524.8039879368655;14170;9.500106814783166;14170;9.6346934415723133;14170;83.6207159642323;14170;109.92767113254189
14180;142.87545396282846;14180;91.836298715170756;14180;13.013092440565202;14180;525.04119998779254;14180;9.500106814783166;14180;9.6282845545823541;14180;83.6817529831843;14180;109.90325632496109
14190;142.66792809839168;14190;91.811883907589959;14190;13.037507248146001;14190;525.47608874782554;14190;9.500106814783166;14190;9.6346934415723133;14190;83.754997405926687;14190;109.97650074770348
14200;142.61909848323009;14200;91.71422467726677;14200;12.939848017822811;14200;525.83190682421616;14200;9.500106814783166;14200;9.6270638142033143;14200;83.754997405926687;14200;109.96429334391308
14210;142.74117252113408;14210;91.775261696218763;14210;12.964262825403608;14210;526.30633092607036;14210;9.500106814783166;14210;9.6310312204351938;14210;83.754997405926687;14210;109.92767113254189
14220;142.82662434766686;14220;91.909543137913147;14220;12.964262825403608;14220;526.662149002461;14220;9.500106814783166;14220;9.6307260353404338;14220;83.6695455793939;14220;109.8300119022187
14230;142.82662434766686;14230;91.933957945493944;14230;12.939848017822811;14230;527.01796707885148;14230;9.500106814783166;14230;9.6310312204351938;14230;83.6085085604419;14230;109.8300119022187
14240;142.70455030976288;14240;91.787469100009162;14240;12.988677632984405;14240;527.3737851552421;14240;9.500106814783166;14240;9.6307260353404338;14240;83.6451307718131;14240;109.87884151738029
14250;142.79000213629567;14250;91.811883907589959;14250;12.939848017822811;14250;527.808673915275;14250;9.500106814783166;14250;9.6285897396771141;14250;83.6085085604419;14250;109.8422193060091
14260;142.75337992492447;14260;91.921750541703545;14260;12.964262825403608;14260;528.12495664984442;14260;9.500106814783166;14260;9.6322519608142336;14260;83.559678945280311;14260;109.8178044984283
14270;142.79000213629567;14270;91.836298715170756;14270;13.061922055726798;14270;528.480774726235;14270;9.500106814783166;14270;9.6276741843928342;14270;83.5963011566515;14270;109.8055970946379
14280;142.58247627185889;14280;91.775261696218763;14280;13.025299844355601;14280;528.83659280262566;14280;9.500106814783166;14280;9.6353038117618333;14280;83.6451307718131;14280;109.8178044984283
14290;142.69234290597248;14290;91.750846888637966;14290;12.964262825403608;14290;529.0738048535527;14290;9.500106814783166;14290;9.6273689992980742;14290;83.6451307718131;14290;109.87884151738029
14300;142.87545396282846;14300;91.763054292428365;14300;12.927640614032409;14300;529.46915827176451;14300;9.500106814783166;14300;9.6337778862880334;14300;83.73058259834589;14300;109.87884151738029
14310;142.74117252113408;14310;91.763054292428365;14310;12.915433210242011;14310;529.90404703179752;14310;9.500106814783166;14310;9.6307260353404338;14310;83.6207159642323;14310;109.7933896908475
14320;142.75337992492447;14320;91.640980254524379;14320;12.915433210242011;14320;530.33893579183041;14320;9.500106814783166;14320;9.6310312204351938;14320;83.498641926328318;14320;109.7567674794763
14330;142.82662434766686;14330;91.689809869685973;14330;12.927640614032409;14330;530.61568318457853;14330;9.500106814783166;14330;9.6301156651509139;14330;83.6451307718131;14330;109.7933896908475
14340;142.86324655903806;14340;91.787469100009162;14340;12.976470229194007;14340;530.9319659191483;14340;9.500106814783166;14340;9.6307260353404338;14340;83.767204809717086;14340;109.7079378643147
14350;142.72896511734368;14350;91.750846888637966;14350;12.95205542161321;14350;531.28778399553892;14350;9.500106814783166;14350;9.6334727011932735;14350;83.6939603869747;14350;109.7201452681051
14360;142.68013550218208;14360;91.738639484847567;14360;13.135166478469193;14360;531.68313741375073;14360;9.500106814783166;14360;9.6276741843928342;14360;83.6939603869747;14360;109.8055970946379
14370;142.61909848323009;14370;91.824091311380357;14370;13.15958128604999;14370;532.11802617378351;14370;9.500106814783166;14370;9.6337778862880334;14370;83.767204809717086;14370;109.7567674794763
14380;142.80220954008607;14380;91.763054292428365;14380;13.013092440565202;14380;532.55291493381651;14380;9.500106814783166;14380;9.6285897396771141;14380;83.742790002136289;14380;109.8178044984283
14390;142.83883175145726;14390;91.689809869685973;14390;12.988677632984405;14390;532.90873301020713;14390;9.500106814783166;14390;9.6343882564775534;14390;83.6939603869747;14390;109.96429334391308
14400;142.77779473250527;14400;91.811883907589959;14400;13.025299844355601;14400;533.22501574477656;14400;9.500106814783166;14400;9.629505294961394;14400;83.571886349070709;14400;109.96429334391308
14410;142.85103915524766;14410;91.689809869685973;14410;12.927640614032409;14410;533.65990450480956;14410;9.500106814783166;14410;9.6331675160985135;14410;83.571886349070709;14410;109.91546372875149
14420;142.82662434766686;14420;91.567735831781974;14420;12.842188787499619;14420;534.09479326484245;14420;9.500106814783166;14420;9.6285897396771141;14420;83.73058259834589;14420;109.8300119022187
14430;142.68013550218208;14430;91.640980254524379;14430;12.95205542161321;14430;534.45061134123307;14430;9.500106814783166;14430;9.6285897396771141;14430;83.73058259834589;14430;109.7933896908475
14440;142.61909848323009;14440;91.628772850733981;14440;12.939848017822811;14440;534.72735873398119;14440;9.500106814783166;14440;9.6328623310037536;14440;83.6451307718131;14440;109.8055970946379
14450;142.75337992492447;14450;91.640980254524379;14450;12.939848017822811;14450;535.122712152193;14450;9.500106814783166;14450;9.6298104800561539;14450;83.6573381756035;14450;109.78118228705711
14460;142.72896511734368;14460;91.579943235572372;14460;12.988677632984405;14460;535.557600912226;14460;9.500106814783166;14460;9.6334727011932735;14460;83.571886349070709;14460;109.78118228705711
14470;142.72896511734368;14470;91.71422467726677;14470;12.988677632984405;14470;535.95295433043793;14470;9.500106814783166;14470;9.6276741843928342;14470;83.559678945280311;14470;109.8055970946379
14480;142.70455030976288;14480;91.775261696218763;14480;12.829981383709219;14480;536.30877240682855;14480;9.500106814783166;14480;9.6343882564775534;14480;83.523056733909115;14480;109.7933896908475
14490;142.76558732871487;14490;91.604358043153184;14490;12.829981383709219;14490;536.5064491159344;14490;9.500106814783166;14490;9.6270638142033143;14490;83.437604907376326;14490;109.7323526718955
14500;142.76558732871487;14500;91.567735831781974;14500;12.939848017822811;14500;536.9018025341461;14500;9.500106814783166;14500;9.6331675160985135;14500;83.449812311166724;14500;109.78118228705711
14510;142.66792809839168;14510;91.677602465895575;14510;12.964262825403608;14510;537.336691294179;14510;9.500106814783166;14510;9.6313364055299537;14510;83.498641926328318;14510;109.89104892117069
14520;142.64351329081089;14520;91.811883907589959;14520;13.037507248146001;14520;537.7320447123908;14520;9.500106814783166;14520;9.6322519608142336;14520;83.584093752861108;14520;109.7933896908475
14530;142.60689107943969;14530;91.653187658314778;14530;13.037507248146001;14530;538.12739813060261;14530;9.500106814783166;14530;9.6313364055299537;14530;83.559678945280311;14530;109.87884151738029
14540;142.72896511734368;14540;91.653187658314778;14540;12.95205542161321;14540;538.52275154881443;14540;9.500106814783166;14540;9.629505294961394;14540;83.523056733909115;14540;109.98870815149388
14550;142.74117252113408;14550;91.689809869685973;14550;12.939848017822811;14550;538.878569625205;14550;9.500106814783166;14550;9.6334727011932735;14550;83.48643452253792;14550;109.89104892117069
14560;142.69234290597248;14560;91.653187658314778;14560;13.0497146519364;14560;539.23438770159555;14560;9.500106814783166;14560;9.628894924771874;14560;83.425397503585927;14560;109.95208594012269
14570;142.54585406048767;14570;91.628772850733981;14570;13.025299844355601;14570;539.66927646162844;14570;9.500106814783166;14570;9.6343882564775534;14570;83.48643452253792;14570;109.91546372875149
14580;142.60689107943969;14580;91.579943235572372;14580;13.061922055726798;14580;540.02509453801906;14580;9.500106814783166;14580;9.6270638142033143;14580;83.5963011566515;14580;109.87884151738029
14590;142.76558732871487;14590;91.604358043153184;14590;13.074129459517197;14590;540.42044795623087;14590;9.500106814783166;14590;9.6334727011932735;14590;83.571886349070709;14590;109.89104892117069
14600;142.87545396282846;14600;91.604358043153184;14600;12.915433210242011;14600;540.77626603262149;14600;9.500106814783166;14600;9.6267586291085543;14600;83.498641926328318;14600;109.87884151738029
14610;142.77779473250527;14610;91.71422467726677;14610;12.878810998870815;14610;541.2111547926545;14610;9.500106814783166;14610;9.6307260353404338;14610;83.571886349070709;14610;109.8178044984283
14620;142.65572069460129;14620;91.763054292428365;14620;12.939848017822811;14620;541.60650821086631;14620;9.500106814783166;14620;9.6319467757194737;14620;83.498641926328318;14620;109.8666341135899
14630;142.68013550218208;14630;91.677602465895575;14630;12.976470229194007;14630;541.96232628725693;14630;9.500106814783166;14630;9.6307260353404338;14630;83.425397503585927;14630;109.92767113254189
14640;142.75337992492447;14640;91.604358043153184;14640;13.025299844355601;14640;542.35767970546863;14640;9.500106814783166;14640;9.6337778862880334;14640;83.449812311166724;14640;109.95208594012269
14650;142.75337992492447;14650;91.543321024201177;14650;13.074129459517197;14650;542.75303312368044;14650;9.500106814783166;14650;9.628894924771874;14650;83.449812311166724;14650;109.91546372875149
14660;142.65572069460129;14660;91.51890621662038;14660;12.976470229194007;14660;543.10885120007106;14660;9.500106814783166;14660;9.6334727011932735;14660;83.535264137699514;14660;109.8055970946379
14670;142.72896511734368;14670;91.494491409039583;14670;12.915433210242011;14670;543.46466927646168;14670;9.500106814783166;14670;9.6264534440137943;14670;83.559678945280311;14670;109.8300119022187
14680;142.60689107943969;14680;91.543321024201177;14680;12.964262825403608;14680;543.86002269467338;14680;9.500106814783166;14680;9.6334727011932735;14680;83.498641926328318;14680;109.91546372875149
14690;142.68013550218208;14690;91.628772850733981;14690;12.964262825403608;14690;544.215840771064;14690;9.500106814783166;14690;9.6301156651509139;14690;83.48643452253792;14690;109.90325632496109
14700;142.66792809839168;14700;91.653187658314778;14700;12.95205542161321;14700;544.72980021473927;14700;9.500106814783166;14700;9.6343882564775534;14700;83.535264137699514;14700;109.96429334391308
14710;142.70455030976288;14710;91.628772850733981;14710;13.0497146519364;14710;544.96701226566631;14710;9.500106814783166;14710;9.6310312204351938;14710;83.584093752861108;14710;110.00091555528428
14720;142.75337992492447;14720;91.653187658314778;14720;13.086336863307595;14720;545.36236568387812;14720;9.500106814783166;14720;9.6307260353404338;14720;83.559678945280311;14720;109.97650074770348
14730;142.72896511734368;14730;91.653187658314778;14730;13.025299844355601;14730;545.75771910208994;14730;9.500106814783166;14730;9.6313364055299537;14730;83.425397503585927;14730;109.91546372875149
14740;142.79000213629567;14740;91.665395062105176;14740;13.110751670888392;14740;546.15307252030186;14740;9.500106814783166;14740;9.628894924771874;14740;83.40098269600513;14740;109.8666341135899
14750;142.69234290597248;14750;91.506698812829981;14750;13.122959074678791;14750;546.58796128033487;14750;9.500106814783166;14750;9.6356089968565932;14750;83.36436048463392;14750;109.90325632496109
14760;142.76558732871487;14760;91.470076601458786;14760;13.061922055726798;14760;546.98331469854668;14760;9.500106814783166;14760;9.6313364055299537;14760;83.388775292214717;14760;109.95208594012269
14770;142.74117252113408;14770;91.640980254524379;14770;13.025299844355601;14770;547.29959743311611;14770;9.500106814783166;14770;9.6353038117618333;14770;83.510849330118717;14770;109.92767113254189
14780;142.80220954008607;14780;91.567735831781974;14780;12.988677632984405;14780;547.61588016768553;14780;9.500106814783166;14780;9.6267586291085543;14780;83.437604907376326;14780;109.96429334391308
14790;142.72896511734368;14790;91.470076601458786;14790;12.988677632984405;14790;548.05076892771842;14790;9.500106814783166;14790;9.6328623310037536;14790;83.474227118747521;14790;109.97650074770348
14800;142.61909848323009;14800;91.506698812829981;14800;13.013092440565202;14800;548.36705166228774;14800;9.500106814783166;14800;9.629505294961394;14800;83.48643452253792;14800;109.98870815149388
14810;142.69234290597248;14810;91.579943235572372;14810;12.915433210242011;14810;548.76240508049955;14810;9.500106814783166;14810;9.6328623310037536;14810;83.413190099795528;14810;110.00091555528428
14820;142.64351329081089;14820;91.494491409039583;14820;12.866603595080417;14820;549.078687815069;14820;9.500106814783166;14820;9.6334727011932735;14820;83.388775292214717;14820;109.90325632496109
14830;142.64351329081089;14830;91.506698812829981;14830;13.037507248146001;14830;549.513576575102;14830;9.500106814783166;14830;9.629200109866634;14830;83.413190099795528;14830;109.95208594012269
14840;142.60689107943969;14840;91.653187658314778;14840;13.074129459517197;14840;549.90892999331379;14840;9.500106814783166;14840;9.6316415906247137;14840;83.449812311166724;14840;109.98870815149388
14850;142.64351329081089;14850;91.653187658314778;14850;13.074129459517197;14850;550.30428341152549;14850;9.500106814783166;14850;9.6285897396771141;14850;83.437604907376326;14850;109.96429334391308
14860;142.61909848323009;14860;91.628772850733981;14860;13.086336863307595;14860;550.62056614609492;14860;9.500106814783166;14860;9.6346934415723133;14860;83.425397503585927;14860;109.98870815149388
14870;142.64351329081089;14870;91.677602465895575;14870;12.988677632984405;14870;550.97638422248542;14870;9.500106814783166;14870;9.6282845545823541;14870;83.48643452253792;14870;110.06195257423627
14880;142.64351329081089;14880;91.579943235572372;14880;12.976470229194007;14880;551.37173764069735;14880;9.500106814783166;14880;9.6334727011932735;14880;83.449812311166724;14880;110.06195257423627
14890;142.72896511734368;14890;91.494491409039583;14890;13.074129459517197;14890;551.68802037526677;14890;9.500106814783166;14890;9.6298104800561539;14890;83.425397503585927;14890;109.96429334391308
14900;142.79000213629567;14900;91.494491409039583;14900;13.037507248146001;14900;552.162444477121;14900;9.500106814783166;14900;9.6328623310037536;14900;83.523056733909115;14900;109.98870815149388
14910;142.75337992492447;14910;91.494491409039583;14910;12.878810998870815;14910;552.51826255351159;14910;9.500106814783166;14910;9.629200109866634;14910;83.584093752861108;14910;110.07415997802667
14920;142.70455030976288;14920;91.482284005249184;14920;12.878810998870815;14920;552.95315131354448;14920;9.500106814783166;14920;9.629200109866634;14920;83.6085085604419;14920;109.96429334391308
14930;142.60689107943969;14930;91.555528427991575;14930;13.037507248146001;14930;553.34850473175618;14930;9.500106814783166;14930;9.6307260353404338;14930;83.584093752861108;14930;109.8178044984283
14940;142.76558732871487;14940;91.689809869685973;14940;13.074129459517197;14940;553.7043228081468;14940;9.500106814783166;14940;9.6261482589190344;14940;83.523056733909115;14940;109.95208594012269
14950;142.76558732871487;14950;91.787469100009162;14950;12.964262825403608;14950;554.09967622635861;14950;9.500106814783166;14950;9.6343882564775534;14950;83.437604907376326;14950;110.00091555528428
14960;142.77779473250527;14960;91.775261696218763;14960;13.025299844355601;14960;554.45549430274923;14960;9.500106814783166;14960;9.6301156651509139;14960;83.413190099795528;14960;109.91546372875149
14970;142.70455030976288;14970;91.738639484847567;14970;13.037507248146001;14970;554.77177703731866;14970;9.500106814783166;14970;9.6343882564775534;14970;83.425397503585927;14970;109.97650074770348
14980;142.66792809839168;14980;91.653187658314778;14980;13.013092440565202;14980;555.12759511370928;14980;9.500106814783166;14980;9.6270638142033143;14980;83.40098269600513;14980;109.97650074770348
14990;142.75337992492447;14990;91.628772850733981;14990;13.025299844355601;14990;555.56248387374217;14990;9.500106814783166;14990;9.6322519608142336;14990;83.36436048463392;14990;109.90325632496109
15000;142.72896511734368;15000;91.592150639362771;15000;12.988677632984405;15000;555.87876660831148;15000;9.500106814783166;15000;9.6285897396771141;15000;83.315530869472326;15000;109.8422193060091
15010;142.65572069460129;15010;91.494491409039583;15010;12.939848017822811;15010;556.19504934288113;15010;9.500106814783166;15010;9.6298104800561539;15010;83.303323465681927;15010;109.92767113254189
15020;142.64351329081089;15020;91.494491409039583;15020;12.976470229194007;15020;556.66947344473522;15020;9.500106814783166;15020;9.6322519608142336;15020;83.388775292214717;15020;109.98870815149388
15030;142.65572069460129;15030;91.640980254524379;15030;13.061922055726798;15030;557.064826862947;15030;9.500106814783166;15030;9.6307260353404338;15030;83.449812311166724;15030;110.00091555528428
15040;142.47260963774528;15040;91.579943235572372;15040;12.988677632984405;15040;557.42064493933765;15040;9.500106814783166;15040;9.6356089968565932;15040;83.474227118747521;15040;110.01312295907468
15050;142.60689107943969;15050;91.592150639362771;15050;12.988677632984405;15050;557.93460438301281;15050;9.500106814783166;15050;9.6301156651509139;15050;83.437604907376326;15050;110.11078218939787
15060;142.64351329081089;15060;91.653187658314778;15060;12.964262825403608;15060;558.409028484867;15060;9.500106814783166;15060;9.6353038117618333;15060;83.315530869472326;15060;110.08636738181707
15070;142.72896511734368;15070;91.51890621662038;15070;13.025299844355601;15070;558.646240535794;15070;9.500106814783166;15070;9.6270638142033143;15070;83.266701254310732;15070;109.97650074770348
15080;142.80220954008607;15080;91.592150639362771;15080;13.122959074678791;15080;559.00205861218467;15080;9.500106814783166;15080;9.6337778862880334;15080;83.36436048463392;15080;109.98870815149388
15090;142.74117252113408;15090;91.640980254524379;15090;13.013092440565202;15090;559.39741203039648;15090;9.500106814783166;15090;9.629200109866634;15090;83.303323465681927;15090;110.04974517044587
15100;142.69234290597248;15100;91.579943235572372;15100;13.013092440565202;15100;559.7532301067871;15100;9.500106814783166;15100;9.6310312204351938;15100;83.242286446729935;15100;110.04974517044587
15110;142.77779473250527;15110;91.51890621662038;15110;13.0497146519364;15110;559.950906815893;15110;9.500106814783166;15110;9.6328623310037536;15110;83.327738273262725;15110;110.02533036286508
15120;142.80220954008607;15120;91.494491409039583;15120;12.939848017822811;15120;560.34626023410465;15120;9.500106814783166;15120;9.6313364055299537;15120;83.474227118747521;15120;110.02533036286508
15130;142.60689107943969;15130;91.470076601458786;15130;12.878810998870815;15130;560.78114899413765;15130;9.500106814783166;15130;9.6331675160985135;15130;83.535264137699514;15130;109.98870815149388
15140;142.66792809839168;15140;91.470076601458786;15140;13.0497146519364;15140;561.09743172870708;15140;9.500106814783166;15140;9.6282845545823541;15140;83.413190099795528;15140;110.01312295907468
15150;142.74117252113408;15150;91.51890621662038;15150;13.183996093630787;15150;561.492785146919;15150;9.500106814783166;15150;9.6343882564775534;15150;83.425397503585927;15150;110.13519699697866
15160;142.91207617419965;15160;91.457869197668387;15160;13.074129459517197;15160;561.84860322330962;15160;9.500106814783166;15160;9.6264534440137943;15160;83.523056733909115;15160;110.14740440076906
15170;142.69234290597248;15170;91.3357951597644;15170;12.939848017822811;15170;562.2834919833424;15170;9.500106814783166;15170;9.6328623310037536;15170;83.36436048463392;15170;110.00091555528428
15180;142.66792809839168;15180;91.4090395825068;15180;12.964262825403608;15180;562.639310059733;15180;9.500106814783166;15180;9.628894924771874;15180;83.315530869472326;15180;110.04974517044587
15190;142.70455030976288;15190;91.51890621662038;15190;13.025299844355601;15190;563.03466347794483;15190;9.500106814783166;15190;9.6328623310037536;15190;83.437604907376326;15190;110.14740440076906
15200;142.66792809839168;15200;91.628772850733981;15200;12.939848017822811;15200;563.39048155433545;15200;9.500106814783166;15200;9.6319467757194737;15200;83.48643452253792;15200;109.98870815149388
15210;142.69234290597248;15210;91.677602465895575;15210;12.891018402661214;15210;563.82537031436846;15210;9.500106814783166;15210;9.6319467757194737;15210;83.388775292214717;15210;109.98870815149388
15220;142.65572069460129;15220;91.71422467726677;15220;13.037507248146001;15220;564.181188390759;15220;9.500106814783166;15220;9.6337778862880334;15220;83.254493850520333;15220;110.04974517044587
15230;142.76558732871487;15230;91.665395062105176;15230;13.15958128604999;15230;564.4974711253285;15230;9.500106814783166;15230;9.6307260353404338;15230;83.413190099795528;15230;110.00091555528428
15240;142.60689107943969;15240;91.470076601458786;15240;13.013092440565202;15240;564.853289201719;15240;9.500106814783166;15240;9.6359141819513532;15240;83.48643452253792;15240;109.96429334391308
15250;142.58247627185889;15250;91.567735831781974;15250;13.037507248146001;15250;565.24864261993071;15250;9.500106814783166;15250;9.628894924771874;15250;83.327738273262725;15250;110.06195257423627
15260;142.64351329081089;15260;91.592150639362771;15260;13.037507248146001;15260;565.64399603814252;15260;9.500106814783166;15260;9.6331675160985135;15260;83.303323465681927;15260;110.13519699697866
15270;142.75337992492447;15270;91.457869197668387;15270;12.988677632984405;15270;565.960278772712;15270;9.500106814783166;15270;9.6276741843928342;15270;83.36436048463392;15270;110.19623401593066
15280;142.77779473250527;15280;91.4090395825068;15280;13.025299844355601;15280;566.35563219092387;15280;9.500106814783166;15280;9.6331675160985135;15280;83.40098269600513;15280;110.35493026520584
15290;142.80220954008607;15290;91.421246986297191;15290;13.013092440565202;15290;566.6719149254933;15290;9.500106814783166;15290;9.629505294961394;15290;83.36436048463392;15290;110.29389324625384
15300;142.76558732871487;15300;91.421246986297191;15300;13.147373882259592;15300;567.10680368552619;15300;9.500106814783166;15300;9.6319467757194737;15300;83.352153080843522;15300;110.23285622730185
15310;142.72896511734368;15310;91.4090395825068;15310;13.122959074678791;15310;567.502157103738;15310;9.500106814783166;15310;9.6310312204351938;15310;83.242286446729935;15310;110.09857478560747
15320;142.82662434766686;15320;91.579943235572372;15320;13.025299844355601;15320;567.97658120559208;15320;9.500106814783166;15320;9.6264534440137943;15320;83.266701254310732;15320;110.06195257423627
15330;142.69234290597248;15330;91.604358043153184;15330;13.037507248146001;15330;568.3719346238039;15330;9.500106814783166;15330;9.6319467757194737;15330;83.40098269600513;15330;110.08636738181707
15340;142.74117252113408;15340;91.567735831781974;15340;12.988677632984405;15340;568.72775270019451;15340;9.500106814783166;15340;9.629200109866634;15340;83.437604907376326;15340;110.11078218939787
15350;142.50923184911647;15350;91.482284005249184;15350;12.939848017822811;15350;569.00450009294275;15350;9.500106814783166;15350;9.6353038117618333;15350;83.474227118747521;15350;110.02533036286508
15360;142.50923184911647;15360;91.384624774926;15360;13.013092440565202;15360;569.39985351115445;15360;9.500106814783166;15360;9.628894924771874;15360;83.40098269600513;15360;110.08636738181707
15370;142.61909848323009;15370;91.384624774926;15370;12.95205542161321;15370;569.83474227118734;15370;9.500106814783166;15370;9.6346934415723133;15370;83.388775292214717;15370;110.17181920834986
15380;142.55806146427807;15380;91.421246986297191;15380;12.878810998870815;15380;570.15102500575676;15380;9.500106814783166;15380;9.6282845545823541;15380;83.388775292214717;15380;110.14740440076906
15390;142.64351329081089;15390;91.579943235572372;15390;13.037507248146001;15390;570.625449107611;15390;9.500106814783166;15390;9.6322519608142336;15390;83.413190099795528;15390;110.22064882351145
15400;142.72896511734368;15400;91.592150639362771;15400;13.122959074678791;15400;570.94173184218039;15400;9.500106814783166;15400;9.628894924771874;15400;83.303323465681927;15400;110.17181920834986
15410;142.74117252113408;15410;91.43345439008759;15410;13.0497146519364;15410;571.25801457674982;15410;9.500106814783166;15410;9.628894924771874;15410;83.254493850520333;15410;110.17181920834986
15420;142.60689107943969;15420;91.4090395825068;15420;13.061922055726798;15420;571.65336799496174;15420;9.500106814783166;15420;9.6316415906247137;15420;83.315530869472326;15420;110.26947843867305
15430;142.77779473250527;15430;91.470076601458786;15430;13.110751670888392;15430;571.96965072953117;15430;9.500106814783166;15430;9.6282845545823541;15430;83.315530869472326;15430;110.40375988036743
15440;142.75337992492447;15440;91.470076601458786;15440;13.037507248146001;15440;572.32546880592179;15440;9.500106814783166;15440;9.6316415906247137;15440;83.27890865810113;15440;110.37934507278663
15450;142.76558732871487;15450;91.470076601458786;15450;12.964262825403608;15450;572.7208222241336;15450;9.500106814783166;15450;9.628894924771874;15450;83.242286446729935;15450;110.24506363109225
15460;142.54585406048767;15460;91.421246986297191;15460;12.976470229194007;15460;573.1557109841666;15460;9.500106814783166;15460;9.6346934415723133;15460;83.254493850520333;15460;110.17181920834986
15470;142.54585406048767;15470;91.3480025635548;15470;12.95205542161321;15470;573.471993718736;15470;9.500106814783166;15470;9.629200109866634;15470;83.193456831568341;15470;110.19623401593066
15480;142.80220954008607;15480;91.421246986297191;15480;12.95205542161321;15480;573.90688247876881;15480;9.500106814783166;15480;9.6337778862880334;15480;83.156834620197145;15480;110.17181920834986
15490;142.74117252113408;15490;91.457869197668387;15490;13.110751670888392;15490;574.26270055515943;15490;9.500106814783166;15490;9.6282845545823541;15490;83.217871639149138;15490;110.17181920834986
15500;142.75337992492447;15500;91.494491409039583;15500;13.147373882259592;15500;574.65805397337124;15500;9.500106814783166;15500;9.6307260353404338;15500;83.242286446729935;15500;110.29389324625384
15510;142.64351329081089;15510;91.457869197668387;15510;13.110751670888392;15510;575.053407391583;15510;9.500106814783166;15510;9.6285897396771141;15510;83.193456831568341;15510;110.28168584246345
15520;142.64351329081089;15520;91.3357951597644;15520;13.037507248146001;15520;575.40922546797367;15520;9.500106814783166;15520;9.6273689992980742;15520;83.169042023987544;15520;110.28168584246345
15530;142.54585406048767;15530;91.482284005249184;15530;12.866603595080417;15530;575.76504354436429;15530;9.500106814783166;15530;9.6328623310037536;15530;83.193456831568341;15530;110.28168584246345
15540;142.61909848323009;15540;91.457869197668387;15540;12.95205542161321;15540;576.160396962576;15540;9.500106814783166;15540;9.629200109866634;15540;83.27890865810113;15540;110.29389324625384
15550;142.74117252113408;15550;91.2991729483932;15550;13.074129459517197;15550;576.63482106443018;15550;9.500106814783166;15550;9.6334727011932735;15550;83.315530869472326;15550;110.31830805383464
15560;142.77779473250527;15560;91.3724173711356;15560;13.074129459517197;15560;576.95110379899961;15560;9.500106814783166;15560;9.628894924771874;15560;83.181249427777942;15560;110.25727103488265
15570;142.69234290597248;15570;91.323587755974;15570;12.988677632984405;15570;577.34645721721142;15570;9.500106814783166;15570;9.6368297372356331;15570;83.132419812616348;15570;110.22064882351145
15580;142.68013550218208;15580;91.3724173711356;15580;12.964262825403608;15580;577.62320460995966;15580;9.500106814783166;15580;9.6282845545823541;15580;83.217871639149138;15580;110.18402661214026
15590;142.70455030976288;15590;91.457869197668387;15590;12.927640614032409;15590;577.93948734452908;15590;9.500106814783166;15590;9.6316415906247137;15590;83.339945677053123;15590;110.28168584246345
15600;142.59468367564929;15600;91.470076601458786;15600;12.939848017822811;15600;578.41391144638317;15600;9.500106814783166;15600;9.6313364055299537;15600;83.303323465681927;15600;110.28168584246345
15610;142.59468367564929;15610;91.457869197668387;15610;13.061922055726798;15610;578.76972952277379;15610;9.500106814783166;15610;9.6307260353404338;15610;83.303323465681927;15610;110.31830805383464
15620;142.59468367564929;15620;91.51890621662038;15620;13.110751670888392;15620;579.08601225734321;15620;9.500106814783166;15620;9.6322519608142336;15620;83.254493850520333;15620;110.36713766899624
15630;142.60689107943969;15630;91.4090395825068;15630;13.147373882259592;15630;579.44183033373383;15630;9.500106814783166;15630;9.629505294961394;15630;83.156834620197145;15630;110.25727103488265
15640;142.57026886806847;15640;91.2991729483932;15640;13.147373882259592;15640;579.79764841012434;15640;9.500106814783166;15640;9.6334727011932735;15640;83.217871639149138;15640;110.28168584246345
15650;142.72896511734368;15650;91.421246986297191;15650;13.025299844355601;15650;580.19300182833615;15650;9.500106814783166;15650;9.6273689992980742;15650;83.266701254310732;15650;110.42817468794823
15660;142.60689107943969;15660;91.506698812829981;15660;13.037507248146001;15660;580.70696127201154;15660;9.500106814783166;15660;9.6340830713827934;15660;83.242286446729935;15660;110.48921170690022
15670;142.55806146427807;15670;91.506698812829981;15670;13.0497146519364;15670;581.02324400658085;15670;9.500106814783166;15670;9.6273689992980742;15670;83.156834620197145;15670;110.45258949552903
15680;142.66792809839168;15680;91.494491409039583;15680;13.110751670888392;15680;581.458132766614;15680;9.500106814783166;15680;9.6340830713827934;15680;83.27890865810113;15680;110.36713766899624
15690;142.60689107943969;15690;91.494491409039583;15690;13.15958128604999;15690;581.81395084300448;15690;9.500106814783166;15690;9.6331675160985135;15690;83.352153080843522;15690;110.31830805383464
15700;142.64351329081089;15700;91.470076601458786;15700;13.0497146519364;15700;582.24883960303748;15700;9.500106814783166;15700;9.6322519608142336;15700;83.327738273262725;15700;110.37934507278663
15710;142.65572069460129;15710;91.421246986297191;15710;13.025299844355601;15710;582.64419302124929;15710;9.500106814783166;15710;9.6301156651509139;15710;83.266701254310732;15710;110.35493026520584
15720;142.77779473250527;15720;91.384624774926;15720;13.15958128604999;15720;582.96047575581872;15720;9.500106814783166;15720;9.629200109866634;15720;83.27890865810113;15720;110.35493026520584
15730;142.72896511734368;15730;91.286965544602808;15730;13.183996093630787;15730;583.31629383220923;15730;9.500106814783166;15730;9.6340830713827934;15730;83.217871639149138;15730;110.45258949552903
15740;142.64351329081089;15740;91.286965544602808;15740;13.15958128604999;15740;583.59304122495746;15740;9.500106814783166;15740;9.6298104800561539;15740;83.169042023987544;15740;110.46479689931942
15750;142.55806146427807;15750;91.3724173711356;15750;13.122959074678791;15750;583.8302532758845;15750;9.500106814783166;15750;9.6337778862880334;15750;83.108005005035551;15750;110.44038209173863
15760;142.68013550218208;15760;91.3113803521836;15760;13.0497146519364;15760;584.14653601045393;15760;9.500106814783166;15760;9.6270638142033143;15760;83.095797601245152;15760;110.36713766899624
15770;142.70455030976288;15770;91.286965544602808;15770;13.147373882259592;15770;584.66049545412932;15770;9.500106814783166;15770;9.6340830713827934;15770;83.156834620197145;15770;110.35493026520584
15780;142.69234290597248;15780;91.286965544602808;15780;13.0497146519364;15780;585.01631353051994;15780;9.500106814783166;15780;9.6273689992980742;15780;83.181249427777942;15780;110.37934507278663
15790;142.59468367564929;15790;91.3968321787164;15790;13.025299844355601;15790;585.37213160691056;15790;9.500106814783166;15790;9.6310312204351938;15790;83.27890865810113;15790;110.36713766899624
15800;142.58247627185889;15800;91.421246986297191;15800;13.074129459517197;15800;585.84655570876453;15800;9.500106814783166;15800;9.6331675160985135;15800;83.217871639149138;15800;110.35493026520584
15810;142.70455030976288;15810;91.3724173711356;15810;13.061922055726798;15810;586.36051515243992;15810;9.500106814783166;15810;9.6322519608142336;15810;83.217871639149138;15810;110.36713766899624
15820;142.57026886806847;15820;91.384624774926;15820;13.061922055726798;15820;586.67679788700957;15820;9.500106814783166;15820;9.6331675160985135;15820;83.169042023987544;15820;110.36713766899624
15830;142.69234290597248;15830;91.384624774926;15830;13.147373882259592;15830;587.07215130522138;15830;9.500106814783166;15830;9.6285897396771141;15830;83.022553178502761;15830;110.46479689931942
15840;142.68013550218208;15840;91.3724173711356;15840;13.15958128604999;15840;587.42796938161189;15840;9.500106814783166;15840;9.6337778862880334;15840;83.083590197454754;15840;110.36713766899624
15850;142.85103915524766;15850;91.250343333231612;15850;13.147373882259592;15850;587.74425211618131;15850;9.500106814783166;15850;9.6298104800561539;15850;83.010345774712363;15850;110.23285622730185
15860;142.85103915524766;15860;91.213721121860416;15860;13.171788689840389;15860;588.17914087621421;15860;9.500106814783166;15860;9.6365245521408731;15860;82.924893948179559;15860;110.36713766899624
15870;142.74117252113408;15870;91.262550737022011;15870;13.135166478469193;15870;588.53495895260482;15870;9.500106814783166;15870;9.6301156651509139;15870;83.071382793664355;15870;110.46479689931942
15880;142.79000213629567;15880;91.3113803521836;15880;12.988677632984405;15880;588.93031237081664;15880;9.500106814783166;15880;9.6346934415723133;15880;83.181249427777942;15880;110.40375988036743
15890;142.58247627185889;15890;91.3113803521836;15890;13.025299844355601;15890;589.20705976356487;15890;9.500106814783166;15890;9.629200109866634;15890;83.217871639149138;15890;110.35493026520584
15900;142.50923184911647;15900;91.2991729483932;15900;13.147373882259592;15900;589.56287783995549;15900;9.500106814783166;15900;9.628894924771874;15900;83.144627216406747;15900;110.44038209173863
15910;142.59468367564929;15910;91.384624774926;15910;13.013092440565202;15910;589.99776659998838;15910;9.500106814783166;15910;9.6322519608142336;15910;83.022553178502761;15910;110.35493026520584
15920;142.72896511734368;15920;91.4090395825068;15920;13.037507248146001;15920;590.39312001820019;15920;9.500106814783166;15920;9.629505294961394;15920;83.071382793664355;15920;110.36713766899624
15930;142.64351329081089;15930;91.3357951597644;15930;13.110751670888392;15930;590.82800877823308;15930;9.500106814783166;15930;9.6343882564775534;15930;83.169042023987544;15930;110.41596728415783
15940;142.60689107943969;15940;91.4090395825068;15940;13.074129459517197;15940;591.2233621964449;15940;9.500106814783166;15940;9.6282845545823541;15940;83.181249427777942;15940;110.31830805383464
15950;142.60689107943969;15950;91.3968321787164;15950;13.037507248146001;15950;591.61871561465682;15950;9.500106814783166;15950;9.6328623310037536;15950;83.095797601245152;15950;110.44038209173863
15960;142.61909848323009;15960;91.286965544602808;15960;13.013092440565202;15960;591.93499834922613;15960;9.500106814783166;15960;9.6282845545823541;15960;83.071382793664355;15960;110.59907834101384
15970;142.64351329081089;15970;91.3113803521836;15970;13.061922055726798;15970;592.36988710925914;15970;9.500106814783166;15970;9.6340830713827934;15970;83.181249427777942;15970;110.64790795617543
15980;142.65572069460129;15980;91.3480025635548;15980;12.927640614032409;15980;592.68616984382857;15980;9.500106814783166;15980;9.6273689992980742;15980;83.193456831568341;15980;110.70894497512742
15990;142.68013550218208;15990;91.2991729483932;15990;12.927640614032409;15990;593.04198792021919;15990;9.500106814783166;15990;9.6301156651509139;15990;82.985930967131551;15990;110.61128574480423
16000;142.64351329081089;16000;91.3113803521836;16000;13.074129459517197;16000;593.3978059966098;16000;9.500106814783166;16000;9.6316415906247137;16000;82.900479140598762;16000;110.52583391827142
16010;142.66792809839168;16010;91.2991729483932;16010;12.988677632984405;16010;593.8326947566427;16010;9.500106814783166;16010;9.6298104800561539;16010;83.046967986083558;16010;110.67232276375623
16020;142.58247627185889;16020;91.323587755974;16020;12.95205542161321;16020;594.2675835166757;16020;9.500106814783166;16020;9.6331675160985135;16020;83.095797601245152;16020;110.76998199407942
16030;142.69234290597248;16030;91.3357951597644;16030;13.061922055726798;16030;594.70247227670859;16030;9.500106814783166;16030;9.6276741843928342;16030;83.156834620197145;16030;110.64790795617543
16040;142.59468367564929;16040;91.323587755974;16040;13.110751670888392;16040;594.90014898581444;16040;9.500106814783166;16040;9.6331675160985135;16040;83.303323465681927;16040;110.56245612964264
16050;142.65572069460129;16050;91.4090395825068;16050;13.086336863307595;16050;595.17689637856267;16050;9.500106814783166;16050;9.6276741843928342;16050;83.315530869472326;16050;110.52583391827142
16060;142.70455030976288;16060;91.543321024201177;16060;12.988677632984405;16060;595.65132048041687;16060;9.500106814783166;16060;9.6362193670461131;16060;83.144627216406747;16060;110.45258949552903
16070;142.69234290597248;16070;91.43345439008759;16070;12.964262825403608;16070;595.9676032149863;16070;9.500106814783166;16070;9.6310312204351938;16070;83.046967986083558;16070;110.45258949552903
16080;142.68013550218208;16080;91.3357951597644;16080;12.988677632984405;16080;596.32342129137692;16080;9.500106814783166;16080;9.6337778862880334;16080;83.132419812616348;16080;110.48921170690022
16090;142.55806146427807;16090;91.3113803521836;16090;13.074129459517197;16090;596.67923936776754;16090;9.500106814783166;16090;9.6319467757194737;16090;83.083590197454754;16090;110.61128574480423
16100;142.65572069460129;16100;91.250343333231612;16100;13.15958128604999;16100;597.11412812780043;16100;9.500106814783166;16100;9.6298104800561539;16100;83.059175389873957;16100;110.61128574480423
16110;142.74117252113408;16110;91.213721121860416;16110;13.110751670888392;16110;597.50948154601224;16110;9.500106814783166;16110;9.629505294961394;16110;83.022553178502761;16110;110.56245612964264
16120;142.72896511734368;16120;91.140476699118025;16120;13.086336863307595;16120;597.94437030604524;16120;9.500106814783166;16120;9.6276741843928342;16120;82.985930967131551;16120;110.68453016754663
16130;142.54585406048767;16130;91.213721121860416;16130;13.074129459517197;16130;598.339723724257;16130;9.500106814783166;16130;9.6359141819513532;16130;83.010345774712363;16130;110.59907834101384
16140;142.52143925290687;16140;91.323587755974;16140;13.037507248146001;16140;598.73507714246875;16140;9.500106814783166;16140;9.629200109866634;16140;83.144627216406747;16140;110.55024872585224
16150;142.57026886806847;16150;91.421246986297191;16150;12.976470229194007;16150;599.16996590250176;16150;9.500106814783166;16150;9.6353038117618333;16150;83.230079042939536;16150;110.61128574480423
16160;142.72896511734368;16160;91.286965544602808;16160;13.0497146519364;16160;599.56531932071346;16160;9.500106814783166;16160;9.6301156651509139;16160;83.059175389873957;16160;110.53804132206182
16170;142.65572069460129;16170;91.177098910489221;16170;13.171788689840389;16170;599.92113739710408;16170;9.500106814783166;16170;9.6337778862880334;16170;83.022553178502761;16170;110.59907834101384
16180;142.58247627185889;16180;91.213721121860416;16180;13.025299844355601;16180;600.19788478985231;16180;9.500106814783166;16180;9.628894924771874;16180;83.022553178502761;16180;110.56245612964264
16190;142.65572069460129;16190;91.201513718070018;16190;12.927640614032409;16190;600.67230889170651;16190;9.500106814783166;16190;9.6298104800561539;16190;82.961516159550754;16190;110.55024872585224
16200;142.64351329081089;16200;91.225928525650815;16200;12.964262825403608;16200;600.98859162627593;16200;9.500106814783166;16200;9.6307260353404338;16200;82.937101351969957;16200;110.59907834101384
16210;142.64351329081089;16210;91.164891506698822;16210;13.0497146519364;16210;601.42348038630882;16210;9.500106814783166;16210;9.628894924771874;16210;82.888271736808363;16210;110.59907834101384
16220;142.50923184911647;16220;91.238135929441214;16220;13.183996093630787;16220;601.81883380452064;16220;9.500106814783166;16220;9.6343882564775534;16220;82.91268654438916;16220;110.61128574480423
16230;142.55806146427807;16230;91.3724173711356;16230;13.074129459517197;16230;602.09558119726887;16230;9.500106814783166;16230;9.6301156651509139;16230;82.961516159550754;16230;110.58687093722344
16240;142.68013550218208;16240;91.286965544602808;16240;13.037507248146001;16240;602.45139927365949;16240;9.500106814783166;16240;9.6343882564775534;16240;82.91268654438916;16240;110.63570055238503
16250;142.79000213629567;16250;91.140476699118025;16250;13.0497146519364;16250;602.8467526918713;16250;9.500106814783166;16250;9.6282845545823541;16250;83.010345774712363;16250;110.75777459028902
16260;142.59468367564929;16260;91.238135929441214;16260;12.95205542161321;16260;603.3211767937255;16260;9.500106814783166;16260;9.6343882564775534;16260;82.985930967131551;16260;110.69673757133702
16270;142.50923184911647;16270;91.238135929441214;16270;12.976470229194007;16270;603.59792418647373;16270;9.500106814783166;16270;9.6273689992980742;16270;82.961516159550754;16270;110.63570055238503
16280;142.50923184911647;16280;91.079439680166033;16280;13.110751670888392;16280;603.95374226286424;16280;9.500106814783166;16280;9.6310312204351938;16280;82.99813837092195;16280;110.73335978270822
16290;142.58247627185889;16290;91.177098910489221;16290;13.171788689840389;16290;604.34909568107594;16290;9.500106814783166;16290;9.6313364055299537;16290;82.961516159550754;16290;110.69673757133702
16300;142.66792809839168;16300;91.3113803521836;16300;13.122959074678791;16300;604.78398444110894;16300;9.500106814783166;16300;9.629505294961394;16300;82.937101351969957;16300;110.73335978270822
16310;142.55806146427807;16310;91.3480025635548;16310;12.95205542161321;16310;605.17933785932075;16310;9.500106814783166;16310;9.6319467757194737;16310;82.973723563341153;16310;110.69673757133702
16320;142.72896511734368;16320;91.286965544602808;16320;13.025299844355601;16320;605.57469127753257;16320;9.500106814783166;16320;9.6276741843928342;16320;83.022553178502761;16320;110.69673757133702
16330;142.60689107943969;16330;91.201513718070018;16330;13.147373882259592;16330;605.97004469574426;16330;9.500106814783166;16330;9.6334727011932735;16330;82.900479140598762;16330;110.80660420545061
16340;142.59468367564929;16340;91.262550737022011;16340;13.013092440565202;16340;606.16772140485023;16340;9.500106814783166;16340;9.6282845545823541;16340;82.863856929227566;16340;110.76998199407942
16350;142.64351329081089;16350;91.225928525650815;16350;12.927640614032409;16350;606.60261016488312;16350;9.500106814783166;16350;9.6340830713827934;16350;82.985930967131551;16350;110.81881160924101
16360;142.58247627185889;16360;91.213721121860416;16360;13.110751670888392;16360;606.91889289945266;16360;9.500106814783166;16360;9.6285897396771141;16360;83.046967986083558;16360;110.9042634357738
16370;142.58247627185889;16370;91.225928525650815;16370;13.122959074678791;16370;607.31424631766447;16370;9.500106814783166;16370;9.6328623310037536;16370;83.059175389873957;16370;110.85543382061221
16380;142.61909848323009;16380;91.213721121860416;16380;13.15958128604999;16380;607.670064394055;16380;9.500106814783166;16380;9.6285897396771141;16380;83.010345774712363;16380;110.76998199407942
16390;142.65572069460129;16390;91.323587755974;16390;13.25724051637318;16390;608.104953154088;16390;9.500106814783166;16390;9.6276741843928342;16390;83.071382793664355;16390;110.80660420545061
16400;142.52143925290687;16400;91.152684102908424;16400;13.110751670888392;16400;608.4607712304786;16400;9.500106814783166;16400;9.6319467757194737;16400;83.010345774712363;16400;110.9042634357738
16410;142.55806146427807;16410;91.128269295327627;16410;13.110751670888392;16410;608.77705396504791;16410;9.500106814783166;16410;9.629505294961394;16410;83.046967986083558;16410;110.879848628193
16420;142.59468367564929;16420;91.262550737022011;16420;13.061922055726798;16420;609.13287204143853;16420;9.500106814783166;16420;9.6340830713827934;16420;83.059175389873957;16420;110.72115237891782
16430;142.69234290597248;16430;91.177098910489221;16430;13.013092440565202;16430;609.60729614329273;16430;9.500106814783166;16430;9.6285897396771141;16430;82.900479140598762;16430;110.81881160924101
16440;142.60689107943969;16440;91.055024872585236;16440;13.037507248146001;16440;610.04218490332562;16440;9.500106814783166;16440;9.6340830713827934;16440;82.863856929227566;16440;110.95309305093539
16450;142.48481704153568;16450;91.006195257423641;16450;12.939848017822811;16450;610.358467637895;16450;9.500106814783166;16450;9.629200109866634;16450;82.937101351969957;16450;110.95309305093539
16460;142.50923184911647;16460;91.177098910489221;16460;12.976470229194007;16460;610.793356397928;16460;9.500106814783166;16460;9.6337778862880334;16460;82.99813837092195;16460;111.00192266609699
16470;142.65572069460129;16470;91.140476699118025;16470;13.208410901211584;16470;611.10963913249748;16470;9.500106814783166;16470;9.6267586291085543;16470;82.91268654438916;16470;110.95309305093539
16480;142.70455030976288;16480;91.042817468794837;16480;13.232825708792383;16480;611.50499255070918;16480;9.500106814783166;16480;9.629505294961394;16480;82.876064333017965;16480;110.95309305093539
16490;142.55806146427807;16490;91.152684102908424;16490;13.135166478469193;16490;611.82127528527883;16490;9.500106814783166;16490;9.6322519608142336;16490;82.839442121646769;16490;110.9042634357738
16500;142.54585406048767;16500;91.201513718070018;16500;13.135166478469193;16500;612.25616404531183;16500;9.500106814783166;16500;9.629200109866634;16500;82.876064333017965;16500;110.96530045472579
16510;142.41157261879329;16510;91.055024872585236;16510;13.183996093630787;16510;612.61198212170245;16510;9.500106814783166;16510;9.6322519608142336;16510;82.876064333017965;16510;111.02633747367778
16520;142.47260963774528;16520;91.055024872585236;16520;13.183996093630787;16520;613.00733553991415;16520;9.500106814783166;16520;9.6285897396771141;16520;82.924893948179559;16520;110.98971526230659
16530;142.52143925290687;16530;91.091647083956431;16530;13.15958128604999;16530;613.442224299947;16530;9.500106814783166;16530;9.6353038117618333;16530;82.900479140598762;16530;111.00192266609699
16540;142.44819483016448;16540;91.030610065004439;16540;13.15958128604999;16540;613.75850703451647;16540;9.500106814783166;16540;9.6273689992980742;16540;82.876064333017965;16540;110.95309305093539
16550;142.38715781121249;16550;90.993987853633243;16550;13.122959074678791;16550;614.0747897690859;16550;9.500106814783166;16550;9.6340830713827934;16550;82.91268654438916;16550;110.98971526230659
16560;142.50923184911647;16560;91.030610065004439;16560;13.061922055726798;16560;614.43060784547652;16560;9.500106814783166;16560;9.6282845545823541;16560;82.827234717856371;16560;110.97750785851619
16570;142.60689107943969;16570;91.055024872585236;16570;13.061922055726798;16570;614.82596126368833;16570;9.500106814783166;16570;9.629505294961394;16570;83.010345774712363;16570;110.9042634357738
16580;142.60689107943969;16580;91.201513718070018;16580;13.074129459517197;16580;615.22131468190014;16580;9.500106814783166;16580;9.6307260353404338;16580;83.083590197454754;16580;110.9042634357738
16590;142.69234290597248;16590;91.225928525650815;16590;13.122959074678791;16590;615.61666810011184;16590;9.500106814783166;16590;9.6310312204351938;16590;82.924893948179559;16590;111.02633747367778
16600;142.61909848323009;16600;91.006195257423641;16600;13.110751670888392;16600;615.93295083468126;16600;9.500106814783166;16600;9.6331675160985135;16600;82.827234717856371;16600;111.05075228125858
16610;142.60689107943969;16610;90.957365642262047;16610;12.988677632984405;16610;616.28876891107188;16610;9.500106814783166;16610;9.6301156651509139;16610;82.741782891323581;16610;110.98971526230659
16620;142.42378002258368;16620;90.945158238471649;16620;12.939848017822811;16620;616.68412232928358;16620;9.500106814783166;16620;9.6368297372356331;16620;82.863856929227566;16620;111.02633747367778
16630;142.52143925290687;16630;90.993987853633243;16630;13.025299844355601;16630;617.03994040567432;16630;9.500106814783166;16630;9.629505294961394;16630;82.924893948179559;16630;111.08737449262978
16640;142.66792809839168;16640;91.116061891537228;16640;13.025299844355601;16640;617.55389984934959;16640;9.500106814783166;16640;9.6340830713827934;16640;82.91268654438916;16640;111.13620410779137
16650;142.55806146427807;16650;91.079439680166033;16650;12.964262825403608;16650;617.90971792574021;16650;9.500106814783166;16650;9.629505294961394;16650;82.924893948179559;16650;111.22165593432416
16660;142.48481704153568;16660;91.067232276375634;16660;13.074129459517197;16660;618.26553600213083;16660;9.500106814783166;16660;9.6343882564775534;16660;82.924893948179559;16660;111.23386333811456
16670;142.50923184911647;16670;91.116061891537228;16670;13.15958128604999;16670;618.54228339487906;16670;9.500106814783166;16670;9.6322519608142336;16670;82.876064333017965;16670;111.08737449262978
16680;142.66792809839168;16680;91.201513718070018;16680;13.135166478469193;16680;618.93763681309088;16680;9.500106814783166;16680;9.6322519608142336;16680;82.839442121646769;16680;111.09958189642018
16690;142.69234290597248;16690;91.128269295327627;16690;13.074129459517197;16690;619.412060914945;16690;9.500106814783166;16690;9.629505294961394;16690;82.778405102694776;16690;111.13620410779137
16700;142.70455030976288;16700;91.055024872585236;16700;13.110751670888392;16700;619.76787899133558;16700;9.500106814783166;16700;9.6258430738242744;16700;82.705160679952385;16700;111.13620410779137
16710;142.59468367564929;16710;91.067232276375634;16710;13.208410901211584;16710;620.04462638408381;16710;9.500106814783166;16710;9.6331675160985135;16710;82.741782891323581;16710;111.14841151158177
16720;142.60689107943969;16720;91.006195257423641;16720;13.269447920163579;16720;620.43997980229551;16720;9.500106814783166;16720;9.6313364055299537;16720;82.924893948179559;16720;111.25827814569536
16730;142.64351329081089;16730;90.957365642262047;16730;13.135166478469193;16730;620.87486856232852;16730;9.500106814783166;16730;9.6368297372356331;16730;82.91268654438916;16730;111.30710776085695
16740;142.65572069460129;16740;91.079439680166033;16740;12.976470229194007;16740;621.15161595507675;16740;9.500106814783166;16740;9.6276741843928342;16740;82.753990295113979;16740;111.24607074190496
16750;142.64351329081089;16750;91.164891506698822;16750;13.013092440565202;16750;621.54696937328856;16750;9.500106814783166;16750;9.6334727011932735;16750;82.937101351969957;16750;111.29490035706655
16760;142.50923184911647;16760;91.140476699118025;16760;13.074129459517197;16760;621.94232279150049;16760;9.500106814783166;16760;9.6273689992980742;16760;82.937101351969957;16760;111.29490035706655
16770;142.48481704153568;16770;91.140476699118025;16770;13.122959074678791;16770;622.41674689335446;16770;9.500106814783166;16770;9.629200109866634;16770;82.729575487533182;16770;111.29490035706655
16780;142.52143925290687;16780;91.079439680166033;16780;13.074129459517197;16780;622.73302962792388;16780;9.500106814783166;16780;9.6307260353404338;16780;82.717368083742784;16780;111.25827814569536
16790;142.54585406048767;16790;91.006195257423641;16790;13.025299844355601;16790;623.20745372977808;16790;9.500106814783166;16790;9.629505294961394;16790;82.815027314065972;16790;111.23386333811456
16800;142.37495040742209;16800;90.969573046052446;16800;13.0497146519364;16800;623.60280714798989;16800;9.500106814783166;16800;9.6337778862880334;16800;82.839442121646769;16800;111.24607074190496
16810;142.52143925290687;16810;90.969573046052446;16810;13.061922055726798;16810;623.99816056620159;16810;9.500106814783166;16810;9.629200109866634;16810;82.778405102694776;16810;111.33152256843776
16820;142.59468367564929;16820;90.945158238471649;16820;12.976470229194007;16820;624.3935139844134;16820;9.500106814783166;16820;9.6331675160985135;16820;82.839442121646769;16820;111.31931516464735
16830;142.64351329081089;16830;90.920743430890852;16830;12.988677632984405;16830;624.70979671898283;16830;9.500106814783166;16830;9.6276741843928342;16830;82.900479140598762;16830;111.23386333811456
16840;142.68013550218208;16840;90.896328623310055;16840;13.110751670888392;16840;625.14468547901572;16840;9.500106814783166;16840;9.6343882564775534;16840;82.717368083742784;16840;111.23386333811456
16850;142.66792809839168;16850;90.957365642262047;16850;13.135166478469193;16850;625.421432871764;16850;9.500106814783166;16850;9.6267586291085543;16850;82.6197088534196;16850;111.35593737601856
16860;142.72896511734368;16860;90.993987853633243;16860;13.0497146519364;16860;625.77725094815457;16860;9.500106814783166;16860;9.6313364055299537;16860;82.839442121646769;16860;111.44138920255135
16870;142.75337992492447;16870;91.030610065004439;16870;13.061922055726798;16870;626.21213970818758;16870;9.500106814783166;16870;9.6301156651509139;16870;82.91268654438916;16870;111.34372997222816
16880;142.74117252113408;16880;91.140476699118025;16880;13.122959074678791;16880;626.56795778457808;16880;9.500106814783166;16880;9.628894924771874;16880;82.839442121646769;16880;111.42918179876095
16890;142.59468367564929;16890;91.091647083956431;16890;13.171788689840389;16890;626.84470517732643;16890;9.500106814783166;16890;9.6310312204351938;16890;82.827234717856371;16890;111.44138920255135
16900;142.69234290597248;16900;91.055024872585236;16900;13.183996093630787;16900;627.24005859553836;16900;9.500106814783166;16900;9.6285897396771141;16900;82.802819910275574;16900;111.39255958738975
16910;142.58247627185889;16910;90.981780449842844;16910;13.15958128604999;16910;627.67494735557125;16910;9.500106814783166;16910;9.6353038117618333;16910;82.705160679952385;16910;111.36814477980896
16920;142.55806146427807;16920;90.945158238471649;16920;13.171788689840389;16920;628.07030077378306;16920;9.500106814783166;16920;9.6276741843928342;16920;82.729575487533182;16920;111.39255958738975
16930;142.55806146427807;16930;90.969573046052446;16930;13.074129459517197;16930;628.42611885017368;16930;9.500106814783166;16930;9.6334727011932735;16930;82.888271736808363;16930;111.42918179876095
16940;142.50923184911647;16940;90.945158238471649;16940;13.025299844355601;16940;628.86100761020657;16940;9.500106814783166;16940;9.6273689992980742;16940;82.876064333017965;16940;111.39255958738975
16950;142.65572069460129;16950;91.006195257423641;16950;13.074129459517197;16950;629.29589637023946;16950;9.500106814783166;16950;9.6316415906247137;16950;82.778405102694776;16950;111.41697439497055
16960;142.66792809839168;16960;91.006195257423641;16960;13.147373882259592;16960;629.57264376298781;16960;9.500106814783166;16960;9.629505294961394;16960;82.63191625721;16960;111.52684102908414
16970;142.64351329081089;16970;90.945158238471649;16970;13.15958128604999;16970;629.92846183937843;16970;9.500106814783166;16970;9.6310312204351938;16970;82.63191625721;16970;111.61229285561693
16980;142.57026886806847;16980;90.981780449842844;16980;13.15958128604999;16980;630.24474457394786;16980;9.500106814783166;16980;9.6316415906247137;16980;82.717368083742784;16980;111.49021881771294
16990;142.49702444532608;16990;91.079439680166033;16990;13.135166478469193;16990;630.56102730851728;16990;9.500106814783166;16990;9.629200109866634;16990;82.863856929227566;16990;111.35593737601856
17000;142.37495040742209;17000;91.164891506698822;17000;13.0497146519364;17000;630.99591606855017;17000;9.500106814783166;17000;9.6353038117618333;17000;82.961516159550754;17000;111.31931516464735
17010;142.52143925290687;17010;91.201513718070018;17010;13.025299844355601;17010;631.391269486762;17010;9.500106814783166;17010;9.6316415906247137;17010;82.924893948179559;17010;111.39255958738975
17020;142.47260963774528;17020;91.201513718070018;17020;13.110751670888392;17020;631.7075522213313;17020;9.500106814783166;17020;9.6343882564775534;17020;82.863856929227566;17020;111.42918179876095
17030;142.54585406048767;17030;91.116061891537228;17030;13.171788689840389;17030;632.063370297722;17030;9.500106814783166;17030;9.6249275185399945;17030;82.753990295113979;17030;111.45359660634175
17040;142.64351329081089;17040;90.993987853633243;17040;13.232825708792383;17040;632.53779439957623;17040;9.500106814783166;17040;9.6328623310037536;17040;82.692953276161987;17040;111.51463362529374
17050;142.52143925290687;17050;91.067232276375634;17050;13.171788689840389;17050;632.81454179232446;17050;9.500106814783166;17050;9.629505294961394;17050;82.717368083742784;17050;111.57567064424573
17060;142.58247627185889;17060;91.079439680166033;17060;12.988677632984405;17060;633.32850123599974;17060;9.500106814783166;17060;9.6319467757194737;17060;82.815027314065972;17060;111.66112247077852
17070;142.58247627185889;17070;91.055024872585236;17070;13.037507248146001;17070;633.68431931239036;17070;9.500106814783166;17070;9.6307260353404338;17070;82.741782891323581;17070;111.63670766319773
17080;142.60689107943969;17080;91.042817468794837;17080;13.135166478469193;17080;634.00060204695967;17080;9.500106814783166;17080;9.629200109866634;17080;82.656331064790791;17080;111.69774468214972
17090;142.52143925290687;17090;90.957365642262047;17090;13.15958128604999;17090;634.35642012335029;17090;9.500106814783166;17090;9.6331675160985135;17090;82.705160679952385;17090;111.79540391247291
17100;142.47260963774528;17100;90.969573046052446;17100;13.232825708792383;17100;634.87037956702568;17100;9.500106814783166;17100;9.6282845545823541;17100;82.656331064790791;17100;111.92968535416729
17110;142.38715781121249;17110;90.859706411938859;17110;13.086336863307595;17110;635.26573298523738;17110;9.500106814783166;17110;9.6331675160985135;17110;82.6197088534196;17110;112.03955198828088
17120;142.50923184911647;17120;90.859706411938859;17120;13.086336863307595;17120;635.5820157198068;17120;9.500106814783166;17120;9.628894924771874;17120;82.644123661000393;17120;111.96630756553849
17130;142.57026886806847;17130;90.957365642262047;17130;13.122959074678791;17130;636.01690447983981;17130;9.500106814783166;17130;9.6353038117618333;17130;82.656331064790791;17130;111.8076113162633
17140;142.55806146427807;17140;90.884121219519656;17140;12.976470229194007;17140;636.33318721440912;17140;9.500106814783166;17140;9.6261482589190344;17140;82.705160679952385;17140;111.49021881771294
17150;142.55806146427807;17150;90.957365642262047;17150;13.013092440565202;17150;636.68900529079974;17150;9.500106814783166;17150;9.6307260353404338;17150;82.815027314065972;17150;111.17282631916257
17160;142.49702444532608;17160;91.177098910489221;17160;12.976470229194007;17160;637.00528802536917;17160;9.500106814783166;17160;9.6313364055299537;17160;82.99813837092195;17160;110.98971526230659
17170;142.58247627185889;17170;91.250343333231612;17170;12.927640614032409;17170;637.47971212722348;17170;9.500106814783166;17170;9.6313364055299537;17170;83.071382793664355;17170;110.96530045472579
17180;142.60689107943969;17180;91.201513718070018;17180;13.025299844355601;17180;637.87506554543529;17180;9.500106814783166;17180;9.6328623310037536;17180;82.937101351969957;17180;111.27048554948576
17190;142.58247627185889;17190;91.140476699118025;17190;13.25724051637318;17190;638.30995430546818;17190;9.500106814783166;17190;9.629505294961394;17190;82.729575487533182;17190;111.69774468214972
17200;142.50923184911647;17200;90.896328623310055;17200;13.354899746696372;17200;638.70530772367988;17200;9.500106814783166;17200;9.6343882564775534;17200;82.6197088534196;17200;112.02734458449048
17210;142.48481704153568;17210;90.859706411938859;17210;13.245033112582782;17210;639.0611258000705;17210;9.500106814783166;17210;9.6273689992980742;17210;82.6197088534196;17210;112.30811487166967
17220;142.37495040742209;17220;90.859706411938859;17220;13.183996093630787;17220;639.41694387646112;17220;9.500106814783166;17220;9.6319467757194737;17220;82.5464644306772;17220;112.40577410199286
17230;142.47260963774528;17230;90.725424970244447;17230;13.269447920163579;17230;639.73322661103055;17230;9.500106814783166;17230;9.6282845545823541;17230;82.49763481551561;17230;112.23487044892728
17240;142.46040223395488;17240;90.810876796777237;17240;13.208410901211584;17240;640.20765071288463;17240;9.500106814783166;17240;9.6346934415723133;17240;82.5586718344676;17240;112.14941862239449
17250;142.36274300363169;17250;90.835291604358062;17250;13.086336863307595;17250;640.523933447454;17250;9.500106814783166;17250;9.6267586291085543;17250;82.5830866420484;17250;112.08838160344247
17260;142.39936521500289;17260;90.908536027100453;17260;13.208410901211584;17260;640.87975152384467;17260;9.500106814783166;17260;9.6282845545823541;17260;82.66853846858119;17260;112.01513718070008
17270;142.39936521500289;17270;90.993987853633243;17270;13.306070131534774;17270;641.27510494205637;17270;9.500106814783166;17270;9.6319467757194737;17270;82.729575487533182;17270;111.8808557390057
17280;142.48481704153568;17280;91.055024872585236;17280;13.306070131534774;17280;641.78906438573176;17280;9.500106814783166;17280;9.6301156651509139;17280;82.692953276161987;17280;111.68553727835932
17290;142.48481704153568;17290;91.116061891537228;17290;13.147373882259592;17290;642.263488487586;17290;9.500106814783166;17290;9.6331675160985135;17290;82.778405102694776;17290;111.61229285561693
17300;142.55806146427807;17300;91.067232276375634;17300;13.220618305001983;17300;642.61930656397658;17300;9.500106814783166;17300;9.6282845545823541;17300;82.827234717856371;17300;111.72215948973052
17310;142.57026886806847;17310;90.993987853633243;17310;13.208410901211584;17310;642.85651861490362;17310;9.500106814783166;17310;9.6343882564775534;17310;82.656331064790791;17310;111.89306314279609
17320;142.48481704153568;17320;90.884121219519656;17320;12.988677632984405;17320;643.21233669129424;17320;9.500106814783166;17320;9.6264534440137943;17320;82.522049623096407;17320;112.29590746787927
17330;142.50923184911647;17330;90.78646198919644;17330;13.0497146519364;17330;643.72629613496952;17330;9.500106814783166;17330;9.6334727011932735;17330;82.485427411725212;17330;112.56447035126804
17340;142.48481704153568;17340;90.859706411938859;17340;13.122959074678791;17340;644.04257886953894;17340;9.500106814783166;17340;9.6307260353404338;17340;82.5342570268868;17340;112.38135929441206
17350;142.47260963774528;17350;90.920743430890852;17350;13.086336863307595;17350;644.43793228775075;17350;9.500106814783166;17350;9.6319467757194737;17350;82.66853846858119;17350;112.19824823755609
17360;142.55806146427807;17360;90.945158238471649;17360;13.074129459517197;17360;644.79375036414137;17360;9.500106814783166;17360;9.6307260353404338;17360;82.790612506485175;17360;111.95410016174809
17370;142.44819483016448;17370;90.957365642262047;17370;13.15958128604999;17370;645.1100330987108;17370;9.500106814783166;17370;9.6310312204351938;17370;82.802819910275574;17370;111.79540391247291
17380;142.3017059846797;17380;90.957365642262047;17380;13.061922055726798;17380;645.5053865169225;17380;9.500106814783166;17380;9.6334727011932735;17380;82.729575487533182;17380;111.70995208594012
17390;142.38715781121249;17390;91.055024872585236;17390;13.086336863307595;17390;645.97981061877658;17390;9.500106814783166;17390;9.6282845545823541;17390;82.66853846858119;17390;111.66112247077852
17400;142.47260963774528;17400;91.006195257423641;17400;13.15958128604999;17400;646.3356286951672;17400;9.500106814783166;17400;9.6334727011932735;17400;82.692953276161987;17400;111.69774468214972
17410;142.64351329081089;17410;91.006195257423641;17410;13.183996093630787;17410;646.69144677155782;17410;9.500106814783166;17410;9.6285897396771141;17410;82.815027314065972;17410;111.8076113162633
17420;142.57026886806847;17420;91.091647083956431;17420;13.208410901211584;17420;647.04726484794844;17420;9.500106814783166;17420;9.6343882564775534;17420;82.741782891323581;17420;111.96630756553849
17430;142.48481704153568;17430;90.896328623310055;17430;13.171788689840389;17430;647.363547582518;17430;9.500106814783166;17430;9.6267586291085543;17430;82.6075014496292;17430;112.23487044892728
17440;142.48481704153568;17440;90.859706411938859;17440;13.220618305001983;17440;647.83797168437206;17440;9.500106814783166;17440;9.6307260353404338;17440;82.6197088534196;17440;112.50343333231605
17450;142.42378002258368;17450;90.957365642262047;17450;13.245033112582782;17450;648.23332510258376;17450;9.500106814783166;17450;9.628894924771874;17450;82.656331064790791;17450;112.50343333231605
17460;142.48481704153568;17460;90.810876796777237;17460;13.306070131534774;17460;648.62867852079557;17460;9.500106814783166;17460;9.6282845545823541;17460;82.6075014496292;17460;112.44239631336406
17470;142.50923184911647;17470;90.835291604358062;17470;13.15958128604999;17470;649.02403193900739;17470;9.500106814783166;17470;9.6298104800561539;17470;82.63191625721;17470;112.24707785271768
17480;142.50923184911647;17480;90.908536027100453;17480;13.061922055726798;17480;649.4193853572192;17480;9.500106814783166;17480;9.629505294961394;17480;82.717368083742784;17480;112.1250038148137
17490;142.41157261879329;17490;90.798669392986838;17490;13.135166478469193;17490;649.77520343360982;17490;9.500106814783166;17490;9.6365245521408731;17490;82.741782891323581;17490;112.01513718070008
17500;142.58247627185889;17500;90.920743430890852;17500;13.171788689840389;17500;650.17055685182152;17500;9.500106814783166;17500;9.6334727011932735;17500;82.802819910275574;17500;111.96630756553849
17510;142.58247627185889;17510;91.006195257423641;17510;13.171788689840389;17510;650.60544561185441;17510;9.500106814783166;17510;9.6362193670461131;17510;82.815027314065972;17510;111.99072237311928
17520;142.50923184911647;17520;90.945158238471649;17520;13.208410901211584;17520;650.92172834642383;17520;9.500106814783166;17520;9.6261482589190344;17520;82.644123661000393;17520;112.07617419965207
17530;142.50923184911647;17530;90.969573046052446;17530;13.183996093630787;17530;651.27754642281445;17530;9.500106814783166;17530;9.6331675160985135;17530;82.5830866420484;17530;112.24707785271768
17540;142.50923184911647;17540;90.896328623310055;17540;13.183996093630787;17540;651.51475847374149;17540;9.500106814783166;17540;9.6282845545823541;17540;82.570879238258;17540;112.38135929441206
17550;142.55806146427807;17550;90.725424970244447;17550;13.245033112582782;17550;651.9496472337745;17550;9.500106814783166;17550;9.6285897396771141;17550;82.448805200354016;17550;112.55226294747764
17560;142.39936521500289;17560;90.688802758873251;17560;13.318277535325173;17560;652.38453599380762;17560;9.500106814783166;17560;9.629505294961394;17560;82.387768181402024;17560;112.61329996642964
17570;142.37495040742209;17570;90.737632374034845;17570;13.318277535325173;17570;652.77988941201943;17570;9.500106814783166;17570;9.6301156651509139;17570;82.448805200354016;17570;112.62550737022003
17580;142.38715781121249;17580;90.566728720969266;17580;13.183996093630787;17580;653.13570748841;17580;9.500106814783166;17580;9.6340830713827934;17580;82.522049623096407;17580;112.52784813989685
17590;142.49702444532608;17590;90.639973143711657;17590;13.013092440565202;17590;653.57059624844294;17590;9.500106814783166;17590;9.6285897396771141;17590;82.473220007934813;17590;112.40577410199286
17600;142.47260963774528;17600;90.908536027100453;17600;13.086336863307595;17600;653.92641432483356;17600;9.500106814783166;17600;9.6340830713827934;17600;82.485427411725212;17600;112.35694448683127
17610;142.50923184911647;17610;90.78646198919644;17610;13.183996093630787;17610;654.20316171758179;17610;9.500106814783166;17610;9.6301156651509139;17610;82.570879238258;17610;112.30811487166967
17620;142.54585406048767;17620;90.737632374034845;17620;13.0497146519364;17620;654.63805047761468;17620;9.500106814783166;17620;9.6359141819513532;17620;82.644123661000393;17620;112.34473708304087
17630;142.44819483016448;17630;90.835291604358062;17630;13.135166478469193;17630;654.95433321218411;17630;9.500106814783166;17630;9.6285897396771141;17630;82.5830866420484;17630;112.30811487166967
17640;142.39936521500289;17640;90.871913815729258;17640;13.342692342905973;17640;655.27061594675354;17640;9.500106814783166;17640;9.6316415906247137;17640;82.5830866420484;17640;112.39356669820246
17650;142.36274300363169;17650;90.835291604358062;17650;13.354899746696372;17650;655.70550470678654;17650;9.500106814783166;17650;9.628894924771874;17650;82.522049623096407;17650;112.47901852473525
17660;142.44819483016448;17660;90.78646198919644;17660;13.269447920163579;17660;656.10085812499835;17660;9.500106814783166;17660;9.6285897396771141;17660;82.461012604144415;17660;112.58888515884884
17670;142.46040223395488;17670;90.713217566454048;17670;13.232825708792383;17670;656.3380701759254;17670;9.500106814783166;17670;9.6322519608142336;17670;82.387768181402024;17670;112.64992217780083
17680;142.52143925290687;17680;90.859706411938859;17680;13.318277535325173;17680;656.81249427777948;17680;9.500106814783166;17680;9.629200109866634;17680;82.363353373821226;17680;112.61329996642964
17690;142.48481704153568;17690;90.823084200567664;17690;13.306070131534774;17690;657.1683123541701;17690;9.500106814783166;17690;9.6331675160985135;17690;82.485427411725212;17690;112.51564073610645
17700;142.55806146427807;17700;90.725424970244447;17700;13.306070131534774;17700;657.52413043056072;17700;9.500106814783166;17700;9.6270638142033143;17700;82.5342570268868;17700;112.47901852473525
17710;142.47260963774528;17710;90.859706411938859;17710;13.269447920163579;17710;657.99855453241491;17710;9.500106814783166;17710;9.6337778862880334;17710;82.49763481551561;17710;112.56447035126804
17720;142.55806146427807;17720;90.884121219519656;17720;13.171788689840389;17720;658.39390795062673;17720;9.500106814783166;17720;9.6285897396771141;17720;82.5830866420484;17720;112.41798150578326
17730;142.76558732871487;17730;90.798669392986838;17730;13.110751670888392;17730;658.74972602701735;17730;9.500106814783166;17730;9.6322519608142336;17730;82.778405102694776;17730;112.23487044892728
17740;142.69234290597248;17740;90.713217566454048;17740;13.171788689840389;17740;659.10554410340785;17740;9.500106814783166;17740;9.6298104800561539;17740;82.692953276161987;17740;112.30811487166967
17750;142.61909848323009;17750;90.798669392986838;17750;13.269447920163579;17750;659.57996820526193;17750;9.500106814783166;17750;9.6313364055299537;17750;82.5830866420484;17750;112.51564073610645
17760;142.48481704153568;17760;90.798669392986838;17760;13.25724051637318;17760;659.89625093983136;17760;9.500106814783166;17760;9.6316415906247137;17760;82.5830866420484;17760;112.57667775505844
17770;142.54585406048767;17770;90.810876796777237;17770;13.245033112582782;17770;660.252069016222;17770;9.500106814783166;17770;9.6282845545823541;17770;82.656331064790791;17770;112.66212958159123
17780;142.47260963774528;17780;90.774254585406041;17780;13.232825708792383;17780;660.6078870926126;17780;9.500106814783166;17780;9.6334727011932735;17780;82.656331064790791;17780;112.75978881191442
17790;142.48481704153568;17790;90.61555833613086;17790;13.281655323953977;17790;661.0427758526456;17790;9.500106814783166;17790;9.6316415906247137;17790;82.485427411725212;17790;112.78420361949522
17800;142.50923184911647;17800;90.578936124759664;17800;13.25724051637318;17800;661.4776646126785;17800;9.500106814783166;17800;9.6359141819513532;17800;82.448805200354016;17800;112.79641102328561
17810;142.55806146427807;17810;90.713217566454048;17810;13.220618305001983;17810;661.75441200542673;17810;9.500106814783166;17810;9.6267586291085543;17810;82.5464644306772;17810;112.75978881191442
17820;142.54585406048767;17820;90.835291604358062;17820;13.183996093630787;17820;662.14976542363843;17820;9.500106814783166;17820;9.6328623310037536;17820;82.63191625721;17820;112.61329996642964
17830;142.55806146427807;17830;90.835291604358062;17830;13.220618305001983;17830;662.50558350002916;17830;9.500106814783166;17830;9.6276741843928342;17830;82.5464644306772;17830;112.60109256263924
17840;142.58247627185889;17840;90.884121219519656;17840;13.281655323953977;17840;662.900936918241;17840;9.500106814783166;17840;9.6313364055299537;17840;82.5342570268868;17840;112.62550737022003
17850;142.58247627185889;17850;90.884121219519656;17850;13.208410901211584;17850;663.25675499463159;17850;9.500106814783166;17850;9.6301156651509139;17850;82.5342570268868;17850;112.46681112094485
17860;142.72896511734368;17860;90.78646198919644;17860;13.147373882259592;17860;663.6916437546646;17860;9.500106814783166;17860;9.6285897396771141;17860;82.49763481551561;17860;112.55226294747764
17870;142.55806146427807;17870;90.70101016266365;17870;13.171788689840389;17870;664.00792648923391;17870;9.500106814783166;17870;9.6328623310037536;17870;82.399975585192422;17870;112.73537400433362
17880;142.47260963774528;17880;90.725424970244447;17880;13.171788689840389;17880;664.40327990744572;17880;9.500106814783166;17880;9.628894924771874;17880;82.412182988982821;17880;112.91848506118963
17890;142.46040223395488;17890;90.688802758873251;17890;13.147373882259592;17890;664.75909798383623;17890;9.500106814783166;17890;9.6346934415723133;17890;82.399975585192422;17890;113.06497390667441
17900;142.52143925290687;17900;90.61555833613086;17900;13.147373882259592;17900;665.07538071840565;17900;9.500106814783166;17900;9.6273689992980742;17900;82.412182988982821;17900;113.05276650288401
17910;142.44819483016448;17910;90.639973143711657;17910;13.15958128604999;17910;665.589340162081;17910;9.500106814783166;17910;9.6322519608142336;17910;82.448805200354016;17910;113.05276650288401
17920;142.36274300363169;17920;90.664387951292454;17920;13.232825708792383;17920;665.90562289665047;17920;9.500106814783166;17920;9.6276741843928342;17920;82.387768181402024;17920;113.02835169530321
17930;142.39936521500289;17930;90.664387951292454;17930;13.183996093630787;17930;666.38004699850455;17930;9.500106814783166;17930;9.6316415906247137;17930;82.448805200354016;17930;112.8818628498184
17940;142.42378002258368;17940;90.713217566454048;17940;13.220618305001983;17940;666.73586507489506;17940;9.500106814783166;17940;9.629200109866634;17940;82.485427411725212;17940;112.77199621570482
17950;142.54585406048767;17950;90.810876796777237;17950;13.306070131534774;17950;667.13121849310687;17950;9.500106814783166;17950;9.6310312204351938;17950;82.448805200354016;17950;112.84524063844721
17960;142.48481704153568;17960;90.774254585406041;17960;13.269447920163579;17960;667.40796588585511;17960;9.500106814783166;17960;9.6328623310037536;17960;82.448805200354016;17960;112.93069246498003
17970;142.38715781121249;17970;90.725424970244447;17970;13.306070131534774;17970;667.68471327860368;17970;9.500106814783166;17970;9.6276741843928342;17970;82.49763481551561;17970;113.04055909909361
17980;142.44819483016448;17980;90.737632374034845;17980;13.306070131534774;17980;668.11960203863657;17980;9.500106814783166;17980;9.6328623310037536;17980;82.351145970030828;17980;113.05276650288401
17990;142.64351329081089;17990;90.737632374034845;17990;13.318277535325173;17990;668.47542011502719;17990;9.500106814783166;17990;9.6282845545823541;17990;82.326731162450031;17990;113.04055909909361
18000;142.47260963774528;18000;90.749839777825244;18000;13.306070131534774;18000;668.8312381914177;18000;9.500106814783166;18000;9.6353038117618333;18000;82.448805200354016;18000;113.04055909909361
18010;142.41157261879329;18010;90.810876796777237;18010;13.232825708792383;18010;669.30566229327189;18010;9.500106814783166;18010;9.6282845545823541;18010;82.412182988982821;18010;113.04055909909361
18020;142.46040223395488;18020;90.78646198919644;18020;13.183996093630787;18020;669.78008639512609;18020;9.500106814783166;18020;9.6322519608142336;18020;82.387768181402024;18020;113.04055909909361
18030;142.48481704153568;18030;90.639973143711657;18030;13.281655323953977;18030;670.17543981333779;18030;9.500106814783166;18030;9.629505294961394;18030;82.375560777611625;18030;113.01614429151282
18040;142.58247627185889;18040;90.652180547502056;18040;13.318277535325173;18040;670.61032857337079;18040;9.500106814783166;18040;9.6316415906247137;18040;82.375560777611625;18040;112.96731467635122
18050;142.55806146427807;18050;90.688802758873251;18050;13.25724051637318;18050;670.88707596611891;18050;9.500106814783166;18050;9.6316415906247137;18050;82.302316354869234;18050;113.00393688772242
18060;142.47260963774528;18060;90.688802758873251;18060;13.281655323953977;18060;671.24289404250953;18060;9.500106814783166;18060;9.629505294961394;18060;82.375560777611625;18060;113.05276650288401
18070;142.36274300363169;18070;90.774254585406041;18070;13.269447920163579;18070;671.67778280254254;18070;9.500106814783166;18070;9.6340830713827934;18070;82.448805200354016;18070;113.10159611804561
18080;142.54585406048767;18080;90.78646198919644;18080;13.306070131534774;18080;672.03360087893316;18080;9.500106814783166;18080;9.6313364055299537;18080;82.461012604144415;18080;113.1626331369976
18090;142.50923184911647;18090;90.652180547502056;18090;13.330484939115575;18090;672.34988361350258;18090;9.500106814783166;18090;9.6365245521408731;18090;82.5464644306772;18090;113.22367015594959
18100;142.46040223395488;18100;90.578936124759664;18100;13.318277535325173;18100;672.66616634807212;18100;9.500106814783166;18100;9.6270638142033143;18100;82.522049623096407;18100;113.24808496353039
18110;142.42378002258368;18110;90.627765739921259;18110;13.183996093630787;18110;673.18012579174729;18110;9.500106814783166;18110;9.6334727011932735;18110;82.461012604144415;18110;113.19925534836879
18120;142.42378002258368;18120;90.688802758873251;18120;13.183996093630787;18120;673.49640852631671;18120;9.500106814783166;18120;9.629200109866634;18120;82.436597796563618;18120;113.27249977111119
18130;142.42378002258368;18130;90.78646198919644;18130;13.220618305001983;18130;673.89176194452853;18130;9.500106814783166;18130;9.6316415906247137;18130;82.326731162450031;18130;113.28470717490158
18140;142.52143925290687;18140;90.810876796777237;18140;13.122959074678791;18140;674.24758002091914;18140;9.500106814783166;18140;9.6298104800561539;18140;82.290108951078835;18140;113.24808496353039
18150;142.60689107943969;18150;90.749839777825244;18150;13.208410901211584;18150;674.56386275548857;18150;9.500106814783166;18150;9.629200109866634;18150;82.363353373821226;18150;113.19925534836879
18160;142.46040223395488;18160;90.737632374034845;18160;13.232825708792383;18160;675.07782219916385;18160;9.500106814783166;18160;9.6340830713827934;18160;82.314523758659632;18160;113.23587755973999
18170;142.55806146427807;18170;90.688802758873251;18170;13.183996093630787;18170;675.59178164283912;18170;9.500106814783166;18170;9.6316415906247137;18170;82.363353373821226;18170;113.39457380901517
18180;142.44819483016448;18180;90.603350932340462;18180;13.171788689840389;18180;675.90806437740855;18180;9.500106814783166;18180;9.6359141819513532;18180;82.351145970030828;18180;113.39457380901517
18190;142.48481704153568;18190;90.542313913388469;18190;13.15958128604999;18190;676.224347111978;18190;9.500106814783166;18190;9.6273689992980742;18190;82.204657124546031;18190;113.48002563554796
18200;142.36274300363169;18200;90.383617664113274;18200;13.208410901211584;18200;676.50109450472621;18200;9.500106814783166;18200;9.6331675160985135;18200;82.290108951078835;18200;113.57768486587115
18210;142.2894985808893;18210;90.444654683065281;18210;13.330484939115575;18210;676.81737723929564;18210;9.500106814783166;18210;9.6282845545823541;18210;82.399975585192422;18210;113.54106265449995
18220;142.38715781121249;18220;90.578936124759664;18220;13.342692342905973;18220;677.331336682971;18220;9.500106814783166;18220;9.6322519608142336;18220;82.314523758659632;18220;113.60209967345195
18230;142.44819483016448;18230;90.603350932340462;18230;13.232825708792383;18230;677.64761941754045;18230;9.500106814783166;18230;9.6301156651509139;18230;82.265694143498038;18230;113.65092928861354
18240;142.49702444532608;18240;90.798669392986838;18240;13.220618305001983;18240;678.04297283575227;18240;9.500106814783166;18240;9.6316415906247137;18240;82.204657124546031;18240;113.54106265449995
18250;142.3383281960509;18250;90.810876796777237;18250;13.15958128604999;18250;678.438326253964;18250;9.500106814783166;18250;9.6328623310037536;18250;82.302316354869234;18250;113.38236640522477
18260;142.41157261879329;18260;90.652180547502056;18260;13.110751670888392;18260;678.83367967217578;18260;9.500106814783166;18260;9.628894924771874;18260;82.448805200354016;18260;113.33353679006318
18270;142.46040223395488;18270;90.603350932340462;18270;13.25724051637318;18270;679.1894977485664;18270;9.500106814783166;18270;9.6331675160985135;18270;82.412182988982821;18270;113.24808496353039
18280;142.52143925290687;18280;90.627765739921259;18280;13.232825708792383;18280;679.58485116677821;18280;9.500106814783166;18280;9.6307260353404338;18280;82.448805200354016;18280;113.27249977111119
18290;142.64351329081089;18290;90.652180547502056;18290;13.220618305001983;18290;679.94066924316883;18290;9.500106814783166;18290;9.6359141819513532;18290;82.351145970030828;18290;113.38236640522477
18300;142.59468367564929;18300;90.639973143711657;18300;13.330484939115575;18300;680.29648731955933;18300;9.500106814783166;18300;9.6273689992980742;18300;82.180242316965234;18300;113.58989226966155
18310;142.39936521500289;18310;90.566728720969266;18310;13.403729361857966;18310;680.73137607959222;18310;9.500106814783166;18310;9.6331675160985135;18310;82.265694143498038;18310;113.82183294167913
18320;142.41157261879329;18320;90.566728720969266;18320;13.330484939115575;18320;681.00812347234057;18320;9.500106814783166;18320;9.6264534440137943;18320;82.192449720755633;18320;113.82183294167913
18330;142.60689107943969;18330;90.652180547502056;18330;13.220618305001983;18330;681.40347689055227;18330;9.500106814783166;18330;9.628894924771874;18330;82.180242316965234;18330;113.76079592272714
18340;142.55806146427807;18340;90.542313913388469;18340;13.122959074678791;18340;681.83836565058527;18340;9.500106814783166;18340;9.6322519608142336;18340;82.290108951078835;18340;113.77300332651754
18350;142.38715781121249;18350;90.603350932340462;18350;13.245033112582782;18350;682.23371906879709;18350;9.500106814783166;18350;9.6310312204351938;18350;82.290108951078835;18350;113.80962553788873
18360;142.24066896572771;18360;90.639973143711657;18360;13.36710715048677;18360;682.66860782883009;18360;9.500106814783166;18360;9.6340830713827934;18360;82.241279335917241;18360;113.66313669240394
18370;142.42378002258368;18370;90.517899105807672;18370;13.15958128604999;18370;683.06396124704179;18370;9.500106814783166;18370;9.629200109866634;18370;82.277901547288437;18370;113.57768486587115
18380;142.36274300363169;18380;90.444654683065281;18380;13.147373882259592;18380;683.41977932343241;18380;9.500106814783166;18380;9.6331675160985135;18380;82.302316354869234;18380;113.51664784691916
18390;142.41157261879329;18390;90.493484298226875;18390;13.318277535325173;18390;683.775597399823;18390;9.500106814783166;18390;9.6264534440137943;18390;82.241279335917241;18390;113.43119602038637
18400;142.58247627185889;18400;90.688802758873251;18400;13.281655323953977;18400;684.28955684349842;18400;9.500106814783166;18400;9.6334727011932735;18400;82.21686452833643;18400;113.56547746208075
18410;142.60689107943969;18410;90.627765739921259;18410;13.306070131534774;18410;684.64537491988892;18410;9.500106814783166;18410;9.629505294961394;18410;82.229071932126843;18410;113.68755149998475
18420;142.55806146427807;18420;90.603350932340462;18420;13.342692342905973;18420;685.04072833810062;18420;9.500106814783166;18420;9.6340830713827934;18420;82.143620105594039;18420;113.83404034546953
18430;142.57026886806847;18430;90.542313913388469;18430;13.25724051637318;18430;685.27794038902778;18430;9.500106814783166;18430;9.6313364055299537;18430;82.155827509384437;18430;114.02935880611591
18440;142.57026886806847;18440;90.517899105807672;18440;13.269447920163579;18440;685.75236449088186;18440;9.500106814783166;18440;9.628894924771874;18440;82.21686452833643;18440;113.96832178716392
18450;142.3383281960509;18450;90.664387951292454;18450;13.403729361857966;18450;686.06864722545129;18450;9.500106814783166;18450;9.6316415906247137;18450;82.265694143498038;18450;113.91949217200232
18460;142.54585406048767;18460;90.627765739921259;18460;13.269447920163579;18460;686.42446530184191;18460;9.500106814783166;18460;9.629505294961394;18460;82.326731162450031;18460;113.94390697958312
18470;142.50923184911647;18470;90.639973143711657;18470;13.232825708792383;18470;686.8988894036961;18470;9.500106814783166;18470;9.6356089968565932;18470;82.204657124546031;18470;113.68755149998475
18480;142.46040223395488;18480;90.737632374034845;18480;13.354899746696372;18480;687.25470748008661;18480;9.500106814783166;18480;9.6285897396771141;18480;82.204657124546031;18480;113.55327005829035
18490;142.49702444532608;18490;90.639973143711657;18490;13.281655323953977;18490;687.61052555647711;18490;9.500106814783166;18490;9.6334727011932735;18490;82.290108951078835;18490;113.74858851893674
18500;142.55806146427807;18500;90.432447279274882;18500;13.269447920163579;18500;687.966343632868;18500;9.500106814783166;18500;9.628894924771874;18500;82.229071932126843;18500;113.74858851893674
18510;142.49702444532608;18510;90.383617664113274;18510;13.306070131534774;18510;688.36169705107966;18510;9.500106814783166;18510;9.6337778862880334;18510;82.180242316965234;18510;113.76079592272714
18520;142.42378002258368;18520;90.432447279274882;18520;13.379314554277169;18520;688.638444443828;18520;9.500106814783166;18520;9.629200109866634;18520;82.155827509384437;18520;113.91949217200232
18530;142.50923184911647;18530;90.53010650959807;18530;13.464766380809962;18530;689.03379786203971;18530;9.500106814783166;18530;9.6310312204351938;18530;82.241279335917241;18530;114.04156620990631
18540;142.47260963774528;18540;90.639973143711657;18540;13.330484939115575;18540;689.38961593843032;18540;9.500106814783166;18540;9.6331675160985135;18540;82.387768181402024;18540;114.1148106326487
18550;142.50923184911647;18550;90.652180547502056;18550;13.171788689840389;18550;689.82450469846322;18550;9.500106814783166;18550;9.6307260353404338;18550;82.265694143498038;18550;114.0781884212775
18560;142.46040223395488;18560;90.554521317178867;18560;13.208410901211584;18560;690.14078743303264;18560;9.500106814783166;18560;9.6340830713827934;18560;82.119205298013242;18560;114.1026032288583
18570;142.50923184911647;18570;90.395825067903672;18570;13.306070131534774;18570;690.53614085124445;18570;9.500106814783166;18570;9.629200109866634;18570;82.13141270180364;18570;114.04156620990631
18580;142.44819483016448;18580;90.310373241370883;18580;13.330484939115575;18580;690.93149426945627;18580;9.500106814783166;18580;9.6346934415723133;18580;82.13141270180364;18580;113.84624774925993
18590;142.41157261879329;18590;90.481276894436476;18590;13.36710715048677;18590;691.28731234584677;18590;9.500106814783166;18590;9.6258430738242744;18590;82.155827509384437;18590;113.77300332651754
18600;142.50923184911647;18600;90.603350932340462;18600;13.330484939115575;18600;691.68266576405858;18600;9.500106814783166;18600;9.6316415906247137;18600;82.265694143498038;18600;113.87066255684073
18610;142.49702444532608;18610;90.469069490646078;18610;13.306070131534774;18610;691.998948498628;18610;9.500106814783166;18610;9.629505294961394;18610;82.229071932126843;18610;113.93169957579272
18620;142.57026886806847;18620;90.554521317178867;18620;13.415936765648365;18620;692.39430191683971;18620;9.500106814783166;18620;9.6316415906247137;18620;82.119205298013242;18620;114.18805505539109
18630;142.48481704153568;18630;90.664387951292454;18630;13.36710715048677;18630;692.78965533505175;18630;9.500106814783166;18630;9.6313364055299537;18630;82.155827509384437;18630;114.34675130466627
18640;142.47260963774528;18640;90.53010650959807;18640;13.403729361857966;18640;693.14547341144237;18640;9.500106814783166;18640;9.6313364055299537;18640;82.277901547288437;18640;114.28571428571428
18650;142.44819483016448;18650;90.322580645161281;18650;13.440351573229165;18650;693.54082682965418;18650;9.500106814783166;18650;9.6340830713827934;18650;82.229071932126843;18650;114.35895870845667
18660;142.44819483016448;18660;90.444654683065281;18660;13.428144169438767;18660;693.97571558968707;18660;9.500106814783166;18660;9.6285897396771141;18660;82.119205298013242;18660;114.39558091982786
18670;142.24066896572771;18670;90.469069490646078;18670;13.342692342905973;18670;694.2919983242565;18670;9.500106814783166;18670;9.6334727011932735;18670;82.094790490432445;18670;114.34675130466627
18680;142.3017059846797;18680;90.408032471694071;18680;13.415936765648365;18680;694.64781640064712;18680;9.500106814783166;18680;9.6285897396771141;18680;82.13141270180364;18680;114.29792168950468
18690;142.36274300363169;18690;90.395825067903672;18690;13.428144169438767;18690;695.16177584432239;18690;9.500106814783166;18690;9.6340830713827934;18690;82.21686452833643;18690;114.37116611224707
18700;142.42378002258368;18700;90.359202856532477;18700;13.183996093630787;18700;695.47805857889182;18700;9.500106814783166;18700;9.6301156651509139;18700;82.277901547288437;18700;114.32233649708547
18710;142.42378002258368;18710;90.310373241370883;18710;13.220618305001983;18710;695.91294733892482;18710;9.500106814783166;18710;9.6340830713827934;18710;82.241279335917241;18710;114.26129947813348
18720;142.41157261879329;18720;90.310373241370883;18720;13.269447920163579;18720;696.26876541531533;18720;9.500106814783166;18720;9.6285897396771141;18720;82.241279335917241;18720;114.29792168950468
18730;142.54585406048767;18730;90.408032471694071;18730;13.36710715048677;18730;696.664118833527;18730;9.500106814783166;18730;9.629505294961394;18730;82.265694143498038;18730;114.37116611224707
18740;142.48481704153568;18740;90.371410260322875;18740;13.525803399761957;18740;696.98040156809645;18740;9.500106814783166;18740;9.6319467757194737;18740;82.119205298013242;18740;114.48103274636068
18750;142.44819483016448;18750;90.444654683065281;18750;13.403729361857966;18750;697.33621964448707;18750;9.500106814783166;18750;9.6285897396771141;18750;81.972716452528459;18750;114.50544755394148
18760;142.3261207922605;18760;90.469069490646078;18760;13.330484939115575;18760;697.69203772087769;18760;9.500106814783166;18760;9.6340830713827934;18760;82.04596087527085;18760;114.50544755394148
18770;142.50923184911647;18770;90.383617664113274;18770;13.428144169438767;18770;698.04785579726843;18770;9.500106814783166;18770;9.628894924771874;18770;82.13141270180364;18770;114.55427716910307
18780;142.42378002258368;18780;90.322580645161281;18780;13.464766380809962;18780;698.44320921548012;18780;9.500106814783166;18780;9.6353038117618333;18780;82.009338663899655;18780;114.59089938047427
18790;142.39936521500289;18790;90.273751029999687;18790;13.428144169438767;18790;698.71995660822836;18790;9.500106814783166;18790;9.6267586291085543;18790;81.972716452528459;18790;114.55427716910307
18800;142.47260963774528;18800;90.359202856532477;18800;13.354899746696372;18800;699.19438071008256;18800;9.500106814783166;18800;9.6322519608142336;18800;82.033753471480452;18800;114.44441053498946
18810;142.42378002258368;18810;90.444654683065281;18810;13.379314554277169;18810;699.62926947011545;18810;9.500106814783166;18810;9.629200109866634;18810;82.13141270180364;18810;114.43220313119906
18820;142.54585406048767;18820;90.444654683065281;18820;13.269447920163579;18820;699.90601686286379;18820;9.500106814783166;18820;9.6298104800561539;18820;82.21686452833643;18820;114.43220313119906
18830;142.48481704153568;18830;90.481276894436476;18830;13.15958128604999;18830;700.14322891379084;18830;9.500106814783166;18830;9.6316415906247137;18830;82.13141270180364;18830;114.55427716910307
18840;142.49702444532608;18840;90.469069490646078;18840;13.306070131534774;18840;700.57811767382384;18840;9.500106814783166;18840;9.6301156651509139;18840;82.192449720755633;18840;114.73738822595905
18850;142.46040223395488;18850;90.408032471694071;18850;13.281655323953977;18850;700.93393575021435;18850;9.500106814783166;18850;9.6328623310037536;18850;82.143620105594039;18850;114.70076601458786
18860;142.38715781121249;18860;90.383617664113274;18860;13.281655323953977;18860;701.329289168426;18860;9.500106814783166;18860;9.629200109866634;18860;82.058168279061249;18860;114.65193639942626
18870;142.2650837733085;18870;90.383617664113274;18870;13.440351573229165;18870;701.764177928459;18870;9.500106814783166;18870;9.6359141819513532;18870;82.094790490432445;18870;114.65193639942626
18880;142.38715781121249;18880;90.359202856532477;18880;13.415936765648365;18880;702.15953134667086;18880;9.500106814783166;18880;9.6264534440137943;18880;82.119205298013242;18880;114.65193639942626
18890;142.44819483016448;18890;90.310373241370883;18890;13.354899746696372;18890;702.59442010670375;18890;9.500106814783166;18890;9.6322519608142336;18890;82.155827509384437;18890;114.70076601458786
18900;142.38715781121249;18900;90.346995452742078;18900;13.25724051637318;18900;702.83163215763091;18900;9.500106814783166;18900;9.628894924771874;18900;82.021546067690053;18900;114.67635120700706
18910;142.39936521500289;18910;90.359202856532477;18910;13.220618305001983;18910;703.34559160130618;18910;9.500106814783166;18910;9.6310312204351938;18910;82.094790490432445;18910;114.66414380321666
18920;142.42378002258368;18920;90.456862086855679;18920;13.330484939115575;18920;703.7014096776968;18920;9.500106814783166;18920;9.6313364055299537;18920;82.180242316965234;18920;114.70076601458786
18930;142.54585406048767;18930;90.456862086855679;18930;13.452558977019564;18930;704.01769241226623;18930;9.500106814783166;18930;9.629200109866634;18930;82.180242316965234;18930;114.73738822595905
18940;142.42378002258368;18940;90.346995452742078;18940;13.36710715048677;18940;704.413045830478;18940;9.500106814783166;18940;9.6307260353404338;18940;82.143620105594039;18940;114.81063264870144
18950;142.41157261879329;18950;90.310373241370883;18950;13.354899746696372;18950;704.847934590511;18950;9.500106814783166;18950;9.6285897396771141;18950;81.984923856318858;18950;114.92049928281503
18960;142.3017059846797;18960;90.237128818628491;18960;13.440351573229165;18960;705.20375266690166;18960;9.500106814783166;18960;9.6337778862880334;18960;81.948301644947662;18960;114.88387707144383
18970;142.48481704153568;18970;90.298165837580484;18970;13.550218207342754;18970;705.4805000596499;18970;9.500106814783166;18970;9.6267586291085543;18970;81.911679433576467;18970;114.90829187902463
18980;142.54585406048767;18980;90.346995452742078;18980;13.428144169438767;18980;705.99445950332506;18980;9.500106814783166;18980;9.6343882564775534;18980;82.033753471480452;18980;114.99374370555742
18990;142.47260963774528;18990;90.481276894436476;18990;13.25724051637318;18990;706.38981292153687;18990;9.500106814783166;18990;9.6282845545823541;18990;82.119205298013242;18990;115.04257332071901
19000;142.46040223395488;19000;90.493484298226875;19000;13.330484939115575;19000;706.94330770703334;19000;9.500106814783166;19000;9.6316415906247137;19000;82.058168279061249;19000;115.06698812829981
19010;142.36274300363169;19010;90.285958433790086;19010;13.220618305001983;19010;707.25959044160277;19010;9.500106814783166;19010;9.6319467757194737;19010;82.033753471480452;19010;115.09140293588061
19020;142.36274300363169;19020;90.359202856532477;19020;13.245033112582782;19020;707.734014543457;19020;9.500106814783166;19020;9.6316415906247137;19020;82.070375682851648;19020;115.06698812829981
19030;142.38715781121249;19030;90.359202856532477;19030;13.464766380809962;19030;708.12936796166889;19030;9.500106814783166;19030;9.6319467757194737;19030;82.033753471480452;19030;114.99374370555742
19040;142.49702444532608;19040;90.493484298226875;19040;13.476973784600361;19040;708.44565069623832;19040;9.500106814783166;19040;9.629505294961394;19040;82.119205298013242;19040;114.99374370555742
19050;142.39936521500289;19050;90.444654683065281;19050;13.428144169438767;19050;708.84100411445013;19050;9.500106814783166;19050;9.6340830713827934;19050;82.180242316965234;19050;114.98153630176702
19060;142.42378002258368;19060;90.261543626209289;19060;13.513595995971556;19060;709.23635753266194;19060;9.500106814783166;19060;9.629505294961394;19060;82.021546067690053;19060;115.11581774346141
19070;142.36274300363169;19070;90.261543626209289;19070;13.464766380809962;19070;709.59217560905256;19070;9.500106814783166;19070;9.6362193670461131;19070;81.984923856318858;19070;115.2500991851558
19080;142.38715781121249;19080;90.261543626209289;19080;13.342692342905973;19080;709.90845834362187;19080;9.500106814783166;19080;9.629200109866634;19080;82.021546067690053;19080;115.2012695699942
19090;142.48481704153568;19090;90.456862086855679;19090;13.306070131534774;19090;710.382882445476;19090;9.500106814783166;19090;9.6343882564775534;19090;82.070375682851648;19090;115.1768547624134
19100;142.49702444532608;19100;90.371410260322875;19100;13.428144169438767;19100;710.73870052186658;19100;9.500106814783166;19100;9.6285897396771141;19100;82.033753471480452;19100;115.1280251472518
19110;142.50923184911647;19110;90.2249214148381;19110;13.403729361857966;19110;711.13405394007839;19110;9.500106814783166;19110;9.6285897396771141;19110;82.009338663899655;19110;115.21347697378459
19120;142.55806146427807;19120;90.261543626209289;19120;13.208410901211584;19120;711.45033667464782;19120;9.500106814783166;19120;9.6328623310037536;19120;82.106997894222843;19120;115.2623065889462
19130;142.52143925290687;19130;90.285958433790086;19130;13.208410901211584;19130;711.9247607765019;19130;9.500106814783166;19130;9.6316415906247137;19130;82.180242316965234;19130;115.21347697378459
19140;142.41157261879329;19140;90.359202856532477;19140;13.403729361857966;19140;712.32011419471371;19140;9.500106814783166;19140;9.6328623310037536;19140;82.21686452833643;19140;115.286721396527
19150;142.46040223395488;19150;90.298165837580484;19150;13.452558977019564;19150;712.7550029547466;19150;9.500106814783166;19150;9.6273689992980742;19150;82.229071932126843;19150;115.34775841547899
19160;142.3261207922605;19160;90.359202856532477;19160;13.379314554277169;19160;713.11082103113733;19160;9.500106814783166;19160;9.6337778862880334;19160;82.04596087527085;19160;115.35996581926939
19170;142.38715781121249;19170;90.298165837580484;19170;13.403729361857966;19170;713.42710376570676;19170;9.500106814783166;19170;9.6258430738242744;19170;81.936094241157264;19170;115.286721396527
19180;142.52143925290687;19180;90.1272621845149;19180;13.354899746696372;19180;713.941063209382;19180;9.500106814783166;19180;9.6313364055299537;19180;81.923886837366865;19180;115.286721396527
19190;142.54585406048767;19190;90.322580645161281;19190;13.476973784600361;19190;714.25734594395146;19190;9.500106814783166;19190;9.629200109866634;19190;82.04596087527085;19190;115.35996581926939
19200;142.41157261879329;19200;90.285958433790086;19200;13.501388592181158;19200;714.65269936216316;19200;9.500106814783166;19200;9.6316415906247137;19200;82.180242316965234;19200;115.39658803064059
19210;142.49702444532608;19210;90.1272621845149;19210;13.281655323953977;19210;715.08758812219617;19210;9.500106814783166;19210;9.6313364055299537;19210;82.058168279061249;19210;115.42100283822138
19220;142.54585406048767;19220;90.310373241370883;19220;13.36710715048677;19220;715.44340619858679;19220;9.500106814783166;19220;9.6322519608142336;19220;81.911679433576467;19220;115.37217322305979
19230;142.39936521500289;19230;90.310373241370883;19230;13.464766380809962;19230;715.75968893315621;19230;9.500106814783166;19230;9.6331675160985135;19230;81.923886837366865;19230;115.39658803064059
19240;142.50923184911647;19240;90.261543626209289;19240;13.379314554277169;19240;716.11550700954683;19240;9.500106814783166;19240;9.6298104800561539;19240;81.936094241157264;19240;115.50645466475417
19250;142.42378002258368;19250;90.298165837580484;19250;13.415936765648365;19250;716.47132508593745;19250;9.500106814783166;19250;9.6359141819513532;19250;81.838435010834075;19250;115.48203985717338
19260;142.41157261879329;19260;90.261543626209289;19260;13.403729361857966;19260;716.90621384597034;19260;9.500106814783166;19260;9.6285897396771141;19260;81.88726462599567;19260;115.56749168370617
19270;142.41157261879329;19270;90.2127140110477;19270;13.403729361857966;19270;717.301567264182;19270;9.500106814783166;19270;9.6334727011932735;19270;81.923886837366865;19270;115.68956572161015
19280;142.52143925290687;19280;90.273751029999687;19280;13.306070131534774;19280;717.77599136603624;19280;9.500106814783166;19280;9.6282845545823541;19280;81.948301644947662;19280;115.64073610644856
19290;142.54585406048767;19290;90.273751029999687;19290;13.269447920163579;19290;718.21088012606936;19290;9.500106814783166;19290;9.6328623310037536;19290;81.972716452528459;19290;115.65294351023896
19300;142.49702444532608;19300;90.2005066072573;19300;13.330484939115575;19300;718.48762751881759;19300;9.500106814783166;19300;9.629200109866634;19300;81.911679433576467;19300;115.78722495193334
19310;142.52143925290687;19310;90.237128818628491;19310;13.330484939115575;19310;718.8829809370294;19310;9.500106814783166;19310;9.6301156651509139;19310;81.936094241157264;19310;115.87267677846613
19320;142.46040223395488;19320;90.346995452742078;19320;13.464766380809962;19320;719.31786969706218;19320;9.500106814783166;19320;9.6310312204351938;19320;81.923886837366865;19320;115.83605456709493
19330;142.47260963774528;19330;90.432447279274882;19330;13.538010803552355;19330;719.713223115274;19330;9.500106814783166;19330;9.6264534440137943;19330;81.936094241157264;19330;115.71398052919095
19340;142.48481704153568;19340;90.310373241370883;19340;13.550218207342754;19340;720.148111875307;19340;9.500106814783166;19340;9.6313364055299537;19340;82.009338663899655;19340;115.70177312540055
19350;142.59468367564929;19350;90.102847376934108;19350;13.562425611133152;19350;720.50392995169761;19350;9.500106814783166;19350;9.6301156651509139;19350;81.984923856318858;19350;115.89709158604693
19360;142.41157261879329;19360;90.2005066072573;19360;13.452558977019564;19360;720.820212686267;19360;9.500106814783166;19360;9.6365245521408731;19360;81.923886837366865;19360;115.95812860499892
19370;142.39936521500289;19370;90.346995452742078;19370;13.415936765648365;19370;721.21556610447874;19370;9.500106814783166;19370;9.6273689992980742;19370;81.80181279946288;19370;115.82384716330454
19380;142.49702444532608;19380;90.298165837580484;19380;13.525803399761957;19380;721.65045486451174;19380;9.500106814783166;19380;9.6337778862880334;19380;81.875057222205271;19380;115.82384716330454
19390;142.42378002258368;19390;90.261543626209289;19390;13.538010803552355;19390;721.96673759908106;19390;9.500106814783166;19390;9.6282845545823541;19390;81.911679433576467;19390;115.90929898983732
19400;142.42378002258368;19400;90.2249214148381;19400;13.501388592181158;19400;722.36209101729287;19400;9.500106814783166;19400;9.629505294961394;19400;81.88726462599567;19400;115.88488418225653
19410;142.46040223395488;19410;90.2249214148381;19410;13.513595995971556;19410;722.71790909368349;19410;9.500106814783166;19410;9.6316415906247137;19410;81.984923856318858;19410;115.87267677846613
19420;142.50923184911647;19420;90.2127140110477;19420;13.562425611133152;19420;723.15279785371661;19420;9.500106814783166;19420;9.6301156651509139;19420;81.948301644947662;19420;115.93371379741812
19430;142.42378002258368;19430;90.2005066072573;19430;13.647877437665946;19430;723.42954524646484;19430;9.500106814783166;19430;9.6319467757194737;19430;81.936094241157264;19430;115.84826197088533
19440;142.47260963774528;19440;90.2249214148381;19440;13.501388592181158;19440;723.78536332285535;19440;9.500106814783166;19440;9.6282845545823541;19440;81.923886837366865;19440;115.92150639362772
19450;142.42378002258368;19450;90.261543626209289;19450;13.36710715048677;19450;724.10164605742477;19450;9.500106814783166;19450;9.6340830713827934;19450;81.960509048738061;19450;115.99475081637011
19460;142.41157261879329;19460;90.261543626209289;19460;13.428144169438767;19460;724.53653481745766;19460;9.500106814783166;19460;9.6282845545823541;19460;81.960509048738061;19460;115.99475081637011
19470;142.44819483016448;19470;90.1760917996765;19470;13.452558977019564;19470;724.97142357749067;19470;9.500106814783166;19470;9.6356089968565932;19470;81.911679433576467;19470;116.06799523911253
19480;142.39936521500289;19480;90.066225165562912;19480;13.36710715048677;19480;725.36677699570248;19480;9.500106814783166;19480;9.6307260353404338;19480;81.850642414624474;19480;116.17786187322612
19490;142.3383281960509;19490;90.1272621845149;19490;13.379314554277169;19490;725.84120109755656;19490;9.500106814783166;19490;9.6328623310037536;19490;81.789605395672481;19490;116.16565446943572
19500;142.42378002258368;19500;90.2249214148381;19500;13.464766380809962;19500;726.157483832126;19500;9.500106814783166;19500;9.6273689992980742;19500;81.850642414624474;19500;116.00695822016051
19510;142.57026886806847;19510;90.1272621845149;19510;13.403729361857966;19510;726.71097861762246;19510;9.500106814783166;19510;9.6276741843928342;19510;81.875057222205271;19510;116.15344706564532
19520;142.44819483016448;19520;90.1516769920957;19520;13.440351573229165;19520;727.02726135219189;19520;9.500106814783166;19520;9.6331675160985135;19520;81.875057222205271;19520;116.19006927701652
19530;142.46040223395488;19530;90.285958433790086;19530;13.550218207342754;19530;727.30400874494012;19530;9.500106814783166;19530;9.6310312204351938;19530;81.789605395672481;19530;116.14123966185493
19540;142.41157261879329;19540;90.1516769920957;19540;13.415936765648365;19540;727.69936216315193;19540;9.500106814783166;19540;9.6356089968565932;19540;81.71636097293009;19540;116.08020264290293
19550;142.44819483016448;19550;90.237128818628491;19550;13.306070131534774;19550;728.173786265006;19550;9.500106814783166;19550;9.6282845545823541;19550;81.850642414624474;19550;116.09241004669333
19560;142.3261207922605;19560;90.273751029999687;19560;13.525803399761957;19560;728.52960434139675;19560;9.500106814783166;19560;9.6328623310037536;19560;81.875057222205271;19560;116.17786187322612
19570;142.36274300363169;19570;90.2127140110477;19570;13.623462630085148;19570;728.806351734145;19570;9.500106814783166;19570;9.6264534440137943;19570;81.838435010834075;19570;116.23889889217811
19580;142.3139133884701;19580;90.261543626209289;19580;13.452558977019564;19580;729.16216981053549;19580;9.500106814783166;19580;9.6331675160985135;19580;81.911679433576467;19580;116.3731803338725
19590;142.3383281960509;19590;90.1760917996765;19590;13.379314554277169;19590;729.5575232287473;19590;9.500106814783166;19590;9.6307260353404338;19590;81.777397991882083;19590;116.3365581225013
19600;142.52143925290687;19600;90.1760917996765;19600;13.538010803552355;19600;730.0319473306015;19600;9.500106814783166;19600;9.6310312204351938;19600;81.850642414624474;19600;116.28772850733971
19610;142.46040223395488;19610;90.1394695883053;19610;13.611255226294746;19610;730.38776540699212;19610;9.500106814783166;19610;9.6313364055299537;19610;81.948301644947662;19610;116.42200994903409
19620;142.60689107943969;19620;90.054017761772513;19620;13.452558977019564;19620;730.90172485066739;19620;9.500106814783166;19620;9.629505294961394;19620;81.88726462599567;19620;116.42200994903409
19630;142.39936521500289;19630;90.2127140110477;19630;13.36710715048677;19630;731.29707826887909;19630;9.500106814783166;19630;9.6343882564775534;19630;81.972716452528459;19630;116.3609729300821
19640;142.41157261879329;19640;90.285958433790086;19640;13.550218207342754;19640;731.65289634526971;19640;9.500106814783166;19640;9.6310312204351938;19640;81.875057222205271;19640;116.42200994903409
19650;142.42378002258368;19650;90.1150547807245;19650;13.513595995971556;19650;732.04824976348152;19650;9.500106814783166;19650;9.6346934415723133;19650;81.777397991882083;19650;116.43421735282449
19660;142.44819483016448;19660;90.029602954191716;19660;13.379314554277169;19660;732.48313852351441;19660;9.500106814783166;19660;9.6270638142033143;19660;81.923886837366865;19660;116.40980254524369
19670;142.38715781121249;19670;90.1394695883053;19670;13.525803399761957;19670;732.838956599905;19670;9.500106814783166;19670;9.6340830713827934;19670;81.923886837366865;19670;116.3487655262917
19680;142.3383281960509;19680;90.237128818628491;19680;13.574633014923551;19680;733.11570399265327;19680;9.500106814783166;19680;9.6285897396771141;19680;81.765190588091684;19680;116.3853877376629
19690;142.36274300363169;19690;90.2005066072573;19690;13.415936765648365;19690;733.55059275268638;19690;9.500106814783166;19690;9.6301156651509139;19690;81.704153569139692;19690;116.51966917935728
19700;142.47260963774528;19700;90.066225165562912;19700;13.330484939115575;19700;733.86687548725581;19700;9.500106814783166;19700;9.6307260353404338;19700;81.826227607043677;19700;116.65395062105166
19710;142.49702444532608;19710;90.1272621845149;19710;13.415936765648365;19710;734.26222890546762;19710;9.500106814783166;19710;9.6301156651509139;19710;81.789605395672481;19710;116.70278023621326
19720;142.3261207922605;19720;90.1150547807245;19720;13.525803399761957;19720;734.61804698185824;19720;9.500106814783166;19720;9.6331675160985135;19720;81.6187017426069;19720;116.65395062105166
19730;142.38715781121249;19730;90.1150547807245;19730;13.611255226294746;19730;735.01340040007;19730;9.500106814783166;19730;9.629200109866634;19730;81.740775780510887;19730;116.82485427411726
19740;142.2772911770989;19740;90.029602954191716;19740;13.562425611133152;19740;735.32968313463948;19740;9.500106814783166;19740;9.6346934415723133;19740;81.789605395672481;19740;116.80043946653646
19750;142.41157261879329;19750;89.980773339030122;19750;13.452558977019564;19750;735.72503655285118;19750;9.500106814783166;19750;9.628894924771874;19750;81.752983184301286;19750;116.76381725516525
19760;142.42378002258368;19760;90.1394695883053;19760;13.501388592181158;19760;736.23899599652646;19760;9.500106814783166;19760;9.6356089968565932;19760;81.789605395672481;19760;116.81264687032686
19770;142.54585406048767;19770;90.2127140110477;19770;13.538010803552355;19770;736.59481407291707;19770;9.500106814783166;19770;9.6313364055299537;19770;81.789605395672481;19770;116.71498764000366
19780;142.49702444532608;19780;90.1760917996765;19780;13.501388592181158;19780;736.95063214930769;19780;9.500106814783166;19780;9.6346934415723133;19780;81.740775780510887;19780;116.73940244758445
19790;142.38715781121249;19790;90.102847376934108;19790;13.525803399761957;19790;737.3855209093407;19790;9.500106814783166;19790;9.6310312204351938;19790;81.777397991882083;19790;116.92251350444045
19800;142.44819483016448;19800;90.1272621845149;19800;13.525803399761957;19800;737.7808743275524;19800;9.500106814783166;19800;9.6316415906247137;19800;81.875057222205271;19800;116.99575792718284
19810;142.37495040742209;19810;90.1882992034669;19810;13.476973784600361;19810;738.1366924039429;19810;9.500106814783166;19810;9.6331675160985135;19810;81.862849818414873;19810;116.91030610065005
19820;142.47260963774528;19820;90.017395550401318;19820;13.476973784600361;19820;738.571581163976;19820;9.500106814783166;19820;9.629200109866634;19820;81.740775780510887;19820;116.91030610065005
19830;142.37495040742209;19830;90.029602954191716;19830;13.538010803552355;19830;738.96693458218783;19830;9.500106814783166;19830;9.6334727011932735;19830;81.6919461653493;19830;116.89809869685965
19840;142.42378002258368;19840;90.1272621845149;19840;13.574633014923551;19840;739.32275265857845;19840;9.500106814783166;19840;9.629200109866634;19840;81.850642414624474;19840;116.83706167790766
19850;142.41157261879329;19850;90.041810357982115;19850;13.562425611133152;19850;739.67857073496907;19850;9.500106814783166;19850;9.6365245521408731;19850;81.862849818414873;19850;116.83706167790766
19860;142.44819483016448;19860;90.237128818628491;19860;13.611255226294746;19860;740.07392415318077;19860;9.500106814783166;19860;9.6273689992980742;19860;81.838435010834075;19860;116.94692831202124
19870;142.49702444532608;19870;90.298165837580484;19870;13.599047822504348;19870;740.50881291321366;19870;9.500106814783166;19870;9.6322519608142336;19870;81.838435010834075;19870;116.95913571581164
19880;142.48481704153568;19880;90.2005066072573;19880;13.635670033875547;19880;740.82509564778309;19880;9.500106814783166;19880;9.6301156651509139;19880;81.752983184301286;19880;116.89809869685965
19890;142.38715781121249;19890;90.1150547807245;19890;13.562425611133152;19890;741.18091372417371;19890;9.500106814783166;19890;9.6310312204351938;19890;81.765190588091684;19890;116.92251350444045
19900;142.24066896572771;19900;90.029602954191716;19900;13.501388592181158;19900;741.57626714238552;19900;9.500106814783166;19900;9.629505294961394;19900;81.752983184301286;19900;117.05679494613483
19910;142.41157261879329;19910;90.066225165562912;19910;13.599047822504348;19910;741.97162056059733;19910;9.500106814783166;19910;9.6282845545823541;19910;81.765190588091684;19910;117.22769859920041
19920;142.46040223395488;19920;90.1272621845149;19920;13.550218207342754;19920;742.44604466245141;19920;9.500106814783166;19920;9.6337778862880334;19920;81.838435010834075;19920;117.14224677266762
19930;142.37495040742209;19930;90.1516769920957;19930;13.452558977019564;19930;742.84139808066311;19930;9.500106814783166;19930;9.629200109866634;19930;81.838435010834075;19930;117.14224677266762
19940;142.2650837733085;19940;90.1150547807245;19940;13.476973784600361;19940;743.19721615705373;19940;9.500106814783166;19940;9.6337778862880334;19940;81.704153569139692;19940;117.13003936887722
19950;142.39936521500289;19950;90.102847376934108;19950;13.635670033875547;19950;743.55303423344446;19950;9.500106814783166;19950;9.6282845545823541;19950;81.6309091463973;19950;117.06900234992523
19960;142.44819483016448;19960;90.017395550401318;19960;13.672292245246743;19960;743.90885230983508;19960;9.500106814783166;19960;9.6346934415723133;19960;81.6309091463973;19960;117.10562456129642
19970;142.55806146427807;19970;90.054017761772513;19970;13.525803399761957;19970;744.2646703862257;19970;9.500106814783166;19970;9.628894924771874;19970;81.5820795312357;19970;117.17886898403881
19980;142.55806146427807;19980;90.1882992034669;19980;13.452558977019564;19980;744.73909448807979;19980;9.500106814783166;19980;9.6331675160985135;19980;81.5820795312357;19980;117.21549119541001
19990;142.36274300363169;19990;90.1272621845149;19990;13.599047822504348;19990;745.17398324811268;19990;9.500106814783166;19990;9.6298104800561539;19990;81.5942869350261;19990;117.17886898403881
20000;142.3261207922605;20000;90.054017761772513;20000;13.611255226294746;20000;745.56933666632449;20000;9.500106814783166;20000;9.6276741843928342;20000;81.6187017426069;20000;117.3253578295236
20010;142.3261207922605;20010;90.041810357982115;20010;13.501388592181158;20010;745.92515474271511;20010;9.500106814783166;20010;9.6337778862880334;20010;81.6553239539781;20010;117.37418744468519
20020;142.49702444532608;20020;89.968565935239724;20020;13.415936765648365;20020;746.24143747728453;20020;9.500106814783166;20020;9.6313364055299537;20020;81.6064943388165;20020;117.39860225226599
20030;142.38715781121249;20030;89.83428449354534;20030;13.452558977019564;20030;746.51818487003277;20030;9.500106814783166;20030;9.6353038117618333;20030;81.545457319864511;20030;117.41080965605639
20040;142.44819483016448;20040;89.956358531449325;20040;13.452558977019564;20040;746.91353828824458;20040;9.500106814783166;20040;9.6282845545823541;20040;81.521042512283714;20040;117.3253578295236
20050;142.47260963774528;20050;90.102847376934108;20050;13.452558977019564;20050;747.30889170645628;20050;9.500106814783166;20050;9.6334727011932735;20050;81.569872127445308;20050;117.36198004089479
20060;142.44819483016448;20060;90.090639973143709;20060;13.562425611133152;20060;747.62517444102571;20060;9.500106814783166;20060;9.6276741843928342;20060;81.569872127445308;20060;117.34977263710439
20070;142.46040223395488;20070;90.029602954191716;20070;13.550218207342754;20070;748.09959854287979;20070;9.500106814783166;20070;9.6319467757194737;20070;81.5820795312357;20070;117.3131504257332
20080;142.39936521500289;20080;90.029602954191716;20080;13.525803399761957;20080;748.49495196109183;20080;9.500106814783166;20080;9.6270638142033143;20080;81.5942869350261;20080;117.36198004089479
20090;142.52143925290687;20090;90.017395550401318;20090;13.550218207342754;20090;749.0089114047671;20090;9.500106814783166;20090;9.6282845545823541;20090;81.6064943388165;20090;117.36198004089479
20100;142.54585406048767;20100;89.944151127658927;20100;13.538010803552355;20100;749.40426482297892;20100;9.500106814783166;20100;9.6334727011932735;20100;81.6187017426069;20100;117.34977263710439
20110;142.50923184911647;20110;89.944151127658927;20110;13.574633014923551;20110;749.76008289936954;20110;9.500106814783166;20110;9.6316415906247137;20110;81.569872127445308;20110;117.41080965605639
20120;142.44819483016448;20120;90.005188146610919;20120;13.525803399761957;20120;750.03683029211777;20120;9.500106814783166;20120;9.6346934415723133;20120;81.5820795312357;20120;117.41080965605639
20130;142.41157261879329;20130;90.005188146610919;20130;13.476973784600361;20130;750.3531130266872;20130;9.500106814783166;20130;9.6282845545823541;20130;81.6553239539781;20130;117.3009430219428
20140;142.41157261879329;20140;89.91973632007813;20140;13.538010803552355;20140;750.86707247036247;20140;9.500106814783166;20140;9.6331675160985135;20140;81.6187017426069;20140;117.44743186742758
20150;142.38715781121249;20150;90.054017761772513;20150;13.623462630085148;20150;751.26242588857428;20150;9.500106814783166;20150;9.6261482589190344;20150;81.6187017426069;20150;117.581713309122
20160;142.22846156193731;20160;90.066225165562912;20160;13.647877437665946;20160;751.657779306786;20160;9.500106814783166;20160;9.6322519608142336;20160;81.5942869350261;20160;117.56950590533157
20170;142.3139133884701;20170;89.809869685964543;20170;13.611255226294746;20170;752.0135973831766;20170;9.500106814783166;20170;9.629505294961394;20170;81.5820795312357;20170;117.75261696218757
20180;142.36274300363169;20180;89.91973632007813;20180;13.647877437665946;20180;752.44848614320949;20180;9.500106814783166;20180;9.6310312204351938;20180;81.569872127445308;20180;117.75261696218757
20190;142.3383281960509;20190;90.041810357982115;20190;13.538010803552355;20190;752.72523353595773;20190;9.500106814783166;20190;9.629505294961394;20190;81.460005493331721;20190;117.64275032807399
20200;142.50923184911647;20200;89.883114108706934;20200;13.440351573229165;20200;753.04151627052727;20200;9.500106814783166;20200;9.629200109866634;20200;81.4355906857509;20200;117.70378734702598
20210;142.52143925290687;20210;89.74883266701255;20210;13.611255226294746;20210;753.47640503056016;20210;9.500106814783166;20210;9.6353038117618333;20210;81.4233832819605;20210;117.71599475081638
20220;142.49702444532608;20220;89.761040070802949;20220;13.501388592181158;20220;753.91129379059316;20220;9.500106814783166;20220;9.6310312204351938;20220;81.496627704702917;20220;117.67937253944518
20230;142.2772911770989;20230;89.858699301126137;20230;13.330484939115575;20230;754.42525323426844;20230;9.500106814783166;20230;9.6343882564775534;20230;81.6309091463973;20230;117.75261696218757
20240;142.37495040742209;20240;89.944151127658927;20240;13.513595995971556;20240;754.82060665248025;20240;9.500106814783166;20240;9.6264534440137943;20240;81.6064943388165;20240;117.85027619251076
20250;142.42378002258368;20250;89.931943723868528;20250;13.647877437665946;20250;755.13688938704968;20250;9.500106814783166;20250;9.6331675160985135;20250;81.3989684743797;20250;117.76482436597797
20260;142.48481704153568;20260;89.883114108706934;20260;13.574633014923551;20260;755.53224280526149;20260;9.500106814783166;20260;9.6307260353404338;20260;81.3623462630085;20260;117.77703176976837
20270;142.46040223395488;20270;89.870906704916536;20270;13.513595995971556;20270;755.96713156529449;20270;9.500106814783166;20270;9.6331675160985135;20270;81.4355906857509;20270;117.86248359630116
20280;142.37495040742209;20280;89.883114108706934;20280;13.574633014923551;20280;756.40202032532738;20280;9.500106814783166;20280;9.6282845545823541;20280;81.533249916074112;20280;117.99676503799554
20290;142.48481704153568;20290;89.91973632007813;20290;13.623462630085148;20290;756.75783840171789;20290;9.500106814783166;20290;9.6282845545823541;20290;81.484420300912518;20290;118.17987609485152
20300;142.39936521500289;20300;89.931943723868528;20300;13.611255226294746;20300;757.07412113628732;20300;9.500106814783166;20300;9.6319467757194737;20300;81.4233832819605;20300;118.02117984557634
20310;142.44819483016448;20310;89.931943723868528;20310;13.562425611133152;20310;757.42993921267794;20310;9.500106814783166;20310;9.629200109866634;20310;81.484420300912518;20310;117.99676503799554
20320;142.3017059846797;20320;89.700003051850956;20320;13.611255226294746;20320;757.90436331453213;20320;9.500106814783166;20320;9.6359141819513532;20320;81.484420300912518;20320;118.03338724936674
20330;142.3017059846797;20330;89.724417859431753;20330;13.672292245246743;20330;758.22064604910156;20330;9.500106814783166;20330;9.6301156651509139;20330;81.484420300912518;20330;118.02117984557634
20340;142.38715781121249;20340;89.895321512497333;20340;13.660084841456344;20340;758.49739344184979;20340;9.500106814783166;20340;9.6343882564775534;20340;81.4355906857509;20340;117.98455763420515
20350;142.54585406048767;20350;89.858699301126137;20350;13.599047822504348;20350;758.85321151824041;20350;9.500106814783166;20350;9.6282845545823541;20350;81.337931455427707;20350;118.05780205694754
20360;142.50923184911647;20360;89.895321512497333;20360;13.599047822504348;20360;759.3671709619158;20360;9.500106814783166;20360;9.6337778862880334;20360;81.337931455427707;20360;118.11883907589953
20370;142.44819483016448;20370;90.017395550401318;20370;13.623462630085148;20370;759.7625243801275;20370;9.500106814783166;20370;9.6301156651509139;20370;81.4355906857509;20370;118.05780205694754
20380;142.48481704153568;20380;89.944151127658927;20380;13.69670705282754;20380;760.19741314016051;20380;9.500106814783166;20380;9.629505294961394;20380;81.484420300912518;20380;118.05780205694754
20390;142.47260963774528;20390;89.797662282174144;20390;13.672292245246743;20390;760.55323121655113;20390;9.500106814783166;20390;9.6301156651509139;20390;81.447798089541322;20390;118.17987609485152
20400;142.48481704153568;20400;89.797662282174144;20400;13.574633014923551;20400;760.90904929294163;20400;9.500106814783166;20400;9.629505294961394;20400;81.508835108493315;20400;118.14325388348033
20410;142.38715781121249;20410;89.797662282174144;20410;13.538010803552355;20410;761.34393805297452;20410;9.500106814783166;20410;9.6343882564775534;20410;81.460005493331721;20410;118.08221686452833
20420;142.36274300363169;20420;89.846491897335738;20420;13.562425611133152;20420;761.81836215482872;20420;9.500106814783166;20420;9.6307260353404338;20420;81.3989684743797;20420;118.14325388348033
20430;142.2650837733085;20430;89.785454878383746;20430;13.562425611133152;20430;762.17418023121934;20430;9.500106814783166;20430;9.6353038117618333;20430;81.447798089541322;20430;118.14325388348033
20440;142.49702444532608;20440;89.724417859431753;20440;13.611255226294746;20440;762.52999830761;20440;9.500106814783166;20440;9.6258430738242744;20440;81.447798089541322;20440;118.16766869106112
20450;142.52143925290687;20450;89.797662282174144;20450;13.599047822504348;20450;762.964887067643;20450;9.500106814783166;20450;9.6313364055299537;20450;81.4111758781701;20450;118.20429090243232
20460;142.48481704153568;20460;89.761040070802949;20460;13.611255226294746;20460;763.28116980221239;20460;9.500106814783166;20460;9.6310312204351938;20460;81.4233832819605;20460;118.3385723441267
20470;142.54585406048767;20470;89.858699301126137;20470;13.769951475569933;20470;763.71605856224528;20470;9.500106814783166;20470;9.6356089968565932;20470;81.4233832819605;20470;118.43623157444992
20480;142.46040223395488;20480;89.956358531449325;20480;13.721121860408338;20480;764.03234129681471;20480;9.500106814783166;20480;9.628894924771874;20480;81.460005493331721;20480;118.44843897824032
20490;142.46040223395488;20490;89.858699301126137;20490;13.574633014923551;20490;764.5067653986689;20490;9.500106814783166;20490;9.6276741843928342;20490;81.4233832819605;20490;118.43623157444992
20500;142.3139133884701;20500;89.858699301126137;20500;13.721121860408338;20500;764.90211881688072;20500;9.500106814783166;20500;9.6340830713827934;20500;81.3623462630085;20500;118.37519455549793
20510;142.3383281960509;20510;89.968565935239724;20510;13.81878109073153;20510;765.21840155145014;20510;9.500106814783166;20510;9.6301156651509139;20510;81.4355906857509;20510;118.48506118961151
20520;142.3139133884701;20520;89.980773339030122;20520;13.721121860408338;20520;765.61375496966184;20520;9.500106814783166;20520;9.6340830713827934;20520;81.3501388592181;20520;118.50947599719231
20530;142.44819483016448;20530;89.846491897335738;20530;13.574633014923551;20530;766.08817907151592;20530;9.500106814783166;20530;9.6310312204351938;20530;81.3623462630085;20530;118.5705130161443
20540;142.3383281960509;20540;89.724417859431753;20540;13.562425611133152;20540;766.56260317337012;20540;9.500106814783166;20540;9.6362193670461131;20540;81.569872127445308;20540;118.52168340098271
20550;142.2894985808893;20550;89.724417859431753;20550;13.623462630085148;20550;766.87888590793955;20550;9.500106814783166;20550;9.6258430738242744;20550;81.545457319864511;20550;118.43623157444992
20560;142.37495040742209;20560;89.700003051850956;20560;13.611255226294746;20560;767.31377466797244;20560;9.500106814783166;20560;9.6307260353404338;20560;81.289101840266113;20560;118.53389080477311
20570;142.3261207922605;20570;89.675588244270159;20570;13.69670705282754;20570;767.70912808618425;20570;9.500106814783166;20570;9.6316415906247137;20570;81.228064821314121;20570;118.64375743888669
20580;142.36274300363169;20580;89.785454878383746;20580;13.892025513473921;20580;768.14401684621726;20580;9.500106814783166;20580;9.6337778862880334;20580;81.31351664784691;20580;118.76583147679068
20590;142.52143925290687;20590;89.846491897335738;20590;13.91644032105472;20590;768.61844094807122;20590;9.500106814783166;20590;9.6301156651509139;20590;81.4111758781701;20590;118.75362407300028
20600;142.47260963774528;20600;89.83428449354534;20600;13.757744071779534;20600;768.97425902446207;20600;9.500106814783166;20600;9.6285897396771141;20600;81.447798089541322;20600;118.75362407300028
20610;142.24066896572771;20610;89.809869685964543;20610;13.599047822504348;20610;769.2905417590315;20610;9.500106814783166;20610;9.6331675160985135;20610;81.337931455427707;20610;118.77803888058108
20620;142.2894985808893;20620;89.761040070802949;20620;13.721121860408338;20620;769.60682449360093;20620;9.500106814783166;20620;9.628894924771874;20620;81.31351664784691;20620;118.76583147679068
20630;142.21625415814691;20630;89.687795648060558;20630;13.806573686941128;20630;769.96264256999143;20630;9.500106814783166;20630;9.6322519608142336;20630;81.337931455427707;20630;118.66817224646749
20640;142.38715781121249;20640;89.724417859431753;20640;13.757744071779534;20640;770.23938996273966;20640;9.500106814783166;20640;9.6273689992980742;20640;81.3745536667989;20640;118.64375743888669
20650;142.46040223395488;20650;89.809869685964543;20650;13.672292245246743;20650;770.59520803913028;20650;9.500106814783166;20650;9.6340830713827934;20650;81.325724051637309;20650;118.6193426313059
20660;142.36274300363169;20660;89.761040070802949;20660;13.647877437665946;20660;771.06963214098437;20660;9.500106814783166;20660;9.6267586291085543;20660;81.276894436475715;20660;118.64375743888669
20670;142.37495040742209;20670;89.663380840479761;20670;13.69670705282754;20670;771.50452090101737;20670;9.500106814783166;20670;9.6322519608142336;20670;81.3501388592181;20670;118.75362407300028
20680;142.42378002258368;20680;89.602343821527754;20680;13.599047822504348;20680;771.74173295194441;20680;9.500106814783166;20680;9.6319467757194737;20680;81.3501388592181;20680;118.74141666920988
20690;142.52143925290687;20690;89.675588244270159;20690;13.562425611133152;20690;772.17662171197742;20690;9.500106814783166;20690;9.6316415906247137;20690;81.289101840266113;20690;118.79024628437148
20700;142.38715781121249;20700;89.602343821527754;20700;13.574633014923551;20700;772.532439788368;20700;9.500106814783166;20700;9.6319467757194737;20700;81.264687032685316;20700;118.91232032227546
20710;142.41157261879329;20710;89.602343821527754;20710;13.550218207342754;20710;772.96732854840093;20710;9.500106814783166;20710;9.629505294961394;20710;81.289101840266113;20710;118.88790551469467
20720;142.37495040742209;20720;89.663380840479761;20720;13.538010803552355;20720;773.441752650255;20720;9.500106814783166;20720;9.6356089968565932;20720;81.31351664784691;20720;118.85128330332347
20730;142.36274300363169;20730;89.602343821527754;20730;13.635670033875547;20730;773.79757072664586;20730;9.500106814783166;20730;9.6298104800561539;20730;81.203650013733323;20730;118.94894253364666
20740;142.2772911770989;20740;89.700003051850956;20740;13.69670705282754;20740;774.2719948285;20740;9.500106814783166;20740;9.6337778862880334;20740;81.203650013733323;20740;119.00997955259865
20750;142.37495040742209;20750;89.700003051850956;20750;13.769951475569933;20750;774.54874222124818;20750;9.500106814783166;20750;9.6273689992980742;20750;81.264687032685316;20750;118.94894253364666
20760;142.47260963774528;20760;89.614551225318152;20760;13.830988494521929;20760;774.94409563946;20760;9.500106814783166;20760;9.6337778862880334;20760;81.276894436475715;20760;118.97335734122746
20770;142.3139133884701;20770;89.675588244270159;20770;13.769951475569933;20770;775.33944905767169;20770;9.500106814783166;20770;9.6273689992980742;20770;81.3745536667989;20770;118.96114993743706
20780;142.2650837733085;20780;89.638966032898949;20780;13.660084841456344;20780;775.81387315952588;20780;9.500106814783166;20780;9.629200109866634;20780;81.4233832819605;20780;119.04660176396985
20790;142.3261207922605;20790;89.492477187414167;20790;13.647877437665946;20790;776.1696912359165;20790;9.500106814783166;20790;9.6322519608142336;20790;81.240272225104519;20790;119.15646839808345
20800;142.38715781121249;20800;89.541306802575761;20800;13.769951475569933;20800;776.48597397048593;20800;9.500106814783166;20800;9.6322519608142336;20800;81.167027802362128;20800;119.11984618671224
20810;142.3017059846797;20810;89.577929013946957;20810;13.721121860408338;20810;776.92086273051893;20810;9.500106814783166;20810;9.6353038117618333;20810;81.240272225104519;20810;119.15646839808345
20820;142.38715781121249;20820;89.638966032898949;20820;13.757744071779534;20820;777.31621614873052;20820;9.500106814783166;20820;9.6301156651509139;20820;81.325724051637309;20820;119.22971282082584
20830;142.2772911770989;20830;89.700003051850956;20830;13.830988494521929;20830;777.67203422512114;20830;9.500106814783166;20830;9.6356089968565932;20830;81.3989684743797;20830;119.18088320566424
20840;142.3261207922605;20840;89.687795648060558;20840;13.611255226294746;20840;778.14645832697533;20840;9.500106814783166;20840;9.6270638142033143;20840;81.3745536667989;20840;119.11984618671224
20850;142.42378002258368;20850;89.712210455641355;20850;13.599047822504348;20850;778.58134708700834;20850;9.500106814783166;20850;9.6328623310037536;20850;81.252479628894918;20850;119.18088320566424
20860;142.39936521500289;20860;89.675588244270159;20860;13.708914456617938;20860;778.93716516339907;20860;9.500106814783166;20860;9.628894924771874;20860;81.142612994781331;20860;119.24192022461624
20870;142.44819483016448;20870;89.724417859431753;20870;13.647877437665946;20870;779.37205392343185;20870;9.500106814783166;20870;9.6316415906247137;20870;81.154820398571729;20870;119.29074983977783
20880;142.47260963774528;20880;89.712210455641355;20880;13.599047822504348;20880;779.76740734164366;20880;9.500106814783166;20880;9.628894924771874;20880;81.228064821314121;20880;119.37620166631062
20890;142.22846156193731;20890;89.638966032898949;20890;13.574633014923551;20890;780.20229610167667;20890;9.500106814783166;20890;9.628894924771874;20890;81.276894436475715;20890;119.42503128147222
20900;142.11859492782372;20900;89.700003051850956;20900;13.660084841456344;20900;780.51857883624609;20900;9.500106814783166;20900;9.6331675160985135;20900;81.240272225104519;20900;119.33957945493943
20910;142.42378002258368;20910;89.797662282174144;20910;13.79436628315073;20910;780.953467596279;20910;9.500106814783166;20910;9.6282845545823541;20910;81.228064821314121;20910;119.41282387768182
20920;142.3261207922605;20920;89.614551225318152;20920;13.721121860408338;20920;781.3092856726696;20920;9.500106814783166;20920;9.6319467757194737;20920;81.228064821314121;20920;119.44944608905301
20930;142.2894985808893;20930;89.55351420636616;20930;13.69670705282754;20930;781.586033065418;20930;9.500106814783166;20930;9.6282845545823541;20930;81.191442609942925;20930;119.30295724356823
20940;142.2772911770989;20940;89.602343821527754;20940;13.599047822504348;20940;781.98138648362954;20940;9.500106814783166;20940;9.6346934415723133;20940;81.252479628894918;20940;119.37620166631062
20950;142.41157261879329;20950;89.529099398785362;20950;13.635670033875547;20950;782.33720456002015;20950;9.45493942075869;20950;9.628894924771874;20950;81.240272225104519;20950;119.41282387768182
20960;142.49702444532608;20960;89.626758629108551;20960;13.733329264198737;20960;782.77209332005316;20960;9.4100772118289751;20960;9.6328623310037536;20960;81.191442609942925;20960;119.44944608905301
20970;142.3139133884701;20970;89.541306802575761;20970;13.562425611133152;20970;783.20698208008616;20970;9.3649098178044987;20970;9.6282845545823541;20970;81.191442609942925;20970;119.66917935728019
20980;142.36274300363169;20980;89.516891994994964;20980;13.660084841456344;20980;783.60233549829786;20980;9.3200476088747823;20980;9.6240119632557146;20980;81.167027802362128;20980;119.66917935728019
20990;142.42378002258368;20990;89.492477187414167;20990;13.635670033875547;20990;783.95815357468859;20990;9.274880214850306;20990;9.604480117191077;20990;81.167027802362128;20990;119.65697195348979
21000;142.54585406048767;21000;89.419232764671776;21000;13.538010803552355;21000;784.43257767654268;21000;9.2300180059205914;21000;9.56175420392468;21000;81.203650013733323;21000;119.65697195348979
21010;142.49702444532608;21010;89.29715872676779;21010;13.660084841456344;21010;784.7883957529333;21010;9.185155796990875;21010;9.5236060670796832;21010;81.081575975829338;21010;119.5226905117954
21020;142.85103915524766;21020;89.199499496444574;21020;13.525803399761957;21020;785.10467848750272;21020;9.1399884029663987;21020;9.4808801538132883;21020;80.996124149296534;21020;119.44944608905301
21030;143.03415021210364;21030;89.06521805475019;21030;13.415936765648365;21030;785.53956724753573;21030;9.0951261940366841;21030;9.45616016113773;21030;80.983916745506136;21030;119.32737205114903
21040;142.92428357799005;21040;88.882106997894212;21040;13.635670033875547;21040;785.93492066574743;21040;9.0499588000122078;21040;9.4207586901455738;21040;80.849635303811752;21040;119.15646839808345
21050;142.97311319315165;21050;88.821069978942219;21050;13.757744071779534;21050;786.33027408395924;21050;9.0050965910824914;21050;9.3945127719962152;21050;80.764183477278962;21050;119.10763878292184
21060;143.15622425000763;21060;88.625751518295843;21060;13.36710715048677;21060;786.76516284399213;21060;8.959929197058015;21060;9.3554490798669381;21060;80.629902035584578;21060;119.05880916776024
21070;143.43699453718682;21070;88.467055269020662;21070;13.025299844355601;21070;787.16051626220394;21070;8.9150669881282987;21070;9.3173009430219427;21070;80.4712057863094;21070;118.94894253364666
21080;143.6201055940428;21080;88.259529404583887;21080;12.988677632984405;21080;787.47679899677337;21080;8.8698995941038241;21080;9.266945402386547;21080;80.385753959776608;21080;118.83907589953307
21090;143.86425366985077;21090;88.027588732566315;21090;13.110751670888392;21090;787.91168775680626;21090;8.8250373851741077;21090;9.2141483809930733;21090;80.227057710501413;21090;118.69258705404829
21100;143.94970549638356;21100;87.881099887081533;21100;13.013092440565202;21100;788.26750583319688;21100;8.7801751762443931;21100;9.1866817224646748;21100;80.104983672597427;21100;118.50947599719231
21110;144.16943876461076;21110;87.661366618854331;21110;12.732322153386027;21110;788.58378856776631;21110;8.7350077822199168;21110;9.1427350688192384;21110;80.007324442274239;21110;118.48506118961151
21120;144.42579424420913;21120;87.405011139255961;21120;12.537003692739646;21120;788.97914198597823;21120;8.6901455732902;21120;9.0981780449842837;21120;79.79979857783745;21120;118.30195013275551
21130;144.98733481856746;21130;87.124240852076767;21130;12.573625904110845;21130;789.33496006236885;21130;8.6449781792657241;21130;9.0350047303689678;21130;79.71434675130466;21130;118.05780205694754
21140;145.19486068300424;21140;86.794640949736;21140;12.366100039674063;21140;789.76984882240185;21140;8.60011597033601;21140;8.9953306680501726;21140;79.555650502029479;21140;117.91131321146275
21150;145.43900875881221;21150;86.59932248908963;21150;12.158574175237282;21150;790.12566689879247;21150;8.5549485763115332;21150;8.9504684591204562;21150;79.165013580736726;21150;117.69157994323558
21160;145.90289010284738;21160;86.281929990539268;21160;12.256233405560472;21160;790.40241429154071;21160;8.5100863673818168;21160;8.90408032471694;21160;78.884243293557546;21160;117.50846888637957
21170;146.02496414075136;21170;85.793633838923327;21170;12.268440809350871;21170;790.75823236793121;21170;8.4649189733573422;21170;8.8717307046723839;21170;78.664510025330358;21170;117.21549119541001
21180;146.29352702414013;21180;85.488448744163335;21180;11.828974272896511;21180;791.27219181160649;21180;8.4200567644276259;21180;8.8341929380169066;21180;78.554643391216771;21180;116.81264687032686
21190;146.42780846583452;21190;85.00015259254738;21190;11.499374370555744;21190;791.62800988799711;21190;8.37519455549791;21190;8.7850581377605526;21190;78.420361949522388;21190;116.54408398693808
21200;146.92831202124088;21200;84.560686056093019;21200;11.316263313699759;21200;791.94429262256654;21200;8.3300271614734331;21200;8.7307351908932773;21200;78.017517624439222;21200;116.28772850733971
21210;147.09921567430646;21210;84.157841731009839;21210;11.08432264168218;21210;792.30011069895716;21210;8.2851649525437168;21210;8.69228186895352;21210;77.529221472823266;21210;115.88488418225653
21220;147.51426740318004;21220;83.6573381756035;21220;10.913418988616597;21220;792.73499945899016;21220;8.2399975585192422;21220;8.6434522537919243;21220;77.2484511856441;21220;115.35996581926939
21230;147.79503769035921;21230;83.315530869472326;21230;10.522782067323833;21230;793.05128219355959;21230;8.1951353495895258;21230;8.6059144871364488;21230;76.931058687093724;21230;114.90829187902463
21240;148.13684499649037;21240;82.741782891323581;21240;10.473952452162235;21240;793.3675649281289;21240;8.1499679555650513;21240;8.5525070955534535;21240;76.589251380962551;21240;114.45661793877989
21250;148.45423749504073;21250;82.277901547288437;21250;10.229804376354259;21250;793.68384766269833;21250;8.1051057466353331;21250;8.5067293313394572;21250;76.247444074831378;21250;113.90728476821192
21260;148.55189672536392;21260;81.765190588091684;21260;9.9246192815942873;21260;793.88152437180418;21260;8.0599383526108586;21260;8.4542374950407417;21260;75.832392345957828;21260;113.30912198248238
21270;148.6983855708487;21270;81.325724051637309;21270;9.7659230323191011;21270;794.19780710637383;21270;8.0150761436811422;21270;8.4118167668691051;21270;75.417340617084264;21270;112.75978881191442
21280;148.51527451399272;21280;80.996124149296534;21280;9.5339823603015219;21280;794.51408984094326;21280;7.9702139347514267;21280;8.379467146824549;21280;75.0267036957915;21280;112.30811487166967
21290;148.77162999359109;21290;80.53224280526139;21290;9.3020416882839445;21290;794.83037257551268;21290;7.9250465407269512;21290;8.3321634571367529;21290;74.672688985869925;21290;111.74657429731131
21300;148.78383739738149;21300;80.104983672597427;21300;8.9968565935239724;21300;795.10711996826092;21300;7.8801843317972349;21300;8.2934049501022358;21300;74.294259468367557;21300;111.08737449262978
21310;149.07681508835108;21310;79.763176366466254;21310;8.862575151829585;21310;795.42340270283023;21310;7.8350169377727594;21310;8.2296212652974035;21310;74.062318796349984;21310;110.53804132206182
21320;149.15005951109347;21320;79.3481246375927;21320;8.508560441908017;21320;795.73968543739966;21320;7.7901547288430431;21320;8.1759086886196481;21320;73.635059663686036;21320;110.02533036286508
21330;149.25992614520706;21330;78.93307290871914;21330;8.2399975585192422;21330;796.05596817196908;21330;7.7449873348185676;21330;8.120670186468093;21330;73.134556108279668;21330;109.53703421124912
21340;149.38200018311105;21340;78.469191564683982;21340;8.0813013092440578;21340;796.4513215901809;21340;7.7001251258888512;21340;8.0779442732016964;21340;72.7439191869869;21340;109.02432325205238
21350;149.29654835657826;21350;77.895443586535222;21350;7.6296273689992979;21350;796.72806898292913;21350;7.6549577318643758;21350;8.0318613238929419;21350;72.389904477065343;21350;108.49940488906522
21360;149.33317056794945;21360;77.553636280404064;21360;7.3000274666585288;21360;797.04435171749856;21360;7.61009552293466;21360;7.9869991149632247;21360;72.157963805047771;21360;107.85241248817408
21370;149.35758537553025;21370;77.0775475325785;21370;7.0680867946409505;21370;797.2815637684256;21370;7.564928128910184;21370;7.9552598651081885;21370;71.7917416913358;21370;107.29087191381572
21380;149.65056306649984;21380;76.552629169591356;21380;6.8239387188329728;21380;797.597846502995;21380;7.5200659199804685;21380;7.9195532090212719;21380;71.35227515488144;21380;106.77816095461898
21390;149.69939268166144;21390;76.0887478255562;21390;6.4821314127018042;21390;797.87459389574326;21390;7.4752037110507521;21390;7.8777428510391552;21390;70.90060121463668;21390;106.15558336130863
21400;150.0167851802118;21400;75.624866481521053;21400;6.2013611255226291;21400;798.07227060484911;21400;7.4300363170262766;21400;7.8164006469924008;21400;70.546586504715108;21400;105.58183538315988
21410;150.09002960295419;21410;75.258644367809083;21410;5.9572130497146514;21410;798.38855333941854;21410;7.38517410809656;21410;7.7651295510727261;21410;70.107119968260747;21410;105.04470961638232
21420;150.45625171666617;21420;74.843592638935519;21420;5.676442762535479;21420;798.62576539034558;21420;7.3400067140720848;21420;7.7153843806268512;21420;69.679860835596784;21420;104.53199865718558
21430;150.50508133182777;21430;74.367503891109948;21430;5.3956724753563039;21430;798.82344209945154;21430;7.2951445051423693;21430;7.677236243781854;21430;69.399090548417618;21430;103.90942106387524
21440;150.51728873561817;21440;73.879207739494;21440;5.0904873805963327;21440;799.0606541503787;21440;7.249977111117893;21440;7.6201666310617391;21440;68.984038819544054;21440;103.42112491225927
21450;150.93234046449172;21450;73.451948606830044;21450;4.7364726706747646;21450;799.37693688494812;21450;7.2051149021881766;21450;7.5722525711844231;21450;68.5934018982513;21450;102.83516953032014
21460;151.0422070986053;21460;72.7927488021485;21460;4.5411542100283819;21460;799.574613594054;21460;7.1599475081637012;21460;7.5289162877285074;21460;68.190557573168135;21460;102.16376232184821
21470;151.3229773857845;21470;72.463148899807734;21470;4.3336283455916016;21470;799.73275496133874;21470;7.1150852992339857;21470;7.4849696340830718;21470;67.921994689779353;21470;101.56559953611865
21480;151.3229773857845;21480;72.17017120883817;21480;4.0406506546220289;21480;799.85136098680232;21480;7.0702230903042693;21480;7.4437696462904759;21480;67.567979979857782;21480;101.1017181920835
21490;151.65257728812526;21490;71.730704672383808;21490;3.8453321939756466;21490;800.009502354087;21490;7.0250556962797939;21490;7.3934141056550793;21490;67.201757866145812;21490;100.66225165562915
21500;151.78685872981964;21500;71.279030732139034;21500;3.5767693105868714;21500;800.2862497468351;21500;6.9801934873500784;21500;7.3531296731467632;21500;66.79891354106266;21500;100.13733329264198
21510;152.25074007385479;21510;70.851771599475072;21510;3.36924344615009;21510;800.52346179776225;21510;6.935026093325602;21510;7.3009430219428086;21510;66.505935850093081;21510;99.612414929654818
21520;152.53151036103395;21520;70.473342081972717;21520;3.1495101779229104;21520;800.64206782322572;21520;6.8901638843958857;21520;7.2594378490554519;21520;66.2984099856563;21520;99.026459547715689
21530;152.71462141788993;21530;70.11932737205116;21530;2.9297769096957307;21530;800.80020919051049;21530;6.84499649037141;21530;7.2063356425672165;21530;65.993224890896329;21530;98.538163396099748
21540;152.98318430127873;21540;69.71648304696798;21540;2.6367992187261575;21540;800.99788589961634;21540;6.8001342814416947;21540;7.161168248542741;21540;65.70024719992675;21540;98.123111667226169
21550;153.10525833918271;21550;69.154942472609633;21550;2.3682363353373823;21550;801.15602726690111;21550;6.7549668874172184;21550;7.1144749290444658;21550;65.309610278633983;21550;97.549363689077424
21560;153.38602862636188;21560;68.923001800592061;21560;2.2095400860621965;21560;801.39323931782815;21560;6.7101046784875029;21560;7.06411938840907;21560;64.91897335734123;21560;96.975615710928679
21570;153.45927304910427;21570;68.5934018982513;21570;2.0508438367870112;21570;801.51184534329161;21570;6.6652424695577874;21570;7.0137638477736752;21570;64.564958647419658;21570;96.462904751731912
21580;153.80108035523546;21580;68.422498245185707;21580;1.8189031647694327;21580;801.66998671057638;21580;6.62007507553331;21580;6.9631031220435187;21580;64.369640186773282;21580;95.889156773583167
21590;153.66679891354107;21590;68.153935361796925;21590;1.6602069154942471;21590;801.78859273604;21590;6.5752128666035947;21590;6.9215979491561628;21590;64.1132847071749;21590;95.4496902371288
21600;153.97198400830104;21600;67.702261421552166;21600;1.5625476851710562;21600;801.94673410332462;21600;6.5300454725791193;21600;6.8739890743736076;21600;63.820307016205327;21600;95.132297738578444
21610;154.03302102725303;21610;67.482528153324992;21610;1.5991698965422529;21610;802.025804786967;21610;6.4851832636494038;21610;6.8370616779076512;21610;63.515121921445363;21610;94.778283028656887
21620;154.19171727652821;21620;67.21396526993621;21620;1.5991698965422529;21620;802.10487547060939;21620;6.4400158696249274;21620;6.7906735435041359;21620;63.234351634266183;21620;94.399853511154518
21630;154.20392468031861;21630;67.018646809289834;21630;1.4282662434766686;21630;802.22348149607285;21630;6.395153660695212;21630;6.7506942960905789;21630;63.0512405774102;21630;94.033631397442562
21640;154.31379131443222;21640;66.774498733481863;21640;1.3428144169438767;21640;802.22348149607285;21640;6.3499862666707365;21640;6.6994232001709042;21640;63.002410962248604;21640;93.679616687520991
21650;154.54573198644979;21650;66.676839503158675;21650;1.2451551866206854;21650;802.263016837894;21650;6.3051240577410193;21650;6.6563921018097467;21650;62.880336924344618;21650;93.179113132114622
21660;154.5335245826594;21660;66.3594470046083;21660;1.1841181676686912;21660;802.42115820517881;21660;6.2602618488113038;21660;6.6118350779747912;21660;62.636188848536634;21660;92.715231788079464
21670;154.65559862056338;21670;66.017639698477126;21670;1.0864589373455;21670;802.57929957246347;21670;6.2150944547868283;21670;6.564531388286996;21670;62.526322214423047;21670;92.33680227057711
21680;154.5335245826594;21680;65.651417584765156;21680;0.93997009186071356;21680;802.61883491428466;21680;6.1702322458571128;21680;6.52668843653676;21680;62.257759331034265;21680;91.775261696218763
21690;154.66780602435378;21690;65.504928739280373;21690;0.84231086153752255;21690;802.57929957246347;21690;6.1250648518326365;21690;6.4799951170384844;21690;62.025818659016693;21690;91.2991729483932
21700;154.4846949674978;21700;65.285195471053186;21700;0.68361461226233711;21700;802.61883491428466;21700;6.080202642902921;21700;6.4391003143406476;21700;61.769463179418317;21700;90.884121219519656
21710;154.4846949674978;21710;64.931180761131628;21710;0.5493331705679495;21710;802.69790559792693;21710;6.0350352488784438;21710;6.3917966246528524;21710;61.525315103610346;21710;90.420239875484469
21720;154.43586535233621;21720;64.638203070162049;21720;0.52491836298715167;21720;802.69790559792693;21720;5.9901730399487283;21720;6.3512070070497764;21720;61.366618854335151;21720;89.907528916287731
21730;154.38703573717461;21730;64.284188360240492;21730;0.48829615161595508;21730;802.77697628156932;21730;5.9450056459242528;21730;6.29627368999298;21730;61.268959624011963;21730;89.492477187414167
21740;154.38703573717461;21740;64.2719809564501;21740;0.40284432508316292;21740;802.81651162339051;21740;5.9001434369945374;21740;6.2526322214423047;21740;61.134678182317579;21740;89.101840266121386
21750;154.2283394878994;21750;64.1254921109653;21750;0.36622211371196634;21750;802.85604696521159;21750;5.8549760429700619;21750;6.2080751976073492;21750;60.841700491348007;21750;88.686788537247836
21760;154.00860621967223;21760;63.832514419995725;21760;0.45167394024475843;21760;802.89558230703278;21760;5.8101138340403455;21760;6.1619922482985938;21760;60.731833857234406;21760;88.47926267281106
21770;153.56913968321788;21770;63.734855189672537;21770;0.63478499710074154;21770;802.85604696521159;21770;5.76525162511063;21770;6.1195715201269572;21770;60.756248664815217;21770;88.210699789422293
21780;153.2029175695059;21780;63.637195959349349;21780;0.81789605395672471;21780;802.89558230703278;21780;5.7200842310861528;21780;6.0744041261024817;21780;60.756248664815217;21780;88.1008331553087
21790;152.87331766716514;21790;63.637195959349349;21790;1.0376293221839046;21790;802.89558230703278;21790;5.6752220221564373;21790;6.0344248786889239;21790;60.707419049653609;21790;88.015381328775916
21800;152.77565843684195;21800;63.771477401043732;21800;1.3061922055726798;21800;802.85604696521159;21800;5.6300546281319619;21800;5.9907834101382482;21800;60.731833857234406;21800;87.929929502243127
21810;152.45826593829156;21810;63.686025574510943;21810;1.3061922055726798;21810;802.89558230703278;21810;5.5851924192022464;21810;5.959654530472732;21810;60.719626453444008;21810;88.06421094393751
21820;152.0920438245796;21820;63.527329325235762;21820;1.2939848017822808;21820;802.935117648854;21820;5.540025025177771;21820;5.9050263985106968;21820;60.585345011749624;21820;88.06421094393751
21830;151.95776238288522;21830;63.637195959349349;21830;1.3794366283150732;21830;802.935117648854;21830;5.4951628162480546;21830;5.8418530838953835;21830;60.634174626911218;21830;88.1008331553087
21840;151.59154026917327;21840;63.747062593462935;21840;1.3794366283150732;21840;802.89558230703278;21840;5.4499954222235791;21840;5.7771538438062686;21840;60.634174626911218;21840;88.1862849818415
21850;151.18869594409011;21850;63.722647785882138;21850;1.3916440321054717;21850;802.89558230703278;21850;5.4051332132938619;21850;5.7283242286446736;21850;60.707419049653609;21850;88.1618701742607
21860;150.93234046449172;21860;63.673818170720544;21860;1.4282662434766686;21860;802.85604696521159;21860;5.3602710043641464;21860;5.6797997985778368;21860;60.756248664815217;21860;88.088625751518308
21870;150.55391094698936;21870;63.722647785882138;21870;1.5137180700094608;21870;802.85604696521159;21870;5.3151036103396709;21870;5.6303598132267219;21870;60.707419049653609;21870;87.942136906033525
21880;150.28534806360057;21880;63.673818170720544;21880;1.4770958586382641;21880;802.85604696521159;21880;5.2702414014099555;21880;5.5903805658131658;21880;60.634174626911218;21880;87.942136906033525
21890;150.13885921811578;21890;63.661610766930146;21890;1.4160588396862697;21890;802.89558230703278;21890;5.22507400738548;21890;5.5436872463148905;21890;60.683004242072812;21890;88.003173924985518
21900;149.84588152714622;21900;63.698232978301341;21900;1.5259254737998595;21900;802.81651162339051;21900;5.1802117984557636;21900;5.5021820734275337;21900;60.756248664815217;21900;87.954344309823924
21910;149.60173345133822;21910;63.649403363139747;21910;1.5747550889614552;21910;802.77697628156932;21910;5.1350444044312873;21910;5.450910977507859;21910;60.683004242072812;21910;87.929929502243127
21920;149.45524460585344;21920;63.698232978301341;21920;1.5625476851710562;21920;802.81651162339051;21920;5.0901821955015709;21920;5.4069643238624217;21920;60.768456068605616;21920;88.015381328775916
21930;149.41862239448224;21930;63.808099612414928;21930;1.6113773003326517;21930;802.81651162339051;21930;5.0450148014770955;21930;5.3541673024689471;21930;60.719626453444008;21930;88.06421094393751
21940;149.44303720206304;21940;63.783684804834131;21940;1.6602069154942471;21940;802.85604696521159;21940;5.00015259254738;21940;5.3077791680654318;21940;60.524307992797631;21940;88.088625751518308
21950;149.29654835657826;21950;63.637195959349349;21950;1.5991698965422529;21950;802.89558230703278;21950;5.00015259254738;21950;5.2851954710531936;21950;60.524307992797631;21950;88.1374553666799
21960;149.60173345133822;21960;63.515121921445363;21960;1.6235847041230507;21960;802.85604696521159;21960;5.00015259254738;21960;5.2967925046540731;21960;60.658589434492015;21960;88.1130405590991
21970;149.83367412335582;21970;63.649403363139747;21970;1.6846217230750451;21970;802.81651162339051;21970;5.00015259254738;21970;5.2925199133274328;21970;60.756248664815217;21970;88.088625751518308
21980;149.84588152714622;21980;63.686025574510943;21980;1.6846217230750451;21980;802.81651162339051;21980;5.00015259254738;21980;5.2723776970732752;21980;60.744041261024819;21980;88.1130405590991
21990;149.9801629688406;21990;63.612781151768552;21990;1.7212439344462416;21990;802.77697628156932;21990;5.00015259254738;21990;5.2763451033051547;21990;60.670796838282413;21990;88.23511459700309
22000;150.19989623706778;22000;63.661610766930146;22000;1.7334513382366405;22000;802.77697628156932;22000;5.00015259254738;22000;5.2732932523575551;22000;60.707419049653609;22000;88.283944212164684
22010;150.37079989013336;22010;63.612781151768552;22010;1.8066957609790337;22010;802.81651162339051;22010;5.00015259254738;22010;5.273598437452315;22010;60.683004242072812;22010;88.296151615955083
22020;150.41962950529498;22020;63.698232978301341;22020;1.8066957609790337;22020;802.89558230703278;22020;5.00015259254738;22020;5.2702414014099555;22020;60.585345011749624;22020;88.357188634907075
22030;150.83468123416853;22030;63.747062593462935;22030;1.782280953398236;22030;802.935117648854;22030;5.00015259254738;22030;5.2714621417889953;22030;60.683004242072812;22030;88.296151615955083
22040;151.1032441175573;22040;63.576158940397356;22040;1.8311105685598315;22040;802.85604696521159;22040;5.00015259254738;22040;5.2674947355571158;22040;60.658589434492015;22040;88.32056642353588
22050;151.21311075167091;22050;63.661610766930146;22050;1.8677327799310282;22050;802.85604696521159;22050;5.00015259254738;22050;5.265358439893796;22050;60.585345011749624;22050;88.418225653859068
22060;151.44505142368848;22060;63.686025574510943;22060;1.9043549913022249;22060;802.85604696521159;22060;5.00015259254738;22060;5.265663624988556;22060;60.548722800378428;22060;88.430433057649466
22070;151.75023651844845;22070;63.673818170720544;22070;1.9287697988830226;22070;802.85604696521159;22070;5.00015259254738;22070;5.2641376995147562;22070;60.585345011749624;22070;88.393810846278271
22080;151.76244392223884;22080;63.722647785882138;22080;1.9653920102542193;22080;802.85604696521159;22080;5.00015259254738;22080;5.2641376995147562;22080;60.634174626911218;22080;88.454847865230263
22090;151.93334757530442;22090;63.673818170720544;22090;1.9653920102542193;22090;802.81651162339051;22090;5.00015259254738;22090;5.2610858485671566;22090;60.597552415540022;22090;88.552507095553452
22100;152.01879940183721;22100;63.600573747978153;22100;2.0142216254158147;22100;802.77697628156932;22100;5.00015259254738;22100;5.2623065889461964;22100;60.573137607959225;22100;88.503677480391858
22110;152.1164586321604;22110;63.563951536606957;22110;2.1118808557390056;22110;802.81651162339051;22110;5.00015259254738;22110;5.2586443678090768;22110;60.573137607959225;22110;88.552507095553452
22120;152.43385113071076;22120;63.661610766930146;22120;2.0996734519486067;22120;802.81651162339051;22120;5.00015259254738;22120;5.257423627430037;22120;60.53651539658803;22120;88.552507095553452
22130;152.53151036103395;22130;63.686025574510943;22130;2.197332682271798;22130;802.81651162339051;22130;5.00015259254738;22130;5.2558977019562372;22130;60.487685781426435;22130;88.491470076601459
22140;152.61696218756674;22140;63.600573747978153;22140;2.172917874691;22140;802.81651162339051;22140;5.00015259254738;22140;5.2534562211981566;22140;60.573137607959225;22140;88.56471449934385
22150;152.76345103305155;22150;63.588366344187754;22150;2.0752586443678092;22150;802.81651162339051;22150;5.00015259254738;22150;5.2549821466719573;22150;60.621967223120819;22150;88.491470076601459
22160;152.70241401409953;22160;63.661610766930146;22160;2.185125278481399;22160;802.81651162339051;22160;5.00015259254738;22160;5.2555925168614772;22160;60.719626453444008;22160;88.430433057649466
22170;152.51930295724355;22170;63.515121921445363;22170;2.2949919125949889;22170;802.85604696521159;22170;5.00015259254738;22170;5.2537614062929165;22170;60.744041261024819;22170;88.515884884182256
22180;152.54371776482435;22180;63.490707113864566;22180;2.270577105014191;22180;802.85604696521159;22180;5.00015259254738;22180;5.2543717764824374;22180;60.597552415540022;22180;88.625751518295843
22190;152.37281411175877;22190;63.661610766930146;22190;2.2583697012237924;22190;802.77697628156932;22190;5.00015259254738;22190;5.2537614062929165;22190;60.499893185216834;22190;88.589129306924647
22200;152.21411786248359;22200;63.734855189672537;22200;2.28278450880459;22200;802.69790559792693;22200;5.00015259254738;22200;5.2522354808191167;22200;60.475478377636037;22200;88.56471449934385
22210;152.25074007385479;22210;63.661610766930146;22210;2.3316141239661854;22210;802.69790559792693;22210;5.00015259254738;22210;5.2531510361033966;22210;60.560930204168827;22210;88.503677480391858
22220;152.1408734397412;22220;63.551744132816559;22220;2.3560289315469833;22220;802.77697628156932;22220;5.00015259254738;22220;5.2513199255348368;22220;60.658589434492015;22220;88.418225653859068
22230;152.05542161320841;22230;63.502914517654965;22230;2.3071993163853879;22230;802.81651162339051;22230;5.00015259254738;22230;5.249794000061037;22230;60.634174626911218;22230;88.406018250068669
22240;151.99438459425642;22240;63.612781151768552;22240;2.3560289315469833;22240;802.77697628156932;22240;5.00015259254738;22240;5.2513199255348368;22240;60.621967223120819;22240;88.406018250068669
22250;151.81127353740044;22250;63.734855189672537;22250;2.3804437391277808;22250;802.81651162339051;22250;5.00015259254738;22250;5.2522354808191167;22250;60.621967223120819;22250;88.503677480391858
22260;151.60374767296366;22260;63.588366344187754;22260;2.3804437391277808;22260;802.89558230703278;22260;5.00015259254738;22260;5.2522354808191167;22260;60.548722800378428;22260;88.503677480391858
22270;151.51829584643087;22270;63.600573747978153;22270;2.4781029694509722;22270;802.89558230703278;22270;5.00015259254738;22270;5.2537614062929165;22270;60.499893185216834;22270;88.515884884182256
22280;151.34739219336529;22280;63.563951536606957;22280;2.4414807580797753;22280;802.81651162339051;22280;5.00015259254738;22280;5.2528458510086367;22280;60.560930204168827;22280;88.491470076601459
22290;151.18869594409011;22290;63.478499710074168;22290;2.3560289315469833;22290;802.81651162339051;22290;5.00015259254738;22290;5.2510147404400769;22290;60.597552415540022;22290;88.308359019745481
22300;150.93234046449172;22300;63.563951536606957;22300;2.39265114291818;22300;802.85604696521159;22300;5.00015259254738;22300;5.2513199255348368;22300;60.548722800378428;22300;88.381603442487872
22310;150.82247383037813;22310;63.527329325235762;22310;2.5391399884029662;22310;802.89558230703278;22310;5.00015259254738;22310;5.2494888149662771;22310;60.475478377636037;22310;88.47926267281106
22320;150.73702200384534;22320;63.515121921445363;22320;2.5391399884029662;22320;802.85604696521159;22320;5.00015259254738;22320;5.2479628894924772;22320;60.560930204168827;22320;88.381603442487872
22330;150.55391094698936;22330;63.490707113864566;22330;2.5269325846125672;22330;802.77697628156932;22330;5.00015259254738;22330;5.2494888149662771;22330;60.597552415540022;22330;88.32056642353588
22340;150.50508133182777;22340;63.551744132816559;22340;2.6245918149357581;22340;802.77697628156932;22340;5.00015259254738;22340;5.2513199255348368;22340;60.597552415540022;22340;88.393810846278271
22350;150.44404431287577;22350;63.527329325235762;22350;2.6001770073549606;22350;802.81651162339051;22350;5.00015259254738;22350;5.2516251106295968;22350;60.53651539658803;22350;88.515884884182256
22360;150.38300729392375;22360;63.490707113864566;22360;2.6367992187261575;22360;802.85604696521159;22360;5.00015259254738;22360;5.2528458510086367;22360;60.597552415540022;22360;88.503677480391858
22370;150.28534806360057;22370;63.576158940397356;22370;2.673421430097354;22370;802.77697628156932;22370;5.00015259254738;22370;5.2513199255348368;22370;60.560930204168827;22370;88.47926267281106
22380;150.22431104464857;22380;63.576158940397356;22380;2.673421430097354;22380;802.77697628156932;22380;5.00015259254738;22380;5.2494888149662771;22380;60.45106357005524;22380;88.467055269020662
22390;150.22431104464857;22390;63.515121921445363;22390;2.6856288338877534;22390;802.81651162339051;22390;5.00015259254738;22390;5.2491836298715171;22390;60.487685781426435;22390;88.454847865230263
22400;150.40742210150458;22400;63.466292306283755;22400;2.7466658528397478;22400;802.81651162339051;22400;5.00015259254738;22400;5.2485732596819972;22400;60.524307992797631;22400;88.589129306924647
22410;150.50508133182777;22410;63.502914517654965;22410;2.8321176793725393;22410;802.77697628156932;22410;5.00015259254738;22410;5.2473525193029573;22410;60.499893185216834;22410;88.674581133457437
22420;150.41962950529498;22420;63.527329325235762;22420;2.7832880642109434;22420;802.77697628156932;22420;5.00015259254738;22420;5.2494888149662771;22420;60.560930204168827;22420;88.601336710715046
22430;150.49287392803737;22430;63.612781151768552;22430;2.7588732566301464;22430;802.77697628156932;22430;5.00015259254738;22430;5.2513199255348368;22430;60.53651539658803;22430;88.552507095553452
22440;150.63936277352215;22440;63.502914517654965;22440;2.7588732566301464;22440;802.85604696521159;22440;5.00015259254738;22440;5.250404370250557;22440;60.560930204168827;22440;88.56471449934385
22450;150.65157017731255;22450;63.356425672170168;22450;2.8931546983245338;22450;802.85604696521159;22450;5.00015259254738;22450;5.2516251106295968;22450;60.560930204168827;22450;88.56471449934385
22460;150.68819238868375;22460;63.515121921445363;22460;2.9663991210669272;22460;802.77697628156932;22460;5.00015259254738;22460;5.250404370250557;22460;60.463270973845638;22460;88.625751518295843
22470;150.84688863795893;22470;63.527329325235762;22470;2.9663991210669272;22470;802.77697628156932;22470;5.00015259254738;22470;5.2488784447767571;22470;60.402233954893646;22470;88.637958922086241
22480;151.00558488723411;22480;63.478499710074168;22480;2.9419843134861297;22480;802.69790559792693;22480;5.00015259254738;22480;5.2479628894924772;22480;60.463270973845638;22480;88.723410748619031
22490;151.13986632892849;22490;63.502914517654965;22490;2.9297769096957307;22490;802.77697628156932;22490;5.00015259254738;22490;5.2485732596819972;22490;60.548722800378428;22490;88.821069978942219
22500;151.0910367137669;22500;63.515121921445363;22500;3.0396435438093206;22500;802.77697628156932;22500;5.00015259254738;22500;5.2485732596819972;22500;60.475478377636037;22500;88.723410748619031
22510;151.1032441175573;22510;63.478499710074168;22510;3.1250953703421125;22510;802.77697628156932;22510;5.00015259254738;22510;5.250404370250557;22510;60.402233954893646;22510;88.625751518295843
22520;151.3351847895749;22520;63.502914517654965;22520;3.1617175817133094;22520;802.81651162339051;22520;5.00015259254738;22520;5.2513199255348368;22520;60.438856166264841;22520;88.56471449934385
22530;151.44505142368848;22530;63.612781151768552;22530;3.1617175817133094;22530;802.81651162339051;22530;5.00015259254738;22530;5.2470473342081974;22530;60.53651539658803;22530;88.65016632587664
22540;151.38401440473649;22540;63.527329325235762;22540;3.1861323892941074;22540;802.81651162339051;22540;5.00015259254738;22540;5.2467421491134374;22540;60.475478377636037;22540;88.637958922086241
22550;151.37180700094609;22550;63.393047883541364;22550;3.2593768120365003;22550;802.81651162339051;22550;5.00015259254738;22550;5.2479628894924772;22550;60.573137607959225;22550;88.637958922086241
22560;151.59154026917327;22560;63.270973845637378;22560;3.3448286385692922;22560;802.69790559792693;22560;5.00015259254738;22560;5.2488784447767571;22560;60.573137607959225;22560;88.540299691763053
22570;151.75023651844845;22570;63.356425672170168;22570;3.2837916196172983;22570;802.81651162339051;22570;5.00015259254738;22570;5.2479628894924772;22570;60.438856166264841;22570;88.418225653859068
22580;151.84789574877163;22580;63.588366344187754;22580;3.2593768120365003;22580;802.89558230703278;22580;5.00015259254738;22580;5.249794000061037;22580;60.487685781426435;22580;88.552507095553452
22590;151.93334757530442;22590;63.563951536606957;22590;3.2593768120365003;22590;802.81651162339051;22590;5.00015259254738;22590;5.2507095553453169;22590;60.524307992797631;22590;88.503677480391858
22600;151.98217719046602;22600;63.393047883541364;22600;3.2593768120365003;22600;802.77697628156932;22600;5.00015259254738;22600;5.2482680745872372;22600;60.463270973845638;22600;88.454847865230263
22610;151.98217719046602;22610;63.380840479750965;22610;3.3448286385692922;22610;802.77697628156932;22610;5.00015259254738;22610;5.2485732596819972;22610;60.463270973845638;22610;88.430433057649466
22620;151.89672536393323;22620;63.515121921445363;22620;3.3814508499404892;22620;802.77697628156932;22620;5.00015259254738;22620;5.2479628894924772;22620;60.585345011749624;22620;88.467055269020662
22630;151.90893276772363;22630;63.576158940397356;22630;3.3814508499404892;22630;802.69790559792693;22630;5.00015259254738;22630;5.2470473342081974;22630;60.487685781426435;22630;88.625751518295843
22640;151.90893276772363;22640;63.490707113864566;22640;3.4424878688924831;22640;802.65837025610585;22640;5.00015259254738;22640;5.2470473342081974;22640;60.499893185216834;22640;88.56471449934385
22650;152.03100680562761;22650;63.466292306283755;22650;3.4058656575212871;22650;802.69790559792693;22650;5.00015259254738;22650;5.2494888149662771;22650;60.560930204168827;22650;88.491470076601459
22660;152.1408734397412;22660;63.441877498702958;22660;3.3814508499404892;22660;802.77697628156932;22660;5.00015259254738;22660;5.2488784447767571;22660;60.475478377636037;22660;88.491470076601459
22670;152.01879940183721;22670;63.417462691122161;22670;3.5401470992156745;22670;802.81651162339051;22670;5.00015259254738;22670;5.2485732596819972;22670;60.53651539658803;22670;88.552507095553452
22680;151.96996978667562;22680;63.356425672170168;22680;3.5401470992156745;22680;802.81651162339051;22680;5.00015259254738;22680;5.2488784447767571;22680;60.487685781426435;22680;88.515884884182256
22690;151.95776238288522;22690;63.295388653218176;22690;3.4546952726828826;22690;802.81651162339051;22690;5.00015259254738;22690;5.2467421491134374;22690;60.402233954893646;22690;88.503677480391858
22700;151.75023651844845;22700;63.380840479750965;22700;3.47911008026368;22700;802.77697628156932;22700;5.00015259254738;22700;5.2461317789239175;22700;60.402233954893646;22700;88.552507095553452
22710;151.67699209570605;22710;63.429670094912559;22710;3.564561906796472;22710;802.69790559792693;22710;5.00015259254738;22710;5.2473525193029573;22710;60.463270973845638;22710;88.491470076601459
22720;151.75023651844845;22720;63.441877498702958;22720;3.6744285409100623;22720;802.69790559792693;22720;5.00015259254738;22720;5.2482680745872372;22720;60.499893185216834;22720;88.576921903134249
22730;151.62816248054446;22730;63.417462691122161;22730;3.7110507522812588;22730;802.77697628156932;22730;5.00015259254738;22730;5.2482680745872372;22730;60.560930204168827;22730;88.491470076601459
22740;151.51829584643087;22740;63.405255287331762;22740;3.6500137333292644;22740;802.77697628156932;22740;5.00015259254738;22740;5.2494888149662771;22740;60.646382030701616;22740;88.454847865230263
22750;151.48167363505968;22750;63.466292306283755;22750;3.6622211371196629;22750;802.77697628156932;22750;5.00015259254738;22750;5.2488784447767571;22750;60.597552415540022;22750;88.576921903134249
22760;151.38401440473649;22760;63.502914517654965;22760;3.7354655598620563;22760;802.81651162339051;22760;5.00015259254738;22760;5.2479628894924772;22760;60.438856166264841;22760;88.625751518295843
22770;151.23752555925171;22770;63.441877498702958;22770;3.7965025788140512;22770;802.77697628156932;22770;5.00015259254738;22770;5.2473525193029573;22770;60.402233954893646;22770;88.601336710715046
22780;151.24973296304211;22780;63.380840479750965;22780;3.8209173863948487;22780;802.69790559792693;22780;5.00015259254738;22780;5.2458265938291575;22780;60.487685781426435;22780;88.65016632587664
22790;151.2741477706229;22790;63.429670094912559;22790;3.7476729636524557;22790;802.69790559792693;22790;5.00015259254738;22790;5.2458265938291575;22790;60.499893185216834;22790;88.723410748619031
22800;151.23752555925171;22800;63.429670094912559;22800;3.6378063295388654;22800;802.77697628156932;22800;5.00015259254738;22800;5.2467421491134374;22800;60.377819147312849;22800;88.698995941038234
22810;151.13986632892849;22810;63.441877498702958;22810;3.7232581560716578;22810;802.69790559792693;22810;5.00015259254738;22810;5.2470473342081974;22810;60.353404339732052;22810;88.686788537247836
22820;151.0422070986053;22820;63.466292306283755;22820;3.8575395977660452;22820;802.65837025610585;22820;5.00015259254738;22820;5.2479628894924772;22820;60.524307992797631;22820;88.686788537247836
22830;151.0422070986053;22830;63.441877498702958;22830;3.8941618091372421;22830;802.77697628156932;22830;5.00015259254738;22830;5.2482680745872372;22830;60.524307992797631;22830;88.723410748619031
22840;150.94454786828211;22840;63.405255287331762;22840;3.8453321939756466;22840;802.81651162339051;22840;5.00015259254738;22840;5.2479628894924772;22840;60.414441358684044;22840;88.723410748619031
22850;150.98117007965331;22850;63.307596057008574;22850;3.8575395977660452;22850;802.85604696521159;22850;5.00015259254738;22850;5.2473525193029573;22850;60.390026551103247;22850;88.65016632587664
22860;151.00558488723411;22860;63.25876644184698;22860;3.9307840205084386;22860;802.85604696521159;22860;5.00015259254738;22860;5.2470473342081974;22860;60.463270973845638;22860;88.589129306924647
22870;150.85909604174932;22870;63.332010864589371;22870;3.9674062318796355;22870;802.77697628156932;22870;5.00015259254738;22870;5.2458265938291575;22870;60.487685781426435;22870;88.601336710715046
22880;150.78585161900693;22880;63.380840479750965;22880;3.9551988280892361;22880;802.69790559792693;22880;5.00015259254738;22880;5.2446058534501176;22880;60.524307992797631;22880;88.698995941038234
22890;150.77364421521654;22890;63.270973845637378;22890;3.991821039460433;22890;802.69790559792693;22890;5.00015259254738;22890;5.2464369640186774;22890;60.621967223120819;22890;88.662373729667038
22900;150.72481460005494;22900;63.332010864589371;22900;4.0284432508316295;22900;802.77697628156932;22900;5.00015259254738;22900;5.2473525193029573;22900;60.475478377636037;22900;88.625751518295843
22910;150.81026642658773;22910;63.405255287331762;22910;3.9307840205084386;22910;802.77697628156932;22910;5.00015259254738;22910;5.2464369640186774;22910;60.402233954893646;22910;88.698995941038234
22920;150.74922940763574;22920;63.25876644184698;22920;3.91857661671804;22920;802.77697628156932;22920;5.00015259254738;22920;5.2458265938291575;22920;60.36561174352245;22920;88.674581133457437
22930;150.74922940763574;22930;63.185522019104589;22930;3.991821039460433;22930;802.77697628156932;22930;5.00015259254738;22930;5.2461317789239175;22930;60.402233954893646;22930;88.662373729667038
22940;150.82247383037813;22940;63.295388653218176;22940;4.0894802697836239;22940;802.77697628156932;22940;5.00015259254738;22940;5.2461317789239175;22940;60.475478377636037;22940;88.56471449934385
22950;150.78585161900693;22950;63.380840479750965;22950;4.1505172887356183;22950;802.65837025610585;22950;5.00015259254738;22950;5.2461317789239175;22950;60.438856166264841;22950;88.467055269020662
22960;150.85909604174932;22960;63.307596057008574;22960;4.1138950773644218;22960;802.61883491428466;22960;5.00015259254738;22960;5.2464369640186774;22960;60.475478377636037;22960;88.540299691763053
22970;150.82247383037813;22970;63.209936826685386;22970;4.1627246925260177;22970;802.69790559792693;22970;5.00015259254738;22970;5.2461317789239175;22970;60.463270973845638;22970;88.637958922086241
22980;150.85909604174932;22980;63.270973845637378;22980;4.2237617114780113;22980;802.77697628156932;22980;5.00015259254738;22980;5.2467421491134374;22980;60.316782128360849;22980;88.552507095553452
22990;150.84688863795893;22990;63.393047883541364;22990;4.2115543076876127;22990;802.69790559792693;22990;5.00015259254738;22990;5.2467421491134374;22990;60.328989532151247;22990;88.47926267281106
23000;150.87130344553972;23000;63.417462691122161;23000;4.2359691152684107;23000;802.69790559792693;23000;5.00015259254738;23000;5.2461317789239175;23000;60.390026551103247;23000;88.576921903134249
23010;150.94454786828211;23010;63.307596057008574;23010;4.2237617114780113;23010;802.81651162339051;23010;5.00015259254738;23010;5.2452162236396376;23010;60.390026551103247;23010;88.552507095553452
23020;151.00558488723411;23020;63.246559038056581;23020;4.1871395001068148;23020;802.81651162339051;23020;5.00015259254738;23020;5.2458265938291575;23020;60.390026551103247;23020;88.552507095553452
23030;150.93234046449172;23030;63.161107211523792;23030;4.1993469038972133;23030;802.81651162339051;23030;5.00015259254738;23030;5.2464369640186774;23030;60.487685781426435;23030;88.65016632587664
23040;150.92013306070132;23040;63.185522019104589;23040;4.2725913266396072;23040;802.81651162339051;23040;5.00015259254738;23040;5.2464369640186774;23040;60.524307992797631;23040;88.723410748619031
23050;151.0299996948149;23050;63.270973845637378;23050;4.3824579607531975;23050;802.77697628156932;23050;5.00015259254738;23050;5.2467421491134374;23050;60.487685781426435;23050;88.662373729667038
23060;151.12765892513809;23060;63.185522019104589;23060;4.3702505569627981;23060;802.69790559792693;23060;5.00015259254738;23060;5.2470473342081974;23060;60.499893185216834;23060;88.601336710715046
23070;151.21311075167091;23070;63.185522019104589;23070;4.4190801721243931;23070;802.69790559792693;23070;5.00015259254738;23070;5.2464369640186774;23070;60.475478377636037;23070;88.601336710715046
23080;151.3351847895749;23080;63.209936826685386;23080;4.4312875759147925;23080;802.77697628156932;23080;5.00015259254738;23080;5.2467421491134374;23080;60.438856166264841;23080;88.56471449934385
23090;151.39622180852689;23090;63.246559038056581;23090;4.3092135380108036;23090;802.69790559792693;23090;5.00015259254738;23090;5.2470473342081974;23090;60.438856166264841;23090;88.540299691763053
23100;151.22531815546131;23100;63.34421826837977;23100;4.4312875759147925;23100;802.77697628156932;23100;5.00015259254738;23100;5.2470473342081974;23100;60.36561174352245;23100;88.625751518295843
23110;151.3107699819941;23110;63.319803460798973;23110;4.56556901760918;23110;802.69790559792693;23110;5.00015259254738;23110;5.2464369640186774;23110;60.328989532151247;23110;88.674581133457437
23120;151.38401440473649;23120;63.295388653218176;23120;4.4068727683339946;23120;802.65837025610585;23120;5.00015259254738;23120;5.2464369640186774;23120;60.328989532151247;23120;88.698995941038234
23130;151.34739219336529;23130;63.380840479750965;23130;4.443494979705191;23130;802.77697628156932;23130;5.00015259254738;23130;5.2470473342081974;23130;60.36561174352245;23130;88.686788537247836
23140;151.42063661610769;23140;63.295388653218176;23140;4.5045319986571863;23140;802.77697628156932;23140;5.00015259254738;23140;5.2485732596819972;23140;60.377819147312849;23140;88.73561815240943
23150;151.48167363505968;23150;63.234351634266183;23150;4.56556901760918;23150;802.77697628156932;23150;5.00015259254738;23150;5.2482680745872372;23150;60.377819147312849;23150;88.784447767571024
23160;151.42063661610769;23160;63.34421826837977;23160;4.6388134403515728;23160;802.77697628156932;23160;5.00015259254738;23160;5.2461317789239175;23160;60.353404339732052;23160;88.674581133457437
23170;151.3107699819941;23170;63.307596057008574;23170;4.6876430555131687;23170;802.69790559792693;23170;5.00015259254738;23170;5.2461317789239175;23170;60.219122898037661;23170;88.674581133457437
23180;151.43284401989808;23180;63.209936826685386;23180;4.7120578630939667;23180;802.77697628156932;23180;5.00015259254738;23180;5.2473525193029573;23180;60.267952513199255;23180;88.698995941038234
23190;151.50608844264048;23190;63.234351634266183;23190;4.6998504593035682;23190;802.81651162339051;23190;5.00015259254738;23190;5.2482680745872372;23190;60.390026551103247;23190;88.686788537247836
23200;151.49388103885008;23200;63.25876644184698;23200;4.6388134403515728;23200;802.77697628156932;23200;5.00015259254738;23200;5.2467421491134374;23200;60.45106357005524;23200;88.637958922086241
23210;151.42063661610769;23210;63.295388653218176;23210;4.6632282479323708;23210;802.69790559792693;23210;5.00015259254738;23210;5.2467421491134374;23210;60.316782128360849;23210;88.674581133457437
23220;151.44505142368848;23220;63.270973845637378;23220;4.8097170934171576;23220;802.77697628156932;23220;5.00015259254738;23220;5.2470473342081974;23220;60.280159916989653;23220;88.65016632587664
23230;151.50608844264048;23230;63.295388653218176;23230;4.8585467085787526;23230;802.81651162339051;23230;5.00015259254738;23230;5.2485732596819972;23230;60.377819147312849;23230;88.515884884182256
23240;151.57933286538287;23240;63.307596057008574;23240;4.7242652668843661;23240;802.81651162339051;23240;5.00015259254738;23240;5.2482680745872372;23240;60.402233954893646;23240;88.56471449934385
EOF
