Name;YT Scope Project;;;;;;;;;;
File;C:\Users\Tobno\Desktop\Kv Tester\MainOpp150bar\35prosent.csv;;;;;;;;;;
Starttime of export;1,34212E+17;tirsdag 21. april 2026;11:05:54.368;;;;;;;;
Endtime of export;1,34212E+17;tirsdag 21. april 2026;11:06:06.408;;;;;;;;
;;;;;;;;;;;
;;;;;;;;;;;
Name;fPresSupply_bar (1);Name;fPres2A_bar;Name;fPres2B_bar;Name;fCylinder2_m;Name;fSensor2_V;Name;fValve2_V
;;;;;;;;;;;
1940;148.30774864955595;1940;70.912808618427078;1940;2.4414807580797753;1940;0.11943390028316991;1940;6.6533402508621471;1940;6.750083925901059
1950;148.18567461165196;1950;70.973845637379071;1950;2.4903103732413707;1950;0.11955252920711813;1950;6.6508987701040674;1950;6.750083925901059
1960;148.30774864955595;1960;71.120334482863854;1960;2.5147251808221687;1960;0.11959207218176761;1960;6.6515091402935873;1960;6.750083925901059
1970;148.27112643818475;1970;71.205786309396643;1970;2.5025177770317697;1970;0.11963161515641701;1970;6.6560869167149868;1970;6.750083925901059
1980;148.08801538132877;1980;71.022675252540665;1980;2.5269325846125672;1980;0.11963161515641701;1980;6.6521195104831072;1980;6.750083925901059
1990;148.12463759269997;1990;70.839564195684673;1990;2.6123844111453596;1990;0.11967115813106642;1990;6.6512039551988273;1990;6.750083925901059
2000;148.06360057374798;2000;70.741904965361485;2000;2.6856288338877534;2000;0.11975024408036525;2000;6.654255806146427;2000;6.750083925901059
2010;148.13684499649037;2010;70.485549485763116;2010;2.7466658528397478;2010;0.11986887300431347;2010;6.653950621051667;2010;6.750083925901059
2020;148.12463759269997;2020;69.972838526566363;2020;2.8321176793725393;2020;0.11990841597896287;2020;6.6515091402935873;2020;6.750083925901059
2030;148.17346720786156;2030;69.594409009064;2030;2.9175695059053313;2030;0.1199875019282617;2030;6.6512039551988273;2030;6.750083925901059
2040;147.8682821131016;2040;69.374675740836821;2040;3.0030213324381236;2040;0.12006658787756051;2040;6.6566972869045067;2040;6.750083925901059
2050;147.99035615100559;2050;68.996246223334452;2050;3.0396435438093206;2050;0.12018521680150875;2050;6.6521195104831072;2050;6.750083925901059
2060;148.05139316995758;2060;68.6056093020417;2060;3.0274361400189216;2060;0.12022475977615815;2060;6.6493728446302676;2060;6.750083925901059
2070;147.9049043244728;2070;68.276009399700925;2070;3.0640583513901181;2070;0.12026430275080756;2070;6.6512039551988273;2070;6.750083925901059
2080;147.8926969206824;2080;67.909787285988955;2080;3.0396435438093206;2080;0.12038293167475579;2080;6.654255806146427;2080;6.750083925901059
2090;147.8438673055208;2090;67.4459059419538;2090;2.9541917172765282;2090;0.12038293167475579;2090;6.6496780297250275;2090;6.750083925901059
2100;147.941526535844;2100;67.21396526993621;2100;2.8931546983245338;2100;0.12054110357335342;2100;6.6484572893459877;2100;6.750083925901059
2110;147.69737846003602;2110;67.140720847193819;2110;2.8565324869533373;2110;0.12062018952265224;2110;6.6527298806726272;2110;6.750083925901059
2120;147.8438673055208;2120;67.043061616870631;2120;2.9297769096957307;2120;0.12069927547195106;2120;6.6512039551988273;2120;6.750083925901059
2130;147.80724509414961;2130;66.982024597918638;2130;2.7954954680013429;2130;0.12069927547195106;2130;6.6487624744407476;2130;6.750083925901059
2140;147.8682821131016;2140;66.982024597918638;2140;2.6978362376781519;2140;0.12069927547195106;2140;6.6484572893459877;2140;6.750083925901059
2150;147.8560747093112;2150;67.2627948850978;2150;2.7344584490493484;2150;0.12073881844660046;2150;6.6530350657673871;2150;6.750083925901059
2160;147.8926969206824;2160;67.3848689230018;2160;2.6978362376781519;2160;0.12085744737054871;2160;6.6490676595355076;2160;6.750083925901059
2170;147.880489516892;2170;67.3848689230018;2170;2.6978362376781519;2170;0.12089699034519812;2170;6.6484572893459877;2170;6.750083925901059
2180;147.78283028656881;2180;67.690054017761767;2180;2.6245918149357581;2180;0.12085744737054871;2180;6.6502883999145475;2180;6.750083925901059
2190;147.78283028656881;2190;68.141727958006527;2190;2.5269325846125672;2190;0.12093653331984754;2190;6.6521195104831072;2190;6.750083925901059
2200;147.70958586382642;2200;68.324839014862519;2200;2.5025177770317697;2200;0.12101561926914635;2200;6.6490676595355076;2200;6.750083925901059
2210;147.81945249794;2210;68.6056093020417;2210;2.5025177770317697;2210;0.12113424819309458;2210;6.6481521042512277;2210;6.750083925901059
2220;147.74620807519761;2220;69.057283242286445;2220;2.4536881618701742;2220;0.12117379116774399;2220;6.6530350657673871;2220;6.750083925901059
2230;147.8926969206824;2230;69.325846125675213;2230;2.4170659504989778;2230;0.12117379116774399;2230;6.6502883999145475;2230;6.750083925901059
2240;147.8438673055208;2240;69.5577867976928;2240;2.3560289315469833;2240;0.12121333414239339;2240;6.6481521042512277;2240;6.750083925901059
2250;147.81945249794;2250;69.826349681081581;2250;2.3316141239661854;2250;0.12129242009169221;2250;6.6487624744407476;2250;6.750083925901059
2260;147.74620807519761;2260;70.143742179631957;2260;2.39265114291818;2260;0.12145059199028985;2260;6.6530350657673871;2260;6.750083925901059
2270;147.81945249794;2270;70.339060640278333;2270;2.4292733542893763;2270;0.12149013496493925;2270;6.6478469191564677;2270;6.750083925901059
2280;147.8682821131016;2280;70.375682851649529;2280;2.4903103732413707;2280;0.12152967793958866;2280;6.6466261787774279;2280;6.750083925901059
2290;147.79503769035921;2290;70.436719870601522;2290;2.5391399884029662;2290;0.12149013496493925;2290;6.6502883999145475;2290;6.750083925901059
2300;147.9049043244728;2300;70.424512466811123;2300;2.6001770073549606;2300;0.12156922091423807;2300;6.6508987701040674;2300;6.750083925901059
2310;147.8926969206824;2310;70.155949583422355;2310;2.661214026306955;2310;0.12164830686353689;2310;6.6478469191564677;2310;6.750083925901059
2320;147.95373393963439;2320;70.070497756889552;2320;2.6856288338877534;2320;0.1216878498381863;2320;6.6469313638721879;2320;6.750083925901059
2330;147.69737846003602;2330;69.985045930356762;2330;2.6856288338877534;2330;0.12180647876213453;2330;6.6533402508621471;2330;6.750083925901059
2340;147.880489516892;2340;69.801934873500784;2340;2.7588732566301464;2340;0.12188556471143334;2340;6.6496780297250275;2340;6.750083925901059
2350;148.00256355479598;2350;69.5577867976928;2350;2.7954954680013429;2350;0.12192510768608275;2350;6.6475417340617078;2350;6.750083925901059
2360;147.941526535844;2360;69.240394299142423;2360;2.7710806604205449;2360;0.12192510768608275;2360;6.6484572893459877;2360;6.750083925901059
2370;147.79503769035921;2370;68.984038819544054;2370;2.8321176793725393;2370;0.12208327958468039;2370;6.6521195104831072;2370;6.750083925901059
2380;147.8560747093112;2380;68.715475936155286;2380;2.9175695059053313;2380;0.12212282255932992;2380;6.6475417340617078;2380;6.750083925901059
2390;148.02697836237678;2390;68.4835352641377;2390;2.9419843134861297;2390;0.12220190850862873;2390;6.646015808587908;2390;6.750083925901059
2400;147.95373393963439;2400;68.141727958006527;2400;2.8687398907437363;2400;0.12228099445792755;2400;6.6490676595355076;2400;6.750083925901059
2410;148.02697836237678;2410;67.873165074617759;2410;2.8931546983245338;2410;0.12232053743257697;2410;6.6490676595355076;2410;6.750083925901059
2420;147.92931913205359;2420;67.702261421552166;2420;2.8931546983245338;2420;0.12239962338187578;2420;6.6469313638721879;2420;6.750083925901059
2430;147.941526535844;2430;67.543565172276985;2430;2.8199102755821404;2430;0.12243916635652519;2430;6.646015808587908;2430;6.750083925901059
2440;147.80724509414961;2440;67.360454115420993;2440;2.8443250831629387;2440;0.12247870933117459;2440;6.6508987701040674;2440;6.750083925901059
2450;147.92931913205359;2450;67.3116245002594;2450;2.8931546983245338;2450;0.12251825230582403;2450;6.6469313638721879;2450;6.750083925901059
2460;147.880489516892;2460;67.238380077517007;2460;2.8565324869533373;2460;0.12259733825512284;2460;6.646015808587908;2460;6.750083925901059
2470;147.92931913205359;2470;67.2505874813074;2470;2.8077028717917418;2470;0.12271596717907107;2470;6.6463209936826679;2470;6.750083925901059
2480;148.07580797753837;2480;67.543565172276985;2480;2.7466658528397478;2480;0.12279505312836989;2480;6.6484572893459877;2480;6.750083925901059
2490;147.92931913205359;2490;67.616809595019376;2490;2.6367992187261575;2490;0.12287413907766871;2490;6.6451002533036281;2490;6.750083925901059
2500;147.97814874721519;2500;67.738883632923361;2500;2.5269325846125672;2500;0.12295322502696752;2500;6.645405438398388;2500;6.750083925901059
2510;147.9049043244728;2510;68.092898342844933;2510;2.5391399884029662;2510;0.12295322502696752;2510;6.6493728446302676;2510;6.750083925901059
2520;148.03918576616718;2520;68.324839014862519;2520;2.5391399884029662;2520;0.12307185395091576;2520;6.6481521042512277;2520;6.750083925901059
2530;147.95373393963439;2530;68.361461226233715;2530;2.5025177770317697;2530;0.12311139692556516;2530;6.646015808587908;2530;6.750083925901059
2540;148.03918576616718;2540;68.6056093020417;2540;2.4658955656605732;2540;0.12319048287486398;2540;6.645710623493148;2540;6.750083925901059
2550;147.95373393963439;2550;68.923001800592061;2550;2.4658955656605732;2550;0.12323002584951338;2550;6.6505935850093074;2550;6.750083925901059
2560;148.00256355479598;2560;69.130527665028836;2560;2.4536881618701742;2560;0.12323002584951338;2560;6.6463209936826679;2560;6.750083925901059
2570;148.07580797753837;2570;69.289223914304017;2570;2.4536881618701742;2570;0.12334865477346162;2570;6.6451002533036281;2570;6.750083925901059
2580;147.96594134342479;2580;69.435712759788814;2580;2.4658955656605732;2580;0.12338819774811102;2580;6.6466261787774279;2580;6.750083925901059
2590;148.16125980407116;2590;69.6066164128544;2590;2.4658955656605732;2590;0.12342774072276043;2590;6.6487624744407476;2590;6.750083925901059
2600;148.06360057374798;2600;69.704275643177581;2600;2.5147251808221687;2600;0.12346728369740984;2600;6.6451002533036281;2600;6.750083925901059
2610;148.08801538132877;2610;69.850764488662378;2610;2.4903103732413707;2610;0.12346728369740984;2610;6.6438795129245882;2610;6.750083925901059
2620;147.8926969206824;2620;69.936216315195168;2620;2.4536881618701742;2620;0.12346728369740984;2620;6.6490676595355076;2620;6.750083925901059
2630;147.9049043244728;2630;69.985045930356762;2630;2.5879696035645616;2630;0.12358591262135807;2630;6.6475417340617078;2630;6.750083925901059
2640;147.99035615100559;2640;69.948423718985566;2640;2.661214026306955;2640;0.12366499857065688;2640;6.645405438398388;2640;6.750083925901059
2650;148.10022278511917;2650;69.765312662129588;2650;2.6001770073549606;2650;0.12370454154530629;2650;6.6451002533036281;2650;6.750083925901059
2660;147.99035615100559;2660;69.5822016052736;2660;2.661214026306955;2660;0.12382317046925453;2660;6.6493728446302676;2660;6.750083925901059
2670;148.08801538132877;2670;69.411297952208017;2670;2.7954954680013429;2670;0.12386271344390395;2670;6.645405438398388;2670;6.750083925901059
2680;148.17346720786156;2680;69.130527665028836;2680;2.8077028717917418;2680;0.12390225641855336;2680;6.6438795129245882;2680;6.750083925901059
2690;148.03918576616718;2690;68.861964781640069;2690;2.8199102755821404;2690;0.12398134236785217;2690;6.6466261787774279;2690;6.750083925901059
2700;148.05139316995758;2700;68.715475936155286;2700;2.8443250831629387;2700;0.124060428317151;2700;6.6478469191564677;2700;6.750083925901059
2710;147.9049043244728;2710;68.4469130527665;2710;2.8199102755821404;2710;0.12409997129180041;2710;6.6438795129245882;2710;6.750083925901059
2720;147.97814874721519;2720;68.251594592120128;2720;2.8565324869533373;2720;0.12409997129180041;2720;6.6432691427350683;2720;6.750083925901059
2730;147.92931913205359;2730;68.092898342844933;2730;2.8199102755821404;2730;0.12413951426644981;2730;6.6487624744407476;2730;6.750083925901059
2740;148.05139316995758;2740;67.873165074617759;2740;2.8077028717917418;2740;0.12429768616504745;2740;6.646015808587908;2740;6.750083925901059
2750;147.97814874721519;2750;67.714468825342564;2750;2.8321176793725393;2750;0.12441631508899567;2750;6.6438795129245882;2750;6.750083925901059
2760;147.99035615100559;2760;67.726676229132963;2760;2.7954954680013429;2760;0.12441631508899567;2760;6.6438795129245882;2760;6.750083925901059
2770;148.02697836237678;2770;67.738883632923361;2770;2.7710806604205449;2770;0.12441631508899567;2770;6.6478469191564677;2770;6.750083925901059
2780;148.02697836237678;2780;67.58018738364818;2780;2.7710806604205449;2780;0.12445585806364508;2780;6.6435743278298283;2780;6.750083925901059
2790;148.07580797753837;2790;67.482528153324992;2790;2.7710806604205449;2790;0.12461402996224272;2790;6.6429639576403083;2790;6.750083925901059
2800;147.8926969206824;2800;67.519150364696188;2800;2.7466658528397478;2800;0.12465357293689219;2800;6.645710623493148;2800;6.750083925901059
2810;147.95373393963439;2810;67.641224402600173;2810;2.6856288338877534;2810;0.12477220186084041;2810;6.645405438398388;2810;6.750083925901059
2820;147.92931913205359;2820;67.714468825342564;2820;2.6123844111453596;2820;0.12485128781013922;2820;6.6435743278298283;2820;6.750083925901059
2830;148.12463759269997;2830;67.873165074617759;2830;2.6123844111453596;2830;0.12485128781013922;2830;6.6429639576403083;2830;6.750083925901059
2840;147.97814874721519;2840;68.105105746635331;2840;2.6001770073549606;2840;0.12493037375943805;2840;6.6484572893459877;2840;6.750083925901059
2850;147.99035615100559;2850;68.276009399700925;2850;2.5269325846125672;2850;0.12496991673408746;2850;6.6444898831141082;2850;6.750083925901059
2860;148.13684499649037;2860;68.4713278603473;2860;2.5147251808221687;2860;0.12500945970873686;2860;6.6414380321665085;2860;6.750083925901059
2870;148.08801538132877;2870;68.678853724784091;2870;2.5513473921933656;2870;0.12500945970873686;2870;6.6435743278298283;2870;6.750083925901059
2880;147.941526535844;2880;68.996246223334452;2880;2.5635547959837641;2880;0.12508854565803568;2880;6.6478469191564677;2880;6.750083925901059
2890;147.92931913205359;2890;69.106112857448039;2890;2.5635547959837641;2890;0.1251280886326851;2890;6.6429639576403083;2890;6.750083925901059
2900;148.14905240028077;2900;69.191564683980829;2900;2.5025177770317697;2900;0.12516763160733449;2900;6.6420484023560284;2900;6.750083925901059
2910;148.05139316995758;2910;69.313638721884814;2910;2.4292733542893763;2910;0.12516763160733449;2910;6.6475417340617078;2910;6.750083925901059
2920;148.12463759269997;2920;69.484542374950408;2920;2.4903103732413707;2920;0.12528626053128275;2920;6.6463209936826679;2920;6.750083925901059
2930;147.99035615100559;2930;69.423505355998415;2930;2.5391399884029662;2930;0.12536534648058156;2930;6.6435743278298283;2930;6.750083925901059
2940;148.00256355479598;2940;69.374675740836821;2940;2.5635547959837641;2940;0.12540488945523098;2940;6.6435743278298283;2940;6.750083925901059
2950;147.9049043244728;2950;69.5089571825312;2950;2.6490066225165565;2950;0.12544443242988038;2950;6.6493728446302676;2950;6.750083925901059
2960;148.05139316995758;2960;69.5699942014832;2960;2.6856288338877534;2960;0.12556306135382861;2960;6.645710623493148;2960;6.750083925901059
2970;148.13684499649037;2970;69.411297952208017;2970;2.6245918149357581;2970;0.12568169027777684;2970;6.6435743278298283;2970;6.750083925901059
2980;148.00256355479598;2980;69.191564683980829;2980;2.6490066225165565;2980;0.12572123325242623;2980;6.6441846980193482;2980;6.750083925901059
2990;148.10022278511917;2990;69.130527665028836;2990;2.7344584490493484;2990;0.12580031920172507;2990;6.6466261787774279;2990;6.750083925901059
3000;148.07580797753837;3000;68.947416608172858;3000;2.7466658528397478;3000;0.12587940515102389;3000;6.6435743278298283;3000;6.750083925901059
3010;148.10022278511917;3010;68.813135166478475;3010;2.7344584490493484;3010;0.12587940515102389;3010;6.6429639576403083;3010;6.750083925901059
3020;147.97814874721519;3020;68.6422315134129;3020;2.7344584490493484;3020;0.1259584911003227;3020;6.6478469191564677;3020;6.750083925901059
3030;148.18567461165196;3030;68.4591204565569;3030;2.8077028717917418;3030;0.12603757704962151;3030;6.6444898831141082;3030;6.750083925901059
3040;148.05139316995758;3040;68.385876033814512;3040;2.8443250831629387;3040;0.12611666299892033;3040;6.6426587725455484;3040;6.750083925901059
3050;148.05139316995758;3050;68.153935361796925;3050;2.8443250831629387;3050;0.12619574894821917;3050;6.6438795129245882;3050;6.750083925901059
3060;148.12463759269997;3060;68.080690939054534;3060;2.8565324869533373;3060;0.12623529192286856;3060;6.6490676595355076;3060;6.750083925901059
3070;148.22229682302316;3070;68.056276131473737;3070;2.8443250831629387;3070;0.12631437787216737;3070;6.6435743278298283;3070;6.750083925901059
3080;148.24671163060395;3080;67.860957670827361;3080;2.7588732566301464;3080;0.1264330067961156;3080;6.6417432172612685;3080;6.750083925901059
3090;148.02697836237678;3090;67.690054017761767;3090;2.7100436414685505;3090;0.12639346382146618;3090;6.645710623493148;3090;6.750083925901059
3100;147.9049043244728;3100;67.860957670827361;3100;2.8077028717917418;3100;0.1264330067961156;3100;6.6469313638721879;3100;6.750083925901059
3110;147.880489516892;3110;67.824335459456165;3110;2.7954954680013429;3110;0.12659117869471326;3110;6.6435743278298283;3110;6.750083925901059
3120;147.97814874721519;3120;67.641224402600173;3120;2.6856288338877534;3120;0.12659117869471326;3120;6.6426587725455484;3120;6.750083925901059
3130;147.9049043244728;3130;67.604602191228977;3130;2.6123844111453596;3130;0.12663072166936268;3130;6.6475417340617078;3130;6.750083925901059
3140;148.06360057374798;3140;67.799920651875368;3140;2.6123844111453596;3140;0.12670980761866149;3140;6.6444898831141082;3140;6.750083925901059
3150;147.92931913205359;3150;68.044068727683339;3150;2.5879696035645616;3150;0.12682843654260972;3150;6.6429639576403083;3150;6.750083925901059
3160;148.02697836237678;3160;68.019653920102542;3160;2.6001770073549606;3160;0.12690752249190854;3160;6.6435743278298283;3160;6.750083925901059
3170;148.08801538132877;3170;68.166142765587338;3170;2.5513473921933656;3170;0.12694706546655793;3170;6.6481521042512277;3170;6.750083925901059
3180;148.05139316995758;3180;68.202764976958534;3180;2.5513473921933656;3180;0.12694706546655793;3180;6.6435743278298283;3180;6.750083925901059
3190;148.03918576616718;3190;68.276009399700925;3190;2.6123844111453596;3190;0.12702615141585677;3190;6.6426587725455484;3190;6.750083925901059
3200;147.941526535844;3200;68.4469130527665;3200;2.5391399884029662;3200;0.12714478033980497;3200;6.6463209936826679;3200;6.750083925901059
3210;148.06360057374798;3210;68.6422315134129;3210;2.5025177770317697;3210;0.12718432331445445;3210;6.645710623493148;3210;6.750083925901059
3220;147.97814874721519;3220;68.76430555131688;3220;2.5391399884029662;3220;0.12726340926375326;3220;6.6426587725455484;3220;6.750083925901059
3230;148.10022278511917;3230;68.923001800592061;3230;2.5391399884029662;3230;0.1273424952130521;3230;6.6417432172612685;3230;6.750083925901059
3240;147.95373393963439;3240;69.106112857448039;3240;2.4903103732413707;3240;0.1273820381877015;3240;6.6484572893459877;3240;6.750083925901059
3250;148.14905240028077;3250;69.167149876400032;3250;2.5391399884029662;3250;0.12746112413700031;3250;6.6444898831141082;3250;6.750083925901059
3260;148.14905240028077;3260;69.118320261238438;3260;2.5879696035645616;3260;0.12750066711164973;3260;6.6429639576403083;3260;6.750083925901059
3270;148.05139316995758;3270;69.130527665028836;3270;2.6245918149357581;3270;0.12754021008629915;3270;6.6441846980193482;3270;6.750083925901059
3280;148.10022278511917;3280;69.167149876400032;3280;2.6367992187261575;3280;0.12757975306094854;3280;6.6478469191564677;3280;6.750083925901059
3290;147.97814874721519;3290;68.959624011963257;3290;2.5879696035645616;3290;0.12761929603559796;3290;6.6441846980193482;3290;6.750083925901059
3300;147.95373393963439;3300;68.93520920438246;3300;2.6001770073549606;3300;0.12777746793419559;3300;6.6417432172612685;3300;6.750083925901059
3310;147.80724509414961;3310;68.923001800592061;3310;2.6367992187261575;3310;0.1278565538834944;3310;6.645710623493148;3310;6.750083925901059
3320;147.97814874721519;3320;68.910794396801663;3320;2.6978362376781519;3320;0.12789609685814382;3320;6.6451002533036281;3320;6.750083925901059
3330;147.8682821131016;3330;68.800927762688076;3330;2.722251045258949;3330;0.12793563983279324;3330;6.6429639576403083;3330;6.750083925901059
3340;147.941526535844;3340;68.5811944944609;3340;2.7466658528397478;3340;0.12797518280744266;3340;6.6426587725455484;3340;6.750083925901059
3350;148.00256355479598;3350;68.4835352641377;3350;2.7710806604205449;3350;0.12809381173139087;3350;6.6484572893459877;3350;6.750083925901059
3360;148.02697836237678;3360;68.288216803491324;3360;2.7954954680013429;3360;0.12801472578209205;3360;6.6441846980193482;3360;6.750083925901059
3370;147.99035615100559;3370;68.166142765587338;3370;2.7954954680013429;3370;0.12809381173139087;3370;6.6426587725455484;3370;6.750083925901059
3380;147.81945249794;3380;68.068483535264136;3380;2.7466658528397478;3380;0.12817289768068971;3380;6.6451002533036281;3380;6.750083925901059
3390;147.8560747093112;3390;68.080690939054534;3390;2.7100436414685505;3390;0.12833106957928733;3390;6.6475417340617078;3390;6.750083925901059
3400;147.941526535844;3400;67.909787285988955;3400;2.6978362376781519;3400;0.12841015552858615;3400;6.6435743278298283;3400;6.750083925901059
3410;148.06360057374798;3410;67.738883632923361;3410;2.6978362376781519;3410;0.12841015552858615;3410;6.6420484023560284;3410;6.750083925901059
3420;147.92931913205359;3420;67.690054017761767;3420;2.7344584490493484;3420;0.12844969850323557;3420;6.6478469191564677;3420;6.750083925901059
3430;148.08801538132877;3430;67.714468825342564;3430;2.7588732566301464;3430;0.12848924147788496;3430;6.645405438398388;3430;6.750083925901059
3440;147.92931913205359;3440;67.677846613971369;3440;2.6978362376781519;3440;0.12852878445253438;3440;6.6432691427350683;3440;6.750083925901059
3450;147.9049043244728;3450;67.555772576067383;3450;2.661214026306955;3450;0.12864741337648261;3450;6.6432691427350683;3450;6.750083925901059
3460;147.95373393963439;3460;67.677846613971369;3460;2.6856288338877534;3460;0.12872649932578142;3460;6.6481521042512277;3460;6.750083925901059
3470;147.95373393963439;3470;67.836542863246564;3470;2.6245918149357581;3470;0.12864741337648261;3470;6.6438795129245882;3470;6.750083925901059
3480;147.99035615100559;3480;67.921994689779353;3480;2.6490066225165565;3480;0.12880558527508024;3480;6.6417432172612685;3480;6.750083925901059
3490;147.880489516892;3490;67.983031708731346;3490;2.6001770073549606;3490;0.12892421419902847;3490;6.6441846980193482;3490;6.750083925901059
3500;148.07580797753837;3500;68.092898342844933;3500;2.6123844111453596;3500;0.12896375717367786;3500;6.6463209936826679;3500;6.750083925901059
3510;148.07580797753837;3510;68.068483535264136;3510;2.6123844111453596;3510;0.12896375717367786;3510;6.6426587725455484;3510;6.750083925901059
3520;148.12463759269997;3520;68.178350169377737;3520;2.5635547959837641;3520;0.1290428431229767;3520;6.6417432172612685;3520;6.750083925901059
3530;147.92931913205359;3530;68.276009399700925;3530;2.5879696035645616;3530;0.1290823860976261;3530;6.6484572893459877;3530;6.750083925901059
3540;148.00256355479598;3540;68.324839014862519;3540;2.5391399884029662;3540;0.12912192907227552;3540;6.6444898831141082;3540;6.750083925901059
3550;147.941526535844;3550;68.4347056489761;3550;2.5269325846125672;3550;0.12916147204692491;3550;6.6426587725455484;3550;6.750083925901059
3560;148.00256355479598;3560;68.4957426679281;3560;2.5635547959837641;3560;0.12924055799622375;3560;6.6441846980193482;3560;6.750083925901059
3570;147.99035615100559;3570;68.6544389172033;3570;2.5635547959837641;3570;0.1293987298948214;3570;6.6484572893459877;3570;6.750083925901059
3580;147.97814874721519;3580;68.703268532364888;3580;2.5635547959837641;3580;0.1293987298948214;3580;6.6429639576403083;3580;6.750083925901059
3590;148.16125980407116;3590;68.678853724784091;3590;2.5879696035645616;3590;0.12947781584412021;3590;6.6420484023560284;3590;6.750083925901059
3600;147.96594134342479;3600;68.739890743736083;3600;2.5879696035645616;3600;0.12951735881876961;3600;6.6463209936826679;3600;6.750083925901059
3610;148.03918576616718;3610;68.76430555131688;3610;2.6245918149357581;3610;0.12955690179341903;3610;6.645405438398388;3610;6.750083925901059
3620;148.07580797753837;3620;68.678853724784091;3620;2.6367992187261575;3620;0.12967553071736726;3620;6.6426587725455484;3620;6.750083925901059
3630;148.05139316995758;3630;68.666646320993692;3630;2.661214026306955;3630;0.12967553071736726;3630;6.6429639576403083;3630;6.750083925901059
3640;147.941526535844;3640;68.6178167058321;3640;2.6245918149357581;3640;0.12967553071736726;3640;6.6484572893459877;3640;6.750083925901059
3650;148.13684499649037;3650;68.544572283089693;3650;2.6001770073549606;3650;0.12971507369201674;3650;6.6438795129245882;3650;6.750083925901059
3660;148.08801538132877;3660;68.4835352641377;3660;2.722251045258949;3660;0.12983370261596494;3660;6.6414380321665085;3660;6.750083925901059
3670;147.99035615100559;3670;68.349253822443316;3670;2.8077028717917418;3670;0.12987324559061436;3670;6.6432691427350683;3670;6.750083925901059
3680;147.96594134342479;3680;68.373668630024113;3680;2.7466658528397478;3680;0.130031417489212;3680;6.6469313638721879;3680;6.750083925901059
3690;148.03918576616718;3690;68.276009399700925;3690;2.6490066225165565;3690;0.13007096046386141;3690;6.6429639576403083;3690;6.750083925901059
3700;148.17346720786156;3700;68.080690939054534;3700;2.6978362376781519;3700;0.13007096046386141;3700;6.6417432172612685;3700;6.750083925901059
3710;148.00256355479598;3710;68.007446516312143;3710;2.7344584490493484;3710;0.13007096046386141;3710;6.645710623493148;3710;6.750083925901059
3720;147.97814874721519;3720;67.983031708731346;3720;2.7100436414685505;3720;0.13011050343851083;3720;6.6444898831141082;3720;6.750083925901059
3730;147.80724509414961;3730;67.873165074617759;3730;2.7344584490493484;3730;0.13018958938780964;3730;6.6426587725455484;3730;6.750083925901059
3740;147.92931913205359;3740;67.799920651875368;3740;2.7588732566301464;3740;0.13034776128640727;3740;6.6420484023560284;3740;6.750083925901059
3750;147.92931913205359;3750;67.714468825342564;3750;2.6978362376781519;3750;0.13038730426105669;3750;6.6478469191564677;3750;6.750083925901059
3760;148.05139316995758;3760;67.543565172276985;3760;2.661214026306955;3760;0.13038730426105669;3760;6.6435743278298283;3760;6.750083925901059
3770;148.03918576616718;3770;67.555772576067383;3770;2.6978362376781519;3770;0.13050593318500489;3770;6.6414380321665085;3770;6.750083925901059
3780;147.95373393963439;3780;67.66563921018097;3780;2.7100436414685505;3780;0.13050593318500489;3780;6.6432691427350683;3780;6.750083925901059
3790;147.99035615100559;3790;67.78771324808497;3790;2.6978362376781519;3790;0.13054547615965431;3790;6.645710623493148;3790;6.750083925901059
3800;147.8560747093112;3800;67.799920651875368;3800;2.6123844111453596;3800;0.13062456210895312;3800;6.6420484023560284;3800;6.750083925901059
3810;147.95373393963439;3810;67.824335459456165;3810;2.6245918149357581;3810;0.13066410508360254;3810;6.6411328470717486;3810;6.750083925901059
3820;147.8682821131016;3820;67.885372478408158;3820;2.6490066225165565;3820;0.13074319103290138;3820;6.645710623493148;3820;6.750083925901059
3830;147.9049043244728;3830;67.921994689779353;3830;2.6123844111453596;3830;0.13078273400755078;3830;6.6438795129245882;3830;6.750083925901059
3840;147.95373393963439;3840;67.995239112521745;3840;2.5391399884029662;3840;0.1308222769822002;3840;6.6420484023560284;3840;6.750083925901059
3850;148.06360057374798;3850;68.153935361796925;3850;2.5513473921933656;3850;0.13098044888079782;3850;6.6420484023560284;3850;6.750083925901059
3860;147.9049043244728;3860;68.251594592120128;3860;2.5635547959837641;3860;0.13109907780474606;3860;6.6469313638721879;3860;6.750083925901059
3870;147.941526535844;3870;68.227179784539331;3870;2.5635547959837641;3870;0.13109907780474606;3870;6.6429639576403083;3870;6.750083925901059
3880;148.10022278511917;3880;68.337046418652918;3880;2.6001770073549606;3880;0.13117816375404487;3880;6.6417432172612685;3880;6.750083925901059
3890;148.03918576616718;3890;68.251594592120128;3890;2.6123844111453596;3890;0.13125724970334368;3890;6.6441846980193482;3890;6.750083925901059
3900;147.941526535844;3900;68.361461226233715;3900;2.6245918149357581;3900;0.1312967926779931;3900;6.645710623493148;3900;6.750083925901059
3910;147.8438673055208;3910;68.544572283089693;3910;2.6001770073549606;3910;0.13133633565264252;3910;6.6426587725455484;3910;6.750083925901059
3920;148.06360057374798;3920;68.544572283089693;3920;2.6001770073549606;3920;0.13137587862729191;3920;6.6417432172612685;3920;6.750083925901059
3930;147.941526535844;3930;68.6056093020417;3930;2.6123844111453596;3930;0.13153405052588954;3930;6.6478469191564677;3930;6.750083925901059
3940;147.97814874721519;3940;68.4957426679281;3940;2.6367992187261575;3940;0.13157359350053896;3940;6.6438795129245882;3940;6.750083925901059
3950;147.9049043244728;3950;68.4713278603473;3950;2.6978362376781519;3950;0.13157359350053896;3950;6.6414380321665085;3950;6.750083925901059
3960;147.95373393963439;3960;68.4591204565569;3960;2.6856288338877534;3960;0.13161313647518838;3960;6.6429639576403083;3960;6.750083925901059
3970;147.8438673055208;3970;68.4835352641377;3970;2.6490066225165565;3970;0.13173176539913659;3970;6.6478469191564677;3970;6.750083925901059
3980;147.79503769035921;3980;68.361461226233715;3980;2.6490066225165565;3980;0.13185039432308482;3980;6.6420484023560284;3980;6.750083925901059
3990;148.08801538132877;3990;68.227179784539331;3990;2.6367992187261575;3990;0.13192948027238366;3990;6.6414380321665085;3990;6.750083925901059
4000;148.02697836237678;4000;68.202764976958534;4000;2.6001770073549606;4000;0.13188993729773424;4000;6.6451002533036281;4000;6.750083925901059
4010;147.97814874721519;4010;68.202764976958534;4010;2.6001770073549606;4010;0.13200856622168247;4010;6.6441846980193482;4010;6.750083925901059
4020;147.9049043244728;4020;68.056276131473737;4020;2.6123844111453596;4020;0.13204810919633189;4020;6.6417432172612685;4020;6.750083925901059
4030;148.05139316995758;4030;67.860957670827361;4030;2.6490066225165565;4030;0.13208765217098128;4030;6.6408276619769886;4030;6.750083925901059
4040;147.96594134342479;4040;67.812128055665767;4040;2.661214026306955;4040;0.13208765217098128;4040;6.6469313638721879;4040;6.750083925901059
4050;148.06360057374798;4050;67.836542863246564;4050;2.7100436414685505;4050;0.13208765217098128;4050;6.6432691427350683;4050;6.750083925901059
4060;148.00256355479598;4060;67.812128055665767;4060;2.7344584490493484;4060;0.13228536704422841;4060;6.6408276619769886;4060;6.750083925901059
4070;147.97814874721519;4070;67.775505844294571;4070;2.7100436414685505;4070;0.13228536704422841;4070;6.6426587725455484;4070;6.750083925901059
4080;148.00256355479598;4080;67.824335459456165;4080;2.6856288338877534;4080;0.13228536704422841;4080;6.646015808587908;4080;6.750083925901059
4090;147.99035615100559;4090;67.690054017761767;4090;2.6978362376781519;4090;0.13232491001887781;4090;6.6420484023560284;4090;6.750083925901059
4100;148.00256355479598;4100;67.519150364696188;4100;2.661214026306955;4100;0.13236445299352723;4100;6.6411328470717486;4100;6.750083925901059
4110;147.79503769035921;4110;67.58018738364818;4110;2.6123844111453596;4110;0.13240399596817662;4110;6.6451002533036281;4110;6.750083925901059
4120;147.95373393963439;4120;67.738883632923361;4120;2.6367992187261575;4120;0.13252262489212485;4120;6.6435743278298283;4120;6.750083925901059
4130;147.97814874721519;4130;67.738883632923361;4130;2.6978362376781519;4130;0.13260171084142366;4130;6.6417432172612685;4130;6.750083925901059
4140;148.02697836237678;4140;67.775505844294571;4140;2.6856288338877534;4140;0.1326807967907225;4140;6.6417432172612685;4140;6.750083925901059
4150;147.880489516892;4150;67.885372478408158;4150;2.5513473921933656;4150;0.1327203397653719;4150;6.6478469191564677;4150;6.750083925901059
4160;147.95373393963439;4160;67.921994689779353;4160;2.5025177770317697;4160;0.13279942571467071;4160;6.6420484023560284;4160;6.750083925901059
4170;147.96594134342479;4170;68.007446516312143;4170;2.5635547959837641;4170;0.13279942571467071;4170;6.6405224768822286;4170;6.750083925901059
4180;147.97814874721519;4180;67.970824304940948;4180;2.5635547959837641;4180;0.13279942571467071;4180;6.6432691427350683;4180;6.750083925901059
4190;148.05139316995758;4190;68.007446516312143;4190;2.5269325846125672;4190;0.13291805463861894;4190;6.645405438398388;4190;6.750083925901059
4200;147.97814874721519;4200;68.068483535264136;4200;2.5269325846125672;4200;0.13295759761326836;4200;6.6417432172612685;4200;6.750083925901059
4210;148.03918576616718;4210;68.092898342844933;4210;2.5269325846125672;4210;0.13303668356256718;4210;6.6408276619769886;4210;6.750083925901059
4220;147.81945249794;4220;68.178350169377737;4220;2.6001770073549606;4220;0.133115769511866;4220;6.645710623493148;4220;6.750083925901059
4230;147.95373393963439;4230;68.251594592120128;4230;2.661214026306955;4230;0.13315531248651541;4230;6.6432691427350683;4230;6.750083925901059
4240;147.97814874721519;4240;68.251594592120128;4240;2.6001770073549606;4240;0.13323439843581422;4240;6.6414380321665085;4240;6.750083925901059
4250;148.03918576616718;4250;68.288216803491324;4250;2.6001770073549606;4250;0.13327394141046361;4250;6.6417432172612685;4250;6.750083925901059
4260;147.9049043244728;4260;68.276009399700925;4260;2.6245918149357581;4260;0.13343211330906127;4260;6.6475417340617078;4260;6.750083925901059
4270;147.880489516892;4270;68.202764976958534;4270;2.6123844111453596;4270;0.13347165628371069;4270;6.6420484023560284;4270;6.750083925901059
4280;148.03918576616718;4280;68.251594592120128;4280;2.6367992187261575;4280;0.13347165628371069;4280;6.6405224768822286;4280;6.750083925901059
4290;147.941526535844;4290;68.263801995910526;4290;2.661214026306955;4290;0.13347165628371069;4290;6.6438795129245882;4290;6.750083925901059
4300;147.96594134342479;4300;68.11731315042573;4300;2.6367992187261575;4300;0.13359028520765892;4300;6.645710623493148;4300;6.750083925901059
4310;148.02697836237678;4310;68.019653920102542;4310;2.5635547959837641;4310;0.13362982818230831;4310;6.6426587725455484;4310;6.750083925901059
4320;148.06360057374798;4320;68.080690939054534;4320;2.6001770073549606;4320;0.13362982818230831;4320;6.6411328470717486;4320;6.750083925901059
4330;147.78283028656881;4330;68.007446516312143;4330;2.6856288338877534;4330;0.13374845710625655;4330;6.6469313638721879;4330;6.750083925901059
4340;148.03918576616718;4340;67.94640949736015;4340;2.6856288338877534;4340;0.13382754305555536;4340;6.6438795129245882;4340;6.750083925901059
4350;148.03918576616718;4350;67.873165074617759;4350;2.6245918149357581;4350;0.1339066290048542;4350;6.6420484023560284;4350;6.750083925901059
4360;147.941526535844;4360;67.738883632923361;4360;2.6490066225165565;4360;0.13394617197950359;4360;6.6432691427350683;4360;6.750083925901059
4370;147.96594134342479;4370;67.799920651875368;4370;2.6978362376781519;4370;0.133985714954153;4370;6.6475417340617078;4370;6.750083925901059
4380;147.97814874721519;4380;67.714468825342564;4380;2.6245918149357581;4380;0.133985714954153;4380;6.6417432172612685;4380;6.750083925901059
4390;148.07580797753837;4390;67.690054017761767;4390;2.6001770073549606;4390;0.13414388685275064;4390;6.6405224768822286;4390;6.750083925901059
4400;147.95373393963439;4400;67.677846613971369;4400;2.6001770073549606;4400;0.13422297280204945;4400;6.6444898831141082;4400;6.750083925901059
4410;147.97814874721519;4410;67.702261421552166;4410;2.6245918149357581;4410;0.13422297280204945;4410;6.6444898831141082;4410;6.750083925901059
4420;147.8926969206824;4420;67.677846613971369;4420;2.6856288338877534;4420;0.13426251577669887;4420;6.6417432172612685;4420;6.750083925901059
4430;147.8682821131016;4430;67.58018738364818;4430;2.6490066225165565;4430;0.1343811447006471;4430;6.6414380321665085;4430;6.750083925901059
4440;147.77062288277841;4440;67.66563921018097;4440;2.5879696035645616;4440;0.13446023064994592;4440;6.6475417340617078;4440;6.750083925901059
4450;147.941526535844;4450;67.702261421552166;4450;2.5391399884029662;4450;0.13453931659924473;4450;6.6429639576403083;4450;6.750083925901059
4460;147.880489516892;4460;67.702261421552166;4460;2.5513473921933656;4460;0.13457885957389415;4460;6.6411328470717486;4460;6.750083925901059
4470;147.8560747093112;4470;67.66563921018097;4470;2.5635547959837641;4470;0.13457885957389415;4470;6.6426587725455484;4470;6.750083925901059
4480;147.8682821131016;4480;67.702261421552166;4480;2.5635547959837641;4480;0.1347370314724918;4480;6.645710623493148;4480;6.750083925901059
4490;147.8926969206824;4490;67.714468825342564;4490;2.5635547959837641;4490;0.1347370314724918;4490;6.6426587725455484;4490;6.750083925901059
4500;147.96594134342479;4500;67.812128055665767;4500;2.6367992187261575;4500;0.13477657444714131;4500;6.6417432172612685;4500;6.750083925901059
4510;147.81945249794;4510;67.94640949736015;4510;2.6123844111453596;4510;0.1348161174217907;4510;6.645710623493148;4510;6.750083925901059
4520;148.03918576616718;4520;67.921994689779353;4520;2.5635547959837641;4520;0.13485566039644012;4520;6.6435743278298283;4520;6.750083925901059
4530;147.9049043244728;4530;67.873165074617759;4530;2.5391399884029662;4530;0.13493474634573893;4530;6.6414380321665085;4530;6.750083925901059
4540;147.941526535844;4540;67.836542863246564;4540;2.5635547959837641;4540;0.13505337526968719;4540;6.6411328470717486;4540;6.750083925901059
4550;147.8682821131016;4550;67.775505844294571;4550;2.5513473921933656;4550;0.13509291824433659;4550;6.6475417340617078;4550;6.750083925901059
4560;147.95373393963439;4560;67.897579882198556;4560;2.5269325846125672;4560;0.13509291824433659;4560;6.6426587725455484;4560;6.750083925901059
4570;147.95373393963439;4570;68.044068727683339;4570;2.6245918149357581;4570;0.13517200419363543;4570;6.6405224768822286;4570;6.750083925901059
4580;147.79503769035921;4580;68.007446516312143;4580;2.6001770073549606;4580;0.13536971906688244;4580;6.6432691427350683;4580;6.750083925901059
4590;147.80724509414961;4590;68.044068727683339;4590;2.5879696035645616;4590;0.13536971906688244;4590;6.6469313638721879;4590;6.750083925901059
4600;147.880489516892;4600;67.983031708731346;4600;2.6245918149357581;4600;0.13536971906688244;4600;6.6429639576403083;4600;6.750083925901059
4610;148.05139316995758;4610;67.94640949736015;4610;2.6001770073549606;4610;0.13540926204153186;4610;6.6405224768822286;4610;6.750083925901059
4620;147.81945249794;4620;67.94640949736015;4620;2.5879696035645616;4620;0.13544880501618128;4620;6.6475417340617078;4620;6.750083925901059
4630;147.96594134342479;4630;67.897579882198556;4630;2.6123844111453596;4630;0.1355278909654801;4630;6.645405438398388;4630;6.750083925901059
4640;148.05139316995758;4640;67.885372478408158;4640;2.661214026306955;4640;0.13556743394012949;4640;6.6417432172612685;4640;6.750083925901059
4650;148.03918576616718;4650;67.885372478408158;4650;2.6856288338877534;4650;0.13564651988942833;4650;6.6417432172612685;4650;6.750083925901059
4660;147.8926969206824;4660;67.78771324808497;4660;2.6001770073549606;4660;0.13576514881337653;4660;6.6463209936826679;4660;6.750083925901059
4670;147.96594134342479;4670;67.66563921018097;4670;2.5635547959837641;4670;0.13576514881337653;4670;6.6426587725455484;4670;6.750083925901059
4680;148.06360057374798;4680;67.702261421552166;4680;2.6245918149357581;4680;0.13576514881337653;4680;6.6417432172612685;4680;6.750083925901059
4690;147.96594134342479;4690;67.66563921018097;4690;2.6367992187261575;4690;0.13584423476267538;4690;6.6438795129245882;4690;6.750083925901059
4700;148.02697836237678;4700;67.616809595019376;4700;2.661214026306955;4700;0.13596286368662358;4700;6.6444898831141082;4700;6.750083925901059
4710;147.941526535844;4710;67.58018738364818;4710;2.6978362376781519;4710;0.13604194963592239;4710;6.6420484023560284;4710;6.750083925901059
4720;148.03918576616718;4720;67.543565172276985;4720;2.6856288338877534;4720;0.13608149261057181;4720;6.6411328470717486;4720;6.750083925901059
4730;147.8560747093112;4730;67.555772576067383;4730;2.661214026306955;4730;0.13608149261057181;4730;6.6466261787774279;4730;6.750083925901059
4740;148.03918576616718;4740;67.506942960905789;4740;2.6367992187261575;4740;0.13616057855987063;4740;6.6432691427350683;4740;6.750083925901059
4750;147.941526535844;4750;67.482528153324992;4750;2.6490066225165565;4750;0.13620012153452005;4750;6.6411328470717486;4750;6.750083925901059
4760;147.80724509414961;4760;67.519150364696188;4760;2.6856288338877534;4760;0.13620012153452005;4760;6.6420484023560284;4760;6.750083925901059
4770;147.92931913205359;4770;67.58018738364818;4770;2.661214026306955;4770;0.13639783640776712;4770;6.6466261787774279;4770;6.750083925901059
4780;147.8926969206824;4780;67.519150364696188;4780;2.6245918149357581;4780;0.13647692235706593;4780;6.6426587725455484;4780;6.750083925901059
4790;147.941526535844;4790;67.543565172276985;4790;2.6245918149357581;4790;0.13651646533171533;4790;6.6414380321665085;4790;6.750083925901059
4800;147.81945249794;4800;67.629016998809774;4800;2.6123844111453596;4800;0.13647692235706593;4800;6.645405438398388;4800;6.750083925901059
4810;147.941526535844;4810;67.690054017761767;4810;2.6123844111453596;4810;0.13659555128101414;4810;6.6444898831141082;4810;6.750083925901059
4820;147.80724509414961;4820;67.629016998809774;4820;2.5879696035645616;4820;0.13667463723031298;4820;6.6420484023560284;4820;6.750083925901059
4830;147.92931913205359;4830;67.629016998809774;4830;2.5635547959837641;4830;0.13667463723031298;4830;6.6414380321665085;4830;6.750083925901059
4840;147.70958586382642;4840;67.677846613971369;4840;2.6001770073549606;4840;0.13679326615426118;4840;6.6475417340617078;4840;6.750083925901059
4850;147.8682821131016;4850;67.616809595019376;4850;2.5879696035645616;4850;0.13691189507820942;4850;6.6432691427350683;4850;6.750083925901059
4860;147.8682821131016;4860;67.66563921018097;4860;2.5147251808221687;4860;0.1368328091289106;4860;6.6420484023560284;4860;6.750083925901059
4870;147.81945249794;4870;67.616809595019376;4870;2.5147251808221687;4870;0.1368328091289106;4870;6.6435743278298283;4870;6.750083925901059
4880;147.8560747093112;4880;67.677846613971369;4880;2.6245918149357581;4880;0.13695143805285884;4880;6.6463209936826679;4880;6.750083925901059
4890;147.8560747093112;4890;67.738883632923361;4890;2.6001770073549606;4890;0.13703052400215765;4890;6.6426587725455484;4890;6.750083925901059
4900;148.02697836237678;4900;67.824335459456165;4900;2.5269325846125672;4900;0.13714915292610588;4900;6.6414380321665085;4900;6.750083925901059
4910;147.92931913205359;4910;67.78771324808497;4910;2.6245918149357581;4910;0.13714915292610588;4910;6.646015808587908;4910;6.750083925901059
4920;148.06360057374798;4920;67.799920651875368;4920;2.6490066225165565;4920;0.13726778185005412;4920;6.6441846980193482;4920;6.750083925901059
4930;147.95373393963439;4930;67.714468825342564;4930;2.6245918149357581;4930;0.13734686779935298;4930;6.6414380321665085;4930;6.750083925901059
4940;147.95373393963439;4940;67.616809595019376;4940;2.6856288338877534;4940;0.13734686779935298;4940;6.6417432172612685;4940;6.750083925901059
4950;147.78283028656881;4950;67.690054017761767;4950;2.6490066225165565;4950;0.13746549672330122;4950;6.6484572893459877;4950;6.750083925901059
4960;147.8560747093112;4960;67.738883632923361;4960;2.6490066225165565;4960;0.13754458267260003;4960;6.6432691427350683;4960;6.750083925901059
4970;147.96594134342479;4970;67.604602191228977;4970;2.6367992187261575;4970;0.13758412564724942;4970;6.6408276619769886;4970;6.750083925901059
4980;147.880489516892;4980;67.506942960905789;4980;2.6367992187261575;4980;0.13766321159654826;4980;6.6429639576403083;4980;6.750083925901059
4990;147.97814874721519;4990;67.592394787438579;4990;2.661214026306955;4990;0.1377818405204965;4990;6.645710623493148;4990;6.750083925901059
5000;147.96594134342479;5000;67.519150364696188;5000;2.6245918149357581;5000;0.1377818405204965;5000;6.6417432172612685;5000;6.750083925901059
5010;147.96594134342479;5010;67.58018738364818;5010;2.6245918149357581;5010;0.1377818405204965;5010;6.6402172917874687;5010;6.750083925901059
5020;147.70958586382642;5020;67.555772576067383;5020;2.661214026306955;5020;0.13786092646979531;5020;6.645405438398388;5020;6.750083925901059
5030;147.880489516892;5030;67.58018738364818;5030;2.7100436414685505;5030;0.13794001241909412;5030;6.6432691427350683;5030;6.750083925901059
5040;147.95373393963439;5040;67.543565172276985;5040;2.661214026306955;5040;0.13797955539374354;5040;6.6414380321665085;5040;6.750083925901059
5050;148.02697836237678;5050;67.494735557115391;5050;2.6123844111453596;5050;0.13801909836839296;5050;6.6414380321665085;5050;6.750083925901059
5060;147.96594134342479;5060;67.531357768486586;5060;2.5879696035645616;5060;0.13809818431769177;5060;6.6475417340617078;5060;6.750083925901059
5070;148.02697836237678;5070;67.4581133457442;5070;2.5635547959837641;5070;0.13821681324164;5070;6.6429639576403083;5070;6.750083925901059
5080;147.99035615100559;5080;67.3970763267922;5080;2.6001770073549606;5080;0.13829589919093882;5080;6.6417432172612685;5080;6.750083925901059
5090;148.00256355479598;5090;67.299417096469;5090;2.661214026306955;5090;0.13837498514023763;5090;6.6444898831141082;5090;6.750083925901059
5100;148.10022278511917;5100;67.3848689230018;5100;2.661214026306955;5100;0.13837498514023763;5100;6.6451002533036281;5100;6.750083925901059
5110;147.92931913205359;5110;67.4459059419538;5110;2.6245918149357581;5110;0.13837498514023763;5110;6.6420484023560284;5110;6.750083925901059
5120;148.12463759269997;5120;67.4336985381634;5120;2.5879696035645616;5120;0.13853315703883526;5120;6.6414380321665085;5120;6.750083925901059
5130;147.8926969206824;5130;67.4459059419538;5130;2.5269325846125672;5130;0.13857270001348468;5130;6.6481521042512277;5130;6.750083925901059
5140;147.95373393963439;5140;67.494735557115391;5140;2.6123844111453596;5140;0.13861224298813407;5140;6.6444898831141082;5140;6.750083925901059
5150;147.99035615100559;5150;67.543565172276985;5150;2.6490066225165565;5150;0.13865178596278349;5150;6.6420484023560284;5150;6.750083925901059
5160;147.97814874721519;5160;67.519150364696188;5160;2.5513473921933656;5160;0.13869132893743291;5160;6.6426587725455484;5160;6.750083925901059
5170;147.95373393963439;5170;67.519150364696188;5170;2.5513473921933656;5170;0.1387308719120823;5170;6.6469313638721879;5170;6.750083925901059
5180;147.80724509414961;5180;67.506942960905789;5180;2.5635547959837641;5180;0.13880995786138112;5180;6.6420484023560284;5180;6.750083925901059
5190;147.79503769035921;5190;67.543565172276985;5190;2.5513473921933656;5190;0.13884950083603054;5190;6.6411328470717486;5190;6.750083925901059
5200;147.758415478988;5200;67.58018738364818;5200;2.5879696035645616;5200;0.13884950083603054;5200;6.645710623493148;5200;6.750083925901059
5210;147.96594134342479;5210;67.592394787438579;5210;2.6123844111453596;5210;0.13896812975997877;5210;6.645405438398388;5210;6.750083925901059
5220;147.97814874721519;5220;67.58018738364818;5220;2.6367992187261575;5220;0.13904721570927761;5220;6.6432691427350683;5220;6.750083925901059
5230;148.10022278511917;5230;67.543565172276985;5230;2.7100436414685505;5230;0.13912630165857642;5230;6.6420484023560284;5230;6.750083925901059
5240;147.97814874721519;5240;67.519150364696188;5240;2.7100436414685505;5240;0.13916584463322582;5240;6.6469313638721879;5240;6.750083925901059
5250;148.05139316995758;5250;67.58018738364818;5250;2.6490066225165565;5250;0.13924493058252466;5250;6.6429639576403083;5250;6.750083925901059
5260;147.96594134342479;5260;67.677846613971369;5260;2.5879696035645616;5260;0.13928447355717405;5260;6.6420484023560284;5260;6.750083925901059
5270;147.880489516892;5270;67.555772576067383;5270;2.5635547959837641;5270;0.13928447355717405;5270;6.6438795129245882;5270;6.750083925901059
5280;147.95373393963439;5280;67.592394787438579;5280;2.6367992187261575;5280;0.1394426454557717;5280;6.6466261787774279;5280;6.750083925901059
5290;147.99035615100559;5290;67.629016998809774;5290;2.5635547959837641;5290;0.13948218843042109;5290;6.6420484023560284;5290;6.750083925901059
5300;147.96594134342479;5300;67.641224402600173;5300;2.5513473921933656;5300;0.13952173140507051;5300;6.6411328470717486;5300;6.750083925901059
5310;147.8438673055208;5310;67.592394787438579;5310;2.6123844111453596;5310;0.13952173140507051;5310;6.646015808587908;5310;6.750083925901059
5320;147.941526535844;5320;67.506942960905789;5320;2.6490066225165565;5320;0.13956127437971991;5320;6.6438795129245882;5320;6.750083925901059
5330;147.8560747093112;5330;67.421491134373;5330;2.6123844111453596;5330;0.13967990330366814;5330;6.6420484023560284;5330;6.750083925901059
5340;147.97814874721519;5340;67.482528153324992;5340;2.5879696035645616;5340;0.13975898925296695;5340;6.6420484023560284;5340;6.750083925901059
5350;147.8438673055208;5350;67.4581133457442;5350;2.6856288338877534;5350;0.13979853222761637;5350;6.6481521042512277;5350;6.750083925901059
5360;147.8560747093112;5360;67.3116245002594;5360;2.7100436414685505;5360;0.13987761817691524;5360;6.6429639576403083;5360;6.750083925901059
5370;147.92931913205359;5370;67.299417096469;5370;2.6978362376781519;5370;0.13999624710086347;5370;6.6414380321665085;5370;6.750083925901059
5380;147.97814874721519;5380;67.2505874813074;5380;2.6367992187261575;5380;0.14007533305016229;5380;6.6438795129245882;5380;6.750083925901059
5390;148.03918576616718;5390;67.360454115420993;5390;2.6001770073549606;5390;0.14007533305016229;5390;6.645405438398388;5390;6.750083925901059
5400;147.99035615100559;5400;67.3360393078402;5400;2.5391399884029662;5400;0.14011487602481171;5400;6.6417432172612685;5400;6.750083925901059
5410;147.96594134342479;5410;67.299417096469;5410;2.5879696035645616;5410;0.14027304792340933;5410;6.6408276619769886;5410;6.750083925901059
5420;147.758415478988;5420;67.360454115420993;5420;2.6490066225165565;5420;0.14031259089805875;5420;6.6469313638721879;5420;6.750083925901059
5430;147.97814874721519;5430;67.3482467116306;5430;2.5879696035645616;5430;0.14031259089805875;5430;6.6444898831141082;5430;6.750083925901059
5440;147.8926969206824;5440;67.3238319040498;5440;2.6001770073549606;5440;0.14039167684735757;5440;6.6435743278298283;5440;6.750083925901059
5450;148.05139316995758;5450;67.238380077517007;5450;2.6001770073549606;5450;0.1405103057713058;5450;6.6432691427350683;5450;6.750083925901059
5460;147.99035615100559;5460;67.2505874813074;5460;2.5879696035645616;5460;0.14058939172060464;5460;6.6475417340617078;5460;6.750083925901059
5470;147.96594134342479;5470;67.299417096469;5470;2.6245918149357581;5470;0.14058939172060464;5470;6.6426587725455484;5470;6.750083925901059
5480;148.02697836237678;5480;67.2872096926786;5480;2.6001770073549606;5480;0.14070802064455284;5480;6.6417432172612685;5480;6.750083925901059
5490;147.8682821131016;5490;67.4092837305826;5490;2.6001770073549606;5490;0.14070802064455284;5490;6.6451002533036281;5490;6.750083925901059
5500;147.97814874721519;5500;67.531357768486586;5500;2.6123844111453596;5500;0.14074756361920226;5500;6.6441846980193482;5500;6.750083925901059
5510;147.92931913205359;5510;67.494735557115391;5510;2.6245918149357581;5510;0.14082664956850108;5510;6.6426587725455484;5510;6.750083925901059
5520;147.99035615100559;5520;67.506942960905789;5520;2.6367992187261575;5520;0.1408661925431505;5520;6.6417432172612685;5520;6.750083925901059
5530;147.81945249794;5530;67.494735557115391;5530;2.5635547959837641;5530;0.14090573551779989;5530;6.6466261787774279;5530;6.750083925901059
5540;148.02697836237678;5540;67.482528153324992;5540;2.6123844111453596;5540;0.14094527849244931;5540;6.6429639576403083;5540;6.750083925901059
5550;148.14905240028077;5550;67.4459059419538;5550;2.6856288338877534;5550;0.14110345039104694;5550;6.6420484023560284;5550;6.750083925901059
5560;147.95373393963439;5560;67.360454115420993;5560;2.6001770073549606;5560;0.14110345039104694;5560;6.6426587725455484;5560;6.750083925901059
5570;147.880489516892;5570;67.360454115420993;5570;2.5513473921933656;5570;0.14118253634034575;5570;6.6463209936826679;5570;6.750083925901059
5580;147.95373393963439;5580;67.4459059419538;5580;2.5635547959837641;5580;0.14122207931499517;5580;6.6426587725455484;5580;6.750083925901059
5590;147.92931913205359;5590;67.4336985381634;5590;2.6001770073549606;5590;0.1413407082389434;5590;6.6414380321665085;5590;6.750083925901059
5600;147.74620807519761;5600;67.3116245002594;5600;2.6856288338877534;5600;0.1413407082389434;5600;6.645710623493148;5600;6.750083925901059
5610;147.9049043244728;5610;67.421491134373;5610;2.661214026306955;5610;0.14138025121359279;5610;6.6444898831141082;5610;6.750083925901059
5620;147.8682821131016;5620;67.482528153324992;5620;2.6245918149357581;5620;0.14145933716289164;5620;6.6417432172612685;5620;6.750083925901059
5630;147.880489516892;5630;67.3970763267922;5630;2.6367992187261575;5630;0.14149888013754103;5630;6.6408276619769886;5630;6.750083925901059
5640;147.77062288277841;5640;67.3482467116306;5640;2.5879696035645616;5640;0.14157796608683984;5640;6.6475417340617078;5640;6.750083925901059
5650;147.880489516892;5650;67.3360393078402;5650;2.5635547959837641;5650;0.14165705203613868;5650;6.6432691427350683;5650;6.750083925901059
5660;147.8926969206824;5660;67.3116245002594;5660;2.6245918149357581;5660;0.14169659501078807;5660;6.6420484023560284;5660;6.750083925901059
5670;147.81945249794;5670;67.299417096469;5670;2.6856288338877534;5670;0.14173613798543749;5670;6.6435743278298283;5670;6.750083925901059
5680;147.9049043244728;5680;67.421491134373;5680;2.6978362376781519;5680;0.14177568096008691;5680;6.6463209936826679;5680;6.750083925901059
5690;147.97814874721519;5690;67.2627948850978;5690;2.6490066225165565;5690;0.14181522393473633;5690;6.6429639576403083;5690;6.750083925901059
5700;147.96594134342479;5700;67.238380077517007;5700;2.6490066225165565;5700;0.14197339583333396;5700;6.6414380321665085;5700;6.750083925901059
5710;147.79503769035921;5710;67.2872096926786;5710;2.6367992187261575;5710;0.14201293880798338;5710;6.645710623493148;5710;6.750083925901059
5720;147.9049043244728;5720;67.3970763267922;5720;2.661214026306955;5720;0.14209202475728219;5720;6.6441846980193482;5720;6.750083925901059
5730;147.79503769035921;5730;67.3116245002594;5730;2.7344584490493484;5730;0.14209202475728219;5730;6.6429639576403083;5730;6.750083925901059
5740;148.00256355479598;5740;67.140720847193819;5740;2.661214026306955;5740;0.14209202475728219;5740;6.6417432172612685;5740;6.750083925901059
5750;147.8560747093112;5750;67.21396526993621;5750;2.5879696035645616;5750;0.142171110706581;5750;6.6475417340617078;5750;6.750083925901059
5760;147.78283028656881;5760;67.104098635822623;5760;2.6001770073549606;5760;0.14221065368123043;5760;6.6429639576403083;5760;6.750083925901059
5770;147.95373393963439;5770;67.055269020661029;5770;2.5879696035645616;5770;0.14232928260517863;5770;6.6420484023560284;5770;6.750083925901059
5780;148.02697836237678;5780;67.104098635822623;5780;2.6001770073549606;5780;0.14236882557982816;5780;6.6451002533036281;5780;6.750083925901059
5790;147.941526535844;5790;67.165135654774616;5790;2.5635547959837641;5790;0.1424874545037764;5790;6.6463209936826679;5790;6.750083925901059
5800;147.80724509414961;5800;67.226172673726609;5800;2.5635547959837641;5800;0.1424874545037764;5800;6.6435743278298283;5800;6.750083925901059
5810;147.96594134342479;5810;67.165135654774616;5810;2.5635547959837641;5810;0.14252699747842582;5810;6.6426587725455484;5810;6.750083925901059
5820;147.8438673055208;5820;67.067476424451428;5820;2.5879696035645616;5820;0.14264562640237402;5820;6.6478469191564677;5820;6.750083925901059
5830;147.8438673055208;5830;67.21396526993621;5830;2.6490066225165565;5830;0.14268516937702344;5830;6.6441846980193482;5830;6.750083925901059
5840;147.81945249794;5840;67.3360393078402;5840;2.6490066225165565;5840;0.14272471235167286;5840;6.6426587725455484;5840;6.750083925901059
5850;148.07580797753837;5850;67.2627948850978;5850;2.6490066225165565;5850;0.14284334127562107;5850;6.6426587725455484;5850;6.750083925901059
5860;147.8926969206824;5860;67.3360393078402;5860;2.6856288338877534;5860;0.14284334127562107;5860;6.6475417340617078;5860;6.750083925901059
5870;147.79503769035921;5870;67.299417096469;5870;2.6490066225165565;5870;0.14292242722491991;5870;6.6435743278298283;5870;6.750083925901059
5880;148.02697836237678;5880;67.2505874813074;5880;2.661214026306955;5880;0.14304105614886811;5880;6.6429639576403083;5880;6.750083925901059
5890;147.96594134342479;5890;67.2505874813074;5890;2.6245918149357581;5890;0.14300151317421872;5890;6.645710623493148;5890;6.750083925901059
5900;147.9049043244728;5900;67.3848689230018;5900;2.5879696035645616;5900;0.14304105614886811;5900;6.645405438398388;5900;6.750083925901059
5910;147.81945249794;5910;67.421491134373;5910;2.5513473921933656;5910;0.14308059912351753;5910;6.6438795129245882;5910;6.750083925901059
5920;147.92931913205359;5920;67.299417096469;5920;2.5269325846125672;5920;0.14315968507281635;5920;6.6429639576403083;5920;6.750083925901059
5930;147.77062288277841;5930;67.3848689230018;5930;2.6367992187261575;5930;0.14327831399676458;5930;6.6484572893459877;5930;6.750083925901059
5940;147.880489516892;5940;67.4092837305826;5940;2.661214026306955;5940;0.14335739994606339;5940;6.6435743278298283;5940;6.750083925901059
5950;147.8926969206824;5950;67.3116245002594;5950;2.6123844111453596;5950;0.14339694292071281;5950;6.6414380321665085;5950;6.750083925901059
5960;147.8926969206824;5960;67.299417096469;5960;2.5879696035645616;5960;0.14335739994606339;5960;6.6432691427350683;5960;6.750083925901059
5970;147.9049043244728;5970;67.4092837305826;5970;2.5635547959837641;5970;0.14343648589536223;5970;6.6475417340617078;5970;6.750083925901059
5980;147.8682821131016;5980;67.2505874813074;5980;2.6001770073549606;5980;0.14359465779395986;5980;6.6429639576403083;5980;6.750083925901059
5990;147.95373393963439;5990;67.177343058565015;5990;2.5635547959837641;5990;0.14367374374325867;5990;6.6414380321665085;5990;6.750083925901059
6000;147.96594134342479;6000;67.238380077517007;6000;2.5391399884029662;6000;0.14367374374325867;6000;6.646015808587908;6000;6.750083925901059
6010;147.95373393963439;6010;67.226172673726609;6010;2.5635547959837641;6010;0.14371328671790809;6010;6.645405438398388;6010;6.750083925901059
6020;147.80724509414961;6020;67.177343058565015;6020;2.6001770073549606;6020;0.14371328671790809;6020;6.6435743278298283;6020;6.750083925901059
6030;147.92931913205359;6030;67.152928250984218;6030;2.6367992187261575;6030;0.1437923726672069;6030;6.6417432172612685;6030;6.750083925901059
6040;147.70958586382642;6040;67.116306039613022;6040;2.6490066225165565;6040;0.14391100159115514;6040;6.6475417340617078;6040;6.750083925901059
6050;147.81945249794;6050;67.140720847193819;6050;2.6856288338877534;6050;0.14395054456580456;6050;6.6429639576403083;6050;6.750083925901059
6060;147.95373393963439;6060;67.152928250984218;6060;2.6245918149357581;6060;0.14399008754045395;6060;6.6417432172612685;6060;6.750083925901059
6070;147.92931913205359;6070;67.067476424451428;6070;2.5147251808221687;6070;0.14399008754045395;6070;6.6435743278298283;6070;6.750083925901059
6080;147.97814874721519;6080;67.140720847193819;6080;2.5391399884029662;6080;0.14406917348975276;6080;6.6463209936826679;6080;6.750083925901059
6090;147.8560747093112;6090;67.201757866145812;6090;2.5391399884029662;6090;0.14410871646440218;6090;6.6429639576403083;6090;6.750083925901059
6100;147.8682821131016;6100;67.140720847193819;6100;2.5513473921933656;6100;0.14422734538835041;6100;6.6417432172612685;6100;6.750083925901059
6110;147.66075624866482;6110;67.104098635822623;6110;2.6123844111453596;6110;0.14422734538835041;6110;6.6469313638721879;6110;6.750083925901059
6120;147.80724509414961;6120;67.177343058565015;6120;2.6123844111453596;6120;0.14434597431229865;6120;6.6444898831141082;6120;6.750083925901059
6130;147.77062288277841;6130;67.165135654774616;6130;2.6001770073549606;6130;0.14450414621089627;6130;6.6429639576403083;6130;6.750083925901059
6140;147.8438673055208;6140;67.165135654774616;6140;2.5879696035645616;6140;0.14450414621089627;6140;6.6429639576403083;6140;6.750083925901059
6150;147.758415478988;6150;67.165135654774616;6150;2.5635547959837641;6150;0.14454368918554567;6150;6.6484572893459877;6150;6.750083925901059
6160;147.96594134342479;6160;67.201757866145812;6160;2.5513473921933656;6160;0.14454368918554567;6160;6.6432691427350683;6160;6.750083925901059
6170;147.99035615100559;6170;67.152928250984218;6170;2.5879696035645616;6170;0.14462277513484451;6170;6.6420484023560284;6170;6.750083925901059
6180;147.8682821131016;6180;67.128513443403421;6180;2.6123844111453596;6180;0.14470186108414335;6180;6.6444898831141082;6180;6.750083925901059
6190;147.8560747093112;6190;67.226172673726609;6190;2.5879696035645616;6190;0.14482049000809155;6190;6.645710623493148;6190;6.750083925901059
6200;147.758415478988;6200;67.2505874813074;6200;2.5391399884029662;6200;0.14482049000809155;6200;6.6429639576403083;6200;6.750083925901059
6210;147.8560747093112;6210;67.21396526993621;6210;2.6123844111453596;6210;0.14486003298274097;6210;6.6417432172612685;6210;6.750083925901059
6220;147.79503769035921;6220;67.165135654774616;6220;2.6490066225165565;6220;0.14489957595739045;6220;6.6478469191564677;6220;6.750083925901059
6230;147.9049043244728;6230;67.201757866145812;6230;2.6490066225165565;6230;0.14497866190668926;6230;6.6441846980193482;6230;6.750083925901059
6240;147.8438673055208;6240;67.104098635822623;6240;2.6490066225165565;6240;0.14501820488133865;6240;6.6432691427350683;6240;6.750083925901059
6250;147.97814874721519;6250;67.140720847193819;6250;2.6367992187261575;6250;0.14501820488133865;6250;6.6429639576403083;6250;6.750083925901059
6260;147.95373393963439;6260;67.226172673726609;6260;2.6490066225165565;6260;0.14517637677993631;6260;6.6481521042512277;6260;6.750083925901059
6270;147.96594134342479;6270;67.128513443403421;6270;2.6123844111453596;6270;0.14525546272923512;6270;6.6435743278298283;6270;6.750083925901059
6280;147.96594134342479;6280;67.177343058565015;6280;2.5391399884029662;6280;0.14537409165318335;6280;6.6417432172612685;6280;6.750083925901059
6290;147.8438673055208;6290;67.238380077517007;6290;2.5879696035645616;6290;0.14537409165318335;6290;6.645405438398388;6290;6.750083925901059
6300;147.880489516892;6300;67.21396526993621;6300;2.6123844111453596;6300;0.14545317760248216;6300;6.646015808587908;6300;6.750083925901059
6310;147.80724509414961;6310;67.128513443403421;6310;2.6123844111453596;6310;0.1455718065264304;6310;6.6435743278298283;6310;6.750083925901059
6320;147.8682821131016;6320;67.128513443403421;6320;2.661214026306955;6320;0.14561134950107979;6320;6.6420484023560284;6320;6.750083925901059
6330;147.72179326761682;6330;67.238380077517007;6330;2.6367992187261575;6330;0.14569043545037863;6330;6.6478469191564677;6330;6.750083925901059
6340;147.97814874721519;6340;67.2627948850978;6340;2.6490066225165565;6340;0.14576952139967744;6340;6.6441846980193482;6340;6.750083925901059
6350;147.96594134342479;6350;67.128513443403421;6350;2.6367992187261575;6350;0.14584860734897626;6350;6.6429639576403083;6350;6.750083925901059
6360;148.02697836237678;6360;67.055269020661029;6360;2.5635547959837641;6360;0.14584860734897626;6360;6.6426587725455484;6360;6.750083925901059
6370;147.99035615100559;6370;67.067476424451428;6370;2.6001770073549606;6370;0.14592769329827507;6370;6.6475417340617078;6370;6.750083925901059
6380;147.8560747093112;6380;66.96981719412824;6380;2.6856288338877534;6380;0.14596723627292449;6380;6.6432691427350683;6380;6.750083925901059
6390;147.8926969206824;6390;66.982024597918638;6390;2.6856288338877534;6390;0.14612540817152214;6390;6.6426587725455484;6390;6.750083925901059
6400;147.81945249794;6400;66.957609790337841;6400;2.6001770073549606;6400;0.14616495114617153;6400;6.6441846980193482;6400;6.750083925901059
6410;147.95373393963439;6410;66.933194982757044;6410;2.6367992187261575;6410;0.14620449412082095;6410;6.6441846980193482;6410;6.750083925901059
6420;147.81945249794;6420;66.920987578966646;6420;2.6856288338877534;6420;0.14624403709547035;6420;6.6426587725455484;6420;6.750083925901059
6430;147.9049043244728;6430;66.896572771385848;6430;2.5879696035645616;6430;0.14628358007011977;6430;6.6411328470717486;6430;6.750083925901059
6440;147.79503769035921;6440;66.982024597918638;6440;2.5513473921933656;6440;0.14644175196871739;6440;6.6475417340617078;6440;6.750083925901059
6450;147.941526535844;6450;67.006439405499435;6450;2.6123844111453596;6450;0.146402208994068;6450;6.6438795129245882;6450;6.750083925901059
6460;147.941526535844;6460;67.030854213080232;6460;2.6856288338877534;6460;0.14648129494336681;6460;6.6420484023560284;6460;6.750083925901059
6470;147.8438673055208;6470;67.043061616870631;6470;2.661214026306955;6470;0.14656038089266563;6470;6.6429639576403083;6470;6.750083925901059
6480;147.92931913205359;6480;67.043061616870631;6480;2.6490066225165565;6480;0.14656038089266563;6480;6.6481521042512277;6480;6.750083925901059
6490;147.81945249794;6490;67.104098635822623;6490;2.6490066225165565;6490;0.14659992386731505;6490;6.6438795129245882;6490;6.750083925901059
6500;147.8926969206824;6500;67.116306039613022;6500;2.6367992187261575;6500;0.14671855279126328;6500;6.6432691427350683;6500;6.750083925901059
6510;147.78283028656881;6510;67.030854213080232;6510;2.6367992187261575;6510;0.14679763874056209;6510;6.6469313638721879;6510;6.750083925901059
6520;147.9049043244728;6520;67.055269020661029;6520;2.6490066225165565;6520;0.14679763874056209;6520;6.645710623493148;6520;6.750083925901059
6530;147.95373393963439;6530;67.104098635822623;6530;2.6367992187261575;6530;0.14683718171521148;6530;6.6438795129245882;6530;6.750083925901059
6540;148.08801538132877;6540;67.043061616870631;6540;2.6123844111453596;6540;0.14691626766451032;6540;6.6420484023560284;6540;6.750083925901059
6550;147.96594134342479;6550;67.079683828241826;6550;2.5635547959837641;6550;0.14703489658845853;6550;6.6481521042512277;6550;6.750083925901059
6560;147.880489516892;6560;67.165135654774616;6560;2.5391399884029662;6560;0.14703489658845853;6560;6.6435743278298283;6560;6.750083925901059
6570;147.9049043244728;6570;67.201757866145812;6570;2.5391399884029662;6570;0.14707443956310795;6570;6.6420484023560284;6570;6.750083925901059
6580;147.8682821131016;6580;67.165135654774616;6580;2.5513473921933656;6580;0.14707443956310795;6580;6.6435743278298283;6580;6.750083925901059
6590;147.92931913205359;6590;67.140720847193819;6590;2.5513473921933656;6590;0.14711398253775734;6590;6.6469313638721879;6590;6.750083925901059
6600;147.880489516892;6600;67.018646809289834;6600;2.5635547959837641;6600;0.14719306848705618;6600;6.6432691427350683;6600;6.750083925901059
6610;147.941526535844;6610;67.043061616870631;6610;2.6123844111453596;6610;0.14735124038565384;6610;6.6420484023560284;6610;6.750083925901059
6620;147.74620807519761;6620;67.116306039613022;6620;2.5635547959837641;6620;0.14739078336030323;6620;6.6466261787774279;6620;6.750083925901059
6630;147.92931913205359;6630;67.030854213080232;6630;2.6001770073549606;6630;0.14743032633495268;6630;6.6444898831141082;6630;6.750083925901059
6640;148.00256355479598;6640;67.006439405499435;6640;2.6123844111453596;6640;0.1474698693096021;6640;6.6438795129245882;6640;6.750083925901059
6650;147.8682821131016;6650;67.006439405499435;6650;2.6001770073549606;6650;0.14750941228425152;6650;6.6432691427350683;6650;6.750083925901059
6660;147.66075624866482;6660;66.96981719412824;6660;2.6001770073549606;6660;0.14758849823355033;6660;6.6481521042512277;6660;6.750083925901059
6670;147.8682821131016;6670;66.96981719412824;6670;2.6123844111453596;6670;0.14758849823355033;6670;6.6432691427350683;6670;6.750083925901059
6680;147.941526535844;6680;66.96981719412824;6680;2.6978362376781519;6680;0.14774667013214798;6680;6.6429639576403083;6680;6.750083925901059
6690;147.80724509414961;6690;66.945402386547443;6690;2.661214026306955;6690;0.14778621310679738;6690;6.6451002533036281;6690;6.750083925901059
6700;147.96594134342479;6700;67.067476424451428;6700;2.5635547959837641;6700;0.1478257560814468;6700;6.6463209936826679;6700;6.750083925901059
6710;147.8682821131016;6710;67.043061616870631;6710;2.5513473921933656;6710;0.14786529905609622;6710;6.6435743278298283;6710;6.750083925901059
6720;147.8926969206824;6720;66.933194982757044;6720;2.6001770073549606;6720;0.14798392798004442;6720;6.6429639576403083;6720;6.750083925901059
6730;147.74620807519761;6730;66.945402386547443;6730;2.5513473921933656;6730;0.14798392798004442;6730;6.6493728446302676;6730;6.750083925901059
6740;147.8926969206824;6740;66.945402386547443;6740;2.5635547959837641;6740;0.14802347095469384;6740;6.645405438398388;6740;6.750083925901059
6750;147.8560747093112;6750;66.79891354106266;6750;2.5635547959837641;6750;0.14814209987864208;6750;6.6432691427350683;6750;6.750083925901059
6760;147.81945249794;6760;66.786706137272262;6760;2.5879696035645616;6760;0.14814209987864208;6760;6.6435743278298283;6760;6.750083925901059
6770;147.80724509414961;6770;67.018646809289834;6770;2.6490066225165565;6770;0.14826072880259031;6770;6.6481521042512277;6770;6.750083925901059
6780;147.8438673055208;6780;67.055269020661029;6780;2.6245918149357581;6780;0.14833981475188912;6780;6.6435743278298283;6780;6.750083925901059
6790;148.07580797753837;6790;67.006439405499435;6790;2.5513473921933656;6790;0.14837935772653851;6790;6.6429639576403083;6790;6.750083925901059
6800;148.00256355479598;6800;66.920987578966646;6800;2.5513473921933656;6800;0.14837935772653851;6800;6.6463209936826679;6800;6.750083925901059
6810;147.9049043244728;6810;66.982024597918638;6810;2.6001770073549606;6810;0.14841890070118793;6810;6.645710623493148;6810;6.750083925901059
6820;147.8438673055208;6820;66.982024597918638;6820;2.5879696035645616;6820;0.14857707259978556;6820;6.6441846980193482;6820;6.750083925901059
6830;147.95373393963439;6830;66.96981719412824;6830;2.5391399884029662;6830;0.14865615854908437;6830;6.6435743278298283;6830;6.750083925901059
6840;147.78283028656881;6840;67.043061616870631;6840;2.5391399884029662;6840;0.14865615854908437;6840;6.6487624744407476;6840;6.750083925901059
6850;147.8560747093112;6850;67.055269020661029;6850;2.5513473921933656;6850;0.14869570152373379;6850;6.6451002533036281;6850;6.750083925901059
6860;147.8560747093112;6860;67.067476424451428;6860;2.6001770073549606;6860;0.1487747874730326;6860;6.6435743278298283;6860;6.750083925901059
6870;147.8560747093112;6870;67.030854213080232;6870;2.6490066225165565;6870;0.14881433044768203;6870;6.6435743278298283;6870;6.750083925901059
6880;148.02697836237678;6880;67.006439405499435;6880;2.6367992187261575;6880;0.14897250234627968;6880;6.6481521042512277;6880;6.750083925901059
6890;147.97814874721519;6890;67.067476424451428;6890;2.5879696035645616;6890;0.14901204532092907;6890;6.6441846980193482;6890;6.750083925901059
6900;147.941526535844;6900;67.128513443403421;6900;2.5513473921933656;6900;0.14909113127022791;6900;6.6417432172612685;6900;6.750083925901059
6910;147.72179326761682;6910;66.945402386547443;6910;2.6001770073549606;6910;0.1491306742448773;6910;6.646015808587908;6910;6.750083925901059
6920;147.79503769035921;6920;66.933194982757044;6920;2.6856288338877534;6920;0.1491306742448773;6920;6.645710623493148;6920;6.750083925901059
6930;147.81945249794;6930;66.945402386547443;6930;2.6245918149357581;6930;0.14920976019417612;6930;6.6438795129245882;6930;6.750083925901059
6940;147.880489516892;6940;66.835535752433856;6940;2.6001770073549606;6940;0.14928884614347496;6940;6.6429639576403083;6940;6.750083925901059
6950;147.8682821131016;6950;66.88436536759545;6950;2.6245918149357581;6950;0.14936793209277377;6950;6.6493728446302676;6950;6.750083925901059
6960;147.9049043244728;6960;66.896572771385848;6960;2.6123844111453596;6960;0.14940747506742316;6960;6.6441846980193482;6960;6.750083925901059
6970;147.941526535844;6970;66.859950560014653;6970;2.6123844111453596;6970;0.1495261039913714;6970;6.6420484023560284;6970;6.750083925901059
6980;147.8438673055208;6980;66.88436536759545;6980;2.6001770073549606;6980;0.1495261039913714;6980;6.6441846980193482;6980;6.750083925901059
6990;147.880489516892;6990;66.933194982757044;6990;2.6245918149357581;6990;0.14956564696602082;6990;6.6478469191564677;6990;6.750083925901059
7000;147.880489516892;7000;66.859950560014653;7000;2.6367992187261575;7000;0.14960518994067021;7000;6.6432691427350683;7000;6.750083925901059
7010;147.941526535844;7010;66.872157963805051;7010;2.6123844111453596;7010;0.14972381886461844;7010;6.6414380321665085;7010;6.750083925901059
7020;147.8560747093112;7020;66.823328348643457;7020;2.5879696035645616;7020;0.14972381886461844;7020;6.6469313638721879;7020;6.750083925901059
7030;147.941526535844;7030;66.786706137272262;7030;2.5269325846125672;7030;0.14984244778856667;7030;6.6444898831141082;7030;6.750083925901059
7040;147.8560747093112;7040;66.774498733481863;7040;2.5635547959837641;7040;0.14996107671251496;7040;6.6435743278298283;7040;6.750083925901059
7050;147.97814874721519;7050;66.786706137272262;7050;2.5879696035645616;7050;0.14996107671251496;7050;6.6420484023560284;7050;6.750083925901059
7060;147.96594134342479;7060;66.920987578966646;7060;2.5635547959837641;7060;0.15000061968716435;7060;6.6469313638721879;7060;6.750083925901059
7070;147.8926969206824;7070;66.872157963805051;7070;2.5879696035645616;7070;0.15000061968716435;7070;6.6426587725455484;7070;6.750083925901059
7080;147.8926969206824;7080;66.737876522110668;7080;2.6123844111453596;7080;0.1501983345604114;7080;6.6417432172612685;7080;6.750083925901059
7090;147.8926969206824;7090;66.786706137272262;7090;2.6001770073549606;7090;0.15023787753506082;7090;6.6451002533036281;7090;6.750083925901059
7100;147.99035615100559;7100;66.88436536759545;7100;2.5879696035645616;7100;0.15027742050971024;7100;6.646015808587908;7100;6.750083925901059
7110;147.8560747093112;7110;66.762291329691465;7110;2.5635547959837641;7110;0.15035650645900905;7110;6.6426587725455484;7110;6.750083925901059
7120;147.97814874721519;7120;66.762291329691465;7120;2.6245918149357581;7120;0.15039604943365847;7120;6.6408276619769886;7120;6.750083925901059
7130;147.79503769035921;7130;66.933194982757044;7130;2.6856288338877534;7130;0.15047513538295729;7130;6.6469313638721879;7130;6.750083925901059
7140;147.8682821131016;7140;66.933194982757044;7140;2.661214026306955;7140;0.1505542213322561;7140;6.6435743278298283;7140;6.750083925901059
7150;147.8926969206824;7150;66.859950560014653;7150;2.6123844111453596;7150;0.15063330728155494;7150;6.6426587725455484;7150;6.750083925901059
7160;147.96594134342479;7160;66.823328348643457;7160;2.5879696035645616;7160;0.15067285025620433;7160;6.6429639576403083;7160;6.750083925901059
7170;147.99035615100559;7170;66.847743156224254;7170;2.5513473921933656;7170;0.15071239323085375;7170;6.6475417340617078;7170;6.750083925901059
7180;147.941526535844;7180;66.835535752433856;7180;2.5513473921933656;7180;0.15071239323085375;7180;6.6429639576403083;7180;6.750083925901059
7190;147.97814874721519;7190;66.823328348643457;7190;2.5879696035645616;7190;0.15083102215480196;7190;6.6417432172612685;7190;6.750083925901059
7200;147.81945249794;7200;66.920987578966646;7200;2.5635547959837641;7200;0.15094965107875019;7200;6.645710623493148;7200;6.750083925901059
7210;147.8438673055208;7210;66.96981719412824;7210;2.5513473921933656;7210;0.151028737028049;7210;6.6451002533036281;7210;6.750083925901059
7220;147.69737846003602;7220;66.847743156224254;7220;2.6123844111453596;7220;0.151028737028049;7220;6.6429639576403083;7220;6.750083925901059
7230;147.8926969206824;7230;66.79891354106266;7230;2.6367992187261575;7230;0.15110782297734784;7230;6.6426587725455484;7230;6.750083925901059
7240;147.78283028656881;7240;66.920987578966646;7240;2.5635547959837641;7240;0.15114736595199724;7240;6.6487624744407476;7240;6.750083925901059
7250;147.97814874721519;7250;66.957609790337841;7250;2.5635547959837641;7250;0.15122645190129605;7250;6.6441846980193482;7250;6.750083925901059
7260;148.07580797753837;7260;66.88436536759545;7260;2.5879696035645616;7260;0.15130553785059489;7260;6.6435743278298283;7260;6.750083925901059
7270;147.8560747093112;7270;66.847743156224254;7270;2.5879696035645616;7270;0.15134508082524428;7270;6.6441846980193482;7270;6.750083925901059
7280;147.95373393963439;7280;66.982024597918638;7280;2.6245918149357581;7280;0.15146370974919252;7280;6.6478469191564677;7280;6.750083925901059
7290;147.96594134342479;7290;67.018646809289834;7290;2.6001770073549606;7290;0.15150325272384194;7290;6.6432691427350683;7290;6.750083925901059
7300;148.03918576616718;7300;66.872157963805051;7300;2.5635547959837641;7300;0.15158233867314075;7300;6.6417432172612685;7300;6.750083925901059
7310;147.97814874721519;7310;66.79891354106266;7310;2.5879696035645616;7310;0.15166142462243959;7310;6.6466261787774279;7310;6.750083925901059
7320;147.9049043244728;7320;66.847743156224254;7320;2.6001770073549606;7320;0.1517405105717384;7320;6.645710623493148;7320;6.750083925901059
7330;147.63634144108403;7330;66.786706137272262;7330;2.5635547959837641;7330;0.15178005354638779;7330;6.6441846980193482;7330;6.750083925901059
7340;147.8438673055208;7340;66.835535752433856;7340;2.5635547959837641;7340;0.15181959652103721;7340;6.6429639576403083;7340;6.750083925901059
7350;147.78283028656881;7350;66.982024597918638;7350;2.6367992187261575;7350;0.15189868247033603;7350;6.6484572893459877;7350;6.750083925901059
7360;147.758415478988;7360;66.896572771385848;7360;2.7100436414685505;7360;0.15197776841963484;7360;6.6438795129245882;7360;6.750083925901059
7370;147.96594134342479;7370;66.79891354106266;7370;2.6856288338877534;7370;0.15205685436893368;7370;6.6435743278298283;7370;6.750083925901059
7380;148.07580797753837;7380;66.835535752433856;7380;2.6367992187261575;7380;0.15205685436893368;7380;6.6444898831141082;7380;6.750083925901059
7390;148.12463759269997;7390;66.88436536759545;7390;2.661214026306955;7390;0.15209639734358307;7390;6.6463209936826679;7390;6.750083925901059
7400;147.8438673055208;7400;66.701254310739472;7400;2.6490066225165565;7400;0.15209639734358307;7400;6.6435743278298283;7400;6.750083925901059
7410;147.92931913205359;7410;66.689046906949073;7410;2.7100436414685505;7410;0.15213594031823249;7410;6.6420484023560284;7410;6.750083925901059
7420;147.80724509414961;7420;66.859950560014653;7420;2.5879696035645616;7420;0.1522545692421807;7420;6.6466261787774279;7420;6.750083925901059
7430;147.8682821131016;7430;66.859950560014653;7430;2.5269325846125672;7430;0.15237319816612893;7430;6.6438795129245882;7430;6.750083925901059
7440;147.880489516892;7440;66.750083925901066;7440;2.6123844111453596;7440;0.15237319816612893;7440;6.6441846980193482;7440;6.750083925901059
7450;147.9049043244728;7450;66.725669118320269;7450;2.6123844111453596;7450;0.15241274114077835;7450;6.6435743278298283;7450;6.750083925901059
7460;147.8438673055208;7460;66.786706137272262;7460;2.6367992187261575;7460;0.15249182709007722;7460;6.6475417340617078;7460;6.750083925901059
7470;147.74620807519761;7470;66.701254310739472;7470;2.6123844111453596;7470;0.15253137006472664;7470;6.6429639576403083;7470;6.750083925901059
7480;147.9049043244728;7480;66.664632099368276;7480;2.6123844111453596;7480;0.15261045601402545;7480;6.6420484023560284;7480;6.750083925901059
7490;147.95373393963439;7490;66.774498733481863;7490;2.6123844111453596;7490;0.15257091303937603;7490;6.6451002533036281;7490;6.750083925901059
7500;147.92931913205359;7500;66.859950560014653;7500;2.6245918149357581;7500;0.15268954196332427;7500;6.6463209936826679;7500;6.750083925901059
7510;147.81945249794;7510;66.774498733481863;7510;2.6123844111453596;7510;0.1528081708872725;7510;6.6432691427350683;7510;6.750083925901059
7520;147.95373393963439;7520;66.786706137272262;7520;2.5391399884029662;7520;0.15284771386192192;7520;6.6408276619769886;7520;6.750083925901059
7530;147.8682821131016;7530;66.859950560014653;7530;2.5635547959837641;7530;0.15284771386192192;7530;6.6475417340617078;7530;6.750083925901059
7540;148.03918576616718;7540;66.762291329691465;7540;2.6367992187261575;7540;0.15288725683657131;7540;6.6435743278298283;7540;6.750083925901059
7550;147.92931913205359;7550;66.676839503158675;7550;2.6001770073549606;7550;0.15300588576051957;7550;6.6417432172612685;7550;6.750083925901059
7560;147.8926969206824;7560;66.701254310739472;7560;2.5269325846125672;7560;0.15300588576051957;7560;6.6426587725455484;7560;6.750083925901059
7570;147.95373393963439;7570;66.79891354106266;7570;2.5391399884029662;7570;0.15308497170981838;7570;6.6475417340617078;7570;6.750083925901059
7580;147.96594134342479;7580;66.786706137272262;7580;2.5513473921933656;7580;0.15320360063376662;7580;6.6432691427350683;7580;6.750083925901059
7590;148.02697836237678;7590;66.762291329691465;7590;2.5879696035645616;7590;0.153243143608416;7590;6.6417432172612685;7590;6.750083925901059
7600;147.880489516892;7600;66.664632099368276;7600;2.5635547959837641;7600;0.15332222955771482;7600;6.645405438398388;7600;6.750083925901059
7610;147.96594134342479;7610;66.615802484206682;7610;2.5879696035645616;7610;0.15340131550701364;7610;6.645405438398388;7610;6.750083925901059
7620;147.92931913205359;7620;66.689046906949073;7620;2.6123844111453596;7620;0.15344085848166306;7620;6.6432691427350683;7620;6.750083925901059
7630;148.02697836237678;7630;66.725669118320269;7630;2.6245918149357581;7630;0.15351994443096187;7630;6.6426587725455484;7630;6.750083925901059
7640;147.92931913205359;7640;66.725669118320269;7640;2.5513473921933656;7640;0.15355948740561129;7640;6.6487624744407476;7640;6.750083925901059
7650;147.95373393963439;7650;66.664632099368276;7650;2.5391399884029662;7650;0.1536385733549101;7650;6.6441846980193482;7650;6.750083925901059
7660;147.99035615100559;7660;66.615802484206682;7660;2.5635547959837641;7660;0.15367811632955952;7660;6.6429639576403083;7660;6.750083925901059
7670;148.02697836237678;7670;66.689046906949073;7670;2.6001770073549606;7670;0.15371765930420891;7670;6.6441846980193482;7670;6.750083925901059
7680;147.97814874721519;7680;66.786706137272262;7680;2.6001770073549606;7680;0.15383628822815715;7680;6.6481521042512277;7680;6.750083925901059
7690;147.8926969206824;7690;66.737876522110668;7690;2.6123844111453596;7690;0.15395491715210538;7690;6.6432691427350683;7690;6.750083925901059
7700;148.02697836237678;7700;66.750083925901066;7700;2.5879696035645616;7700;0.15399446012675477;7700;6.6414380321665085;7700;6.750083925901059
7710;147.880489516892;7710;66.652424695577878;7710;2.5147251808221687;7710;0.15399446012675477;7710;6.646015808587908;7710;6.750083925901059
7720;147.880489516892;7720;66.664632099368276;7720;2.5391399884029662;7720;0.15407354607605361;7720;6.6438795129245882;7720;6.750083925901059
7730;147.74620807519761;7730;66.640217291787479;7730;2.6001770073549606;7730;0.15415263202535243;7730;6.6429639576403083;7730;6.750083925901059
7740;147.941526535844;7740;66.603595080416284;7740;2.6245918149357581;7740;0.15415263202535243;7740;6.6420484023560284;7740;6.750083925901059
7750;148.00256355479598;7750;66.640217291787479;7750;2.6123844111453596;7750;0.15431080392395008;7750;6.6478469191564677;7750;6.750083925901059
7760;147.96594134342479;7760;66.505935850093081;7760;2.6367992187261575;7760;0.15435034689859947;7760;6.6432691427350683;7760;6.750083925901059
7770;147.880489516892;7770;66.542558061464277;7770;2.6245918149357581;7770;0.15438988987324889;7770;6.6432691427350683;7770;6.750083925901059
7780;147.8560747093112;7780;66.615802484206682;7780;2.5513473921933656;7780;0.15438988987324889;7780;6.6444898831141082;7780;6.750083925901059
7790;147.97814874721519;7790;66.774498733481863;7790;2.5513473921933656;7790;0.1544689758225477;7790;6.6463209936826679;7790;6.750083925901059
7800;147.9049043244728;7800;66.762291329691465;7800;2.5513473921933656;7800;0.15458760474649594;7800;6.6435743278298283;7800;6.750083925901059
7810;147.99035615100559;7810;66.701254310739472;7810;2.5025177770317697;7810;0.15462714772114536;7810;6.6420484023560284;7810;6.750083925901059
7820;147.8438673055208;7820;66.591387676625871;7820;2.4903103732413707;7820;0.15466669069579475;7820;6.6475417340617078;7820;6.750083925901059
7830;148.00256355479598;7830;66.579180272835472;7830;2.5269325846125672;7830;0.15470623367044417;7830;6.6451002533036281;7830;6.750083925901059
7840;147.8926969206824;7840;66.689046906949073;7840;2.5513473921933656;7840;0.15482486259439238;7840;6.6438795129245882;7840;6.750083925901059
7850;147.74620807519761;7850;66.664632099368276;7850;2.5391399884029662;7850;0.15490394854369122;7850;6.6429639576403083;7850;6.750083925901059
7860;147.74620807519761;7860;66.676839503158675;7860;2.5147251808221687;7860;0.15490394854369122;7860;6.6481521042512277;7860;6.750083925901059
7870;147.880489516892;7870;66.689046906949073;7870;2.4903103732413707;7870;0.15502257746763956;7870;6.6435743278298283;7870;6.750083925901059
7880;148.02697836237678;7880;66.603595080416284;7880;2.5635547959837641;7880;0.15514120639158779;7880;6.6426587725455484;7880;6.750083925901059
7890;147.99035615100559;7890;66.554765465254675;7890;2.5513473921933656;7890;0.15510166341693837;7890;6.645405438398388;7890;6.750083925901059
7900;148.00256355479598;7900;66.701254310739472;7900;2.5635547959837641;7900;0.15522029234088661;7900;6.645710623493148;7900;6.750083925901059
7910;147.8560747093112;7910;66.750083925901066;7910;2.5879696035645616;7910;0.15533892126483484;7910;6.6438795129245882;7910;6.750083925901059
7920;147.92931913205359;7920;66.640217291787479;7920;2.6123844111453596;7920;0.15533892126483484;7920;6.6420484023560284;7920;6.750083925901059
7930;147.80724509414961;7930;66.725669118320269;7930;2.6001770073549606;7930;0.15533892126483484;7930;6.6475417340617078;7930;6.750083925901059
7940;148.08801538132877;7940;66.689046906949073;7940;2.5879696035645616;7940;0.15537846423948423;7940;6.6444898831141082;7940;6.750083925901059
7950;147.96594134342479;7950;66.664632099368276;7950;2.6123844111453596;7950;0.15541800721413365;7950;6.6435743278298283;7950;6.750083925901059
7960;147.941526535844;7960;66.676839503158675;7960;2.6245918149357581;7960;0.15545755018878304;7960;6.6426587725455484;7960;6.750083925901059
7970;147.92931913205359;7970;66.676839503158675;7970;2.6245918149357581;7970;0.15553663613808186;7970;6.6463209936826679;7970;6.750083925901059
7980;147.80724509414961;7980;66.615802484206682;7980;2.6245918149357581;7980;0.15553663613808186;7980;6.6426587725455484;7980;6.750083925901059
7990;147.880489516892;7990;66.591387676625871;7990;2.5879696035645616;7990;0.1556157220873807;7990;6.6411328470717486;7990;6.750083925901059
8000;147.97814874721519;8000;66.652424695577878;8000;2.5879696035645616;8000;0.15565526506203009;8000;6.6441846980193482;8000;6.750083925901059
8010;148.05139316995758;8010;66.750083925901066;8010;2.6367992187261575;8010;0.15577389398597832;8010;6.6444898831141082;8010;6.750083925901059
8020;147.8682821131016;8020;66.615802484206682;8020;2.6123844111453596;8020;0.15589252290992658;8020;6.6438795129245882;8020;6.750083925901059
8030;147.8682821131016;8030;66.554765465254675;8030;2.5635547959837641;8030;0.15589252290992658;8030;6.6417432172612685;8030;6.750083925901059
8040;147.80724509414961;8040;66.615802484206682;8040;2.5879696035645616;8040;0.15589252290992658;8040;6.6478469191564677;8040;6.750083925901059
8050;148.05139316995758;8050;66.652424695577878;8050;2.6490066225165565;8050;0.15589252290992658;8050;6.6435743278298283;8050;6.750083925901059
8060;148.03918576616718;8060;66.689046906949073;8060;2.6367992187261575;8060;0.15601115183387479;8060;6.6420484023560284;8060;6.750083925901059
8070;148.00256355479598;8070;66.701254310739472;8070;2.5635547959837641;8070;0.1560902377831736;8070;6.6429639576403083;8070;6.750083925901059
8080;147.97814874721519;8080;66.762291329691465;8080;2.5635547959837641;8080;0.15620886670712184;8080;6.6463209936826679;8080;6.750083925901059
8090;147.880489516892;8090;66.579180272835472;8090;2.5879696035645616;8090;0.15620886670712184;8090;6.6429639576403083;8090;6.750083925901059
8100;147.97814874721519;8100;66.554765465254675;8100;2.5635547959837641;8100;0.15628795265642065;8100;6.6420484023560284;8100;6.750083925901059
8110;147.941526535844;8110;66.615802484206682;8110;2.6001770073549606;8110;0.15632749563107007;8110;6.6469313638721879;8110;6.750083925901059
8120;148.05139316995758;8120;66.554765465254675;8120;2.6856288338877534;8120;0.15640658158036888;8120;6.6444898831141082;8120;6.750083925901059
8130;147.8438673055208;8130;66.4082766197699;8130;2.661214026306955;8130;0.15648566752966769;8130;6.6429639576403083;8130;6.750083925901059
8140;147.941526535844;8140;66.469313638721886;8140;2.6367992187261575;8140;0.15648566752966769;8140;6.6426587725455484;8140;6.750083925901059
8150;147.8926969206824;8150;66.542558061464277;8150;2.6490066225165565;8150;0.15660429645361593;8150;6.6481521042512277;8150;6.750083925901059
8160;147.8682821131016;8160;66.542558061464277;8160;2.6123844111453596;8160;0.15664383942826535;8160;6.6420484023560284;8160;6.750083925901059
8170;147.96594134342479;8170;66.603595080416284;8170;2.5513473921933656;8170;0.15668338240291474;8170;6.6411328470717486;8170;6.750083925901059
8180;147.8926969206824;8180;66.579180272835472;8180;2.5147251808221687;8180;0.15680201132686297;8180;6.6438795129245882;8180;6.750083925901059
8190;147.92931913205359;8190;66.652424695577878;8190;2.6123844111453596;8190;0.15688109727616179;8190;6.645710623493148;8190;6.750083925901059
8200;147.97814874721519;8200;66.566972869045074;8200;2.6245918149357581;8200;0.15692064025081121;8200;6.6435743278298283;8200;6.750083925901059
8210;148.02697836237678;8210;66.566972869045074;8210;2.6001770073549606;8210;0.15699972620011002;8210;6.6426587725455484;8210;6.750083925901059
8220;147.758415478988;8220;66.652424695577878;8220;2.5879696035645616;8220;0.15699972620011002;8220;6.6469313638721879;8220;6.750083925901059
8230;147.96594134342479;8230;66.566972869045074;8230;2.6001770073549606;8230;0.15711835512405825;8230;6.6435743278298283;8230;6.750083925901059
8240;147.8438673055208;8240;66.542558061464277;8240;2.6367992187261575;8240;0.15719744107335709;8240;6.6435743278298283;8240;6.750083925901059
8250;147.8560747093112;8250;66.542558061464277;8250;2.6245918149357581;8250;0.15715789809870767;8250;6.6429639576403083;8250;6.750083925901059
8260;147.92931913205359;8260;66.566972869045074;8260;2.6123844111453596;8260;0.15719744107335709;8260;6.6475417340617078;8260;6.750083925901059
8270;147.9049043244728;8270;66.579180272835472;8270;2.5635547959837641;8270;0.15723698404800648;8270;6.6435743278298283;8270;6.750083925901059
8280;148.05139316995758;8280;66.554765465254675;8280;2.5879696035645616;8280;0.15735561297195472;8280;6.6420484023560284;8280;6.750083925901059
8290;147.96594134342479;8290;66.566972869045074;8290;2.6123844111453596;8290;0.15735561297195472;8290;6.6444898831141082;8290;6.750083925901059
8300;147.92931913205359;8300;66.652424695577878;8300;2.6490066225165565;8300;0.15751378487055234;8300;6.645710623493148;8300;6.750083925901059
8310;147.92931913205359;8310;66.579180272835472;8310;2.6367992187261575;8310;0.15763241379450063;8310;6.6426587725455484;8310;6.750083925901059
8320;148.06360057374798;8320;66.457106234931487;8320;2.6001770073549606;8320;0.15767195676915005;8320;6.6411328470717486;8320;6.750083925901059
8330;147.80724509414961;8330;66.3106173894467;8330;2.5513473921933656;8330;0.15775104271844886;8330;6.6478469191564677;8330;6.750083925901059
8340;147.8926969206824;8340;66.3716544083987;8340;2.5269325846125672;8340;0.15783012866774768;8340;6.6438795129245882;8340;6.750083925901059
8350;147.92931913205359;8350;66.493728446302683;8350;2.5635547959837641;8350;0.1578696716423971;8350;6.6426587725455484;8350;6.750083925901059
8360;147.880489516892;8360;66.505935850093081;8360;2.6123844111453596;8360;0.15790921461704652;8360;6.6426587725455484;8360;6.750083925901059
8370;147.78283028656881;8370;66.640217291787479;8370;2.5879696035645616;8370;0.15806738651564414;8370;6.6466261787774279;8370;6.750083925901059
8380;147.79503769035921;8380;66.554765465254675;8380;2.5391399884029662;8380;0.15806738651564414;8380;6.6432691427350683;8380;6.750083925901059
8390;147.92931913205359;8390;66.469313638721886;8390;2.6001770073549606;8390;0.15814647246494296;8390;6.6417432172612685;8390;6.750083925901059
8400;147.80724509414961;8400;66.505935850093081;8400;2.6245918149357581;8400;0.15818601543959238;8400;6.645710623493148;8400;6.750083925901059
8410;148.00256355479598;8410;66.591387676625871;8410;2.6490066225165565;8410;0.15818601543959238;8410;6.6444898831141082;8410;6.750083925901059
8420;147.97814874721519;8420;66.481521042512284;8420;2.6001770073549606;8420;0.15826510138889119;8420;6.6429639576403083;8420;6.750083925901059
8430;147.99035615100559;8430;66.420484023560292;8430;2.5879696035645616;8430;0.15830464436354058;8430;6.6414380321665085;8430;6.750083925901059
8440;147.880489516892;8440;66.505935850093081;8440;2.6123844111453596;8440;0.15842327328748881;8440;6.6481521042512277;8440;6.750083925901059
8450;148.00256355479598;8450;66.554765465254675;8450;2.5635547959837641;8450;0.15846281626213823;8450;6.6432691427350683;8450;6.750083925901059
8460;147.95373393963439;8460;66.542558061464277;8460;2.5879696035645616;8460;0.15846281626213823;8460;6.6420484023560284;8460;6.750083925901059
8470;147.9049043244728;8470;66.469313638721886;8470;2.6001770073549606;8470;0.15846281626213823;8470;6.6438795129245882;8470;6.750083925901059
8480;147.95373393963439;8480;66.481521042512284;8480;2.5635547959837641;8480;0.15854190221143705;8480;6.6466261787774279;8480;6.750083925901059
8490;147.941526535844;8490;66.3472396008179;8490;2.5147251808221687;8490;0.15862098816073589;8490;6.6435743278298283;8490;6.750083925901059
8500;148.00256355479598;8500;66.420484023560292;8500;2.5391399884029662;8500;0.1587000741100347;8500;6.6420484023560284;8500;6.750083925901059
8510;147.81945249794;8510;66.591387676625871;8510;2.6001770073549606;8510;0.15873961708468412;8510;6.6469313638721879;8510;6.750083925901059
8520;147.96594134342479;8520;66.542558061464277;8520;2.5635547959837641;8520;0.15885824600863233;8520;6.6451002533036281;8520;6.750083925901059
8530;147.81945249794;8530;66.3838618121891;8530;2.5269325846125672;8530;0.15889778898328175;8530;6.6435743278298283;8530;6.750083925901059
8540;147.8438673055208;8540;66.469313638721886;8540;2.5635547959837641;8540;0.15889778898328175;8540;6.6411328470717486;8540;6.750083925901059
8550;147.880489516892;8550;66.51814325388348;8550;2.6856288338877534;8550;0.15893733195793117;8550;6.6466261787774279;8550;6.750083925901059
8560;147.9049043244728;8560;66.542558061464277;8560;2.7466658528397478;8560;0.15909550385652879;8560;6.6438795129245882;8560;6.750083925901059
8570;147.8438673055208;8570;66.566972869045074;8570;2.6490066225165565;8570;0.1591745898058276;8570;6.6426587725455484;8570;6.750083925901059
8580;147.80724509414961;8580;66.444898831141089;8580;2.5025177770317697;8580;0.1591745898058276;8580;6.6438795129245882;8580;6.750083925901059
8590;147.92931913205359;8590;66.505935850093081;8590;2.5147251808221687;8590;0.1591745898058276;8590;6.645405438398388;8590;6.750083925901059
8600;147.8682821131016;8600;66.4082766197699;8600;2.5513473921933656;8600;0.15933276170442523;8600;6.6426587725455484;8600;6.750083925901059
8610;147.97814874721519;8610;66.457106234931487;8610;2.6001770073549606;8610;0.15941184765372407;8610;6.6417432172612685;8610;6.750083925901059
8620;147.880489516892;8620;66.591387676625871;8620;2.6001770073549606;8620;0.15941184765372407;8620;6.6469313638721879;8620;6.750083925901059
8630;148.00256355479598;8630;66.493728446302683;8630;2.5879696035645616;8630;0.15949093360302288;8630;6.6438795129245882;8630;6.750083925901059
8640;148.00256355479598;8640;66.237372966704314;8640;2.6001770073549606;8640;0.15953047657767228;8640;6.6432691427350683;8640;6.750083925901059
8650;147.97814874721519;8650;66.3594470046083;8650;2.5879696035645616;8650;0.15968864847626993;8650;6.6429639576403083;8650;6.750083925901059
8660;147.78283028656881;8660;66.542558061464277;8660;2.6490066225165565;8660;0.15976773442556874;8660;6.6481521042512277;8660;6.750083925901059
8670;147.80724509414961;8670;66.420484023560292;8670;2.661214026306955;8670;0.15972819145091932;8670;6.6435743278298283;8670;6.750083925901059
8680;147.92931913205359;8680;66.3960692159795;8680;2.6123844111453596;8680;0.15976773442556874;8680;6.6426587725455484;8680;6.750083925901059
8690;147.92931913205359;8690;66.3228247932371;8690;2.6001770073549606;8690;0.15988636334951697;8690;6.646015808587908;8690;6.750083925901059
8700;148.02697836237678;8700;66.4082766197699;8700;2.5879696035645616;8700;0.16000499227346521;8700;6.646015808587908;8700;6.750083925901059
8710;147.77062288277841;8710;66.505935850093081;8710;2.6001770073549606;8710;0.15996544929881581;8710;6.6438795129245882;8710;6.750083925901059
8720;147.8926969206824;8720;66.3838618121891;8720;2.6001770073549606;8720;0.16000499227346521;8720;6.6426587725455484;8720;6.750083925901059
8730;147.80724509414961;8730;66.3228247932371;8730;2.6123844111453596;8730;0.1601236211974135;8730;6.6484572893459877;8730;6.750083925901059
8740;147.92931913205359;8740;66.3960692159795;8740;2.6123844111453596;8740;0.16020270714671231;8740;6.6444898831141082;8740;6.750083925901059
8750;147.92931913205359;8750;66.3594470046083;8750;2.5391399884029662;8750;0.16020270714671231;8750;6.6432691427350683;8750;6.750083925901059
8760;147.8682821131016;8760;66.3228247932371;8760;2.5879696035645616;8760;0.16020270714671231;8760;6.6435743278298283;8760;6.750083925901059
8770;147.9049043244728;8770;66.444898831141089;8770;2.661214026306955;8770;0.16032133607066054;8770;6.6469313638721879;8770;6.750083925901059
8780;147.95373393963439;8780;66.3594470046083;8780;2.6490066225165565;8780;0.16036087904530996;8780;6.6432691427350683;8780;6.750083925901059
8790;148.02697836237678;8790;66.3472396008179;8790;2.6490066225165565;8790;0.16047950796925819;8790;6.6426587725455484;8790;6.750083925901059
8800;147.9049043244728;8800;66.3960692159795;8800;2.661214026306955;8800;0.16051905094390759;8800;6.645710623493148;8800;6.750083925901059
8810;148.05139316995758;8810;66.4082766197699;8810;2.6367992187261575;8810;0.16063767986785582;8810;6.6444898831141082;8810;6.750083925901059
8820;148.02697836237678;8820;66.3106173894467;8820;2.6367992187261575;8820;0.16067722284250521;8820;6.6438795129245882;8820;6.750083925901059
8830;147.99035615100559;8830;66.273995178075509;8830;2.6245918149357581;8830;0.16075630879180405;8830;6.6429639576403083;8830;6.750083925901059
8840;147.70958586382642;8840;66.4082766197699;8840;2.5879696035645616;8840;0.16083539474110287;8840;6.6490676595355076;8840;6.750083925901059
8850;147.9049043244728;8850;66.457106234931487;8850;2.5879696035645616;8850;0.16083539474110287;8850;6.6451002533036281;8850;6.750083925901059
8860;147.9049043244728;8860;66.3716544083987;8860;2.5513473921933656;8860;0.16091448069040168;8860;6.6426587725455484;8860;6.750083925901059
8870;147.880489516892;8870;66.3106173894467;8870;2.6367992187261575;8870;0.16099356663970049;8870;6.6435743278298283;8870;6.750083925901059
8880;147.941526535844;8880;66.457106234931487;8880;2.6978362376781519;8880;0.16103310961434991;8880;6.6466261787774279;8880;6.750083925901059
8890;147.96594134342479;8890;66.3838618121891;8890;2.6245918149357581;8890;0.1610726525889993;8890;6.6429639576403083;8890;6.750083925901059
8900;148.05139316995758;8900;66.261787774285111;8900;2.6001770073549606;8900;0.16115173853829814;8900;6.6411328470717486;8900;6.750083925901059
8910;147.79503769035921;8910;66.2007507553331;8910;2.5513473921933656;8910;0.16115173853829814;8910;6.6463209936826679;8910;6.750083925901059
8920;147.96594134342479;8920;66.237372966704314;8920;2.5635547959837641;8920;0.16123082448759696;8920;6.6451002533036281;8920;6.750083925901059
8930;147.9049043244728;8930;66.3228247932371;8930;2.5879696035645616;8930;0.16134945341154519;8930;6.6438795129245882;8930;6.750083925901059
8940;148.03918576616718;8940;66.3594470046083;8940;2.5391399884029662;8940;0.16138899638619461;8940;6.6429639576403083;8940;6.750083925901059
8950;147.99035615100559;8950;66.3838618121891;8950;2.5269325846125672;8950;0.16138899638619461;8950;6.6481521042512277;8950;6.750083925901059
8960;147.97814874721519;8960;66.3838618121891;8960;2.5513473921933656;8960;0.16146808233549342;8960;6.6432691427350683;8960;6.750083925901059
8970;148.02697836237678;8970;66.273995178075509;8970;2.5879696035645616;8970;0.16158671125944166;8970;6.6426587725455484;8970;6.750083925901059
8980;148.00256355479598;8980;66.261787774285111;8980;2.5635547959837641;8980;0.16162625423409105;8980;6.645710623493148;8980;6.750083925901059
8990;148.06360057374798;8990;66.3594470046083;8990;2.5513473921933656;8990;0.16166579720874047;8990;6.6463209936826679;8990;6.750083925901059
9000;148.02697836237678;9000;66.2984099856563;9000;2.5635547959837641;9000;0.16170534018338989;9000;6.6435743278298283;9000;6.750083925901059
9010;148.05139316995758;9010;66.3228247932371;9010;2.6123844111453596;9010;0.16174488315803928;9010;6.6426587725455484;9010;6.750083925901059
9020;147.81945249794;9020;66.420484023560292;9020;2.5879696035645616;9020;0.16186351208198752;9020;6.6478469191564677;9020;6.750083925901059
9030;147.880489516892;9030;66.273995178075509;9030;2.5635547959837641;9030;0.16190305505663691;9030;6.6444898831141082;9030;6.750083925901059
9040;147.880489516892;9040;66.139713736381111;9040;2.5635547959837641;9040;0.16194259803128633;9040;6.6429639576403083;9040;6.750083925901059
9050;148.03918576616718;9050;66.3228247932371;9050;2.6001770073549606;9050;0.16202168398058514;9050;6.6426587725455484;9050;6.750083925901059
9060;147.92931913205359;9060;66.286202581865908;9060;2.6001770073549606;9060;0.16210076992988395;9060;6.6478469191564677;9060;6.750083925901059
9070;147.92931913205359;9070;66.115298928800314;9070;2.5147251808221687;9070;0.16210076992988395;9070;6.6432691427350683;9070;6.750083925901059
9080;148.02697836237678;9080;66.261787774285111;9080;2.5513473921933656;9080;0.16225894182848161;9080;6.6420484023560284;9080;6.750083925901059
9090;147.880489516892;9090;66.3228247932371;9090;2.5391399884029662;9090;0.162298484803131;9090;6.6441846980193482;9090;6.750083925901059
9100;147.941526535844;9100;66.2984099856563;9100;2.5635547959837641;9100;0.16233802777778042;9100;6.6438795129245882;9100;6.750083925901059
9110;147.8438673055208;9110;66.225165562913915;9110;2.6123844111453596;9110;0.16233802777778042;9110;6.6432691427350683;9110;6.750083925901059
9120;147.8560747093112;9120;66.225165562913915;9120;2.5879696035645616;9120;0.16241711372707923;9120;6.6420484023560284;9120;6.750083925901059
9130;147.758415478988;9130;66.286202581865908;9130;2.5879696035645616;9130;0.16257528562567689;9130;6.6478469191564677;9130;6.750083925901059
9140;148.02697836237678;9140;66.3106173894467;9140;2.5635547959837641;9140;0.16261482860032639;9140;6.6438795129245882;9140;6.750083925901059
9150;148.03918576616718;9150;66.1885433515427;9150;2.5391399884029662;9150;0.16269391454962523;9150;6.6426587725455484;9150;6.750083925901059
9160;147.97814874721519;9160;66.078676717429119;9160;2.5879696035645616;9160;0.16273345752427462;9160;6.6432691427350683;9160;6.750083925901059
9170;148.02697836237678;9170;66.2007507553331;9170;2.661214026306955;9170;0.16285208644822285;9170;6.6478469191564677;9170;6.750083925901059
9180;148.02697836237678;9180;66.261787774285111;9180;2.661214026306955;9180;0.16285208644822285;9180;6.6438795129245882;9180;6.750083925901059
9190;148.06360057374798;9190;66.212958159123517;9190;2.6367992187261575;9190;0.16297071537217112;9190;6.6420484023560284;9190;6.750083925901059
9200;147.92931913205359;9200;66.261787774285111;9200;2.6123844111453596;9200;0.16301025834682051;9200;6.645710623493148;9200;6.750083925901059
9210;147.97814874721519;9210;66.3472396008179;9210;2.6490066225165565;9210;0.16312888727076874;9210;6.6441846980193482;9210;6.750083925901059
9220;147.80724509414961;9220;66.3594470046083;9220;2.6856288338877534;9220;0.16316843024541813;9220;6.6426587725455484;9220;6.750083925901059
9230;147.941526535844;9230;66.2984099856563;9230;2.6123844111453596;9230;0.16320797322006755;9230;6.6414380321665085;9230;6.750083925901059
9240;147.8926969206824;9240;66.3594470046083;9240;2.5635547959837641;9240;0.16328705916936637;9240;6.6478469191564677;9240;6.750083925901059
9250;148.00256355479598;9250;66.212958159123517;9250;2.5879696035645616;9250;0.16332660214401579;9250;6.6435743278298283;9250;6.750083925901059
9260;147.95373393963439;9260;66.127506332590713;9260;2.661214026306955;9260;0.16348477404261341;9260;6.6429639576403083;9260;6.750083925901059
9270;147.8926969206824;9270;66.1763359477523;9270;2.6978362376781519;9270;0.16348477404261341;9270;6.6435743278298283;9270;6.750083925901059
9280;147.8560747093112;9280;66.237372966704314;9280;2.6123844111453596;9280;0.16356385999191222;9280;6.645710623493148;9280;6.750083925901059
9290;147.9049043244728;9290;66.212958159123517;9290;2.5635547959837641;9290;0.16356385999191222;9290;6.6432691427350683;9290;6.750083925901059
9300;148.05139316995758;9300;66.139713736381111;9300;2.5879696035645616;9300;0.16364294594121107;9300;6.6420484023560284;9300;6.750083925901059
9310;147.81945249794;9310;66.237372966704314;9310;2.5879696035645616;9310;0.16376157486515927;9310;6.6463209936826679;9310;6.750083925901059
9320;147.941526535844;9320;66.3594470046083;9320;2.5635547959837641;9320;0.16380111783980869;9320;6.6444898831141082;9320;6.750083925901059
9330;147.95373393963439;9330;66.2984099856563;9330;2.5513473921933656;9330;0.1638802037891075;9330;6.6438795129245882;9330;6.750083925901059
9340;148.02697836237678;9340;66.127506332590713;9340;2.5635547959837641;9340;0.1638802037891075;9340;6.6420484023560284;9340;6.750083925901059
9350;147.92931913205359;9350;66.1763359477523;9350;2.5879696035645616;9350;0.16395928973840632;9350;6.6478469191564677;9350;6.750083925901059
9360;148.02697836237678;9360;66.212958159123517;9360;2.6001770073549606;9360;0.16407791866235455;9360;6.6438795129245882;9360;6.750083925901059
9370;148.06360057374798;9370;66.273995178075509;9370;2.6245918149357581;9370;0.16415700461165336;9370;6.6414380321665085;9370;6.750083925901059
9380;147.99035615100559;9380;66.127506332590713;9380;2.6123844111453596;9380;0.1642360905609522;9380;6.6438795129245882;9380;6.750083925901059
9390;147.99035615100559;9390;66.139713736381111;9390;2.5635547959837641;9390;0.16427563353560162;9390;6.645710623493148;9390;6.750083925901059
9400;148.00256355479598;9400;66.2007507553331;9400;2.5147251808221687;9400;0.1642360905609522;9400;6.6432691427350683;9400;6.750083925901059
9410;148.05139316995758;9410;66.115298928800314;9410;2.5635547959837641;9410;0.16435471948490044;9410;6.6417432172612685;9410;6.750083925901059
EOF;;;;;;;;;;;
