Name;YT Scope Project;;;;;;;;;;
File;C:\Users\Tobno\Desktop\Test1\JibNed150bar\-100prosent.csv;;;;;;;;;;
Starttime of export;1,34212E+17;mandag 20. april 2026;13:32:23.211;;;;;;;;
Endtime of export;1,34212E+17;mandag 20. april 2026;13:32:40.651;;;;;;;;
;;;;;;;;;;;
;;;;;;;;;;;
Name;fPresSupply_bar;Name;fPres1A_bar;Name;fPres1B_bar;Name;fCylinder1_m;Name;fSensor1_V;Name;fValve1_V
;;;;;;;;;;;
3070;141.43498031556138;3070;22.803430280465104;3070;127.88476210821864;3070;0.54342513393464043;3070;0.17120883816034424;3070;0
3080;141.37394329660938;3080;22.8278450880459;3080;127.88476210821864;3080;0.543108851200071;3080;0.16266365550706502;3080;0
3090;141.39835810419018;3090;22.901089510788296;3090;127.81151768547625;3090;0.54287163914914394;3090;0.15655995361186559;3090;0
3100;141.39835810419018;3100;22.8278450880459;3100;127.76268807031465;3100;0.54267396244003807;3100;0.15442365794854579;3100;0
3110;141.43498031556138;3110;22.791222876674706;3110;127.79931028168585;3110;0.54227860902182634;3110;0.16113773003326518;3110;0
3120;141.48380993072297;3120;22.779015472884307;3120;127.66502883999145;3120;0.54204139697089926;3120;0.15076143681142612;3120;0
3130;141.45939512314217;3130;22.705771050141916;3130;127.66502883999145;3130;0.54180418491997218;3130;0.14465773491622669;3130;0
3140;141.38615070039978;3140;22.803430280465104;3140;127.75048066652425;3140;0.54164604355268742;3140;0.15564439832758567;3140;0
3150;141.38615070039978;3150;22.815637684255503;3150;127.70165105136265;3150;0.54136929615993923;3150;0.15167699209570606;3150;0
3160;141.59367656483656;3160;22.791222876674706;3160;127.83593249305704;3160;0.54105301342536982;3160;0.14404736472670676;3160;0
3170;141.54484694967496;3170;22.913296914578694;3170;127.88476210821864;3170;0.54077626603262152;3170;0.13855403302102726;3170;0
3180;141.49601733451337;3180;22.998748741111488;3180;127.88476210821864;3180;0.54061812466533676;3180;0.15015106662190619;3180;0
3190;141.49601733451337;3190;22.864467299417097;3190;127.89696951200904;3190;0.54034137727258846;3190;0.14069032868434705;3190;0
3200;141.53263954588456;3200;22.766808069093909;3200;127.82372508926665;3200;0.54002509453801906;3200;0.1358073671681875;3200;0
3210;141.49601733451337;3210;22.864467299417097;3210;127.75048066652425;3210;0.53978788248709209;3210;0.13855403302102726;3210;0
3220;141.47160252693257;3220;22.876674703207495;3220;127.70165105136265;3220;0.53951113509434379;3220;0.14252143925290689;3220;0
3230;141.52043214209417;3230;22.913296914578694;3230;127.71385845515304;3230;0.53927392304341681;3230;0.13550218207342754;3230;0
3240;141.65471358378855;3240;22.94991912594989;3240;127.73827326273386;3240;0.53891810496702619;3240;0.12878810998870815;3240;0
3250;141.54484694967496;3250;22.876674703207495;3250;127.84813989684744;3250;0.53872042825792021;3250;0.14069032868434705;3250;0
3260;141.34952848902859;3260;22.779015472884307;3260;127.86034730063784;3260;0.53852275154881435;3260;0.13489181188390759;3260;0
3270;141.44718771935177;3270;22.864467299417097;3270;127.81151768547625;3270;0.53820646881424494;3270;0.12970366527298807;3270;0
3280;141.45939512314217;3280;22.962126529740289;3280;127.95800653096103;3280;0.53792972142149675;3280;0.12573625904110844;3280;0
3290;141.45939512314217;3290;22.8278450880459;3290;127.92138431958983;3290;0.53761343868692735;3290;0.13672292245246742;3290;0
3300;141.44718771935177;3300;22.717978453932314;3300;127.84813989684744;3300;0.537336691294179;3300;0.1281777397991882;3300;0
3310;141.55705435346536;3310;22.69356364635151;3310;127.86034730063784;3310;0.53702040855960964;3310;0.12329477828302865;3310;0
3320;141.71575060274054;3320;22.766808069093909;3320;127.82372508926665;3320;0.53682273185050378;3320;0.13122959074678792;3320;0
3330;141.55705435346536;3330;22.766808069093909;3330;127.82372508926665;3330;0.53658551979957669;3330;0.13245033112582782;3330;0
3340;141.53263954588456;3340;22.766808069093909;3340;127.81151768547625;3340;0.53634830774864972;3340;0.12665181432538836;3340;0
3350;141.64250617999815;3350;22.864467299417097;3350;127.88476210821864;3350;0.53615063103954375;3350;0.11902218695638905;3350;0
3360;141.63029877620775;3360;22.803430280465104;3360;128.08008056886501;3360;0.53595295433043788;3360;0.13245033112582782;3360;0
3370;141.45939512314217;3370;22.681356242561112;3370;127.95800653096103;3370;0.53567620693768947;3370;0.12695699942014832;3370;0
3380;141.39835810419018;3380;22.717978453932314;3380;127.81151768547625;3380;0.53535992420312006;3380;0.12268440809350871;3380;0
3390;141.55705435346536;3390;22.730185857722713;3390;127.82372508926665;3390;0.535122712152193;3390;0.12176885280922881;3390;0
3400;141.64250617999815;3400;22.717978453932314;3400;127.75048066652425;3400;0.53496457078490833;3400;0.12970366527298807;3400;0
3410;141.52043214209417;3410;22.779015472884307;3410;127.73827326273386;3410;0.53476689407580247;3410;0.12268440809350871;3410;0
3420;141.48380993072297;3420;22.766808069093909;3420;127.86034730063784;3420;0.53441107599941184;3420;0.11658070619830928;3420;0
3430;141.45939512314217;3430;22.730185857722713;3430;127.83593249305704;3430;0.53409479326484244;3430;0.12665181432538836;3430;0
3440;141.45939512314217;3440;22.779015472884307;3440;127.78710287789545;3440;0.53373897518845181;3440;0.12543107394634848;3440;0
3450;141.53263954588456;3450;22.815637684255503;3450;127.79931028168585;3450;0.53350176313752473;3450;0.12207403790398877;3450;0
3460;141.48380993072297;3460;22.779015472884307;3460;127.88476210821864;3460;0.53330408642841887;3460;0.11658070619830928;3460;0
3470;141.53263954588456;3470;22.730185857722713;3470;127.88476210821864;3470;0.53306687437749178;3470;0.12787255470442824;3470;0
3480;141.36173589281898;3480;22.766808069093909;3480;127.81151768547625;3480;0.5328296623265647;3480;0.12024292733542893;3480;0
3490;141.239661854915;3490;22.8522598956267;3490;127.79931028168585;3490;0.53247384425017419;3490;0.11658070619830928;3490;0
3500;141.2640766624958;3500;22.681356242561112;3500;127.76268807031465;3500;0.53227616754106832;3500;0.11871700186162909;3500;0
3510;141.36173589281898;3510;22.656941434980315;3510;127.81151768547625;3510;0.53199942014832;3510;0.12421033356730858;3510;0
3520;141.34952848902859;3520;22.742393261513111;3520;127.83593249305704;3520;0.53176220809739294;3520;0.12024292733542893;3520;0
3530;141.34952848902859;3530;22.717978453932314;3530;127.83593249305704;3530;0.53144592536282353;3530;0.11383404034546954;3530;0
3540;141.48380993072297;3540;22.730185857722713;3540;127.94579912717063;3540;0.53116917797007535;3540;0.12482070375682852;3540;0
3550;141.39835810419018;3550;22.69356364635151;3550;127.94579912717063;3550;0.5310505719446118;3550;0.12207403790398877;3550;0
3560;141.41056550798058;3560;22.791222876674706;3560;127.83593249305704;3560;0.53085289523550594;3560;0.119632557145909;3560;0
3570;141.47160252693257;3570;22.791222876674706;3570;127.79931028168585;3570;0.53049707715911509;3570;0.11535996581926938;3570;0
3580;141.52043214209417;3580;22.730185857722713;3580;127.73827326273386;3580;0.5302203297663669;3580;0.12451551866206854;3580;0
3590;141.34952848902859;3590;22.656941434980315;3590;127.76268807031465;3590;0.52998311771543971;3590;0.11810663167210914;3590;0
3600;141.41056550798058;3600;22.717978453932314;3600;127.93359172338023;3600;0.52970637032269152;3600;0.11535996581926938;3600;0
3610;141.48380993072297;3610;22.779015472884307;3610;128.00683614612262;3610;0.52942962292994333;3610;0.119632557145909;3610;0
3620;141.44718771935177;3620;22.730185857722713;3620;127.94579912717063;3620;0.529152875537195;3620;0.12085329752494889;3620;0
3630;141.41056550798058;3630;22.864467299417097;3630;127.90917691579943;3630;0.52899473416991027;3630;0.11993774224066897;3630;0
3640;141.34952848902859;3640;22.803430280465104;3640;127.86034730063784;3640;0.5287575221189833;3640;0.1141392254402295;3640;0
3650;141.36173589281898;3650;22.69356364635151;3650;127.83593249305704;3650;0.5284412393844139;3650;0.12359996337778864;3650;0
3660;141.2518692587054;3660;22.717978453932314;3660;127.86034730063784;3660;0.52820402733348681;3660;0.11902218695638905;3660;0
3670;141.300698873867;3670;22.632526627399518;3670;127.90917691579943;3670;0.52796681528255984;3670;0.11780144657734916;3670;0
3680;141.39835810419018;3680;22.632526627399518;3680;128.00683614612262;3680;0.52780867391527508;3680;0.1141392254402295;3680;0
3690;141.47160252693257;3690;22.730185857722713;3690;127.93359172338023;3690;0.52753192652252678;3690;0.12085329752494889;3690;0
3700;141.39835810419018;3700;22.742393261513111;3700;127.79931028168585;3700;0.52729471447159981;3700;0.11810663167210914;3700;0
3710;141.31290627765739;3710;22.632526627399518;3710;127.82372508926665;3710;0.5270179670788514;3710;0.11535996581926938;3710;0
3720;141.43498031556138;3720;22.595904416028318;3720;127.76268807031465;3720;0.52674121968610321;3720;0.12024292733542893;3720;0
3730;141.45939512314217;3730;22.559282204657123;3730;127.75048066652425;3730;0.52650400763517624;3730;0.11810663167210914;3730;0
3740;141.43498031556138;3740;22.620319223609119;3740;127.81151768547625;3740;0.52622726024242794;3740;0.11871700186162909;3740;0
3750;141.48380993072297;3750;22.730185857722713;3750;127.89696951200904;3750;0.52602958353332208;3750;0.1141392254402295;3750;0
3760;141.63029877620775;3760;22.69356364635151;3760;127.89696951200904;3760;0.52575283614057366;3760;0.12237922299874875;3760;0
3770;141.59367656483656;3770;22.717978453932314;3770;127.79931028168585;3770;0.52547608874782548;3770;0.11719107638782922;3770;0
3780;141.53263954588456;3780;22.803430280465104;3780;127.86034730063784;3780;0.52515980601325607;3780;0.11780144657734916;3780;0
3790;141.38615070039978;3790;22.864467299417097;3790;127.99462874233222;3790;0.52488305862050788;3790;0.11658070619830928;3790;0
3800;141.43498031556138;3800;22.8522598956267;3800;127.98242133854183;3800;0.5246458465695808;3800;0.11902218695638905;3800;0
3810;141.41056550798058;3810;22.717978453932314;3810;127.81151768547625;3810;0.52440863451865372;3810;0.11810663167210914;3810;0
3820;141.300698873867;3820;22.644734031189916;3820;127.75048066652425;3820;0.52421095780954785;3820;0.11352885525070955;3820;0
3830;141.33732108523819;3830;22.815637684255503;3830;127.81151768547625;3830;0.52397374575862077;3830;0.11993774224066897;3830;0
3840;141.27628406628619;3840;22.8522598956267;3840;127.83593249305704;3840;0.52369699836587247;3840;0.11719107638782922;3840;0
3850;141.36173589281898;3850;22.705771050141916;3850;127.93359172338023;3850;0.52345978631494539;3850;0.11780144657734916;3850;0
3860;141.39835810419018;3860;22.681356242561112;3860;127.93359172338023;3860;0.5231830389221972;3860;0.1120029297769097;3860;0
3870;141.39835810419018;3870;22.791222876674706;3870;127.89696951200904;3870;0.52294582687127023;3870;0.11993774224066897;3870;0
3880;141.38615070039978;3880;22.815637684255503;3880;127.90917691579943;3880;0.52266907947852193;3880;0.11597033600878934;3880;0
3890;141.33732108523819;3890;22.730185857722713;3890;127.84813989684744;3890;0.52235279674395252;3890;0.11535996581926938;3890;0
3900;141.300698873867;3900;22.681356242561112;3900;127.82372508926665;3900;0.52219465537666776;3900;0.11658070619830928;3900;0
3910;141.33732108523819;3910;22.656941434980315;3910;127.83593249305704;3910;0.52195744332574079;3910;0.11658070619830928;3910;0
3920;141.38615070039978;3920;22.681356242561112;3920;127.81151768547625;3920;0.52175976661663481;3920;0.1184118167668691;3920;0
3930;141.39835810419018;3930;22.620319223609119;3930;127.98242133854183;3930;0.521562089907529;3930;0.11383404034546954;3930;0
3940;141.28849147007659;3940;22.608111819818721;3940;127.99462874233222;3940;0.52132487785660186;3940;0.11871700186162909;3940;0
3950;141.239661854915;3950;22.681356242561112;3950;127.94579912717063;3950;0.52100859512203246;3950;0.1141392254402295;3950;0
3960;141.36173589281898;3960;22.644734031189916;3960;127.99462874233222;3960;0.52073184772928427;3960;0.11810663167210914;3960;0
3970;141.37394329660938;3970;22.632526627399518;3970;127.90917691579943;3970;0.52041556499471464;3970;0.1141392254402295;3970;0
3980;141.39835810419018;3980;22.632526627399518;3980;127.83593249305704;3980;0.52009928226014523;3980;0.1174962614825892;3980;0
3990;141.47160252693257;3990;22.705771050141916;3990;127.79931028168585;3990;0.51990160555103937;3990;0.11383404034546954;3990;0
4000;141.58146916104616;4000;22.742393261513111;4000;127.92138431958983;4000;0.51958532281647;4000;0.11383404034546954;4000;0
4010;141.54484694967496;4010;22.644734031189916;4010;127.99462874233222;4010;0.51930857542372177;4010;0.11719107638782922;4010;0
4020;141.38615070039978;4020;22.730185857722713;4020;128.10449537644581;4020;0.51907136337279469;4020;0.11322367015594959;4020;0
4030;141.38615070039978;4030;22.717978453932314;4030;128.10449537644581;4030;0.51891322200550993;4030;0.11505478072450942;4030;0
4040;141.38615070039978;4040;22.644734031189916;4040;128.03125095370342;4040;0.518676009954583;4040;0.11108737449262979;4040;0
4050;141.34952848902859;4050;22.571489608447521;4050;128.05566576128422;4050;0.51835972722001356;4050;0.11719107638782922;4050;0
4060;141.34952848902859;4060;22.632526627399518;4060;128.04345835749382;4060;0.51804344448544415;4060;0.11169774468214973;4060;0
4070;141.48380993072297;4070;22.705771050141916;4070;128.03125095370342;4070;0.517806232434517;4070;0.11505478072450942;4070;0
4080;141.45939512314217;4080;22.534867397076326;4080;127.95800653096103;4080;0.51760855572541109;4080;0.11261329996642964;4080;0
4090;141.37394329660938;4090;22.608111819818721;4090;127.84813989684744;4090;0.51737134367448412;4090;0.1141392254402295;4090;0
4100;141.45939512314217;4100;22.681356242561112;4100;127.76268807031465;4100;0.51713413162355693;4100;0.11505478072450942;4100;0
4110;141.43498031556138;4110;22.608111819818721;4110;127.88476210821864;4110;0.51685738423080863;4110;0.11169774468214973;4110;0
4120;141.41056550798058;4120;22.644734031189916;4120;127.89696951200904;4120;0.51665970752170276;4120;0.11535996581926938;4120;0
4130;141.45939512314217;4130;22.620319223609119;4130;127.89696951200904;4130;0.51638296012895446;4130;0.11169774468214973;4130;0
4140;141.43498031556138;4140;22.681356242561112;4140;127.95800653096103;4140;0.51610621273620627;4140;0.11444441053498948;4140;0
4150;141.36173589281898;4150;22.717978453932314;4150;127.95800653096103;4150;0.51590853602710041;4150;0.10986663411358989;4150;0
4160;141.27628406628619;4160;22.644734031189916;4160;127.95800653096103;4160;0.51563178863435222;4160;0.11566515091402937;4160;0
4170;141.300698873867;4170;22.644734031189916;4170;127.92138431958983;4170;0.51531550589978281;4170;0.11108737449262979;4170;0
4180;141.44718771935177;4180;22.69356364635151;4180;127.89696951200904;4180;0.51503875850703451;4180;0.1120029297769097;4180;0
4190;141.48380993072297;4190;22.803430280465104;4190;127.82372508926665;4190;0.5147224757724651;4190;0.11169774468214973;4190;0
4200;141.55705435346536;4200;22.742393261513111;4200;127.92138431958983;4200;0.5144061930378957;4200;0.11169774468214973;4200;0
4210;141.53263954588456;4210;22.632526627399518;4210;128.00683614612262;4210;0.51416898098696862;4210;0.11352885525070955;4210;0
4220;141.44718771935177;4220;22.644734031189916;4220;128.01904354991302;4220;0.51393176893604153;4220;0.10956144901882993;4220;0
4230;141.45939512314217;4230;22.681356242561112;4230;128.00683614612262;4230;0.51365502154329334;4230;0.11352885525070955;4230;0
4240;141.41056550798058;4240;22.730185857722713;4240;127.95800653096103;4240;0.51337827415054516;4240;0.10895107882930999;4240;0
4250;141.44718771935177;4250;22.656941434980315;4250;128.04345835749382;4250;0.513141062099618;4250;0.11352885525070955;4250;0
4260;141.38615070039978;4260;22.534867397076326;4260;128.09228797265541;4260;0.51298292073233331;4260;0.10895107882930999;4260;0
4270;141.38615070039978;4270;22.595904416028318;4270;128.141117587817;4270;0.51270617333958513;4270;0.11261329996642964;4270;0
4280;141.36173589281898;4280;22.620319223609119;4280;128.05566576128422;4280;0.51242942594683683;4280;0.11078218939786982;4280;0
4290;141.38615070039978;4290;22.705771050141916;4290;128.05566576128422;4290;0.51219221389590974;4290;0.11108737449262979;4290;0
4300;141.38615070039978;4300;22.644734031189916;4300;128.01904354991302;4300;0.51195500184498266;4300;0.11139255958738976;4300;0
4310;141.300698873867;4310;22.547074800866724;4310;127.95800653096103;4310;0.51171778979405558;4310;0.10834070863979003;4310;0
4320;141.34952848902859;4320;22.632526627399518;4320;128.05566576128422;4320;0.51148057774312838;4320;0.1120029297769097;4320;0
4330;141.34952848902859;4330;22.595904416028318;4330;128.08008056886501;4330;0.5112038303503802;4330;0.10864589373455;4330;0
4340;141.34952848902859;4340;22.534867397076326;4340;128.04345835749382;4340;0.510927082957632;4340;0.11291848506118961;4340;0
4350;141.36173589281898;4350;22.608111819818721;4350;127.98242133854183;4350;0.51068987090670492;4350;0.10803552354503006;4350;0
4360;141.44718771935177;4360;22.766808069093909;4360;127.99462874233222;4360;0.51041312351395673;4360;0.11139255958738976;4360;0
4370;141.41056550798058;4370;22.730185857722713;4370;128.04345835749382;4370;0.51013637612120843;4370;0.10711996826075015;4370;0
4380;141.36173589281898;4380;22.644734031189916;4380;128.09228797265541;4380;0.50993869941210257;4380;0.10895107882930999;4380;0
4390;141.45939512314217;4390;22.620319223609119;4390;127.90917691579943;4390;0.5097410227029967;4390;0.10925626392406995;4390;0
4400;141.43498031556138;4400;22.730185857722713;4400;127.82372508926665;4400;0.5094642753102484;4400;0.10834070863979003;4400;0
4410;141.39835810419018;4410;22.656941434980315;4410;127.95800653096103;4410;0.509147992575679;4410;0.11139255958738976;4410;0
4420;141.54484694967496;4420;22.571489608447521;4420;128.11670278023621;4420;0.5088712451829307;4420;0.10711996826075015;4420;0
4430;141.61809137241735;4430;22.656941434980315;4430;128.202154606769;4430;0.50863403313200373;4430;0.11108737449262979;4430;0
4440;141.52043214209417;4440;22.644734031189916;4440;128.141117587817;4440;0.50835728573925554;4440;0.10650959807123021;4440;0
4450;141.43498031556138;4450;22.632526627399518;4450;128.05566576128422;4450;0.50815960903014956;4450;0.11139255958738976;4450;0
4460;141.34952848902859;4460;22.644734031189916;4460;127.99462874233222;4460;0.507803790953759;4460;0.10681478316599018;4460;0
4470;141.47160252693257;4470;22.705771050141916;4470;127.94579912717063;4470;0.50756657890283186;4470;0.10956144901882993;4470;0
4480;141.45939512314217;4480;22.620319223609119;4480;127.93359172338023;4480;0.50732936685190488;4480;0.10895107882930999;4480;0
4490;141.39835810419018;4490;22.559282204657123;4490;127.99462874233222;4490;0.50705261945915669;4490;0.10834070863979003;4490;0
4500;141.44718771935177;4500;22.547074800866724;4500;127.95800653096103;4500;0.50681540740822961;4500;0.10925626392406995;4500;0
4510;141.31290627765739;4510;22.534867397076326;4510;127.99462874233222;4510;0.50649912467366;4510;0.10620441297647024;4510;0
4520;141.39835810419018;4520;22.632526627399518;4520;127.95800653096103;4520;0.50618284193909058;4520;0.10986663411358989;4520;0
4530;141.49601733451337;4530;22.705771050141916;4530;127.88476210821864;4530;0.50590609454634239;4530;0.10681478316599018;4530;0
4540;141.47160252693257;4540;22.632526627399518;4540;127.93359172338023;4540;0.50562934715359409;4540;0.11169774468214973;4540;0
4550;141.37394329660938;4550;22.595904416028318;4550;128.00683614612262;4550;0.5053525997608459;4550;0.10681478316599018;4550;0
4560;141.38615070039978;4560;22.705771050141916;4560;128.05566576128422;4560;0.50511538770991893;4560;0.10986663411358989;4560;0
4570;141.36173589281898;4570;22.742393261513111;4570;128.08008056886501;4570;0.50483864031717052;4570;0.10681478316599018;4570;0
4580;141.39835810419018;4580;22.730185857722713;4580;128.11670278023621;4580;0.50460142826624355;4580;0.10742515335551012;4580;0
4590;141.48380993072297;4590;22.644734031189916;4590;128.09228797265541;4590;0.50440375155713768;4590;0.10895107882930999;4590;0
4600;141.55705435346536;4600;22.486037781914732;4600;128.08008056886501;4600;0.504087468822568;4600;0.10803552354503006;4600;0
4610;141.53263954588456;4610;22.522659993285927;4610;128.04345835749382;4610;0.50385025677164108;4610;0.11108737449262979;4610;0
4620;141.41056550798058;4620;22.656941434980315;4620;128.05566576128422;4620;0.50357350937889278;4620;0.10681478316599018;4620;0
4630;141.49601733451337;4630;22.644734031189916;4630;128.00683614612262;4630;0.50341536801160813;4630;0.11108737449262979;4630;0
4640;141.52043214209417;4640;22.595904416028318;4640;127.95800653096103;4640;0.50313862061885983;4640;0.10681478316599018;4640;0
4650;141.43498031556138;4650;22.644734031189916;4650;128.08008056886501;4650;0.50286187322611164;4650;0.11078218939786982;4650;0
4660;141.36173589281898;4660;22.608111819818721;4660;128.04345835749382;4660;0.50258512583336334;4660;0.10650959807123021;4660;0
4670;141.44718771935177;4670;22.656941434980315;4670;128.09228797265541;4670;0.50230837844061516;4670;0.10925626392406995;4670;0
4680;141.49601733451337;4680;22.644734031189916;4680;128.08008056886501;4680;0.50207116638968807;4680;0.10864589373455;4680;0
4690;141.53263954588456;4690;22.571489608447521;4690;128.00683614612262;4690;0.50179441899693988;4690;0.10711996826075015;4690;0
4700;141.53263954588456;4700;22.608111819818721;4700;128.04345835749382;4700;0.50147813626237037;4700;0.10956144901882993;4700;0
4710;141.44718771935177;4710;22.571489608447521;4710;128.11670278023621;4710;0.50120138886962218;4710;0.10650959807123021;4710;0
4720;141.39835810419018;4720;22.547074800866724;4720;128.1899472029786;4720;0.50108278284415864;4720;0.11108737449262979;4720;0
4730;141.41056550798058;4730;22.473830378124333;4730;128.141117587817;4730;0.50084557079323155;4730;0.10620441297647024;4730;0
4740;141.38615070039978;4740;22.510452589495529;4740;128.08008056886501;4740;0.50052928805866215;4740;0.11047700430310983;4740;0
4750;141.41056550798058;4750;22.705771050141916;4750;128.10449537644581;4750;0.50021300532409274;4750;0.10711996826075015;4750;0
4760;141.47160252693257;4760;22.620319223609119;4760;128.05566576128422;4760;0.49997579327316571;4760;0.11047700430310983;4760;0
4770;141.39835810419018;4770;22.473830378124333;4770;127.93359172338023;4770;0.49973858122223863;4770;0.10803552354503006;4770;0
4780;141.47160252693257;4780;22.473830378124333;4780;128.10449537644581;4780;0.49958043985495393;4780;0.10864589373455;4780;0
4790;141.52043214209417;4790;22.547074800866724;4790;128.15332499160741;4790;0.49934322780402685;4790;0.10986663411358989;4790;0
4800;141.53263954588456;4800;22.595904416028318;4800;128.09228797265541;4800;0.49906648041127855;4800;0.10895107882930999;4800;0
4810;141.58146916104616;4810;22.534867397076326;4810;128.10449537644581;4810;0.49882926836035141;4810;0.11261329996642964;4810;0
4820;141.47160252693257;4820;22.510452589495529;4820;128.1777397991882;4820;0.49855252096760316;4820;0.10650959807123021;4820;0
4830;141.45939512314217;4830;22.595904416028318;4830;128.141117587817;4830;0.49835484425849735;4830;0.11078218939786982;4830;0
4840;141.54484694967496;4840;22.608111819818721;4840;128.12891018402661;4840;0.49807809686574911;4840;0.10589922788171027;4840;0
4850;141.59367656483656;4850;22.595904416028318;4850;128.15332499160741;4850;0.49780134947300086;4850;0.10986663411358989;4850;0
4860;141.55705435346536;4860;22.595904416028318;4860;128.1777397991882;4860;0.49756413742207378;4860;0.10681478316599018;4860;0
4870;141.45939512314217;4870;22.510452589495529;4870;128.11670278023621;4870;0.4973269253711467;4870;0.10895107882930999;4870;0
4880;141.41056550798058;4880;22.534867397076326;4880;128.05566576128422;4880;0.49708971332021967;4880;0.10925626392406995;4880;0
4890;141.47160252693257;4890;22.534867397076326;4890;128.03125095370342;4890;0.4967338952438291;4890;0.10803552354503006;4890;0
4900;141.43498031556138;4900;22.595904416028318;4900;127.98242133854183;4900;0.49641761250925959;4900;0.11108737449262979;4900;0
4910;141.38615070039978;4910;22.656941434980315;4910;128.04345835749382;4910;0.49618040045833245;4910;0.10742515335551012;4910;0
4920;141.47160252693257;4920;22.547074800866724;4920;128.05566576128422;4920;0.4959036530655842;4920;0.11108737449262979;4920;0
4930;141.55705435346536;4930;22.473830378124333;4930;128.11670278023621;4930;0.4955873703310148;4930;0.10620441297647024;4930;0
4940;141.55705435346536;4940;22.547074800866724;4940;128.15332499160741;4940;0.49538969362190893;4940;0.11108737449262979;4940;0
4950;141.41056550798058;4950;22.534867397076326;4950;128.08008056886501;4950;0.49511294622916074;4950;0.10803552354503006;4950;0
4960;141.53263954588456;4960;22.620319223609119;4960;128.09228797265541;4960;0.49483619883641239;4960;0.11047700430310983;4960;0
4970;141.54484694967496;4970;22.595904416028318;4970;128.04345835749382;4970;0.49463852212730658;4970;0.10803552354503006;4970;0
4980;141.36173589281898;4980;22.522659993285927;4980;128.05566576128422;4980;0.49428270405091596;4980;0.10864589373455;4980;0
4990;141.41056550798058;4990;22.510452589495529;4990;128.09228797265541;4990;0.49404549199998893;4990;0.11108737449262979;4990;0
5000;141.52043214209417;5000;22.461622974333935;5000;128.10449537644581;5000;0.49388735063270417;5000;0.10742515335551012;5000;0
5010;141.48380993072297;5010;22.547074800866724;5010;128.11670278023621;5010;0.49365013858177714;5010;0.11169774468214973;5010;0
5020;141.43498031556138;5020;22.510452589495529;5020;128.141117587817;5020;0.49333385584720774;5020;0.10711996826075015;5020;0
5030;141.45939512314217;5030;22.522659993285927;5030;128.04345835749382;5030;0.49305710845445949;5030;0.11139255958738976;5030;0
5040;141.37394329660938;5040;22.486037781914732;5040;128.05566576128422;5040;0.49278036106171125;5040;0.10711996826075015;5040;0
5050;141.43498031556138;5050;22.522659993285927;5050;128.2143620105594;5050;0.49254314901078416;5050;0.11108737449262979;5050;0
5060;141.38615070039978;5060;22.571489608447521;5060;128.15332499160741;5060;0.49230593695985708;5060;0.10834070863979003;5060;0
5070;141.38615070039978;5070;22.522659993285927;5070;128.08008056886501;5070;0.49198965422528768;5070;0.10834070863979003;5070;0
5080;141.38615070039978;5080;22.522659993285927;5080;128.00683614612262;5080;0.49175244217436065;5080;0.10925626392406995;5080;0
5090;141.33732108523819;5090;22.522659993285927;5090;128.01904354991302;5090;0.49143615943979113;5090;0.10864589373455;5090;0
5100;141.37394329660938;5100;22.571489608447521;5100;128.08008056886501;5100;0.49123848273068521;5100;0.11169774468214973;5100;0
5110;141.31290627765739;5110;22.632526627399518;5110;128.15332499160741;5110;0.49096173533793697;5110;0.10742515335551012;5110;0
5120;141.41056550798058;5120;22.571489608447521;5120;128.1777397991882;5120;0.49072452328700994;5120;0.11169774468214973;5120;0
5130;141.41056550798058;5130;22.522659993285927;5130;128.08008056886501;5130;0.49048731123608291;5130;0.10803552354503006;5130;0
5140;141.43498031556138;5140;22.473830378124333;5140;128.12891018402661;5140;0.49025009918515577;5140;0.1120029297769097;5140;0
5150;141.39835810419018;5150;22.461622974333935;5150;128.1777397991882;5150;0.48989428110876515;5150;0.10742515335551012;5150;0
5160;141.41056550798058;5160;22.534867397076326;5160;128.01904354991302;5160;0.48965706905783812;5160;0.11047700430310983;5160;0
5170;141.48380993072297;5170;22.620319223609119;5170;128.01904354991302;5170;0.48949892769055348;5170;0.11047700430310983;5170;0
5180;141.39835810419018;5180;22.571489608447521;5180;128.141117587817;5180;0.48922218029780518;5180;0.10864589373455;5180;0
5190;141.41056550798058;5190;22.461622974333935;5190;128.1899472029786;5190;0.4890245035886992;5190;0.11047700430310983;5190;0
5200;141.43498031556138;5200;22.559282204657123;5200;128.2265694143498;5200;0.488747756195951;5200;0.10834070863979003;5200;0
5210;141.38615070039978;5210;22.486037781914732;5210;128.15332499160741;5210;0.48847100880320277;5210;0.1120029297769097;5210;0
5220;141.45939512314217;5220;22.339548936429946;5220;128.09228797265541;5220;0.48823379675227563;5220;0.10742515335551012;5220;0
5230;141.52043214209417;5230;22.449415570543536;5230;128.11670278023621;5230;0.48795704935952738;5230;0.11261329996642964;5230;0
5240;141.45939512314217;5240;22.522659993285927;5240;128.15332499160741;5240;0.48771983730860036;5240;0.10834070863979003;5240;0
5250;141.49601733451337;5250;22.620319223609119;5250;128.12891018402661;5250;0.48744308991585217;5250;0.11169774468214973;5250;0
5260;141.52043214209417;5260;22.595904416028318;5260;128.10449537644581;5260;0.48716634252310392;5260;0.10956144901882993;5260;0
5270;141.44718771935177;5270;22.461622974333935;5270;128.1899472029786;5270;0.48692913047217679;5270;0.10956144901882993;5270;0
5280;141.56926175725576;5280;22.461622974333935;5280;128.15332499160741;5280;0.48677098910489214;5280;0.11169774468214973;5280;0
5290;141.61809137241735;5290;22.425000762962739;5290;128.10449537644581;5290;0.48645470637032273;5290;0.10895107882930999;5290;0
5300;141.52043214209417;5300;22.351756340220344;5300;128.202154606769;5300;0.48621749431939559;5300;0.11139255958738976;5300;0
5310;141.38615070039978;5310;22.473830378124333;5310;128.25098422193059;5310;0.48594074692664735;5310;0.10803552354503006;5310;0
5320;141.44718771935177;5320;22.608111819818721;5320;128.2265694143498;5320;0.48566399953389916;5320;0.1120029297769097;5320;0
5330;141.47160252693257;5330;22.644734031189916;5330;128.2387768181402;5330;0.48538725214115092;5330;0.10742515335551012;5330;0
5340;141.43498031556138;5340;22.608111819818721;5340;128.141117587817;5340;0.48515004009022389;5340;0.11261329996642964;5340;0
5350;141.45939512314217;5350;22.510452589495529;5350;128.08008056886501;5350;0.48487329269747564;5350;0.10895107882930999;5350;0
5360;141.54484694967496;5360;22.449415570543536;5360;128.2387768181402;5360;0.48459654530472734;5360;0.10986663411358989;5360;0
5370;141.43498031556138;5370;22.437208166753138;5370;128.25098422193059;5370;0.4843197979119791;5370;0.10986663411358989;5370;0
5380;141.47160252693257;5380;22.425000762962739;5380;128.1777397991882;5380;0.48408258586105207;5380;0.10864589373455;5380;0
5390;141.54484694967496;5390;22.473830378124333;5390;128.141117587817;5390;0.48388490915194604;5390;0.11291848506118961;5390;0
5400;141.47160252693257;5400;22.656941434980315;5400;128.1899472029786;5400;0.48352909107555542;5400;0.10956144901882993;5400;0
5410;141.45939512314217;5410;22.730185857722713;5410;128.2387768181402;5410;0.48325234368280723;5410;0.11352885525070955;5410;0
5420;141.38615070039978;5420;22.595904416028318;5420;128.27539902951139;5420;0.48301513163188015;5420;0.10864589373455;5420;0
5430;141.44718771935177;5430;22.534867397076326;5430;128.29981383709219;5430;0.48269884889731074;5430;0.11291848506118961;5430;0
5440;141.38615070039978;5440;22.473830378124333;5440;128.1899472029786;5440;0.48242210150456255;5440;0.10864589373455;5440;0
5450;141.36173589281898;5450;22.461622974333935;5450;128.11670278023621;5450;0.48222442479545657;5450;0.11139255958738976;5450;0
5460;141.48380993072297;5460;22.473830378124333;5460;128.141117587817;5460;0.48186860671906606;5460;0.10986663411358989;5460;0
5470;141.49601733451337;5470;22.522659993285927;5470;128.25098422193059;5470;0.48155232398449666;5470;0.10895107882930999;5470;0
5480;141.37394329660938;5480;22.547074800866724;5480;128.2143620105594;5480;0.48143371795903311;5480;0.11169774468214973;5480;0
5490;141.43498031556138;5490;22.510452589495529;5490;128.1899472029786;5490;0.48119650590810609;5490;0.10864589373455;5490;0
5500;141.47160252693257;5500;22.595904416028318;5500;128.2265694143498;5500;0.48095929385717895;5500;0.11261329996642964;5500;0
5510;141.47160252693257;5510;22.681356242561112;5510;128.2387768181402;5510;0.48064301112260954;5510;0.10834070863979003;5510;0
5520;141.49601733451337;5520;22.608111819818721;5520;128.2387768181402;5520;0.4803662637298613;5520;0.11261329996642964;5520;0
5530;141.47160252693257;5530;22.510452589495529;5530;128.32422864467298;5530;0.48012905167893427;5530;0.10834070863979003;5530;0
5540;141.55705435346536;5540;22.473830378124333;5540;128.40968047120577;5540;0.47993137496982829;5540;0.1120029297769097;5540;0
5550;141.52043214209417;5550;22.486037781914732;5550;128.39747306741538;5550;0.47969416291890127;5550;0.10925626392406995;5550;0
5560;141.52043214209417;5560;22.559282204657123;5560;128.31202124088259;5560;0.47941741552615308;5560;0.10986663411358989;5560;0
5570;141.53263954588456;5570;22.510452589495529;5570;128.202154606769;5570;0.479180203475226;5570;0.11169774468214973;5570;0
5580;141.49601733451337;5580;22.449415570543536;5580;128.1777397991882;5580;0.47882438539883532;5580;0.10925626392406995;5580;0
5590;141.53263954588456;5590;22.400585955381938;5590;128.141117587817;5590;0.47854763800608707;5590;0.11291848506118961;5590;0
5600;141.43498031556138;5600;22.437208166753138;5600;128.202154606769;5600;0.47827089061333877;5600;0.10864589373455;5600;0
5610;141.49601733451337;5610;22.486037781914732;5610;128.2265694143498;5610;0.47803367856241175;5610;0.11291848506118961;5610;0
5620;141.49601733451337;5620;22.400585955381938;5620;128.2387768181402;5620;0.4777569311696635;5620;0.10834070863979003;5620;0
5630;141.56926175725576;5630;22.473830378124333;5630;128.2143620105594;5630;0.47759878980237874;5630;0.11291848506118961;5630;0
5640;141.63029877620775;5640;22.486037781914732;5640;128.141117587817;5640;0.47736157775145172;5640;0.10864589373455;5640;0
5650;141.54484694967496;5650;22.425000762962739;5650;128.11670278023621;5650;0.47704529501688231;5650;0.10986663411358989;5650;0
5660;141.45939512314217;5660;22.510452589495529;5660;128.141117587817;5660;0.47676854762413406;5660;0.11078218939786982;5660;0
5670;141.53263954588456;5670;22.486037781914732;5670;128.1777397991882;5670;0.47649180023138588;5670;0.11047700430310983;5670;0
5680;141.58146916104616;5680;22.461622974333935;5680;128.25098422193059;5680;0.47625458818045863;5680;0.11322367015594959;5680;0
5690;141.45939512314217;5690;22.425000762962739;5690;128.37305825983458;5690;0.47597784078771038;5690;0.10925626392406995;5690;0
5700;141.41056550798058;5700;22.473830378124333;5700;128.2143620105594;5700;0.47578016407860457;5700;0.11291848506118961;5700;0
5710;141.45939512314217;5710;22.608111819818721;5710;128.2143620105594;5710;0.4755824873694986;5710;0.10742515335551012;5710;0
5720;141.49601733451337;5720;22.522659993285927;5720;128.31202124088259;5720;0.47530573997675041;5720;0.11261329996642964;5720;0
5730;141.41056550798058;5730;22.437208166753138;5730;128.29981383709219;5730;0.474989457242181;5730;0.10864589373455;5730;0
5740;141.43498031556138;5740;22.510452589495529;5740;128.31202124088259;5740;0.47475224519125392;5740;0.11169774468214973;5740;0
5750;141.43498031556138;5750;22.510452589495529;5750;128.1777397991882;5750;0.47447549779850573;5750;0.10986663411358989;5750;0
5760;141.44718771935177;5760;22.315134128849149;5760;128.1777397991882;5760;0.47411967972211511;5760;0.10986663411358989;5760;0
5770;141.56926175725576;5770;22.290719321268345;5770;128.15332499160741;5770;0.47396153835483035;5770;0.11261329996642964;5770;0
5780;141.53263954588456;5780;22.363963744010743;5780;128.10449537644581;5780;0.47368479096208216;5780;0.10925626392406995;5780;0
5790;141.38615070039978;5790;22.400585955381938;5790;128.141117587817;5790;0.4733685082275127;5790;0.11261329996642964;5790;0
5800;141.43498031556138;5800;22.425000762962739;5800;128.2143620105594;5800;0.47309176083476451;5800;0.10864589373455;5800;0
5810;141.48380993072297;5810;22.461622974333935;5810;128.31202124088259;5810;0.47285454878383748;5810;0.11291848506118961;5810;0
5820;141.38615070039978;5820;22.449415570543536;5820;128.28760643330179;5820;0.47261733673291034;5820;0.10834070863979003;5820;0
5830;141.43498031556138;5830;22.473830378124333;5830;128.141117587817;5830;0.47238012468198332;5830;0.11291848506118961;5830;0
5840;141.52043214209417;5840;22.522659993285927;5840;128.202154606769;5840;0.47206384194741385;5840;0.10956144901882993;5840;0
5850;141.53263954588456;5850;22.425000762962739;5850;128.33643604846338;5850;0.47174755921284445;5850;0.11108737449262979;5850;0
5860;141.53263954588456;5860;22.376171147801141;5860;128.31202124088259;5860;0.47151034716191742;5860;0.11291848506118961;5860;0
5870;141.61809137241735;5870;22.522659993285927;5870;128.2143620105594;5870;0.47115452908552674;5870;0.11078218939786982;5870;0
5880;141.56926175725576;5880;22.449415570543536;5880;128.141117587817;5880;0.4709173170345996;5880;0.11291848506118961;5880;0
5890;141.43498031556138;5890;22.302926725058743;5890;128.10449537644581;5890;0.47071964032549374;5890;0.10925626392406995;5890;0
5900;141.48380993072297;5900;22.38837855159154;5900;128.11670278023621;5900;0.47044289293274555;5900;0.11352885525070955;5900;0
5910;141.49601733451337;5910;22.38837855159154;5910;128.25098422193059;5910;0.4701661455399973;5910;0.10834070863979003;5910;0
5920;141.59367656483656;5920;22.425000762962739;5920;128.27539902951139;5920;0.46992893348907028;5920;0.1120029297769097;5920;0
5930;141.61809137241735;5930;22.437208166753138;5930;128.29981383709219;5930;0.46965218609632192;5930;0.10864589373455;5930;0
5940;141.59367656483656;5940;22.38837855159154;5940;128.28760643330179;5940;0.46933590336175252;5940;0.1120029297769097;5940;0
5950;141.64250617999815;5950;22.339548936429946;5950;128.28760643330179;5950;0.46921729733628909;5950;0.11169774468214973;5950;0
5960;141.59367656483656;5960;22.339548936429946;5960;128.33643604846338;5960;0.46886147925989846;5960;0.11047700430310983;5960;0
5970;141.53263954588456;5970;22.363963744010743;5970;128.2387768181402;5970;0.46854519652532906;5970;0.11352885525070955;5970;0
5980;141.45939512314217;5980;22.351756340220344;5980;128.28760643330179;5980;0.46822891379075965;5980;0.11047700430310983;5980;0
5990;141.55705435346536;5990;22.425000762962739;5990;128.25098422193059;5990;0.46803123708165367;5990;0.11322367015594959;5990;0
6000;141.59367656483656;6000;22.473830378124333;6000;128.2143620105594;6000;0.46779402503072665;6000;0.10895107882930999;6000;0
6010;141.58146916104616;6010;22.534867397076326;6010;128.2387768181402;6010;0.46755681297979962;6010;0.11383404034546954;6010;0
6020;141.53263954588456;6020;22.473830378124333;6020;128.202154606769;6020;0.46728006558705137;6020;0.10925626392406995;6020;0
6030;141.59367656483656;6030;22.437208166753138;6030;128.28760643330179;6030;0.46700331819430307;6030;0.11261329996642964;6030;0
6040;141.52043214209417;6040;22.449415570543536;6040;128.25098422193059;6040;0.46672657080155483;6040;0.11047700430310983;6040;0
6050;141.43498031556138;6050;22.425000762962739;6050;128.141117587817;6050;0.466528894092449;6050;0.11139255958738976;6050;0
6060;141.56926175725576;6060;22.437208166753138;6060;128.2143620105594;6060;0.46633121738334316;6060;0.11322367015594959;6060;0
6070;141.47160252693257;6070;22.437208166753138;6070;128.33643604846338;6070;0.46605446999059474;6070;0.10925626392406995;6070;0
6080;141.48380993072297;6080;22.449415570543536;6080;128.33643604846338;6080;0.46585679328148888;6080;0.11261329996642964;6080;0
6090;141.64250617999815;6090;22.363963744010743;6090;128.25098422193059;6090;0.46558004588874063;6090;0.10834070863979003;6090;0
6100;141.58146916104616;6100;22.363963744010743;6100;128.28760643330179;6100;0.46538236917963471;6100;0.11322367015594959;6100;0
6110;141.47160252693257;6110;22.461622974333935;6110;128.25098422193059;6110;0.46510562178688647;6110;0.10956144901882993;6110;0
6120;141.55705435346536;6120;22.449415570543536;6120;128.28760643330179;6120;0.46482887439413828;6120;0.11383404034546954;6120;0
6130;141.64250617999815;6130;22.449415570543536;6130;128.29981383709219;6130;0.46455212700139004;6130;0.10986663411358989;6130;0
6140;141.65471358378855;6140;22.559282204657123;6140;128.2387768181402;6140;0.46419630892499947;6140;0.11108737449262979;6140;0
6150;141.61809137241735;6150;22.608111819818721;6150;128.202154606769;6150;0.46391956153225122;6150;0.11108737449262979;6150;0
6160;141.56926175725576;6160;22.437208166753138;6160;128.32422864467298;6160;0.46364281413950281;6160;0.10956144901882993;6160;0
6170;141.43498031556138;6170;22.302926725058743;6170;128.27539902951139;6170;0.46340560208857579;6170;0.11352885525070955;6170;0
6180;141.38615070039978;6180;22.278511917477946;6180;128.1899472029786;6180;0.4631683900376487;6180;0.10986663411358989;6180;0
6190;141.53263954588456;6190;22.363963744010743;6190;128.27539902951139;6190;0.463010248670364;6190;0.11383404034546954;6190;0
6200;141.56926175725576;6200;22.363963744010743;6200;128.15332499160741;6200;0.46277303661943692;6200;0.10864589373455;6200;0
6210;141.56926175725576;6210;22.278511917477946;6210;128.202154606769;6210;0.46245675388486751;6210;0.11291848506118961;6210;0
6220;141.61809137241735;6220;22.437208166753138;6220;128.27539902951139;6220;0.46218000649211932;6220;0.10925626392406995;6220;0
6230;141.67912839136935;6230;22.571489608447521;6230;128.25098422193059;6230;0.46186372375754986;6230;0.11261329996642964;6230;0
6240;141.61809137241735;6240;22.510452589495529;6240;128.27539902951139;6240;0.46158697636480167;6240;0.11169774468214973;6240;0
6250;141.48380993072297;6250;22.38837855159154;6250;128.1777397991882;6250;0.46134976431387453;6250;0.11108737449262979;6250;0
6260;141.48380993072297;6260;22.339548936429946;6260;128.11670278023621;6260;0.46111255226294751;6260;0.11322367015594959;6260;0
6270;141.49601733451337;6270;22.363963744010743;6270;128.2265694143498;6270;0.4607962695283781;6270;0.10925626392406995;6270;0
6280;141.52043214209417;6280;22.461622974333935;6280;128.25098422193059;6280;0.46051952213562986;6280;0.11352885525070955;6280;0
6290;141.53263954588456;6290;22.449415570543536;6290;128.2143620105594;6290;0.46020323940106045;6290;0.10925626392406995;6290;0
6300;141.53263954588456;6300;22.351756340220344;6300;128.1777397991882;6300;0.46004509803377569;6300;0.11352885525070955;6300;0
6310;141.47160252693257;6310;22.363963744010743;6310;128.1777397991882;6310;0.45980788598284866;6310;0.10895107882930999;6310;0
6320;141.53263954588456;6320;22.376171147801141;6320;128.33643604846338;6320;0.45949160324827926;6320;0.11322367015594959;6320;0
6330;141.59367656483656;6330;22.425000762962739;6330;128.32422864467298;6330;0.45917532051370985;6330;0.10895107882930999;6330;0
6340;141.49601733451337;6340;22.473830378124333;6340;128.202154606769;6340;0.45889857312096161;6340;0.11169774468214973;6340;0
6350;141.48380993072297;6350;22.510452589495529;6350;128.1777397991882;6350;0.45870089641185557;6350;0.11108737449262979;6350;0
6360;141.56926175725576;6360;22.437208166753138;6360;128.25098422193059;6360;0.45834507833546495;6360;0.11078218939786982;6360;0
6370;141.43498031556138;6370;22.351756340220344;6370;128.2387768181402;6370;0.45806833094271671;6370;0.11291848506118961;6370;0
6380;141.38615070039978;6380;22.449415570543536;6380;128.1777397991882;6380;0.45783111889178968;6380;0.10956144901882993;6380;0
6390;141.53263954588456;6390;22.510452589495529;6390;128.1777397991882;6390;0.45763344218268387;6390;0.11352885525070955;6390;0
6400;141.44718771935177;6400;22.437208166753138;6400;128.2265694143498;6400;0.45735669478993551;6400;0.10956144901882993;6400;0
6410;141.53263954588456;6410;22.425000762962739;6410;128.27539902951139;6410;0.45711948273900849;6410;0.11352885525070955;6410;0
6420;141.56926175725576;6420;22.351756340220344;6420;128.28760643330179;6420;0.45684273534626024;6420;0.10895107882930999;6420;0
6430;141.56926175725576;6430;22.302926725058743;6430;128.33643604846338;6430;0.45656598795351205;6430;0.11261329996642964;6430;0
6440;141.58146916104616;6440;22.363963744010743;6440;128.2265694143498;6440;0.45628924056076381;6440;0.10895107882930999;6440;0
6450;141.48380993072297;6450;22.376171147801141;6450;128.25098422193059;6450;0.45605202850983662;6450;0.11047700430310983;6450;0
6460;141.47160252693257;6460;22.339548936429946;6460;128.32422864467298;6460;0.45585435180073075;6460;0.11261329996642964;6460;0
6470;141.52043214209417;6470;22.339548936429946;6470;128.28760643330179;6470;0.45557760440798251;6470;0.10956144901882993;6470;0
6480;141.55705435346536;6480;22.351756340220344;6480;128.32422864467298;6480;0.45534039235705537;6480;0.11352885525070955;6480;0
6490;141.52043214209417;6490;22.278511917477946;6490;128.27539902951139;6490;0.45502410962248596;6490;0.10986663411358989;6490;0
6500;141.55705435346536;6500;22.302926725058743;6500;128.15332499160741;6500;0.45474736222973777;6500;0.1141392254402295;6500;0
6510;141.63029877620775;6510;22.363963744010743;6510;128.31202124088259;6510;0.45451015017881069;6510;0.10895107882930999;6510;0
6520;141.59367656483656;6520;22.376171147801141;6520;128.39747306741538;6520;0.45419386744424128;6520;0.11322367015594959;6520;0
6530;141.55705435346536;6530;22.351756340220344;6530;128.2265694143498;6530;0.45395665539331426;6530;0.10895107882930999;6530;0
6540;141.58146916104616;6540;22.302926725058743;6540;128.1899472029786;6540;0.45375897868420834;6540;0.11139255958738976;6540;0
6550;141.49601733451337;6550;22.363963744010743;6550;128.1777397991882;6550;0.45340316060781771;6550;0.1120029297769097;6550;0
6560;141.54484694967496;6560;22.400585955381938;6560;128.27539902951139;6560;0.45300780718960604;6560;0.11047700430310983;6560;0
6570;141.55705435346536;6570;22.400585955381938;6570;128.29981383709219;6570;0.4527705951386789;6570;0.11291848506118961;6570;0
6580;141.54484694967496;6580;22.363963744010743;6580;128.25098422193059;6580;0.45257291842957303;6580;0.10925626392406995;6580;0
6590;141.63029877620775;6590;22.363963744010743;6590;128.27539902951139;6590;0.452335706378646;6590;0.11383404034546954;6590;0
6600;141.47160252693257;6600;22.400585955381938;6600;128.2387768181402;6600;0.45209849432771887;6600;0.10925626392406995;6600;0
6610;141.47160252693257;6610;22.437208166753138;6610;128.2265694143498;6610;0.45182174693497063;6610;0.11383404034546954;6610;0
6620;141.37394329660938;6620;22.486037781914732;6620;128.27539902951139;6620;0.45154499954222244;6620;0.10925626392406995;6620;0
6630;141.41056550798058;6630;22.510452589495529;6630;128.2265694143498;6630;0.45122871680765303;6630;0.1120029297769097;6630;0
6640;141.64250617999815;6640;22.351756340220344;6640;128.2143620105594;6640;0.45099150475672578;6640;0.11078218939786982;6640;0
6650;141.55705435346536;6650;22.266304513687547;6650;128.2143620105594;6650;0.45071475736397754;6650;0.11108737449262979;6650;0
6660;141.41056550798058;6660;22.290719321268345;6660;128.1777397991882;6660;0.45055661599669289;6660;0.11352885525070955;6660;0
6670;141.54484694967496;6670;22.339548936429946;6670;128.29981383709219;6670;0.4502798686039447;6670;0.11108737449262979;6670;0
6680;141.70354319895014;6680;22.363963744010743;6680;128.27539902951139;6680;0.45000312121119646;6680;0.11444441053498948;6680;0
6690;141.61809137241735;6690;22.38837855159154;6690;128.202154606769;6690;0.44976590916026932;6690;0.10895107882930999;6690;0
6700;141.53263954588456;6700;22.363963744010743;6700;128.31202124088259;6700;0.44944962642569991;6700;0.11291848506118961;6700;0
6710;141.59367656483656;6710;22.302926725058743;6710;128.27539902951139;6710;0.44929148505841526;6710;0.10895107882930999;6710;0
6720;141.70354319895014;6720;22.486037781914732;6720;128.27539902951139;6720;0.44905427300748813;6720;0.11291848506118961;6720;0
6730;141.54484694967496;6730;22.486037781914732;6730;128.40968047120577;6730;0.44877752561473988;6730;0.11047700430310983;6730;0
6740;141.43498031556138;6740;22.363963744010743;6740;128.32422864467298;6740;0.44850077822199158;6740;0.11108737449262979;6740;0
6750;141.53263954588456;6750;22.425000762962739;6750;128.2387768181402;6750;0.44822403082924334;6750;0.1120029297769097;6750;0
6760;141.56926175725576;6760;22.315134128849149;6760;128.29981383709219;6760;0.44790774809467393;6760;0.11078218939786982;6760;0
6770;141.61809137241735;6770;22.24188970610675;6770;128.27539902951139;6770;0.447710071385568;6770;0.11352885525070955;6770;0
6780;141.61809137241735;6780;22.351756340220344;6780;128.2387768181402;6780;0.44739378865099855;6780;0.10956144901882993;6780;0
6790;141.56926175725576;6790;22.473830378124333;6790;128.202154606769;6790;0.44707750591642914;6790;0.11383404034546954;6790;0
6800;141.56926175725576;6800;22.425000762962739;6800;128.28760643330179;6800;0.44684029386550211;6800;0.10895107882930999;6800;0
6810;141.70354319895014;6810;22.351756340220344;6810;128.33643604846338;6810;0.44656354647275392;6810;0.11261329996642964;6810;0
6820;141.61809137241735;6820;22.400585955381938;6820;128.27539902951139;6820;0.44632633442182684;6820;0.10834070863979003;6820;0
6830;141.54484694967496;6830;22.400585955381938;6830;128.28760643330179;6830;0.4460891223708997;6830;0.11078218939786982;6830;0
6840;141.61809137241735;6840;22.449415570543536;6840;128.25098422193059;6840;0.44585191031997268;6840;0.11139255958738976;6840;0
6850;141.52043214209417;6850;22.400585955381938;6850;128.28760643330179;6850;0.44549609224358211;6850;0.11078218939786982;6850;0
6860;141.49601733451337;6860;22.38837855159154;6860;128.32422864467298;6860;0.44529841553447624;6860;0.11352885525070955;6860;0
6870;141.52043214209417;6870;22.376171147801141;6870;128.40968047120577;6870;0.445021668141728;6870;0.11047700430310983;6870;0
6880;141.59367656483656;6880;22.290719321268345;6880;128.34864345225378;6880;0.4447449207489797;6880;0.11444441053498948;6880;0
6890;141.58146916104616;6890;22.315134128849149;6890;128.33643604846338;6890;0.44454724403987383;6890;0.10986663411358989;6890;0
6900;141.58146916104616;6900;22.315134128849149;6900;128.43409527878657;6900;0.44427049664712565;6900;0.11352885525070955;6900;0
6910;141.56926175725576;6910;22.302926725058743;6910;128.50733970152896;6910;0.4439937492543774;6910;0.10864589373455;6910;0
6920;141.54484694967496;6920;22.376171147801141;6920;128.44630268257697;6920;0.44371700186162916;6920;0.1120029297769097;6920;0
6930;141.52043214209417;6930;22.38837855159154;6930;128.25098422193059;6930;0.44344025446888075;6930;0.11078218939786982;6930;0
6940;141.53263954588456;6940;22.363963744010743;6940;128.37305825983458;6940;0.44320304241795372;6940;0.11108737449262979;6940;0
6950;141.54484694967496;6950;22.437208166753138;6950;128.38526566362498;6950;0.44296583036702669;6950;0.1120029297769097;6950;0
6960;141.49601733451337;6960;22.363963744010743;6960;128.32422864467298;6960;0.44280768899974193;6960;0.10986663411358989;6960;0
6970;141.54484694967496;6970;22.254097109897149;6970;128.42188787499617;6970;0.44264954763245729;6970;0.11352885525070955;6970;0
6980;141.61809137241735;6980;22.24188970610675;6980;128.39747306741538;6980;0.44233326489788788;6980;0.10864589373455;6980;0
6990;141.67912839136935;6990;22.278511917477946;6990;128.44630268257697;6990;0.44201698216331847;6990;0.11291848506118961;6990;0
7000;141.58146916104616;7000;22.376171147801141;7000;128.38526566362498;7000;0.44174023477057012;7000;0.10895107882930999;7000;0
7010;141.55705435346536;7010;22.400585955381938;7010;128.31202124088259;7010;0.44146348737782193;7010;0.11322367015594959;7010;0
7020;141.59367656483656;7020;22.339548936429946;7020;128.34864345225378;7020;0.44118673998507368;7020;0.10925626392406995;7020;0
7030;141.63029877620775;7030;22.351756340220344;7030;128.37305825983458;7030;0.44090999259232544;7030;0.11047700430310983;7030;0
7040;141.58146916104616;7040;22.363963744010743;7040;128.31202124088259;7040;0.44071231588321963;7040;0.11108737449262979;7040;0
7050;141.55705435346536;7050;22.266304513687547;7050;128.2265694143498;7050;0.44039603314865017;7050;0.10925626392406995;7050;0
7060;141.61809137241735;7060;22.302926725058743;7060;128.1777397991882;7060;0.44011928575590187;7060;0.11261329996642964;7060;0
7070;141.55705435346536;7070;22.315134128849149;7070;128.2265694143498;7070;0.43988207370497484;7070;0.10925626392406995;7070;0
7080;141.56926175725576;7080;22.278511917477946;7080;128.31202124088259;7080;0.4396053263122266;7080;0.11383404034546954;7080;0
7090;141.67912839136935;7090;22.266304513687547;7090;128.25098422193059;7090;0.43936811426129957;7090;0.10986663411358989;7090;0
7100;141.64250617999815;7100;22.278511917477946;7100;128.34864345225378;7100;0.43909136686855132;7100;0.1141392254402295;7100;0
7110;141.54484694967496;7110;22.315134128849149;7110;128.50733970152896;7110;0.43877508413398192;7110;0.10956144901882993;7110;0
7120;141.55705435346536;7120;22.339548936429946;7120;128.47071749015777;7120;0.43845880139941235;7120;0.11169774468214973;7120;0
7130;141.53263954588456;7130;22.266304513687547;7130;128.34864345225378;7130;0.4383006600321277;7130;0.11108737449262979;7130;0
7140;141.52043214209417;7140;22.193060090945156;7140;128.34864345225378;7140;0.43806344798120056;7140;0.11047700430310983;7140;0
7150;141.55705435346536;7150;22.193060090945156;7150;128.34864345225378;7150;0.43778670058845232;7150;0.11261329996642964;7150;0
7160;141.64250617999815;7160;22.205267494735555;7160;128.38526566362498;7160;0.43754948853752529;7160;0.11047700430310983;7160;0
7170;141.64250617999815;7170;22.217474898525953;7170;128.33643604846338;7170;0.43735181182841942;7170;0.11444441053498948;7170;0
7180;141.55705435346536;7180;22.278511917477946;7180;128.31202124088259;7180;0.43711459977749229;7180;0.10895107882930999;7180;0
7190;141.48380993072297;7190;22.400585955381938;7190;128.38526566362498;7190;0.43675878170110172;7190;0.11322367015594959;7190;0
7200;141.43498031556138;7200;22.400585955381938;7200;128.43409527878657;7200;0.43644249896653231;7200;0.10864589373455;7200;0
7210;141.54484694967496;7210;22.437208166753138;7210;128.34864345225378;7210;0.43612621623196285;7210;0.11291848506118961;7210;0
7220;141.55705435346536;7220;22.425000762962739;7220;128.25098422193059;7220;0.43592853952285693;7220;0.11078218939786982;7220;0
7230;141.58146916104616;7230;22.351756340220344;7230;128.33643604846338;7230;0.43561225678828752;7230;0.11078218939786982;7230;0
7240;141.74016541032134;7240;22.217474898525953;7240;128.37305825983458;7240;0.4352564387118969;7240;0.11291848506118961;7240;0
7250;141.70354319895014;7250;22.180852687154758;7250;128.37305825983458;7250;0.43501922666096987;7250;0.11047700430310983;7250;0
7260;141.55705435346536;7260;22.376171147801141;7260;128.33643604846338;7260;0.43478201461004273;7260;0.11291848506118961;7260;0
7270;141.49601733451337;7270;22.302926725058743;7270;128.33643604846338;7270;0.43454480255911571;7270;0.10925626392406995;7270;0
7280;141.63029877620775;7280;22.180852687154758;7280;128.34864345225378;7280;0.43426805516636746;7280;0.11352885525070955;7280;0
7290;141.70354319895014;7290;22.205267494735555;7290;128.37305825983458;7290;0.43407037845726165;7290;0.10895107882930999;7290;0
7300;141.61809137241735;7300;22.217474898525953;7300;128.38526566362498;7300;0.43383316640633451;7300;0.11322367015594959;7300;0
7310;141.48380993072297;7310;22.254097109897149;7310;128.28760643330179;7310;0.43355641901358627;7310;0.10956144901882993;7310;0
7320;141.52043214209417;7320;22.302926725058743;7320;128.27539902951139;7320;0.43316106559537448;7320;0.11078218939786982;7320;0
7330;141.58146916104616;7330;22.205267494735555;7330;128.27539902951139;7330;0.43296338888626862;7330;0.11078218939786982;7330;0
7340;141.48380993072297;7340;22.156437879573961;7340;128.33643604846338;7340;0.43272617683534159;7340;0.10986663411358989;7340;0
7350;141.38615070039978;7350;22.315134128849149;7350;128.38526566362498;7350;0.43256803546805683;7350;0.11383404034546954;7350;0
7360;141.61809137241735;7360;22.363963744010743;7360;128.33643604846338;7360;0.43225175273348743;7360;0.11047700430310983;7360;0
7370;141.80120242927336;7370;22.302926725058743;7370;128.40968047120577;7370;0.43197500534073924;7370;0.11383404034546954;7370;0
7380;141.72795800653094;7380;22.363963744010743;7380;128.44630268257697;7380;0.43181686397345448;7380;0.10895107882930999;7380;0
7390;141.74016541032134;7390;22.363963744010743;7390;128.44630268257697;7390;0.43154011658070623;7390;0.11352885525070955;7390;0
7400;141.65471358378855;7400;22.339548936429946;7400;128.40968047120577;7400;0.431263369187958;7400;0.10956144901882993;7400;0
7410;141.61809137241735;7410;22.339548936429946;7410;128.32422864467298;7410;0.43094708645338858;7410;0.11169774468214973;7410;0
7420;141.58146916104616;7420;22.205267494735555;7420;128.40968047120577;7420;0.43074940974428255;7420;0.10986663411358989;7420;0
7430;141.58146916104616;7430;22.24188970610675;7430;128.34864345225378;7430;0.43051219769335553;7430;0.10986663411358989;7430;0
7440;141.65471358378855;7440;22.290719321268345;7440;128.25098422193059;7440;0.43019591495878612;7440;0.11261329996642964;7440;0
7450;141.67912839136935;7450;22.254097109897149;7450;128.32422864467298;7450;0.42991916756603787;7450;0.11047700430310983;7450;0
7460;141.72795800653094;7460;22.266304513687547;7460;128.33643604846338;7460;0.42968195551511085;7460;0.11383404034546954;7460;0
7470;141.64250617999815;7470;22.193060090945156;7470;128.39747306741538;7470;0.42932613743872022;7470;0.10956144901882993;7470;0
7480;141.72795800653094;7480;22.315134128849149;7480;128.42188787499617;7480;0.4290889253877932;7480;0.11383404034546954;7480;0
7490;141.74016541032134;7490;22.486037781914732;7490;128.40968047120577;7490;0.42885171333686606;7490;0.10864589373455;7490;0
7500;141.75237281411174;7500;22.363963744010743;7500;128.43409527878657;7500;0.42853543060229665;7500;0.11291848506118961;7500;0
7510;141.74016541032134;7510;22.376171147801141;7510;128.48292489394817;7510;0.42825868320954846;7510;0.11108737449262979;7510;0
7520;141.53263954588456;7520;22.400585955381938;7520;128.47071749015777;7520;0.42798193581680022;7520;0.11078218939786982;7520;0
7530;141.55705435346536;7530;22.24188970610675;7530;128.38526566362498;7530;0.42774472376587319;7530;0.1120029297769097;7530;0
7540;141.70354319895014;7540;22.266304513687547;7540;128.34864345225378;7540;0.42746797637312489;7540;0.11078218939786982;7540;0
7550;141.67912839136935;7550;22.38837855159154;7550;128.38526566362498;7550;0.42715169363855549;7550;0.11322367015594959;7550;0
7560;141.58146916104616;7560;22.461622974333935;7560;128.48292489394817;7560;0.4269144815876284;7560;0.10925626392406995;7560;0
7570;141.58146916104616;7570;22.437208166753138;7570;128.48292489394817;7570;0.4267563402203437;7570;0.1141392254402295;7570;0
7580;141.59367656483656;7580;22.400585955381938;7580;128.37305825983458;7580;0.42647959282759546;7580;0.10956144901882993;7580;0
7590;141.59367656483656;7590;22.315134128849149;7590;128.50733970152896;7590;0.42616331009302605;7590;0.1141392254402295;7590;0
7600;141.63029877620775;7600;22.193060090945156;7600;128.43409527878657;7600;0.425926098042099;7600;0.11047700430310983;7600;0
7610;141.71575060274054;7610;22.254097109897149;7610;128.29981383709219;7610;0.425728421332993;7610;0.11108737449262979;7610;0
7620;141.72795800653094;7620;22.339548936429946;7620;128.29981383709219;7620;0.42541213859842358;7620;0.11078218939786982;7620;0
7630;141.65471358378855;7630;22.351756340220344;7630;128.40968047120577;7630;0.42501678518021185;7630;0.11108737449262979;7630;0
7640;141.58146916104616;7640;22.351756340220344;7640;128.43409527878657;7640;0.42481910847110593;7640;0.11444441053498948;7640;0
7650;141.61809137241735;7650;22.290719321268345;7650;128.40968047120577;7650;0.42454236107835769;7650;0.11078218939786982;7650;0
7660;141.70354319895014;7660;22.302926725058743;7660;128.39747306741538;7660;0.424384219711073;7660;0.11383404034546954;7660;0
7670;141.64250617999815;7670;22.302926725058743;7670;128.47071749015777;7670;0.42410747231832474;7670;0.10956144901882993;7670;0
7680;141.63029877620775;7680;22.278511917477946;7680;128.43409527878657;7680;0.4238307249255765;7680;0.1141392254402295;7680;0
7690;141.66692098757895;7690;22.254097109897149;7690;128.40968047120577;7690;0.42355397753282825;7690;0.10956144901882993;7690;0
7700;141.63029877620775;7700;22.180852687154758;7700;128.39747306741538;7700;0.42319815945643752;7700;0.1120029297769097;7700;0
7710;141.53263954588456;7710;22.193060090945156;7710;128.32422864467298;7710;0.42292141206368933;7710;0.10986663411358989;7710;0
7720;141.49601733451337;7720;22.266304513687547;7720;128.42188787499617;7720;0.42264466467094108;7720;0.11108737449262979;7720;0
7730;141.61809137241735;7730;22.315134128849149;7730;128.40968047120577;7730;0.42244698796183516;7730;0.11383404034546954;7730;0
7740;141.70354319895014;7740;22.363963744010743;7740;128.39747306741538;7740;0.422170240569087;7740;0.11139255958738976;7740;0
7750;141.81340983306376;7750;22.315134128849149;7750;128.42188787499617;7750;0.42185395783451757;7750;0.11535996581926938;7750;0
7760;141.75237281411174;7760;22.254097109897149;7760;128.48292489394817;7760;0.42153767509994816;7760;0.11078218939786982;7760;0
7770;141.70354319895014;7770;22.119815668202765;7770;128.50733970152896;7770;0.4212213923653787;7770;0.11444441053498948;7770;0
7780;141.66692098757895;7780;22.08319345683157;7780;128.49513229773856;7780;0.42098418031445162;7780;0.10956144901882993;7780;0
7790;141.61809137241735;7790;22.119815668202765;7790;128.49513229773856;7790;0.42074696826352453;7790;0.11444441053498948;7790;0
7800;141.70354319895014;7800;22.156437879573961;7800;128.47071749015777;7800;0.42054929155441872;7800;0.11291848506118961;7800;0
7810;141.82561723685416;7810;22.266304513687547;7810;128.38526566362498;7810;0.42031207950349164;7810;0.11535996581926938;7810;0
7820;141.66692098757895;7820;22.278511917477946;7820;128.29981383709219;7820;0.42007486745256456;7820;0.11535996581926938;7820;0
7830;141.48380993072297;7830;22.266304513687547;7830;128.43409527878657;7830;0.41975858471799515;7830;0.0988799707022309;7830;0
7840;141.58146916104616;7840;22.302926725058743;7840;128.39747306741538;7840;0.41960044335071039;7840;0.078127384258552812;7840;0
7850;141.45939512314217;7850;22.193060090945156;7850;128.25098422193059;7850;0.41940276664160459;7850;0.064394054994354077;7850;0
7860;141.53263954588456;7860;22.180852687154758;7860;128.31202124088259;7860;0.4191655545906775;7860;0.057069612720114751;7860;0
7870;141.54484694967496;7870;22.156437879573961;7870;128.29981383709219;7870;0.41888880719792926;7870;0.03601184118167669;7870;0
7880;141.53263954588456;7880;22.119815668202765;7880;128.40968047120577;7880;0.418612059805181;7880;0.039063692129276406;7880;0
7890;141.56926175725576;7890;22.156437879573961;7890;128.47071749015777;7890;0.41825624172879045;7890;0.0424207281716361;7890;0
7900;141.55705435346536;7900;22.24188970610675;7900;128.38526566362498;7900;0.41793995899422087;7900;0.065004425183874018;7900;0
7910;141.59367656483656;7910;22.266304513687547;7910;128.37305825983458;7910;0.41778181762693617;7910;0.087893307290871914;7910;0
7920;141.48380993072297;7920;22.107608264412367;7920;128.29981383709219;7920;0.41742599955054555;7920;0.093691824091311382;7920;0
7930;141.48380993072297;7930;22.254097109897149;7930;128.25098422193059;7930;0.41710971681597614;7930;0.088198492385631891;7930;0
7940;141.48380993072297;7940;22.254097109897149;7940;128.34864345225378;7940;0.41679343408140673;7940;0.080568865016632588;7940;0
7950;141.61809137241735;7950;22.266304513687547;7950;128.39747306741538;7950;0.41663529271412203;7950;0.0933866389965514;7950;0
7960;141.61809137241735;7960;22.339548936429946;7960;128.33643604846338;7960;0.416398080663195;7960;0.095522934659871217;7960;0
7970;141.61809137241735;7970;22.156437879573961;7970;128.38526566362498;7970;0.4161213332704467;7970;0.0988799707022309;7970;0
7980;141.61809137241735;7980;22.119815668202765;7980;128.34864345225378;7980;0.41588412121951968;7980;0.092776268807031465;7980;0
7990;141.55705435346536;7990;22.205267494735555;7990;128.29981383709219;7990;0.41556783848495016;7990;0.098269600512710956;7990;0
8000;141.59367656483656;8000;22.254097109897149;8000;128.32422864467298;8000;0.41533062643402308;8000;0.09949034089175085;8000;0
8010;141.71575060274054;8010;22.254097109897149;8010;128.29981383709219;8010;0.41501434369945367;8010;0.10040589617603077;8010;0
8020;141.81340983306376;8020;22.24188970610675;8020;128.2143620105594;8020;0.4148166669903478;8020;0.1043733024079104;8020;0
8030;141.64250617999815;8030;22.290719321268345;8030;128.34864345225378;8030;0.41453991959759956;8030;0.1022370067445906;8030;0
8040;141.63029877620775;8040;22.351756340220344;8040;128.42188787499617;8040;0.41434224288849369;8040;0.10650959807123021;8040;0
8050;141.61809137241735;8050;22.266304513687547;8050;128.43409527878657;8050;0.41406549549574545;8050;0.1043733024079104;8050;0
8060;141.59367656483656;8060;22.156437879573961;8060;128.49513229773856;8060;0.41378874810299715;8060;0.11047700430310983;8060;0
8070;141.59367656483656;8070;22.156437879573961;8070;128.48292489394817;8070;0.41351200071024896;8070;0.10681478316599018;8070;0
8080;141.58146916104616;8080;22.217474898525953;8080;128.47071749015777;8080;0.41323525331750072;8080;0.11139255958738976;8080;0
8090;141.61809137241735;8090;22.205267494735555;8090;128.43409527878657;8090;0.413077111950216;8090;0.10834070863979003;8090;0
8100;141.66692098757895;8100;22.168645283364359;8100;128.48292489394817;8100;0.41276082921564661;8100;0.11047700430310983;8100;0
8110;141.66692098757895;8110;22.217474898525953;8110;128.51954710531939;8110;0.41252361716471952;8110;0.11322367015594959;8110;0
8120;141.74016541032134;8120;22.217474898525953;8120;128.51954710531939;8120;0.41220733443015012;8120;0.1120029297769097;8120;0
8130;141.72795800653094;8130;22.193060090945156;8130;128.49513229773856;8130;0.4120096577210442;8130;0.11383404034546954;8130;0
8140;141.63029877620775;8140;22.107608264412367;8140;128.48292489394817;8140;0.411732910328296;8140;0.10925626392406995;8140;0
8150;141.72795800653094;8150;22.08319345683157;8150;128.53175450910979;8150;0.41141662759372655;8150;0.11383404034546954;8150;0
8160;141.83782464064456;8160;22.156437879573961;8160;128.58058412427138;8160;0.41110034485915714;8160;0.10956144901882993;8160;0
8170;141.94769127475814;8170;22.254097109897149;8170;128.42188787499617;8170;0.41086313280823006;8170;0.11322367015594959;8170;0
8180;141.80120242927336;8180;22.156437879573961;8180;128.39747306741538;8180;0.41066545609912419;8180;0.10895107882930999;8180;0
8190;141.70354319895014;8190;22.119815668202765;8190;128.58058412427138;8190;0.41034917336455468;8190;0.1120029297769097;8190;0
8200;141.80120242927336;8200;22.278511917477946;8200;128.62941373943298;8200;0.41011196131362759;8200;0.11139255958738976;8200;0
8210;141.82561723685416;8210;22.351756340220344;8210;128.54396191290019;8210;0.40983521392087935;8210;0.10956144901882993;8210;0
8220;141.75237281411174;8220;22.315134128849149;8220;128.48292489394817;8220;0.40951893118630994;8220;0.11291848506118961;8220;0
8230;141.76458021790214;8230;22.217474898525953;8230;128.48292489394817;8230;0.40920264845174054;8230;0.10956144901882993;8230;0
8240;141.86223944822535;8240;22.339548936429946;8240;128.50733970152896;8240;0.40900497174263462;8240;0.11322367015594959;8240;0
8250;141.80120242927336;8250;22.302926725058743;8250;128.56837672048098;8250;0.40876775969170759;8250;0.10803552354503006;8250;0
8260;141.80120242927336;8260;22.266304513687547;8260;128.58058412427138;8260;0.40845147695713818;8260;0.1120029297769097;8260;0
8270;141.80120242927336;8270;22.290719321268345;8270;128.58058412427138;8270;0.4082142649062111;8270;0.10834070863979003;8270;0
8280;141.83782464064456;8280;22.302926725058743;8280;128.56837672048098;8280;0.40797705285528391;8280;0.11169774468214973;8280;0
8290;141.81340983306376;8290;22.278511917477946;8290;128.50733970152896;8290;0.40770030546253572;8290;0.10986663411358989;8290;0
8300;141.80120242927336;8300;22.168645283364359;8300;128.54396191290019;8300;0.40742355806978742;8300;0.10956144901882993;8300;0
8310;141.82561723685416;8310;22.193060090945156;8310;128.54396191290019;8310;0.40726541670250271;8310;0.11139255958738976;8310;0
8320;141.77678762169253;8320;22.38837855159154;8320;128.53175450910979;8320;0.40694913396793331;8320;0.10956144901882993;8320;0
8330;141.93548387096774;8330;22.376171147801141;8330;128.60499893185218;8330;0.40667238657518506;8330;0.11322367015594959;8330;0
8340;141.92327646717735;8340;22.180852687154758;8340;128.54396191290019;8340;0.40639563918243687;8340;0.10895107882930999;8340;0
8350;141.80120242927336;8350;22.168645283364359;8350;128.50733970152896;8350;0.40611889178968857;8350;0.11383404034546954;8350;0
8360;141.71575060274054;8360;22.24188970610675;8360;128.54396191290019;8360;0.40588167973876155;8360;0.10956144901882993;8360;0
8370;141.81340983306376;8370;22.254097109897149;8370;128.64162114322338;8370;0.40564446768783446;8370;0.11322367015594959;8370;0
8380;141.83782464064456;8380;22.278511917477946;8380;128.51954710531939;8380;0.40540725563690744;8380;0.10925626392406995;8380;0
8390;141.77678762169253;8390;22.254097109897149;8390;128.43409527878657;8390;0.40513050824415914;8390;0.11108737449262979;8390;0
8400;141.82561723685416;8400;22.168645283364359;8400;128.51954710531939;8400;0.40493283153505333;8400;0.1120029297769097;8400;0
8410;141.83782464064456;8410;22.278511917477946;8410;128.56837672048098;8410;0.40461654880048387;8410;0.10956144901882993;8410;0
8420;141.76458021790214;8420;22.278511917477946;8420;128.54396191290019;8420;0.40433980140773562;8420;0.11322367015594959;8420;0
8430;141.61809137241735;8430;22.205267494735555;8430;128.53175450910979;8430;0.40410258935680859;8430;0.10986663411358989;8430;0
8440;141.77678762169253;8440;22.254097109897149;8440;128.53175450910979;8440;0.40374677128041797;8440;0.11322367015594959;8440;0
8450;141.92327646717735;8450;22.205267494735555;8450;128.48292489394817;8450;0.40343048854584856;8450;0.10803552354503006;8450;0
8460;141.87444685201575;8460;22.156437879573961;8460;128.53175450910979;8460;0.403311882520385;8460;0.11322367015594959;8460;0
8470;141.77678762169253;8470;22.132023071993164;8470;128.53175450910979;8470;0.40303513512763667;8470;0.10956144901882993;8470;0
8480;141.75237281411174;8480;22.254097109897149;8480;128.49513229773856;8480;0.40271885239306726;8480;0.11169774468214973;8480;0
8490;141.76458021790214;8490;22.302926725058743;8490;128.58058412427138;8490;0.40248164034214018;8490;0.11108737449262979;8490;0
8500;141.76458021790214;8500;22.315134128849149;8500;128.61720633564258;8500;0.40220489294939193;8500;0.11108737449262979;8500;0
8510;141.81340983306376;8510;22.290719321268345;8510;128.54396191290019;8510;0.40204675158210723;8510;0.11291848506118961;8510;0
8520;141.89886165959655;8520;22.278511917477946;8520;128.47071749015777;8520;0.40173046884753782;8520;0.10925626392406995;8520;0
8530;141.92327646717735;8530;22.278511917477946;8530;128.44630268257697;8530;0.40149325679661074;8530;0.11291848506118961;8530;0
8540;141.83782464064456;8540;22.24188970610675;8540;128.48292489394817;8540;0.40121650940386255;8540;0.10864589373455;8540;0
8550;141.81340983306376;8550;22.205267494735555;8550;128.53175450910979;8550;0.40093976201111431;8550;0.11291848506118961;8550;0
8560;141.81340983306376;8560;22.107608264412367;8560;128.51954710531939;8560;0.400663014618366;8560;0.10803552354503006;8560;0
8570;141.81340983306376;8570;22.156437879573961;8570;128.50733970152896;8570;0.400425802567439;8570;0.1120029297769097;8570;0
8580;141.70354319895014;8580;22.132023071993164;8580;128.58058412427138;8580;0.4001885905165119;8580;0.10986663411358989;8580;0
8590;141.75237281411174;8590;22.168645283364359;8590;128.60499893185218;8590;0.39987230778194249;8590;0.11047700430310983;8590;0
8600;141.87444685201575;8600;22.180852687154758;8600;128.49513229773856;8600;0.39959556038919425;8600;0.11291848506118961;8600;0
8610;141.87444685201575;8610;22.156437879573961;8610;128.49513229773856;8610;0.39923974231280368;8610;0.10956144901882993;8610;0
8620;141.83782464064456;8620;22.168645283364359;8620;128.56837672048098;8620;0.399081600945519;8620;0.11169774468214973;8620;0
8630;141.81340983306376;8630;22.168645283364359;8630;128.60499893185218;8630;0.39880485355277073;8630;0.10834070863979003;8630;0
8640;141.82561723685416;8640;22.205267494735555;8640;128.62941373943298;8640;0.39836996479273779;8640;0.11352885525070955;8640;0
8650;141.87444685201575;8650;22.119815668202765;8650;128.62941373943298;8650;0.39817228808363192;8650;0.10834070863979003;8650;0
8660;141.92327646717735;8660;22.070986053041171;8660;128.66603595080417;8660;0.39801414671634722;8660;0.11108737449262979;8660;0
8670;141.80120242927336;8670;22.132023071993164;8670;128.51954710531939;8670;0.39765832863995648;8670;0.10742515335551012;8670;0
8680;141.77678762169253;8680;22.156437879573961;8680;128.49513229773856;8680;0.39738158124720824;8680;0.11047700430310983;8680;0
8690;141.77678762169253;8690;22.254097109897149;8690;128.50733970152896;8690;0.39718390453810232;8690;0.11108737449262979;8690;0
8700;141.87444685201575;8700;22.24188970610675;8700;128.54396191290019;8700;0.39686762180353291;8700;0.10895107882930999;8700;0
8710;141.87444685201575;8710;22.180852687154758;8710;128.61720633564258;8710;0.3966699450944271;8710;0.11139255958738976;8710;0
8720;141.87444685201575;8720;22.290719321268345;8720;128.59279152806178;8720;0.3963931977016788;8720;0.10864589373455;8720;0
8730;141.85003204443495;8730;22.266304513687547;8730;128.58058412427138;8730;0.3962350563343941;8730;0.11291848506118961;8730;0
8740;141.66692098757895;8740;22.180852687154758;8740;128.66603595080417;8740;0.39599784428346707;8740;0.10711996826075015;8740;0
8750;141.65471358378855;8750;22.132023071993164;8750;128.69045075838497;8750;0.39580016757436115;8750;0.11169774468214973;8750;0
8760;141.75237281411174;8760;22.095400860621968;8760;128.61720633564258;8760;0.39552342018161296;8760;0.10742515335551012;8760;0
8770;141.92327646717735;8770;22.132023071993164;8770;128.58058412427138;8770;0.39520713744704339;8770;0.10956144901882993;8770;0
8780;141.76458021790214;8780;22.217474898525953;8780;128.60499893185218;8780;0.39500946073793747;8780;0.10834070863979003;8780;0
8790;141.66692098757895;8790;22.132023071993164;8790;128.54396191290019;8790;0.39473271334518928;8790;0.10895107882930999;8790;0
8800;141.71575060274054;8800;22.168645283364359;8800;128.39747306741538;8800;0.39445596595244103;8800;0.11169774468214973;8800;0
8810;141.75237281411174;8810;22.205267494735555;8810;128.53175450910979;8810;0.39413968321787163;8810;0.10834070863979003;8810;0
8820;141.83782464064456;8820;22.193060090945156;8820;128.66603595080417;8820;0.39386293582512338;8820;0.1120029297769097;8820;0
8830;141.80120242927336;8830;22.254097109897149;8830;128.61720633564258;8830;0.3936257237741963;8830;0.10834070863979003;8830;0
8840;141.77678762169253;8840;22.193060090945156;8840;128.47071749015777;8840;0.39342804706509044;8840;0.11322367015594959;8840;0
8850;141.77678762169253;8850;22.107608264412367;8850;128.56837672048098;8850;0.39311176433052103;8850;0.10864589373455;8850;0
8860;141.82561723685416;8860;22.095400860621968;8860;128.69045075838497;8860;0.39283501693777279;8860;0.11169774468214973;8860;0
8870;141.82561723685416;8870;22.119815668202765;8870;128.60499893185218;8870;0.39251873420320338;8870;0.10834070863979003;8870;0
8880;141.86223944822535;8880;22.119815668202765;8880;128.66603595080417;8880;0.39224198681045508;8880;0.10925626392406995;8880;0
8890;141.98431348612934;8890;22.009949034089178;8890;128.59279152806178;8890;0.39204431010134921;8890;0.11139255958738976;8890;0
8900;141.89886165959655;8900;22.070986053041171;8900;128.58058412427138;8900;0.39172802736677981;8900;0.10864589373455;8900;0
8910;141.89886165959655;8910;22.24188970610675;8910;128.66603595080417;8910;0.39145127997403156;8910;0.11169774468214973;8910;0
8920;141.83782464064456;8920;22.193060090945156;8920;128.58058412427138;8920;0.39117453258128332;8920;0.10681478316599018;8920;0
8930;141.82561723685416;8930;22.193060090945156;8930;128.50733970152896;8930;0.39101639121399862;8930;0.11169774468214973;8930;0
8940;141.81340983306376;8940;22.266304513687547;8940;128.48292489394817;8940;0.39077917916307153;8940;0.10864589373455;8940;0
8950;141.82561723685416;8950;22.290719321268345;8950;128.51954710531939;8950;0.39054196711214451;8950;0.11169774468214973;8950;0
8960;141.83782464064456;8960;22.266304513687547;8960;128.58058412427138;8960;0.39026521971939615;8960;0.10742515335551012;8960;0
8970;141.82561723685416;8970;22.107608264412367;8970;128.61720633564258;8970;0.38994893698482674;8970;0.11078218939786982;8970;0
8980;141.83782464064456;8980;22.08319345683157;8980;128.48292489394817;8980;0.38971172493389966;8980;0.11047700430310983;8980;0
8990;141.92327646717735;8990;22.180852687154758;8990;128.47071749015777;8990;0.38943497754115142;8990;0.10834070863979003;8990;0
9000;141.75237281411174;9000;22.205267494735555;9000;128.58058412427138;9000;0.38923730083204555;9000;0.11139255958738976;9000;0
9010;141.72795800653094;9010;22.205267494735555;9010;128.60499893185218;9010;0.38888148275565493;9010;0.10925626392406995;9010;0
9020;141.91106906338695;9020;22.119815668202765;9020;128.62941373943298;9020;0.3886442707047279;9020;0.11261329996642964;9020;0
9030;141.82561723685416;9030;22.107608264412367;9030;128.64162114322338;9030;0.38828845262833728;9030;0.10650959807123021;9030;0
9040;141.77678762169253;9040;22.217474898525953;9040;128.66603595080417;9040;0.38809077591923141;9040;0.11139255958738976;9040;0
9050;141.72795800653094;9050;22.205267494735555;9050;128.56837672048098;9050;0.38777449318466195;9050;0.10742515335551012;9050;0
9060;141.72795800653094;9060;22.180852687154758;9060;128.58058412427138;9060;0.38749774579191371;9060;0.11078218939786982;9060;0
9070;141.67912839136935;9070;22.205267494735555;9070;128.56837672048098;9070;0.38730006908280779;9070;0.10864589373455;9070;0
9080;141.74016541032134;9080;22.156437879573961;9080;128.58058412427138;9080;0.38698378634823838;9080;0.10864589373455;9080;0
9090;141.85003204443495;9090;22.266304513687547;9090;128.56837672048098;9090;0.3867465742973113;9090;0.11139255958738976;9090;0
9100;141.85003204443495;9100;22.266304513687547;9100;128.58058412427138;9100;0.38639075622092073;9100;0.10895107882930999;9100;0
9110;141.77678762169253;9110;22.046571245460374;9110;128.64162114322338;9110;0.38611400882817248;9110;0.1120029297769097;9110;0
9120;141.76458021790214;9120;22.009949034089178;9120;128.67824335459457;9120;0.38591633211906662;9120;0.10681478316599018;9120;0
9130;141.80120242927336;9130;22.132023071993164;9130;128.70265816217537;9130;0.38567912006813954;9130;0.11261329996642964;9130;0
9140;141.72795800653094;9140;22.205267494735555;9140;128.66603595080417;9140;0.38540237267539135;9140;0.10834070863979003;9140;0
9150;141.82561723685416;9150;22.205267494735555;9150;128.56837672048098;9150;0.385125625282643;9150;0.11261329996642964;9150;0
9160;141.81340983306376;9160;22.107608264412367;9160;128.56837672048098;9160;0.3848488778898948;9160;0.10956144901882993;9160;0
9170;141.95989867854854;9170;22.107608264412367;9170;128.60499893185218;9170;0.38465120118078888;9170;0.10986663411358989;9170;0
9180;141.99652088991974;9180;22.119815668202765;9180;128.60499893185218;9180;0.38449305981350418;9180;0.11047700430310983;9180;0
9190;141.75237281411174;9190;22.095400860621968;9190;128.61720633564258;9190;0.38421631242075593;9190;0.10895107882930999;9190;0
9200;141.77678762169253;9200;22.254097109897149;9200;128.58058412427138;9200;0.38393956502800769;9200;0.11291848506118961;9200;0
9210;141.77678762169253;9210;22.266304513687547;9210;128.60499893185218;9210;0.38362328229343828;9210;0.10925626392406995;9210;0
9220;141.81340983306376;9220;22.193060090945156;9220;128.59279152806178;9220;0.38346514092615358;9220;0.11383404034546954;9220;0
9230;141.80120242927336;9230;22.266304513687547;9230;128.56837672048098;9230;0.38318839353340534;9230;0.10864589373455;9230;0
9240;141.87444685201575;9240;22.278511917477946;9240;128.69045075838497;9240;0.38287211079883593;9240;0.11352885525070955;9240;0
9250;141.93548387096774;9250;22.217474898525953;9250;128.76369518112736;9250;0.38263489874790874;9250;0.10956144901882993;9250;0
9260;141.75237281411174;9260;22.193060090945156;9260;128.61720633564258;9260;0.38243722203880287;9260;0.11169774468214973;9260;0
9270;141.75237281411174;9270;22.156437879573961;9270;128.50733970152896;9270;0.38216047464605463;9270;0.11108737449262979;9270;0
9280;141.82561723685416;9280;22.193060090945156;9280;128.62941373943298;9280;0.38184419191148522;9280;0.10925626392406995;9280;0
9290;141.77678762169253;9290;22.205267494735555;9290;128.70265816217537;9290;0.38160697986055814;9290;0.11078218939786982;9290;0
9300;141.80120242927336;9300;22.08319345683157;9300;128.81252479628895;9300;0.38125116178416751;9300;0.10681478316599018;9300;0
9310;141.83782464064456;9310;22.046571245460374;9310;128.76369518112736;9310;0.38101394973324049;9310;0.11108737449262979;9310;0
9320;141.72795800653094;9320;21.948912015137186;9320;128.67824335459457;9320;0.3807767376823134;9320;0.10620441297647024;9320;0
9330;141.67912839136935;9330;21.924497207556389;9330;128.64162114322338;9330;0.3806185963150287;9330;0.11139255958738976;9330;0
9340;141.70354319895014;9340;22.095400860621968;9340;128.62941373943298;9340;0.38034184892228046;9340;0.10742515335551012;9340;0
9350;141.85003204443495;9350;22.290719321268345;9350;128.70265816217537;9350;0.380025566187711;9350;0.1120029297769097;9350;0
9360;141.93548387096774;9360;22.217474898525953;9360;128.60499893185218;9360;0.37966974811132043;9360;0.10956144901882993;9360;0
9370;141.92327646717735;9370;22.034363841669975;9370;128.62941373943298;9370;0.379353465376751;9370;0.10925626392406995;9370;0
9380;141.91106906338695;9380;22.046571245460374;9380;128.69045075838497;9380;0.37923485935128742;9380;0.11169774468214973;9380;0
9390;141.81340983306376;9390;22.156437879573961;9390;128.67824335459457;9390;0.37895811195853923;9390;0.10925626392406995;9390;0
9400;141.93548387096774;9400;22.254097109897149;9400;128.62941373943298;9400;0.37864182922396977;9400;0.11261329996642964;9400;0
9410;141.93548387096774;9410;22.132023071993164;9410;128.62941373943298;9410;0.37836508183122158;9410;0.10711996826075015;9410;0
9420;141.81340983306376;9420;22.119815668202765;9420;128.76369518112736;9420;0.37808833443847334;9420;0.1120029297769097;9420;0
9430;141.66692098757895;9430;22.132023071993164;9430;128.81252479628895;9430;0.37785112238754626;9430;0.10803552354503006;9430;0
9440;141.77678762169253;9440;22.156437879573961;9440;128.70265816217537;9440;0.37757437499479796;9440;0.1120029297769097;9440;0
9450;141.83782464064456;9450;22.095400860621968;9450;128.56837672048098;9450;0.37729762760204971;9450;0.10803552354503006;9450;0
9460;141.83782464064456;9460;22.046571245460374;9460;128.51954710531939;9460;0.37706041555112269;9460;0.11047700430310983;9460;0
9470;141.85003204443495;9470;22.107608264412367;9470;128.58058412427138;9470;0.3768232035001956;9470;0.11108737449262979;9470;0
9480;141.87444685201575;9480;22.107608264412367;9480;128.66603595080417;9480;0.37638831474016265;9480;0.10895107882930999;9480;0
9490;141.91106906338695;9490;22.107608264412367;9490;128.62941373943298;9490;0.37623017337287795;9490;0.11169774468214973;9490;0
9500;141.81340983306376;9500;22.119815668202765;9500;128.72707296975616;9500;0.37599296132195087;9500;0.10681478316599018;9500;0
9510;141.82561723685416;9510;22.156437879573961;9510;128.80031739249856;9510;0.37575574927102384;9510;0.11108737449262979;9510;0
9520;141.74016541032134;9520;22.034363841669975;9520;128.69045075838497;9520;0.37547900187827554;9520;0.10589922788171027;9520;0
9530;141.74016541032134;9530;22.107608264412367;9530;128.64162114322338;9530;0.37516271914370608;9530;0.11108737449262979;9530;0
9540;141.80120242927336;9540;22.205267494735555;9540;128.67824335459457;9540;0.37484643640913667;9540;0.10681478316599018;9540;0
9550;141.83782464064456;9550;22.24188970610675;9550;128.73928037354656;9550;0.37456968901638849;9550;0.10986663411358989;9550;0
9560;141.85003204443495;9560;22.168645283364359;9560;128.71486556596577;9560;0.37429294162364019;9560;0.10834070863979003;9560;0
9570;141.82561723685416;9570;22.046571245460374;9570;128.76369518112736;9570;0.37397665888907078;9570;0.10895107882930999;9570;0
9580;141.82561723685416;9580;22.022156437879577;9580;128.64162114322338;9580;0.37369991149632253;9580;0.11078218939786982;9580;0
9590;141.87444685201575;9590;22.046571245460374;9590;128.61720633564258;9590;0.37342316410357435;9590;0.10956144901882993;9590;0
9600;141.91106906338695;9600;22.119815668202765;9600;128.71486556596577;9600;0.37322548739446842;9600;0.11352885525070955;9600;0
9610;141.85003204443495;9610;21.99774163029878;9610;128.67824335459457;9610;0.37302781068536256;9610;0.10864589373455;9610;0
9620;141.93548387096774;9620;22.046571245460374;9620;128.66603595080417;9620;0.37283013397625664;9620;0.1120029297769097;9620;0
9630;141.94769127475814;9630;22.193060090945156;9630;128.62941373943298;9630;0.37259292192532956;9630;0.10742515335551012;9630;0
9640;141.94769127475814;9640;22.180852687154758;9640;128.64162114322338;9640;0.37235570987440247;9640;0.11322367015594959;9640;0
9650;141.92327646717735;9650;22.119815668202765;9650;128.60499893185218;9650;0.37203942713983307;9650;0.10803552354503006;9650;0
9660;141.86223944822535;9660;22.034363841669975;9660;128.66603595080417;9660;0.37176267974708482;9660;0.11047700430310983;9660;0
9670;141.89886165959655;9670;22.034363841669975;9670;128.66603595080417;9670;0.37152546769615774;9670;0.10650959807123021;9670;0
9680;141.91106906338695;9680;22.095400860621968;9680;128.70265816217537;9680;0.37124872030340955;9680;0.10589922788171027;9680;0
9690;141.95989867854854;9690;22.08319345683157;9690;128.62941373943298;9690;0.37101150825248247;9690;0.10803552354503006;9690;0
9700;141.99652088991974;9700;22.08319345683157;9700;128.62941373943298;9700;0.370695225517913;9700;0.10467848750267038;9700;0
9710;141.83782464064456;9710;22.168645283364359;9710;128.62941373943298;9710;0.37041847812516482;9710;0.10986663411358989;9710;0
9720;141.76458021790214;9720;22.180852687154758;9720;128.59279152806178;9720;0.37010219539059525;9720;0.10650959807123021;9720;0
9730;141.86223944822535;9730;22.156437879573961;9730;128.54396191290019;9730;0.36994405402331054;9730;0.11291848506118961;9730;0
9740;141.77678762169253;9740;22.156437879573961;9740;128.42188787499617;9740;0.3696673066305623;9740;0.10681478316599018;9740;0
9750;141.83782464064456;9750;22.009949034089178;9750;128.53175450910979;9750;0.36939055923781411;9750;0.11108737449262979;9750;0
9760;141.83782464064456;9760;21.99774163029878;9760;128.56837672048098;9760;0.36911381184506581;9760;0.10864589373455;9760;0
9770;141.75237281411174;9770;22.132023071993164;9770;128.56837672048098;9770;0.36875799376867524;9770;0.10986663411358989;9770;0
9780;141.82561723685416;9780;22.107608264412367;9780;128.60499893185218;9780;0.368481246375927;9780;0.11078218939786982;9780;0
9790;141.76458021790214;9790;22.022156437879577;9790;128.66603595080417;9790;0.36820449898317875;9790;0.10864589373455;9790;0
9800;141.77678762169253;9800;22.046571245460374;9800;128.67824335459457;9800;0.36796728693225172;9800;0.11139255958738976;9800;0
9810;141.77678762169253;9810;22.08319345683157;9810;128.73928037354656;9810;0.36769053953950348;9810;0.10620441297647024;9810;0
9820;141.86223944822535;9820;22.095400860621968;9820;128.76369518112736;9820;0.36745332748857634;9820;0.10956144901882993;9820;0
9830;141.82561723685416;9830;22.070986053041171;9830;128.61720633564258;9830;0.36725565077947048;9830;0.10193182164983063;9830;0
9840;141.81340983306376;9840;22.034363841669975;9840;128.69045075838497;9840;0.36693936804490107;9840;0.10742515335551012;9840;0
9850;141.89886165959655;9850;22.046571245460374;9850;128.67824335459457;9850;0.366702155993974;9850;0.10406811731315044;9850;0
9860;141.93548387096774;9860;22.022156437879577;9860;128.70265816217537;9860;0.36638587325940458;9860;0.10803552354503006;9860;0
9870;142.00872829371013;9870;22.08319345683157;9870;128.69045075838497;9870;0.36610912586665634;9870;0.10895107882930999;9870;0
9880;141.92327646717735;9880;22.132023071993164;9880;128.69045075838497;9880;0.36583237847390809;9880;0.10742515335551012;9880;0
9890;141.77678762169253;9890;22.119815668202765;9890;128.71486556596577;9890;0.365595166422981;9890;0.10895107882930999;9890;0
9900;141.75237281411174;9900;22.156437879573961;9900;128.62941373943298;9900;0.36523934834659044;9900;0.10467848750267038;9900;0
9910;141.80120242927336;9910;22.217474898525953;9910;128.67824335459457;9910;0.3650021362956633;9910;0.10956144901882993;9910;0
9920;141.74016541032134;9920;22.168645283364359;9920;128.66603595080417;9920;0.36472538890291506;9920;0.10406811731315044;9920;0
9930;141.81340983306376;9930;22.168645283364359;9930;128.71486556596577;9930;0.36440910616834565;9930;0.10925626392406995;9930;0
9940;141.87444685201575;9940;22.168645283364359;9940;128.60499893185218;9940;0.36417189411741857;9940;0.10406811731315044;9940;0
9950;141.86223944822535;9950;22.132023071993164;9950;128.50733970152896;9950;0.36389514672467033;9950;0.10895107882930999;9950;0
9960;141.80120242927336;9960;22.119815668202765;9960;128.64162114322338;9960;0.36369747001556446;9960;0.10620441297647024;9960;0
9970;141.81340983306376;9970;22.095400860621968;9970;128.72707296975616;9970;0.36342072262281622;9970;0.10711996826075015;9970;0
9980;141.83782464064456;9980;22.119815668202765;9980;128.67824335459457;9980;0.36318351057188913;9980;0.10956144901882993;9980;0
9990;141.82561723685416;9990;22.009949034089178;9990;128.69045075838497;9990;0.36290676317914095;9990;0.10650959807123021;9990;0
10000;141.81340983306376;10000;21.936704611346787;10000;128.69045075838497;10000;0.3626300157863927;10000;0.10895107882930999;10000;0
10010;141.76458021790214;10010;22.034363841669975;10010;128.62941373943298;10010;0.36235326839364435;10010;0.10254219183935057;10010;0
10020;141.86223944822535;10020;22.107608264412367;10020;128.72707296975616;10020;0.36211605634271732;10020;0.10895107882930999;10020;0
10030;141.82561723685416;10030;22.119815668202765;10030;128.71486556596577;10030;0.3619183796336114;10030;0.10284737693411054;10030;0
10040;141.86223944822535;10040;22.095400860621968;10040;128.61720633564258;10040;0.36164163224086315;10040;0.10925626392406995;10040;0
10050;141.89886165959655;10050;22.046571245460374;10050;128.58058412427138;10050;0.36136488484811491;10050;0.10528885769219032;10050;0
10060;141.76458021790214;10060;22.132023071993164;10060;128.60499893185218;10060;0.36112767279718788;10060;0.10742515335551012;10060;0
10070;141.75237281411174;10070;22.168645283364359;10070;128.50733970152896;10070;0.3608904607462608;10070;0.10711996826075015;10070;0
10080;141.80120242927336;10080;22.132023071993164;10080;128.53175450910979;10080;0.36061371335351255;10080;0.10589922788171027;10080;0
10090;141.91106906338695;10090;22.034363841669975;10090;128.56837672048098;10090;0.36045557198622785;10090;0.10864589373455;10090;0
10100;141.82561723685416;10100;21.948912015137186;10100;128.62941373943298;10100;0.36017882459347955;10100;0.10345774712363048;10100;0
10110;141.75237281411174;10110;22.08319345683157;10110;128.78810998870816;10110;0.35990207720073131;10110;0.10895107882930999;10110;0
10120;141.74016541032134;10120;22.119815668202765;10120;128.62941373943298;10120;0.35966486514980422;10120;0.1022370067445906;10120;0
10130;141.93548387096774;10130;22.107608264412367;10130;128.60499893185218;10130;0.3594276530988772;10130;0.10895107882930999;10130;0
10140;141.98431348612934;10140;22.119815668202765;10140;128.59279152806178;10140;0.3591509057061289;10140;0.10345774712363048;10140;0
10150;141.80120242927336;10150;22.095400860621968;10150;128.56837672048098;10150;0.35891369365520187;10150;0.10681478316599018;10150;0
10160;141.76458021790214;10160;22.095400860621968;10160;128.56837672048098;10160;0.35867648160427479;10160;0.10528885769219032;10160;0
10170;141.76458021790214;10170;22.180852687154758;10170;128.66603595080417;10170;0.35839973421152654;10170;0.10650959807123021;10170;0
10180;141.81340983306376;10180;22.156437879573961;10180;128.66603595080417;10180;0.35816252216059952;10180;0.10895107882930999;10180;0
10190;141.81340983306376;10190;22.022156437879577;10190;128.62941373943298;10190;0.35788577476785127;10190;0.10467848750267038;10190;0
10200;141.87444685201575;10200;22.119815668202765;10200;128.77590258491776;10200;0.35760902737510303;10200;0.10956144901882993;10200;0
10210;141.75237281411174;10210;22.168645283364359;10210;128.80031739249856;10210;0.35733227998235473;10210;0.1022370067445906;10210;0
10220;141.82561723685416;10220;22.156437879573961;10220;128.80031739249856;10220;0.35717413861507;10220;0.10834070863979003;10220;0
10230;141.86223944822535;10230;22.132023071993164;10230;128.69045075838497;10230;0.35685785588050062;10230;0.10162663655507066;10230;0
10240;141.94769127475814;10240;22.156437879573961;10240;128.54396191290019;10240;0.35642296712046767;10240;0.10711996826075015;10240;0
10250;142.00872829371013;10250;22.034363841669975;10250;128.51954710531939;10250;0.35614621972771943;10250;0.10284737693411054;10250;0
10260;141.91106906338695;10260;21.875667592394787;10260;128.67824335459457;10260;0.35598807836043472;10260;0.1043733024079104;10260;0
10270;141.92327646717735;10270;21.985534226508381;10270;128.70265816217537;10270;0.35575086630950764;10270;0.10620441297647024;10270;0
10280;141.83782464064456;10280;22.009949034089178;10280;128.61720633564258;10280;0.35543458357493823;10280;0.10345774712363048;10280;0
10290;141.77678762169253;10290;22.095400860621968;10290;128.58058412427138;10290;0.35523690686583231;10290;0.10711996826075015;10290;0
10300;141.83782464064456;10300;22.132023071993164;10300;128.56837672048098;10300;0.35496015947308407;10300;0.10101626636555072;10300;0
10310;141.91106906338695;10310;22.046571245460374;10310;128.62941373943298;10310;0.35468341208033577;10310;0.10620441297647024;10310;0
10320;141.76458021790214;10320;22.070986053041171;10320;128.60499893185218;10320;0.35440666468758758;10320;0.097659230323191015;10320;0
10330;141.76458021790214;10330;22.119815668202765;10330;128.56837672048098;10330;0.35416945263666055;10330;0.10498367259743034;10330;0
10340;141.83782464064456;10340;22.132023071993164;10340;128.54396191290019;10340;0.35397177592755463;10340;0.10040589617603077;10340;0
10350;141.89886165959655;10350;22.022156437879577;10350;128.61720633564258;10350;0.35365549319298523;10350;0.1043733024079104;10350;0
10360;141.95989867854854;10360;22.022156437879577;10360;128.62941373943298;10360;0.35345781648387931;10360;0.10406811731315044;10360;0
10370;141.94769127475814;10370;22.095400860621968;10370;128.66603595080417;10370;0.35326013977477344;10370;0.10284737693411054;10370;0
10380;141.93548387096774;10380;22.156437879573961;10380;128.69045075838497;10380;0.3529833923820252;10380;0.10528885769219032;10380;0
10390;141.80120242927336;10390;22.156437879573961;10390;128.66603595080417;10390;0.35266710964745579;10390;0.09949034089175085;10390;0
10400;141.85003204443495;10400;22.205267494735555;10400;128.69045075838497;10400;0.35250896828017109;10400;0.10498367259743034;10400;0
10410;141.80120242927336;10410;22.180852687154758;10410;128.62941373943298;10410;0.35223222088742279;10410;0.096743675038911112;10410;0
10420;141.87444685201575;10420;22.095400860621968;10420;128.62941373943298;10420;0.35191593815285332;10420;0.10406811731315044;10420;0
10430;141.86223944822535;10430;22.070986053041171;10430;128.72707296975616;10430;0.35163919076010514;10430;0.097659230323191015;10430;0
10440;141.80120242927336;10440;21.985534226508381;10440;128.83693960386975;10440;0.35132290802553573;10440;0.10406811731315044;10440;0
10450;141.83782464064456;10450;21.985534226508381;10450;128.59279152806178;10450;0.35112523131642981;10450;0.10162663655507066;10450;0
10460;141.75237281411174;10460;22.009949034089178;10460;128.60499893185218;10460;0.35076941324003924;10460;0.1022370067445906;10460;0
10470;141.83782464064456;10470;22.070986053041171;10470;128.77590258491776;10470;0.35053220118911216;10470;0.10254219183935057;10470;0
10480;141.80120242927336;10480;22.009949034089178;10480;128.61720633564258;10480;0.35033452448000629;10480;0.097659230323191015;10480;0
10490;141.87444685201575;10490;22.070986053041171;10490;128.60499893185218;10490;0.35005777708725805;10490;0.10345774712363048;10490;0
10500;141.77678762169253;10500;22.095400860621968;10500;128.66603595080417;10500;0.349860100378152;10500;0.095522934659871217;10500;0
10510;141.77678762169253;10510;22.08319345683157;10510;128.78810998870816;10510;0.349622888327225;10510;0.10284737693411054;10510;0
10520;141.83782464064456;10520;22.070986053041171;10520;128.71486556596577;10520;0.34942521161811907;10520;0.095522934659871217;10520;0
10530;141.77678762169253;10530;21.985534226508381;10530;128.64162114322338;10530;0.34914846422537088;10530;0.10345774712363048;10530;0
10540;141.81340983306376;10540;21.99774163029878;10540;128.67824335459457;10540;0.34887171683262258;10540;0.098269600512710956;10540;0
10550;141.75237281411174;10550;22.022156437879577;10550;128.80031739249856;10550;0.34863450478169555;10550;0.10040589617603077;10550;0
10560;141.81340983306376;10560;22.034363841669975;10560;128.80031739249856;10560;0.34839729273076847;10560;0.099795525986510827;10560;0
10570;141.70354319895014;10570;22.034363841669975;10570;128.67824335459457;10570;0.34808100999619906;10570;0.097048860133671075;10570;0
10580;141.75237281411174;10580;22.022156437879577;10580;128.72707296975616;10580;0.34792286862891436;10580;0.10254219183935057;10580;0
10590;141.89886165959655;10590;21.924497207556389;10590;128.71486556596577;10590;0.34764612123616612;10590;0.09582811975463118;10590;0
10600;141.98431348612934;10600;21.985534226508381;10600;128.70265816217537;10600;0.34732983850159665;10600;0.10345774712363048;10600;0
10610;141.93548387096774;10610;21.948912015137186;10610;128.62941373943298;10610;0.34709262645066957;10610;0.094302194280831336;10610;0
10620;141.98431348612934;10620;21.948912015137186;10620;128.67824335459457;10620;0.34689494974156371;10620;0.10162663655507066;10620;0
10630;141.86223944822535;10630;22.107608264412367;10630;128.53175450910979;10630;0.34665773769063662;10630;0.094302194280831336;10630;0
10640;141.76458021790214;10640;22.009949034089178;10640;128.60499893185218;10640;0.34630191961424606;10640;0.099795525986510827;10640;0
10650;141.83782464064456;10650;22.009949034089178;10650;128.77590258491776;10650;0.34602517222149781;10650;0.099185155796990887;10650;0
10660;141.85003204443495;10660;22.046571245460374;10660;128.73928037354656;10660;0.34574842482874957;10660;0.098269600512710956;10660;0
10670;141.87444685201575;10670;21.948912015137186;10670;128.78810998870816;10670;0.3455507481196437;10670;0.10101626636555072;10670;0
10680;141.89886165959655;10680;21.936704611346787;10680;128.70265816217537;10680;0.3452344653850743;10680;0.09582811975463118;10680;0
10690;141.93548387096774;10690;22.022156437879577;10690;128.67824335459457;10690;0.344957717992326;10690;0.10345774712363048;10690;0
10700;141.77678762169253;10700;22.070986053041171;10700;128.69045075838497;10700;0.34468097059957775;10700;0.093691824091311382;10700;0
10710;141.81340983306376;10710;22.08319345683157;10710;128.71486556596577;10710;0.34440422320682945;10710;0.10254219183935057;10710;0
10720;141.87444685201575;10720;22.034363841669975;10720;128.64162114322338;10720;0.34412747581408126;10720;0.0946073793755913;10720;0
10730;141.87444685201575;10730;22.095400860621968;10730;128.67824335459457;10730;0.343850728421333;10730;0.10193182164983063;10730;0
10740;142.00872829371013;10740;22.022156437879577;10740;128.66603595080417;10740;0.34361351637040594;10740;0.097048860133671075;10740;0
10750;141.93548387096774;10750;21.936704611346787;10750;128.60499893185218;10750;0.34333676897765769;10750;0.099185155796990887;10750;0
10760;141.89886165959655;10760;21.985534226508381;10760;128.58058412427138;10760;0.343178627610373;10760;0.10040589617603077;10760;0
10770;141.83782464064456;10770;22.034363841669975;10770;128.67824335459457;10770;0.3429018802176248;10770;0.095522934659871217;10770;0
10780;141.83782464064456;10780;22.119815668202765;10780;128.73928037354656;10780;0.342506526799413;10780;0.10193182164983063;10780;0
10790;141.75237281411174;10790;21.99774163029878;10790;128.51954710531939;10790;0.3421902440648435;10790;0.0933866389965514;10790;0
10800;141.77678762169253;10800;21.961119418927584;10800;128.51954710531939;10800;0.3420716380393799;10800;0.10284737693411054;10800;0
10810;141.85003204443495;10810;21.99774163029878;10810;128.64162114322338;10810;0.34179489064663171;10810;0.093081453901791442;10810;0
10820;141.91106906338695;10820;22.034363841669975;10820;128.72707296975616;10820;0.34151814325388347;10820;0.10193182164983063;10820;0
10830;141.99652088991974;10830;21.985534226508381;10830;128.67824335459457;10830;0.34128093120295638;10830;0.096743675038911112;10830;0
10840;141.83782464064456;10840;21.912289803765983;10840;128.62941373943298;10840;0.34100418381020814;10840;0.10132145146031069;10840;0
10850;141.75237281411174;10850;21.900082399975584;10850;128.60499893185218;10850;0.34072743641745995;10850;0.099795525986510827;10850;0
10860;141.77678762169253;10860;21.875667592394787;10860;128.64162114322338;10860;0.34041115368289049;10860;0.096743675038911112;10860;0
10870;141.91106906338695;10870;21.900082399975584;10870;128.69045075838497;10870;0.34025301231560579;10870;0.10132145146031069;10870;0
10880;141.80120242927336;10880;21.936704611346787;10880;128.69045075838497;10880;0.33997626492285754;10880;0.0924710837122715;10880;0
10890;141.86223944822535;10890;22.119815668202765;10890;128.69045075838497;10890;0.33965998218828808;10890;0.10162663655507066;10890;0
10900;141.99652088991974;10900;22.070986053041171;10900;128.58058412427138;10900;0.33938323479553983;10900;0.092165898617511524;10900;0
10910;141.86223944822535;10910;21.912289803765983;10910;128.67824335459457;10910;0.33910648740279159;10910;0.10254219183935057;10910;0
10920;141.77678762169253;10920;21.900082399975584;10920;128.69045075838497;10920;0.33886927535186456;10920;0.0933866389965514;10920;0
10930;141.81340983306376;10930;21.912289803765983;10930;128.67824335459457;10930;0.33859252795911626;10930;0.09949034089175085;10930;0
10940;141.82561723685416;10940;21.900082399975584;10940;128.70265816217537;10940;0.33843438659183156;10940;0.097048860133671075;10940;0
10950;141.65471358378855;10950;21.948912015137186;10950;128.69045075838497;10950;0.33819717454090453;10950;0.09521774956511124;10950;0
10960;141.71575060274054;10960;22.095400860621968;10960;128.62941373943298;10960;0.33795996248997745;10960;0.098269600512710956;10960;0
10970;141.80120242927336;10970;22.034363841669975;10970;128.53175450910979;10970;0.33764367975540804;10970;0.090639973143711666;10970;0
10980;141.94769127475814;10980;21.99774163029878;10980;128.66603595080417;10980;0.33744600304630212;10980;0.10010071108127079;10980;0
10990;141.85003204443495;10990;22.009949034089178;10990;128.69045075838497;10990;0.33712972031173266;10990;0.0891140476699118;10990;0
11000;141.74016541032134;11000;22.034363841669975;11000;128.60499893185218;11000;0.33677390223534209;11000;0.10010071108127079;11000;0
11010;141.75237281411174;11010;21.985534226508381;11010;128.61720633564258;11010;0.33649715484259385;11010;0.092165898617511524;11010;0
11020;141.77678762169253;11020;21.900082399975584;11020;128.82473220007935;11020;0.33625994279166682;11020;0.10162663655507066;11020;0
11030;141.83782464064456;11030;21.839045381023592;11030;128.77590258491776;11030;0.33610180142438206;11030;0.098269600512710956;11030;0
11040;141.74016541032134;11040;21.826837977233193;11040;128.73928037354656;11040;0.33578551868981266;11040;0.0988799707022309;11040;0
11050;141.83782464064456;11050;21.961119418927584;11050;128.78810998870816;11050;0.33558784198070679;11050;0.1022370067445906;11050;0
11060;141.75237281411174;11060;21.985534226508381;11060;128.70265816217537;11060;0.33531109458795855;11060;0.097964415417950992;11060;0
11070;141.76458021790214;11070;21.99774163029878;11070;128.62941373943298;11070;0.33515295322067379;11070;0.10589922788171027;11070;0
11080;141.81340983306376;11080;22.009949034089178;11080;128.56837672048098;11080;0.33483667048610438;11080;0.09582811975463118;11080;0
11090;141.86223944822535;11090;21.99774163029878;11090;128.67824335459457;11090;0.33455992309335614;11090;0.10681478316599018;11090;0
11100;141.83782464064456;11100;22.022156437879577;11100;128.71486556596577;11100;0.33428317570060784;11100;0.097048860133671075;11100;0
11110;141.77678762169253;11110;21.985534226508381;11110;128.81252479628895;11110;0.33400642830785965;11110;0.10711996826075015;11110;0
11120;141.76458021790214;11120;22.08319345683157;11120;128.80031739249856;11120;0.33376921625693262;11120;0.10101626636555072;11120;0
11130;141.76458021790214;11130;22.095400860621968;11130;128.77590258491776;11130;0.33349246886418432;11130;0.1043733024079104;11130;0
11140;141.82561723685416;11140;21.948912015137186;11140;128.66603595080417;11140;0.33317618612961492;11140;0.10498367259743034;11140;0
11150;141.87444685201575;11150;21.839045381023592;11150;128.69045075838497;11150;0.33282036805322429;11150;0.1022370067445906;11150;0
11160;141.94769127475814;11160;21.912289803765983;11160;128.80031739249856;11160;0.33258315600229726;11160;0.10864589373455;11160;0
11170;141.83782464064456;11170;21.948912015137186;11170;128.78810998870816;11170;0.332306408609549;11170;0.10010071108127079;11170;0
11180;141.76458021790214;11180;21.948912015137186;11180;128.77590258491776;11180;0.3321087319004431;11180;0.11047700430310983;11180;0
11190;141.75237281411174;11190;21.936704611346787;11190;128.73928037354656;11190;0.331871519849516;11190;0.09949034089175085;11190;0
11200;141.85003204443495;11200;21.912289803765983;11200;128.64162114322338;11200;0.33159477245676777;11200;0.11078218939786982;11200;0
11210;141.86223944822535;11210;21.961119418927584;11210;128.62941373943298;11210;0.33131802506401953;11210;0.10284737693411054;11210;0
11220;141.83782464064456;11220;21.900082399975584;11220;128.76369518112736;11220;0.33100174232945012;11220;0.10895107882930999;11220;0
11230;141.76458021790214;11230;21.875667592394787;11230;128.69045075838497;11230;0.33080406562034426;11230;0.10711996826075015;11230;0
11240;141.66692098757895;11240;21.912289803765983;11240;128.76369518112736;11240;0.33056685356941717;11240;0.10620441297647024;11240;0
11250;141.82561723685416;11250;21.875667592394787;11250;128.76369518112736;11250;0.33040871220213247;11250;0.11078218939786982;11250;0
11260;141.87444685201575;11260;21.900082399975584;11260;128.62941373943298;11260;0.33001335878392069;11260;0.10376293221839045;11260;0
11270;141.87444685201575;11270;21.900082399975584;11270;128.80031739249856;11270;0.32981568207481482;11270;0.11291848506118961;11270;0
11280;141.81340983306376;11280;21.826837977233193;11280;128.88576921903135;11280;0.32957847002388763;11280;0.10284737693411054;11280;0
11290;141.81340983306376;11290;21.826837977233193;11290;128.82473220007935;11290;0.32930172263113938;11290;0.11444441053498948;11290;0
11300;141.93548387096774;11300;21.875667592394787;11300;128.76369518112736;11300;0.32898543989657;11300;0.10467848750267038;11300;0
11310;142.04535050508133;11310;21.99774163029878;11310;128.71486556596577;11310;0.32874822784564295;11310;0.11169774468214973;11310;0
11320;141.92327646717735;11320;21.961119418927584;11320;128.64162114322338;11320;0.32862962182017935;11320;0.10711996826075015;11320;0
11330;141.81340983306376;11330;21.814630573442788;11330;128.76369518112736;11330;0.32831333908560995;11330;0.10986663411358989;11330;0
11340;141.85003204443495;11340;21.839045381023592;11340;128.82473220007935;11340;0.3280365916928617;11340;0.11169774468214973;11340;0
11350;141.74016541032134;11350;21.900082399975584;11350;128.73928037354656;11350;0.32772030895829229;11350;0.10681478316599018;11350;0
11360;141.80120242927336;11360;21.863460188604389;11360;128.69045075838497;11360;0.32748309690736521;11360;0.11505478072450942;11360;0
11370;141.87444685201575;11370;21.839045381023592;11370;128.66603595080417;11370;0.327206349514617;11370;0.10467848750267038;11370;0
11380;141.86223944822535;11380;21.875667592394787;11380;128.91018402661214;11380;0.32692960212186872;11380;0.11566515091402937;11380;0
11390;141.82561723685416;11390;21.826837977233193;11390;128.89797662282174;11390;0.32661331938729932;11390;0.10589922788171027;11390;0
11400;141.83782464064456;11400;21.839045381023592;11400;128.66603595080417;11400;0.32637610733637223;11400;0.11566515091402937;11400;0
11410;141.85003204443495;11410;21.900082399975584;11410;128.62941373943298;11410;0.32613889528544515;11410;0.10834070863979003;11410;0
11420;141.92327646717735;11420;21.900082399975584;11420;128.78810998870816;11420;0.32586214789269691;11420;0.11139255958738976;11420;0
11430;141.91106906338695;11430;21.99774163029878;11430;128.83693960386975;11430;0.32574354186723342;11430;0.11169774468214973;11430;0
11440;141.83782464064456;11440;21.985534226508381;11440;128.73928037354656;11440;0.32550632981630634;11440;0.11047700430310983;11440;0
11450;141.87444685201575;11450;21.875667592394787;11450;128.66603595080417;11450;0.32526911776537931;11450;0.11627552110354931;11450;0
11460;141.74016541032134;11460;21.85125278481399;11460;128.69045075838497;11460;0.32495283503080985;11460;0.10803552354503006;11460;0
11470;141.76458021790214;11470;21.924497207556389;11470;128.92239143040254;11470;0.32479469366352515;11470;0.11627552110354931;11470;0
11480;141.65471358378855;11480;21.961119418927584;11480;128.88576921903135;11480;0.32451794627077685;11480;0.10498367259743034;11480;0
11490;141.76458021790214;11490;21.961119418927584;11490;128.78810998870816;11490;0.3242411988780286;11490;0.11597033600878934;11490;0
11500;141.91106906338695;11500;21.900082399975584;11500;128.71486556596577;11500;0.32396445148528041;11500;0.10803552354503006;11500;0
11510;141.85003204443495;11510;21.863460188604389;11510;128.72707296975616;11510;0.32368770409253211;11510;0.11535996581926938;11510;0
11520;141.91106906338695;11520;21.912289803765983;11520;128.72707296975616;11520;0.32345049204160509;11520;0.11261329996642964;11520;0
11530;141.89886165959655;11530;21.936704611346787;11530;128.73928037354656;11530;0.32313420930703568;11530;0.11169774468214973;11530;0
11540;141.93548387096774;11540;21.863460188604389;11540;128.80031739249856;11540;0.322976067939751;11540;0.11597033600878934;11540;0
11550;141.91106906338695;11550;21.85125278481399;11550;128.80031739249856;11550;0.32269932054700268;11550;0.10956144901882993;11550;0
11560;141.95989867854854;11560;21.85125278481399;11560;128.88576921903135;11560;0.32242257315425449;11560;0.11810663167210914;11560;0
11570;141.87444685201575;11570;21.814630573442788;11570;128.78810998870816;11570;0.32214582576150624;11570;0.10803552354503006;11570;0
11580;141.81340983306376;11580;21.85125278481399;11580;128.76369518112736;11580;0.32190861371057905;11580;0.11871700186162909;11580;0
11590;141.82561723685416;11590;21.839045381023592;11590;128.76369518112736;11590;0.32167140165965197;11590;0.10895107882930999;11590;0
11600;141.87444685201575;11600;21.900082399975584;11600;128.89797662282174;11600;0.32135511892508256;11600;0.11719107638782922;11600;0
11610;141.98431348612934;11610;21.875667592394787;11610;128.88576921903135;11610;0.32107837153233432;11610;0.11169774468214973;11610;0
11620;142.00872829371013;11620;21.826837977233193;11620;128.86135441145055;11620;0.32080162413958613;11620;0.11383404034546954;11620;0
11630;142.08197271645253;11630;21.839045381023592;11630;128.92239143040254;11630;0.32056441208865905;11630;0.11597033600878934;11630;0
11640;141.98431348612934;11640;21.753593554490795;11640;128.81252479628895;11640;0.32020859401226842;11640;0.11169774468214973;11640;0
11650;141.91106906338695;11650;21.790215765861991;11650;128.82473220007935;11650;0.32001091730316256;11650;0.11810663167210914;11650;0
11660;141.85003204443495;11660;21.912289803765983;11660;128.81252479628895;11660;0.31977370525223547;11660;0.10834070863979003;11660;0
11670;141.80120242927336;11670;21.961119418927584;11670;128.80031739249856;11670;0.31953649320130839;11670;0.1184118167668691;11670;0
11680;141.89886165959655;11680;21.875667592394787;11680;128.86135441145055;11680;0.31922021046673893;11680;0.10834070863979003;11680;0
11690;142.00872829371013;11690;21.790215765861991;11690;128.86135441145055;11690;0.3189829984158119;11690;0.1184118167668691;11690;0
11700;141.98431348612934;11700;21.85125278481399;11700;128.80031739249856;11700;0.31878532170670604;11700;0.11169774468214973;11700;0
11710;141.89886165959655;11710;21.826837977233193;11710;128.86135441145055;11710;0.31842950363031541;11710;0.11566515091402937;11710;0
11720;141.75237281411174;11720;21.85125278481399;11720;128.89797662282174;11720;0.31827136226303071;11720;0.11535996581926938;11720;0
11730;141.71575060274054;11730;21.839045381023592;11730;128.87356181524095;11730;0.31803415021210363;11730;0.11352885525070955;11730;0
11740;141.92327646717735;11740;21.936704611346787;11740;128.88576921903135;11740;0.31771786747753422;11740;0.1184118167668691;11740;0
11750;141.91106906338695;11750;21.961119418927584;11750;128.92239143040254;11750;0.31740158474296482;11750;0.10895107882930999;11750;0
11760;141.89886165959655;11760;21.985534226508381;11760;128.91018402661214;11760;0.31720390803385889;11760;0.11871700186162909;11760;0
11770;141.83782464064456;11770;21.936704611346787;11770;128.86135441145055;11770;0.317006231324753;11770;0.10925626392406995;11770;0
11780;141.87444685201575;11780;21.826837977233193;11780;128.95901364177374;11780;0.31672948393200473;11780;0.119632557145909;11780;0
11790;141.89886165959655;11790;21.790215765861991;11790;128.86135441145055;11790;0.31645273653925654;11790;0.11047700430310983;11790;0
11800;141.77678762169253;11800;21.924497207556389;11800;128.82473220007935;11800;0.31625505983015062;11800;0.11719107638782922;11800;0
11810;141.82561723685416;11810;21.985534226508381;11810;128.87356181524095;11810;0.31597831243740238;11810;0.11383404034546954;11810;0
11820;141.89886165959655;11820;21.936704611346787;11820;128.86135441145055;11820;0.31562249436101181;11820;0.11352885525070955;11820;0
11830;141.93548387096774;11830;21.912289803765983;11830;128.86135441145055;11830;0.31538528231008472;11830;0.11719107638782922;11830;0
11840;141.85003204443495;11840;21.900082399975584;11840;128.76369518112736;11840;0.31510853491733648;11840;0.11139255958738976;11840;0
11850;141.87444685201575;11850;21.936704611346787;11850;128.78810998870816;11850;0.31491085820823056;11850;0.119632557145909;11850;0
11860;141.76458021790214;11860;21.912289803765983;11860;128.88576921903135;11860;0.31463411081548237;11860;0.10895107882930999;11860;0
11870;141.81340983306376;11870;21.924497207556389;11870;128.99563585314493;11870;0.31439689876455523;11870;0.11871700186162909;11870;0
11880;141.93548387096774;11880;21.863460188604389;11880;128.95901364177374;11880;0.314120151371807;11880;0.10864589373455;11880;0
11890;141.92327646717735;11890;21.85125278481399;11890;128.95901364177374;11890;0.31388293932087991;11890;0.1174962614825892;11890;0
11900;141.87444685201575;11900;21.85125278481399;11900;128.81252479628895;11900;0.31360619192813172;11900;0.1120029297769097;11900;0
11910;141.87444685201575;11910;21.778008362071592;11910;128.78810998870816;11910;0.31325037385174109;11910;0.11505478072450942;11910;0
11920;141.89886165959655;11920;21.778008362071592;11920;128.89797662282174;11920;0.31301316180081407;11920;0.11566515091402937;11920;0
11930;141.85003204443495;11930;21.741386150700396;11930;128.89797662282174;11930;0.31273641440806577;11930;0.11169774468214973;11930;0
11940;141.86223944822535;11940;21.814630573442788;11940;128.83693960386975;11940;0.31253873769895996;11940;0.11871700186162909;11940;0
11950;141.77678762169253;11950;21.863460188604389;11950;128.86135441145055;11950;0.31226199030621166;11950;0.11047700430310983;11950;0
11960;141.82561723685416;11960;21.85125278481399;11960;128.93459883419294;11960;0.31206431359710579;11960;0.11902218695638905;11960;0
11970;141.83782464064456;11970;21.778008362071592;11970;128.92239143040254;11970;0.31182710154617871;11970;0.10803552354503006;11970;0
11980;142.03314310129093;11980;21.753593554490795;11980;128.93459883419294;11980;0.31158988949525163;11980;0.11902218695638905;11980;0
11990;142.05755790887173;11990;21.814630573442788;11990;128.77590258491776;11990;0.31135267744432454;11990;0.11139255958738976;11990;0
12000;141.80120242927336;12000;21.839045381023592;12000;128.76369518112736;12000;0.3110759300515763;12000;0.11597033600878934;12000;0
12010;141.75237281411174;12010;21.912289803765983;12010;128.73928037354656;12010;0.31079918265882805;12010;0.1141392254402295;12010;0
12020;141.86223944822535;12020;21.961119418927584;12020;128.80031739249856;12020;0.31052243526607987;12020;0.11322367015594959;12020;0
12030;141.91106906338695;12030;21.912289803765983;12030;128.97122104556414;12030;0.31024568787333157;12030;0.1184118167668691;12030;0
12040;141.82561723685416;12040;21.826837977233193;12040;128.89797662282174;12040;0.309889869796941;12040;0.10986663411358989;12040;0
12050;141.77678762169253;12050;21.778008362071592;12050;128.82473220007935;12050;0.30969219308783513;12050;0.11810663167210914;12050;0
12060;141.85003204443495;12060;21.765800958281194;12060;128.88576921903135;12060;0.30941544569508678;12060;0.10742515335551012;12060;0
12070;142.00872829371013;12070;21.790215765861991;12070;128.91018402661214;12070;0.30913869830233853;12070;0.11810663167210914;12070;0
12080;141.94769127475814;12080;21.814630573442788;12080;128.78810998870816;12080;0.30886195090959029;12080;0.10834070863979003;12080;0
12090;141.82561723685416;12090;21.985534226508381;12090;128.86135441145055;12090;0.30870380954230553;12090;0.11535996581926938;12090;0
12100;141.86223944822535;12100;21.961119418927584;12100;128.92239143040254;12100;0.3084665974913785;12100;0.11139255958738976;12100;0
12110;141.92327646717735;12110;21.778008362071592;12110;128.88576921903135;12110;0.30818985009863031;12110;0.11322367015594959;12110;0
12120;141.93548387096774;12120;21.826837977233193;12120;128.81252479628895;12120;0.30795263804770318;12120;0.11597033600878934;12120;0
12130;141.85003204443495;12130;21.961119418927584;12130;128.83693960386975;12130;0.307675890654955;12130;0.11047700430310983;12130;0
12140;141.95989867854854;12140;21.936704611346787;12140;128.98342844935453;12140;0.30739914326220669;12140;0.1174962614825892;12140;0
12150;141.95989867854854;12150;21.85125278481399;12150;128.86135441145055;12150;0.3071223958694585;12150;0.10742515335551012;12150;0
12160;141.81340983306376;12160;21.912289803765983;12160;128.80031739249856;12160;0.30692471916035258;12160;0.11810663167210914;12160;0
12170;141.85003204443495;12170;21.875667592394787;12170;128.88576921903135;12170;0.30664797176760433;12170;0.10711996826075015;12170;0
12180;142.03314310129093;12180;21.765800958281194;12180;128.91018402661214;12180;0.30641075971667725;12180;0.11658070619830928;12180;0
12190;141.95989867854854;12190;21.778008362071592;12190;128.82473220007935;12190;0.306134012323929;12190;0.10925626392406995;12190;0
12200;141.92327646717735;12200;21.863460188604389;12200;128.93459883419294;12200;0.30585726493118076;12200;0.11291848506118961;12200;0
12210;141.95989867854854;12210;21.875667592394787;12210;128.95901364177374;12210;0.30569912356389606;12210;0.11352885525070955;12210;0
12220;141.86223944822535;12220;21.790215765861991;12220;128.86135441145055;12220;0.30534330548750549;12220;0.10986663411358989;12220;0
12230;141.91106906338695;12230;21.753593554490795;12230;128.92239143040254;12230;0.30514562877839957;12230;0.11535996581926938;12230;0
12240;141.81340983306376;12240;21.936704611346787;12240;128.91018402661214;12240;0.30482934604383016;12240;0.10650959807123021;12240;0
12250;141.85003204443495;12250;21.924497207556389;12250;128.88576921903135;12250;0.30455259865108192;12250;0.11719107638782922;12250;0
12260;141.87444685201575;12260;21.7047639393292;12260;128.78810998870816;12260;0.30431538660015478;12260;0.10528885769219032;12260;0
12270;142.02093569750053;12270;21.790215765861991;12270;128.72707296975616;12270;0.3040781745492277;12270;0.11627552110354931;12270;0
12280;142.05755790887173;12280;21.839045381023592;12280;128.66603595080417;12280;0.30376189181465829;12280;0.10864589373455;12280;0
12290;142.02093569750053;12290;21.839045381023592;12290;128.78810998870816;12290;0.30344560908008889;12290;0.11505478072450942;12290;0
12300;141.99652088991974;12300;21.912289803765983;12300;128.86135441145055;12300;0.30312932634551948;12300;0.11169774468214973;12300;0
12310;141.93548387096774;12310;21.85125278481399;12310;128.82473220007935;12310;0.30289211429459245;12310;0.11078218939786982;12310;0
12320;141.87444685201575;12320;21.839045381023592;12320;128.91018402661214;12320;0.30277350826912885;12320;0.11535996581926938;12320;0
12330;141.71575060274054;12330;21.839045381023592;12330;128.89797662282174;12330;0.30249676087638067;12330;0.10864589373455;12330;0
12340;141.85003204443495;12340;21.85125278481399;12340;128.91018402661214;12340;0.30222001348363242;12340;0.11719107638782922;12340;0
12350;141.93548387096774;12350;21.839045381023592;12350;128.95901364177374;12350;0.30198280143270534;12350;0.10528885769219032;12350;0
12360;141.99652088991974;12360;21.753593554490795;12360;129.00784325693533;12360;0.30170605403995704;12360;0.11627552110354931;12360;0
12370;142.03314310129093;12370;21.741386150700396;12370;128.91018402661214;12370;0.30138977130538758;12370;0.10711996826075015;12370;0
12380;142.09418012024292;12380;21.826837977233193;12380;128.91018402661214;12380;0.30115255925446055;12380;0.11597033600878934;12380;0
12390;142.04535050508133;12390;21.85125278481399;12390;128.91018402661214;12390;0.30099441788717585;12390;0.11078218939786982;12390;0
12400;141.87444685201575;12400;21.753593554490795;12400;128.93459883419294;12400;0.30075720583624871;12400;0.11169774468214973;12400;0
12410;141.86223944822535;12410;21.680349131748404;12410;128.87356181524095;12410;0.30048045844350052;12410;0.11352885525070955;12410;0
12420;141.89886165959655;12420;21.729178746909998;12420;128.93459883419294;12420;0.30016417570893111;12420;0.10834070863979003;12420;0
12430;142.03314310129093;12430;21.863460188604389;12430;129.05667287209693;12430;0.29992696365800403;12430;0.11627552110354931;12430;0
12440;142.00872829371013;12440;21.875667592394787;12440;128.82473220007935;12440;0.29961068092343462;12440;0.10589922788171027;12440;0
12450;141.98431348612934;12450;21.826837977233193;12450;128.80031739249856;12450;0.29937346887250754;12450;0.11597033600878934;12450;0
12460;141.98431348612934;12460;21.753593554490795;12460;128.83693960386975;12460;0.29909672147975924;12460;0.10528885769219032;12460;0
12470;141.92327646717735;12470;21.741386150700396;12470;128.83693960386975;12470;0.29889904477065338;12470;0.11566515091402937;12470;0
12480;141.83782464064456;12480;21.778008362071592;12480;128.81252479628895;12480;0.29866183271972629;12480;0.10864589373455;12480;0
12490;141.83782464064456;12490;21.7047639393292;12490;128.87356181524095;12490;0.29838508532697811;12490;0.11291848506118961;12490;0
12500;141.93548387096774;12500;21.741386150700396;12500;128.83693960386975;12500;0.2980688025924087;12500;0.11261329996642964;12500;0
12510;141.94769127475814;12510;21.765800958281194;12510;128.83693960386975;12510;0.29783159054148162;12510;0.10956144901882993;12510;0
12520;141.92327646717735;12520;21.729178746909998;12520;128.95901364177374;12520;0.29767344917419686;12520;0.11505478072450942;12520;0
12530;141.86223944822535;12530;21.729178746909998;12530;128.98342844935453;12530;0.29731763109780629;12530;0.10589922788171027;12530;0
12540;141.86223944822535;12540;21.765800958281194;12540;129.00784325693533;12540;0.29708041904687926;12540;0.11566515091402937;12540;0
12550;141.86223944822535;12550;21.778008362071592;12550;128.91018402661214;12550;0.29680367165413096;12550;0.1043733024079104;12550;0
12560;141.94769127475814;12560;21.839045381023592;12560;128.93459883419294;12560;0.29656645960320388;12560;0.11535996581926938;12560;0
12570;141.93548387096774;12570;21.839045381023592;12570;128.93459883419294;12570;0.29628971221045564;12570;0.10711996826075015;12570;0
12580;141.86223944822535;12580;21.729178746909998;12580;128.91018402661214;12580;0.29597342947588617;12580;0.11352885525070955;12580;0
12590;141.91106906338695;12590;21.729178746909998;12590;129.06888027588732;12590;0.295696682083138;12590;0.11047700430310983;12590;0
12600;141.94769127475814;12600;21.85125278481399;12600;129.09329508346812;12600;0.29541993469038974;12600;0.10986663411358989;12600;0
12610;142.00872829371013;12610;21.863460188604389;12610;129.03225806451613;12610;0.2951431872976415;12610;0.11352885525070955;12610;0
12620;141.99652088991974;12620;21.814630573442788;12620;128.97122104556414;12620;0.29486643990489325;12620;0.10650959807123021;12620;0
12630;142.04535050508133;12630;21.753593554490795;12630;128.92239143040254;12630;0.29462922785396617;12630;0.11444441053498948;12630;0
12640;142.08197271645253;12640;21.839045381023592;12640;129.02005066072573;12640;0.29435248046121792;12640;0.10406811731315044;12640;0
12650;142.05755790887173;12650;21.85125278481399;12650;129.08108767967772;12650;0.29411526841029079;12650;0.11566515091402937;12650;0
12660;141.94769127475814;12660;21.814630573442788;12660;128.92239143040254;12660;0.29387805635936376;12660;0.10467848750267038;12660;0
12670;142.05755790887173;12670;21.753593554490795;12670;128.92239143040254;12670;0.29364084430843668;12670;0.11352885525070955;12670;0
12680;142.03314310129093;12680;21.741386150700396;12680;129.03225806451613;12680;0.29336409691568849;12680;0.10864589373455;12680;0
12690;141.91106906338695;12690;21.924497207556389;12690;129.08108767967772;12690;0.29308734952294024;12690;0.11078218939786982;12690;0
12700;141.94769127475814;12700;21.99774163029878;12700;129.09329508346812;12700;0.29285013747201316;12700;0.11352885525070955;12700;0
12710;141.86223944822535;12710;21.765800958281194;12710;128.99563585314493;12710;0.29261292542108613;12710;0.10895107882930999;12710;0
12720;141.92327646717735;12720;21.753593554490795;12720;128.98342844935453;12720;0.29237571337015905;12720;0.11566515091402937;12720;0
12730;141.94769127475814;12730;21.814630573442788;12730;129.02005066072573;12730;0.29209896597741081;12730;0.10467848750267038;12730;0
12740;141.89886165959655;12740;21.668141727958005;12740;129.05667287209693;12740;0.29186175392648372;12740;0.11535996581926938;12740;0
12750;141.81340983306376;12750;21.668141727958005;12750;129.08108767967772;12750;0.29154547119191426;12750;0.10467848750267038;12750;0
12760;141.86223944822535;12760;21.765800958281194;12760;129.12991729483932;12760;0.291268723799166;12760;0.1141392254402295;12760;0
12770;141.89886165959655;12770;21.741386150700396;12770;129.00784325693533;12770;0.29103151174823894;12770;0.10681478316599018;12770;0
12780;142.00872829371013;12780;21.643726920377208;12780;128.97122104556414;12780;0.29083383503913307;12780;0.11139255958738976;12780;0
12790;141.98431348612934;12790;21.668141727958005;12790;129.09329508346812;12790;0.29059662298820604;12790;0.11139255958738976;12790;0
12800;141.87444685201575;12800;21.729178746909998;12800;129.16653950621051;12800;0.29024080491181542;12800;0.10956144901882993;12800;0
12810;142.00872829371013;12810;21.778008362071592;12810;129.11770989104892;12810;0.28996405751906718;12810;0.11566515091402937;12810;0
12820;141.95989867854854;12820;21.839045381023592;12820;128.93459883419294;12820;0.28968731012631893;12820;0.10650959807123021;12820;0
12830;141.93548387096774;12830;21.741386150700396;12830;128.92239143040254;12830;0.2894500980753919;12830;0.11535996581926938;12830;0
12840;141.89886165959655;12840;21.7047639393292;12840;129.00784325693533;12840;0.28921288602446482;12840;0.10467848750267038;12840;0
12850;142.05755790887173;12850;21.741386150700396;12850;129.02005066072573;12850;0.28893613863171647;12850;0.11505478072450942;12850;0
12860;142.11859492782372;12860;21.741386150700396;12860;128.95901364177374;12860;0.28869892658078938;12860;0.10589922788171027;12860;0
12870;142.03314310129093;12870;21.826837977233193;12870;129.03225806451613;12870;0.28850124987168352;12870;0.11383404034546954;12870;0
12880;142.00872829371013;12880;21.826837977233193;12880;129.02005066072573;12880;0.28826403782075649;12880;0.10986663411358989;12880;0
12890;141.92327646717735;12890;21.778008362071592;12890;128.99563585314493;12890;0.28794775508618708;12890;0.10925626392406995;12890;0
12900;141.95989867854854;12900;21.753593554490795;12900;129.08108767967772;12900;0.28775007837708116;12900;0.11291848506118961;12900;0
12910;141.92327646717735;12910;21.643726920377208;12910;129.12991729483932;12910;0.28751286632615408;12910;0.10650959807123021;12910;0
12920;142.00872829371013;12920;21.729178746909998;12920;129.00784325693533;12920;0.28731518961704816;12920;0.11444441053498948;12920;0
12930;142.04535050508133;12930;21.826837977233193;12930;128.81252479628895;12930;0.2870384422243;12930;0.10406811731315044;12930;0
12940;142.02093569750053;12940;21.753593554490795;12940;128.99563585314493;12940;0.28668262414790935;12940;0.11444441053498948;12940;0
12950;141.91106906338695;12950;21.729178746909998;12950;128.99563585314493;12950;0.28628727072969756;12950;0.10406811731315044;12950;0
12960;141.99652088991974;12960;21.814630573442788;12960;128.88576921903135;12960;0.286168664704234;12960;0.11322367015594959;12960;0
12970;141.98431348612934;12970;21.753593554490795;12970;129.00784325693533;12970;0.28589191731148578;12970;0.10803552354503006;12970;0
12980;141.93548387096774;12980;21.643726920377208;12980;129.11770989104892;12980;0.28557563457691637;12980;0.11078218939786982;12980;0
12990;142.04535050508133;12990;21.619312112796411;12990;129.11770989104892;12990;0.28537795786781045;12990;0.11108737449262979;12990;0
13000;141.95989867854854;13000;21.729178746909998;13000;129.05667287209693;13000;0.28506167513324104;13000;0.10681478316599018;13000;0
13010;141.92327646717735;13010;21.85125278481399;13010;129.08108767967772;13010;0.28478492774049285;13010;0.11383404034546954;13010;0
13020;141.89886165959655;13020;21.814630573442788;13020;129.06888027588732;13020;0.28450818034774455;13020;0.1043733024079104;13020;0
13030;142.03314310129093;13030;21.741386150700396;13030;129.09329508346812;13030;0.28423143295499631;13030;0.11535996581926938;13030;0
13040;142.05755790887173;13040;21.826837977233193;13040;129.09329508346812;13040;0.28399422090406917;13040;0.1043733024079104;13040;0
13050;142.08197271645253;13050;21.778008362071592;13050;129.06888027588732;13050;0.28379654419496336;13050;0.1141392254402295;13050;0
13060;142.08197271645253;13060;21.655934324167607;13060;129.02005066072573;13060;0.28351979680221506;13060;0.10406811731315044;13060;0
13070;142.03314310129093;13070;21.729178746909998;13070;129.05667287209693;13070;0.28320351406764566;13070;0.11383404034546954;13070;0
EOF;;;;;;;;;;;
