Name;YT Scope Project;
File;C:\Users\Tobno\Desktop\Kv Tester\JibNed150bar\-85prosent.csv;
Starttime of export;134214057123020000;torsdag 23. april 2026;10:15:12.302
Endtime of export;134214057202377430;torsdag 23. april 2026;10:15:20.237


Name;fPresSupply_bar;Name;fPres1A_bar;Name;fPres1B_bar;Name;fCylinder1_m;Name;fSensor1_V;Name;fValve1_V

0;149.15005951109347;0;23.633533738212225;0;134.69649342326119;0;0.73359012809450763;0;0.64790795617542041;0;0.750144962920011
10;149.21109653004547;10;23.657948545793023;10;134.73311563463238;10;0.73331338070175933;10;0.65492721335489978;10;0.750144962920011
20;149.15005951109347;20;23.731192968535417;20;134.64766380809959;20;0.7329575626253686;20;0.64851832636494033;20;0.750144962920011
30;149.19888912625507;30;23.584704123050631;30;134.55000457777641;30;0.73256220920715676;30;0.65034943693350011;30;0.750144962920011
40;149.30875576036865;40;23.487044892727443;40;134.5866267891476;40;0.73236453249805089;40;0.64912869655446026;40;0.750144962920011
50;149.23551133762626;50;23.413800469985048;50;134.69649342326119;50;0.73208778510530259;50;0.65034943693350011;50;0.750144962920011
60;149.21109653004547;60;23.487044892727443;60;134.6232490005188;60;0.73185057305437562;60;0.6534012878811;60;0.750144962920011
70;149.16226691488387;70;23.572496719260233;70;134.6232490005188;70;0.731494754977985;70;0.64851832636494033;70;0.750144962920011
80;149.19888912625507;80;23.670155949583421;80;134.51338236640521;80;0.73113893690159437;80;0.65370647297585993;80;0.750144962920011
90;149.15005951109347;90;23.755607776116214;90;134.35468611713003;90;0.73074358348338264;90;0.64912869655446026;90;0.750144962920011
100;149.18668172246467;100;23.645741142002624;100;134.42793053987242;100;0.73046683609063434;100;0.65492721335489978;100;0.750144962920011
110;149.25992614520706;110;23.548081911679436;110;134.39130832850122;110;0.73022962403970737;110;0.64668721579638044;110;0.750144962920011
120;149.29654835657826;120;23.621326334421827;120;134.39130832850122;120;0.72987380596331675;120;0.65065462202826008;120;0.750144962920011
130;149.13785210730308;130;23.645741142002624;130;134.29364909817804;130;0.72955752322874734;130;0.64790795617542041;130;0.750144962920011
140;148.97915585802789;140;23.645741142002624;140;134.25702688680684;140;0.72920170515235672;140;0.65034943693350011;140;0.750144962920011
150;149.06460768456068;150;23.584704123050631;150;134.33027130954923;150;0.72892495775960853;150;0.65248573259682008;150;0.750144962920011
160;149.05240028077029;160;23.572496719260233;160;134.41572313608202;160;0.7285691396832179;160;0.64851832636494033;160;0.750144962920011
170;148.99136326181829;170;23.657948545793023;170;134.33027130954923;170;0.7282528569486485;170;0.6534012878811;170;0.750144962920011
180;149.08902249214148;180;23.621326334421827;180;134.33027130954923;180;0.7280156448977213;180;0.64851832636494033;180;0.750144962920011
190;149.18668172246467;190;23.633533738212225;190;134.39130832850122;190;0.7276993621631519;190;0.65370647297585993;190;0.750144962920011
200;149.05240028077029;200;23.59691152684103;200;134.31806390575883;200;0.72738307942858249;200;0.64760277108066044;200;0.750144962920011
210;149.07681508835108;210;23.560289315469834;210;134.40351573229162;210;0.72706679669401308;210;0.65431684316537986;210;0.750144962920011
220;149.01577806939909;220;23.560289315469834;220;134.35468611713003;220;0.72675051395944368;220;0.64821314127018037;220;0.750144962920011
230;148.97915585802789;230;23.657948545793023;230;134.31806390575883;230;0.726394695883053;230;0.64912869655446026;230;0.750144962920011
240;149.05240028077029;240;23.731192968535417;240;134.35468611713003;240;0.72619701917394708;240;0.65065462202826008;240;0.750144962920011
250;149.01577806939909;250;23.70677816095462;250;134.41572313608202;250;0.72588073643937767;250;0.64973906674398019;250;0.750144962920011
260;149.00357066560869;260;23.70677816095462;260;134.39130832850122;260;0.72556445370480827;260;0.65157017731254;260;0.750144962920011
270;149.08902249214148;270;23.731192968535417;270;134.44013794366282;270;0.72524817097023886;270;0.64760277108066044;270;0.750144962920011
280;149.13785210730308;280;23.70677816095462;280;134.598834192938;280;0.72493188823566945;280;0.65553758354441971;280;0.750144962920011
290;148.9547410504471;290;23.70677816095462;290;134.598834192938;290;0.72453653481745772;290;0.64912869655446026;290;0.750144962920011
300;148.99136326181829;300;23.657948545793023;300;134.64766380809959;300;0.72422025208288832;300;0.65370647297585993;300;0.750144962920011
310;149.07681508835108;310;23.572496719260233;310;134.537797173986;310;0.72390396934831891;310;0.64790795617542041;310;0.750144962920011
320;149.13785210730308;320;23.59691152684103;320;134.5866267891476;320;0.72358768661374939;320;0.65248573259682008;320;0.750144962920011
330;149.13785210730308;330;23.657948545793023;330;134.68428601947079;330;0.72335047456282242;330;0.65095980712302;330;0.750144962920011
340;149.08902249214148;340;23.633533738212225;340;134.6232490005188;340;0.72311326251189523;340;0.6488235114597003;340;0.750144962920011
350;149.21109653004547;350;23.535874507889037;350;134.5622119815668;350;0.72291558580278936;350;0.65157017731254;350;0.750144962920011
360;149.16226691488387;360;23.621326334421827;360;134.5866267891476;360;0.72255976772639874;360;0.65095980712302;360;0.750144962920011
370;149.01577806939909;370;23.657948545793023;370;134.55000457777641;370;0.72224348499182933;370;0.65523239844965975;370;0.750144962920011
380;148.9669484542375;380;23.560289315469834;380;134.50117496261481;380;0.72192720225725993;380;0.64821314127018037;380;0.750144962920011
390;149.10122989593188;390;23.621326334421827;390;134.5866267891476;390;0.72165045486451163;390;0.65492721335489978;390;0.750144962920011
400;149.05240028077029;400;23.657948545793023;400;134.598834192938;400;0.72141324281358465;400;0.64760277108066044;400;0.750144962920011
410;149.01577806939909;410;23.59691152684103;410;134.48896755882441;410;0.72109696007901525;410;0.65279091769158;410;0.750144962920011
420;149.18668172246467;420;23.645741142002624;420;134.33027130954923;420;0.72078067734444584;420;0.65095980712302;420;0.750144962920011
430;149.29654835657826;430;23.755607776116214;430;134.41572313608202;430;0.72046439460987644;430;0.65309610278634;430;0.750144962920011
440;149.18668172246467;440;23.731192968535417;440;134.42793053987242;440;0.720148111875307;440;0.6534012878811;440;0.750144962920011
450;149.07681508835108;450;23.70677816095462;450;134.25702688680684;450;0.71975275845709519;450;0.65004425183874015;450;0.750144962920011
460;149.10122989593188;460;23.743400372325816;460;134.23261207922604;460;0.71955508174798921;460;0.65431684316537986;460;0.750144962920011
470;149.05240028077029;470;23.682363353373823;470;134.33027130954923;470;0.71915972832977759;470;0.65157017731254;470;0.750144962920011
480;149.10122989593188;480;23.560289315469834;480;134.40351573229162;480;0.71884344559520819;480;0.65797906430249953;480;0.750144962920011
490;149.00357066560869;490;23.584704123050631;490;134.33027130954923;490;0.71856669820245977;490;0.64973906674398019;490;0.750144962920011
500;149.00357066560869;500;23.657948545793023;500;134.22040467543565;500;0.71825041546789037;500;0.65462202826013982;500;0.750144962920011
510;148.9669484542375;510;23.645741142002624;510;134.20819727164525;510;0.71793413273332085;510;0.64912869655446026;510;0.750144962920011
520;148.9669484542375;520;23.572496719260233;520;134.23261207922604;520;0.71757831465693034;520;0.65370647297585993;520;0.750144962920011
530;148.9181188390759;530;23.51145970030824;530;134.24481948301644;530;0.717301567264182;530;0.6534012878811;530;0.750144962920011
540;148.9303262428663;540;23.572496719260233;540;134.39130832850122;540;0.71698528452961263;540;0.65157017731254;540;0.750144962920011
550;149.07681508835108;550;23.657948545793023;550;134.34247871333963;550;0.71670853713686444;550;0.65523239844965975;550;0.750144962920011
560;149.00357066560869;560;23.682363353373823;560;134.34247871333963;560;0.716392254402295;560;0.65157017731254;560;0.750144962920011
570;149.02798547318949;570;23.682363353373823;570;134.33027130954923;570;0.71607597166772563;570;0.65584276863917967;570;0.750144962920011
580;149.01577806939909;580;23.645741142002624;580;134.25702688680684;580;0.71575968893315622;580;0.64912869655446026;580;0.750144962920011
590;149.07681508835108;590;23.718985564745019;590;134.31806390575883;590;0.71544340619858682;590;0.65675832392345967;590;0.750144962920011
600;148.9547410504471;600;23.670155949583421;600;134.26923429059724;600;0.71512712346401741;600;0.65034943693350011;600;0.750144962920011
610;148.9669484542375;610;23.560289315469834;610;134.30585650196844;610;0.71477130538762679;610;0.65462202826013982;610;0.750144962920011
620;149.08902249214148;620;23.645741142002624;620;134.20819727164525;620;0.71457362867852092;620;0.65157017731254;620;0.750144962920011
630;149.06460768456068;630;23.718985564745019;630;134.25702688680684;630;0.7142573459439514;630;0.65126499221778;630;0.750144962920011
640;149.05240028077029;640;23.70677816095462;640;134.42793053987242;640;0.71402013389302432;640;0.65492721335489978;640;0.750144962920011
650;149.07681508835108;650;23.70677816095462;650;134.39130832850122;650;0.71366431581663381;650;0.65462202826013982;650;0.750144962920011
660;149.07681508835108;660;23.682363353373823;660;134.29364909817804;660;0.71330849774024319;660;0.6573686941129796;660;0.750144962920011
670;148.9669484542375;670;23.755607776116214;670;134.31806390575883;670;0.71299221500567367;670;0.65065462202826008;670;0.750144962920011
680;149.00357066560869;680;23.755607776116214;680;134.44013794366282;680;0.712636396929283;680;0.65675832392345967;680;0.750144962920011
690;148.9547410504471;690;23.657948545793023;690;134.45234534745322;690;0.71228057885289242;690;0.6488235114597003;690;0.750144962920011
700;149.06460768456068;700;23.633533738212225;700;134.50117496261481;700;0.71200383146014423;700;0.65462202826013982;700;0.750144962920011
710;149.17447431867427;710;23.718985564745019;710;134.41572313608202;710;0.71168754872557483;710;0.65004425183874015;710;0.750144962920011
720;149.18668172246467;720;23.731192968535417;720;134.24481948301644;720;0.7113317306491842;720;0.65279091769158;720;0.750144962920011
730;149.16226691488387;730;23.670155949583421;730;134.17157506027405;730;0.711054983256436;730;0.65370647297585993;730;0.750144962920011
740;149.08902249214148;740;23.633533738212225;740;134.30585650196844;740;0.71077823586368771;740;0.65126499221778;740;0.750144962920011
750;149.17447431867427;750;23.59691152684103;750;134.36689352092043;750;0.71050148847093952;750;0.65614795373393964;750;0.750144962920011
760;149.17447431867427;760;23.731192968535417;760;134.34247871333963;760;0.71018520573637012;760;0.65309610278634;760;0.750144962920011
770;149.18668172246467;770;23.755607776116214;770;134.34247871333963;770;0.70986892300180071;770;0.65675832392345967;770;0.750144962920011
780;148.9181188390759;780;23.70677816095462;780;134.40351573229162;780;0.70963171095087363;780;0.65004425183874015;780;0.750144962920011
790;148.9669484542375;790;23.731192968535417;790;134.29364909817804;790;0.70931542821630422;790;0.65797906430249953;790;0.750144962920011
800;149.01577806939909;800;23.731192968535417;800;134.15936765648365;800;0.70895961013991371;800;0.65218054750206012;800;0.750144962920011
810;148.9547410504471;810;23.718985564745019;810;134.24481948301644;810;0.70864332740534419;810;0.65370647297585993;810;0.750144962920011
820;149.00357066560869;820;23.682363353373823;820;134.19598986785485;820;0.70836658001259589;820;0.65126499221778;820;0.750144962920011
830;149.06460768456068;830;23.670155949583421;830;134.13495284890286;830;0.70801076193620538;830;0.65248573259682008;830;0.750144962920011
840;149.10122989593188;840;23.70677816095462;840;134.07391582995086;840;0.70769447920163575;840;0.65553758354441971;840;0.750144962920011
850;149.00357066560869;850;23.657948545793023;850;134.06170842616046;850;0.70737819646706634;850;0.65248573259682008;850;0.750144962920011
860;149.11343729972228;860;23.670155949583421;860;133.97625659962767;860;0.70714098441613926;860;0.65584276863917967;860;0.750144962920011
870;149.17447431867427;870;23.70677816095462;870;134.07391582995086;870;0.70674563099792753;870;0.65004425183874015;870;0.750144962920011
880;149.08902249214148;880;23.70677816095462;880;134.30585650196844;880;0.70638981292153691;880;0.65614795373393964;880;0.750144962920011
890;148.9303262428663;890;23.70677816095462;890;134.23261207922604;890;0.7060735301869675;890;0.6488235114597003;890;0.750144962920011
900;149.06460768456068;900;23.79222998748741;900;134.15936765648365;900;0.70571771211057688;900;0.65431684316537986;900;0.750144962920011
910;149.13785210730308;910;23.743400372325816;910;134.17157506027405;910;0.70544096471782869;910;0.65126499221778;910;0.750144962920011
920;149.08902249214148;920;23.657948545793023;920;134.22040467543565;920;0.70508514664143807;920;0.65370647297585993;920;0.750144962920011
930;149.11343729972228;930;23.743400372325816;930;134.12274544511246;930;0.704847934590511;930;0.65584276863917967;930;0.750144962920011
940;149.02798547318949;940;23.731192968535417;940;134.12274544511246;940;0.70453165185594158;940;0.65126499221778;940;0.750144962920011
950;149.01577806939909;950;23.79222998748741;950;134.22040467543565;950;0.704175833779551;950;0.65492721335489978;950;0.750144962920011
960;148.9547410504471;960;23.804437391277808;960;134.20819727164525;960;0.70385955104498155;960;0.6534012878811;960;0.750144962920011
970;148.88149662770471;970;23.743400372325816;970;134.19598986785485;970;0.70358280365223336;970;0.65828424939725949;970;0.750144962920011
980;148.82045960875269;980;23.79222998748741;980;134.19598986785485;980;0.703266520917664;980;0.65004425183874015;980;0.750144962920011
990;148.9669484542375;990;23.767815179906613;990;134.26923429059724;990;0.70295023818309454;990;0.65675832392345967;990;0.750144962920011
1000;148.97915585802789;1000;23.743400372325816;1000;134.24481948301644;1000;0.70263395544852492;1000;0.65065462202826008;1000;0.750144962920011
1010;149.05240028077029;1010;23.682363353373823;1010;134.20819727164525;1010;0.70223860203031307;1010;0.65157017731254;1010;0.750144962920011
1020;149.13785210730308;1020;23.633533738212225;1020;134.20819727164525;1020;0.7020013899793861;1020;0.65218054750206012;1020;0.750144962920011
1030;149.08902249214148;1030;23.70677816095462;1030;134.29364909817804;1030;0.70172464258663791;1030;0.65492721335489978;1030;0.750144962920011
1040;149.08902249214148;1040;23.79222998748741;1040;134.22040467543565;1040;0.70144789519388961;1040;0.65797906430249953;1040;0.750144962920011
1050;149.05240028077029;1050;23.853267006439403;1050;134.11053804132206;1050;0.70105254177567788;1050;0.65218054750206012;1050;0.750144962920011
1060;149.15005951109347;1060;23.804437391277808;1060;134.20819727164525;1060;0.70073625904110848;1060;0.65706350901821964;1060;0.750144962920011
1070;149.05240028077029;1070;23.731192968535417;1070;134.26923429059724;1070;0.7004990469901814;1070;0.65095980712302;1070;0.750144962920011
1080;149.05240028077029;1080;23.743400372325816;1080;134.24481948301644;1080;0.70022229959743321;1080;0.6573686941129796;1080;0.750144962920011
1090;149.05240028077029;1090;23.670155949583421;1090;134.13495284890286;1090;0.6999060168628638;1090;0.65034943693350011;1090;0.750144962920011
1100;148.9669484542375;1100;23.767815179906613;1100;134.19598986785485;1100;0.69962926947011539;1100;0.65492721335489978;1100;0.750144962920011
1110;148.8937040314951;1110;23.816644795068207;1110;134.22040467543565;1110;0.69939205741918842;1110;0.65309610278634;1110;0.750144962920011
1120;148.9059114352855;1120;23.755607776116214;1120;134.20819727164525;1120;0.699075774684619;1120;0.6534012878811;1120;0.750144962920011
1130;149.00357066560869;1130;23.755607776116214;1130;134.19598986785485;1130;0.69879902729187071;1130;0.65614795373393964;1130;0.750144962920011
1140;149.02798547318949;1140;23.718985564745019;1140;134.25702688680684;1140;0.6984432092154802;1140;0.65431684316537986;1140;0.750144962920011
1150;149.02798547318949;1150;23.70677816095462;1150;134.22040467543565;1150;0.69804785579726836;1150;0.65767387920773956;1150;0.750144962920011
1160;149.02798547318949;1160;23.682363353373823;1160;134.09833063753166;1160;0.69773157306269884;1160;0.65248573259682008;1160;0.750144962920011
1170;149.06460768456068;1170;23.79222998748741;1170;134.09833063753166;1170;0.697533896353593;1170;0.65919980468153938;1170;0.750144962920011
1180;148.9547410504471;1180;23.841059602649004;1180;134.03729361857967;1180;0.69725714896084479;1180;0.65126499221778;1180;0.750144962920011
1190;148.8937040314951;1190;23.767815179906613;1190;134.00067140720847;1190;0.69694086622627538;1190;0.65584276863917967;1190;0.750144962920011
1200;148.83266701254311;1200;23.816644795068207;1200;134.07391582995086;1200;0.69666411883352708;1200;0.65157017731254;1200;0.750144962920011
1210;148.97915585802789;1210;23.70677816095462;1210;134.11053804132206;1210;0.69634783609895767;1210;0.65492721335489978;1210;0.750144962920011
1220;149.11343729972228;1220;23.657948545793023;1220;134.03729361857967;1220;0.69607108870620937;1220;0.65584276863917967;1220;0.750144962920011
1230;149.02798547318949;1230;23.767815179906613;1230;134.22040467543565;1230;0.69579434131346118;1230;0.65370647297585993;1230;0.750144962920011
1240;148.97915585802789;1240;23.828852198858606;1240;134.20819727164525;1240;0.695517593920713;1240;0.65767387920773956;1240;0.750144962920011
1250;148.9547410504471;1250;23.841059602649004;1250;133.97625659962767;1250;0.69516177584432237;1250;0.65309610278634;1250;0.750144962920011
1260;148.88149662770471;1260;23.853267006439403;1260;134.00067140720847;1260;0.69492456379339529;1260;0.65767387920773956;1260;0.750144962920011
1270;148.88149662770471;1270;23.816644795068207;1270;133.95184179204688;1270;0.69460828105882588;1270;0.65157017731254;1270;0.750144962920011
1280;149.05240028077029;1280;23.902096621601;1280;133.95184179204688;1280;0.69417339229879294;1280;0.65889461958677942;1280;0.750144962920011
1290;148.88149662770471;1290;23.877681814020203;1290;134.09833063753166;1290;0.69373850353876;1290;0.65157017731254;1290;0.750144962920011
1300;148.77162999359109;1300;23.743400372325816;1300;134.14716025269325;1300;0.69354082682965412;1300;0.65279091769158;1300;0.750144962920011
1310;148.99136326181829;1310;23.70677816095462;1310;134.11053804132206;1310;0.69338268546236936;1310;0.65157017731254;1310;0.750144962920011
1320;149.13785210730308;1320;23.70677816095462;1320;134.14716025269325;1320;0.69294779670233653;1320;0.65431684316537986;1320;0.750144962920011
1330;149.11343729972228;1330;23.877681814020203;1330;134.13495284890286;1330;0.692671049309588;1330;0.65614795373393964;1330;0.750144962920011
1340;148.9547410504471;1340;23.902096621601;1340;134.06170842616046;1340;0.6923547665750186;1340;0.65248573259682008;1340;0.750144962920011
1350;148.9303262428663;1350;23.877681814020203;1350;134.12274544511246;1350;0.69203848384044908;1350;0.65706350901821964;1350;0.750144962920011
1360;148.97915585802789;1360;23.828852198858606;1360;134.11053804132206;1360;0.69172220110587967;1360;0.65095980712302;1360;0.750144962920011
1370;149.05240028077029;1370;23.828852198858606;1370;134.15936765648365;1370;0.69144545371313149;1370;0.65767387920773956;1370;0.750144962920011
1380;149.00357066560869;1380;23.853267006439403;1380;134.20819727164525;1380;0.69112917097856208;1380;0.65157017731254;1380;0.750144962920011
1390;149.06460768456068;1390;23.828852198858606;1390;134.13495284890286;1390;0.69081288824399267;1390;0.6573686941129796;1390;0.750144962920011
1400;149.11343729972228;1400;23.816644795068207;1400;134.06170842616046;1400;0.69053614085124448;1400;0.65218054750206012;1400;0.750144962920011
1410;149.06460768456068;1410;23.804437391277808;1410;134.09833063753166;1410;0.69025939345849618;1410;0.65157017731254;1410;0.750144962920011
1420;148.97915585802789;1420;23.816644795068207;1420;134.17157506027405;1420;0.6900221814075691;1420;0.65462202826013982;1420;0.750144962920011
1430;148.8937040314951;1430;23.828852198858606;1430;134.15936765648365;1430;0.6897058986729997;1430;0.65431684316537986;1430;0.750144962920011
1440;148.9303262428663;1440;23.828852198858606;1440;134.11053804132206;1440;0.68938961593843029;1440;0.65675832392345967;1440;0.750144962920011
1450;148.9547410504471;1450;23.79222998748741;1450;134.13495284890286;1450;0.689112868545682;1450;0.65065462202826008;1450;0.750144962920011
1460;148.97915585802789;1460;23.877681814020203;1460;134.09833063753166;1460;0.68879658581111258;1460;0.65797906430249953;1460;0.750144962920011
1470;148.9059114352855;1470;23.804437391277808;1470;134.07391582995086;1470;0.68848030307654318;1470;0.65126499221778;1470;0.750144962920011
1480;148.9669484542375;1480;23.804437391277808;1480;134.19598986785485;1480;0.68816402034197377;1480;0.65675832392345967;1480;0.750144962920011
1490;148.9303262428663;1490;23.8898892178106;1490;134.09833063753166;1490;0.68788727294922558;1490;0.65157017731254;1490;0.750144962920011
1500;149.00357066560869;1500;23.804437391277808;1500;134.06170842616046;1500;0.68761052555647717;1500;0.65492721335489978;1500;0.750144962920011
1510;149.07681508835108;1510;23.767815179906613;1510;134.11053804132206;1510;0.68725470748008666;1510;0.6534012878811;1510;0.750144962920011
1520;148.99136326181829;1520;23.853267006439403;1520;134.22040467543565;1520;0.68697796008733836;1520;0.65248573259682008;1520;0.750144962920011
1530;148.9669484542375;1530;23.902096621601;1530;134.19598986785485;1530;0.68674074803641127;1530;0.65706350901821964;1530;0.750144962920011
1540;148.97915585802789;1540;23.877681814020203;1540;134.13495284890286;1540;0.68634539461819954;1540;0.6534012878811;1540;0.750144962920011
1550;149.02798547318949;1550;23.902096621601;1550;134.09833063753166;1550;0.68602911188363014;1550;0.65706350901821964;1550;0.750144962920011
1560;148.9669484542375;1560;23.828852198858606;1560;134.09833063753166;1560;0.68575236449088184;1560;0.65034943693350011;1560;0.750144962920011
1570;148.9303262428663;1570;23.841059602649004;1570;134.11053804132206;1570;0.68551515243995487;1570;0.6573686941129796;1570;0.750144962920011
1580;148.86928922391431;1580;23.816644795068207;1580;133.97625659962767;1580;0.68519886970538546;1580;0.65095980712302;1580;0.750144962920011
1590;148.88149662770471;1590;23.828852198858606;1590;134.01287881099887;1590;0.68492212231263716;1590;0.65553758354441971;1590;0.750144962920011
1600;149.00357066560869;1600;23.877681814020203;1600;134.07391582995086;1600;0.684645374919889;1600;0.6534012878811;1600;0.750144962920011
1610;149.07681508835108;1610;23.902096621601;1610;134.07391582995086;1610;0.68425002150167713;1610;0.65492721335489978;1610;0.750144962920011
1620;149.08902249214148;1620;23.926511429181797;1620;133.95184179204688;1620;0.68397327410892894;1620;0.65553758354441971;1620;0.750144962920011
1630;149.00357066560869;1630;23.9143040253914;1630;133.91521958067568;1630;0.68365699137435954;1630;0.65034943693350011;1630;0.750144962920011
1640;148.9669484542375;1640;23.877681814020203;1640;134.03729361857967;1640;0.68330117329796891;1640;0.65553758354441971;1640;0.750144962920011
1650;148.8937040314951;1650;23.828852198858606;1650;134.09833063753166;1650;0.68290581987975718;1650;0.6534012878811;1650;0.750144962920011
1660;148.99136326181829;1660;23.853267006439403;1660;134.11053804132206;1660;0.68270814317065132;1660;0.65828424939725949;1660;0.750144962920011
1670;149.06460768456068;1670;23.816644795068207;1670;134.06170842616046;1670;0.6824313957779029;1670;0.65065462202826008;1670;0.750144962920011
1680;149.10122989593188;1680;23.853267006439403;1680;134.04950102237007;1680;0.6821151130433335;1680;0.65767387920773956;1680;0.750144962920011
1690;149.11343729972228;1690;23.902096621601;1690;134.04950102237007;1690;0.68179883030876409;1690;0.65218054750206012;1690;0.750144962920011
1700;149.11343729972228;1700;23.755607776116214;1700;134.03729361857967;1700;0.68140347689055225;1700;0.65462202826013982;1700;0.750144962920011
1710;149.05240028077029;1710;23.841059602649004;1710;134.03729361857967;1710;0.68108719415598284;1710;0.65706350901821964;1710;0.750144962920011
1720;148.9669484542375;1720;23.987548448133793;1720;134.14716025269325;1720;0.68077091142141344;1720;0.65492721335489978;1720;0.750144962920011
1730;148.9669484542375;1730;23.8898892178106;1730;134.14716025269325;1730;0.68049416402866525;1730;0.65614795373393964;1730;0.750144962920011
1740;148.9669484542375;1740;23.841059602649004;1740;134.07391582995086;1740;0.68017788129409584;1740;0.65157017731254;1740;0.750144962920011
1750;149.10122989593188;1750;24.048585467085786;1750;134.09833063753166;1750;0.67990113390134754;1750;0.65767387920773956;1750;0.750144962920011
1760;148.97915585802789;1760;24.048585467085786;1760;134.12274544511246;1760;0.67962438650859935;1760;0.65126499221778;1760;0.750144962920011
1770;148.9547410504471;1770;23.9143040253914;1770;134.13495284890286;1770;0.67930810377403;1770;0.6573686941129796;1770;0.750144962920011
1780;148.9303262428663;1780;23.963133640552993;1780;134.04950102237007;1780;0.67895228569763932;1780;0.65126499221778;1780;0.750144962920011
1790;149.00357066560869;1790;23.987548448133793;1790;134.02508621478927;1790;0.67867553830489113;1790;0.65614795373393964;1790;0.750144962920011
1800;149.11343729972228;1800;23.9143040253914;1800;134.02508621478927;1800;0.67831972022850051;1800;0.65523239844965975;1800;0.750144962920011
1810;149.00357066560869;1810;23.8898892178106;1810;134.07391582995086;1810;0.6780034374939311;1810;0.65279091769158;1810;0.750144962920011
1820;148.9669484542375;1820;23.975341044343395;1820;134.03729361857967;1820;0.67776622544300391;1820;0.65584276863917967;1820;0.750144962920011
1830;148.99136326181829;1830;23.938718832972196;1830;133.97625659962767;1830;0.67744994270843439;1830;0.65492721335489978;1830;0.750144962920011
1840;149.08902249214148;1840;23.902096621601;1840;134.00067140720847;1840;0.677133659973865;1840;0.65889461958677942;1840;0.750144962920011
1850;149.06460768456068;1850;24.011963255714591;1850;134.02508621478927;1850;0.6768569125811168;1850;0.65126499221778;1850;0.750144962920011
1860;149.02798547318949;1860;23.975341044343395;1860;134.07391582995086;1860;0.67658016518836861;1860;0.65706350901821964;1860;0.750144962920011
1870;149.15005951109347;1870;23.804437391277808;1870;134.09833063753166;1870;0.67630341779562031;1870;0.65095980712302;1870;0.750144962920011
1880;149.16226691488387;1880;23.902096621601;1880;134.06170842616046;1880;0.67602667040287212;1880;0.6573686941129796;1880;0.750144962920011
1890;149.05240028077029;1890;23.938718832972196;1890;134.11053804132206;1890;0.67571038766830271;1890;0.65279091769158;1890;0.750144962920011
1900;149.08902249214148;1900;23.828852198858606;1900;134.19598986785485;1900;0.67535456959191209;1900;0.65248573259682008;1900;0.750144962920011
1910;149.13785210730308;1910;23.8898892178106;1910;134.12274544511246;1910;0.67503828685734268;1910;0.65553758354441971;1910;0.750144962920011
1920;149.01577806939909;1920;23.804437391277808;1920;134.03729361857967;1920;0.67468246878095206;1920;0.65492721335489978;1920;0.750144962920011
1930;148.86928922391431;1930;23.877681814020203;1930;134.09833063753166;1930;0.67436618604638265;1930;0.65675832392345967;1930;0.750144962920011
1940;148.77162999359109;1940;23.999755851924192;1940;134.02508621478927;1940;0.67404990331181325;1940;0.65095980712302;1940;0.750144962920011
1950;148.9059114352855;1950;23.975341044343395;1950;134.02508621478927;1950;0.67365454989360152;1950;0.65828424939725949;1950;0.750144962920011
1960;148.9059114352855;1960;23.999755851924192;1960;134.01287881099887;1960;0.67345687318449554;1960;0.65126499221778;1960;0.750144962920011
1970;148.9669484542375;1970;23.963133640552993;1970;134.07391582995086;1970;0.67321966113356846;1970;0.6573686941129796;1970;0.750144962920011
1980;148.9547410504471;1980;23.8898892178106;1980;134.06170842616046;1980;0.672903378398999;1980;0.6534012878811;1980;0.750144962920011
1990;148.8937040314951;1990;23.975341044343395;1990;134.02508621478927;1990;0.672468489638966;1990;0.65706350901821964;1990;0.750144962920011
2000;148.9181188390759;2000;23.926511429181797;2000;134.11053804132206;2000;0.6721917422462178;2000;0.65492721335489978;2000;0.750144962920011
2010;148.8937040314951;2010;23.963133640552993;2010;134.04950102237007;2010;0.6718754595116484;2010;0.65126499221778;2010;0.750144962920011
2020;148.99136326181829;2020;23.987548448133793;2020;133.92742698446608;2020;0.6715987121189001;2020;0.65584276863917967;2020;0.750144962920011
2030;148.99136326181829;2030;23.938718832972196;2030;134.01287881099887;2030;0.67128242938433069;2030;0.6534012878811;2030;0.750144962920011
2040;149.00357066560869;2040;23.987548448133793;2040;134.01287881099887;2040;0.6710056819915825;2040;0.65797906430249953;2040;0.750144962920011
2050;148.97915585802789;2050;23.999755851924192;2050;134.02508621478927;2050;0.6706893992570131;2050;0.65004425183874015;2050;0.750144962920011
2060;149.06460768456068;2060;24.060792870876185;2060;134.12274544511246;2060;0.67041265186426491;2060;0.65675832392345967;2060;0.750144962920011
2070;148.9303262428663;2070;24.060792870876185;2070;134.07391582995086;2070;0.67017543981333771;2070;0.65218054750206012;2070;0.750144962920011
2080;148.86928922391431;2080;23.999755851924192;2080;134.11053804132206;2080;0.66974055105330488;2080;0.65584276863917967;2080;0.750144962920011
2090;148.97915585802789;2090;23.963133640552993;2090;134.04950102237007;2090;0.66938473297691425;2090;0.65279091769158;2090;0.750144962920011
2100;148.8937040314951;2100;23.938718832972196;2100;133.97625659962767;2100;0.66902891490052363;2100;0.65309610278634;2100;0.750144962920011
2110;148.86928922391431;2110;23.975341044343395;2110;133.97625659962767;2110;0.66879170284959666;2110;0.65614795373393964;2110;0.750144962920011
2120;148.80825220496229;2120;24.085207678456982;2120;133.97625659962767;2120;0.668435884773206;2120;0.65279091769158;2120;0.750144962920011
2130;148.9181188390759;2130;24.109622486037779;2130;134.09833063753166;2130;0.66815913738045773;2130;0.65584276863917967;2130;0.750144962920011
2140;148.99136326181829;2140;23.999755851924192;2140;134.13495284890286;2140;0.66788238998770943;2140;0.65126499221778;2140;0.750144962920011
2150;149.05240028077029;2150;23.963133640552993;2150;134.04950102237007;2150;0.66756610725314;2150;0.65828424939725949;2150;0.750144962920011
2160;148.9303262428663;2160;23.926511429181797;2160;134.01287881099887;2160;0.66728935986039162;2160;0.65004425183874015;2160;0.750144962920011
2170;148.9303262428663;2170;23.926511429181797;2170;134.03729361857967;2170;0.66701261246764343;2170;0.65614795373393964;2170;0.750144962920011
2180;148.9669484542375;2180;23.999755851924192;2180;134.04950102237007;2180;0.6666567943912528;2180;0.65218054750206012;2180;0.750144962920011
2190;148.9669484542375;2190;23.987548448133793;2190;134.00067140720847;2190;0.6663405116566834;2190;0.65279091769158;2190;0.750144962920011
2200;148.9303262428663;2200;23.926511429181797;2200;133.82976775414289;2200;0.6660637642639351;2200;0.65523239844965975;2200;0.750144962920011
2210;148.82045960875269;2210;23.938718832972196;2210;133.84197515793329;2210;0.66566841084572337;2210;0.65462202826013982;2210;0.750144962920011
2220;149.00357066560869;2220;24.073000274666583;2220;133.95184179204688;2220;0.66547073413661739;2220;0.65767387920773956;2220;0.750144962920011
2230;148.9547410504471;2230;24.109622486037779;2230;133.96404919583728;2230;0.66507538071840566;2230;0.65218054750206012;2230;0.750144962920011
2240;148.9303262428663;2240;24.073000274666583;2240;133.93963438825648;2240;0.66475909798383626;2240;0.65767387920773956;2240;0.750144962920011
2250;148.82045960875269;2250;24.011963255714591;2250;133.91521958067568;2250;0.66456142127473039;2250;0.65095980712302;2250;0.750144962920011
2260;148.9059114352855;2260;24.060792870876185;2260;134.01287881099887;2260;0.6642846738819822;2260;0.6573686941129796;2260;0.750144962920011
2270;149.05240028077029;2270;24.146244697408974;2270;134.02508621478927;2270;0.66384978512194914;2270;0.65065462202826008;2270;0.750144962920011
2280;148.9059114352855;2280;24.158452101199373;2280;134.03729361857967;2280;0.66353350238737974;2280;0.65309610278634;2280;0.750144962920011
2290;148.9303262428663;2290;24.146244697408974;2290;134.01287881099887;2290;0.66325675499463155;2290;0.65309610278634;2290;0.750144962920011
2300;148.97915585802789;2300;24.085207678456982;2300;134.11053804132206;2300;0.66294047226006214;2300;0.65431684316537986;2300;0.750144962920011
2310;149.05240028077029;2310;24.048585467085786;2310;134.13495284890286;2310;0.662663724867314;2310;0.65675832392345967;2310;0.750144962920011
2320;149.01577806939909;2320;24.073000274666583;2320;134.09833063753166;2320;0.66234744213274444;2320;0.65309610278634;2320;0.750144962920011
2330;149.05240028077029;2330;24.09741508224738;2330;134.07391582995086;2330;0.66207069473999614;2330;0.65797906430249953;2330;0.750144962920011
2340;148.9669484542375;2340;24.134037293618576;2340;134.02508621478927;2340;0.66179394734724784;2340;0.65126499221778;2340;0.750144962920011
2350;148.99136326181829;2350;24.134037293618576;2350;134.06170842616046;2350;0.66147766461267843;2350;0.65706350901821964;2350;0.750144962920011
2360;149.02798547318949;2360;24.085207678456982;2360;134.04950102237007;2360;0.6610823111944667;2360;0.65004425183874015;2360;0.750144962920011
2370;149.06460768456068;2370;24.011963255714591;2370;134.07391582995086;2370;0.6608055638017184;2370;0.65492721335489978;2370;0.750144962920011
2380;148.9181188390759;2380;23.828852198858606;2380;134.04950102237007;2380;0.66052881640897021;2380;0.65248573259682008;2380;0.750144962920011
2390;148.82045960875269;2390;23.877681814020203;2390;133.95184179204688;2390;0.660252069016222;2390;0.65431684316537986;2390;0.750144962920011
2400;148.8937040314951;2400;24.073000274666583;2400;133.96404919583728;2400;0.65993578628165261;2400;0.65553758354441971;2400;0.750144962920011
2410;148.9303262428663;2410;24.146244697408974;2410;134.09833063753166;2410;0.659579968205262;2410;0.65248573259682008;2410;0.750144962920011
2420;148.9669484542375;2420;24.085207678456982;2420;134.14716025269325;2420;0.65930322081251369;2420;0.65614795373393964;2420;0.750144962920011
2430;148.99136326181829;2430;23.999755851924192;2430;134.06170842616046;2430;0.65906600876158672;2430;0.65218054750206012;2430;0.750144962920011
2440;149.10122989593188;2440;24.060792870876185;2440;133.95184179204688;2440;0.65874972602701731;2440;0.65767387920773956;2440;0.750144962920011
2450;148.9547410504471;2450;24.011963255714591;2450;133.87859736930449;2450;0.65839390795062669;2450;0.65126499221778;2450;0.750144962920011
2460;148.84487441633351;2460;23.987548448133793;2460;133.91521958067568;2460;0.65807762521605728;2460;0.65706350901821964;2460;0.750144962920011
2470;148.84487441633351;2470;24.024170659504989;2470;133.97625659962767;2470;0.65776134248148788;2470;0.65065462202826008;2470;0.750144962920011
2480;148.97915585802789;2480;24.060792870876185;2480;134.01287881099887;2480;0.65744505974691847;2480;0.65492721335489978;2480;0.750144962920011
2490;148.97915585802789;2490;24.109622486037779;2490;134.04950102237007;2490;0.65720784769599117;2490;0.65584276863917967;2490;0.750144962920011
2500;148.9669484542375;2500;24.011963255714591;2500;134.03729361857967;2500;0.65681249427777944;2500;0.65279091769158;2500;0.750144962920011
2510;149.06460768456068;2510;23.926511429181797;2510;133.92742698446608;2510;0.6564171408595677;2510;0.65675832392345967;2510;0.750144962920011
2520;148.99136326181829;2520;23.975341044343395;2520;134.06170842616046;2520;0.6561403934668194;2520;0.65492721335489978;2520;0.750144962920011
2530;148.97915585802789;2530;24.011963255714591;2530;134.15936765648365;2530;0.65594271675771354;2530;0.65919980468153938;2530;0.750144962920011
2540;148.84487441633351;2540;24.085207678456982;2540;133.97625659962767;2540;0.65554736333950181;2540;0.65065462202826008;2540;0.750144962920011
2550;148.8937040314951;2550;24.048585467085786;2550;133.93963438825648;2550;0.6552310806049324;2550;0.65828424939725949;2550;0.750144962920011
2560;148.9059114352855;2560;23.926511429181797;2560;134.02508621478927;2560;0.654914797870363;2560;0.65218054750206012;2560;0.750144962920011
2570;148.86928922391431;2570;24.048585467085786;2570;133.95184179204688;2570;0.65459851513579348;2570;0.65675832392345967;2570;0.750144962920011
2580;148.86928922391431;2580;24.060792870876185;2580;133.7565233314005;2580;0.65444037376850883;2580;0.65034943693350011;2580;0.750144962920011
2590;148.9547410504471;2590;24.085207678456982;2590;133.7443159276101;2590;0.6540450203502971;2590;0.65614795373393964;2590;0.750144962920011
2600;149.02798547318949;2600;24.134037293618576;2600;133.81756035035249;2600;0.65376827295754891;2600;0.66866054261909846;2600;0.750144962920011
2610;148.9303262428663;2610;24.024170659504989;2610;133.86638996551409;2610;0.6534519902229794;2610;0.673543504135258;2610;0.750144962920011
2620;148.9059114352855;2620;24.073000274666583;2620;133.91521958067568;2620;0.65325431351387353;2620;0.66988128299813832;2620;0.750144962920011
2630;148.78383739738149;2630;24.146244697408974;2630;133.81756035035249;2630;0.65297756612112523;2630;0.630512405774102;2630;0.750144962920011
2640;148.84487441633351;2640;24.170659504989779;2640;133.82976775414289;2640;0.652700818728377;2640;0.62685018463698228;2640;0.750144962920011
2650;148.88149662770471;2650;24.09741508224738;2650;133.92742698446608;2650;0.65234500065198642;2650;0.63722647785882147;2650;0.750144962920011
2660;148.9669484542375;2660;24.134037293618576;2660;133.96404919583728;2660;0.65194964723377447;2660;0.66042054506057923;2660;0.750144962920011
2670;148.99136326181829;2670;24.170659504989779;2670;133.96404919583728;2670;0.65167289984102628;2670;0.65950498977629934;2670;0.750144962920011
2680;148.9181188390759;2680;24.048585467085786;2680;134.01287881099887;2680;0.65135661710645687;2680;0.65248573259682008;2680;0.750144962920011
2690;148.9547410504471;2690;23.999755851924192;2690;133.96404919583728;2690;0.65104033437188746;2690;0.641193884090701;2690;0.750144962920011
2700;148.83266701254311;2700;24.109622486037779;2700;134.00067140720847;2700;0.65064498095367562;2700;0.63844721823786132;2700;0.750144962920011
2710;148.79604480117189;2710;24.109622486037779;2710;133.93963438825648;2710;0.650289162877285;2710;0.64790795617542041;2710;0.750144962920011
2720;148.7228003784295;2720;24.158452101199373;2720;133.82976775414289;2720;0.650051950826358;2720;0.64790795617542041;2720;0.750144962920011
2730;148.7105929746391;2730;24.158452101199373;2730;133.86638996551409;2730;0.64981473877543083;2730;0.65523239844965975;2730;0.750144962920011
2740;148.7105929746391;2740;23.999755851924192;2740;133.91521958067568;2740;0.64949845604086143;2740;0.64699240089114052;2740;0.750144962920011
2750;148.86928922391431;2750;23.999755851924192;2750;134.00067140720847;2750;0.6491426379644708;2750;0.6534012878811;2750;0.750144962920011
2760;148.88149662770471;2760;23.999755851924192;2760;133.97625659962767;2760;0.64886589057172261;2760;0.64516129032258063;2760;0.750144962920011
2770;148.8937040314951;2770;24.085207678456982;2770;133.92742698446608;2770;0.64858914317897443;2770;0.65065462202826008;2770;0.750144962920011
2780;149.00357066560869;2780;24.219489120151373;2780;133.84197515793329;2780;0.64839146646986856;2780;0.65034943693350011;2780;0.750144962920011
2790;149.00357066560869;2790;24.170659504989779;2790;133.84197515793329;2790;0.64803564839347794;2790;0.64851832636494033;2790;0.750144962920011
2800;149.07681508835108;2800;24.048585467085786;2800;133.93963438825648;2800;0.64767983031708731;2800;0.65157017731254;2800;0.750144962920011
2810;148.9669484542375;2810;24.060792870876185;2810;133.90301217688528;2810;0.64736354758251791;2810;0.65126499221778;2810;0.750144962920011
2820;148.82045960875269;2820;24.109622486037779;2820;133.93963438825648;2820;0.64708680018976961;2820;0.65462202826013982;2820;0.750144962920011
2830;148.88149662770471;2830;23.999755851924192;2830;133.91521958067568;2830;0.646730982113379;2830;0.64546647541734059;2830;0.750144962920011
2840;148.99136326181829;2840;24.024170659504989;2840;133.96404919583728;2840;0.64641469937880958;2840;0.65370647297585993;2840;0.750144962920011
2850;148.8937040314951;2850;24.158452101199373;2850;134.03729361857967;2850;0.64609841664424017;2850;0.64790795617542041;2850;0.750144962920011
2860;148.9303262428663;2860;24.195074312570576;2860;133.90301217688528;2860;0.64570306322602844;2860;0.65492721335489978;2860;0.750144962920011
2870;149.00357066560869;2870;24.134037293618576;2870;133.7687307351909;2870;0.64550538651692246;2870;0.65004425183874015;2870;0.750144962920011
2880;148.8937040314951;2880;24.109622486037779;2880;133.81756035035249;2880;0.64511003309871073;2880;0.65126499221778;2880;0.750144962920011
2890;148.9303262428663;2890;24.09741508224738;2890;133.91521958067568;2890;0.64483328570596243;2890;0.65309610278634;2890;0.750144962920011
2900;148.9669484542375;2900;24.024170659504989;2900;134.13495284890286;2900;0.644517002971393;2900;0.65004425183874015;2900;0.750144962920011
2910;148.97915585802789;2910;24.195074312570576;2910;134.13495284890286;2910;0.64420072023682362;2910;0.65431684316537986;2910;0.750144962920011
2920;148.97915585802789;2920;24.219489120151373;2920;133.97625659962767;2920;0.64388443750225421;2920;0.65034943693350011;2920;0.750144962920011
2930;148.9669484542375;2930;24.109622486037779;2930;133.90301217688528;2930;0.64356815476768481;2930;0.65767387920773956;2930;0.750144962920011
2940;148.82045960875269;2940;23.999755851924192;2940;133.85418256172369;2940;0.64329140737493651;2940;0.64912869655446026;2940;0.750144962920011
2950;148.9303262428663;2950;23.999755851924192;2950;133.87859736930449;2950;0.64301465998218832;2950;0.65614795373393964;2950;0.750144962920011
2960;148.99136326181829;2960;24.109622486037779;2960;133.90301217688528;2960;0.64269837724761891;2960;0.64973906674398019;2960;0.750144962920011
2970;149.01577806939909;2970;24.146244697408974;2970;133.93963438825648;2970;0.64234255917122829;2970;0.65218054750206012;2970;0.750144962920011
2980;149.05240028077029;2980;24.134037293618576;2980;133.92742698446608;2980;0.64210534712030121;2980;0.65248573259682008;2980;0.750144962920011
2990;149.00357066560869;2990;24.060792870876185;2990;133.95184179204688;2990;0.64174952904391058;2990;0.65248573259682008;2990;0.750144962920011
3000;148.9303262428663;3000;24.048585467085786;3000;133.81756035035249;3000;0.64147278165116239;3000;0.65523239844965975;3000;0.750144962920011
3010;148.7350077822199;3010;24.011963255714591;3010;133.71990112002931;3010;0.64111696357477177;3010;0.65004425183874015;3010;0.750144962920011
3020;148.86928922391431;3020;24.024170659504989;3020;133.82976775414289;3020;0.64080068084020236;3020;0.65553758354441971;3020;0.750144962920011
3030;148.9059114352855;3030;24.109622486037779;3030;133.84197515793329;3030;0.640484398105633;3030;0.6488235114597003;3030;0.750144962920011
3040;149.01577806939909;3040;24.09741508224738;3040;133.86638996551409;3040;0.64020765071288455;3040;0.65706350901821964;3040;0.750144962920011
3050;148.97915585802789;3050;24.048585467085786;3050;133.82976775414289;3050;0.63989136797831514;3050;0.64973906674398019;3050;0.750144962920011
3060;148.9547410504471;3060;24.09741508224738;3060;133.7687307351909;3060;0.63957508524374573;3060;0.65431684316537986;3060;0.750144962920011
3070;148.9669484542375;3070;24.195074312570576;3070;133.81756035035249;3070;0.63933787319281876;3070;0.65157017731254;3070;0.750144962920011
3080;148.99136326181829;3080;24.134037293618576;3080;133.7687307351909;3080;0.63886344909096471;3080;0.65431684316537986;3080;0.750144962920011
3090;149.01577806939909;3090;24.134037293618576;3090;133.81756035035249;3090;0.6385471663563953;3090;0.65584276863917967;3090;0.750144962920011
3100;148.83266701254311;3100;24.182866908780177;3100;133.92742698446608;3100;0.63827041896364689;3100;0.65065462202826008;3100;0.750144962920011
3110;148.9303262428663;3110;24.109622486037779;3110;133.93963438825648;3110;0.6379936715708987;3110;0.65675832392345967;3110;0.750144962920011
3120;148.97915585802789;3120;24.09741508224738;3120;133.86638996551409;3120;0.63779599486179284;3120;0.65218054750206012;3120;0.750144962920011
3130;148.9059114352855;3130;24.195074312570576;3130;133.7565233314005;3130;0.63736110610175989;3130;0.65828424939725949;3130;0.750144962920011
3140;148.78383739738149;3140;24.195074312570576;3140;133.81756035035249;3140;0.63700528802536915;3140;0.64973906674398019;3140;0.750144962920011
3150;148.86928922391431;3150;24.24390392773217;3150;134.04950102237007;3150;0.636728540632621;3150;0.6573686941129796;3150;0.750144962920011
3160;148.82045960875269;3160;24.341563158055362;3160;134.01287881099887;3160;0.63645179323987278;3160;0.65095980712302;3160;0.750144962920011
3170;148.8937040314951;3170;24.24390392773217;3170;133.8053529465621;3170;0.63613551050530337;3170;0.65095980712302;3170;0.750144962920011
3180;149.01577806939909;3180;24.24390392773217;3180;133.82976775414289;3180;0.63589829845437618;3180;0.65462202826013982;3180;0.750144962920011
3190;148.9059114352855;3190;24.170659504989779;3190;133.93963438825648;3190;0.63554248037798566;3190;0.65523239844965975;3190;0.750144962920011
3200;148.80825220496229;3200;24.060792870876185;3200;133.95184179204688;3200;0.63522619764341626;3200;0.65675832392345967;3200;0.750144962920011
3210;148.64955595568711;3210;24.109622486037779;3210;133.86638996551409;3210;0.63490991490884674;3210;0.64973906674398019;3210;0.750144962920011
3220;148.77162999359109;3220;24.256111331522568;3220;133.7321085238197;3220;0.63455409683245623;3220;0.65584276863917967;3220;0.750144962920011
3230;148.84487441633351;3230;24.26831873531297;3230;133.7565233314005;3230;0.63427734943970793;3230;0.64912869655446026;3230;0.750144962920011
3240;148.97915585802789;3240;24.256111331522568;3240;133.84197515793329;3240;0.63404013738878084;3240;0.65767387920773956;3240;0.750144962920011
3250;148.84487441633351;3250;24.256111331522568;3250;133.82976775414289;3250;0.63368431931239033;3250;0.65065462202826008;3250;0.750144962920011
3260;148.9181188390759;3260;24.24390392773217;3260;133.82976775414289;3260;0.63332850123599971;3260;0.65309610278634;3260;0.750144962920011
3270;149.02798547318949;3270;24.26831873531297;3270;133.7443159276101;3270;0.63297268315960908;3270;0.65218054750206012;3270;0.750144962920011
3280;149.02798547318949;3280;24.256111331522568;3280;133.81756035035249;3280;0.63257732974139735;3280;0.65431684316537986;3280;0.750144962920011
3290;149.15005951109347;3290;24.170659504989779;3290;133.87859736930449;3290;0.63234011769047027;3290;0.65614795373393964;3290;0.750144962920011
3300;148.99136326181829;3300;24.195074312570576;3300;133.91521958067568;3300;0.63202383495590075;3300;0.65248573259682008;3300;0.750144962920011
3310;148.86928922391431;3310;24.231696523941771;3310;133.82976775414289;3310;0.63170755222133135;3310;0.65919980468153938;3310;0.750144962920011
3320;148.83266701254311;3320;24.134037293618576;3320;133.81756035035249;3320;0.63135173414494072;3320;0.65095980712302;3320;0.750144962920011
3330;148.8937040314951;3330;24.231696523941771;3330;133.95184179204688;3330;0.63107498675219253;3330;0.65706350901821964;3330;0.750144962920011
3340;148.9059114352855;3340;24.329355754264963;3340;133.8053529465621;3340;0.63075870401762313;3340;0.64973906674398019;3340;0.750144962920011
3350;148.97915585802789;3350;24.35377056184576;3350;133.8053529465621;3350;0.63044242128305372;3350;0.65675832392345967;3350;0.750144962920011
3360;148.84487441633351;3360;24.24390392773217;3360;133.82976775414289;3360;0.6300866032066631;3360;0.65279091769158;3360;0.750144962920011
3370;148.79604480117189;3370;24.24390392773217;3370;133.84197515793329;3370;0.62977032047209369;3370;0.65218054750206012;3370;0.750144962920011
3380;148.8937040314951;3380;24.182866908780177;3380;133.87859736930449;3380;0.62969124978845126;3380;0.65462202826013982;3380;0.750144962920011
3390;148.97915585802789;3390;24.073000274666583;3390;133.92742698446608;3390;0.62945403773752429;3390;0.65370647297585993;3390;0.750144962920011
3400;149.00357066560869;3400;24.195074312570576;3400;134.02508621478927;3400;0.62905868431931244;3400;0.65614795373393964;3400;0.750144962920011
3410;148.88149662770471;3410;24.280526139103369;3410;134.00067140720847;3410;0.62870286624292182;3410;0.64973906674398019;3410;0.750144962920011
3420;148.8937040314951;3420;24.26831873531297;3420;133.95184179204688;3420;0.62838658350835241;3420;0.65767387920773956;3420;0.750144962920011
3430;148.86928922391431;3430;24.231696523941771;3430;134.00067140720847;3430;0.628070300773783;3430;0.65004425183874015;3430;0.750144962920011
3440;149.01577806939909;3440;24.170659504989779;3440;133.91521958067568;3440;0.62779355338103482;3440;0.65767387920773956;3440;0.750144962920011
3450;149.01577806939909;3450;24.158452101199373;3450;133.85418256172369;3450;0.62751680598828663;3450;0.65126499221778;3450;0.750144962920011
3460;148.97915585802789;3460;24.231696523941771;3460;133.92742698446608;3460;0.627160987911896;3460;0.65248573259682008;3460;0.750144962920011
3470;148.88149662770471;3470;24.195074312570576;3470;133.92742698446608;3470;0.62684470517732638;3470;0.6534012878811;3470;0.750144962920011
3480;148.84487441633351;3480;24.134037293618576;3480;133.87859736930449;3480;0.62648888710093575;3480;0.65462202826013982;3480;0.750144962920011
3490;149.00357066560869;3490;24.182866908780177;3490;133.85418256172369;3490;0.62621213970818757;3490;0.65553758354441971;3490;0.750144962920011
3500;148.97915585802789;3500;24.09741508224738;3500;133.92742698446608;3500;0.62581678628997572;3500;0.6488235114597003;3500;0.750144962920011
3510;149.10122989593188;3510;24.231696523941771;3510;133.86638996551409;3510;0.62561910958086986;3510;0.65614795373393964;3510;0.750144962920011
3520;149.00357066560869;3520;24.256111331522568;3520;133.81756035035249;3520;0.62534236218812156;3520;0.65034943693350011;3520;0.750144962920011
3530;148.9547410504471;3530;24.24390392773217;3530;133.90301217688528;3530;0.62506561479537337;3530;0.65919980468153938;3530;0.750144962920011
3540;148.97915585802789;3540;24.256111331522568;3540;133.84197515793329;3540;0.624749332060804;3540;0.65095980712302;3540;0.750144962920011
3550;148.99136326181829;3550;24.195074312570576;3550;133.85418256172369;3550;0.62439351398441334;3550;0.65431684316537986;3550;0.750144962920011
3560;148.99136326181829;3560;24.24390392773217;3560;133.81756035035249;3560;0.62415630193348637;3560;0.65279091769158;3560;0.750144962920011
3570;149.05240028077029;3570;24.195074312570576;3570;133.85418256172369;3570;0.62380048385709574;3570;0.65553758354441971;3570;0.750144962920011
3580;148.9303262428663;3580;24.182866908780177;3580;134.00067140720847;3580;0.62352373646434744;3580;0.65675832392345967;3580;0.750144962920011
3590;148.82045960875269;3590;24.170659504989779;3590;134.00067140720847;3590;0.623207453729778;3590;0.65065462202826008;3590;0.750144962920011
3600;148.99136326181829;3600;24.231696523941771;3600;134.00067140720847;3600;0.62285163565338753;3600;0.65675832392345967;3600;0.750144962920011
3610;148.9303262428663;3610;24.341563158055362;3610;134.02508621478927;3610;0.6224958175769969;3610;0.65095980712302;3610;0.750144962920011
3620;148.86928922391431;3620;24.427014984588151;3620;134.01287881099887;3620;0.6221795348424275;3620;0.6573686941129796;3620;0.750144962920011
3630;148.84487441633351;3630;24.329355754264963;3630;133.95184179204688;3630;0.62182371676603676;3630;0.64973906674398019;3630;0.750144962920011
3640;148.99136326181829;3640;24.195074312570576;3640;133.87859736930449;3640;0.62150743403146735;3640;0.65523239844965975;3640;0.750144962920011
3650;149.06460768456068;3650;24.146244697408974;3650;133.7809381389813;3650;0.62127022198054016;3650;0.65004425183874015;3650;0.750144962920011
3660;148.99136326181829;3660;24.219489120151373;3660;133.82976775414289;3660;0.62095393924597075;3660;0.65462202826013982;3660;0.750144962920011
3670;148.9059114352855;3670;24.35377056184576;3670;133.82976775414289;3670;0.62067719185322257;3670;0.65614795373393964;3670;0.750144962920011
3680;148.78383739738149;3680;24.304940946684166;3680;133.81756035035249;3680;0.62024230309318973;3680;0.65248573259682008;3680;0.750144962920011
3690;148.77162999359109;3690;24.256111331522568;3690;133.8053529465621;3690;0.61996555570044132;3690;0.65675832392345967;3690;0.750144962920011
3700;148.86928922391431;3700;24.317148350474564;3700;133.86638996551409;3700;0.61964927296587191;3700;0.65095980712302;3700;0.750144962920011
3710;149.00357066560869;3710;24.329355754264963;3710;134.01287881099887;3710;0.61937252557312372;3710;0.6573686941129796;3710;0.750144962920011
3720;148.99136326181829;3720;24.304940946684166;3720;134.03729361857967;3720;0.61905624283855432;3720;0.64912869655446026;3720;0.750144962920011
3730;149.00357066560869;3730;24.35377056184576;3730;133.93963438825648;3730;0.61870042476216369;3730;0.65553758354441971;3730;0.750144962920011
3740;148.8937040314951;3740;24.402600177007354;3740;133.7565233314005;3740;0.618542283394879;3740;0.65034943693350011;3740;0.750144962920011
3750;148.9547410504471;3750;24.26831873531297;3750;133.84197515793329;3750;0.61822600066030964;3750;0.65584276863917967;3750;0.750144962920011
3760;148.99136326181829;3760;24.256111331522568;3760;133.87859736930449;3760;0.61790971792574023;3760;0.65462202826013982;3760;0.750144962920011
3770;148.82045960875269;3770;24.256111331522568;3770;133.85418256172369;3770;0.61759343519117083;3770;0.65218054750206012;3770;0.750144962920011
3780;148.82045960875269;3780;24.24390392773217;3780;133.84197515793329;3780;0.61735622314024363;3780;0.65584276863917967;3780;0.750144962920011
3790;148.84487441633351;3790;24.182866908780177;3790;133.91521958067568;3790;0.61703994040567423;3790;0.65462202826013982;3790;0.750144962920011
3800;148.9669484542375;3800;24.219489120151373;3800;133.92742698446608;3800;0.6166841223292836;3800;0.65889461958677942;3800;0.750144962920011
3810;148.9303262428663;3810;24.280526139103369;3810;133.85418256172369;3810;0.61628876891107187;3810;0.64912869655446026;3810;0.750144962920011
3820;148.80825220496229;3820;24.231696523941771;3820;133.85418256172369;3820;0.6160910922019659;3820;0.6573686941129796;3820;0.750144962920011
3830;148.82045960875269;3830;24.24390392773217;3830;133.7687307351909;3830;0.61577480946739649;3830;0.65004425183874015;3830;0.750144962920011
3840;148.99136326181829;3840;24.317148350474564;3840;133.8053529465621;3840;0.61541899139100587;3840;0.65614795373393964;3840;0.750144962920011
3850;148.9303262428663;3850;24.280526139103369;3850;133.7565233314005;3850;0.61518177934007889;3850;0.65248573259682008;3850;0.750144962920011
3860;148.9059114352855;3860;24.280526139103369;3860;133.7687307351909;3860;0.614786425921867;3860;0.65095980712302;3860;0.750144962920011
3870;148.88149662770471;3870;24.256111331522568;3870;133.85418256172369;3870;0.61447014318729765;3870;0.65370647297585993;3870;0.750144962920011
3880;148.7228003784295;3880;24.231696523941771;3880;133.8053529465621;3880;0.614114325110907;3880;0.65370647297585993;3880;0.750144962920011
3890;148.77162999359109;3890;24.219489120151373;3890;133.7809381389813;3890;0.61387711305998;3890;0.65706350901821964;3890;0.750144962920011
3900;148.78383739738149;3900;24.182866908780177;3900;133.84197515793329;3900;0.61360036566723186;3900;0.64912869655446026;3900;0.750144962920011
3910;148.9059114352855;3910;24.329355754264963;3910;133.90301217688528;3910;0.61324454759084124;3910;0.65706350901821964;3910;0.750144962920011
3920;148.88149662770471;3920;24.414807580797753;3920;133.93963438825648;3920;0.61292826485627183;3920;0.64912869655446026;3920;0.750144962920011
3930;148.9181188390759;3930;24.402600177007354;3930;133.92742698446608;3930;0.61265151746352353;3930;0.65828424939725949;3930;0.750144962920011
3940;148.9303262428663;3940;24.329355754264963;3940;133.85418256172369;3940;0.612295699387133;3940;0.65218054750206012;3940;0.750144962920011
3950;148.9059114352855;3950;24.390392773216956;3950;133.7443159276101;3950;0.61201895199438472;3950;0.65126499221778;3950;0.750144962920011
3960;148.9669484542375;3960;24.402600177007354;3960;133.7687307351909;3960;0.61178173994345741;3960;0.65279091769158;3960;0.750144962920011
3970;148.9303262428663;3970;24.304940946684166;3970;133.93963438825648;3970;0.61142592186706679;3970;0.65431684316537986;3970;0.750144962920011
3980;148.88149662770471;3980;24.24390392773217;3980;133.84197515793329;3980;0.6111491744743186;3980;0.65706350901821964;3980;0.750144962920011
3990;148.9547410504471;3990;24.304940946684166;3990;133.82976775414289;3990;0.61075382105610676;3990;0.65004425183874015;3990;0.750144962920011
4000;148.9669484542375;4000;24.390392773216956;4000;133.7809381389813;4000;0.61047707366335857;4000;0.65706350901821964;4000;0.750144962920011
4010;149.01577806939909;4010;24.329355754264963;4010;133.7809381389813;4010;0.61004218490332562;4010;0.65034943693350011;4010;0.750144962920011
4020;149.24771874141666;4020;24.280526139103369;4020;133.86638996551409;4020;0.60976543751057743;4020;0.65828424939725949;4020;0.750144962920011
4030;149.02798547318949;4030;24.304940946684166;4030;133.8053529465621;4030;0.60952822545965035;4030;0.65095980712302;4030;0.750144962920011
4040;148.97915585802789;4040;24.317148350474564;4040;133.85418256172369;4040;0.6090933366996174;4040;0.65462202826013982;4040;0.750144962920011
4050;149.02798547318949;4050;24.170659504989779;4050;133.71990112002931;4050;0.6088165893068691;4050;0.65309610278634;4050;0.750144962920011
4060;148.99136326181829;4060;24.170659504989779;4060;133.7443159276101;4060;0.60842123588865737;4060;0.65462202826013982;4060;0.750144962920011
4070;148.9669484542375;4070;24.256111331522568;4070;133.86638996551409;4070;0.60814448849590907;4070;0.65584276863917967;4070;0.750144962920011
4080;148.88149662770471;4080;24.26831873531297;4080;133.84197515793329;4080;0.60786774110316089;4080;0.65065462202826008;4080;0.750144962920011
4090;148.88149662770471;4090;24.488052003540147;4090;133.84197515793329;4090;0.60755145836859148;4090;0.65706350901821964;4090;0.750144962920011
4100;148.77162999359109;4100;24.451429792168948;4100;133.90301217688528;4100;0.60727471097584329;4100;0.65126499221778;4100;0.750144962920011
4110;148.9181188390759;4110;24.365977965636159;4110;133.82976775414289;4110;0.60695842824127388;4110;0.65889461958677942;4110;0.750144962920011
4120;149.07681508835108;4120;24.35377056184576;4120;133.7809381389813;4120;0.60668168084852547;4120;0.64973906674398019;4120;0.750144962920011
4130;149.08902249214148;4130;24.365977965636159;4130;133.82976775414289;4130;0.60640493345577717;4130;0.65431684316537986;4130;0.750144962920011
4140;149.00357066560869;4140;24.402600177007354;4140;133.84197515793329;4140;0.606128186063029;4140;0.65126499221778;4140;0.750144962920011
4150;148.9303262428663;4150;24.390392773216956;4150;133.87859736930449;4150;0.6058514386702808;4150;0.65553758354441971;4150;0.750144962920011
4160;149.01577806939909;4160;24.365977965636159;4160;133.84197515793329;4160;0.605693297302996;4160;0.65614795373393964;4160;0.750144962920011
4170;148.9181188390759;4170;24.26831873531297;4170;133.8053529465621;4170;0.60529794388478431;4170;0.65095980712302;4170;0.750144962920011
4180;148.86928922391431;4180;24.26831873531297;4180;133.84197515793329;4180;0.6049816611502149;4180;0.65614795373393964;4180;0.750144962920011
4190;148.9059114352855;4190;24.304940946684166;4190;133.82976775414289;4190;0.60462584307382428;4190;0.65248573259682008;4190;0.750144962920011
4200;149.06460768456068;4200;24.341563158055362;4200;133.82976775414289;4200;0.60427002499743365;4200;0.65767387920773956;4200;0.750144962920011
4210;148.9303262428663;4210;24.414807580797753;4210;133.86638996551409;4210;0.60391420692104314;4210;0.6488235114597003;4210;0.750144962920011
4220;148.9547410504471;4220;24.341563158055362;4220;133.90301217688528;4220;0.60363745952829484;4220;0.65706350901821964;4220;0.750144962920011
4230;148.99136326181829;4230;24.341563158055362;4230;133.91521958067568;4230;0.60336071213554654;4230;0.65065462202826008;4230;0.750144962920011
4240;149.01577806939909;4240;24.35377056184576;4240;133.91521958067568;4240;0.603004894059156;4240;0.65553758354441971;4240;0.750144962920011
4250;149.01577806939909;4250;24.35377056184576;4250;133.8053529465621;4250;0.60276768200822894;4250;0.65462202826013982;4250;0.750144962920011
4260;149.06460768456068;4260;24.365977965636159;4260;133.84197515793329;4260;0.60249093461548064;4260;0.65034943693350011;4260;0.750144962920011
4270;149.10122989593188;4270;24.231696523941771;4270;133.8053529465621;4270;0.60217465188091124;4270;0.65431684316537986;4270;0.750144962920011
4280;149.00357066560869;4280;24.256111331522568;4280;133.84197515793329;4280;0.60170022777905718;4280;0.65279091769158;4280;0.750144962920011
4290;149.00357066560869;4290;24.317148350474564;4290;133.92742698446608;4290;0.60142348038630877;4290;0.65797906430249953;4290;0.750144962920011
4300;148.9669484542375;4300;24.414807580797753;4300;133.7809381389813;4300;0.60122580367720291;4300;0.65004425183874015;4300;0.750144962920011
4310;149.01577806939909;4310;24.561296426282546;4310;133.7809381389813;4310;0.60094905628445472;4310;0.6573686941129796;4310;0.750144962920011
4320;148.9181188390759;4320;24.451429792168948;4320;133.81756035035249;4320;0.60067230889170653;4320;0.64821314127018037;4320;0.750144962920011
4330;148.9669484542375;4330;24.427014984588151;4330;133.95184179204688;4330;0.600356026157137;4330;0.65492721335489978;4330;0.750144962920011
4340;148.9669484542375;4340;24.475844599749749;4340;133.93963438825648;4340;0.60003974342256761;4340;0.65279091769158;4340;0.750144962920011
4350;149.00357066560869;4350;24.43922238837855;4350;133.90301217688528;4350;0.59960485466253466;4350;0.65157017731254;4350;0.750144962920011
4360;149.05240028077029;4360;24.414807580797753;4360;133.82976775414289;4360;0.59932810726978647;4360;0.65462202826013982;4360;0.750144962920011
4370;148.97915585802789;4370;24.390392773216956;4370;133.70769371623891;4370;0.59897228919339585;4370;0.6534012878811;4370;0.750144962920011
4380;148.9303262428663;4380;24.475844599749749;4380;133.86638996551409;4380;0.59865600645882644;4380;0.6573686941129796;4380;0.750144962920011
4390;148.82045960875269;4390;24.536881618701742;4390;133.90301217688528;4390;0.59830018838243582;4390;0.64973906674398019;4390;0.750144962920011
4400;149.08902249214148;4400;24.414807580797753;4400;133.82976775414289;4400;0.59802344098968763;4400;0.65706350901821964;4400;0.750144962920011
4410;148.99136326181829;4410;24.280526139103369;4410;133.82976775414289;4410;0.59770715825511822;4410;0.64973906674398019;4410;0.750144962920011
4420;148.9547410504471;4420;24.341563158055362;4420;133.81756035035249;4420;0.59739087552054881;4420;0.65828424939725949;4420;0.750144962920011
4430;149.00357066560869;4430;24.427014984588151;4430;133.92742698446608;4430;0.5971141281278004;4430;0.65218054750206012;4430;0.750144962920011
4440;148.9181188390759;4440;24.317148350474564;4440;133.95184179204688;4440;0.596797845393231;4440;0.65218054750206012;4440;0.750144962920011
4450;148.9181188390759;4450;24.329355754264963;4450;133.8053529465621;4450;0.5965210980004827;4450;0.65462202826013982;4450;0.750144962920011
4460;148.8937040314951;4460;24.390392773216956;4460;133.86638996551409;4460;0.59616527992409207;4460;0.65614795373393964;4460;0.750144962920011
4470;148.9547410504471;4470;24.365977965636159;4470;133.84197515793329;4470;0.59580946184770156;4470;0.6573686941129796;4470;0.750144962920011
4480;148.99136326181829;4480;24.402600177007354;4480;133.7565233314005;4480;0.59545364377131094;4480;0.6488235114597003;4480;0.750144962920011
4490;149.00357066560869;4490;24.536881618701742;4490;133.84197515793329;4490;0.59513736103674153;4490;0.65675832392345967;4490;0.750144962920011
4500;148.88149662770471;4500;24.451429792168948;4500;133.82976775414289;4500;0.59486061364399323;4500;0.64973906674398019;4500;0.750144962920011
4510;149.01577806939909;4510;24.390392773216956;4510;133.65886410107731;4510;0.59466293693488748;4510;0.65889461958677942;4510;0.750144962920011
4520;149.08902249214148;4520;24.390392773216956;4520;133.65886410107731;4520;0.59438618954213918;4520;0.65065462202826008;4520;0.750144962920011
4530;149.10122989593188;4530;24.280526139103369;4530;133.87859736930449;4530;0.59406990680756977;4530;0.65218054750206012;4530;0.750144962920011
4540;149.10122989593188;4540;24.341563158055362;4540;133.87859736930449;4540;0.59371408873117915;4540;0.65126499221778;4540;0.750144962920011
4550;148.9181188390759;4550;24.365977965636159;4550;133.8053529465621;4550;0.59335827065478863;4550;0.6534012878811;4550;0.750144962920011
4560;148.84487441633351;4560;24.43922238837855;4560;133.7443159276101;4560;0.59320012928750387;4560;0.65584276863917967;4560;0.750144962920011
4570;148.84487441633351;4570;24.414807580797753;4570;133.7321085238197;4570;0.59276524052747093;4570;0.65034943693350011;4570;0.750144962920011
4580;149.01577806939909;4580;24.280526139103369;4580;133.7687307351909;4580;0.59244895779290152;4580;0.65675832392345967;4580;0.750144962920011
4590;148.9669484542375;4590;24.35377056184576;4590;133.7687307351909;4590;0.59217221040015322;4590;0.65004425183874015;4590;0.750144962920011
4600;149.00357066560869;4600;24.451429792168948;4600;133.86638996551409;4600;0.591895463007405;4600;0.6573686941129796;4600;0.750144962920011
4610;149.06460768456068;4610;24.43922238837855;4610;133.91521958067568;4610;0.5915396449310143;4610;0.65034943693350011;4610;0.750144962920011
4620;149.18668172246467;4620;24.390392773216956;4620;133.7809381389813;4620;0.59122336219644489;4620;0.65523239844965975;4620;0.750144962920011
4630;149.08902249214148;4630;24.231696523941771;4630;133.65886410107731;4630;0.59090707946187548;4630;0.65034943693350011;4630;0.750144962920011
4640;148.8937040314951;4640;24.231696523941771;4640;133.70769371623891;4640;0.59055126138548486;4640;0.65523239844965975;4640;0.750144962920011
4650;148.97915585802789;4650;24.365977965636159;4650;133.7565233314005;4650;0.59027451399273667;4650;0.65706350901821964;4650;0.750144962920011
4660;149.13785210730308;4660;24.414807580797753;4660;133.84197515793329;4660;0.589918695916346;4660;0.65095980712302;4660;0.750144962920011
4670;149.17447431867427;4670;24.475844599749749;4670;134.00067140720847;4670;0.58956287783995542;4670;0.65523239844965975;4670;0.750144962920011
4680;149.07681508835108;4680;24.402600177007354;4680;133.92742698446608;4680;0.58932566578902845;4680;0.65157017731254;4680;0.750144962920011
4690;148.99136326181829;4690;24.256111331522568;4690;133.82976775414289;4690;0.58896984771263783;4690;0.65797906430249953;4690;0.750144962920011
4700;148.8937040314951;4700;24.280526139103369;4700;133.90301217688528;4700;0.5886140296362472;4700;0.64851832636494033;4700;0.750144962920011
4710;149.00357066560869;4710;24.35377056184576;4710;133.92742698446608;4710;0.58837681758532012;4710;0.65584276863917967;4710;0.750144962920011
4720;148.9181188390759;4720;24.35377056184576;4720;133.90301217688528;4720;0.58802099950892961;4720;0.64912869655446026;4720;0.750144962920011
4730;148.9181188390759;4730;24.43922238837855;4730;133.92742698446608;4730;0.587665181432539;4730;0.65492721335489978;4730;0.750144962920011
4740;148.9669484542375;4740;24.43922238837855;4740;133.7687307351909;4740;0.58738843403979069;4740;0.65584276863917967;4740;0.750144962920011
4750;148.9669484542375;4750;24.317148350474564;4750;133.7809381389813;4750;0.586993080621579;4750;0.65248573259682008;4750;0.750144962920011
4760;149.02798547318949;4760;24.365977965636159;4760;133.81756035035249;4760;0.58675586857065187;4760;0.65614795373393964;4760;0.750144962920011
4770;149.08902249214148;4770;24.341563158055362;4770;133.82976775414289;4770;0.58647912117790335;4770;0.65309610278634;4770;0.750144962920011
4780;149.16226691488387;4780;24.390392773216956;4780;133.92742698446608;4780;0.58620237378515516;4780;0.65828424939725949;4780;0.750144962920011
4790;149.06460768456068;4790;24.512466811120944;4790;133.85418256172369;4790;0.585925626392407;4790;0.64851832636494033;4790;0.750144962920011
4800;149.18668172246467;4800;24.451429792168948;4800;133.7809381389813;4800;0.58556980831601635;4800;0.6573686941129796;4800;0.750144962920011
4810;149.15005951109347;4810;24.35377056184576;4810;133.82976775414289;4810;0.58517445489780451;4810;0.65034943693350011;4810;0.750144962920011
4820;149.11343729972228;4820;24.390392773216956;4820;133.84197515793329;4820;0.58489770750505632;4820;0.65492721335489978;4820;0.750144962920011
4830;149.08902249214148;4830;24.475844599749749;4830;133.7443159276101;4830;0.58450235408684448;4830;0.6534012878811;4830;0.750144962920011
4840;148.99136326181829;4840;24.402600177007354;4840;133.7321085238197;4840;0.584146536010454;4840;0.65462202826013982;4840;0.750144962920011
4850;148.99136326181829;4850;24.341563158055362;4850;133.85418256172369;4850;0.58390932395952688;4850;0.65584276863917967;4850;0.750144962920011
4860;149.00357066560869;4860;24.35377056184576;4860;133.93963438825648;4860;0.58359304122495748;4860;0.65065462202826008;4860;0.750144962920011
4870;149.10122989593188;4870;24.427014984588151;4870;134.01287881099887;4870;0.58331629383220929;4870;0.65706350901821964;4870;0.750144962920011
4880;149.01577806939909;4880;24.414807580797753;4880;133.86638996551409;4880;0.5830790817812822;4880;0.65157017731254;4880;0.750144962920011
4890;149.02798547318949;4890;24.427014984588151;4890;133.7565233314005;4890;0.58288140507217623;4890;0.65828424939725949;4890;0.750144962920011
4900;148.9303262428663;4900;24.390392773216956;4900;133.7321085238197;4900;0.58256512233760682;4900;0.64973906674398019;4900;0.750144962920011
4910;149.00357066560869;4910;24.35377056184576;4910;133.81756035035249;4910;0.58224883960303742;4910;0.65675832392345967;4910;0.750144962920011
4920;149.01577806939909;4920;24.43922238837855;4920;133.82976775414289;4920;0.58197209221028923;4920;0.65126499221778;4920;0.750144962920011
4930;148.9669484542375;4930;24.475844599749749;4930;133.87859736930449;4930;0.58165580947571982;4930;0.65279091769158;4930;0.750144962920011
4940;149.02798547318949;4940;24.451429792168948;4940;133.86638996551409;4940;0.58137906208297152;4940;0.65523239844965975;4940;0.750144962920011
4950;148.97915585802789;4950;24.402600177007354;4950;133.8053529465621;4950;0.58094417332293846;4950;0.65462202826013982;4950;0.750144962920011
4960;148.97915585802789;4960;24.414807580797753;4960;133.84197515793329;4960;0.580627890588369;4960;0.6573686941129796;4960;0.750144962920011
4970;148.9547410504471;4970;24.414807580797753;4970;133.86638996551409;4970;0.58031160785379965;4970;0.65004425183874015;4970;0.750144962920011
4980;148.99136326181829;4980;24.43922238837855;4980;133.8053529465621;4980;0.58003486046105146;4980;0.6573686941129796;4980;0.750144962920011
4990;148.86928922391431;4990;24.35377056184576;4990;133.7443159276101;4990;0.57967904238466084;4990;0.65034943693350011;4990;0.750144962920011
5000;149.02798547318949;5000;24.317148350474564;5000;133.7565233314005;5000;0.57936275965009143;5000;0.65919980468153938;5000;0.750144962920011
5010;149.07681508835108;5010;24.488052003540147;5010;133.67107150486771;5010;0.5789674062318797;5010;0.65157017731254;5010;0.750144962920011
5020;148.97915585802789;5020;24.512466811120944;5020;133.65886410107731;5020;0.57865112349731029;5020;0.6534012878811;5020;0.750144962920011
5030;148.9303262428663;5030;24.451429792168948;5030;133.67107150486771;5030;0.57841391144638321;5030;0.65248573259682008;5030;0.750144962920011
5040;148.9059114352855;5040;24.35377056184576;5040;133.82976775414289;5040;0.5780976287118138;5040;0.65309610278634;5040;0.750144962920011
5050;149.00357066560869;5050;24.280526139103369;5050;133.87859736930449;5050;0.57782088131906562;5050;0.65553758354441971;5050;0.750144962920011
5060;148.9669484542375;5060;24.475844599749749;5060;133.7443159276101;5060;0.577465063242675;5060;0.65034943693350011;5060;0.750144962920011
5070;148.99136326181829;5070;24.61012604144414;5070;133.81756035035249;5070;0.57718831584992669;5070;0.65828424939725949;5070;0.750144962920011
5080;149.07681508835108;5080;24.451429792168948;5080;133.81756035035249;5080;0.57691156845717839;5080;0.65157017731254;5080;0.750144962920011
5090;149.15005951109347;5090;24.35377056184576;5090;133.68327890865811;5090;0.576595285722609;5090;0.65919980468153938;5090;0.750144962920011
5100;149.01577806939909;5100;24.475844599749749;5100;133.70769371623891;5100;0.57623946764621836;5100;0.6534012878811;5100;0.750144962920011
5110;149.01577806939909;5110;24.512466811120944;5110;133.7321085238197;5110;0.57596272025347006;5110;0.66042054506057923;5110;0.750144962920011
5120;149.01577806939909;5120;24.402600177007354;5120;133.65886410107731;5120;0.57572550820254309;5120;0.65706350901821964;5120;0.750144962920011
5130;149.01577806939909;5130;24.329355754264963;5130;133.71990112002931;5130;0.57540922546797368;5130;0.65553758354441971;5130;0.750144962920011
5140;149.07681508835108;5140;24.35377056184576;5140;133.70769371623891;5140;0.57513247807522538;5140;0.65797906430249953;5140;0.750144962920011
5150;148.9669484542375;5150;24.402600177007354;5150;133.7687307351909;5150;0.57469758931519244;5150;0.65523239844965975;5150;0.750144962920011
5160;148.97915585802789;5160;24.390392773216956;5160;133.97625659962767;5160;0.57446037726426535;5160;0.65950498977629934;5160;0.750144962920011
5170;148.9303262428663;5170;24.488052003540147;5170;133.87859736930449;5170;0.57410455918787484;5170;0.65370647297585993;5170;0.750144962920011
5180;148.97915585802789;5180;24.585711233863343;5180;133.8053529465621;5180;0.57386734713694765;5180;0.66011535996581927;5180;0.750144962920011
5190;148.97915585802789;5190;24.573503830072944;5190;133.86638996551409;5190;0.57347199371873592;5190;0.65279091769158;5190;0.750144962920011
5200;149.07681508835108;5200;24.561296426282546;5200;133.92742698446608;5200;0.57319524632598762;5200;0.65919980468153938;5200;0.750144962920011
5210;149.00357066560869;5210;24.329355754264963;5210;133.81756035035249;5210;0.57287896359141821;5210;0.65279091769158;5210;0.750144962920011
5220;148.9303262428663;5220;24.256111331522568;5220;133.7809381389813;5220;0.5725231455150277;5220;0.65462202826013982;5220;0.750144962920011
5230;149.00357066560869;5230;24.390392773216956;5230;133.82976775414289;5230;0.57220686278045829;5230;0.65584276863917967;5230;0.750144962920011
5240;148.9669484542375;5240;24.390392773216956;5240;133.82976775414289;5240;0.57181150936224656;5240;0.65462202826013982;5240;0.750144962920011
5250;148.88149662770471;5250;24.43922238837855;5250;133.7443159276101;5250;0.57161383265314059;5250;0.65797906430249953;5250;0.750144962920011
5260;148.8937040314951;5260;24.488052003540147;5260;133.7443159276101;5260;0.571297549918571;5260;0.6534012878811;5260;0.750144962920011
5270;148.97915585802789;5270;24.365977965636159;5270;133.7443159276101;5270;0.571060337867644;5270;0.65950498977629934;5270;0.750144962920011
5280;148.9059114352855;5280;24.341563158055362;5280;133.67107150486771;5280;0.57070451979125336;5280;0.65248573259682008;5280;0.750144962920011
5290;148.99136326181829;5290;24.414807580797753;5290;133.82976775414289;5290;0.57042777239850506;5290;0.65950498977629934;5290;0.750144962920011
5300;148.9303262428663;5300;24.561296426282546;5300;133.90301217688528;5300;0.57015102500575676;5300;0.65157017731254;5300;0.750144962920011
5310;148.9547410504471;5310;24.524674214911343;5310;133.93963438825648;5310;0.56987427761300857;5310;0.65462202826013982;5310;0.750144962920011
5320;149.11343729972228;5320;24.365977965636159;5320;133.91521958067568;5320;0.56955799487843917;5320;0.65309610278634;5320;0.750144962920011
5330;149.10122989593188;5330;24.43922238837855;5330;133.82976775414289;5330;0.56924171214386976;5330;0.65523239844965975;5330;0.750144962920011
5340;149.16226691488387;5340;24.475844599749749;5340;133.8053529465621;5340;0.56900450009294268;5340;0.65797906430249953;5340;0.750144962920011
5350;149.23551133762626;5350;24.402600177007354;5350;133.81756035035249;5350;0.568609146674731;5350;0.65279091769158;5350;0.750144962920011
5360;149.08902249214148;5360;24.341563158055362;5360;133.8053529465621;5360;0.56829286394016154;5360;0.65797906430249953;5360;0.750144962920011
5370;148.97915585802789;5370;24.365977965636159;5370;133.8053529465621;5370;0.56793704586377092;5370;0.65218054750206012;5370;0.750144962920011
5380;149.06460768456068;5380;24.488052003540147;5380;133.85418256172369;5380;0.56766029847102262;5380;0.65950498977629934;5380;0.750144962920011
5390;148.97915585802789;5390;24.475844599749749;5390;133.84197515793329;5390;0.56734401573645321;5390;0.65279091769158;5390;0.750144962920011
5400;149.01577806939909;5400;24.475844599749749;5400;134.01287881099887;5400;0.56694866231824148;5400;0.65706350901821964;5400;0.750144962920011
5410;149.02798547318949;5410;24.524674214911343;5410;133.96404919583728;5410;0.56667191492549329;5410;0.65126499221778;5410;0.750144962920011
5420;148.9547410504471;5420;24.524674214911343;5420;133.82976775414289;5420;0.56635563219092377;5420;0.65523239844965975;5420;0.750144962920011
5430;148.9181188390759;5430;24.475844599749749;5430;133.8053529465621;5430;0.56607888479817547;5430;0.65767387920773956;5430;0.750144962920011
5440;148.9303262428663;5440;24.475844599749749;5440;133.84197515793329;5440;0.56568353137996374;5440;0.65218054750206012;5440;0.750144962920011
5450;148.97915585802789;5450;24.488052003540147;5450;133.7565233314005;5450;0.56536724864539434;5450;0.65584276863917967;5450;0.750144962920011
5460;148.86928922391431;5460;24.524674214911343;5460;133.68327890865811;5460;0.565090501252646;5460;0.65248573259682008;5460;0.750144962920011
5470;148.99136326181829;5470;24.573503830072944;5470;133.7565233314005;5470;0.564853289201719;5470;0.66011535996581927;5470;0.750144962920011
5480;149.00357066560869;5480;24.573503830072944;5480;133.85418256172369;5480;0.56449747112532844;5480;0.65248573259682008;5480;0.750144962920011
5490;149.11343729972228;5490;24.561296426282546;5490;133.93963438825648;5490;0.56422072373258014;5490;0.65797906430249953;5490;0.750144962920011
5500;149.11343729972228;5500;24.500259407330546;5500;133.95184179204688;5500;0.56390444099801074;5500;0.65248573259682008;5500;0.750144962920011
5510;149.01577806939909;5510;24.402600177007354;5510;133.97625659962767;5510;0.56354862292162011;5510;0.65614795373393964;5510;0.750144962920011
5520;149.02798547318949;5520;24.304940946684166;5520;133.87859736930449;5520;0.56327187552887192;5520;0.65492721335489978;5520;0.750144962920011
5530;149.05240028077029;5530;24.414807580797753;5530;133.7687307351909;5530;0.5629160574524813;5530;0.65218054750206012;5530;0.750144962920011
5540;149.15005951109347;5540;24.512466811120944;5540;133.7321085238197;5540;0.56259977471791189;5540;0.65706350901821964;5540;0.750144962920011
5550;148.9547410504471;5550;24.536881618701742;5550;133.8053529465621;5550;0.56228349198334249;5550;0.65462202826013982;5550;0.750144962920011
5560;148.9547410504471;5560;24.585711233863343;5560;133.8053529465621;5560;0.56196720924877308;5560;0.65828424939725949;5560;0.750144962920011
5570;148.99136326181829;5570;24.488052003540147;5570;133.7321085238197;5570;0.56153232048874013;5570;0.64973906674398019;5570;0.750144962920011
5580;149.08902249214148;5580;24.561296426282546;5580;133.7565233314005;5580;0.56125557309599183;5580;0.65675832392345967;5580;0.750144962920011
5590;149.02798547318949;5590;24.488052003540147;5590;133.7565233314005;5590;0.56093929036142232;5590;0.65004425183874015;5590;0.750144962920011
5600;149.06460768456068;5600;24.488052003540147;5600;133.7687307351909;5600;0.56062300762685291;5600;0.65706350901821964;5600;0.750144962920011
5610;148.97915585802789;5610;24.500259407330546;5610;133.81756035035249;5610;0.56034626023410472;5610;0.65462202826013982;5610;0.750144962920011
5620;149.05240028077029;5620;24.317148350474564;5620;133.84197515793329;5620;0.56006951284135642;5620;0.65279091769158;5620;0.750144962920011
5630;149.16226691488387;5630;24.488052003540147;5630;133.7809381389813;5630;0.55991137147407166;5630;0.65523239844965975;5630;0.750144962920011
5640;149.00357066560869;5640;24.524674214911343;5640;133.7809381389813;5640;0.55947648271403883;5640;0.65431684316537986;5640;0.750144962920011
5650;149.01577806939909;5650;24.390392773216956;5650;133.7809381389813;5650;0.55919973532129064;5650;0.65797906430249953;5650;0.750144962920011
5660;149.01577806939909;5660;24.414807580797753;5660;133.85418256172369;5660;0.55900205861218466;5660;0.65126499221778;5660;0.750144962920011
5670;149.07681508835108;5670;24.488052003540147;5670;133.90301217688528;5670;0.558646240535794;5670;0.65797906430249953;5670;0.750144962920011
5680;148.99136326181829;5680;24.451429792168948;5680;133.7687307351909;5680;0.55829042245940341;5680;0.64973906674398019;5680;0.750144962920011
5690;149.08902249214148;5690;24.500259407330546;5690;133.7565233314005;5690;0.557974139724834;5690;0.65675832392345967;5690;0.750144962920011
5700;149.07681508835108;5700;24.43922238837855;5700;133.7687307351909;5700;0.557736927673907;5700;0.6534012878811;5700;0.750144962920011
5710;149.05240028077029;5710;24.500259407330546;5710;133.7565233314005;5710;0.55742064493933763;5710;0.65462202826013982;5710;0.750144962920011
5720;149.08902249214148;5720;24.597918637653741;5720;133.7443159276101;5720;0.55714389754658933;5720;0.65462202826013982;5720;0.750144962920011
5730;149.06460768456068;5730;24.500259407330546;5730;133.81756035035249;5730;0.5567485441283776;5730;0.65218054750206012;5730;0.750144962920011
5740;149.06460768456068;5740;24.43922238837855;5740;133.82976775414289;5740;0.5564717967356293;5740;0.65584276863917967;5740;0.750144962920011
5750;149.08902249214148;5750;24.390392773216956;5750;133.7565233314005;5750;0.55615551400105989;5750;0.65248573259682008;5750;0.750144962920011
5760;149.25992614520706;5760;24.475844599749749;5760;133.68327890865811;5760;0.55579969592466927;5760;0.65797906430249953;5760;0.750144962920011
5770;148.99136326181829;5770;24.488052003540147;5770;133.70769371623891;5770;0.55536480716463621;5770;0.64851832636494033;5770;0.750144962920011
5780;149.01577806939909;5780;24.475844599749749;5780;133.7565233314005;5780;0.55516713045553046;5780;0.65523239844965975;5780;0.750144962920011
5790;149.07681508835108;5790;24.43922238837855;5790;133.82976775414289;5790;0.55489038306278216;5790;0.65004425183874015;5790;0.750144962920011
5800;148.9181188390759;5800;24.317148350474564;5800;133.91521958067568;5800;0.55453456498639153;5800;0.65553758354441971;5800;0.750144962920011
5810;148.9303262428663;5810;24.304940946684166;5810;133.91521958067568;5810;0.55425781759364323;5810;0.65462202826013982;5810;0.750144962920011
5820;149.02798547318949;5820;24.390392773216956;5820;133.93963438825648;5820;0.55394153485907383;5820;0.65126499221778;5820;0.750144962920011
5830;149.08902249214148;5830;24.414807580797753;5830;133.90301217688528;5830;0.55358571678268331;5830;0.65431684316537986;5830;0.750144962920011
5840;149.07681508835108;5840;24.414807580797753;5840;133.86638996551409;5840;0.5532694340481138;5840;0.65370647297585993;5840;0.750144962920011
5850;149.16226691488387;5850;24.500259407330546;5850;133.84197515793329;5850;0.55299268665536561;5850;0.65919980468153938;5850;0.750144962920011
5860;148.88149662770471;5860;24.43922238837855;5860;133.85418256172369;5860;0.552636868578975;5860;0.65004425183874015;5860;0.750144962920011
5870;148.88149662770471;5870;24.365977965636159;5870;133.85418256172369;5870;0.55236012118622679;5870;0.65675832392345967;5870;0.750144962920011
5880;149.08902249214148;5880;24.43922238837855;5880;133.67107150486771;5880;0.55204383845165739;5880;0.65065462202826008;5880;0.750144962920011
5890;149.07681508835108;5890;24.500259407330546;5890;133.65886410107731;5890;0.55176709105890909;5890;0.65767387920773956;5890;0.750144962920011
5900;148.9669484542375;5900;24.524674214911343;5900;133.7809381389813;5900;0.55145080832433968;5900;0.65279091769158;5900;0.750144962920011
5910;148.97915585802789;5910;24.414807580797753;5910;133.85418256172369;5910;0.55105545490612784;5910;0.65248573259682008;5910;0.750144962920011
5920;149.01577806939909;5920;24.402600177007354;5920;133.82976775414289;5920;0.55081824285520076;5920;0.65584276863917967;5920;0.750144962920011
5930;148.9303262428663;5930;24.500259407330546;5930;133.84197515793329;5930;0.55050196012063135;5930;0.6534012878811;5930;0.750144962920011
5940;149.00357066560869;5940;24.500259407330546;5940;133.84197515793329;5940;0.55022521272788316;5940;0.6573686941129796;5940;0.750144962920011
5950;148.9669484542375;5950;24.573503830072944;5950;133.85418256172369;5950;0.54986939465149254;5950;0.65218054750206012;5950;0.750144962920011
5960;149.05240028077029;5960;24.573503830072944;5960;133.93963438825648;5960;0.54959264725874435;5960;0.65767387920773956;5960;0.750144962920011
5970;148.99136326181829;5970;24.597918637653741;5970;133.87859736930449;5970;0.54927636452417494;5970;0.64912869655446026;5970;0.750144962920011
5980;148.97915585802789;5980;24.646748252815335;5980;133.82976775414289;5980;0.54896008178960543;5980;0.65584276863917967;5980;0.750144962920011
5990;148.9059114352855;5990;24.512466811120944;5990;133.7443159276101;5990;0.54860426371321491;5990;0.65095980712302;5990;0.750144962920011
6000;148.9547410504471;6000;24.524674214911343;6000;133.7809381389813;6000;0.54820891029500307;6000;0.65523239844965975;6000;0.750144962920011
6010;149.01577806939909;6010;24.597918637653741;6010;133.7565233314005;6010;0.54793216290225488;6010;0.65492721335489978;6010;0.750144962920011
6020;148.99136326181829;6020;24.488052003540147;6020;133.71990112002931;6020;0.54757634482586426;6020;0.65248573259682008;6020;0.750144962920011
6030;149.07681508835108;6030;24.365977965636159;6030;133.7443159276101;6030;0.5474182034585795;6030;0.65553758354441971;6030;0.750144962920011
6040;149.10122989593188;6040;24.402600177007354;6040;133.68327890865811;6040;0.54710192072401009;6040;0.65034943693350011;6040;0.750144962920011
6050;149.06460768456068;6050;24.475844599749749;6050;133.81756035035249;6050;0.54670656730579836;6050;0.65523239844965975;6050;0.750144962920011
6060;148.9547410504471;6060;24.561296426282546;6060;133.81756035035249;6060;0.54642981991305006;6060;0.64790795617542041;6060;0.750144962920011
6070;148.99136326181829;6070;24.646748252815335;6070;133.7321085238197;6070;0.54623214320394431;6070;0.65462202826013982;6070;0.750144962920011
6080;148.9303262428663;6080;24.512466811120944;6080;133.61003448591572;6080;0.54583678978573225;6080;0.63447981200598158;6080;0.750144962920011
6090;149.07681508835108;6090;24.500259407330546;6090;133.67107150486771;6090;0.54548097170934162;6090;0.63203833124790176;6090;0.750144962920011
6100;149.07681508835108;6100;24.585711233863343;6100;133.7443159276101;6100;0.54520422431659343;6100;0.61464278084658353;6100;0.750144962920011
6110;148.99136326181829;6110;24.573503830072944;6110;133.7687307351909;6110;0.54484840624020281;6110;0.61677907650990327;6110;0.750144962920011
6120;149.06460768456068;6120;24.488052003540147;6120;133.7565233314005;6120;0.54465072953109694;6120;0.63081759086886191;6120;0.750144962920011
6130;149.00357066560869;6130;24.402600177007354;6130;133.67107150486771;6130;0.54429491145470632;6130;0.61433759575182356;6130;0.750144962920011
6140;149.17447431867427;6140;24.475844599749749;6140;133.7809381389813;6140;0.5439390933783157;6140;0.608844264046144;6140;0.750144962920011
6150;149.00357066560869;6150;24.561296426282546;6150;133.68327890865811;6150;0.54362281064374629;6150;0.58595538193914609;6150;0.750144962920011
6160;148.9059114352855;6160;24.622333445234538;6160;133.7321085238197;6160;0.54330652790917688;6160;0.59877315591906488;6160;0.750144962920011
6170;148.97915585802789;6170;24.524674214911343;6170;133.7565233314005;6170;0.54295070983278626;6170;0.59633167516098506;6170;0.750144962920011
6180;149.02798547318949;6180;24.500259407330546;6180;133.71990112002931;6180;0.54255535641457453;6180;0.61189611499374374;6180;0.750144962920011
6190;149.02798547318949;6190;24.500259407330546;6190;133.7321085238197;6190;0.54223907368000512;6190;0.61006500442518385;6190;0.750144962920011
6200;148.97915585802789;6200;24.451429792168948;6200;133.7565233314005;6200;0.54196232628725693;6200;0.61067537461470378;6200;0.750144962920011
6210;149.07681508835108;6210;24.475844599749749;6210;133.7321085238197;6210;0.54168557889450863;6210;0.61677907650990327;6210;0.750144962920011
6220;148.99136326181829;6220;24.414807580797753;6220;133.7687307351909;6220;0.5412902254762969;6220;0.608539078951384;6220;0.750144962920011
6230;149.08902249214148;6230;24.500259407330546;6230;133.87859736930449;6230;0.54105301342536982;6230;0.61922055726798308;6230;0.750144962920011
6240;149.07681508835108;6240;24.500259407330546;6240;133.7809381389813;6240;0.5407367306908003;6240;0.61433759575182356;6240;0.750144962920011
6250;148.99136326181829;6250;24.43922238837855;6250;133.8053529465621;6250;0.540459983298052;6250;0.62562944425794242;6250;0.750144962920011
6260;148.9669484542375;6260;24.475844599749749;6260;133.7687307351909;6260;0.54010416522166149;6260;0.61555833613086341;6260;0.750144962920011
6270;148.99136326181829;6270;24.561296426282546;6270;133.7443159276101;6270;0.53982741782891319;6270;0.62685018463698228;6270;0.750144962920011
6280;149.06460768456068;6280;24.536881618701742;6280;133.7321085238197;6280;0.53951113509434379;6280;0.62105166783654286;6280;0.750144962920011
6290;149.16226691488387;6290;24.500259407330546;6290;133.82976775414289;6290;0.53915531701795316;6290;0.629902035584582;6290;0.750144962920011
6300;149.02798547318949;6300;24.500259407330546;6300;133.84197515793329;6300;0.538878569625205;6300;0.62593462935270239;6300;0.750144962920011
6310;148.79604480117189;6310;24.524674214911343;6310;133.7443159276101;6310;0.53848321620699324;6310;0.62746055482650231;6310;0.750144962920011
6320;148.9669484542375;6320;24.512466811120944;6320;133.7443159276101;6320;0.53820646881424494;6320;0.63325907162694173;6320;0.750144962920011
6330;148.9303262428663;6330;24.475844599749749;6330;133.7321085238197;6330;0.537771580054212;6330;0.62715536973174224;6330;0.750144962920011
6340;148.99136326181829;6340;24.561296426282546;6340;133.7443159276101;6340;0.53745529731964259;6340;0.6378368480483414;6340;0.750144962920011
6350;149.00357066560869;6350;24.512466811120944;6350;133.68327890865811;6350;0.53713901458507318;6350;0.62776573992126228;6350;0.750144962920011
6360;149.05240028077029;6360;24.475844599749749;6360;133.7321085238197;6360;0.536862267192325;6360;0.63722647785882147;6360;0.750144962920011
6370;149.07681508835108;6370;24.536881618701742;6370;133.64665669728691;6370;0.53654598445775548;6370;0.630207220679342;6370;0.750144962920011
6380;148.9059114352855;6380;24.585711233863343;6380;133.64665669728691;6380;0.5363087724068285;6380;0.64180425428022092;6380;0.750144962920011
6390;148.8937040314951;6390;24.536881618701742;6390;133.64665669728691;6390;0.53611109569772253;6390;0.63447981200598158;6390;0.750144962920011
6400;148.9669484542375;6400;24.475844599749749;6400;133.7687307351909;6400;0.5357552776213319;6400;0.63539536729026147;6400;0.750144962920011
6410;149.00357066560869;6410;24.512466811120944;6410;133.82976775414289;6410;0.53543899488676239;6410;0.63844721823786132;6410;0.750144962920011
6420;148.9303262428663;6420;24.475844599749749;6420;133.7809381389813;6420;0.53504364146855066;6420;0.63661610766930132;6420;0.750144962920011
6430;148.9669484542375;6430;24.475844599749749;6430;133.7809381389813;6430;0.53476689407580247;6430;0.6445509201330607;6430;0.750144962920011
6440;148.9303262428663;6440;24.402600177007354;6440;133.70769371623891;6440;0.53449014668305417;6440;0.6360057374797814;6440;0.750144962920011
6450;149.06460768456068;6450;24.500259407330546;6450;133.7443159276101;6450;0.5342529346321272;6450;0.64607684560686052;6450;0.750144962920011
6460;149.06460768456068;6460;24.646748252815335;6460;133.7565233314005;6460;0.53389711655573657;6460;0.63539536729026147;6460;0.750144962920011
6470;149.00357066560869;6470;24.597918637653741;6470;133.7809381389813;6470;0.533541298479346;6470;0.64668721579638044;6470;0.750144962920011
6480;149.00357066560869;6480;24.561296426282546;6480;133.7321085238197;6480;0.53326455108659776;6480;0.63966795861690118;6480;0.750144962920011
6490;149.07681508835108;6490;24.597918637653741;6490;133.7321085238197;6490;0.53294826835202835;6490;0.64607684560686052;6490;0.750144962920011
6500;149.13785210730308;6500;24.561296426282546;6500;133.68327890865811;6500;0.53259245027563773;6500;0.6445509201330607;6500;0.750144962920011
6510;148.99136326181829;6510;24.427014984588151;6510;133.63444929349652;6510;0.53223663219924711;6510;0.63997314371166114;6510;0.750144962920011
6520;148.9669484542375;6520;24.365977965636159;6520;133.67107150486771;6520;0.53195988480649892;6520;0.64699240089114052;6520;0.750144962920011
6530;148.99136326181829;6530;24.414807580797753;6530;133.67107150486771;6530;0.53164360207192951;6530;0.642414624469741;6530;0.750144962920011
6540;149.07681508835108;6540;24.402600177007354;6540;133.7809381389813;6540;0.53140639002100232;6540;0.65126499221778;6540;0.750144962920011
6550;148.97915585802789;6550;24.390392773216956;6550;133.71990112002931;6550;0.53109010728643291;6550;0.64302499465926088;6550;0.750144962920011
6560;149.00357066560869;6560;24.451429792168948;6560;133.67107150486771;6560;0.53077382455186328;6560;0.65370647297585993;6560;0.750144962920011
6570;149.06460768456068;6570;24.500259407330546;6570;133.68327890865811;6570;0.53045754181729388;6570;0.64333017975402085;6570;0.750144962920011
6580;149.02798547318949;6580;24.500259407330546;6580;133.70769371623891;6580;0.53010172374090336;6580;0.65126499221778;6580;0.750144962920011
6590;149.08902249214148;6590;24.536881618701742;6590;133.7687307351909;6590;0.52986451168997628;6590;0.64668721579638044;6590;0.750144962920011
6600;149.11343729972228;6600;24.573503830072944;6600;133.68327890865811;6600;0.52946915827176444;6600;0.6488235114597003;6600;0.750144962920011
6610;149.08902249214148;6610;24.573503830072944;6610;133.7687307351909;6610;0.52919241087901625;6610;0.65095980712302;6610;0.750144962920011
6620;149.06460768456068;6620;24.488052003540147;6620;133.7565233314005;6620;0.52887612814444684;6620;0.64546647541734059;6620;0.750144962920011
6630;149.10122989593188;6630;24.500259407330546;6630;133.7809381389813;6630;0.52859938075169866;6630;0.65309610278634;6630;0.750144962920011
6640;148.9669484542375;6640;24.573503830072944;6640;133.8053529465621;6640;0.528243562675308;6640;0.64180425428022092;6640;0.750144962920011
6650;148.9059114352855;6650;24.512466811120944;6650;133.7687307351909;6650;0.52792727994073863;6650;0.65309610278634;6650;0.750144962920011
6660;148.8937040314951;6660;24.451429792168948;6660;133.63444929349652;6660;0.52765053254799033;6660;0.64546647541734059;6660;0.750144962920011
6670;149.01577806939909;6670;24.561296426282546;6670;133.62224188970612;6670;0.52741332049706324;6670;0.65706350901821964;6670;0.750144962920011
6680;149.06460768456068;6680;24.622333445234538;6680;133.65886410107731;6680;0.527136573104315;6680;0.6488235114597003;6680;0.750144962920011
6690;149.11343729972228;6690;24.561296426282546;6690;133.71990112002931;6690;0.52678075502792443;6690;0.65034943693350011;6690;0.750144962920011
6700;149.16226691488387;6700;24.573503830072944;6700;133.91521958067568;6700;0.52650400763517624;6700;0.65126499221778;6700;0.750144962920011
6710;149.02798547318949;6710;24.536881618701742;6710;133.84197515793329;6710;0.52614818955878562;6710;0.64760277108066044;6710;0.750144962920011
6720;149.11343729972228;6720;24.451429792168948;6720;133.68327890865811;6720;0.52587144216603732;6720;0.65492721335489978;6720;0.750144962920011
6730;149.10122989593188;6730;24.414807580797753;6730;133.67107150486771;6730;0.52547608874782548;6730;0.64760277108066044;6730;0.750144962920011
6740;149.13785210730308;6740;24.475844599749749;6740;133.7565233314005;6740;0.52515980601325607;6740;0.65553758354441971;6740;0.750144962920011
6750;149.00357066560869;6750;24.573503830072944;6750;133.67107150486771;6750;0.52488305862050788;6750;0.64363536484878081;6750;0.750144962920011
6760;148.9669484542375;6760;24.622333445234538;6760;133.63444929349652;6760;0.5246853819114019;6760;0.65462202826013982;6760;0.750144962920011
6770;148.99136326181829;6770;24.512466811120944;6770;133.70769371623891;6770;0.5243690991768325;6770;0.64668721579638044;6770;0.750144962920011
6780;149.01577806939909;6780;24.500259407330546;6780;133.7565233314005;6780;0.52405281644226309;6780;0.65523239844965975;6780;0.750144962920011
6790;148.9669484542375;6790;24.646748252815335;6790;133.71990112002931;6790;0.5237760690495149;6790;0.65157017731254;6790;0.750144962920011
6800;148.9059114352855;6800;24.536881618701742;6800;133.81756035035249;6800;0.52345978631494539;6800;0.65004425183874015;6800;0.750144962920011
6810;149.08902249214148;6810;24.524674214911343;6810;133.81756035035249;6810;0.5231830389221972;6810;0.65553758354441971;6810;0.750144962920011
6820;148.99136326181829;6820;24.43922238837855;6820;133.63444929349652;6820;0.52286675618762779;6820;0.64668721579638044;6820;0.750144962920011
6830;148.9547410504471;6830;24.304940946684166;6830;133.7565233314005;6830;0.52255047345305838;6830;0.65523239844965975;6830;0.750144962920011
6840;149.05240028077029;6840;24.390392773216956;6840;133.81756035035249;6840;0.52227372606031019;6840;0.64638203070162048;6840;0.750144962920011
6850;149.02798547318949;6850;24.414807580797753;6850;133.82976775414289;6850;0.52195744332574079;6850;0.65675832392345967;6850;0.750144962920011
6860;148.97915585802789;6860;24.475844599749749;6860;133.82976775414289;6860;0.52168069593299249;6860;0.64638203070162048;6860;0.750144962920011
6870;149.01577806939909;6870;24.585711233863343;6870;133.82976775414289;6870;0.52144348388206541;6870;0.65553758354441971;6870;0.750144962920011
6880;149.01577806939909;6880;24.561296426282546;6880;133.7443159276101;6880;0.52100859512203246;6880;0.65004425183874015;6880;0.750144962920011
6890;149.06460768456068;6890;24.475844599749749;6890;133.70769371623891;6890;0.52065277704564183;6890;0.65309610278634;6890;0.750144962920011
6900;149.08902249214148;6900;24.341563158055362;6900;133.7809381389813;6900;0.52045510033653586;6900;0.65553758354441971;6900;0.750144962920011
6910;148.9547410504471;6910;24.451429792168948;6910;133.7809381389813;6910;0.520059746918324;6910;0.64821314127018037;6910;0.750144962920011
6920;149.06460768456068;6920;24.536881618701742;6920;133.7443159276101;6920;0.51978299952557583;6920;0.65584276863917967;6920;0.750144962920011
6930;149.02798547318949;6930;24.329355754264963;6930;133.7687307351909;6930;0.51946671679100642;6930;0.64851832636494033;6930;0.750144962920011
6940;149.10122989593188;6940;24.402600177007354;6940;133.85418256172369;6940;0.51918996939825823;6940;0.6573686941129796;6940;0.750144962920011
6950;149.11343729972228;6950;24.561296426282546;6950;133.7321085238197;6950;0.51879461598004639;6950;0.64516129032258063;6950;0.750144962920011
6960;149.11343729972228;6960;24.61012604144414;6960;133.7687307351909;6960;0.51859693927094053;6960;0.65462202826013982;6960;0.750144962920011
6970;149.10122989593188;6970;24.597918637653741;6970;133.7321085238197;6970;0.51832019187819234;6970;0.64760277108066044;6970;0.750144962920011
6980;149.06460768456068;6980;24.597918637653741;6980;133.7565233314005;6980;0.51796437380180171;6980;0.65614795373393964;6980;0.750144962920011
6990;149.11343729972228;6990;24.622333445234538;6990;133.8053529465621;6990;0.51760855572541109;6990;0.65462202826013982;6990;0.750144962920011
7000;149.07681508835108;7000;24.561296426282546;7000;133.7565233314005;7000;0.51729227299084168;7000;0.64821314127018037;7000;0.750144962920011
7010;149.24771874141666;7010;24.524674214911343;7010;133.86638996551409;7010;0.51701552559809349;7010;0.65492721335489978;7010;0.750144962920011
7020;149.07681508835108;7020;24.475844599749749;7020;133.7443159276101;7020;0.51665970752170276;7020;0.64699240089114052;7020;0.750144962920011
7030;149.01577806939909;7030;24.43922238837855;7030;133.68327890865811;7030;0.516501566154418;7030;0.65614795373393964;7030;0.750144962920011
7040;149.15005951109347;7040;24.43922238837855;7040;133.85418256172369;7040;0.51622481876166981;7040;0.64668721579638044;7040;0.750144962920011
7050;149.13785210730308;7050;24.524674214911343;7050;133.84197515793329;7050;0.51582946534345808;7050;0.65889461958677942;7050;0.750144962920011
7060;149.05240028077029;7060;24.536881618701742;7060;133.67107150486771;7060;0.51551318260888868;7060;0.6488235114597003;7060;0.750144962920011
7070;149.13785210730308;7070;24.561296426282546;7070;133.71990112002931;7070;0.51523643521614038;7070;0.65492721335489978;7070;0.750144962920011
7080;149.19888912625507;7080;24.488052003540147;7080;133.71990112002931;7080;0.51488061713974975;7080;0.65004425183874015;7080;0.750144962920011
7090;149.00357066560869;7090;24.451429792168948;7090;133.7565233314005;7090;0.514485263721538;7090;0.65157017731254;7090;0.750144962920011
7100;148.99136326181829;7100;24.512466811120944;7100;133.8053529465621;7100;0.51416898098696862;7100;0.65553758354441971;7100;0.750144962920011
7110;148.9059114352855;7110;24.451429792168948;7110;133.7321085238197;7110;0.513813162910578;7110;0.64760277108066044;7110;0.750144962920011
7120;149.01577806939909;7120;24.536881618701742;7120;133.7809381389813;7120;0.51357595085965091;7120;0.65797906430249953;7120;0.750144962920011
7130;149.00357066560869;7130;24.512466811120944;7130;133.7687307351909;7130;0.51329920346690272;7130;0.64760277108066044;7130;0.750144962920011
7140;148.97915585802789;7140;24.475844599749749;7140;133.71990112002931;7140;0.51298292073233331;7140;0.6573686941129796;7140;0.750144962920011
7150;149.17447431867427;7150;24.414807580797753;7150;133.65886410107731;7150;0.51270617333958513;7150;0.64790795617542041;7150;0.750144962920011
7160;149.10122989593188;7160;24.43922238837855;7160;133.70769371623891;7160;0.51246896128865793;7160;0.6573686941129796;7160;0.750144962920011
7170;148.99136326181829;7170;24.524674214911343;7170;133.7443159276101;7170;0.51215267855408853;7170;0.65004425183874015;7170;0.750144962920011
7180;149.07681508835108;7180;24.573503830072944;7180;133.7565233314005;7180;0.5117968604776979;7180;0.65279091769158;7180;0.750144962920011
7190;149.10122989593188;7190;24.475844599749749;7190;133.71990112002931;7190;0.51148057774312838;7190;0.65431684316537986;7190;0.750144962920011
7200;148.99136326181829;7200;24.43922238837855;7200;133.7687307351909;7200;0.511164295008559;7200;0.65126499221778;7200;0.750144962920011
7210;149.13785210730308;7210;24.451429792168948;7210;133.87859736930449;7210;0.51096661829945322;7210;0.6573686941129796;7210;0.750144962920011
7220;149.08902249214148;7220;24.524674214911343;7220;133.86638996551409;7220;0.51057126488124138;7220;0.6445509201330607;7220;0.750144962920011
7230;149.05240028077029;7230;24.561296426282546;7230;133.7687307351909;7230;0.510254982146672;7230;0.65553758354441971;7230;0.750144962920011
7240;148.9547410504471;7240;24.475844599749749;7240;133.58561967833492;7240;0.51001777009574489;7240;0.64668721579638044;7240;0.750144962920011
7250;149.01577806939909;7250;24.622333445234538;7250;133.64665669728691;7250;0.5097410227029967;7250;0.65889461958677942;7250;0.750144962920011
7260;149.05240028077029;7260;24.524674214911343;7260;133.67107150486771;7260;0.50938520462660608;7260;0.6488235114597003;7260;0.750144962920011
7270;148.9181188390759;7270;24.43922238837855;7270;133.71990112002931;7270;0.50898985120839435;7270;0.65309610278634;7270;0.750144962920011
7280;149.06460768456068;7280;24.524674214911343;7280;133.8053529465621;7280;0.50867356847382494;7280;0.65157017731254;7280;0.750144962920011
7290;149.02798547318949;7290;24.561296426282546;7290;133.7321085238197;7290;0.50835728573925554;7290;0.64912869655446026;7290;0.750144962920011
7300;149.10122989593188;7300;24.524674214911343;7300;133.7809381389813;7300;0.50815960903014956;7300;0.65462202826013982;7300;0.750144962920011
7310;149.00357066560869;7310;24.475844599749749;7310;133.7809381389813;7310;0.507803790953759;7310;0.64973906674398019;7310;0.750144962920011
7320;148.9303262428663;7320;24.427014984588151;7320;133.7443159276101;7320;0.50748750821918953;7320;0.65797906430249953;7320;0.750144962920011
7330;148.97915585802789;7330;24.43922238837855;7330;133.65886410107731;7330;0.50717122548462013;7330;0.64424573503830074;7330;0.750144962920011
7340;149.06460768456068;7340;24.451429792168948;7340;133.7565233314005;7340;0.50685494275005072;7340;0.65523239844965975;7340;0.750144962920011
7350;149.08902249214148;7350;24.43922238837855;7350;133.71990112002931;7350;0.50649912467366;7350;0.64699240089114052;7350;0.750144962920011
7360;148.9669484542375;7360;24.414807580797753;7360;133.68327890865811;7360;0.50622237728091179;7360;0.65614795373393964;7360;0.750144962920011
7370;149.06460768456068;7370;24.365977965636159;7370;133.7565233314005;7370;0.5058270238627;7370;0.65095980712302;7370;0.750144962920011
7380;149.13785210730308;7380;24.427014984588151;7380;133.81756035035249;7380;0.50539213510266712;7380;0.65279091769158;7380;0.750144962920011
7390;149.10122989593188;7390;24.561296426282546;7390;133.91521958067568;7390;0.50523399373538236;7390;0.65523239844965975;7390;0.750144962920011
7400;149.13785210730308;7400;24.500259407330546;7400;133.95184179204688;7400;0.50483864031717052;7400;0.64760277108066044;7400;0.750144962920011
7410;149.18668172246467;7410;24.427014984588151;7410;134.01287881099887;7410;0.50464096360806476;7410;0.65675832392345967;7410;0.750144962920011
7420;149.17447431867427;7420;24.402600177007354;7420;133.8053529465621;7420;0.50432468087349525;7420;0.64546647541734059;7420;0.750144962920011
7430;149.17447431867427;7430;24.488052003540147;7430;133.7809381389813;7430;0.504047933480747;7430;0.65584276863917967;7430;0.750144962920011
7440;149.06460768456068;7440;24.573503830072944;7440;133.7443159276101;7440;0.50373165074617754;7440;0.64607684560686052;7440;0.750144962920011
7450;149.16226691488387;7450;24.536881618701742;7450;133.7443159276101;7450;0.50345490335342924;7450;0.65584276863917967;7450;0.750144962920011
7460;149.16226691488387;7460;24.536881618701742;7460;133.7443159276101;7460;0.50313862061885983;7460;0.6488235114597003;7460;0.750144962920011
7470;149.01577806939909;7470;24.536881618701742;7470;133.67107150486771;7470;0.5027432672006481;7470;0.6534012878811;7470;0.750144962920011
7480;149.07681508835108;7480;24.475844599749749;7480;133.7443159276101;7480;0.50238744912425748;7480;0.65248573259682008;7480;0.750144962920011
7490;149.15005951109347;7490;24.414807580797753;7490;133.71990112002931;7490;0.50207116638968807;7490;0.64912869655446026;7490;0.750144962920011
7500;149.24771874141666;7500;24.427014984588151;7500;133.87859736930449;7500;0.501833954338761;7500;0.65675832392345967;7500;0.750144962920011
7510;149.10122989593188;7510;24.524674214911343;7510;133.7809381389813;7510;0.50147813626237037;7510;0.64546647541734059;7510;0.750144962920011
7520;148.99136326181829;7520;24.573503830072944;7520;133.71990112002931;7520;0.50120138886962218;7520;0.65523239844965975;7520;0.750144962920011
7530;149.01577806939909;7530;24.500259407330546;7530;133.85418256172369;7530;0.500924641476874;7530;0.64638203070162048;7530;0.750144962920011
7540;149.15005951109347;7540;24.524674214911343;7540;133.86638996551409;7540;0.50064789408412569;7540;0.65828424939725949;7540;0.750144962920011
7550;149.08902249214148;7550;24.451429792168948;7550;133.7565233314005;7550;0.500252540665914;7550;0.64760277108066044;7550;0.750144962920011
7560;149.06460768456068;7560;24.427014984588151;7560;133.7687307351909;7560;0.49989672258952333;7560;0.65309610278634;7560;0.750144962920011
7570;149.15005951109347;7570;24.43922238837855;7570;133.84197515793329;7570;0.49969904588041747;7570;0.65065462202826008;7570;0.750144962920011
7580;149.13785210730308;7580;24.414807580797753;7580;133.7809381389813;7580;0.49942229848766923;7580;0.64912869655446026;7580;0.750144962920011
7590;149.18668172246467;7590;24.488052003540147;7590;133.7565233314005;7590;0.49914555109492081;7590;0.65431684316537986;7590;0.750144962920011
7600;149.02798547318949;7600;24.536881618701742;7600;133.7321085238197;7600;0.4987897330185303;7600;0.64912869655446026;7600;0.750144962920011
7610;149.08902249214148;7610;24.512466811120944;7610;133.8053529465621;7610;0.49855252096760316;7610;0.6573686941129796;7610;0.750144962920011
7620;149.15005951109347;7620;24.561296426282546;7620;133.7321085238197;7620;0.49819670289121259;7620;0.64424573503830074;7620;0.750144962920011
7630;149.17447431867427;7630;24.646748252815335;7630;133.84197515793329;7630;0.49788042015664319;7630;0.65492721335489978;7630;0.750144962920011
7640;149.21109653004547;7640;24.561296426282546;7640;133.82976775414289;7640;0.49760367276389494;7640;0.64607684560686052;7640;0.750144962920011
7650;149.15005951109347;7650;24.475844599749749;7650;133.7809381389813;7650;0.49736646071296792;7650;0.65797906430249953;7650;0.750144962920011
7660;149.11343729972228;7660;24.500259407330546;7660;133.7321085238197;7660;0.49701064263657729;7660;0.65034943693350011;7660;0.750144962920011
7670;149.11343729972228;7670;24.451429792168948;7670;133.63444929349652;7670;0.49661528921836545;7670;0.64851832636494033;7670;0.750144962920011
7680;149.18668172246467;7680;24.427014984588151;7680;133.8053529465621;7680;0.49633854182561721;7680;0.65218054750206012;7680;0.750144962920011
7690;149.07681508835108;7690;24.488052003540147;7690;133.82976775414289;7690;0.49598272374922658;7690;0.64912869655446026;7690;0.750144962920011
7700;149.21109653004547;7700;24.488052003540147;7700;133.7809381389813;7700;0.49570597635647839;7700;0.65614795373393964;7700;0.750144962920011
7710;149.23551133762626;7710;24.451429792168948;7710;133.7687307351909;7710;0.49531062293826661;7710;0.64577166051210055;7710;0.750144962920011
7720;149.08902249214148;7720;24.390392773216956;7720;133.81756035035249;7720;0.49507341088733953;7720;0.65675832392345967;7720;0.750144962920011
7730;149.02798547318949;7730;24.256111331522568;7730;133.82976775414289;7730;0.49479666349459134;7730;0.64546647541734059;7730;0.750144962920011
7740;149.06460768456068;7740;24.427014984588151;7740;133.7809381389813;7740;0.494519916101843;7740;0.65553758354441971;7740;0.750144962920011
7750;149.08902249214148;7750;24.597918637653741;7750;133.71990112002931;7750;0.49420363336727358;7750;0.6488235114597003;7750;0.750144962920011
7760;149.11343729972228;7760;24.475844599749749;7760;133.7809381389813;7760;0.49392688597452539;7760;0.65431684316537986;7760;0.750144962920011
7770;149.24771874141666;7770;24.402600177007354;7770;133.7687307351909;7770;0.49353153255631355;7770;0.65095980712302;7770;0.750144962920011
7780;149.16226691488387;7780;24.451429792168948;7780;133.7809381389813;7780;0.49317571447992309;7780;0.64516129032258063;7780;0.750144962920011
7790;149.10122989593188;7790;24.500259407330546;7790;133.81756035035249;7790;0.49293850242899595;7790;0.65309610278634;7790;0.750144962920011
7800;149.13785210730308;7800;24.451429792168948;7800;133.7321085238197;7800;0.49270129037806892;7800;0.64821314127018037;7800;0.750144962920011
7810;149.21109653004547;7810;24.43922238837855;7810;133.87859736930449;7810;0.49242454298532068;7810;0.65584276863917967;7810;0.750144962920011
7820;149.16226691488387;7820;24.475844599749749;7820;133.87859736930449;7820;0.49202918956710889;7820;0.64302499465926088;7820;0.750144962920011
7830;149.07681508835108;7830;24.512466811120944;7830;133.8053529465621;7830;0.49159430080707578;7830;0.65553758354441971;7830;0.750144962920011
7840;149.11343729972228;7840;24.414807580797753;7840;133.7687307351909;7840;0.49135708875614875;7840;0.64668721579638044;7840;0.750144962920011
7850;149.21109653004547;7850;24.488052003540147;7850;133.7809381389813;7850;0.49108034136340056;7850;0.65614795373393964;7850;0.750144962920011
7860;149.16226691488387;7860;24.61012604144414;7860;133.7687307351909;7860;0.49072452328700994;7860;0.65218054750206012;7860;0.750144962920011
7870;149.17447431867427;7870;24.512466811120944;7870;133.90301217688528;7870;0.49040824055244053;7870;0.64851832636494033;7870;0.750144962920011
7880;149.25992614520706;7880;24.512466811120944;7880;133.92742698446608;7880;0.49013149315969229;7880;0.6534012878811;7880;0.750144962920011
7890;149.17447431867427;7890;24.475844599749749;7890;133.84197515793329;7890;0.48981521042512288;7890;0.64912869655446026;7890;0.750144962920011
7900;149.13785210730308;7900;24.500259407330546;7900;133.87859736930449;7900;0.48961753371601696;7900;0.65675832392345967;7900;0.750144962920011
7910;149.08902249214148;7910;24.536881618701742;7910;133.8053529465621;7910;0.48930125098144756;7910;0.64302499465926088;7910;0.750144962920011
7920;149.13785210730308;7920;24.524674214911343;7920;133.87859736930449;7920;0.48906403893052042;7920;0.6534012878811;7920;0.750144962920011
7930;149.07681508835108;7930;24.512466811120944;7930;133.87859736930449;7930;0.48870822085412979;7930;0.64546647541734059;7930;0.750144962920011
EOF
