Name;YT Scope Project;
File;C:\Users\Tobno\Desktop\Kv Tester\JibNed120bar\-60prosent.csv;
Starttime of export;134212502445790000;tirsdag 21. april 2026;15:04:04.579
Endtime of export;134212502517635044;tirsdag 21. april 2026;15:04:11.763


Name;fPresSupply_bar;Name;fPres1A_bar;Name;fPres1B_bar;Name;fCylinder1_m;Name;fSensor1_V;Name;fValve1_V

0;122.03741569261757;0;12.073122348704487;0;111.16061891537217;0;0.75177638533224944;0;1.9614246040223395;0;2.000183111056856
10;122.02520828882717;10;12.109744560075686;10;111.23386333811456;10;0.751657779306786;10;1.9632557145908993;10;2.000183111056856
20;122.06183050019837;20;11.963255714590899;20;111.22165593432416;20;0.75149963793950125;20;1.9623401593066194;20;2.000183111056856
30;122.07403790398877;30;11.975463118381297;30;111.16061891537217;30;0.75126242588857417;30;1.9644764549699392;30;2.000183111056856
40;122.09845271156956;40;12.073122348704487;40;111.13620410779137;40;0.75110428452128952;40;1.9669179357280189;40;2.000183111056856
50;122.15948973052156;50;12.134159367656485;50;111.09958189642018;50;0.75090660781218366;50;1.9632557145908993;50;2.000183111056856
60;122.20831934568315;60;12.109744560075686;60;111.08737449262978;60;0.75078800178672;60;1.9675283059175388;60;2.000183111056856
70;122.03741569261757;70;12.085329752494889;70;111.00192266609699;70;0.75059032507761425;70;1.9623401593066194;70;2.000183111056856
80;122.12286751915036;80;12.060914944914089;80;111.00192266609699;80;0.75039264836850839;80;1.9666127506332589;80;2.000183111056856
90;122.06183050019837;90;12.085329752494889;90;110.98971526230659;90;0.75027404234304484;90;1.9614246040223395;90;2.000183111056856
100;122.07403790398877;100;12.207403790398876;100;110.9286782433546;100;0.750076365633939;100;1.9653920102542191;100;2.000183111056856
110;122.03741569261757;110;12.231818597979675;110;110.9164708395642;110;0.74991822426665422;110;1.9629505294961394;110;2.000183111056856
120;122.03741569261757;120;12.195196386608478;120;110.8920560319834;120;0.74972054755754836;120;1.966002380443739;120;2.000183111056856
130;122.11066011535996;130;12.244026001770074;130;110.84322641682181;130;0.7495624061902636;130;1.9681386761070589;130;2.000183111056856
140;122.09845271156956;140;12.280648213141273;140;110.80660420545061;140;0.749404264822979;140;1.9632557145908993;140;2.000183111056856
150;122.04962309640797;150;12.207403790398876;150;110.8920560319834;150;0.749206588113873;150;1.9666127506332589;150;2.000183111056856
160;121.97637867366558;160;12.109744560075686;160;111.02633747367778;160;0.748969376062946;160;1.9629505294961394;160;2.000183111056856
170;121.98858607745598;170;12.170781579027681;170;111.02633747367778;170;0.74885077003748235;170;1.965697195348979;170;2.000183111056856
180;122.01300088503677;180;12.292855616931671;180;110.95309305093539;180;0.74873216401201892;180;1.9614246040223395;180;2.000183111056856
190;122.09845271156956;190;12.341685232093266;190;111.00192266609699;190;0.74849495196109184;190;1.9681386761070589;190;2.000183111056856
200;121.96417126987518;200;12.341685232093266;200;110.95309305093539;200;0.74825773991016453;200;1.9638660847804192;200;2.000183111056856
210;121.95196386608478;210;12.231818597979675;210;110.940885647145;210;0.74802052785923745;210;1.9666127506332589;210;2.000183111056856
220;122.01300088503677;220;12.109744560075686;220;111.00192266609699;220;0.74790192183377391;220;1.967833491012299;220;2.000183111056856
230;121.92754905850398;230;12.231818597979675;230;110.9042634357738;230;0.74766470978284694;230;1.9653920102542191;230;2.000183111056856
240;121.89092684713279;240;12.39051484725486;240;111.02633747367778;240;0.7475461037573834;240;1.9687490462965789;240;2.000183111056856
250;121.93975646229438;250;12.256233405560472;250;111.18503372295297;250;0.74742749773191974;250;1.9629505294961394;250;2.000183111056856
260;122.02520828882717;260;12.280648213141273;260;111.14841151158177;260;0.747229821022814;260;1.966002380443739;260;2.000183111056856
270;122.02520828882717;270;12.292855616931671;270;111.14841151158177;270;0.74699260897188691;270;1.9620349742118595;270;2.000183111056856
280;122.01300088503677;280;12.244026001770074;280;111.14841151158177;280;0.74683446760460215;280;1.9681386761070589;280;2.000183111056856
290;121.95196386608478;290;12.256233405560472;290;111.13620410779137;290;0.74671586157913861;290;1.9623401593066194;290;2.000183111056856
300;122.03741569261757;300;12.280648213141273;300;111.22165593432416;300;0.74659725555367507;300;1.965697195348979;300;2.000183111056856
310;121.98858607745598;310;12.231818597979675;310;111.16061891537217;310;0.74643911418639031;310;1.9632557145908993;310;2.000183111056856
320;121.98858607745598;320;12.207403790398876;320;111.16061891537217;320;0.74636004350274809;320;1.9620349742118595;320;2.000183111056856
330;121.97637867366558;330;12.219611194189275;330;111.18503372295297;330;0.74620190213546334;330;1.965697195348979;330;2.000183111056856
340;122.02520828882717;340;12.195196386608478;340;111.18503372295297;340;0.74604376076817869;340;1.9653920102542191;340;2.000183111056856
350;122.12286751915036;350;12.158574175237282;350;111.19724112674336;350;0.74588561940089393;350;1.9690542313913388;350;2.000183111056856
360;122.07403790398877;360;12.317270424512468;360;111.20944853053376;360;0.74568794269178806;360;1.9653920102542191;360;2.000183111056856
370;122.13507492294076;370;12.280648213141273;370;111.23386333811456;370;0.74552980132450331;370;1.9681386761070589;370;2.000183111056856
380;122.11066011535996;380;12.219611194189275;380;111.18503372295297;380;0.74541119529903976;380;1.9629505294961394;380;2.000183111056856
390;122.14728232673116;390;12.280648213141273;390;111.19724112674336;390;0.74517398324811268;390;1.967833491012299;390;2.000183111056856
400;122.19611194189275;400;12.244026001770074;400;111.18503372295297;400;0.74497630653900682;400;1.9620349742118595;400;2.000183111056856
410;122.19611194189275;410;12.329477828302867;410;111.02633747367778;410;0.74481816517172206;410;1.9669179357280189;410;2.000183111056856
420;122.12286751915036;420;12.244026001770074;420;110.9164708395642;420;0.74466002380443741;420;1.9653920102542191;420;2.000183111056856
430;121.98858607745598;430;12.207403790398876;430;111.01413006988739;430;0.74454141777897387;430;1.9632557145908993;430;2.000183111056856
440;122.01300088503677;440;12.30506302072207;440;110.98971526230659;440;0.74438327641168922;440;1.9663075655384989;440;2.000183111056856
450;122.07403790398877;450;12.317270424512468;450;110.80660420545061;450;0.74414606436076214;450;1.9635608996856593;450;2.000183111056856
460;122.12286751915036;460;12.317270424512468;460;110.79439680166021;460;0.74398792299347738;460;1.967833491012299;460;2.000183111056856
470;122.01300088503677;470;12.39051484725486;470;110.85543382061221;470;0.74379024628437151;470;1.9644764549699392;470;2.000183111056856
480;122.06183050019837;480;12.402722251045258;480;110.84322641682181;480;0.74363210491708687;480;1.9687490462965789;480;2.000183111056856
490;121.98858607745598;490;12.378307443464461;490;110.76998199407942;490;0.74347396354980211;490;1.9620349742118595;490;2.000183111056856
500;122.01300088503677;500;12.341685232093266;500;110.76998199407942;500;0.74331582218251735;500;1.9663075655384989;500;2.000183111056856
510;122.03741569261757;510;12.317270424512468;510;110.74556718649862;510;0.74315768081523259;510;1.9644764549699392;510;2.000183111056856
520;121.98858607745598;520;12.329477828302867;520;110.70894497512742;520;0.743039074789769;520;1.9638660847804192;520;2.000183111056856
530;122.01300088503677;530;12.329477828302867;530;110.76998199407942;530;0.74288093342248429;530;1.9647816400646991;530;2.000183111056856
540;122.01300088503677;540;12.366100039674063;540;110.84322641682181;540;0.7426041860297361;540;1.9666127506332589;540;2.000183111056856
550;122.04962309640797;550;12.317270424512468;550;110.85543382061221;550;0.74236697397880913;550;1.9693594164860988;550;2.000183111056856
560;121.96417126987518;560;12.30506302072207;560;110.8676412244026;560;0.74220883261152437;560;1.9623401593066194;560;2.000183111056856
570;122.02520828882717;570;12.39051484725486;570;110.8676412244026;570;0.74212976192788194;570;1.9666127506332589;570;2.000183111056856
580;121.95196386608478;580;12.30506302072207;580;110.8920560319834;580;0.74197162056059729;580;1.9620349742118595;580;2.000183111056856
590;122.04962309640797;590;12.195196386608478;590;110.9286782433546;590;0.74173440850967021;590;1.9666127506332589;590;2.000183111056856
600;121.93975646229438;600;12.231818597979675;600;110.96530045472579;600;0.74157626714238545;600;1.9620349742118595;600;2.000183111056856
610;121.8420972319712;610;12.30506302072207;610;110.9286782433546;610;0.74137859043327969;610;1.9653920102542191;610;2.000183111056856
620;121.92754905850398;620;12.329477828302867;620;110.8920560319834;620;0.741259984407816;620;1.9653920102542191;620;2.000183111056856
630;121.97637867366558;630;12.329477828302867;630;111.03854487746818;630;0.74106230769871029;630;1.9623401593066194;630;2.000183111056856
640;122.02520828882717;640;12.341685232093266;640;111.19724112674336;640;0.74086463098960431;640;1.9675283059175388;640;2.000183111056856
650;121.96417126987518;650;12.329477828302867;650;111.18503372295297;650;0.74074602496414077;650;1.966002380443739;650;2.000183111056856
660;121.98858607745598;660;12.341685232093266;660;111.18503372295297;660;0.740587883596856;660;1.9681386761070589;660;2.000183111056856
670;121.93975646229438;670;12.329477828302867;670;111.18503372295297;670;0.74039020688775026;670;1.9620349742118595;670;2.000183111056856
680;122.06183050019837;680;12.366100039674063;680;111.18503372295297;680;0.7402320655204655;680;1.9669179357280189;680;2.000183111056856
690;122.04962309640797;690;12.317270424512468;690;111.11178930021057;690;0.74007392415318085;690;1.9617297891170995;690;2.000183111056856
700;122.06183050019837;700;12.414929654835657;700;111.11178930021057;700;0.7399553181277172;700;1.9663075655384989;700;2.000183111056856
710;122.06183050019837;710;12.378307443464461;710;111.19724112674336;710;0.73979717676043244;710;1.9644764549699392;710;2.000183111056856
720;121.98858607745598;720;12.256233405560472;720;111.06295968504898;720;0.73952042936768425;720;1.9623401593066194;720;2.000183111056856
730;122.01300088503677;730;12.378307443464461;730;111.00192266609699;730;0.73940182334222082;730;1.9647816400646991;730;2.000183111056856
740;121.98858607745598;740;12.414929654835657;740;111.11178930021057;740;0.73928321731675717;740;1.9638660847804192;740;2.000183111056856
750;121.97637867366558;750;12.39051484725486;750;111.08737449262978;750;0.7390460052658302;750;1.967833491012299;750;2.000183111056856
760;121.97637867366558;760;12.329477828302867;760;111.03854487746818;760;0.73888786389854544;760;1.9635608996856593;760;2.000183111056856
770;121.91534165471359;770;12.256233405560472;770;111.03854487746818;770;0.73869018718943957;770;1.9669179357280189;770;2.000183111056856
780;121.85430463576159;780;12.30506302072207;780;111.02633747367778;780;0.738571581163976;780;1.9617297891170995;780;2.000183111056856
790;122.17169713431196;790;12.378307443464461;790;111.11178930021057;790;0.73837390445487017;790;1.965697195348979;790;2.000183111056856
800;122.06183050019837;800;12.402722251045258;800;111.11178930021057;800;0.73825529842940651;800;1.9614246040223395;800;2.000183111056856
810;121.7932676168096;810;12.366100039674063;810;110.9042634357738;810;0.73805762172030065;810;1.965697195348979;810;2.000183111056856
820;121.86651203955199;820;12.402722251045258;820;110.8676412244026;820;0.73789948035301589;820;1.9675283059175388;820;2.000183111056856
830;121.91534165471359;830;12.488174077578051;830;110.96530045472579;830;0.73770180364391;830;1.9632557145908993;830;2.000183111056856
840;121.89092684713279;840;12.39051484725486;840;110.8920560319834;840;0.73766226830208892;840;1.9666127506332589;840;2.000183111056856
850;121.8420972319712;850;12.317270424512468;850;110.79439680166021;850;0.73742505625116184;850;1.9641712698751792;850;2.000183111056856
860;122.01300088503677;860;12.378307443464461;860;110.74556718649862;860;0.73722737954205586;860;1.9681386761070589;860;2.000183111056856
870;122.03741569261757;870;12.50038148136845;870;110.67232276375623;870;0.73710877351659243;870;1.9623401593066194;870;2.000183111056856
880;121.96417126987518;880;12.549211096530048;880;110.75777459028902;880;0.73695063214930767;880;1.9666127506332589;880;2.000183111056856
890;121.8298898281808;890;12.463759269997251;890;110.940885647145;890;0.73667388475655948;890;1.9617297891170995;890;2.000183111056856
900;121.86651203955199;900;12.402722251045258;900;110.9164708395642;900;0.73639713736381118;900;1.9663075655384989;900;2.000183111056856
910;121.91534165471359;910;12.329477828302867;910;110.9164708395642;910;0.73627853133834764;910;1.9647816400646991;910;2.000183111056856
920;121.87871944334239;920;12.317270424512468;920;111.00192266609699;920;0.73619946065470532;920;1.9617297891170995;920;2.000183111056856
930;121.96417126987518;930;12.329477828302867;930;110.85543382061221;930;0.73604131928742056;930;1.9663075655384989;930;2.000183111056856
940;121.93975646229438;940;12.366100039674063;940;110.81881160924101;940;0.73580410723649359;940;1.9653920102542191;940;2.000183111056856
950;122.07403790398877;950;12.39051484725486;950;110.85543382061221;950;0.73564596586920883;950;1.9681386761070589;950;2.000183111056856
960;121.98858607745598;960;12.366100039674063;960;110.83101901303141;960;0.735448289160103;960;1.9623401593066194;960;2.000183111056856
970;121.96417126987518;970;12.39051484725486;970;110.98971526230659;970;0.73532968313463942;970;1.9666127506332589;970;2.000183111056856
980;121.93975646229438;980;12.475966673787653;980;110.98971526230659;980;0.73513200642553356;980;1.9623401593066194;980;2.000183111056856
990;121.86651203955199;990;12.475966673787653;990;110.96530045472579;990;0.73489479437460647;990;1.9653920102542191;990;2.000183111056856
1000;121.85430463576159;1000;12.439344462416454;1000;111.00192266609699;1000;0.73477618834914293;1000;1.9620349742118595;1000;2.000183111056856
1010;121.89092684713279;1010;12.524796288949247;1010;111.02633747367778;1010;0.73461804698185817;1010;1.966002380443739;1010;2.000183111056856
1020;122.02520828882717;1020;12.512588885158848;1020;111.03854487746818;1020;0.73453897629821585;1020;1.9675283059175388;1020;2.000183111056856
1030;121.95196386608478;1030;12.414929654835657;1030;111.09958189642018;1030;0.73426222890546755;1030;1.9623401593066194;1030;2.000183111056856
1040;121.92754905850398;1040;12.39051484725486;1040;111.13620410779137;1040;0.73414362288000412;1040;1.966002380443739;1040;2.000183111056856
1050;121.93975646229438;1050;12.463759269997251;1050;111.05075228125858;1050;0.73398548151271936;1050;1.9632557145908993;1050;2.000183111056856
1060;121.97637867366558;1060;12.439344462416454;1060;111.00192266609699;1060;0.73382734014543471;1060;1.9684438612018189;1060;2.000183111056856
1070;122.04962309640797;1070;12.402722251045258;1070;110.98971526230659;1070;0.73359012809450763;1070;1.9614246040223395;1070;2.000183111056856
1080;122.12286751915036;1080;12.549211096530048;1080;111.05075228125858;1080;0.73343198672722287;1080;1.966002380443739;1080;2.000183111056856
1090;121.95196386608478;1090;12.463759269997251;1090;110.98971526230659;1090;0.73331338070175933;1090;1.9629505294961394;1090;2.000183111056856
1100;121.92754905850398;1100;12.317270424512468;1100;110.9164708395642;1100;0.73315523933447446;1100;1.9629505294961394;1100;2.000183111056856
1110;121.92754905850398;1110;12.39051484725486;1110;110.98971526230659;1110;0.73303663330901092;1110;1.9635608996856593;1110;2.000183111056856
1120;121.92754905850398;1120;12.402722251045258;1120;110.9286782433546;1120;0.73283895659990506;1120;1.9647816400646991;1120;2.000183111056856
1130;122.01300088503677;1130;12.402722251045258;1130;110.85543382061221;1130;0.73272035057444151;1130;1.9681386761070589;1130;2.000183111056856
1140;121.89092684713279;1140;12.439344462416454;1140;110.9164708395642;1140;0.73248313852351443;1140;1.9632557145908993;1140;2.000183111056856
1150;121.89092684713279;1150;12.488174077578051;1150;110.8920560319834;1150;0.73236453249805089;1150;1.967833491012299;1150;2.000183111056856
1160;121.93975646229438;1160;12.475966673787653;1160;110.81881160924101;1160;0.732166855788945;1160;1.9635608996856593;1160;2.000183111056856
1170;121.98858607745598;1170;12.524796288949247;1170;110.80660420545061;1170;0.73196917907983916;1170;1.967833491012299;1170;2.000183111056856
1180;121.92754905850398;1180;12.414929654835657;1180;110.70894497512742;1180;0.73185057305437562;1180;1.9608142338328196;1180;2.000183111056856
1190;121.96417126987518;1190;12.475966673787653;1190;110.81881160924101;1190;0.73165289634526975;1190;1.9641712698751792;1190;2.000183111056856
1200;121.97637867366558;1200;12.512588885158848;1200;110.8676412244026;1200;0.73153429031980621;1200;1.9647816400646991;1200;2.000183111056856
1210;121.7932676168096;1210;12.414929654835657;1210;110.81881160924101;1210;0.73129707826887913;1210;1.9623401593066194;1210;2.000183111056856
1220;121.7932676168096;1220;12.439344462416454;1220;110.84322641682181;1220;0.73117847224341559;1220;1.9644764549699392;1220;2.000183111056856
1230;121.89092684713279;1230;12.488174077578051;1230;110.84322641682181;1230;0.73098079553430972;1230;1.9647816400646991;1230;2.000183111056856
1240;121.89092684713279;1240;12.573625904110845;1240;110.84322641682181;1240;0.73074358348338264;1240;1.9702749717703787;1240;2.000183111056856
1250;121.8054750206;1250;12.366100039674063;1250;110.75777459028902;1250;0.73058544211609788;1250;1.9632557145908993;1250;2.000183111056856
1260;121.8298898281808;1260;12.256233405560472;1260;110.81881160924101;1260;0.73042730074881324;1260;1.9666127506332589;1260;2.000183111056856
1270;121.8420972319712;1270;12.427137058626055;1270;110.9042634357738;1270;0.73026915938152848;1270;1.9623401593066194;1270;2.000183111056856
1280;121.91534165471359;1280;12.598040711691642;1280;110.81881160924101;1280;0.73003194733060151;1280;1.9653920102542191;1280;2.000183111056856
1290;121.93975646229438;1290;12.646870326853238;1290;110.80660420545061;1290;0.72987380596331675;1290;1.9620349742118595;1290;2.000183111056856
1300;121.89092684713279;1300;12.488174077578051;1300;110.98971526230659;1300;0.7297156645960321;1300;1.9641712698751792;1300;2.000183111056856
1310;121.7932676168096;1310;12.378307443464461;1310;111.02633747367778;1310;0.72947845254510491;1310;1.965697195348979;1310;2.000183111056856
1320;121.8298898281808;1320;12.488174077578051;1320;110.98971526230659;1320;0.72924124049417793;1320;1.9647816400646991;1320;2.000183111056856
1330;121.95196386608478;1330;12.50038148136845;1330;111.03854487746818;1330;0.7291621698105355;1330;1.9669179357280189;1330;2.000183111056856
1340;122.02520828882717;1340;12.402722251045258;1340;111.02633747367778;1340;0.72896449310142963;1340;1.9611194189275796;1340;2.000183111056856
1350;122.01300088503677;1350;12.439344462416454;1350;111.08737449262978;1350;0.72888542241778731;1350;1.9669179357280189;1350;2.000183111056856
1360;121.8420972319712;1360;12.427137058626055;1360;111.01413006988739;1360;0.72868774570868144;1360;1.9623401593066194;1360;2.000183111056856
1370;121.89092684713279;1370;12.475966673787653;1370;110.95309305093539;1370;0.72852960434139669;1370;1.9666127506332589;1370;2.000183111056856
1380;121.86651203955199;1380;12.524796288949247;1380;111.05075228125858;1380;0.7282923922904696;1380;1.9620349742118595;1380;2.000183111056856
1390;121.87871944334239;1390;12.488174077578051;1390;110.96530045472579;1390;0.72809471558136374;1390;1.9663075655384989;1390;2.000183111056856
1400;121.91534165471359;1400;12.475966673787653;1400;110.9042634357738;1400;0.7280156448977213;1400;1.965697195348979;1400;2.000183111056856
1410;121.85430463576159;1410;12.427137058626055;1410;111.05075228125858;1410;0.72777843284679422;1410;1.9620349742118595;1410;2.000183111056856
1420;121.91534165471359;1420;12.378307443464461;1420;111.11178930021057;1420;0.72762029147950957;1420;1.9669179357280189;1420;2.000183111056856
1430;121.91534165471359;1430;12.427137058626055;1430;110.9164708395642;1430;0.72746215011222481;1430;1.9635608996856593;1430;2.000183111056856
1440;121.96417126987518;1440;12.585833307901243;1440;110.85543382061221;1440;0.72738307942858249;1440;1.966002380443739;1440;2.000183111056856
1450;122.02520828882717;1450;12.488174077578051;1450;110.8920560319834;1450;0.72714586737765541;1450;1.9623401593066194;1450;2.000183111056856
1460;122.04962309640797;1460;12.366100039674063;1460;110.9164708395642;1460;0.72698772601037076;1460;1.9684438612018189;1460;2.000183111056856
1470;121.93975646229438;1470;12.402722251045258;1470;111.00192266609699;1470;0.726829584643086;1470;1.9614246040223395;1470;2.000183111056856
1480;121.93975646229438;1480;12.463759269997251;1480;110.940885647145;1480;0.72671097861762246;1480;1.9632557145908993;1480;2.000183111056856
1490;121.92754905850398;1490;12.463759269997251;1490;110.79439680166021;1490;0.72643423122487427;1490;1.9638660847804192;1490;2.000183111056856
1500;121.87871944334239;1500;12.475966673787653;1500;110.84322641682181;1500;0.7262365545157683;1500;1.9635608996856593;1500;2.000183111056856
1510;121.93975646229438;1510;12.475966673787653;1510;110.940885647145;1510;0.72619701917394708;1510;1.9647816400646991;1510;2.000183111056856
1520;122.03741569261757;1520;12.402722251045258;1520;110.84322641682181;1520;0.72595980712302011;1520;1.9647816400646991;1520;2.000183111056856
1530;121.96417126987518;1530;12.341685232093266;1530;110.73335978270822;1530;0.72580166575573546;1530;1.9675283059175388;1530;2.000183111056856
1540;121.89092684713279;1540;12.317270424512468;1540;110.81881160924101;1540;0.7256435243884507;1540;1.9611194189275796;1540;2.000183111056856
1550;122.02520828882717;1550;12.439344462416454;1550;110.940885647145;1550;0.72552491836298716;1550;1.9663075655384989;1550;2.000183111056856
1560;121.89092684713279;1560;12.488174077578051;1560;110.79439680166021;1560;0.72532724165388129;1560;1.9623401593066194;1560;2.000183111056856
1570;121.86651203955199;1570;12.378307443464461;1570;110.70894497512742;1570;0.725050494261133;1570;1.9681386761070589;1570;2.000183111056856
1580;121.86651203955199;1580;12.341685232093266;1580;110.69673757133702;1580;0.72489235289384824;1580;1.9623401593066194;1580;2.000183111056856
1590;121.87871944334239;1590;12.512588885158848;1590;110.73335978270822;1590;0.72469467618474248;1590;1.9620349742118595;1590;2.000183111056856
1600;121.97637867366558;1600;12.646870326853238;1600;110.8676412244026;1600;0.7246156055011;1600;1.9653920102542191;1600;2.000183111056856
1610;121.96417126987518;1610;12.524796288949247;1610;111.00192266609699;1610;0.72437839345017307;1610;1.9629505294961394;1610;2.000183111056856
1620;121.7810602130192;1620;12.524796288949247;1620;110.9286782433546;1620;0.724141181399246;1620;1.965697195348979;1620;2.000183111056856
1630;121.7932676168096;1630;12.524796288949247;1630;110.81881160924101;1630;0.72394350469014;1630;1.9638660847804192;1630;2.000183111056856
1640;121.98858607745598;1640;12.463759269997251;1640;110.8676412244026;1640;0.72386443400649769;1640;1.9687490462965789;1640;2.000183111056856
1650;121.87871944334239;1650;12.488174077578051;1650;110.81881160924101;1650;0.72362722195557061;1650;1.9617297891170995;1650;2.000183111056856
1660;121.92754905850398;1660;12.512588885158848;1660;110.85543382061221;1660;0.72350861593010718;1660;1.966002380443739;1660;2.000183111056856
1670;121.87871944334239;1670;12.488174077578051;1670;110.85543382061221;1670;0.72335047456282242;1670;1.9629505294961394;1670;2.000183111056856
1680;121.85430463576159;1680;12.549211096530048;1680;110.75777459028902;1680;0.72315279785371656;1680;1.9638660847804192;1680;2.000183111056856
1690;121.95196386608478;1690;12.50038148136845;1690;110.80660420545061;1690;0.72299465648643169;1690;1.9629505294961394;1690;2.000183111056856
1700;121.8420972319712;1700;12.561418500320446;1700;110.73335978270822;1700;0.72295512114461047;1700;1.9653920102542191;1700;2.000183111056856
1710;121.8420972319712;1710;12.61024811548204;1710;110.79439680166021;1710;0.72283651511914693;1710;1.967833491012299;1710;2.000183111056856
1720;121.93975646229438;1720;12.475966673787653;1720;110.9042634357738;1720;0.72259930306822;1720;1.9617297891170995;1720;2.000183111056856
1730;121.91534165471359;1730;12.366100039674063;1730;110.80660420545061;1730;0.72252023238457752;1730;1.9663075655384989;1730;2.000183111056856
1740;121.744438001648;1740;12.463759269997251;1740;110.79439680166021;1740;0.72228302033365055;1740;1.9629505294961394;1740;2.000183111056856
1750;121.87871944334239;1750;12.475966673787653;1750;110.81881160924101;1750;0.72208534362454468;1750;1.9666127506332589;1750;2.000183111056856
1760;121.89092684713279;1760;12.427137058626055;1760;110.9286782433546;1760;0.72192720225725993;1760;1.9614246040223395;1760;2.000183111056856
1770;121.8054750206;1770;12.50038148136845;1770;110.940885647145;1770;0.72180859623179638;1770;1.9675283059175388;1770;2.000183111056856
1780;121.89092684713279;1780;12.512588885158848;1780;110.85543382061221;1780;0.72165045486451163;1780;1.965697195348979;1780;2.000183111056856
1790;121.96417126987518;1790;12.414929654835657;1790;110.940885647145;1790;0.72137370747176344;1790;1.9632557145908993;1790;2.000183111056856
1800;121.95196386608478;1800;12.512588885158848;1800;111.00192266609699;1800;0.7212551014462999;1800;1.965697195348979;1800;2.000183111056856
1810;121.87871944334239;1810;12.585833307901243;1810;110.9164708395642;1810;0.72109696007901525;1810;1.9632557145908993;1810;2.000183111056856
1820;121.87871944334239;1820;12.561418500320446;1820;110.8676412244026;1820;0.72089928336990927;1820;1.9666127506332589;1820;2.000183111056856
1830;121.7810602130192;1830;12.475966673787653;1830;110.85543382061221;1830;0.7206620713189823;1830;1.9638660847804192;1830;2.000183111056856
1840;121.85430463576159;1840;12.488174077578051;1840;110.80660420545061;1840;0.72050392995169754;1840;1.9684438612018189;1840;2.000183111056856
1850;121.87871944334239;1850;12.488174077578051;1850;110.70894497512742;1850;0.72034578858441278;1850;1.9617297891170995;1850;2.000183111056856
1860;121.96417126987518;1860;12.427137058626055;1860;110.83101901303141;1860;0.72026671790077046;1860;1.9663075655384989;1860;2.000183111056856
1870;121.96417126987518;1870;12.427137058626055;1870;110.8920560319834;1870;0.720148111875307;1870;1.9632557145908993;1870;2.000183111056856
1880;121.92754905850398;1880;12.439344462416454;1880;110.73335978270822;1880;0.71987136448255862;1880;1.9623401593066194;1880;2.000183111056856
1890;121.89092684713279;1890;12.488174077578051;1890;110.69673757133702;1890;0.71975275845709519;1890;1.9632557145908993;1890;2.000183111056856
1900;121.87871944334239;1900;12.512588885158848;1900;110.69673757133702;1900;0.71959461708981043;1900;1.9647816400646991;1900;2.000183111056856
1910;121.8054750206;1910;12.549211096530048;1910;110.74556718649862;1910;0.71943647572252578;1910;1.9675283059175388;1910;2.000183111056856
1920;121.7932676168096;1920;12.561418500320446;1920;110.81881160924101;1920;0.71923879901341981;1920;1.9620349742118595;1920;2.000183111056856
1930;121.85430463576159;1930;12.475966673787653;1930;110.80660420545061;1930;0.71904112230431394;1930;1.967833491012299;1930;2.000183111056856
1940;121.7810602130192;1940;12.561418500320446;1940;110.70894497512742;1940;0.71884344559520819;1940;1.9617297891170995;1940;2.000183111056856
1950;121.85430463576159;1950;12.585833307901243;1950;110.61128574480423;1950;0.71872483956974453;1950;1.9641712698751792;1950;2.000183111056856
1960;121.73223059785761;1960;12.463759269997251;1960;110.70894497512742;1960;0.71852716286063878;1960;1.9598986785485397;1960;2.000183111056856
1970;121.85430463576159;1970;12.561418500320446;1970;110.76998199407942;1970;0.718369021493354;1970;1.965697195348979;1970;2.000183111056856
1980;121.86651203955199;1980;12.598040711691642;1980;110.79439680166021;1980;0.71813180944242694;1980;1.9653920102542191;1980;2.000183111056856
1990;121.7810602130192;1990;12.598040711691642;1990;110.83101901303141;1990;0.71789459739149974;1990;1.9641712698751792;1990;2.000183111056856
2000;121.87871944334239;2000;12.61024811548204;2000;110.81881160924101;2000;0.71785506204967853;2000;1.965697195348979;2000;2.000183111056856
2010;121.86651203955199;2010;12.549211096530048;2010;110.85543382061221;2010;0.71761784999875144;2010;1.9617297891170995;2010;2.000183111056856
2020;121.93975646229438;2020;12.488174077578051;2020;110.80660420545061;2020;0.71738063794782447;2020;1.9669179357280189;2020;2.000183111056856
2030;121.87871944334239;2030;12.427137058626055;2030;110.79439680166021;2030;0.71722249658053971;2030;1.9611194189275796;2030;2.000183111056856
2040;121.8054750206;2040;12.475966673787653;2040;110.9164708395642;2040;0.71710389055507628;2040;1.9644764549699392;2040;2.000183111056856
2050;121.70781579027681;2050;12.573625904110845;2050;110.85543382061221;2050;0.71698528452961263;2050;1.9608142338328196;2050;2.000183111056856
2060;121.8054750206;2060;12.61024811548204;2060;110.75777459028902;2060;0.71686667850414909;2060;1.966002380443739;2060;2.000183111056856
2070;121.86651203955199;2070;12.634662923062837;2070;110.80660420545061;2070;0.71666900179504323;2070;1.9629505294961394;2070;2.000183111056856
2080;121.7810602130192;2080;12.549211096530048;2080;110.9286782433546;2080;0.71643178974411625;2080;1.9635608996856593;2080;2.000183111056856
2090;121.7810602130192;2090;12.439344462416454;2090;110.98971526230659;2090;0.7162736483768315;2090;1.966002380443739;2090;2.000183111056856
2100;121.7810602130192;2100;12.598040711691642;2100;110.9164708395642;2100;0.71607597166772563;2100;1.9617297891170995;2100;2.000183111056856
2110;121.8298898281808;2110;12.598040711691642;2110;110.8676412244026;2110;0.71587829495861977;2110;1.965697195348979;2110;2.000183111056856
2120;121.68340098269601;2120;12.524796288949247;2120;110.8676412244026;2120;0.71568061824951379;2120;1.9629505294961394;2120;2.000183111056856
2130;121.67119357890562;2130;12.634662923062837;2130;110.79439680166021;2130;0.71556201222405025;2130;1.9666127506332589;2130;2.000183111056856
2140;121.744438001648;2140;12.646870326853238;2140;110.74556718649862;2140;0.71544340619858682;2140;1.9614246040223395;2140;2.000183111056856
2150;121.95196386608478;2150;12.646870326853238;2150;110.84322641682181;2150;0.71520619414765974;2150;1.967833491012299;2150;2.000183111056856
2160;121.85430463576159;2160;12.61024811548204;2160;110.85543382061221;2160;0.71500851743855376;2160;1.9629505294961394;2160;2.000183111056856
2170;121.85430463576159;2170;12.561418500320446;2170;110.84322641682181;2170;0.71488991141309033;2170;1.9635608996856593;2170;2.000183111056856
2180;121.97637867366558;2180;12.414929654835657;2180;110.9164708395642;2180;0.71477130538762679;2180;1.9644764549699392;2180;2.000183111056856
2190;121.8054750206;2190;12.427137058626055;2190;110.8676412244026;2190;0.7145340933366997;2190;1.9611194189275796;2190;2.000183111056856
2200;121.8420972319712;2200;12.549211096530048;2200;110.8920560319834;2200;0.714375951969415;2200;1.965697195348979;2200;2.000183111056856
2210;121.8298898281808;2210;12.524796288949247;2210;110.84322641682181;2210;0.7142573459439514;2210;1.9629505294961394;2210;2.000183111056856
2220;121.95196386608478;2220;12.512588885158848;2220;110.74556718649862;2220;0.71409920457666676;2220;1.9653920102542191;2220;2.000183111056856
2230;121.93975646229438;2230;12.50038148136845;2230;110.73335978270822;2230;0.71390152786756089;2230;1.9617297891170995;2230;2.000183111056856
2240;121.8420972319712;2240;12.463759269997251;2240;110.81881160924101;2240;0.71374338650027613;2240;1.9669179357280189;2240;2.000183111056856
2250;121.8054750206;2250;12.439344462416454;2250;110.8676412244026;2250;0.71350617444934916;2250;1.9611194189275796;2250;2.000183111056856
2260;121.86651203955199;2260;12.463759269997251;2260;110.73335978270822;2260;0.7133480330820644;2260;1.9635608996856593;2260;2.000183111056856
2270;121.89092684713279;2270;12.488174077578051;2270;110.80660420545061;2270;0.71318989171477976;2270;1.9629505294961394;2270;2.000183111056856
2280;121.92754905850398;2280;12.488174077578051;2280;110.79439680166021;2280;0.71299221500567367;2280;1.9608142338328196;2280;2.000183111056856
2290;121.744438001648;2290;12.439344462416454;2290;110.64790795617543;2290;0.7127945382965678;2290;1.9632557145908993;2290;2.000183111056856
2300;121.75664540543841;2300;12.561418500320446;2300;110.80660420545061;2300;0.71259686158746183;2300;1.9638660847804192;2300;2.000183111056856
2310;122.03741569261757;2310;12.475966673787653;2310;110.81881160924101;2310;0.7124782555619984;2310;1.967833491012299;2310;2.000183111056856
2320;121.92754905850398;2320;12.366100039674063;2320;110.76998199407942;2320;0.71228057885289242;2320;1.9611194189275796;2320;2.000183111056856
2330;121.73223059785761;2330;12.50038148136845;2330;110.80660420545061;2330;0.71212243748560777;2330;1.9653920102542191;2330;2.000183111056856
2340;121.64677877132482;2340;12.549211096530048;2340;110.79439680166021;2340;0.711964296118323;2340;1.9598986785485397;2340;2.000183111056856
2350;121.7810602130192;2350;12.512588885158848;2350;110.8920560319834;2350;0.71180615475103837;2350;1.9635608996856593;2350;2.000183111056856
2360;121.8298898281808;2360;12.488174077578051;2360;110.8676412244026;2360;0.71160847804193239;2360;1.9602038636432997;2360;2.000183111056856
2370;121.87871944334239;2370;12.512588885158848;2370;110.8920560319834;2370;0.71141080133282664;2370;1.9635608996856593;2370;2.000183111056856
2380;121.92754905850398;2380;12.598040711691642;2380;110.85543382061221;2380;0.71125265996554188;2380;1.966002380443739;2380;2.000183111056856
2390;121.89092684713279;2390;12.561418500320446;2390;110.9164708395642;2390;0.7110154479146148;2390;1.9620349742118595;2390;2.000183111056856
2400;121.8420972319712;2400;12.512588885158848;2400;110.8676412244026;2400;0.71085730654733015;2400;1.9663075655384989;2400;2.000183111056856
2410;121.85430463576159;2410;12.549211096530048;2410;110.66011535996583;2410;0.71069916518004539;2410;1.9608142338328196;2410;2.000183111056856
2420;121.93975646229438;2420;12.488174077578051;2420;110.76998199407942;2420;0.71054102381276074;2420;1.9638660847804192;2420;2.000183111056856
2430;121.744438001648;2430;12.561418500320446;2430;110.9164708395642;2430;0.7104224177872972;2430;1.9598986785485397;2430;2.000183111056856
2440;121.744438001648;2440;12.634662923062837;2440;110.8676412244026;2440;0.71026427642001255;2440;1.966002380443739;2440;2.000183111056856
2450;121.7810602130192;2450;12.475966673787653;2450;110.79439680166021;2450;0.71006659971090658;2450;1.9614246040223395;2450;2.000183111056856
2460;121.92754905850398;2460;12.402722251045258;2460;110.74556718649862;2460;0.70982938765997949;2460;1.9647816400646991;2460;2.000183111056856
2470;121.98858607745598;2470;12.549211096530048;2470;110.83101901303141;2470;0.70963171095087363;2470;1.9647816400646991;2470;2.000183111056856
2480;121.87871944334239;2480;12.598040711691642;2480;110.98971526230659;2480;0.7095526402672313;2480;1.9617297891170995;2480;2.000183111056856
2490;121.75664540543841;2490;12.659077730643636;2490;110.9164708395642;2490;0.70951310492541009;2490;1.9663075655384989;2490;2.000183111056856
2500;121.75664540543841;2500;12.598040711691642;2500;110.73335978270822;2500;0.70927589287448312;2500;1.9614246040223395;2500;2.000183111056856
2510;121.95196386608478;2510;12.50038148136845;2510;110.73335978270822;2510;0.70919682219084068;2510;1.9629505294961394;2510;2.000183111056856
2520;121.91534165471359;2520;12.573625904110845;2520;110.74556718649862;2520;0.70895961013991371;2520;1.9592883083590198;2520;2.000183111056856
2530;121.89092684713279;2530;12.585833307901243;2530;110.79439680166021;2530;0.70872239808898652;2530;1.9663075655384989;2530;2.000183111056856
2540;121.8420972319712;2540;12.561418500320446;2540;110.8920560319834;2540;0.70848518603805954;2540;1.9598986785485397;2540;2.000183111056856
2550;121.8298898281808;2550;12.61024811548204;2550;110.83101901303141;2550;0.70832704467077479;2550;1.9641712698751792;2550;2.000183111056856
2560;121.89092684713279;2560;12.585833307901243;2560;110.69673757133702;2560;0.70824797398713246;2560;1.9635608996856593;2560;2.000183111056856
2570;121.89092684713279;2570;12.646870326853238;2570;110.69673757133702;2570;0.70801076193620538;2570;1.9602038636432997;2570;2.000183111056856
2580;121.85430463576159;2580;12.61024811548204;2580;110.79439680166021;2580;0.70781308522709929;2580;1.9635608996856593;2580;2.000183111056856
2590;121.85430463576159;2590;12.549211096530048;2590;110.8676412244026;2590;0.70769447920163575;2590;1.9620349742118595;2590;2.000183111056856
2600;121.91534165471359;2600;12.634662923062837;2600;110.84322641682181;2600;0.70749680249252989;2600;1.9647816400646991;2600;2.000183111056856
2610;121.89092684713279;2610;12.573625904110845;2610;110.76998199407942;2610;0.70733866112524513;2610;1.9614246040223395;2610;2.000183111056856
2620;121.95196386608478;2620;12.573625904110845;2620;110.85543382061221;2620;0.70714098441613926;2620;1.9663075655384989;2620;2.000183111056856
2630;121.8054750206;2630;12.671285134434035;2630;110.76998199407942;2630;0.70694330770703329;2630;1.9589831232642598;2630;2.000183111056856
2640;121.7932676168096;2640;12.659077730643636;2640;110.70894497512742;2640;0.70682470168156986;2640;1.9638660847804192;2640;2.000183111056856
2650;121.7810602130192;2650;12.598040711691642;2650;110.81881160924101;2650;0.70662702497246388;2650;1.9617297891170995;2650;2.000183111056856
2660;121.87871944334239;2660;12.585833307901243;2660;110.85543382061221;2660;0.70638981292153691;2660;1.9608142338328196;2660;2.000183111056856
2670;121.85430463576159;2670;12.585833307901243;2670;110.76998199407942;2670;0.70623167155425215;2670;1.9629505294961394;2670;2.000183111056856
2680;121.7932676168096;2680;12.634662923062837;2680;110.74556718649862;2680;0.70599445950332507;2680;1.9632557145908993;2680;2.000183111056856
2690;121.8298898281808;2690;12.585833307901243;2690;110.83101901303141;2690;0.7057967827942192;2690;1.9663075655384989;2690;2.000183111056856
2700;121.73223059785761;2700;12.683492538224433;2700;110.83101901303141;2700;0.70559910608511334;2700;1.9632557145908993;2700;2.000183111056856
2710;121.91534165471359;2710;12.720114749595629;2710;110.83101901303141;2710;0.70540142937600747;2710;1.9663075655384989;2710;2.000183111056856
2720;122.04962309640797;2720;12.61024811548204;2720;110.73335978270822;2720;0.70520375266690161;2720;1.9586779381694999;2720;2.000183111056856
2730;122.06183050019837;2730;12.659077730643636;2730;110.72115237891782;2730;0.70508514664143807;2730;1.9632557145908993;2730;2.000183111056856
2740;121.8298898281808;2740;12.659077730643636;2740;110.76998199407942;2740;0.70496654061597452;2740;1.9602038636432997;2740;2.000183111056856
2750;121.8298898281808;2750;12.61024811548204;2750;110.73335978270822;2750;0.704847934590511;2750;1.9620349742118595;2750;2.000183111056856
2760;121.93975646229438;2760;12.561418500320446;2760;110.75777459028902;2760;0.70472932856504744;2760;1.9611194189275796;2760;2.000183111056856
2770;121.7810602130192;2770;12.50038148136845;2770;110.81881160924101;2770;0.70445258117229925;2770;1.9629505294961394;2770;2.000183111056856
2780;121.75664540543841;2780;12.488174077578051;2780;110.80660420545061;2780;0.70425490446319339;2780;1.966002380443739;2780;2.000183111056856
2790;121.87871944334239;2790;12.524796288949247;2790;110.83101901303141;2790;0.70401769241226619;2790;1.9638660847804192;2790;2.000183111056856
2800;121.93975646229438;2800;12.427137058626055;2800;110.83101901303141;2800;0.70389908638680276;2800;1.967833491012299;2800;2.000183111056856
2810;121.7688528092288;2810;12.463759269997251;2810;110.83101901303141;2810;0.70370140967769679;2810;1.9589831232642598;2810;2.000183111056856
2820;121.7932676168096;2820;12.573625904110845;2820;110.8920560319834;2820;0.70354326831041214;2820;1.9641712698751792;2820;2.000183111056856
2830;121.8298898281808;2830;12.463759269997251;2830;110.85543382061221;2830;0.7034246622849486;2830;1.9598986785485397;2830;2.000183111056856
2840;121.87871944334239;2840;12.549211096530048;2840;110.79439680166021;2840;0.70330605625948506;2840;1.9617297891170995;2840;2.000183111056856
2850;121.744438001648;2850;12.659077730643636;2850;110.74556718649862;2850;0.70310837955037919;2850;1.9608142338328196;2850;2.000183111056856
2860;121.744438001648;2860;12.573625904110845;2860;110.81881160924101;2860;0.70295023818309454;2860;1.9617297891170995;2860;2.000183111056856
2870;121.86651203955199;2870;12.585833307901243;2870;110.8676412244026;2870;0.70275256147398846;2870;1.9638660847804192;2870;2.000183111056856
2880;121.89092684713279;2880;12.598040711691642;2880;110.85543382061221;2880;0.7025944201067037;2880;1.9641712698751792;2880;2.000183111056856
2890;121.91534165471359;2890;12.50038148136845;2890;110.80660420545061;2890;0.70239674339759783;2890;1.9675283059175388;2890;2.000183111056856
2900;121.70781579027681;2900;12.524796288949247;2900;110.81881160924101;2900;0.70219906668849208;2900;1.9608142338328196;2900;2.000183111056856
2910;121.8420972319712;2910;12.585833307901243;2910;110.80660420545061;2910;0.70204092532120732;2910;1.9641712698751792;2910;2.000183111056856
2920;121.96417126987518;2920;12.561418500320446;2920;110.75777459028902;2920;0.70184324861210146;2920;1.9586779381694999;2920;2.000183111056856
2930;121.93975646229438;2930;12.61024811548204;2930;110.9042634357738;2930;0.70172464258663791;2930;1.9635608996856593;2930;2.000183111056856
2940;121.8420972319712;2940;12.561418500320446;2940;110.76998199407942;2940;0.701526965877532;2940;1.9608142338328196;2940;2.000183111056856
2950;121.89092684713279;2950;12.439344462416454;2950;110.69673757133702;2950;0.70132928916842607;2950;1.9638660847804192;2950;2.000183111056856
2960;121.8420972319712;2960;12.561418500320446;2960;110.69673757133702;2960;0.70117114780114143;2960;1.9644764549699392;2960;2.000183111056856
2970;121.7810602130192;2970;12.598040711691642;2970;110.66011535996583;2970;0.70093393575021423;2970;1.9632557145908993;2970;2.000183111056856
2980;121.89092684713279;2980;12.561418500320446;2980;110.75777459028902;2980;0.70073625904110848;2980;1.965697195348979;2980;2.000183111056856
2990;121.8420972319712;2990;12.61024811548204;2990;110.74556718649862;2990;0.70053858233200261;2990;1.9589831232642598;2990;2.000183111056856
3000;121.86651203955199;3000;12.524796288949247;3000;110.70894497512742;3000;0.70038044096471785;3000;1.9638660847804192;3000;2.000183111056856
3010;121.8298898281808;3010;12.439344462416454;3010;110.81881160924101;3010;0.70022229959743321;3010;1.9598986785485397;3010;2.000183111056856
3020;121.744438001648;3020;12.549211096530048;3020;110.940885647145;3020;0.70006415823014845;3020;1.9641712698751792;3020;2.000183111056856
3030;121.68340098269601;3030;12.585833307901243;3030;110.8920560319834;3030;0.69994555220468491;3030;1.9586779381694999;3030;2.000183111056856
3040;121.95196386608478;3040;12.671285134434035;3040;110.84322641682181;3040;0.699747875495579;3040;1.9635608996856593;3040;2.000183111056856
3050;121.92754905850398;3050;12.671285134434035;3050;110.80660420545061;3050;0.69966880481193661;3050;1.9629505294961394;3050;2.000183111056856
3060;121.8054750206;3060;12.671285134434035;3060;110.76998199407942;3060;0.699510663444652;3060;1.9589831232642598;3060;2.000183111056856
3070;121.7810602130192;3070;12.744529557176429;3070;110.84322641682181;3070;0.69947112810283074;3070;1.9632557145908993;3070;2.000183111056856
3080;121.73223059785761;3080;12.646870326853238;3080;110.79439680166021;3080;0.69923391605190377;3080;1.9608142338328196;3080;2.000183111056856
3090;121.73223059785761;3090;12.549211096530048;3090;110.75777459028902;3090;0.69903623934279779;3090;1.9644764549699392;3090;2.000183111056856
3100;121.75664540543841;3100;12.512588885158848;3100;110.8676412244026;3100;0.69887809797551315;3100;1.9614246040223395;3100;2.000183111056856
3110;121.85430463576159;3110;12.561418500320446;3110;110.81881160924101;3110;0.6987594919500496;3110;1.9666127506332589;3110;2.000183111056856
3120;121.86651203955199;3120;12.573625904110845;3120;110.75777459028902;3120;0.69852227989912252;3120;1.9595934934537798;3120;2.000183111056856
3130;122.01300088503677;3130;12.512588885158848;3130;110.80660420545061;3130;0.69832460319001655;3130;1.9644764549699392;3130;2.000183111056856
3140;121.92754905850398;3140;12.524796288949247;3140;110.79439680166021;3140;0.6981664618227319;3140;1.9620349742118595;3140;2.000183111056856
3150;121.91534165471359;3150;12.561418500320446;3150;110.74556718649862;3150;0.69792924977180493;3150;1.9602038636432997;3150;2.000183111056856
3160;121.98858607745598;3160;12.585833307901243;3160;110.80660420545061;3160;0.69777110840452006;3160;1.9632557145908993;3160;2.000183111056856
3170;121.89092684713279;3170;12.671285134434035;3170;110.73335978270822;3170;0.6976129670372353;3170;1.9608142338328196;3170;2.000183111056856
3180;121.8298898281808;3180;12.683492538224433;3180;110.69673757133702;3180;0.69741529032812943;3180;1.9644764549699392;3180;2.000183111056856
3190;121.8298898281808;3190;12.671285134434035;3190;110.72115237891782;3190;0.69729668430266589;3190;1.9617297891170995;3190;2.000183111056856
3200;121.8298898281808;3200;12.756736960966828;3200;110.80660420545061;3200;0.69717807827720246;3200;1.965697195348979;3200;2.000183111056856
3210;121.744438001648;3210;12.744529557176429;3210;110.98971526230659;3210;0.6970199369099177;3210;1.95837275307474;3210;2.000183111056856
3220;121.7932676168096;3220;12.524796288949247;3220;110.98971526230659;3220;0.69682226020081184;3220;1.9635608996856593;3220;2.000183111056856
3230;121.85430463576159;3230;12.488174077578051;3230;110.9286782433546;3230;0.69666411883352708;3230;1.9614246040223395;3230;2.000183111056856
3240;121.92754905850398;3240;12.50038148136845;3240;110.8676412244026;3240;0.6964269067826;3240;1.9611194189275796;3240;2.000183111056856
3250;121.85430463576159;3250;12.475966673787653;3250;110.69673757133702;3250;0.69634783609895767;3250;1.9620349742118595;3250;2.000183111056856
3260;121.7932676168096;3260;12.573625904110845;3260;110.62349314859463;3260;0.69615015938985181;3260;1.9632557145908993;3260;2.000183111056856
3270;121.93975646229438;3270;12.524796288949247;3270;110.66011535996583;3270;0.69607108870620937;3270;1.966002380443739;3270;2.000183111056856
3280;121.91534165471359;3280;12.524796288949247;3280;110.74556718649862;3280;0.69579434131346118;3280;1.9620349742118595;3280;2.000183111056856
3290;121.91534165471359;3290;12.720114749595629;3290;110.8676412244026;3290;0.69567573528799764;3290;1.9669179357280189;3290;2.000183111056856
3300;121.87871944334239;3300;12.695699942014832;3300;110.83101901303141;3300;0.69555712926253421;3300;1.9595934934537798;3300;2.000183111056856
3310;121.93975646229438;3310;12.573625904110845;3310;110.72115237891782;3310;0.695319917211607;3310;1.9641712698751792;3310;2.000183111056856
3320;121.91534165471359;3320;12.549211096530048;3320;110.75777459028902;3320;0.69516177584432237;3320;1.9592883083590198;3320;2.000183111056856
3330;121.89092684713279;3330;12.61024811548204;3330;110.8676412244026;3330;0.69500363447703761;3330;1.9632557145908993;3330;2.000183111056856
3340;121.8298898281808;3340;12.634662923062837;3340;110.80660420545061;3340;0.69480595776793175;3340;1.9586779381694999;3340;2.000183111056856
3350;121.75664540543841;3350;12.549211096530048;3350;110.75777459028902;3350;0.6946478164006471;3350;1.9620349742118595;3350;2.000183111056856
3360;121.7688528092288;3360;12.573625904110845;3360;110.79439680166021;3360;0.69448967503336234;3360;1.9635608996856593;3360;2.000183111056856
3370;121.7688528092288;3370;12.646870326853238;3370;110.8676412244026;3370;0.6943710690078988;3370;1.9629505294961394;3370;2.000183111056856
3380;121.8054750206;3380;12.634662923062837;3380;110.8676412244026;3380;0.69417339229879294;3380;1.966002380443739;3380;2.000183111056856
3390;121.7810602130192;3390;12.659077730643636;3390;110.80660420545061;3390;0.69397571558968707;3390;1.9611194189275796;3390;2.000183111056856
3400;121.91534165471359;3400;12.817773979918821;3400;110.85543382061221;3400;0.69385710956422353;3400;1.9669179357280189;3400;2.000183111056856
3410;121.7810602130192;3410;12.744529557176429;3410;110.84322641682181;3410;0.69369896819693877;3410;1.9620349742118595;3410;2.000183111056856
3420;121.85430463576159;3420;12.561418500320446;3420;110.75777459028902;3420;0.69346175614601169;3420;1.9644764549699392;3420;2.000183111056856
3430;121.8054750206;3430;12.549211096530048;3430;110.70894497512742;3430;0.69322454409508472;3430;1.9589831232642598;3430;2.000183111056856
3440;121.8420972319712;3440;12.573625904110845;3440;110.81881160924101;3440;0.69302686738597885;3440;1.9641712698751792;3440;2.000183111056856
3450;121.91534165471359;3450;12.598040711691642;3450;110.84322641682181;3450;0.69294779670233653;3450;1.9632557145908993;3450;2.000183111056856
3460;121.7932676168096;3460;12.585833307901243;3460;110.75777459028902;3460;0.69271058465140911;3460;1.9614246040223395;3460;2.000183111056856
3470;121.8298898281808;3470;12.671285134434035;3470;110.83101901303141;3470;0.69259197862594557;3470;1.9638660847804192;3470;2.000183111056856
3480;121.7932676168096;3480;12.720114749595629;3480;110.9286782433546;3480;0.69239430191683971;3480;1.9598986785485397;3480;2.000183111056856
3490;121.87871944334239;3490;12.646870326853238;3490;110.85543382061221;3490;0.69223616054955506;3490;1.9641712698751792;3490;2.000183111056856
3500;121.8298898281808;3500;12.659077730643636;3500;110.79439680166021;3500;0.691998948498628;3500;1.9617297891170995;3500;2.000183111056856
3510;121.8298898281808;3510;12.695699942014832;3510;110.81881160924101;3510;0.69188034247316443;3510;1.966002380443739;3510;2.000183111056856
3520;121.8298898281808;3520;12.61024811548204;3520;110.80660420545061;3520;0.69168266576405857;3520;1.9586779381694999;3520;2.000183111056856
3530;121.85430463576159;3530;12.61024811548204;3530;110.83101901303141;3530;0.69152452439677392;3530;1.9614246040223395;3530;2.000183111056856
3540;121.8420972319712;3540;12.659077730643636;3540;110.81881160924101;3540;0.69140591837131027;3540;1.9589831232642598;3540;2.000183111056856
3550;121.8298898281808;3550;12.549211096530048;3550;110.79439680166021;3550;0.6911687063203833;3550;1.9608142338328196;3550;2.000183111056856
3560;121.7932676168096;3560;12.512588885158848;3560;110.85543382061221;3560;0.69108963563674086;3560;1.9629505294961394;3560;2.000183111056856
3570;121.7688528092288;3570;12.683492538224433;3570;110.9164708395642;3570;0.690891958927635;3570;1.9638660847804192;3570;2.000183111056856
3580;121.8420972319712;3580;12.61024811548204;3580;110.83101901303141;3580;0.69077335290217146;3580;1.9666127506332589;3580;2.000183111056856
3590;121.85430463576159;3590;12.488174077578051;3590;110.81881160924101;3590;0.6906152115348867;3590;1.9602038636432997;3590;2.000183111056856
3600;121.87871944334239;3600;12.549211096530048;3600;110.81881160924101;3600;0.69049660550942327;3600;1.966002380443739;3600;2.000183111056856
3610;121.8420972319712;3610;12.512588885158848;3610;110.80660420545061;3610;0.69025939345849618;3610;1.9608142338328196;3610;2.000183111056856
3620;121.87871944334239;3620;12.61024811548204;3620;110.83101901303141;3620;0.69014078743303264;3620;1.9632557145908993;3620;2.000183111056856
3630;121.91534165471359;3630;12.720114749595629;3630;110.75777459028902;3630;0.68998264606574788;3630;1.9589831232642598;3630;2.000183111056856
3640;121.91534165471359;3640;12.805566576128422;3640;110.70894497512742;3640;0.68974543401482091;3640;1.9638660847804192;3640;2.000183111056856
3650;121.92754905850398;3650;12.744529557176429;3650;110.75777459028902;3650;0.68958729264753615;3650;1.9635608996856593;3650;2.000183111056856
3660;121.89092684713279;3660;12.634662923062837;3660;110.74556718649862;3660;0.6894291512802514;3660;1.9623401593066194;3660;2.000183111056856
3670;121.96417126987518;3670;12.744529557176429;3670;110.67232276375623;3670;0.68927100991296675;3670;1.9663075655384989;3670;2.000183111056856
3680;121.96417126987518;3680;12.659077730643636;3680;110.70894497512742;3680;0.68907333320386088;3680;1.9614246040223395;3680;2.000183111056856
3690;121.92754905850398;3690;12.561418500320446;3690;110.76998199407942;3690;0.68895472717839734;3690;1.9644764549699392;3690;2.000183111056856
3700;121.73223059785761;3700;12.646870326853238;3700;110.84322641682181;3700;0.68871751512747026;3700;1.9577623828852198;3700;2.000183111056856
3710;121.75664540543841;3710;12.61024811548204;3710;110.84322641682181;3710;0.68851983841836439;3710;1.9629505294961394;3710;2.000183111056856
3720;121.87871944334239;3720;12.61024811548204;3720;110.84322641682181;3720;0.68836169705107964;3720;1.9592883083590198;3720;2.000183111056856
3730;121.87871944334239;3730;12.61024811548204;3730;110.81881160924101;3730;0.688203555683795;3730;1.9632557145908993;3730;2.000183111056856
3740;121.8420972319712;3740;12.561418500320446;3740;110.79439680166021;3740;0.68808494965833145;3740;1.9602038636432997;3740;2.000183111056856
3750;121.87871944334239;3750;12.683492538224433;3750;110.79439680166021;3750;0.68784773760740436;3750;1.9629505294961394;3750;2.000183111056856
3760;121.93975646229438;3760;12.756736960966828;3760;110.74556718649862;3760;0.68765006089829839;3760;1.9647816400646991;3760;2.000183111056856
3770;121.91534165471359;3770;12.61024811548204;3770;110.80660420545061;3770;0.68753145487283485;3770;1.9589831232642598;3770;2.000183111056856
3780;122.04962309640797;3780;12.561418500320446;3780;110.81881160924101;3780;0.68745238418919252;3780;1.9644764549699392;3780;2.000183111056856
3790;121.91534165471359;3790;12.634662923062837;3790;110.79439680166021;3790;0.68729424282190776;3790;1.9608142338328196;3790;2.000183111056856
3800;121.8298898281808;3800;12.720114749595629;3800;110.96530045472579;3800;0.68713610145462312;3800;1.9635608996856593;3800;2.000183111056856
3810;121.85430463576159;3810;12.646870326853238;3810;110.8920560319834;3810;0.68693842474551725;3810;1.9595934934537798;3810;2.000183111056856
3820;122.03741569261757;3820;12.61024811548204;3820;110.76998199407942;3820;0.68670121269459006;3820;1.9666127506332589;3820;2.000183111056856
3830;121.96417126987518;3830;12.634662923062837;3830;110.84322641682181;3830;0.68654307132730541;3830;1.9608142338328196;3830;2.000183111056856
3840;121.97637867366558;3840;12.61024811548204;3840;110.79439680166021;3840;0.68638492996002065;3840;1.9602038636432997;3840;2.000183111056856
3850;122.03741569261757;3850;12.659077730643636;3850;110.75777459028902;3850;0.68630585927637833;3850;1.9638660847804192;3850;2.000183111056856
3860;122.02520828882717;3860;12.659077730643636;3860;110.83101901303141;3860;0.68606864722545124;3860;1.9608142338328196;3860;2.000183111056856
3870;121.98858607745598;3870;12.695699942014832;3870;110.9164708395642;3870;0.68595004119998781;3870;1.9641712698751792;3870;2.000183111056856
3880;121.87871944334239;3880;12.695699942014832;3880;110.9286782433546;3880;0.68575236449088184;3880;1.9617297891170995;3880;2.000183111056856
3890;121.95196386608478;3890;12.695699942014832;3890;110.79439680166021;3890;0.68551515243995487;3890;1.966002380443739;3890;2.000183111056856
3900;121.87871944334239;3900;12.695699942014832;3900;110.75777459028902;3900;0.68535701107267011;3900;1.9602038636432997;3900;2.000183111056856
3910;121.93975646229438;3910;12.61024811548204;3910;110.76998199407942;3910;0.68523840504720657;3910;1.9644764549699392;3910;2.000183111056856
3920;121.89092684713279;3920;12.573625904110845;3920;110.76998199407942;3920;0.68515933436356424;3920;1.9598986785485397;3920;2.000183111056856
3930;121.8420972319712;3930;12.549211096530048;3930;110.83101901303141;3930;0.68492212231263716;3930;1.9611194189275796;3930;2.000183111056856
3940;121.8298898281808;3940;12.61024811548204;3940;110.84322641682181;3940;0.6847639809453524;3940;1.9611194189275796;3940;2.000183111056856
3950;121.86651203955199;3950;12.720114749595629;3950;110.9042634357738;3950;0.68460583957806775;3950;1.9602038636432997;3950;2.000183111056856
3960;121.93975646229438;3960;12.805566576128422;3960;110.9286782433546;3960;0.68452676889442543;3960;1.9635608996856593;3960;2.000183111056856
3970;121.8420972319712;3970;12.756736960966828;3970;110.85543382061221;3970;0.68428955684349835;3970;1.9635608996856593;3970;2.000183111056856
3980;121.7688528092288;3980;12.744529557176429;3980;110.8676412244026;3980;0.68409188013439237;3980;1.9669179357280189;3980;2.000183111056856
3990;121.85430463576159;3990;12.720114749595629;3990;110.9164708395642;3990;0.68389420342528662;3990;1.9592883083590198;3990;2.000183111056856
4000;121.95196386608478;4000;12.695699942014832;4000;110.8920560319834;4000;0.68365699137435954;4000;1.9644764549699392;4000;2.000183111056856
4010;121.75664540543841;4010;12.634662923062837;4010;110.9286782433546;4010;0.68345931466525356;4010;1.9598986785485397;4010;2.000183111056856
4020;121.75664540543841;4020;12.598040711691642;4020;110.940885647145;4020;0.68338024398161124;4020;1.9623401593066194;4020;2.000183111056856
4030;121.87871944334239;4030;12.634662923062837;4030;110.81881160924101;4030;0.68318256727250537;4030;1.9611194189275796;4030;2.000183111056856
4040;121.85430463576159;4040;12.695699942014832;4040;110.83101901303141;4040;0.682866284537936;4040;1.9632557145908993;4040;2.000183111056856
4050;121.89092684713279;4050;12.805566576128422;4050;110.9286782433546;4050;0.68278721385429353;4050;1.9647816400646991;4050;2.000183111056856
4060;121.92754905850398;4060;12.756736960966828;4060;110.83101901303141;4060;0.6826686078288301;4060;1.9608142338328196;4060;2.000183111056856
4070;121.96417126987518;4070;12.720114749595629;4070;110.72115237891782;4070;0.68251046646154523;4070;1.9653920102542191;4070;2.000183111056856
4080;121.89092684713279;4080;12.634662923062837;4080;110.67232276375623;4080;0.682233719068797;4080;1.9614246040223395;4080;2.000183111056856
4090;121.91534165471359;4090;12.695699942014832;4090;110.69673757133702;4090;0.6821151130433335;4090;1.9653920102542191;4090;2.000183111056856
4100;121.87871944334239;4100;12.732322153386027;4100;110.8676412244026;4100;0.68195697167604885;4100;1.9595934934537798;4100;2.000183111056856
4110;121.7810602130192;4110;12.756736960966828;4110;110.940885647145;4110;0.68171975962512166;4110;1.9663075655384989;4110;2.000183111056856
4120;121.75664540543841;4120;12.781151768547625;4120;110.85543382061221;4120;0.68152208291601579;4120;1.9620349742118595;4120;2.000183111056856
4130;121.85430463576159;4130;12.720114749595629;4130;110.79439680166021;4130;0.68132440620690993;4130;1.9592883083590198;4130;2.000183111056856
4140;121.8420972319712;4140;12.671285134434035;4140;110.73335978270822;4140;0.6812453355232676;4140;1.9614246040223395;4140;2.000183111056856
4150;121.8298898281808;4150;12.683492538224433;4150;110.73335978270822;4150;0.68096858813051941;4150;1.9620349742118595;4150;2.000183111056856
4160;121.93975646229438;4160;12.695699942014832;4160;110.74556718649862;4160;0.680889517446877;4160;1.9653920102542191;4160;2.000183111056856
4170;121.91534165471359;4170;12.659077730643636;4170;110.73335978270822;4170;0.68065230539595;4170;1.9617297891170995;4170;2.000183111056856
4180;121.89092684713279;4180;12.61024811548204;4180;110.69673757133702;4180;0.680454628686844;4180;1.9653920102542191;4180;2.000183111056856
4190;121.85430463576159;4190;12.561418500320446;4190;110.67232276375623;4190;0.6803360226613806;4190;1.9592883083590198;4190;2.000183111056856
4200;121.8298898281808;4200;12.671285134434035;4200;110.79439680166021;4200;0.68009881061045341;4200;1.9644764549699392;4200;2.000183111056856
4210;121.7688528092288;4210;12.695699942014832;4210;110.79439680166021;4210;0.67994066924316876;4210;1.9602038636432997;4210;2.000183111056856
4220;121.91534165471359;4220;12.634662923062837;4220;110.83101901303141;4220;0.679782527875884;4220;1.9623401593066194;4220;2.000183111056856
4230;121.95196386608478;4230;12.659077730643636;4230;110.76998199407942;4230;0.67962438650859935;4230;1.9608142338328196;4230;2.000183111056856
4240;121.92754905850398;4240;12.671285134434035;4240;110.80660420545061;4240;0.6794662451413146;4240;1.9620349742118595;4240;2.000183111056856
4250;122.02520828882717;4250;12.720114749595629;4250;110.81881160924101;4250;0.67930810377403;4250;1.9653920102542191;4250;2.000183111056856
4260;121.96417126987518;4260;12.732322153386027;4260;110.76998199407942;4260;0.67914996240674519;4260;1.9602038636432997;4260;2.000183111056856
4270;121.96417126987518;4270;12.720114749595629;4270;110.81881160924101;4270;0.67903135638128176;4270;1.9653920102542191;4270;2.000183111056856
4280;121.87871944334239;4280;12.732322153386027;4280;110.85543382061221;4280;0.67883367967217578;4280;1.9595934934537798;4280;2.000183111056856
4290;121.91534165471359;4290;12.61024811548204;4290;110.8676412244026;4290;0.67867553830489113;4290;1.9629505294961394;4290;2.000183111056856
4300;121.7810602130192;4300;12.671285134434035;4300;110.79439680166021;4300;0.67843832625396394;4300;1.9592883083590198;4300;2.000183111056856
4310;121.7688528092288;4310;12.768944364757226;4310;110.83101901303141;4310;0.67828018488667929;4310;1.965697195348979;4310;2.000183111056856
4320;121.7932676168096;4320;12.683492538224433;4320;110.84322641682181;4320;0.67808250817757332;4320;1.9623401593066194;4320;2.000183111056856
4330;121.8298898281808;4330;12.659077730643636;4330;110.80660420545061;4330;0.67784529612664635;4330;1.9617297891170995;4330;2.000183111056856
4340;121.95196386608478;4340;12.61024811548204;4340;110.64790795617543;4340;0.67780576078482513;4340;1.9641712698751792;4340;2.000183111056856
4350;121.92754905850398;4350;12.61024811548204;4350;110.67232276375623;4350;0.67764761941754048;4350;1.9595934934537798;4350;2.000183111056856
4360;121.97637867366558;4360;12.683492538224433;4360;110.83101901303141;4360;0.67744994270843439;4360;1.9635608996856593;4360;2.000183111056856
4370;121.95196386608478;4370;12.756736960966828;4370;110.9164708395642;4370;0.67721273065750742;4370;1.9614246040223395;4370;2.000183111056856
4380;121.92754905850398;4380;12.768944364757226;4380;110.8920560319834;4380;0.67705458929022266;4380;1.965697195348979;4380;2.000183111056856
4390;121.8420972319712;4390;12.720114749595629;4390;110.76998199407942;4390;0.67693598326475923;4390;1.9592883083590198;4390;2.000183111056856
4400;121.89092684713279;4400;12.732322153386027;4400;110.70894497512742;4400;0.67677784189747447;4400;1.9638660847804192;4400;2.000183111056856
4410;121.8420972319712;4410;12.659077730643636;4410;110.73335978270822;4410;0.67654062984654739;4410;1.9608142338328196;4410;2.000183111056856
4420;121.70781579027681;4420;12.683492538224433;4420;110.76998199407942;4420;0.67634295313744153;4420;1.9614246040223395;4420;2.000183111056856
4430;121.7688528092288;4430;12.781151768547625;4430;110.70894497512742;4430;0.6762638824537992;4430;1.9614246040223395;4430;2.000183111056856
4440;122.01300088503677;4440;12.768944364757226;4440;110.76998199407942;4440;0.67618481177015677;4440;1.9623401593066194;4440;2.000183111056856
4450;122.07403790398877;4450;12.744529557176429;4450;110.83101901303141;4450;0.67602667040287212;4450;1.965697195348979;4450;2.000183111056856
4460;121.89092684713279;4460;12.61024811548204;4460;110.80660420545061;4460;0.67571038766830271;4460;1.9598986785485397;4460;2.000183111056856
4470;121.92754905850398;4470;12.659077730643636;4470;110.81881160924101;4470;0.67559178164283917;4470;1.9638660847804192;4470;2.000183111056856
4480;121.89092684713279;4480;12.781151768547625;4480;110.79439680166021;4480;0.67547317561737563;4480;1.9602038636432997;4480;2.000183111056856
4490;122.03741569261757;4490;12.744529557176429;4490;110.80660420545061;4490;0.675315034250091;4490;1.966002380443739;4490;2.000183111056856
4500;122.03741569261757;4500;12.756736960966828;4500;110.75777459028902;4500;0.675117357540985;4500;1.9611194189275796;4500;2.000183111056856
4510;121.95196386608478;4510;12.842188787499619;4510;110.74556718649862;4510;0.67488014549005793;4510;1.9629505294961394;4510;2.000183111056856
4520;121.85430463576159;4520;12.781151768547625;4520;110.72115237891782;4520;0.67476153946459438;4520;1.9608142338328196;4520;2.000183111056856
4530;121.7932676168096;4530;12.659077730643636;4530;110.66011535996583;4530;0.6745243274136673;4530;1.9632557145908993;4530;2.000183111056856
4540;121.8420972319712;4540;12.671285134434035;4540;110.75777459028902;4540;0.67436618604638265;4540;1.9644764549699392;4540;2.000183111056856
4550;121.8298898281808;4550;12.744529557176429;4550;110.85543382061221;4550;0.67416850933727679;4550;1.9589831232642598;4550;2.000183111056856
4560;121.91534165471359;4560;12.732322153386027;4560;110.76998199407942;4560;0.67397083262817092;4560;1.9647816400646991;4560;2.000183111056856
4570;121.8054750206;4570;12.695699942014832;4570;110.69673757133702;4570;0.67385222660270738;4570;1.9623401593066194;4570;2.000183111056856
4580;121.8054750206;4580;12.756736960966828;4580;110.81881160924101;4580;0.67369408523542262;4580;1.9653920102542191;4580;2.000183111056856
4590;121.7810602130192;4590;12.732322153386027;4590;110.83101901303141;4590;0.67349640852631676;4590;1.9586779381694999;4590;2.000183111056856
4600;121.86651203955199;4600;12.695699942014832;4600;110.74556718649862;4600;0.67333826715903211;4600;1.9629505294961394;4600;2.000183111056856
4610;121.98858607745598;4610;12.720114749595629;4610;110.79439680166021;4610;0.67318012579174735;4610;1.9602038636432997;4610;2.000183111056856
4620;122.01300088503677;4620;12.720114749595629;4620;110.79439680166021;4620;0.67298244908264149;4620;1.9629505294961394;4620;2.000183111056856
4630;121.96417126987518;4630;12.744529557176429;4630;110.61128574480423;4630;0.672903378398999;4630;1.9641712698751792;4630;2.000183111056856
4640;121.98858607745598;4640;12.805566576128422;4640;110.69673757133702;4640;0.67262663100625086;4640;1.9611194189275796;4640;2.000183111056856
4650;121.87871944334239;4650;12.659077730643636;4650;110.81881160924101;4650;0.672468489638966;4650;1.9653920102542191;4650;2.000183111056856
4660;121.67119357890562;4660;12.671285134434035;4660;110.83101901303141;4660;0.67234988361350256;4660;1.9602038636432997;4660;2.000183111056856
4670;121.7932676168096;4670;12.744529557176429;4670;110.74556718649862;4670;0.67215220690439659;4670;1.9641712698751792;4670;2.000183111056856
4680;121.92754905850398;4680;12.732322153386027;4680;110.70894497512742;4680;0.67191499485346962;4680;1.9608142338328196;4680;2.000183111056856
4690;122.03741569261757;4690;12.781151768547625;4690;110.70894497512742;4690;0.67183592416982718;4690;1.965697195348979;4690;2.000183111056856
4700;121.97637867366558;4700;12.768944364757226;4700;110.69673757133702;4700;0.67167778280254253;4700;1.9614246040223395;4700;2.000183111056856
4710;122.04962309640797;4710;12.659077730643636;4710;110.70894497512742;4710;0.67148010609343656;4710;1.9617297891170995;4710;2.000183111056856
4720;122.02520828882717;4720;12.732322153386027;4720;110.72115237891782;4720;0.67132196472615191;4720;1.9608142338328196;4720;2.000183111056856
4730;121.85430463576159;4730;12.829981383709219;4730;110.74556718649862;4730;0.67112428801704593;4730;1.9623401593066194;4730;2.000183111056856
4740;121.89092684713279;4740;12.683492538224433;4740;110.72115237891782;4740;0.6710056819915825;4740;1.9653920102542191;4740;2.000183111056856
4750;121.92754905850398;4750;12.598040711691642;4750;110.73335978270822;4750;0.67084754062429774;4750;1.9602038636432997;4750;2.000183111056856
4760;121.87871944334239;4760;12.695699942014832;4760;110.70894497512742;4760;0.67064986391519188;4760;1.9647816400646991;4760;2.000183111056856
4770;121.7932676168096;4770;12.683492538224433;4770;110.72115237891782;4770;0.67049172254790712;4770;1.9602038636432997;4770;2.000183111056856
4780;121.95196386608478;4780;12.683492538224433;4780;110.79439680166021;4780;0.67029404583880126;4780;1.965697195348979;4780;2.000183111056856
4790;121.91534165471359;4790;12.732322153386027;4790;110.76998199407942;4790;0.67005683378787428;4790;1.9608142338328196;4790;2.000183111056856
4800;121.91534165471359;4800;12.720114749595629;4800;110.79439680166021;4800;0.66989869242058953;4800;1.9641712698751792;4800;2.000183111056856
4810;121.93975646229438;4810;12.756736960966828;4810;110.79439680166021;4810;0.6697800863951261;4810;1.9623401593066194;4810;2.000183111056856
4820;121.92754905850398;4820;12.756736960966828;4820;110.72115237891782;4820;0.66958240968602012;4820;1.9602038636432997;4820;2.000183111056856
4830;121.96417126987518;4830;12.720114749595629;4830;110.69673757133702;4830;0.66942426831873547;4830;1.9629505294961394;4830;2.000183111056856
4840;121.87871944334239;4840;12.829981383709219;4840;110.67232276375623;4840;0.66918705626780828;4840;1.9623401593066194;4840;2.000183111056856
4850;121.91534165471359;4850;12.829981383709219;4850;110.81881160924101;4850;0.66906845024234485;4850;1.965697195348979;4850;2.000183111056856
4860;121.86651203955199;4860;12.805566576128422;4860;110.9042634357738;4860;0.66879170284959666;4860;1.9592883083590198;4860;2.000183111056856
4870;121.89092684713279;4870;12.756736960966828;4870;110.73335978270822;4870;0.66855449079866947;4870;1.9635608996856593;4870;2.000183111056856
4880;121.8298898281808;4880;12.646870326853238;4880;110.72115237891782;4880;0.66839634943138482;4880;1.9586779381694999;4880;2.000183111056856
4890;121.7932676168096;4890;12.695699942014832;4890;110.84322641682181;4890;0.66827774340592128;4890;1.9663075655384989;4890;2.000183111056856
4900;121.7810602130192;4900;12.683492538224433;4900;110.84322641682181;4900;0.66811960203863663;4900;1.9614246040223395;4900;2.000183111056856
4910;121.8420972319712;4910;12.646870326853238;4910;110.76998199407942;4910;0.66788238998770943;4910;1.9608142338328196;4910;2.000183111056856
4920;121.91534165471359;4920;12.646870326853238;4920;110.72115237891782;4920;0.66784285464588833;4920;1.9638660847804192;4920;2.000183111056856
4930;121.8054750206;4930;12.720114749595629;4930;110.81881160924101;4930;0.66764517793678246;4930;1.9614246040223395;4930;2.000183111056856
4940;121.8298898281808;4940;12.756736960966828;4940;110.8920560319834;4940;0.66756610725314;4940;1.9647816400646991;4940;2.000183111056856
4950;121.8420972319712;4950;12.829981383709219;4950;110.8676412244026;4950;0.66732889520221284;4950;1.9629505294961394;4950;2.000183111056856
4960;121.8054750206;4960;12.805566576128422;4960;110.8676412244026;4960;0.66713121849310686;4960;1.9663075655384989;4960;2.000183111056856
4970;121.7688528092288;4970;12.720114749595629;4970;110.69673757133702;4970;0.666933541784001;4970;1.9592883083590198;4970;2.000183111056856
4980;121.93975646229438;4980;12.756736960966828;4980;110.72115237891782;4980;0.66677540041671624;4980;1.9641712698751792;4980;2.000183111056856
4990;121.85430463576159;4990;12.732322153386027;4990;110.74556718649862;4990;0.6666567943912528;4990;1.9598986785485397;4990;2.000183111056856
5000;121.91534165471359;5000;12.781151768547625;5000;110.67232276375623;5000;0.66645911768214683;5000;1.9623401593066194;5000;2.000183111056856
5010;121.89092684713279;5010;12.891018402661214;5010;110.74556718649862;5010;0.6663405116566834;5010;1.9617297891170995;5010;2.000183111056856
5020;121.89092684713279;5020;12.915433210242011;5020;110.66011535996583;5020;0.66618237028939864;5020;1.9635608996856593;5020;2.000183111056856
5030;121.92754905850398;5030;12.866603595080417;5030;110.69673757133702;5030;0.66610329960575632;5030;1.9663075655384989;5030;2.000183111056856
5040;121.87871944334239;5040;12.817773979918821;5040;110.75777459028902;5040;0.66578701687118691;5040;1.9595934934537798;5040;2.000183111056856
5050;121.91534165471359;5050;12.744529557176429;5050;110.66011535996583;5050;0.665589340162081;5050;1.9638660847804192;5050;2.000183111056856
5060;121.8420972319712;5060;12.646870326853238;5060;110.73335978270822;5060;0.66543119879479629;5060;1.9602038636432997;5060;2.000183111056856
5070;121.93975646229438;5070;12.646870326853238;5070;110.83101901303141;5070;0.66523352208569042;5070;1.966002380443739;5070;2.000183111056856
5080;121.89092684713279;5080;12.805566576128422;5080;110.76998199407942;5080;0.66499631003476334;5080;1.9592883083590198;5080;2.000183111056856
5090;121.8298898281808;5090;12.768944364757226;5090;110.83101901303141;5090;0.6648777040092998;5090;1.9632557145908993;5090;2.000183111056856
5100;121.7810602130192;5100;12.671285134434035;5100;110.80660420545061;5100;0.66475909798383626;5100;1.9614246040223395;5100;2.000183111056856
5110;121.87871944334239;5110;12.683492538224433;5110;110.73335978270822;5110;0.66460095661655161;5110;1.9598986785485397;5110;2.000183111056856
5120;121.97637867366558;5120;12.781151768547625;5120;110.80660420545061;5120;0.66448235059108807;5120;1.9638660847804192;5120;2.000183111056856
5130;121.91534165471359;5130;12.817773979918821;5130;110.83101901303141;5130;0.664245138540161;5130;1.9647816400646991;5130;2.000183111056856
5140;121.91534165471359;5140;12.720114749595629;5140;110.81881160924101;5140;0.66412653251469744;5140;1.9675283059175388;5140;2.000183111056856
5150;121.91534165471359;5150;12.683492538224433;5150;110.79439680166021;5150;0.6639683911474128;5150;1.9595934934537798;5150;2.000183111056856
5160;121.89092684713279;5160;12.768944364757226;5160;110.69673757133702;5160;0.66373117909648571;5160;1.9638660847804192;5160;2.000183111056856
5170;121.7932676168096;5170;12.805566576128422;5170;110.70894497512742;5170;0.663573037729201;5170;1.9595934934537798;5170;2.000183111056856
5180;121.93975646229438;5180;12.756736960966828;5180;110.76998199407942;5180;0.66337536102009509;5180;1.9663075655384989;5180;2.000183111056856
5190;121.93975646229438;5190;12.842188787499619;5190;110.70894497512742;5190;0.66317768431098922;5190;1.9614246040223395;5190;2.000183111056856
5200;121.92754905850398;5200;12.781151768547625;5200;110.72115237891782;5200;0.66298000760188336;5200;1.9617297891170995;5200;2.000183111056856
5210;121.96417126987518;5210;12.695699942014832;5210;110.72115237891782;5210;0.66286140157641971;5210;1.9629505294961394;5210;2.000183111056856
5220;121.89092684713279;5220;12.756736960966828;5220;110.75777459028902;5220;0.66262418952549273;5220;1.9598986785485397;5220;2.000183111056856
5230;121.98858607745598;5230;12.756736960966828;5230;110.85543382061221;5230;0.6625451188418503;5230;1.9632557145908993;5230;2.000183111056856
5240;122.06183050019837;5240;12.671285134434035;5240;110.8920560319834;5240;0.66234744213274444;5240;1.9629505294961394;5240;2.000183111056856
5250;121.96417126987518;5250;12.671285134434035;5250;110.75777459028902;5250;0.66218930076545968;5250;1.9666127506332589;5250;2.000183111056856
5260;121.86651203955199;5260;12.671285134434035;5260;110.64790795617543;5260;0.662031159398175;5260;1.9598986785485397;5260;2.000183111056856
5270;121.98858607745598;5270;12.817773979918821;5270;110.70894497512742;5270;0.66187301803089027;5270;1.9638660847804192;5270;2.000183111056856
5280;121.95196386608478;5280;12.854396191290018;5280;110.75777459028902;5280;0.6616753413217844;5280;1.9586779381694999;5280;2.000183111056856
5290;121.96417126987518;5290;12.768944364757226;5290;110.79439680166021;5290;0.66147766461267843;5290;1.9638660847804192;5290;2.000183111056856
5300;121.95196386608478;5300;12.866603595080417;5300;110.81881160924101;5300;0.66139859392903622;5300;1.9629505294961394;5300;2.000183111056856
5310;121.98858607745598;5310;12.817773979918821;5310;110.84322641682181;5310;0.6611218465362878;5310;1.9614246040223395;5310;2.000183111056856
5320;122.03741569261757;5320;12.768944364757226;5320;110.75777459028902;5320;0.66100324051082437;5320;1.9644764549699392;5320;2.000183111056856
5330;121.86651203955199;5330;12.732322153386027;5330;110.84322641682181;5330;0.6608055638017184;5330;1.9602038636432997;5330;2.000183111056856
5340;121.85430463576159;5340;12.659077730643636;5340;110.83101901303141;5340;0.66056835175079143;5340;1.9641712698751792;5340;2.000183111056856
5350;121.8420972319712;5350;12.683492538224433;5350;110.67232276375623;5350;0.66041021038350678;5350;1.9620349742118595;5350;2.000183111056856
5360;121.95196386608478;5360;12.732322153386027;5360;110.83101901303141;5360;0.66037067504168556;5360;1.966002380443739;5360;2.000183111056856
5370;121.91534165471359;5370;12.744529557176429;5370;110.83101901303141;5370;0.6602125336744008;5370;1.9592883083590198;5370;2.000183111056856
5380;122.03741569261757;5380;12.817773979918821;5380;110.74556718649862;5380;0.65993578628165261;5380;1.9635608996856593;5380;2.000183111056856
5390;121.91534165471359;5390;12.854396191290018;5390;110.83101901303141;5390;0.65969857423072553;5390;1.9602038636432997;5390;2.000183111056856
5400;121.7810602130192;5400;12.817773979918821;5400;110.75777459028902;5400;0.65954043286344077;5400;1.9617297891170995;5400;2.000183111056856
5410;121.7810602130192;5410;12.805566576128422;5410;110.74556718649862;5410;0.65934275615433491;5410;1.9635608996856593;5410;2.000183111056856
5420;121.7688528092288;5420;12.744529557176429;5420;110.75777459028902;5420;0.65922415012887137;5420;1.9620349742118595;5420;2.000183111056856
5430;121.7932676168096;5430;12.720114749595629;5430;110.69673757133702;5430;0.65910554410340794;5430;1.966002380443739;5430;2.000183111056856
5440;121.86651203955199;5440;12.683492538224433;5440;110.64790795617543;5440;0.658907867394302;5440;1.9602038636432997;5440;2.000183111056856
5450;121.98858607745598;5450;12.732322153386027;5450;110.64790795617543;5450;0.65874972602701731;5450;1.9638660847804192;5450;2.000183111056856
5460;121.91534165471359;5460;12.744529557176429;5460;110.74556718649862;5460;0.65867065534337488;5460;1.9598986785485397;5460;2.000183111056856
5470;121.8420972319712;5470;12.744529557176429;5470;110.84322641682181;5470;0.65843344329244791;5470;1.9647816400646991;5470;2.000183111056856
5480;121.7932676168096;5480;12.695699942014832;5480;110.80660420545061;5480;0.65819623124152071;5480;1.9602038636432997;5480;2.000183111056856
5490;121.89092684713279;5490;12.659077730643636;5490;110.74556718649862;5490;0.65807762521605728;5490;1.9620349742118595;5490;2.000183111056856
5500;121.91534165471359;5500;12.683492538224433;5500;110.64790795617543;5500;0.65787994850695131;5500;1.9611194189275796;5500;2.000183111056856
5510;121.89092684713279;5510;12.781151768547625;5510;110.62349314859463;5510;0.65772180713966666;5510;1.9617297891170995;5510;2.000183111056856
5520;121.93975646229438;5520;12.817773979918821;5520;110.63570055238503;5520;0.6575636657723819;5520;1.9647816400646991;5520;2.000183111056856
5530;121.89092684713279;5530;12.781151768547625;5530;110.66011535996583;5530;0.65740552440509725;5530;1.9592883083590198;5530;2.000183111056856
5540;121.93975646229438;5540;12.756736960966828;5540;110.73335978270822;5540;0.65732645372145482;5540;1.9635608996856593;5540;2.000183111056856
5550;121.89092684713279;5550;12.756736960966828;5550;110.72115237891782;5550;0.65704970632870652;5550;1.9608142338328196;5550;2.000183111056856
5560;122.01300088503677;5560;12.891018402661214;5560;110.74556718649862;5560;0.65689156496142176;5560;1.9666127506332589;5560;2.000183111056856
5570;122.02520828882717;5570;12.768944364757226;5570;110.83101901303141;5570;0.65673342359413711;5570;1.9595934934537798;5570;2.000183111056856
5580;122.01300088503677;5580;12.683492538224433;5580;110.76998199407942;5580;0.65653574688503125;5580;1.9620349742118595;5580;2.000183111056856
5590;121.91534165471359;5590;12.768944364757226;5590;110.76998199407942;5590;0.65629853483410416;5590;1.9620349742118595;5590;2.000183111056856
5600;121.95196386608478;5600;12.903225806451612;5600;110.74556718649862;5600;0.6561008581249983;5600;1.9611194189275796;5600;2.000183111056856
5610;122.04962309640797;5610;12.854396191290018;5610;110.74556718649862;5610;0.65598225209953476;5610;1.9629505294961394;5610;2.000183111056856
5620;121.97637867366558;5620;12.756736960966828;5620;110.8676412244026;5620;0.65582411073225;5620;1.9611194189275796;5620;2.000183111056856
5630;121.96417126987518;5630;12.842188787499619;5630;110.76998199407942;5630;0.65570550470678657;5630;1.9647816400646991;5630;2.000183111056856
5640;121.8298898281808;5640;12.903225806451612;5640;110.67232276375623;5640;0.65542875731403827;5640;1.9614246040223395;5640;2.000183111056856
5650;121.97637867366558;5650;12.854396191290018;5650;110.73335978270822;5650;0.65527061594675351;5650;1.9653920102542191;5650;2.000183111056856
5660;122.03741569261757;5660;12.671285134434035;5660;110.64790795617543;5660;0.65511247457946886;5660;1.9592883083590198;5660;2.000183111056856
5670;122.03741569261757;5670;12.683492538224433;5670;110.69673757133702;5670;0.654914797870363;5670;1.9641712698751792;5670;2.000183111056856
5680;121.87871944334239;5680;12.768944364757226;5680;110.72115237891782;5680;0.65479619184489946;5680;1.9611194189275796;5680;2.000183111056856
5690;121.92754905850398;5690;12.756736960966828;5690;110.79439680166021;5690;0.65471712116125713;5690;1.9632557145908993;5690;2.000183111056856
5700;122.03741569261757;5700;12.720114749595629;5700;110.83101901303141;5700;0.65459851513579348;5700;1.9638660847804192;5700;2.000183111056856
5710;121.91534165471359;5710;12.744529557176429;5710;110.76998199407942;5710;0.65432176774304529;5710;1.9614246040223395;5710;2.000183111056856
5720;121.89092684713279;5720;12.854396191290018;5720;110.75777459028902;5720;0.65412409103393943;5720;1.9647816400646991;5720;2.000183111056856
5730;121.87871944334239;5730;12.866603595080417;5730;110.66011535996583;5730;0.65392641432483356;5730;1.9592883083590198;5730;2.000183111056856
5740;122.03741569261757;5740;12.903225806451612;5740;110.67232276375623;5740;0.6537287376157277;5740;1.9635608996856593;5740;2.000183111056856
5750;121.97637867366558;5750;12.927640614032409;5750;110.81881160924101;5750;0.65357059624844294;5750;1.9611194189275796;5750;2.000183111056856
5760;121.95196386608478;5760;12.829981383709219;5760;110.83101901303141;5760;0.65341245488115829;5760;1.9675283059175388;5760;2.000183111056856
5770;121.93975646229438;5770;12.732322153386027;5770;110.73335978270822;5770;0.65333338419751585;5770;1.9592883083590198;5770;2.000183111056856
5780;121.91534165471359;5780;12.805566576128422;5780;110.75777459028902;5780;0.65309617214658888;5780;1.9608142338328196;5780;2.000183111056856
5790;121.97637867366558;5790;12.891018402661214;5790;110.75777459028902;5790;0.65305663680476767;5790;1.9617297891170995;5790;2.000183111056856
5800;122.01300088503677;5800;12.903225806451612;5800;110.74556718649862;5800;0.65281942475384058;5800;1.9608142338328196;5800;2.000183111056856
5810;122.07403790398877;5810;12.817773979918821;5810;110.76998199407942;5810;0.652700818728377;5810;1.9638660847804192;5810;2.000183111056856
5820;121.98858607745598;5820;12.817773979918821;5820;110.72115237891782;5820;0.65254267736109228;5820;1.9617297891170995;5820;2.000183111056856
5830;121.92754905850398;5830;12.854396191290018;5830;110.64790795617543;5830;0.65234500065198642;5830;1.965697195348979;5830;2.000183111056856
5840;121.85430463576159;5840;12.756736960966828;5840;110.63570055238503;5840;0.65210778860105911;5840;1.9592883083590198;5840;2.000183111056856
5850;121.92754905850398;5850;12.744529557176429;5850;110.63570055238503;5850;0.65198918257559568;5850;1.9635608996856593;5850;2.000183111056856
5860;122.03741569261757;5860;12.756736960966828;5860;110.69673757133702;5860;0.65183104120831092;5860;1.9602038636432997;5860;2.000183111056856
5870;122.04962309640797;5870;12.671285134434035;5870;110.74556718649862;5870;0.65159382915738384;5870;1.9669179357280189;5870;2.000183111056856
5880;122.03741569261757;5880;12.61024811548204;5880;110.75777459028902;5880;0.65135661710645687;5880;1.9623401593066194;5880;2.000183111056856
5890;122.14728232673116;5890;12.805566576128422;5890;110.80660420545061;5890;0.65119847573917211;5890;1.9602038636432997;5890;2.000183111056856
5900;121.98858607745598;5900;12.927640614032409;5900;110.79439680166021;5900;0.65107986971370857;5900;1.9638660847804192;5900;2.000183111056856
5910;121.85430463576159;5910;12.915433210242011;5910;110.76998199407942;5910;0.65092172834642381;5910;1.9617297891170995;5910;2.000183111056856
5920;121.97637867366558;5920;12.976470229194007;5920;110.9164708395642;5920;0.65072405163731806;5920;1.9647816400646991;5920;2.000183111056856
5930;121.97637867366558;5930;12.976470229194007;5930;110.96530045472579;5930;0.6505659102700333;5930;1.9614246040223395;5930;2.000183111056856
5940;121.95196386608478;5940;12.842188787499619;5940;110.76998199407942;5940;0.65040776890274854;5940;1.966002380443739;5940;2.000183111056856
5950;121.8298898281808;5950;12.805566576128422;5950;110.62349314859463;5950;0.65017055685182146;5950;1.9602038636432997;5950;2.000183111056856
5960;121.87871944334239;5960;12.817773979918821;5960;110.64790795617543;5960;0.65001241548453681;5960;1.9638660847804192;5960;2.000183111056856
5970;121.8420972319712;5970;12.805566576128422;5970;110.74556718649862;5970;0.64981473877543083;5970;1.9608142338328196;5970;2.000183111056856
5980;121.86651203955199;5980;12.805566576128422;5980;110.74556718649862;5980;0.6496961327499674;5980;1.9629505294961394;5980;2.000183111056856
5990;121.93975646229438;5990;12.744529557176429;5990;110.72115237891782;5990;0.64949845604086143;5990;1.9617297891170995;5990;2.000183111056856
6000;121.87871944334239;6000;12.781151768547625;6000;110.8920560319834;6000;0.64930077933175556;6000;1.9623401593066194;6000;2.000183111056856
6010;121.97637867366558;6010;12.866603595080417;6010;110.80660420545061;6010;0.6491426379644708;6010;1.9663075655384989;6010;2.000183111056856
6020;122.12286751915036;6020;12.842188787499619;6020;110.66011535996583;6020;0.64894496125536494;6020;1.9598986785485397;6020;2.000183111056856
6030;122.03741569261757;6030;12.829981383709219;6030;110.74556718649862;6030;0.64886589057172261;6030;1.9644764549699392;6030;2.000183111056856
6040;121.92754905850398;6040;12.915433210242011;6040;110.76998199407942;6040;0.64862867852079553;6040;1.9598986785485397;6040;2.000183111056856
6050;122.02520828882717;6050;12.903225806451612;6050;110.73335978270822;6050;0.64839146646986856;6050;1.9635608996856593;6050;2.000183111056856
6060;121.95196386608478;6060;12.756736960966828;6060;110.70894497512742;6060;0.64819378976076258;6060;1.9589831232642598;6060;2.000183111056856
6070;121.93975646229438;6070;12.695699942014832;6070;110.72115237891782;6070;0.64807518373529915;6070;1.9623401593066194;6070;2.000183111056856
6080;121.87871944334239;6080;12.781151768547625;6080;110.74556718649862;6080;0.64799611305165672;6080;1.9614246040223395;6080;2.000183111056856
6090;121.92754905850398;6090;12.781151768547625;6090;110.75777459028902;6090;0.64779843634255085;6090;1.9635608996856593;6090;2.000183111056856
6100;121.91534165471359;6100;12.817773979918821;6100;110.73335978270822;6100;0.64767983031708731;6100;1.9653920102542191;6100;2.000183111056856
6110;121.93975646229438;6110;12.927640614032409;6110;110.8676412244026;6110;0.64752168894980255;6110;1.9598986785485397;6110;2.000183111056856
6120;121.96417126987518;6120;12.891018402661214;6120;110.8920560319834;6120;0.64732401224069669;6120;1.965697195348979;6120;2.000183111056856
6130;121.98858607745598;6130;12.866603595080417;6130;110.70894497512742;6130;0.64708680018976961;6130;1.9602038636432997;6130;2.000183111056856
6140;121.98858607745598;6140;12.915433210242011;6140;110.69673757133702;6140;0.64692865882248485;6140;1.9623401593066194;6140;2.000183111056856
6150;121.8054750206;6150;12.756736960966828;6150;110.75777459028902;6150;0.6467705174552002;6150;1.95837275307474;6150;2.000183111056856
6160;121.96417126987518;6160;12.744529557176429;6160;110.73335978270822;6160;0.646533305404273;6160;1.9663075655384989;6160;2.000183111056856
6170;121.92754905850398;6170;12.829981383709219;6170;110.72115237891782;6170;0.64641469937880958;6170;1.9598986785485397;6170;2.000183111056856
6180;121.98858607745598;6180;12.854396191290018;6180;110.73335978270822;6180;0.64625655801152482;6180;1.9638660847804192;6180;2.000183111056856
6190;121.97637867366558;6190;12.768944364757226;6190;110.72115237891782;6190;0.64613795198606128;6190;1.9632557145908993;6190;2.000183111056856
6200;121.96417126987518;6200;12.817773979918821;6200;110.80660420545061;6200;0.64582166925149187;6200;1.9608142338328196;6200;2.000183111056856
6210;122.11066011535996;6210;12.95205542161321;6210;110.9286782433546;6210;0.645623992542386;6210;1.9647816400646991;6210;2.000183111056856
6220;122.03741569261757;6220;12.854396191290018;6220;110.80660420545061;6220;0.64550538651692246;6220;1.9611194189275796;6220;2.000183111056856
6230;121.98858607745598;6230;12.817773979918821;6230;110.79439680166021;6230;0.6453077098078166;6230;1.9641712698751792;6230;2.000183111056856
6240;121.91534165471359;6240;12.781151768547625;6240;110.85543382061221;6240;0.64507049775688952;6240;1.9623401593066194;6240;2.000183111056856
6250;122.01300088503677;6250;12.829981383709219;6250;110.85543382061221;6250;0.644951891731426;6250;1.9663075655384989;6250;2.000183111056856
6260;121.87871944334239;6260;12.829981383709219;6260;110.73335978270822;6260;0.64479375036414133;6260;1.9589831232642598;6260;2.000183111056856
6270;121.8420972319712;6270;12.805566576128422;6270;110.66011535996583;6270;0.64463560899685657;6270;1.965697195348979;6270;2.000183111056856
6280;121.89092684713279;6280;12.781151768547625;6280;110.73335978270822;6280;0.6443983969459296;6280;1.9623401593066194;6280;2.000183111056856
6290;121.97637867366558;6290;12.768944364757226;6290;110.72115237891782;6290;0.64420072023682362;6290;1.9608142338328196;6290;2.000183111056856
6300;122.04962309640797;6300;12.781151768547625;6300;110.69673757133702;6300;0.64420072023682362;6300;1.9638660847804192;6300;2.000183111056856
6310;121.95196386608478;6310;12.768944364757226;6310;110.72115237891782;6310;0.644042578869539;6310;1.9602038636432997;6310;2.000183111056856
6320;121.98858607745598;6320;12.903225806451612;6320;110.72115237891782;6320;0.64380536681861189;6320;1.9638660847804192;6320;2.000183111056856
6330;122.01300088503677;6330;12.903225806451612;6330;110.67232276375623;6330;0.64356815476768481;6330;1.9608142338328196;6330;2.000183111056856
6340;121.97637867366558;6340;12.683492538224433;6340;110.81881160924101;6340;0.64344954874222127;6340;1.9641712698751792;6340;2.000183111056856
6350;121.93975646229438;6350;12.756736960966828;6350;110.9164708395642;6350;0.64333094271675773;6350;1.9598986785485397;6350;2.000183111056856
6360;122.06183050019837;6360;12.805566576128422;6360;110.84322641682181;6360;0.64317280134947308;6360;1.9666127506332589;6360;2.000183111056856
6370;121.95196386608478;6370;12.659077730643636;6370;110.72115237891782;6370;0.642935589298546;6370;1.9608142338328196;6370;2.000183111056856
6380;121.8420972319712;6380;12.646870326853238;6380;110.74556718649862;6380;0.64285651861490367;6380;1.9623401593066194;6380;2.000183111056856
6390;121.96417126987518;6390;12.781151768547625;6390;110.83101901303141;6390;0.64269837724761891;6390;1.9629505294961394;6390;2.000183111056856
6400;122.02520828882717;6400;12.854396191290018;6400;110.83101901303141;6400;0.64246116519669183;6400;1.9595934934537798;6400;2.000183111056856
6410;121.98858607745598;6410;12.903225806451612;6410;110.80660420545061;6410;0.64234255917122829;6410;1.9641712698751792;6410;2.000183111056856
6420;121.8420972319712;6420;12.976470229194007;6420;110.70894497512742;6420;0.64210534712030121;6420;1.9611194189275796;6420;2.000183111056856
6430;121.86651203955199;6430;12.903225806451612;6430;110.73335978270822;6430;0.641868135069374;6430;1.9635608996856593;6430;2.000183111056856
6440;121.87871944334239;6440;12.829981383709219;6440;110.76998199407942;6440;0.64170999370208937;6440;1.9595934934537798;6440;2.000183111056856
6450;122.01300088503677;6450;12.744529557176429;6450;110.73335978270822;6450;0.64155185233480461;6450;1.9663075655384989;6450;2.000183111056856
6460;121.96417126987518;6460;12.756736960966828;6460;110.70894497512742;6460;0.64139371096752;6460;1.9611194189275796;6460;2.000183111056856
6470;121.92754905850398;6470;12.854396191290018;6470;110.70894497512742;6470;0.641196034258414;6470;1.9635608996856593;6470;2.000183111056856
6480;122.04962309640797;6480;12.756736960966828;6480;110.79439680166021;6480;0.64111696357477177;6480;1.9614246040223395;6480;2.000183111056856
6490;122.11066011535996;6490;12.756736960966828;6490;110.81881160924101;6490;0.64084021618202347;6490;1.9595934934537798;6490;2.000183111056856
6500;122.04962309640797;6500;12.891018402661214;6500;110.76998199407942;6500;0.64068207481473882;6500;1.9620349742118595;6500;2.000183111056856
6510;121.97637867366558;6510;12.927640614032409;6510;110.81881160924101;6510;0.64052393344745406;6510;1.9629505294961394;6510;2.000183111056856
6520;122.03741569261757;6520;12.915433210242011;6520;110.83101901303141;6520;0.6403262567383482;6520;1.9663075655384989;6520;2.000183111056856
6530;121.86651203955199;6530;12.866603595080417;6530;110.85543382061221;6530;0.64016811537106355;6530;1.9577623828852198;6530;2.000183111056856
6540;121.86651203955199;6540;12.842188787499619;6540;110.8920560319834;6540;0.63993090332013636;6540;1.9620349742118595;6540;2.000183111056856
6550;121.92754905850398;6550;12.756736960966828;6550;110.81881160924101;6550;0.63973322661103049;6550;1.9589831232642598;6550;2.000183111056856
6560;122.03741569261757;6560;12.829981383709219;6560;110.72115237891782;6560;0.639614620585567;6560;1.9644764549699392;6560;2.000183111056856
6570;122.09845271156956;6570;12.866603595080417;6570;110.66011535996583;6570;0.63941694387646109;6570;1.9608142338328196;6570;2.000183111056856
6580;121.98858607745598;6580;12.939848017822811;6580;110.74556718649862;6580;0.63925880250917633;6580;1.9623401593066194;6580;2.000183111056856
6590;121.96417126987518;6590;12.976470229194007;6590;110.74556718649862;6590;0.63910066114189168;6590;1.9641712698751792;6590;2.000183111056856
6600;122.03741569261757;6600;12.817773979918821;6600;110.69673757133702;6600;0.63886344909096471;6600;1.9611194189275796;6600;2.000183111056856
6610;122.12286751915036;6610;12.768944364757226;6610;110.72115237891782;6610;0.63870530772368;6610;1.9653920102542191;6610;2.000183111056856
6620;122.04962309640797;6620;12.768944364757226;6620;110.75777459028902;6620;0.6385471663563953;6620;1.9598986785485397;6620;2.000183111056856
6630;121.97637867366558;6630;12.915433210242011;6630;110.72115237891782;6630;0.63842856033093165;6630;1.9641712698751792;6630;2.000183111056856
6640;121.89092684713279;6640;12.891018402661214;6640;110.70894497512742;6640;0.63819134828000468;6640;1.9608142338328196;6640;2.000183111056856
6650;122.04962309640797;6650;12.805566576128422;6650;110.76998199407942;6650;0.63807274225454114;6650;1.965697195348979;6650;2.000183111056856
6660;122.07403790398877;6660;12.866603595080417;6660;110.81881160924101;6660;0.63787506554543527;6660;1.9592883083590198;6660;2.000183111056856
6670;122.11066011535996;6670;12.903225806451612;6670;110.75777459028902;6670;0.63763785349450808;6670;1.9635608996856593;6670;2.000183111056856
6680;121.97637867366558;6680;12.927640614032409;6680;110.70894497512742;6680;0.63751924746904465;6680;1.9635608996856593;6680;2.000183111056856
6690;121.86651203955199;6690;12.927640614032409;6690;110.85543382061221;6690;0.63724250007629646;6690;1.9592883083590198;6690;2.000183111056856
6700;122.02520828882717;6700;12.842188787499619;6700;110.8920560319834;6700;0.63712389405083281;6700;1.9638660847804192;6700;2.000183111056856
6710;121.98858607745598;6710;12.695699942014832;6710;110.75777459028902;6710;0.63700528802536915;6710;1.9611194189275796;6710;2.000183111056856
6720;122.02520828882717;6720;12.720114749595629;6720;110.76998199407942;6720;0.63692621734172683;6720;1.9641712698751792;6720;2.000183111056856
6730;122.11066011535996;6730;12.829981383709219;6730;110.70894497512742;6730;0.63664946994897853;6730;1.9602038636432997;6730;2.000183111056856
6740;122.22052674947355;6740;12.829981383709219;6740;110.64790795617543;6740;0.63649132858169388;6740;1.9666127506332589;6740;2.000183111056856
6750;121.93975646229438;6750;12.720114749595629;6750;110.75777459028902;6750;0.63641225789805156;6750;1.9589831232642598;6750;2.000183111056856
6760;121.86651203955199;6760;12.842188787499619;6760;110.74556718649862;6760;0.63609597516348215;6760;1.9623401593066194;6760;2.000183111056856
6770;122.02520828882717;6770;12.927640614032409;6770;110.70894497512742;6770;0.63601690447983972;6770;1.9617297891170995;6770;2.000183111056856
6780;121.92754905850398;6780;12.817773979918821;6780;110.64790795617543;6780;0.63581922777073385;6780;1.9608142338328196;6780;2.000183111056856
6790;121.86651203955199;6790;12.891018402661214;6790;110.46479689931942;6790;0.63574015708709153;6790;1.9638660847804192;6790;2.000183111056856
6800;121.89092684713279;6800;12.854396191290018;6800;110.61128574480423;6800;0.63550294503616445;6800;1.9598986785485397;6800;2.000183111056856
6810;122.01300088503677;6810;12.854396191290018;6810;110.79439680166021;6810;0.63530526832705858;6810;1.9632557145908993;6810;2.000183111056856
6820;121.95196386608478;6820;12.866603595080417;6820;110.69673757133702;6820;0.63510759161795272;6820;1.9620349742118595;6820;2.000183111056856
6830;121.93975646229438;6830;12.842188787499619;6830;110.70894497512742;6830;0.63490991490884674;6830;1.966002380443739;6830;2.000183111056856
6840;121.96417126987518;6840;12.805566576128422;6840;110.72115237891782;6840;0.63471223819974087;6840;1.9586779381694999;6840;2.000183111056856
6850;122.09845271156956;6850;12.829981383709219;6850;110.72115237891782;6850;0.634514561490635;6850;1.966002380443739;6850;2.000183111056856
6860;122.06183050019837;6860;12.842188787499619;6860;110.75777459028902;6860;0.63439595546517147;6860;1.9617297891170995;6860;2.000183111056856
6870;121.96417126987518;6870;12.854396191290018;6870;110.75777459028902;6870;0.63427734943970793;6870;1.9598986785485397;6870;2.000183111056856
6880;121.95196386608478;6880;12.842188787499619;6880;110.73335978270822;6880;0.6341587434142445;6880;1.9620349742118595;6880;2.000183111056856
6890;121.96417126987518;6890;12.817773979918821;6890;110.66011535996583;6890;0.63392153136331741;6890;1.9602038636432997;6890;2.000183111056856
6900;122.03741569261757;6900;12.903225806451612;6900;110.74556718649862;6900;0.63368431931239033;6900;1.9647816400646991;6900;2.000183111056856
6910;122.02520828882717;6910;12.817773979918821;6910;110.70894497512742;6910;0.63344710726146325;6910;1.9623401593066194;6910;2.000183111056856
6920;122.06183050019837;6920;12.817773979918821;6920;110.72115237891782;6920;0.63324943055235738;6920;1.966002380443739;6920;2.000183111056856
6930;121.8298898281808;6930;12.915433210242011;6930;110.75777459028902;6930;0.63309128918507263;6930;1.9602038636432997;6930;2.000183111056856
6940;121.92754905850398;6940;12.939848017822811;6940;110.72115237891782;6940;0.63289361247596676;6940;1.9663075655384989;6940;2.000183111056856
6950;122.03741569261757;6950;12.95205542161321;6950;110.67232276375623;6950;0.63265640042503968;6950;1.9598986785485397;6950;2.000183111056856
6960;122.06183050019837;6960;12.915433210242011;6960;110.63570055238503;6960;0.63253779439957625;6960;1.9623401593066194;6960;2.000183111056856
6970;122.12286751915036;6970;12.768944364757226;6970;110.66011535996583;6970;0.632498259057755;6970;1.9620349742118595;6970;2.000183111056856
6980;122.01300088503677;6980;12.732322153386027;6980;110.67232276375623;6980;0.632261047006828;6980;1.9592883083590198;6980;2.000183111056856
6990;121.96417126987518;6990;12.756736960966828;6990;110.69673757133702;6990;0.63202383495590075;6990;1.9635608996856593;6990;2.000183111056856
7000;121.97637867366558;7000;12.817773979918821;7000;110.66011535996583;7000;0.63182615824679489;7000;1.9611194189275796;7000;2.000183111056856
7010;122.07403790398877;7010;12.866603595080417;7010;110.75777459028902;7010;0.63170755222133135;7010;1.9638660847804192;7010;2.000183111056856
7020;122.02520828882717;7020;12.768944364757226;7020;110.75777459028902;7020;0.63147034017040427;7020;1.9598986785485397;7020;2.000183111056856
7030;122.06183050019837;7030;12.817773979918821;7030;110.70894497512742;7030;0.63135173414494072;7030;1.9653920102542191;7030;2.000183111056856
7040;121.91534165471359;7040;12.903225806451612;7040;110.70894497512742;7040;0.63123312811947729;7040;1.9592883083590198;7040;2.000183111056856
7050;121.97637867366558;7050;12.866603595080417;7050;110.72115237891782;7050;0.6309959160685501;7050;1.9647816400646991;7050;2.000183111056856
7060;121.97637867366558;7060;12.842188787499619;7060;110.70894497512742;7060;0.63087731004308667;7060;1.9620349742118595;7060;2.000183111056856
7070;121.8420972319712;7070;12.781151768547625;7070;110.52583391827142;7070;0.63071916867580191;7070;1.9617297891170995;7070;2.000183111056856
7080;121.96417126987518;7080;12.781151768547625;7080;110.52583391827142;7080;0.630521491966696;7080;1.9644764549699392;7080;2.000183111056856
7090;122.04962309640797;7090;12.903225806451612;7090;110.62349314859463;7090;0.63036335059941129;7090;1.9592883083590198;7090;2.000183111056856
7100;122.06183050019837;7100;12.891018402661214;7100;110.69673757133702;7100;0.63016567389030542;7100;1.9638660847804192;7100;2.000183111056856
7110;121.97637867366558;7110;12.817773979918821;7110;110.67232276375623;7110;0.62996799718119956;7110;1.9595934934537798;7110;2.000183111056856
7120;122.04962309640797;7120;12.854396191290018;7120;110.66011535996583;7120;0.62988892649755723;7120;1.9635608996856593;7120;2.000183111056856
7130;122.03741569261757;7130;12.842188787499619;7130;110.73335978270822;7130;0.62977032047209369;7130;1.9595934934537798;7130;2.000183111056856
7140;122.03741569261757;7140;12.854396191290018;7140;110.80660420545061;7140;0.62957264376298783;7140;1.9635608996856593;7140;2.000183111056856
7150;121.96417126987518;7150;12.927640614032409;7150;110.73335978270822;7150;0.62945403773752429;7150;1.9592883083590198;7150;2.000183111056856
7160;122.09845271156956;7160;12.915433210242011;7160;110.72115237891782;7160;0.6292168256865972;7160;1.9617297891170995;7160;2.000183111056856
7170;122.09845271156956;7170;12.829981383709219;7170;110.72115237891782;7170;0.62905868431931244;7170;1.9623401593066194;7170;2.000183111056856
7180;121.89092684713279;7180;12.732322153386027;7180;110.74556718649862;7180;0.6289005429520278;7180;1.9632557145908993;7180;2.000183111056856
EOF
