Name;Scope Project1;
File;C:\Users\Tobno\Desktop\VentilDeadband\JibOpp\23-4prosent.csv;
Starttime of export;134214135035100000;torsdag 23. april 2026;12:25:03.510
Endtime of export;134214135164085137;torsdag 23. april 2026;12:25:16.408


Name;fPresSupply_bar;Name;fPres1A_bar;Name;fPres1B_bar;Name;fCylinder1_mm;Name;fValve1_V;Name;fSensor1_V

0;153.25174718466749;0;63.209936826685386;0;0.26856288338877532;0;80.189533815895729;0;6.1702322458571128;0;6.1256752220221564
10;153.08084353160191;10;63.136692403942995;10;0.2563554795983764;10;80.149998474074565;10;6.1702322458571128;10;6.1241492965483566
20;153.15408795434431;20;63.124485000152596;20;0.2563554795983764;20;80.149998474074565;20;6.1702322458571128;20;6.1238441114535966
30;153.2029175695059;30;63.124485000152596;30;0.2563554795983764;30;80.110463132253386;30;6.1702322458571128;30;6.1265907773064363
40;153.36161381878108;40;63.161107211523792;40;0.2563554795983764;40;80.149998474074565;40;6.1702322458571128;40;6.1256752220221564
50;153.37382122257148;50;63.209936826685386;50;0.21973326822717978;50;80.149998474074565;50;6.1702322458571128;50;6.1259804071169164
60;153.34940641499068;60;63.25876644184698;60;0.2563554795983764;60;80.149998474074565;60;6.1702322458571128;60;6.1262855922116763
70;153.1907101657155;70;63.25876644184698;70;0.26856288338877532;70;80.189533815895729;70;6.1702322458571128;70;6.1275063325907162
80;153.25174718466749;80;63.295388653218176;80;0.21973326822717978;80;80.189533815895729;80;6.1702322458571128;80;6.1244544816431166
90;153.33719901120028;90;63.234351634266183;90;0.23194067201757868;90;80.149998474074565;90;6.1702322458571128;90;6.1287270729697561
100;153.28836939603869;100;63.124485000152596;100;0.21973326822717978;100;80.149998474074565;100;6.1702322458571128;100;6.1244544816431166
110;153.32499160740988;110;63.124485000152596;110;0.23194067201757868;110;80.2290691577169;110;6.1702322458571128;110;6.1265907773064363
120;153.26395458845789;120;63.209936826685386;120;0.29297769096957305;120;80.149998474074565;120;6.1702322458571128;120;6.1256752220221564
130;153.2395397808771;130;63.295388653218176;130;0.26856288338877532;130;80.149998474074565;130;6.1702322458571128;130;6.1232337412640767
140;153.1907101657155;140;63.234351634266183;140;0.24414807580797754;140;80.149998474074565;140;6.1702322458571128;140;6.1262855922116763
150;153.25174718466749;150;63.185522019104589;150;0.29297769096957305;150;80.149998474074565;150;6.1702322458571128;150;6.1241492965483566
160;153.11746574297311;160;63.161107211523792;160;0.31739249855037077;160;80.110463132253386;160;6.1702322458571128;160;6.1253700369273965
170;153.1785027619251;170;63.124485000152596;170;0.30518509475997191;170;80.110463132253386;170;6.1702322458571128;170;6.1250648518326365
180;153.1907101657155;180;63.209936826685386;180;0.26856288338877532;180;80.149998474074565;180;6.1702322458571128;180;6.1272011474959562
190;153.1907101657155;190;63.222144230475784;190;0.2563554795983764;190;80.149998474074565;190;6.1702322458571128;190;6.1256752220221564
200;153.26395458845789;200;63.209936826685386;200;0.31739249855037077;200;80.189533815895729;200;6.1702322458571128;200;6.1284218878749961
210;153.25174718466749;210;63.209936826685386;210;0.31739249855037077;210;80.110463132253386;210;6.1702322458571128;210;6.1259804071169164
220;153.28836939603869;220;63.17331461531419;220;0.24414807580797754;220;80.149998474074565;220;6.1702322458571128;220;6.1272011474959562
230;153.26395458845789;230;63.148899807733393;230;0.24414807580797754;230;80.149998474074565;230;6.1702322458571128;230;6.1272011474959562
240;153.36161381878108;240;63.148899807733393;240;0.24414807580797754;240;80.149998474074565;240;6.1702322458571128;240;6.1241492965483566
250;153.42265083773307;250;63.161107211523792;250;0.24414807580797754;250;80.189533815895729;250;6.1702322458571128;250;6.1265907773064363
260;153.32499160740988;260;63.17331461531419;260;0.29297769096957305;260;80.149998474074565;260;6.1702322458571128;260;6.1229285561693167
270;153.2273323770867;270;63.161107211523792;270;0.29297769096957305;270;80.149998474074565;270;6.1702322458571128;270;6.1259804071169164
280;153.26395458845789;280;63.246559038056581;280;0.2563554795983764;280;80.189533815895729;280;6.1702322458571128;280;6.1250648518326365
290;153.1907101657155;290;63.270973845637378;290;0.2563554795983764;290;80.149998474074565;290;6.1702322458571128;290;6.1265907773064363
300;153.11746574297311;300;63.209936826685386;300;0.24414807580797754;300;80.110463132253386;300;6.1702322458571128;300;6.1272011474959562
310;153.11746574297311;310;63.234351634266183;310;0.2563554795983764;310;80.149998474074565;310;6.1702322458571128;310;6.1278115176854762
320;153.2395397808771;320;63.234351634266183;320;0.2563554795983764;320;80.110463132253386;320;6.1702322458571128;320;6.1256752220221564
330;153.33719901120028;330;63.25876644184698;330;0.29297769096957305;330;80.149998474074565;330;6.1702322458571128;330;6.1259804071169164
340;153.11746574297311;340;63.295388653218176;340;0.24414807580797754;340;80.189533815895729;340;6.1702322458571128;340;6.1278115176854762
350;153.1785027619251;350;63.270973845637378;350;0.24414807580797754;350;80.2290691577169;350;6.1702322458571128;350;6.1238441114535966
360;153.1907101657155;360;63.234351634266183;360;0.31739249855037077;360;80.189533815895729;360;6.1702322458571128;360;6.1265907773064363
370;153.15408795434431;370;63.209936826685386;370;0.29297769096957305;370;80.110463132253386;370;6.1702322458571128;370;6.1235389263588367
380;153.2273323770867;380;63.25876644184698;380;0.2563554795983764;380;80.149998474074565;380;6.1702322458571128;380;6.1265907773064363
390;153.30057679982909;390;63.17331461531419;390;0.26856288338877532;390;80.149998474074565;390;6.1702322458571128;390;6.1250648518326365
400;153.25174718466749;400;63.148899807733393;400;0.29297769096957305;400;80.189533815895729;400;6.1702322458571128;400;6.1259804071169164
410;153.1785027619251;410;63.185522019104589;410;0.29297769096957305;410;80.149998474074565;410;6.1702322458571128;410;6.1265907773064363
420;153.2273323770867;420;63.209936826685386;420;0.2563554795983764;420;80.110463132253386;420;6.1702322458571128;420;6.1259804071169164
430;153.25174718466749;430;63.148899807733393;430;0.2563554795983764;430;80.110463132253386;430;6.1702322458571128;430;6.1265907773064363
440;153.33719901120028;440;63.222144230475784;440;0.34180730613116855;440;80.149998474074565;440;6.1702322458571128;440;6.1275063325907162
450;153.28836939603869;450;63.380840479750965;450;0.32959990234076969;450;80.189533815895729;450;6.1702322458571128;450;6.1284218878749961
460;153.15408795434431;460;63.393047883541364;460;0.30518509475997191;460;80.149998474074565;460;6.1702322458571128;460;6.1241492965483566
470;153.11746574297311;470;63.270973845637378;470;0.30518509475997191;470;80.110463132253386;470;6.1702322458571128;470;6.1275063325907162
480;153.27616199224829;480;63.209936826685386;480;0.2563554795983764;480;80.149998474074565;480;6.1702322458571128;480;6.1229285561693167
490;153.2273323770867;490;63.185522019104589;490;0.24414807580797754;490;80.2290691577169;490;6.1702322458571128;490;6.1256752220221564
500;153.10525833918271;500;63.148899807733393;500;0.23194067201757868;500;80.149998474074565;500;6.1702322458571128;500;6.1253700369273965
510;153.2029175695059;510;63.209936826685386;510;0.24414807580797754;510;80.110463132253386;510;6.1702322458571128;510;6.1241492965483566
520;153.1907101657155;520;63.17331461531419;520;0.24414807580797754;520;80.070927790432208;520;6.1702322458571128;520;6.1262855922116763
530;153.1785027619251;530;63.148899807733393;530;0.29297769096957305;530;80.149998474074565;530;6.1702322458571128;530;6.1265907773064363
540;153.15408795434431;540;63.136692403942995;540;0.32959990234076969;540;80.189533815895729;540;6.1702322458571128;540;6.1265907773064363
550;153.1662953581347;550;63.185522019104589;550;0.32959990234076969;550;80.189533815895729;550;6.1702322458571128;550;6.1250648518326365
560;153.2273323770867;560;63.222144230475784;560;0.2563554795983764;560;80.149998474074565;560;6.1702322458571128;560;6.1287270729697561
570;153.2395397808771;570;63.246559038056581;570;0.23194067201757868;570;80.070927790432208;570;6.1702322458571128;570;6.1232337412640767
580;153.32499160740988;580;63.270973845637378;580;0.24414807580797754;580;80.149998474074565;580;6.1702322458571128;580;6.1259804071169164
590;153.42265083773307;590;63.209936826685386;590;0.2563554795983764;590;80.189533815895729;590;6.1702322458571128;590;6.1244544816431166
600;153.38602862636188;600;63.246559038056581;600;0.26856288338877532;600;80.189533815895729;600;6.1702322458571128;600;6.1253700369273965
610;153.32499160740988;610;63.234351634266183;610;0.26856288338877532;610;80.149998474074565;610;6.1702322458571128;610;6.1275063325907162
620;153.1907101657155;620;63.234351634266183;620;0.32959990234076969;620;80.2290691577169;620;6.1702322458571128;620;6.1278115176854762
630;153.05642872402112;630;63.234351634266183;630;0.31739249855037077;630;80.189533815895729;630;6.1702322458571128;630;6.1275063325907162
640;153.1907101657155;640;63.246559038056581;640;0.2563554795983764;640;80.149998474074565;640;6.1702322458571128;640;6.1256752220221564
650;153.25174718466749;650;63.307596057008574;650;0.26856288338877532;650;80.189533815895729;650;6.1702322458571128;650;6.1278115176854762
660;153.25174718466749;660;63.246559038056581;660;0.2563554795983764;660;80.149998474074565;660;6.1702322458571128;660;6.1220130008850369
670;153.2273323770867;670;63.222144230475784;670;0.2563554795983764;670;80.149998474074565;670;6.1702322458571128;670;6.1259804071169164
680;153.1907101657155;680;63.234351634266183;680;0.29297769096957305;680;80.149998474074565;680;6.1702322458571128;680;6.1241492965483566
690;153.2273323770867;690;63.234351634266183;690;0.26856288338877532;690;80.189533815895729;690;6.1702322458571128;690;6.1253700369273965
700;153.2029175695059;700;63.222144230475784;700;0.2563554795983764;700;80.149998474074565;700;6.1702322458571128;700;6.1262855922116763
710;153.1785027619251;710;63.295388653218176;710;0.2563554795983764;710;80.149998474074565;710;6.1702322458571128;710;6.1253700369273965
720;153.10525833918271;720;63.295388653218176;720;0.24414807580797754;720;80.110463132253386;720;6.1702322458571128;720;6.1262855922116763
730;153.2273323770867;730;63.209936826685386;730;0.26856288338877532;730;80.149998474074565;730;6.1702322458571128;730;6.1272011474959562
740;153.09305093539231;740;63.161107211523792;740;0.2563554795983764;740;80.110463132253386;740;6.1702322458571128;740;6.1278115176854762
750;153.06863612781152;750;63.185522019104589;750;0.29297769096957305;750;80.110463132253386;750;6.1702322458571128;750;6.1250648518326365
760;153.2273323770867;760;63.234351634266183;760;0.30518509475997191;760;80.149998474074565;760;6.1702322458571128;760;6.1278115176854762
770;153.1907101657155;770;63.17331461531419;770;0.26856288338877532;770;80.110463132253386;770;6.1702322458571128;770;6.1229285561693167
780;153.2395397808771;780;63.161107211523792;780;0.29297769096957305;780;80.110463132253386;780;6.1702322458571128;780;6.1265907773064363
790;153.36161381878108;790;63.185522019104589;790;0.29297769096957305;790;80.110463132253386;790;6.1702322458571128;790;6.1253700369273965
800;153.33719901120028;800;63.25876644184698;800;0.26856288338877532;800;80.149998474074565;800;6.1702322458571128;800;6.1241492965483566
810;153.1785027619251;810;63.332010864589371;810;0.24414807580797754;810;80.110463132253386;810;6.1702322458571128;810;6.1272011474959562
820;153.1662953581347;820;63.380840479750965;820;0.2563554795983764;820;80.149998474074565;820;6.1702322458571128;820;6.1272011474959562
830;153.1785027619251;830;63.332010864589371;830;0.2563554795983764;830;80.149998474074565;830;6.1702322458571128;830;6.1275063325907162
840;153.32499160740988;840;63.307596057008574;840;0.24414807580797754;840;80.149998474074565;840;6.1702322458571128;840;6.1259804071169164
850;153.33719901120028;850;63.295388653218176;850;0.24414807580797754;850;80.149998474074565;850;6.1702322458571128;850;6.1287270729697561
860;153.42265083773307;860;63.295388653218176;860;0.23194067201757868;860;80.149998474074565;860;6.1702322458571128;860;6.1235389263588367
870;153.36161381878108;870;63.356425672170168;870;0.2563554795983764;870;80.189533815895729;870;6.1702322458571128;870;6.1262855922116763
880;153.28836939603869;880;63.270973845637378;880;0.26856288338877532;880;80.189533815895729;880;6.1702322458571128;880;6.1241492965483566
890;153.27616199224829;890;63.234351634266183;890;0.2563554795983764;890;80.149998474074565;890;6.1702322458571128;890;6.1244544816431166
900;153.2395397808771;900;63.307596057008574;900;0.24414807580797754;900;80.110463132253386;900;6.1702322458571128;900;6.1259804071169164
910;153.32499160740988;910;63.405255287331762;910;0.2563554795983764;910;80.189533815895729;910;6.1702322458571128;910;6.1244544816431166
920;153.2273323770867;920;63.332010864589371;920;0.2563554795983764;920;80.189533815895729;920;6.1702322458571128;920;6.1272011474959562
930;153.27616199224829;930;63.222144230475784;930;0.24414807580797754;930;80.110463132253386;930;6.1702322458571128;930;6.1278115176854762
940;153.27616199224829;940;63.246559038056581;940;0.23194067201757868;940;80.110463132253386;940;6.1702322458571128;940;6.1275063325907162
950;153.32499160740988;950;63.319803460798973;950;0.2563554795983764;950;80.189533815895729;950;6.1702322458571128;950;6.1272011474959562
960;153.33719901120028;960;63.319803460798973;960;0.26856288338877532;960;80.189533815895729;960;6.1702322458571128;960;6.1296426282540359
970;153.28836939603869;970;63.295388653218176;970;0.30518509475997191;970;80.110463132253386;970;6.1702322458571128;970;6.1241492965483566
980;153.28836939603869;980;63.307596057008574;980;0.32959990234076969;980;80.149998474074565;980;6.1702322458571128;980;6.1278115176854762
990;153.37382122257148;990;63.234351634266183;990;0.2563554795983764;990;80.149998474074565;990;6.1702322458571128;990;6.1238441114535966
1000;153.47148045289467;1000;63.319803460798973;1000;0.26856288338877532;1000;80.110463132253386;1000;6.1702322458571128;1000;6.1244544816431166
1010;153.34940641499068;1010;63.185522019104589;1010;0.2563554795983764;1010;80.110463132253386;1010;6.1702322458571128;1010;6.1259804071169164
1020;153.25174718466749;1020;63.246559038056581;1020;0.24414807580797754;1020;80.110463132253386;1020;6.1702322458571128;1020;6.1250648518326365
1030;153.1907101657155;1030;63.393047883541364;1030;0.24414807580797754;1030;80.149998474074565;1030;6.1702322458571128;1030;6.1272011474959562
1040;153.27616199224829;1040;63.380840479750965;1040;0.24414807580797754;1040;80.149998474074565;1040;6.1702322458571128;1040;6.1275063325907162
1050;153.30057679982909;1050;63.405255287331762;1050;0.2563554795983764;1050;80.110463132253386;1050;6.1702322458571128;1050;6.1281167027802361
1060;153.28836939603869;1060;63.393047883541364;1060;0.2563554795983764;1060;80.110463132253386;1060;6.1702322458571128;1060;6.1235389263588367
1070;153.2029175695059;1070;63.380840479750965;1070;0.29297769096957305;1070;80.149998474074565;1070;6.1702322458571128;1070;6.1278115176854762
1080;153.1907101657155;1080;63.393047883541364;1080;0.29297769096957305;1080;80.149998474074565;1080;6.1702322458571128;1080;6.1244544816431166
1090;153.27616199224829;1090;63.34421826837977;1090;0.30518509475997191;1090;80.189533815895729;1090;6.1702322458571128;1090;6.1256752220221564
1100;153.2395397808771;1100;63.307596057008574;1100;0.26856288338877532;1100;80.149998474074565;1100;6.1702322458571128;1100;6.1262855922116763
1110;153.32499160740988;1110;63.380840479750965;1110;0.26856288338877532;1110;80.149998474074565;1110;6.1702322458571128;1110;6.1265907773064363
1120;153.33719901120028;1120;63.356425672170168;1120;0.30518509475997191;1120;80.110463132253386;1120;6.1702322458571128;1120;6.1275063325907162
1130;153.28836939603869;1130;63.417462691122161;1130;0.30518509475997191;1130;80.189533815895729;1130;6.1702322458571128;1130;6.1265907773064363
1140;153.2395397808771;1140;63.405255287331762;1140;0.24414807580797754;1140;80.149998474074565;1140;6.1702322458571128;1140;6.1281167027802361
1150;153.1785027619251;1150;63.356425672170168;1150;0.23194067201757868;1150;80.110463132253386;1150;6.1702322458571128;1150;6.1238441114535966
1160;153.2273323770867;1160;63.356425672170168;1160;0.24414807580797754;1160;80.149998474074565;1160;6.1702322458571128;1160;6.1272011474959562
1170;153.30057679982909;1170;63.356425672170168;1170;0.26856288338877532;1170;80.110463132253386;1170;6.1702322458571128;1170;6.1238441114535966
1180;153.28836939603869;1180;63.417462691122161;1180;0.29297769096957305;1180;80.149998474074565;1180;6.1702322458571128;1180;6.1250648518326365
1190;153.30057679982909;1190;63.380840479750965;1190;0.24414807580797754;1190;80.110463132253386;1190;6.1702322458571128;1190;6.1265907773064363
1200;153.27616199224829;1200;63.270973845637378;1200;0.23194067201757868;1200;80.189533815895729;1200;6.1702322458571128;1200;6.1275063325907162
1210;153.2029175695059;1210;63.234351634266183;1210;0.26856288338877532;1210;80.149998474074565;1210;6.1702322458571128;1210;6.1272011474959562
1220;153.28836939603869;1220;63.429670094912559;1220;0.30518509475997191;1220;80.110463132253386;1220;6.1702322458571128;1220;6.1265907773064363
1230;153.27616199224829;1230;63.417462691122161;1230;0.30518509475997191;1230;80.189533815895729;1230;6.1702322458571128;1230;6.1275063325907162
1240;153.2395397808771;1240;63.246559038056581;1240;0.29297769096957305;1240;80.189533815895729;1240;6.1702322458571128;1240;6.1232337412640767
1250;153.1662953581347;1250;63.270973845637378;1250;0.2563554795983764;1250;80.189533815895729;1250;6.1702322458571128;1250;6.1256752220221564
1260;153.27616199224829;1260;63.319803460798973;1260;0.26856288338877532;1260;80.149998474074565;1260;6.1702322458571128;1260;6.1238441114535966
1270;153.26395458845789;1270;63.380840479750965;1270;0.2563554795983764;1270;80.149998474074565;1270;6.1702322458571128;1270;6.1259804071169164
1280;153.14188055055391;1280;63.34421826837977;1280;0.2563554795983764;1280;80.149998474074565;1280;6.1702322458571128;1280;6.1265907773064363
1290;153.2029175695059;1290;63.380840479750965;1290;0.29297769096957305;1290;80.2290691577169;1290;6.1702322458571128;1290;6.1284218878749961
1300;153.27616199224829;1300;63.34421826837977;1300;0.29297769096957305;1300;80.149998474074565;1300;6.1702322458571128;1300;6.1262855922116763
1310;153.34940641499068;1310;63.380840479750965;1310;0.32959990234076969;1310;80.149998474074565;1310;6.1702322458571128;1310;6.1259804071169164
1320;153.2273323770867;1320;63.34421826837977;1320;0.31739249855037077;1320;80.149998474074565;1320;6.1702322458571128;1320;6.1278115176854762
1330;153.27616199224829;1330;63.332010864589371;1330;0.30518509475997191;1330;80.189533815895729;1330;6.1702322458571128;1330;6.1238441114535966
1340;153.25174718466749;1340;63.356425672170168;1340;0.26856288338877532;1340;80.149998474074565;1340;6.1702322458571128;1340;6.1259804071169164
1350;153.2029175695059;1350;63.270973845637378;1350;0.29297769096957305;1350;80.070927790432208;1350;6.1702322458571128;1350;6.1250648518326365
1360;153.1907101657155;1360;63.319803460798973;1360;0.30518509475997191;1360;80.149998474074565;1360;6.1702322458571128;1360;6.1265907773064363
1370;153.14188055055391;1370;63.405255287331762;1370;0.29297769096957305;1370;80.149998474074565;1370;6.1702322458571128;1370;6.1272011474959562
1380;153.14188055055391;1380;63.417462691122161;1380;0.29297769096957305;1380;80.149998474074565;1380;6.1702322458571128;1380;6.1287270729697561
1390;153.1907101657155;1390;63.405255287331762;1390;0.23194067201757868;1390;80.110463132253386;1390;6.1702322458571128;1390;6.1244544816431166
1400;153.28836939603869;1400;63.356425672170168;1400;0.24414807580797754;1400;80.110463132253386;1400;6.1702322458571128;1400;6.1241492965483566
1410;153.1907101657155;1410;63.332010864589371;1410;0.29297769096957305;1410;80.070927790432208;1410;6.1702322458571128;1410;6.1262855922116763
1420;153.11746574297311;1420;63.34421826837977;1420;0.29297769096957305;1420;80.149998474074565;1420;6.1702322458571128;1420;6.1244544816431166
1430;153.10525833918271;1430;63.356425672170168;1430;0.2563554795983764;1430;80.189533815895729;1430;6.1702322458571128;1430;6.1259804071169164
1440;153.30057679982909;1440;63.380840479750965;1440;0.24414807580797754;1440;80.149998474074565;1440;6.1702322458571128;1440;6.1262855922116763
1450;153.32499160740988;1450;63.332010864589371;1450;0.2563554795983764;1450;80.149998474074565;1450;6.1702322458571128;1450;6.1284218878749961
1460;153.15408795434431;1460;63.356425672170168;1460;0.23194067201757868;1460;80.149998474074565;1460;6.1702322458571128;1460;6.1253700369273965
1470;153.26395458845789;1470;63.405255287331762;1470;0.24414807580797754;1470;80.189533815895729;1470;6.1702322458571128;1470;6.1284218878749961
1480;153.26395458845789;1480;63.332010864589371;1480;0.24414807580797754;1480;80.110463132253386;1480;6.1702322458571128;1480;6.1244544816431166
1490;153.2273323770867;1490;63.270973845637378;1490;0.23194067201757868;1490;80.110463132253386;1490;6.1702322458571128;1490;6.1241492965483566
1500;153.2029175695059;1500;63.234351634266183;1500;0.24414807580797754;1500;80.149998474074565;1500;6.1702322458571128;1500;6.1256752220221564
1510;153.2029175695059;1510;63.417462691122161;1510;0.30518509475997191;1510;80.149998474074565;1510;6.1702322458571128;1510;6.1244544816431166
1520;153.28836939603869;1520;63.490707113864566;1520;0.2563554795983764;1520;80.149998474074565;1520;6.1702322458571128;1520;6.1262855922116763
1530;153.27616199224829;1530;63.405255287331762;1530;0.23194067201757868;1530;80.110463132253386;1530;6.1702322458571128;1530;6.1272011474959562
1540;153.1662953581347;1540;63.380840479750965;1540;0.2563554795983764;1540;80.149998474074565;1540;6.1702322458571128;1540;6.1284218878749961
1550;153.2395397808771;1550;63.393047883541364;1550;0.26856288338877532;1550;80.189533815895729;1550;6.1702322458571128;1550;6.1253700369273965
1560;153.28836939603869;1560;63.393047883541364;1560;0.26856288338877532;1560;80.2290691577169;1560;6.1702322458571128;1560;6.1287270729697561
1570;153.34940641499068;1570;63.332010864589371;1570;0.29297769096957305;1570;80.149998474074565;1570;6.1702322458571128;1570;6.1238441114535966
1580;153.37382122257148;1580;63.34421826837977;1580;0.31739249855037077;1580;80.189533815895729;1580;6.1702322458571128;1580;6.1256752220221564
1590;153.2273323770867;1590;63.356425672170168;1590;0.2563554795983764;1590;80.149998474074565;1590;6.1702322458571128;1590;6.1253700369273965
1600;153.2395397808771;1600;63.417462691122161;1600;0.21973326822717978;1600;80.149998474074565;1600;6.1702322458571128;1600;6.1235389263588367
1610;153.28836939603869;1610;63.441877498702958;1610;0.23194067201757868;1610;80.2290691577169;1610;6.1702322458571128;1610;6.1281167027802361
1620;153.2273323770867;1620;63.429670094912559;1620;0.31739249855037077;1620;80.189533815895729;1620;6.1702322458571128;1620;6.1265907773064363
1630;153.1785027619251;1630;63.405255287331762;1630;0.32959990234076969;1630;80.149998474074565;1630;6.1702322458571128;1630;6.1259804071169164
1640;153.2029175695059;1640;63.441877498702958;1640;0.29297769096957305;1640;80.149998474074565;1640;6.1702322458571128;1640;6.1259804071169164
1650;153.14188055055391;1650;63.576158940397356;1650;0.29297769096957305;1650;80.149998474074565;1650;6.1702322458571128;1650;6.1287270729697561
1660;153.1907101657155;1660;63.490707113864566;1660;0.26856288338877532;1660;80.149998474074565;1660;6.1702322458571128;1660;6.1275063325907162
1670;153.34940641499068;1670;63.380840479750965;1670;0.30518509475997191;1670;80.189533815895729;1670;6.1702322458571128;1670;6.129032258064516
1680;153.27616199224829;1680;63.380840479750965;1680;0.30518509475997191;1680;80.110463132253386;1680;6.1702322458571128;1680;6.1253700369273965
1690;153.2395397808771;1690;63.515121921445363;1690;0.26856288338877532;1690;80.110463132253386;1690;6.1702322458571128;1690;6.1259804071169164
1700;153.32499160740988;1700;63.576158940397356;1700;0.26856288338877532;1700;80.149998474074565;1700;6.1702322458571128;1700;6.1275063325907162
1710;153.27616199224829;1710;63.588366344187754;1710;0.30518509475997191;1710;80.149998474074565;1710;6.1702322458571128;1710;6.1244544816431166
1720;153.1785027619251;1720;63.576158940397356;1720;0.31739249855037077;1720;80.110463132253386;1720;6.1702322458571128;1720;6.1265907773064363
1730;153.2395397808771;1730;63.527329325235762;1730;0.26856288338877532;1730;80.110463132253386;1730;6.1702322458571128;1730;6.1253700369273965
1740;153.09305093539231;1740;63.502914517654965;1740;0.24414807580797754;1740;80.149998474074565;1740;6.1702322458571128;1740;6.1265907773064363
1750;153.14188055055391;1750;63.527329325235762;1750;0.23194067201757868;1750;80.189533815895729;1750;6.1702322458571128;1750;6.1256752220221564
1760;153.1907101657155;1760;63.563951536606957;1760;0.23194067201757868;1760;80.189533815895729;1760;6.1702322458571128;1760;6.1284218878749961
1770;153.1785027619251;1770;63.490707113864566;1770;0.24414807580797754;1770;80.110463132253386;1770;6.1702322458571128;1770;6.1272011474959562
1780;153.27616199224829;1780;63.478499710074168;1780;0.24414807580797754;1780;80.149998474074565;1780;6.1702322458571128;1780;6.1284218878749961
1790;153.1907101657155;1790;63.405255287331762;1790;0.24414807580797754;1790;80.110463132253386;1790;6.1702322458571128;1790;6.1265907773064363
1800;153.2395397808771;1800;63.441877498702958;1800;0.26856288338877532;1800;80.110463132253386;1800;6.1702322458571128;1800;6.1256752220221564
1810;153.25174718466749;1810;63.441877498702958;1810;0.31739249855037077;1810;80.149998474074565;1810;6.1702322458571128;1810;6.1275063325907162
1820;153.33719901120028;1820;63.466292306283755;1820;0.32959990234076969;1820;80.149998474074565;1820;6.1702322458571128;1820;6.1235389263588367
1830;153.2029175695059;1830;63.466292306283755;1830;0.32959990234076969;1830;80.189533815895729;1830;6.1702322458571128;1830;6.1259804071169164
1840;153.11746574297311;1840;63.441877498702958;1840;0.26856288338877532;1840;80.149998474074565;1840;6.1702322458571128;1840;6.1256752220221564
1850;153.28836939603869;1850;63.490707113864566;1850;0.24414807580797754;1850;80.110463132253386;1850;6.1702322458571128;1850;6.1275063325907162
1860;153.39823603015228;1860;63.417462691122161;1860;0.26856288338877532;1860;80.110463132253386;1860;6.1702322458571128;1860;6.1262855922116763
1870;153.44706564531387;1870;63.417462691122161;1870;0.29297769096957305;1870;80.189533815895729;1870;6.1702322458571128;1870;6.1284218878749961
1880;153.34940641499068;1880;63.490707113864566;1880;0.26856288338877532;1880;80.149998474074565;1880;6.1702322458571128;1880;6.1256752220221564
1890;153.26395458845789;1890;63.551744132816559;1890;0.29297769096957305;1890;80.149998474074565;1890;6.1702322458571128;1890;6.1241492965483566
1900;153.30057679982909;1900;63.563951536606957;1900;0.31739249855037077;1900;80.110463132253386;1900;6.1702322458571128;1900;6.1275063325907162
1910;153.38602862636188;1910;63.527329325235762;1910;0.30518509475997191;1910;80.110463132253386;1910;6.1702322458571128;1910;6.1265907773064363
1920;153.27616199224829;1920;63.466292306283755;1920;0.26856288338877532;1920;80.070927790432208;1920;6.1702322458571128;1920;6.1262855922116763
1930;153.2395397808771;1930;63.502914517654965;1930;0.26856288338877532;1930;80.070927790432208;1930;6.1702322458571128;1930;6.1262855922116763
1940;153.1785027619251;1940;63.502914517654965;1940;0.30518509475997191;1940;80.110463132253386;1940;6.1702322458571128;1940;6.1299478133487959
1950;153.27616199224829;1950;63.441877498702958;1950;0.30518509475997191;1950;80.110463132253386;1950;6.1702322458571128;1950;6.1241492965483566
1960;153.36161381878108;1960;63.515121921445363;1960;0.26856288338877532;1960;80.189533815895729;1960;6.1702322458571128;1960;6.1265907773064363
1970;153.2273323770867;1970;63.502914517654965;1970;0.29297769096957305;1970;80.2290691577169;1970;6.1702322458571128;1970;6.1253700369273965
1980;153.2395397808771;1980;63.429670094912559;1980;0.29297769096957305;1980;80.189533815895729;1980;6.1702322458571128;1980;6.1238441114535966
1990;153.2395397808771;1990;63.417462691122161;1990;0.26856288338877532;1990;80.110463132253386;1990;6.1702322458571128;1990;6.1259804071169164
2000;153.2395397808771;2000;63.441877498702958;2000;0.29297769096957305;2000;80.070927790432208;2000;6.1702322458571128;2000;6.1241492965483566
2010;153.25174718466749;2010;63.429670094912559;2010;0.2563554795983764;2010;80.070927790432208;2010;6.1702322458571128;2010;6.1265907773064363
2020;153.30057679982909;2020;63.515121921445363;2020;0.26856288338877532;2020;80.110463132253386;2020;6.1702322458571128;2020;6.1259804071169164
2030;153.1907101657155;2030;63.502914517654965;2030;0.31739249855037077;2030;80.189533815895729;2030;6.1702322458571128;2030;6.1262855922116763
2040;153.2029175695059;2040;63.502914517654965;2040;0.30518509475997191;2040;80.189533815895729;2040;6.1702322458571128;2040;6.1259804071169164
2050;153.36161381878108;2050;63.563951536606957;2050;0.32959990234076969;2050;80.189533815895729;2050;6.1702322458571128;2050;6.129032258064516
2060;153.28836939603869;2060;63.490707113864566;2060;0.32959990234076969;2060;80.149998474074565;2060;6.1702322458571128;2060;6.1278115176854762
2070;153.2273323770867;2070;63.429670094912559;2070;0.31739249855037077;2070;80.149998474074565;2070;6.1702322458571128;2070;6.1287270729697561
2080;153.28836939603869;2080;63.502914517654965;2080;0.26856288338877532;2080;80.149998474074565;2080;6.1702322458571128;2080;6.1262855922116763
2090;153.36161381878108;2090;63.551744132816559;2090;0.2563554795983764;2090;80.110463132253386;2090;6.1702322458571128;2090;6.1253700369273965
2100;153.2273323770867;2100;63.441877498702958;2100;0.2563554795983764;2100;80.110463132253386;2100;6.1702322458571128;2100;6.1275063325907162
2110;153.1907101657155;2110;63.502914517654965;2110;0.2563554795983764;2110;80.149998474074565;2110;6.1702322458571128;2110;6.1238441114535966
2120;153.27616199224829;2120;63.515121921445363;2120;0.2563554795983764;2120;80.189533815895729;2120;6.1702322458571128;2120;6.1256752220221564
2130;153.30057679982909;2130;63.551744132816559;2130;0.26856288338877532;2130;80.2290691577169;2130;6.1702322458571128;2130;6.1241492965483566
2140;153.27616199224829;2140;63.600573747978153;2140;0.2563554795983764;2140;80.2290691577169;2140;6.1702322458571128;2140;6.1265907773064363
2150;153.33719901120028;2150;63.515121921445363;2150;0.26856288338877532;2150;80.149998474074565;2150;6.1702322458571128;2150;6.1272011474959562
2160;153.32499160740988;2160;63.551744132816559;2160;0.26856288338877532;2160;80.189533815895729;2160;6.1702322458571128;2160;6.1284218878749961
2170;153.1907101657155;2170;63.563951536606957;2170;0.23194067201757868;2170;80.2290691577169;2170;6.1702322458571128;2170;6.1272011474959562
2180;153.2395397808771;2180;63.478499710074168;2180;0.2563554795983764;2180;80.189533815895729;2180;6.1702322458571128;2180;6.1272011474959562
2190;153.15408795434431;2190;63.490707113864566;2190;0.29297769096957305;2190;80.110463132253386;2190;6.1702322458571128;2190;6.1272011474959562
2200;153.2029175695059;2200;63.551744132816559;2200;0.30518509475997191;2200;80.110463132253386;2200;6.1702322458571128;2200;6.1250648518326365
2210;153.27616199224829;2210;63.515121921445363;2210;0.29297769096957305;2210;80.149998474074565;2210;6.1702322458571128;2210;6.1275063325907162
2220;153.25174718466749;2220;63.478499710074168;2220;0.24414807580797754;2220;80.110463132253386;2220;6.1702322458571128;2220;6.1238441114535966
2230;153.2395397808771;2230;63.417462691122161;2230;0.31739249855037077;2230;80.189533815895729;2230;6.1702322458571128;2230;6.1265907773064363
2240;153.25174718466749;2240;63.502914517654965;2240;0.30518509475997191;2240;80.149998474074565;2240;6.1702322458571128;2240;6.1241492965483566
2250;153.30057679982909;2250;63.588366344187754;2250;0.29297769096957305;2250;80.149998474074565;2250;6.1702322458571128;2250;6.1256752220221564
2260;153.33719901120028;2260;63.527329325235762;2260;0.2563554795983764;2260;80.149998474074565;2260;6.1702322458571128;2260;6.1265907773064363
2270;153.28836939603869;2270;63.441877498702958;2270;0.24414807580797754;2270;80.149998474074565;2270;6.1702322458571128;2270;6.1259804071169164
2280;153.2029175695059;2280;63.478499710074168;2280;0.2563554795983764;2280;80.110463132253386;2280;6.1702322458571128;2280;6.1262855922116763
2290;153.2273323770867;2290;63.429670094912559;2290;0.30518509475997191;2290;80.070927790432208;2290;6.1702322458571128;2290;6.1272011474959562
2300;153.25174718466749;2300;63.393047883541364;2300;0.32959990234076969;2300;80.110463132253386;2300;6.1702322458571128;2300;6.1281167027802361
2310;153.30057679982909;2310;63.527329325235762;2310;0.29297769096957305;2310;80.110463132253386;2310;6.1702322458571128;2310;6.1232337412640767
2320;153.33719901120028;2320;63.429670094912559;2320;0.26856288338877532;2320;80.149998474074565;2320;6.1702322458571128;2320;6.1265907773064363
2330;153.37382122257148;2330;63.441877498702958;2330;0.29297769096957305;2330;80.110463132253386;2330;6.1702322458571128;2330;6.1244544816431166
2340;153.28836939603869;2340;63.551744132816559;2340;0.29297769096957305;2340;80.149998474074565;2340;6.1702322458571128;2340;6.1272011474959562
2350;153.25174718466749;2350;63.429670094912559;2350;0.2563554795983764;2350;80.149998474074565;2350;6.1702322458571128;2350;6.1275063325907162
2360;153.33719901120028;2360;63.490707113864566;2360;0.26856288338877532;2360;80.110463132253386;2360;6.1702322458571128;2360;6.1278115176854762
2370;153.1785027619251;2370;63.551744132816559;2370;0.29297769096957305;2370;80.149998474074565;2370;6.1702322458571128;2370;6.1265907773064363
2380;153.06863612781152;2380;63.515121921445363;2380;0.30518509475997191;2380;80.149998474074565;2380;6.1702322458571128;2380;6.1259804071169164
2390;153.08084353160191;2390;63.637195959349349;2390;0.30518509475997191;2390;80.110463132253386;2390;6.1702322458571128;2390;6.1272011474959562
2400;153.2029175695059;2400;63.563951536606957;2400;0.26856288338877532;2400;80.149998474074565;2400;6.1702322458571128;2400;6.1232337412640767
2410;153.27616199224829;2410;63.502914517654965;2410;0.26856288338877532;2410;80.189533815895729;2410;6.1702322458571128;2410;6.1253700369273965
2420;153.26395458845789;2420;63.527329325235762;2420;0.29297769096957305;2420;80.189533815895729;2420;6.1702322458571128;2420;6.1253700369273965
2430;153.2273323770867;2430;63.502914517654965;2430;0.26856288338877532;2430;80.189533815895729;2430;6.1702322458571128;2430;6.1275063325907162
2440;153.27616199224829;2440;63.551744132816559;2440;0.2563554795983764;2440;80.149998474074565;2440;6.1702322458571128;2440;6.1272011474959562
2450;153.2273323770867;2450;63.551744132816559;2450;0.26856288338877532;2450;80.110463132253386;2450;6.1702322458571128;2450;6.129032258064516
2460;153.1907101657155;2460;63.429670094912559;2460;0.29297769096957305;2460;80.110463132253386;2460;6.1702322458571128;2460;6.1256752220221564
2470;153.30057679982909;2470;63.417462691122161;2470;0.32959990234076969;2470;80.189533815895729;2470;6.1702322458571128;2470;6.1250648518326365
2480;153.2273323770867;2480;63.515121921445363;2480;0.30518509475997191;2480;80.149998474074565;2480;6.1702322458571128;2480;6.1272011474959562
2490;153.27616199224829;2490;63.576158940397356;2490;0.29297769096957305;2490;80.149998474074565;2490;6.1702322458571128;2490;6.1250648518326365
2500;153.1907101657155;2500;63.612781151768552;2500;0.29297769096957305;2500;80.110463132253386;2500;6.1702322458571128;2500;6.1259804071169164
2510;153.14188055055391;2510;63.637195959349349;2510;0.29297769096957305;2510;80.110463132253386;2510;6.1702322458571128;2510;6.1265907773064363
2520;153.28836939603869;2520;63.563951536606957;2520;0.26856288338877532;2520;80.110463132253386;2520;6.1702322458571128;2520;6.1299478133487959
2530;153.36161381878108;2530;63.429670094912559;2530;0.26856288338877532;2530;80.110463132253386;2530;6.1702322458571128;2530;6.1235389263588367
2540;153.32499160740988;2540;63.34421826837977;2540;0.30518509475997191;2540;80.149998474074565;2540;6.1702322458571128;2540;6.1256752220221564
2550;153.2273323770867;2550;63.417462691122161;2550;0.24414807580797754;2550;80.070927790432208;2550;6.1702322458571128;2550;6.1259804071169164
2560;153.32499160740988;2560;63.661610766930146;2560;0.21973326822717978;2560;80.110463132253386;2560;6.1702322458571128;2560;6.1253700369273965
2570;153.33719901120028;2570;63.576158940397356;2570;0.23194067201757868;2570;80.149998474074565;2570;6.1702322458571128;2570;6.1265907773064363
2580;153.25174718466749;2580;63.441877498702958;2580;0.24414807580797754;2580;80.149998474074565;2580;6.1702322458571128;2580;6.1265907773064363
2590;153.14188055055391;2590;63.466292306283755;2590;0.31739249855037077;2590;80.189533815895729;2590;6.1702322458571128;2590;6.1278115176854762
2600;153.11746574297311;2600;63.515121921445363;2600;0.31739249855037077;2600;80.189533815895729;2600;6.1702322458571128;2600;6.1238441114535966
2610;153.2029175695059;2610;63.551744132816559;2610;0.2563554795983764;2610;80.189533815895729;2610;6.1702322458571128;2610;6.1265907773064363
2620;153.27616199224829;2620;63.490707113864566;2620;0.2563554795983764;2620;80.149998474074565;2620;6.1702322458571128;2620;6.1241492965483566
2630;153.32499160740988;2630;63.588366344187754;2630;0.26856288338877532;2630;80.149998474074565;2630;6.1702322458571128;2630;6.1265907773064363
2640;153.28836939603869;2640;63.686025574510943;2640;0.2563554795983764;2640;80.149998474074565;2640;6.1702322458571128;2640;6.1272011474959562
2650;153.25174718466749;2650;63.686025574510943;2650;0.30518509475997191;2650;80.189533815895729;2650;6.1702322458571128;2650;6.1278115176854762
2660;153.10525833918271;2660;63.649403363139747;2660;0.30518509475997191;2660;80.149998474074565;2660;6.1702322458571128;2660;6.1265907773064363
2670;153.09305093539231;2670;63.588366344187754;2670;0.2563554795983764;2670;80.110463132253386;2670;6.1702322458571128;2670;6.1250648518326365
2680;153.2395397808771;2680;63.478499710074168;2680;0.2563554795983764;2680;80.070927790432208;2680;6.1702322458571128;2680;6.1272011474959562
2690;153.27616199224829;2690;63.551744132816559;2690;0.26856288338877532;2690;80.149998474074565;2690;6.1702322458571128;2690;6.1262855922116763
2700;153.15408795434431;2700;63.588366344187754;2700;0.29297769096957305;2700;80.149998474074565;2700;6.1702322458571128;2700;6.1265907773064363
2710;153.2395397808771;2710;63.588366344187754;2710;0.26856288338877532;2710;80.110463132253386;2710;6.1702322458571128;2710;6.1259804071169164
2720;153.26395458845789;2720;63.563951536606957;2720;0.24414807580797754;2720;80.149998474074565;2720;6.1702322458571128;2720;6.129032258064516
2730;153.1662953581347;2730;63.551744132816559;2730;0.24414807580797754;2730;80.149998474074565;2730;6.1702322458571128;2730;6.1241492965483566
2740;153.28836939603869;2740;63.563951536606957;2740;0.2563554795983764;2740;80.189533815895729;2740;6.1702322458571128;2740;6.1262855922116763
2750;153.26395458845789;2750;63.576158940397356;2750;0.30518509475997191;2750;80.110463132253386;2750;6.1702322458571128;2750;6.1272011474959562
2760;153.2395397808771;2760;63.661610766930146;2760;0.31739249855037077;2760;80.149998474074565;2760;6.1702322458571128;2760;6.1259804071169164
2770;153.25174718466749;2770;63.686025574510943;2770;0.26856288338877532;2770;80.110463132253386;2770;6.1702322458571128;2770;6.1262855922116763
2780;153.25174718466749;2780;63.734855189672537;2780;0.30518509475997191;2780;80.110463132253386;2780;6.1702322458571128;2780;6.1250648518326365
2790;153.1907101657155;2790;63.563951536606957;2790;0.30518509475997191;2790;80.149998474074565;2790;6.1702322458571128;2790;6.1275063325907162
2800;153.1907101657155;2800;63.478499710074168;2800;0.26856288338877532;2800;80.189533815895729;2800;6.1702322458571128;2800;6.1244544816431166
2810;153.27616199224829;2810;63.600573747978153;2810;0.26856288338877532;2810;80.149998474074565;2810;6.1702322458571128;2810;6.1272011474959562
2820;153.42265083773307;2820;63.783684804834131;2820;0.2563554795983764;2820;80.110463132253386;2820;6.1702322458571128;2820;6.1253700369273965
2830;153.39823603015228;2830;63.747062593462935;2830;0.26856288338877532;2830;80.149998474074565;2830;6.1702322458571128;2830;6.1265907773064363
2840;153.2395397808771;2840;63.637195959349349;2840;0.24414807580797754;2840;80.110463132253386;2840;6.1702322458571128;2840;6.1275063325907162
2850;153.2273323770867;2850;63.686025574510943;2850;0.2563554795983764;2850;80.110463132253386;2850;6.1702322458571128;2850;6.1275063325907162
2860;153.10525833918271;2860;63.612781151768552;2860;0.30518509475997191;2860;80.110463132253386;2860;6.1702322458571128;2860;6.1256752220221564
2870;153.15408795434431;2870;63.490707113864566;2870;0.30518509475997191;2870;80.110463132253386;2870;6.1702322458571128;2870;6.1244544816431166
2880;153.2029175695059;2880;63.527329325235762;2880;0.2563554795983764;2880;80.149998474074565;2880;6.1702322458571128;2880;6.1284218878749961
2890;153.27616199224829;2890;63.563951536606957;2890;0.26856288338877532;2890;80.149998474074565;2890;6.1702322458571128;2890;6.1265907773064363
2900;153.33719901120028;2900;63.588366344187754;2900;0.26856288338877532;2900;80.110463132253386;2900;6.1702322458571128;2900;6.1265907773064363
2910;153.32499160740988;2910;63.612781151768552;2910;0.24414807580797754;2910;80.110463132253386;2910;6.1702322458571128;2910;6.1262855922116763
2920;153.2395397808771;2920;63.576158940397356;2920;0.2563554795983764;2920;80.149998474074565;2920;6.1702322458571128;2920;6.1299478133487959
2930;153.33719901120028;2930;63.588366344187754;2930;0.26856288338877532;2930;80.070927790432208;2930;6.1702322458571128;2930;6.1250648518326365
2940;153.42265083773307;2940;63.551744132816559;2940;0.29297769096957305;2940;80.149998474074565;2940;6.1702322458571128;2940;6.1265907773064363
2950;153.34940641499068;2950;63.515121921445363;2950;0.26856288338877532;2950;80.189533815895729;2950;6.1702322458571128;2950;6.1281167027802361
2960;153.34940641499068;2960;63.600573747978153;2960;0.2563554795983764;2960;80.149998474074565;2960;6.1702322458571128;2960;6.1265907773064363
2970;153.26395458845789;2970;63.661610766930146;2970;0.23194067201757868;2970;80.110463132253386;2970;6.1702322458571128;2970;6.1272011474959562
2980;153.2029175695059;2980;63.734855189672537;2980;0.24414807580797754;2980;80.110463132253386;2980;6.1702322458571128;2980;6.1253700369273965
2990;153.11746574297311;2990;63.649403363139747;2990;0.26856288338877532;2990;80.110463132253386;2990;6.1702322458571128;2990;6.1281167027802361
3000;153.30057679982909;3000;63.600573747978153;3000;0.24414807580797754;3000;80.110463132253386;3000;6.1702322458571128;3000;6.1253700369273965
3010;153.28836939603869;3010;63.612781151768552;3010;0.26856288338877532;3010;80.149998474074565;3010;6.1702322458571128;3010;6.1265907773064363
3020;153.08084353160191;3020;63.588366344187754;3020;0.24414807580797754;3020;80.110463132253386;3020;6.1702322458571128;3020;6.1259804071169164
3030;153.1907101657155;3030;63.600573747978153;3030;0.2563554795983764;3030;80.149998474074565;3030;6.1702322458571128;3030;6.1278115176854762
3040;153.33719901120028;3040;63.600573747978153;3040;0.2563554795983764;3040;80.189533815895729;3040;6.1702322458571128;3040;6.1265907773064363
3050;153.36161381878108;3050;63.673818170720544;3050;0.29297769096957305;3050;80.189533815895729;3050;6.1702322458571128;3050;6.1275063325907162
3060;153.2273323770867;3060;63.686025574510943;3060;0.26856288338877532;3060;80.189533815895729;3060;6.1702322458571128;3060;6.1265907773064363
3070;153.25174718466749;3070;63.722647785882138;3070;0.21973326822717978;3070;80.149998474074565;3070;6.1702322458571128;3070;6.1235389263588367
3080;153.2395397808771;3080;63.698232978301341;3080;0.20752586443678089;3080;80.149998474074565;3080;6.1702322458571128;3080;6.1259804071169164
3090;153.2029175695059;3090;63.588366344187754;3090;0.24414807580797754;3090;80.149998474074565;3090;6.1702322458571128;3090;6.1259804071169164
3100;153.1785027619251;3100;63.600573747978153;3100;0.26856288338877532;3100;80.110463132253386;3100;6.1702322458571128;3100;6.1272011474959562
3110;153.2273323770867;3110;63.637195959349349;3110;0.26856288338877532;3110;80.110463132253386;3110;6.1702322458571128;3110;6.1262855922116763
3120;153.32499160740988;3120;63.686025574510943;3120;0.29297769096957305;3120;80.189533815895729;3120;6.1702322458571128;3120;6.129032258064516
3130;153.33719901120028;3130;63.686025574510943;3130;0.2563554795983764;3130;80.149998474074565;3130;6.1702322458571128;3130;6.1238441114535966
3140;153.37382122257148;3140;63.600573747978153;3140;0.30518509475997191;3140;80.189533815895729;3140;6.1702322458571128;3140;6.1262855922116763
3150;153.37382122257148;3150;63.686025574510943;3150;0.31739249855037077;3150;80.149998474074565;3150;6.1702322458571128;3150;6.1262855922116763
3160;153.32499160740988;3160;63.783684804834131;3160;0.29297769096957305;3160;80.149998474074565;3160;6.1702322458571128;3160;6.1259804071169164
3170;153.26395458845789;3170;63.612781151768552;3170;0.23194067201757868;3170;80.149998474074565;3170;6.1702322458571128;3170;6.1275063325907162
3180;153.1907101657155;3180;63.612781151768552;3180;0.26856288338877532;3180;80.149998474074565;3180;6.1702322458571128;3180;6.1272011474959562
3190;153.15408795434431;3190;63.747062593462935;3190;0.30518509475997191;3190;80.189533815895729;3190;6.1702322458571128;3190;6.1284218878749961
3200;153.27616199224829;3200;63.686025574510943;3200;0.24414807580797754;3200;80.149998474074565;3200;6.1702322458571128;3200;6.1241492965483566
3210;153.26395458845789;3210;63.686025574510943;3210;0.23194067201757868;3210;80.110463132253386;3210;6.1702322458571128;3210;6.1275063325907162
3220;153.28836939603869;3220;63.759269997253334;3220;0.2563554795983764;3220;80.110463132253386;3220;6.1702322458571128;3220;6.1244544816431166
3230;153.33719901120028;3230;63.820307016205327;3230;0.30518509475997191;3230;80.149998474074565;3230;6.1702322458571128;3230;6.1259804071169164
3240;153.37382122257148;3240;63.771477401043732;3240;0.26856288338877532;3240;80.110463132253386;3240;6.1702322458571128;3240;6.1272011474959562
3250;153.37382122257148;3250;63.673818170720544;3250;0.23194067201757868;3250;80.149998474074565;3250;6.1702322458571128;3250;6.1284218878749961
3260;153.30057679982909;3260;63.637195959349349;3260;0.24414807580797754;3260;80.149998474074565;3260;6.1702322458571128;3260;6.1281167027802361
3270;153.33719901120028;3270;63.698232978301341;3270;0.24414807580797754;3270;80.149998474074565;3270;6.1702322458571128;3270;6.1265907773064363
3280;153.25174718466749;3280;63.771477401043732;3280;0.23194067201757868;3280;80.110463132253386;3280;6.1702322458571128;3280;6.1284218878749961
3290;153.28836939603869;3290;63.759269997253334;3290;0.2563554795983764;3290;80.189533815895729;3290;6.1702322458571128;3290;6.1253700369273965
3300;153.30057679982909;3300;63.759269997253334;3300;0.29297769096957305;3300;80.189533815895729;3300;6.1702322458571128;3300;6.1278115176854762
3310;153.1662953581347;3310;63.771477401043732;3310;0.2563554795983764;3310;80.110463132253386;3310;6.1702322458571128;3310;6.1253700369273965
3320;153.08084353160191;3320;63.820307016205327;3320;0.2563554795983764;3320;80.149998474074565;3320;6.1702322458571128;3320;6.1272011474959562
3330;153.2029175695059;3330;63.808099612414928;3330;0.30518509475997191;3330;80.149998474074565;3330;6.1702322458571128;3330;6.1262855922116763
3340;153.1785027619251;3340;63.808099612414928;3340;0.34180730613116855;3340;80.110463132253386;3340;6.1702322458571128;3340;6.1278115176854762
3350;153.11746574297311;3350;63.832514419995725;3350;0.31739249855037077;3350;80.110463132253386;3350;6.1702322458571128;3350;6.1281167027802361
3360;153.2395397808771;3360;63.808099612414928;3360;0.2563554795983764;3360;80.189533815895729;3360;6.1702322458571128;3360;6.1284218878749961
3370;153.2395397808771;3370;63.698232978301341;3370;0.2563554795983764;3370;80.2290691577169;3370;6.1702322458571128;3370;6.1284218878749961
3380;153.1907101657155;3380;63.661610766930146;3380;0.2563554795983764;3380;80.189533815895729;3380;6.1702322458571128;3380;6.1256752220221564
3390;153.25174718466749;3390;63.783684804834131;3390;0.24414807580797754;3390;80.189533815895729;3390;6.1702322458571128;3390;6.1281167027802361
3400;153.34940641499068;3400;63.808099612414928;3400;0.2563554795983764;3400;80.149998474074565;3400;6.1702322458571128;3400;6.1244544816431166
3410;153.2273323770867;3410;63.734855189672537;3410;0.2563554795983764;3410;80.110463132253386;3410;6.1702322458571128;3410;6.1275063325907162
3420;153.15408795434431;3420;63.771477401043732;3420;0.29297769096957305;3420;80.110463132253386;3420;6.1702322458571128;3420;6.1256752220221564
3430;153.2029175695059;3430;63.783684804834131;3430;0.31739249855037077;3430;80.149998474074565;3430;6.1702322458571128;3430;6.1272011474959562
3440;153.26395458845789;3440;63.722647785882138;3440;0.31739249855037077;3440;80.149998474074565;3440;6.1702322458571128;3440;6.1284218878749961
3450;153.27616199224829;3450;63.747062593462935;3450;0.30518509475997191;3450;80.149998474074565;3450;6.1702322458571128;3450;6.129032258064516
3460;153.1785027619251;3460;63.808099612414928;3460;0.26856288338877532;3460;80.149998474074565;3460;6.1702322458571128;3460;6.129032258064516
3470;153.1785027619251;3470;63.783684804834131;3470;0.2563554795983764;3470;80.189533815895729;3470;6.1702322458571128;3470;6.1278115176854762
3480;153.2395397808771;3480;63.722647785882138;3480;0.23194067201757868;3480;80.149998474074565;3480;6.1702322458571128;3480;6.1284218878749961
3490;153.43485824152347;3490;63.734855189672537;3490;0.24414807580797754;3490;80.149998474074565;3490;6.1702322458571128;3490;6.1241492965483566
3500;153.33719901120028;3500;63.820307016205327;3500;0.2563554795983764;3500;80.149998474074565;3500;6.1702322458571128;3500;6.1265907773064363
3510;153.2029175695059;3510;63.771477401043732;3510;0.24414807580797754;3510;80.110463132253386;3510;6.1702322458571128;3510;6.1244544816431166
3520;153.1907101657155;3520;63.832514419995725;3520;0.2563554795983764;3520;80.189533815895729;3520;6.1702322458571128;3520;6.1265907773064363
3530;153.15408795434431;3530;63.832514419995725;3530;0.2563554795983764;3530;80.110463132253386;3530;6.1702322458571128;3530;6.1262855922116763
3540;153.14188055055391;3540;63.771477401043732;3540;0.2563554795983764;3540;80.149998474074565;3540;6.1702322458571128;3540;6.1281167027802361
3550;153.11746574297311;3550;63.820307016205327;3550;0.24414807580797754;3550;80.2290691577169;3550;6.1702322458571128;3550;6.1287270729697561
3560;153.1907101657155;3560;63.808099612414928;3560;0.24414807580797754;3560;80.189533815895729;3560;6.1702322458571128;3560;6.1272011474959562
3570;153.1662953581347;3570;63.734855189672537;3570;0.24414807580797754;3570;80.149998474074565;3570;6.1702322458571128;3570;6.1281167027802361
3580;153.32499160740988;3580;63.869136631366928;3580;0.26856288338877532;3580;80.149998474074565;3580;6.1702322458571128;3580;6.1253700369273965
3590;153.30057679982909;3590;64.01562547685171;3590;0.29297769096957305;3590;80.149998474074565;3590;6.1702322458571128;3590;6.1272011474959562
3600;153.28836939603869;3600;63.905758842738123;3600;0.2563554795983764;3600;80.110463132253386;3600;6.1702322458571128;3600;6.1265907773064363
3610;153.37382122257148;3610;63.771477401043732;3610;0.24414807580797754;3610;80.149998474074565;3610;6.1702322458571128;3610;6.1275063325907162
3620;153.25174718466749;3620;63.771477401043732;3620;0.2563554795983764;3620;80.189533815895729;3620;6.1702322458571128;3620;6.1262855922116763
3630;153.32499160740988;3630;63.832514419995725;3630;0.26856288338877532;3630;80.189533815895729;3630;6.1702322458571128;3630;6.1284218878749961
3640;153.38602862636188;3640;63.759269997253334;3640;0.23194067201757868;3640;80.110463132253386;3640;6.1702322458571128;3640;6.1265907773064363
3650;153.32499160740988;3650;63.832514419995725;3650;0.23194067201757868;3650;80.149998474074565;3650;6.1702322458571128;3650;6.1265907773064363
3660;153.30057679982909;3660;63.820307016205327;3660;0.26856288338877532;3660;80.189533815895729;3660;6.1702322458571128;3660;6.1275063325907162
3670;153.36161381878108;3670;63.856929227576522;3670;0.31739249855037077;3670;80.189533815895729;3670;6.1702322458571128;3670;6.1253700369273965
3680;153.32499160740988;3680;64.003418073061312;3680;0.26856288338877532;3680;80.189533815895729;3680;6.1702322458571128;3680;6.1272011474959562
3690;153.25174718466749;3690;64.027832880642109;3690;0.23194067201757868;3690;80.149998474074565;3690;6.1702322458571128;3690;6.1278115176854762
3700;153.2395397808771;3700;63.917966246528522;3700;0.24414807580797754;3700;80.149998474074565;3700;6.1702322458571128;3700;6.1299478133487959
3710;153.33719901120028;3710;63.771477401043732;3710;0.2563554795983764;3710;80.149998474074565;3710;6.1702322458571128;3710;6.1250648518326365
3720;153.44706564531387;3720;63.844721823786124;3720;0.31739249855037077;3720;80.110463132253386;3720;6.1702322458571128;3720;6.1278115176854762
3730;153.39823603015228;3730;63.893551438947725;3730;0.30518509475997191;3730;80.070927790432208;3730;6.1702322458571128;3730;6.1262855922116763
3740;153.32499160740988;3740;63.917966246528522;3740;0.26856288338877532;3740;80.149998474074565;3740;6.1702322458571128;3740;6.1262855922116763
3750;153.27616199224829;3750;63.917966246528522;3750;0.2563554795983764;3750;80.149998474074565;3750;6.1702322458571128;3750;6.1278115176854762
3760;153.32499160740988;3760;63.93017365031892;3760;0.26856288338877532;3760;80.110463132253386;3760;6.1702322458571128;3760;6.1278115176854762
3770;153.37382122257148;3770;63.905758842738123;3770;0.26856288338877532;3770;80.110463132253386;3770;6.1702322458571128;3770;6.129032258064516
3780;153.34940641499068;3780;63.93017365031892;3780;0.24414807580797754;3780;80.189533815895729;3780;6.1702322458571128;3780;6.1256752220221564
3790;153.1785027619251;3790;63.844721823786124;3790;0.2563554795983764;3790;80.189533815895729;3790;6.1702322458571128;3790;6.1281167027802361
3800;153.15408795434431;3800;63.759269997253334;3800;0.24414807580797754;3800;80.149998474074565;3800;6.1702322458571128;3800;6.1262855922116763
3810;153.1907101657155;3810;63.820307016205327;3810;0.24414807580797754;3810;80.189533815895729;3810;6.1702322458571128;3810;6.1281167027802361
3820;153.34940641499068;3820;63.783684804834131;3820;0.26856288338877532;3820;80.149998474074565;3820;6.1702322458571128;3820;6.1278115176854762
3830;153.42265083773307;3830;63.844721823786124;3830;0.2563554795983764;3830;80.110463132253386;3830;6.1702322458571128;3830;6.1287270729697561
3840;153.1662953581347;3840;63.917966246528522;3840;0.24414807580797754;3840;80.110463132253386;3840;6.1702322458571128;3840;6.1259804071169164
3850;153.1662953581347;3850;63.893551438947725;3850;0.23194067201757868;3850;80.149998474074565;3850;6.1702322458571128;3850;6.1250648518326365
3860;153.2273323770867;3860;63.844721823786124;3860;0.20752586443678089;3860;80.149998474074565;3860;6.1702322458571128;3860;6.1281167027802361
3870;153.11746574297311;3870;63.93017365031892;3870;0.23194067201757868;3870;80.110463132253386;3870;6.1702322458571128;3870;6.1272011474959562
3880;153.11746574297311;3880;63.93017365031892;3880;0.2563554795983764;3880;80.110463132253386;3880;6.1702322458571128;3880;6.1275063325907162
3890;153.2395397808771;3890;63.917966246528522;3890;0.2563554795983764;3890;80.149998474074565;3890;6.1702322458571128;3890;6.1278115176854762
3900;153.1785027619251;3900;63.856929227576522;3900;0.26856288338877532;3900;80.2290691577169;3900;6.1702322458571128;3900;6.1302529984435559
3910;153.32499160740988;3910;63.820307016205327;3910;0.2563554795983764;3910;80.189533815895729;3910;6.1702322458571128;3910;6.1250648518326365
3920;153.47148045289467;3920;63.869136631366928;3920;0.2563554795983764;3920;80.2290691577169;3920;6.1702322458571128;3920;6.1281167027802361
3930;153.39823603015228;3930;63.917966246528522;3930;0.26856288338877532;3930;80.149998474074565;3930;6.1702322458571128;3930;6.1272011474959562
3940;153.39823603015228;3940;63.991210669270913;3940;0.26856288338877532;3940;80.149998474074565;3940;6.1702322458571128;3940;6.1265907773064363
3950;153.28836939603869;3950;64.003418073061312;3950;0.23194067201757868;3950;80.149998474074565;3950;6.1702322458571128;3950;6.1284218878749961
3960;153.36161381878108;3960;63.991210669270913;3960;0.24414807580797754;3960;80.149998474074565;3960;6.1702322458571128;3960;6.1278115176854762
3970;153.34940641499068;3970;64.003418073061312;3970;0.24414807580797754;3970;80.149998474074565;3970;6.1702322458571128;3970;6.1299478133487959
3980;153.37382122257148;3980;64.01562547685171;3980;0.21973326822717978;3980;80.070927790432208;3980;6.1702322458571128;3980;6.1256752220221564
3990;153.27616199224829;3990;63.93017365031892;3990;0.24414807580797754;3990;80.149998474074565;3990;6.1702322458571128;3990;6.1278115176854762
4000;153.25174718466749;4000;63.954588457899717;4000;0.29297769096957305;4000;80.149998474074565;4000;6.1702322458571128;4000;6.1272011474959562
4010;153.28836939603869;4010;64.003418073061312;4010;0.29297769096957305;4010;80.110463132253386;4010;6.1702322458571128;4010;6.1287270729697561
4020;153.26395458845789;4020;63.942381054109319;4020;0.26856288338877532;4020;80.149998474074565;4020;6.1702322458571128;4020;6.1287270729697561
4030;153.38602862636188;4030;63.979003265480515;4030;0.29297769096957305;4030;80.2290691577169;4030;6.1702322458571128;4030;6.1302529984435559
4040;153.33719901120028;4040;63.942381054109319;4040;0.2563554795983764;4040;80.149998474074565;4040;6.1702322458571128;4040;6.1278115176854762
4050;153.27616199224829;4050;63.942381054109319;4050;0.24414807580797754;4050;80.110463132253386;4050;6.1702322458571128;4050;6.1250648518326365
4060;153.1907101657155;4060;63.954588457899717;4060;0.2563554795983764;4060;80.189533815895729;4060;6.1702322458571128;4060;6.1278115176854762
4070;153.1785027619251;4070;63.893551438947725;4070;0.30518509475997191;4070;80.189533815895729;4070;6.1702322458571128;4070;6.1287270729697561
4080;153.2273323770867;4080;63.991210669270913;4080;0.29297769096957305;4080;80.149998474074565;4080;6.1702322458571128;4080;6.1287270729697561
4090;153.33719901120028;4090;63.979003265480515;4090;0.26856288338877532;4090;80.149998474074565;4090;6.1702322458571128;4090;6.1256752220221564
4100;153.27616199224829;4100;63.979003265480515;4100;0.26856288338877532;4100;80.189533815895729;4100;6.1702322458571128;4100;6.129032258064516
4110;153.10525833918271;4110;63.991210669270913;4110;0.26856288338877532;4110;80.149998474074565;4110;6.1702322458571128;4110;6.1256752220221564
4120;153.2395397808771;4120;63.905758842738123;4120;0.26856288338877532;4120;80.189533815895729;4120;6.1702322458571128;4120;6.1265907773064363
4130;153.2395397808771;4130;63.856929227576522;4130;0.2563554795983764;4130;80.189533815895729;4130;6.1702322458571128;4130;6.1281167027802361
4140;153.2029175695059;4140;63.942381054109319;4140;0.29297769096957305;4140;80.189533815895729;4140;6.1702322458571128;4140;6.1275063325907162
4150;153.2395397808771;4150;63.991210669270913;4150;0.29297769096957305;4150;80.149998474074565;4150;6.1702322458571128;4150;6.1281167027802361
4160;153.25174718466749;4160;63.979003265480515;4160;0.2563554795983764;4160;80.149998474074565;4160;6.1702322458571128;4160;6.1265907773064363
4170;153.28836939603869;4170;63.954588457899717;4170;0.2563554795983764;4170;80.189533815895729;4170;6.1702322458571128;4170;6.129032258064516
4180;153.32499160740988;4180;63.905758842738123;4180;0.29297769096957305;4180;80.2290691577169;4180;6.1702322458571128;4180;6.1241492965483566
4190;153.2395397808771;4190;63.93017365031892;4190;0.30518509475997191;4190;80.189533815895729;4190;6.1702322458571128;4190;6.1259804071169164
4200;153.1662953581347;4200;63.93017365031892;4200;0.29297769096957305;4200;80.149998474074565;4200;6.1702322458571128;4200;6.1272011474959562
4210;153.1662953581347;4210;63.942381054109319;4210;0.29297769096957305;4210;80.189533815895729;4210;6.1702322458571128;4210;6.1287270729697561
4220;153.1907101657155;4220;63.954588457899717;4220;0.2563554795983764;4220;80.110463132253386;4220;6.1702322458571128;4220;6.1278115176854762
4230;153.27616199224829;4230;63.93017365031892;4230;0.2563554795983764;4230;80.189533815895729;4230;6.1702322458571128;4230;6.1278115176854762
4240;153.32499160740988;4240;63.979003265480515;4240;0.26856288338877532;4240;80.189533815895729;4240;6.1702322458571128;4240;6.1272011474959562
4250;153.32499160740988;4250;64.01562547685171;4250;0.26856288338877532;4250;80.110463132253386;4250;6.1702322458571128;4250;6.1250648518326365
4260;153.1662953581347;4260;63.893551438947725;4260;0.24414807580797754;4260;80.110463132253386;4260;6.1702322458571128;4260;6.1275063325907162
4270;153.28836939603869;4270;63.844721823786124;4270;0.29297769096957305;4270;80.149998474074565;4270;6.1702322458571128;4270;6.1284218878749961
4280;153.33719901120028;4280;63.893551438947725;4280;0.35401470992156742;4280;80.110463132253386;4280;6.1702322458571128;4280;6.1302529984435559
4290;153.2395397808771;4290;63.893551438947725;4290;0.34180730613116855;4290;80.110463132253386;4290;6.1702322458571128;4290;6.1250648518326365
4300;153.27616199224829;4300;64.040040284432507;4300;0.30518509475997191;4300;80.149998474074565;4300;6.1702322458571128;4300;6.1281167027802361
4310;153.25174718466749;4310;64.027832880642109;4310;0.26856288338877532;4310;80.110463132253386;4310;6.1702322458571128;4310;6.1275063325907162
4320;153.26395458845789;4320;63.93017365031892;4320;0.29297769096957305;4320;80.149998474074565;4320;6.1702322458571128;4320;6.1281167027802361
4330;153.27616199224829;4330;63.856929227576522;4330;0.24414807580797754;4330;80.070927790432208;4330;6.1702322458571128;4330;6.1281167027802361
4340;153.28836939603869;4340;63.893551438947725;4340;0.24414807580797754;4340;80.070927790432208;4340;6.1702322458571128;4340;6.1262855922116763
4350;153.25174718466749;4350;63.93017365031892;4350;0.24414807580797754;4350;80.110463132253386;4350;6.1702322458571128;4350;6.1275063325907162
4360;153.25174718466749;4360;63.942381054109319;4360;0.23194067201757868;4360;80.189533815895729;4360;6.1702322458571128;4360;6.1256752220221564
4370;153.1907101657155;4370;64.01562547685171;4370;0.2563554795983764;4370;80.189533815895729;4370;6.1702322458571128;4370;6.1265907773064363
4380;153.25174718466749;4380;64.01562547685171;4380;0.26856288338877532;4380;80.149998474074565;4380;6.1702322458571128;4380;6.1275063325907162
4390;153.33719901120028;4390;64.0888698995941;4390;0.2563554795983764;4390;80.110463132253386;4390;6.1702322458571128;4390;6.1308633686330758
4400;153.26395458845789;4400;64.0766624958037;4400;0.26856288338877532;4400;80.110463132253386;4400;6.1702322458571128;4400;6.1250648518326365
4410;153.26395458845789;4410;64.0644550920133;4410;0.31739249855037077;4410;80.189533815895729;4410;6.1702322458571128;4410;6.1262855922116763
4420;153.26395458845789;4420;63.979003265480515;4420;0.29297769096957305;4420;80.149998474074565;4420;6.1702322458571128;4420;6.1287270729697561
4430;153.28836939603869;4430;63.869136631366928;4430;0.26856288338877532;4430;80.189533815895729;4430;6.1702322458571128;4430;6.1281167027802361
4440;153.28836939603869;4440;63.905758842738123;4440;0.29297769096957305;4440;80.189533815895729;4440;6.1702322458571128;4440;6.1281167027802361
4450;153.25174718466749;4450;64.01562547685171;4450;0.26856288338877532;4450;80.189533815895729;4450;6.1702322458571128;4450;6.1256752220221564
4460;153.2029175695059;4460;64.1132847071749;4460;0.29297769096957305;4460;80.149998474074565;4460;6.1702322458571128;4460;6.1275063325907162
4470;153.26395458845789;4470;64.01562547685171;4470;0.31739249855037077;4470;80.149998474074565;4470;6.1702322458571128;4470;6.1275063325907162
4480;153.25174718466749;4480;63.869136631366928;4480;0.31739249855037077;4480;80.189533815895729;4480;6.1702322458571128;4480;6.1287270729697561
4490;153.1785027619251;4490;63.979003265480515;4490;0.29297769096957305;4490;80.149998474074565;4490;6.1702322458571128;4490;6.1265907773064363
4500;153.25174718466749;4500;64.01562547685171;4500;0.26856288338877532;4500;80.189533815895729;4500;6.1702322458571128;4500;6.129032258064516
4510;153.33719901120028;4510;63.954588457899717;4510;0.23194067201757868;4510;80.189533815895729;4510;6.1702322458571128;4510;6.1253700369273965
4520;153.26395458845789;4520;64.040040284432507;4520;0.24414807580797754;4520;80.189533815895729;4520;6.1702322458571128;4520;6.1253700369273965
4530;153.25174718466749;4530;63.991210669270913;4530;0.2563554795983764;4530;80.189533815895729;4530;6.1702322458571128;4530;6.1278115176854762
4540;153.2273323770867;4540;64.040040284432507;4540;0.31739249855037077;4540;80.149998474074565;4540;6.1702322458571128;4540;6.1281167027802361
4550;153.2029175695059;4550;64.0888698995941;4550;0.31739249855037077;4550;80.149998474074565;4550;6.1702322458571128;4550;6.1287270729697561
4560;153.34940641499068;4560;64.003418073061312;4560;0.30518509475997191;4560;80.149998474074565;4560;6.1702322458571128;4560;6.1250648518326365
4570;153.30057679982909;4570;64.0766624958037;4570;0.31739249855037077;4570;80.149998474074565;4570;6.1702322458571128;4570;6.1275063325907162
4580;153.25174718466749;4580;64.040040284432507;4580;0.26856288338877532;4580;80.189533815895729;4580;6.1702322458571128;4580;6.1241492965483566
4590;153.2029175695059;4590;63.942381054109319;4590;0.2563554795983764;4590;80.189533815895729;4590;6.1702322458571128;4590;6.1262855922116763
4600;153.1785027619251;4600;63.917966246528522;4600;0.29297769096957305;4600;80.189533815895729;4600;6.1702322458571128;4600;6.1281167027802361
4610;153.1662953581347;4610;63.917966246528522;4610;0.30518509475997191;4610;80.2290691577169;4610;6.1702322458571128;4610;6.1296426282540359
4620;153.2029175695059;4620;63.917966246528522;4620;0.2563554795983764;4620;80.189533815895729;4620;6.1702322458571128;4620;6.1272011474959562
4630;153.26395458845789;4630;63.954588457899717;4630;0.2563554795983764;4630;80.149998474074565;4630;6.1702322458571128;4630;6.1256752220221564
4640;153.1785027619251;4640;63.856929227576522;4640;0.26856288338877532;4640;80.149998474074565;4640;6.1702322458571128;4640;6.1275063325907162
4650;153.25174718466749;4650;63.905758842738123;4650;0.31739249855037077;4650;80.189533815895729;4650;6.1702322458571128;4650;6.1259804071169164
4660;153.27616199224829;4660;64.040040284432507;4660;0.29297769096957305;4660;80.189533815895729;4660;6.1702322458571128;4660;6.1275063325907162
4670;153.36161381878108;4670;64.01562547685171;4670;0.29297769096957305;4670;80.149998474074565;4670;6.1702322458571128;4670;6.1281167027802361
4680;153.37382122257148;4680;63.905758842738123;4680;0.26856288338877532;4680;80.110463132253386;4680;6.1702322458571128;4680;6.1305581835383158
4690;153.33719901120028;4690;63.869136631366928;4690;0.29297769096957305;4690;80.110463132253386;4690;6.1702322458571128;4690;6.1250648518326365
4700;153.32499160740988;4700;63.979003265480515;4700;0.29297769096957305;4700;80.189533815895729;4700;6.1702322458571128;4700;6.1272011474959562
4710;153.27616199224829;4710;64.01562547685171;4710;0.23194067201757868;4710;80.189533815895729;4710;6.1702322458571128;4710;6.1278115176854762
4720;153.28836939603869;4720;64.01562547685171;4720;0.26856288338877532;4720;80.189533815895729;4720;6.1702322458571128;4720;6.1281167027802361
4730;153.32499160740988;4730;63.942381054109319;4730;0.26856288338877532;4730;80.149998474074565;4730;6.1702322458571128;4730;6.1281167027802361
4740;153.39823603015228;4740;63.93017365031892;4740;0.2563554795983764;4740;80.110463132253386;4740;6.1702322458571128;4740;6.1256752220221564
4750;153.37382122257148;4750;64.01562547685171;4750;0.30518509475997191;4750;80.149998474074565;4750;6.1702322458571128;4750;6.1278115176854762
4760;153.43485824152347;4760;64.01562547685171;4760;0.34180730613116855;4760;80.149998474074565;4760;6.1702322458571128;4760;6.1265907773064363
4770;153.43485824152347;4770;63.856929227576522;4770;0.35401470992156742;4770;80.189533815895729;4770;6.1702322458571128;4770;6.1278115176854762
4780;153.27616199224829;4780;63.93017365031892;4780;0.31739249855037077;4780;80.189533815895729;4780;6.1702322458571128;4780;6.1275063325907162
4790;153.1907101657155;4790;63.905758842738123;4790;0.26856288338877532;4790;80.189533815895729;4790;6.1702322458571128;4790;6.1302529984435559
4800;153.25174718466749;4800;63.832514419995725;4800;0.2563554795983764;4800;80.149998474074565;4800;6.1702322458571128;4800;6.1253700369273965
4810;153.39823603015228;4810;63.917966246528522;4810;0.24414807580797754;4810;80.149998474074565;4810;6.1702322458571128;4810;6.1256752220221564
4820;153.33719901120028;4820;63.917966246528522;4820;0.26856288338877532;4820;80.149998474074565;4820;6.1702322458571128;4820;6.1281167027802361
4830;153.25174718466749;4830;63.954588457899717;4830;0.26856288338877532;4830;80.149998474074565;4830;6.1702322458571128;4830;6.1272011474959562
4840;153.2273323770867;4840;63.954588457899717;4840;0.2563554795983764;4840;80.149998474074565;4840;6.1702322458571128;4840;6.1284218878749961
4850;153.33719901120028;4850;63.979003265480515;4850;0.29297769096957305;4850;80.2290691577169;4850;6.1702322458571128;4850;6.1259804071169164
4860;153.25174718466749;4860;64.027832880642109;4860;0.24414807580797754;4860;80.2290691577169;4860;6.1702322458571128;4860;6.1284218878749961
4870;153.26395458845789;4870;64.01562547685171;4870;0.23194067201757868;4870;80.189533815895729;4870;6.1702322458571128;4870;6.1262855922116763
4880;153.39823603015228;4880;63.991210669270913;4880;0.2563554795983764;4880;80.189533815895729;4880;6.1702322458571128;4880;6.1278115176854762
4890;153.39823603015228;4890;63.93017365031892;4890;0.2563554795983764;4890;80.189533815895729;4890;6.1702322458571128;4890;6.1275063325907162
4900;153.28836939603869;4900;63.917966246528522;4900;0.31739249855037077;4900;80.268604499538085;4900;6.1702322458571128;4900;6.1287270729697561
4910;153.26395458845789;4910;63.954588457899717;4910;0.31739249855037077;4910;80.189533815895729;4910;6.1702322458571128;4910;6.1262855922116763
4920;153.28836939603869;4920;64.01562547685171;4920;0.29297769096957305;4920;80.149998474074565;4920;6.1702322458571128;4920;6.1250648518326365
4930;153.26395458845789;4930;63.942381054109319;4930;0.29297769096957305;4930;80.149998474074565;4930;6.1702322458571128;4930;6.1281167027802361
4940;153.27616199224829;4940;63.979003265480515;4940;0.29297769096957305;4940;80.149998474074565;4940;6.1702322458571128;4940;6.1265907773064363
4950;153.25174718466749;4950;63.905758842738123;4950;0.29297769096957305;4950;80.189533815895729;4950;6.1702322458571128;4950;6.1275063325907162
4960;153.26395458845789;4960;63.893551438947725;4960;0.24414807580797754;4960;80.189533815895729;4960;6.1702322458571128;4960;6.1278115176854762
4970;153.26395458845789;4970;63.954588457899717;4970;0.26856288338877532;4970;80.189533815895729;4970;6.1702322458571128;4970;6.1302529984435559
4980;153.30057679982909;4980;63.869136631366928;4980;0.2563554795983764;4980;80.189533815895729;4980;6.1702322458571128;4980;6.1256752220221564
4990;153.27616199224829;4990;63.991210669270913;4990;0.2563554795983764;4990;80.149998474074565;4990;6.1702322458571128;4990;6.1278115176854762
5000;153.2395397808771;5000;64.027832880642109;5000;0.26856288338877532;5000;80.149998474074565;5000;6.1702322458571128;5000;6.1259804071169164
5010;153.26395458845789;5010;63.93017365031892;5010;0.26856288338877532;5010;80.189533815895729;5010;6.1702322458571128;5010;6.1256752220221564
5020;153.2029175695059;5020;63.954588457899717;5020;0.2563554795983764;5020;80.149998474074565;5020;6.1702322458571128;5020;6.1284218878749961
5030;153.26395458845789;5030;63.991210669270913;5030;0.26856288338877532;5030;80.189533815895729;5030;6.1702322458571128;5030;6.1278115176854762
5040;153.1907101657155;5040;64.003418073061312;5040;0.26856288338877532;5040;80.189533815895729;5040;6.1702322458571128;5040;6.1281167027802361
5050;153.2273323770867;5050;64.01562547685171;5050;0.2563554795983764;5050;80.149998474074565;5050;6.1702322458571128;5050;6.1281167027802361
5060;153.34940641499068;5060;64.0644550920133;5060;0.24414807580797754;5060;80.110463132253386;5060;6.1702322458571128;5060;6.1305581835383158
5070;153.36161381878108;5070;64.003418073061312;5070;0.24414807580797754;5070;80.110463132253386;5070;6.1702322458571128;5070;6.1262855922116763
5080;153.27616199224829;5080;64.027832880642109;5080;0.29297769096957305;5080;80.149998474074565;5080;6.1702322458571128;5080;6.129032258064516
5090;153.2395397808771;5090;64.174321726126891;5090;0.24414807580797754;5090;80.110463132253386;5090;6.1702322458571128;5090;6.1253700369273965
5100;153.2273323770867;5100;64.1254921109653;5100;0.24414807580797754;5100;80.189533815895729;5100;6.1702322458571128;5100;6.1259804071169164
5110;153.1785027619251;5110;63.991210669270913;5110;0.30518509475997191;5110;80.268604499538085;5110;6.1702322458571128;5110;6.1272011474959562
5120;153.26395458845789;5120;64.01562547685171;5120;0.30518509475997191;5120;80.2290691577169;5120;6.1702322458571128;5120;6.1250648518326365
5130;153.1907101657155;5130;63.954588457899717;5130;0.2563554795983764;5130;80.149998474074565;5130;6.1702322458571128;5130;6.1284218878749961
5140;153.2029175695059;5140;64.003418073061312;5140;0.2563554795983764;5140;80.149998474074565;5140;6.1702322458571128;5140;6.1287270729697561
5150;153.14188055055391;5150;64.040040284432507;5150;0.26856288338877532;5150;80.189533815895729;5150;6.1702322458571128;5150;6.1287270729697561
5160;153.1785027619251;5160;64.01562547685171;5160;0.24414807580797754;5160;80.189533815895729;5160;6.1702322458571128;5160;6.1259804071169164
5170;153.27616199224829;5170;64.01562547685171;5170;0.24414807580797754;5170;80.189533815895729;5170;6.1702322458571128;5170;6.1299478133487959
5180;153.14188055055391;5180;63.979003265480515;5180;0.23194067201757868;5180;80.149998474074565;5180;6.1702322458571128;5180;6.1253700369273965
5190;153.2029175695059;5190;63.979003265480515;5190;0.23194067201757868;5190;80.149998474074565;5190;6.1702322458571128;5190;6.1265907773064363
5200;153.2395397808771;5200;64.027832880642109;5200;0.23194067201757868;5200;80.110463132253386;5200;6.1702322458571128;5200;6.1265907773064363
5210;153.1785027619251;5210;64.1499069185461;5210;0.2563554795983764;5210;80.149998474074565;5210;6.1702322458571128;5210;6.1256752220221564
5220;153.14188055055391;5220;64.040040284432507;5220;0.26856288338877532;5220;80.189533815895729;5220;6.1702322458571128;5220;6.1281167027802361
5230;153.1662953581347;5230;64.027832880642109;5230;0.30518509475997191;5230;80.189533815895729;5230;6.1702322458571128;5230;6.1281167027802361
5240;153.2029175695059;5240;64.0766624958037;5240;0.29297769096957305;5240;80.149998474074565;5240;6.1702322458571128;5240;6.129032258064516
5250;153.28836939603869;5250;64.027832880642109;5250;0.30518509475997191;5250;80.110463132253386;5250;6.1702322458571128;5250;6.1241492965483566
5260;153.37382122257148;5260;63.991210669270913;5260;0.26856288338877532;5260;80.189533815895729;5260;6.1702322458571128;5260;6.1272011474959562
5270;153.38602862636188;5270;63.942381054109319;5270;0.2563554795983764;5270;80.189533815895729;5270;6.1702322458571128;5270;6.1262855922116763
5280;153.39823603015228;5280;64.027832880642109;5280;0.29297769096957305;5280;80.189533815895729;5280;6.1702322458571128;5280;6.1275063325907162
5290;153.36161381878108;5290;64.0888698995941;5290;0.24414807580797754;5290;80.149998474074565;5290;6.1702322458571128;5290;6.1275063325907162
5300;153.33719901120028;5300;64.027832880642109;5300;0.26856288338877532;5300;80.149998474074565;5300;6.1702322458571128;5300;6.1284218878749961
5310;153.37382122257148;5310;63.917966246528522;5310;0.2563554795983764;5310;80.149998474074565;5310;6.1702322458571128;5310;6.1272011474959562
5320;153.38602862636188;5320;63.942381054109319;5320;0.2563554795983764;5320;80.149998474074565;5320;6.1702322458571128;5320;6.1244544816431166
5330;153.32499160740988;5330;63.905758842738123;5330;0.26856288338877532;5330;80.189533815895729;5330;6.1702322458571128;5330;6.1272011474959562
5340;153.28836939603869;5340;63.869136631366928;5340;0.2563554795983764;5340;80.149998474074565;5340;6.1702322458571128;5340;6.1265907773064363
5350;153.2395397808771;5350;63.979003265480515;5350;0.26856288338877532;5350;80.149998474074565;5350;6.1702322458571128;5350;6.1275063325907162
5360;153.28836939603869;5360;64.0766624958037;5360;0.26856288338877532;5360;80.149998474074565;5360;6.1702322458571128;5360;6.1272011474959562
5370;153.36161381878108;5370;64.174321726126891;5370;0.29297769096957305;5370;80.149998474074565;5370;6.1702322458571128;5370;6.1308633686330758
5380;153.32499160740988;5380;64.18652912991729;5380;0.26856288338877532;5380;80.189533815895729;5380;6.1702322458571128;5380;6.1244544816431166
5390;153.2273323770867;5390;64.003418073061312;5390;0.29297769096957305;5390;80.189533815895729;5390;6.1702322458571128;5390;6.1256752220221564
5400;153.1662953581347;5400;63.893551438947725;5400;0.24414807580797754;5400;80.149998474074565;5400;6.1702322458571128;5400;6.1265907773064363
5410;153.1662953581347;5410;63.893551438947725;5410;0.26856288338877532;5410;80.149998474074565;5410;6.1702322458571128;5410;6.1250648518326365
5420;153.08084353160191;5420;63.893551438947725;5420;0.32959990234076969;5420;80.110463132253386;5420;6.1702322458571128;5420;6.1275063325907162
5430;153.2273323770867;5430;63.991210669270913;5430;0.29297769096957305;5430;80.110463132253386;5430;6.1702322458571128;5430;6.1284218878749961
5440;153.26395458845789;5440;63.979003265480515;5440;0.26856288338877532;5440;80.149998474074565;5440;6.1702322458571128;5440;6.1299478133487959
5450;153.26395458845789;5450;63.954588457899717;5450;0.30518509475997191;5450;80.189533815895729;5450;6.1702322458571128;5450;6.1244544816431166
5460;153.28836939603869;5460;64.01562547685171;5460;0.31739249855037077;5460;80.189533815895729;5460;6.1702322458571128;5460;6.1275063325907162
5470;153.14188055055391;5470;64.040040284432507;5470;0.26856288338877532;5470;80.110463132253386;5470;6.1702322458571128;5470;6.1256752220221564
5480;153.2029175695059;5480;64.003418073061312;5480;0.24414807580797754;5480;80.149998474074565;5480;6.1702322458571128;5480;6.1265907773064363
5490;153.32499160740988;5490;64.027832880642109;5490;0.26856288338877532;5490;80.189533815895729;5490;6.1702322458571128;5490;6.1275063325907162
5500;153.32499160740988;5500;64.003418073061312;5500;0.29297769096957305;5500;80.189533815895729;5500;6.1702322458571128;5500;6.1281167027802361
5510;153.32499160740988;5510;63.893551438947725;5510;0.26856288338877532;5510;80.189533815895729;5510;6.1702322458571128;5510;6.1278115176854762
5520;153.43485824152347;5520;63.991210669270913;5520;0.29297769096957305;5520;80.2290691577169;5520;6.1702322458571128;5520;6.1262855922116763
5530;153.32499160740988;5530;64.0644550920133;5530;0.30518509475997191;5530;80.149998474074565;5530;6.1702322458571128;5530;6.1278115176854762
5540;153.2395397808771;5540;63.942381054109319;5540;0.24414807580797754;5540;80.110463132253386;5540;6.1702322458571128;5540;6.1244544816431166
5550;153.27616199224829;5550;64.01562547685171;5550;0.24414807580797754;5550;80.189533815895729;5550;6.1702322458571128;5550;6.1275063325907162
5560;153.27616199224829;5560;64.0644550920133;5560;0.26856288338877532;5560;80.149998474074565;5560;6.1702322458571128;5560;6.1259804071169164
5570;153.33719901120028;5570;64.0644550920133;5570;0.30518509475997191;5570;80.189533815895729;5570;6.1702322458571128;5570;6.1275063325907162
5580;153.15408795434431;5580;64.1499069185461;5580;0.29297769096957305;5580;80.2290691577169;5580;6.1702322458571128;5580;6.1272011474959562
5590;153.10525833918271;5590;64.0888698995941;5590;0.2563554795983764;5590;80.2290691577169;5590;6.1702322458571128;5590;6.129032258064516
5600;153.25174718466749;5600;63.991210669270913;5600;0.26856288338877532;5600;80.149998474074565;5600;6.1702322458571128;5600;6.1272011474959562
5610;153.1907101657155;5610;64.0644550920133;5610;0.29297769096957305;5610;80.149998474074565;5610;6.1702322458571128;5610;6.1272011474959562
5620;153.15408795434431;5620;63.991210669270913;5620;0.2563554795983764;5620;80.110463132253386;5620;6.1702322458571128;5620;6.1275063325907162
5630;153.33719901120028;5630;63.869136631366928;5630;0.21973326822717978;5630;80.149998474074565;5630;6.1702322458571128;5630;6.1256752220221564
5640;153.33719901120028;5640;63.869136631366928;5640;0.2563554795983764;5640;80.110463132253386;5640;6.1702322458571128;5640;6.1265907773064363
5650;153.27616199224829;5650;63.905758842738123;5650;0.31739249855037077;5650;79.991857106789851;5650;6.1702322458571128;5650;6.1278115176854762
5660;153.32499160740988;5660;63.905758842738123;5660;0.34180730613116855;5660;80.149998474074565;5660;6.1702322458571128;5660;6.1308633686330758
5670;153.37382122257148;5670;63.905758842738123;5670;0.29297769096957305;5670;80.189533815895729;5670;6.1702322458571128;5670;6.1244544816431166
5680;153.38602862636188;5680;64.01562547685171;5680;0.2563554795983764;5680;80.149998474074565;5680;6.1702322458571128;5680;6.1272011474959562
5690;153.36161381878108;5690;63.991210669270913;5690;0.21973326822717978;5690;80.149998474074565;5690;6.1702322458571128;5690;6.1265907773064363
5700;153.26395458845789;5700;64.003418073061312;5700;0.2563554795983764;5700;80.189533815895729;5700;6.1702322458571128;5700;6.1272011474959562
5710;153.25174718466749;5710;63.979003265480515;5710;0.29297769096957305;5710;80.189533815895729;5710;6.1702322458571128;5710;6.1281167027802361
5720;153.2395397808771;5720;63.954588457899717;5720;0.26856288338877532;5720;80.2290691577169;5720;6.1702322458571128;5720;6.1256752220221564
5730;153.06863612781152;5730;63.942381054109319;5730;0.31739249855037077;5730;80.2290691577169;5730;6.1702322458571128;5730;6.1284218878749961
5740;153.1662953581347;5740;63.917966246528522;5740;0.32959990234076969;5740;80.189533815895729;5740;6.1702322458571128;5740;6.1275063325907162
5750;153.1662953581347;5750;63.869136631366928;5750;0.29297769096957305;5750;80.189533815895729;5750;6.1702322458571128;5750;6.1275063325907162
5760;153.08084353160191;5760;63.905758842738123;5760;0.2563554795983764;5760;80.149998474074565;5760;6.1702322458571128;5760;6.1265907773064363
5770;153.2395397808771;5770;63.991210669270913;5770;0.24414807580797754;5770;80.189533815895729;5770;6.1702322458571128;5770;6.1305581835383158
5780;153.28836939603869;5780;63.954588457899717;5780;0.24414807580797754;5780;80.149998474074565;5780;6.1702322458571128;5780;6.1253700369273965
5790;153.1662953581347;5790;63.979003265480515;5790;0.2563554795983764;5790;80.189533815895729;5790;6.1702322458571128;5790;6.1262855922116763
5800;153.1785027619251;5800;63.93017365031892;5800;0.30518509475997191;5800;80.189533815895729;5800;6.1702322458571128;5800;6.1287270729697561
5810;153.1785027619251;5810;63.917966246528522;5810;0.30518509475997191;5810;80.189533815895729;5810;6.1702322458571128;5810;6.1284218878749961
5820;153.06863612781152;5820;63.93017365031892;5820;0.24414807580797754;5820;80.149998474074565;5820;6.1702322458571128;5820;6.1284218878749961
5830;153.2029175695059;5830;63.893551438947725;5830;0.2563554795983764;5830;80.070927790432208;5830;6.1702322458571128;5830;6.1256752220221564
5840;153.25174718466749;5840;63.917966246528522;5840;0.30518509475997191;5840;80.149998474074565;5840;6.1702322458571128;5840;6.1281167027802361
5850;153.30057679982909;5850;63.93017365031892;5850;0.30518509475997191;5850;80.189533815895729;5850;6.1702322458571128;5850;6.1256752220221564
5860;153.43485824152347;5860;63.893551438947725;5860;0.26856288338877532;5860;80.189533815895729;5860;6.1702322458571128;5860;6.1272011474959562
5870;153.42265083773307;5870;63.844721823786124;5870;0.24414807580797754;5870;80.149998474074565;5870;6.1702322458571128;5870;6.1275063325907162
5880;153.33719901120028;5880;63.942381054109319;5880;0.2563554795983764;5880;80.189533815895729;5880;6.1702322458571128;5880;6.129032258064516
5890;153.2273323770867;5890;64.027832880642109;5890;0.24414807580797754;5890;80.110463132253386;5890;6.1702322458571128;5890;6.1253700369273965
5900;153.32499160740988;5900;64.040040284432507;5900;0.26856288338877532;5900;80.110463132253386;5900;6.1702322458571128;5900;6.1259804071169164
5910;153.32499160740988;5910;64.0644550920133;5910;0.30518509475997191;5910;80.110463132253386;5910;6.1702322458571128;5910;6.1275063325907162
5920;153.25174718466749;5920;64.01562547685171;5920;0.29297769096957305;5920;80.149998474074565;5920;6.1702322458571128;5920;6.1244544816431166
5930;153.27616199224829;5930;63.979003265480515;5930;0.30518509475997191;5930;80.189533815895729;5930;6.1702322458571128;5930;6.1275063325907162
5940;153.38602862636188;5940;64.003418073061312;5940;0.30518509475997191;5940;80.149998474074565;5940;6.1702322458571128;5940;6.1275063325907162
5950;153.39823603015228;5950;64.027832880642109;5950;0.24414807580797754;5950;80.189533815895729;5950;6.1702322458571128;5950;6.1284218878749961
5960;153.34940641499068;5960;63.954588457899717;5960;0.21973326822717978;5960;80.189533815895729;5960;6.1702322458571128;5960;6.1275063325907162
5970;153.26395458845789;5970;64.040040284432507;5970;0.23194067201757868;5970;80.189533815895729;5970;6.1702322458571128;5970;6.1302529984435559
5980;153.15408795434431;5980;64.0888698995941;5980;0.2563554795983764;5980;80.149998474074565;5980;6.1702322458571128;5980;6.1265907773064363
5990;153.1662953581347;5990;63.942381054109319;5990;0.30518509475997191;5990;80.2290691577169;5990;6.1702322458571128;5990;6.1275063325907162
6000;153.11746574297311;6000;63.856929227576522;6000;0.29297769096957305;6000;80.189533815895729;6000;6.1702322458571128;6000;6.1272011474959562
6010;153.1785027619251;6010;63.893551438947725;6010;0.26856288338877532;6010;80.149998474074565;6010;6.1702322458571128;6010;6.1259804071169164
6020;153.08084353160191;6020;63.93017365031892;6020;0.24414807580797754;6020;80.189533815895729;6020;6.1702322458571128;6020;6.1281167027802361
6030;153.10525833918271;6030;63.942381054109319;6030;0.24414807580797754;6030;80.149998474074565;6030;6.1702322458571128;6030;6.1284218878749961
6040;153.26395458845789;6040;63.979003265480515;6040;0.29297769096957305;6040;80.149998474074565;6040;6.1702322458571128;6040;6.1302529984435559
6050;153.28836939603869;6050;64.003418073061312;6050;0.26856288338877532;6050;80.110463132253386;6050;6.1702322458571128;6050;6.1244544816431166
6060;153.26395458845789;6060;63.954588457899717;6060;0.29297769096957305;6060;80.110463132253386;6060;6.1702322458571128;6060;6.1278115176854762
6070;153.27616199224829;6070;63.93017365031892;6070;0.26856288338877532;6070;80.070927790432208;6070;6.1702322458571128;6070;6.1256752220221564
6080;153.34940641499068;6080;64.0888698995941;6080;0.2563554795983764;6080;80.149998474074565;6080;6.1702322458571128;6080;6.1275063325907162
6090;153.34940641499068;6090;64.040040284432507;6090;0.2563554795983764;6090;80.149998474074565;6090;6.1702322458571128;6090;6.1296426282540359
6100;153.36161381878108;6100;64.003418073061312;6100;0.23194067201757868;6100;80.189533815895729;6100;6.1702322458571128;6100;6.129032258064516
6110;153.30057679982909;6110;64.0766624958037;6110;0.23194067201757868;6110;80.189533815895729;6110;6.1702322458571128;6110;6.1281167027802361
6120;153.37382122257148;6120;64.003418073061312;6120;0.26856288338877532;6120;80.149998474074565;6120;6.1702322458571128;6120;6.1259804071169164
6130;153.30057679982909;6130;63.954588457899717;6130;0.29297769096957305;6130;80.189533815895729;6130;6.1702322458571128;6130;6.1281167027802361
6140;153.26395458845789;6140;64.01562547685171;6140;0.26856288338877532;6140;80.189533815895729;6140;6.1702322458571128;6140;6.1253700369273965
6150;153.2273323770867;6150;64.0644550920133;6150;0.2563554795983764;6150;80.189533815895729;6150;6.1702322458571128;6150;6.1278115176854762
6160;153.1907101657155;6160;64.01562547685171;6160;0.23194067201757868;6160;80.149998474074565;6160;6.1702322458571128;6160;6.1278115176854762
6170;153.26395458845789;6170;64.003418073061312;6170;0.2563554795983764;6170;80.149998474074565;6170;6.1702322458571128;6170;6.1299478133487959
6180;153.30057679982909;6180;63.979003265480515;6180;0.29297769096957305;6180;80.149998474074565;6180;6.1702322458571128;6180;6.1265907773064363
6190;153.30057679982909;6190;63.979003265480515;6190;0.31739249855037077;6190;80.189533815895729;6190;6.1702322458571128;6190;6.1272011474959562
6200;153.14188055055391;6200;64.0644550920133;6200;0.32959990234076969;6200;80.189533815895729;6200;6.1702322458571128;6200;6.1272011474959562
6210;153.2395397808771;6210;64.01562547685171;6210;0.30518509475997191;6210;80.189533815895729;6210;6.1702322458571128;6210;6.1250648518326365
6220;153.28836939603869;6220;63.979003265480515;6220;0.29297769096957305;6220;80.149998474074565;6220;6.1702322458571128;6220;6.1278115176854762
6230;153.26395458845789;6230;63.991210669270913;6230;0.26856288338877532;6230;80.149998474074565;6230;6.1702322458571128;6230;6.1265907773064363
6240;153.27616199224829;6240;64.1010773033845;6240;0.2563554795983764;6240;80.110463132253386;6240;6.1702322458571128;6240;6.1278115176854762
6250;153.30057679982909;6250;64.1010773033845;6250;0.24414807580797754;6250;80.110463132253386;6250;6.1702322458571128;6250;6.1272011474959562
6260;153.28836939603869;6260;63.979003265480515;6260;0.29297769096957305;6260;80.189533815895729;6260;6.1702322458571128;6260;6.1302529984435559
6270;153.28836939603869;6270;64.003418073061312;6270;0.26856288338877532;6270;80.149998474074565;6270;6.1702322458571128;6270;6.1278115176854762
6280;153.27616199224829;6280;64.0888698995941;6280;0.29297769096957305;6280;80.149998474074565;6280;6.1702322458571128;6280;6.1287270729697561
6290;153.1662953581347;6290;64.0766624958037;6290;0.26856288338877532;6290;80.189533815895729;6290;6.1702322458571128;6290;6.1262855922116763
6300;153.27616199224829;6300;63.979003265480515;6300;0.29297769096957305;6300;80.189533815895729;6300;6.1702322458571128;6300;6.1244544816431166
6310;153.2029175695059;6310;63.832514419995725;6310;0.26856288338877532;6310;80.149998474074565;6310;6.1702322458571128;6310;6.1275063325907162
6320;153.2029175695059;6320;63.917966246528522;6320;0.2563554795983764;6320;80.149998474074565;6320;6.1702322458571128;6320;6.1265907773064363
6330;153.27616199224829;6330;64.0766624958037;6330;0.24414807580797754;6330;80.189533815895729;6330;6.1702322458571128;6330;6.1272011474959562
6340;153.32499160740988;6340;64.0644550920133;6340;0.26856288338877532;6340;80.2290691577169;6340;6.1702322458571128;6340;6.1278115176854762
6350;153.39823603015228;6350;64.027832880642109;6350;0.30518509475997191;6350;80.268604499538085;6350;6.1702322458571128;6350;6.1308633686330758
6360;153.38602862636188;6360;63.905758842738123;6360;0.2563554795983764;6360;80.189533815895729;6360;6.1702322458571128;6360;6.1256752220221564
6370;153.32499160740988;6370;63.979003265480515;6370;0.30518509475997191;6370;80.149998474074565;6370;6.1702322458571128;6370;6.1278115176854762
6380;153.1907101657155;6380;64.040040284432507;6380;0.29297769096957305;6380;80.149998474074565;6380;6.1702322458571128;6380;6.1262855922116763
6390;153.27616199224829;6390;63.991210669270913;6390;0.24414807580797754;6390;80.2290691577169;6390;6.1702322458571128;6390;6.1256752220221564
6400;153.26395458845789;6400;64.1254921109653;6400;0.23194067201757868;6400;80.189533815895729;6400;6.1702322458571128;6400;6.1287270729697561
6410;153.2029175695059;6410;64.0888698995941;6410;0.24414807580797754;6410;80.149998474074565;6410;6.1702322458571128;6410;6.1284218878749961
6420;153.15408795434431;6420;63.869136631366928;6420;0.26856288338877532;6420;80.189533815895729;6420;6.1702322458571128;6420;6.1284218878749961
6430;153.09305093539231;6430;63.942381054109319;6430;0.30518509475997191;6430;80.189533815895729;6430;6.1702322458571128;6430;6.1278115176854762
6440;153.2029175695059;6440;64.027832880642109;6440;0.32959990234076969;6440;80.189533815895729;6440;6.1702322458571128;6440;6.1308633686330758
6450;153.37382122257148;6450;63.979003265480515;6450;0.26856288338877532;6450;80.149998474074565;6450;6.1702322458571128;6450;6.1272011474959562
6460;153.28836939603869;6460;63.942381054109319;6460;0.24414807580797754;6460;80.189533815895729;6460;6.1702322458571128;6460;6.129032258064516
6470;153.2029175695059;6470;63.979003265480515;6470;0.23194067201757868;6470;80.189533815895729;6470;6.1702322458571128;6470;6.1265907773064363
6480;153.30057679982909;6480;64.0766624958037;6480;0.2563554795983764;6480;80.149998474074565;6480;6.1702322458571128;6480;6.1265907773064363
6490;153.33719901120028;6490;64.1132847071749;6490;0.30518509475997191;6490;80.149998474074565;6490;6.1702322458571128;6490;6.1275063325907162
6500;153.33719901120028;6500;64.1010773033845;6500;0.29297769096957305;6500;80.189533815895729;6500;6.1702322458571128;6500;6.1262855922116763
6510;153.25174718466749;6510;63.979003265480515;6510;0.2563554795983764;6510;80.189533815895729;6510;6.1702322458571128;6510;6.1281167027802361
6520;153.27616199224829;6520;63.954588457899717;6520;0.2563554795983764;6520;80.189533815895729;6520;6.1702322458571128;6520;6.1284218878749961
6530;153.36161381878108;6530;63.93017365031892;6530;0.2563554795983764;6530;80.189533815895729;6530;6.1702322458571128;6530;6.1299478133487959
6540;153.30057679982909;6540;63.917966246528522;6540;0.24414807580797754;6540;80.189533815895729;6540;6.1702322458571128;6540;6.1253700369273965
6550;153.25174718466749;6550;64.0766624958037;6550;0.2563554795983764;6550;80.189533815895729;6550;6.1702322458571128;6550;6.1287270729697561
6560;153.25174718466749;6560;64.01562547685171;6560;0.26856288338877532;6560;80.189533815895729;6560;6.1702322458571128;6560;6.1253700369273965
6570;153.33719901120028;6570;64.0644550920133;6570;0.26856288338877532;6570;80.2290691577169;6570;6.1702322458571128;6570;6.1265907773064363
6580;153.25174718466749;6580;64.1132847071749;6580;0.23194067201757868;6580;80.149998474074565;6580;6.1702322458571128;6580;6.1278115176854762
6590;153.15408795434431;6590;64.0644550920133;6590;0.2563554795983764;6590;80.149998474074565;6590;6.1702322458571128;6590;6.1259804071169164
6600;153.2395397808771;6600;64.0766624958037;6600;0.31739249855037077;6600;80.189533815895729;6600;6.1702322458571128;6600;6.1284218878749961
6610;153.32499160740988;6610;63.991210669270913;6610;0.31739249855037077;6610;80.189533815895729;6610;6.1702322458571128;6610;6.1299478133487959
6620;153.28836939603869;6620;63.942381054109319;6620;0.24414807580797754;6620;80.149998474074565;6620;6.1702322458571128;6620;6.1302529984435559
6630;153.28836939603869;6630;64.040040284432507;6630;0.24414807580797754;6630;80.189533815895729;6630;6.1702322458571128;6630;6.1256752220221564
6640;153.27616199224829;6640;64.1499069185461;6640;0.2563554795983764;6640;80.2290691577169;6640;6.1702322458571128;6640;6.129032258064516
6650;153.1785027619251;6650;64.0644550920133;6650;0.2563554795983764;6650;80.149998474074565;6650;6.1702322458571128;6650;6.1253700369273965
6660;153.1907101657155;6660;63.979003265480515;6660;0.26856288338877532;6660;80.149998474074565;6660;6.1702322458571128;6660;6.1275063325907162
6670;153.36161381878108;6670;64.0888698995941;6670;0.2563554795983764;6670;80.149998474074565;6670;6.1702322458571128;6670;6.1265907773064363
6680;153.34940641499068;6680;64.1499069185461;6680;0.29297769096957305;6680;80.189533815895729;6680;6.1702322458571128;6680;6.1256752220221564
6690;153.1785027619251;6690;64.003418073061312;6690;0.30518509475997191;6690;80.110463132253386;6690;6.1702322458571128;6690;6.1281167027802361
6700;153.14188055055391;6700;63.893551438947725;6700;0.29297769096957305;6700;80.149998474074565;6700;6.1702322458571128;6700;6.1281167027802361
6710;153.14188055055391;6710;64.01562547685171;6710;0.26856288338877532;6710;80.189533815895729;6710;6.1702322458571128;6710;6.1284218878749961
6720;153.25174718466749;6720;64.0644550920133;6720;0.2563554795983764;6720;80.149998474074565;6720;6.1702322458571128;6720;6.1253700369273965
6730;153.27616199224829;6730;63.979003265480515;6730;0.24414807580797754;6730;80.149998474074565;6730;6.1702322458571128;6730;6.129032258064516
6740;153.28836939603869;6740;64.01562547685171;6740;0.24414807580797754;6740;80.189533815895729;6740;6.1702322458571128;6740;6.1244544816431166
6750;153.26395458845789;6750;63.979003265480515;6750;0.24414807580797754;6750;80.189533815895729;6750;6.1702322458571128;6750;6.1262855922116763
6760;153.2273323770867;6760;63.942381054109319;6760;0.24414807580797754;6760;80.149998474074565;6760;6.1702322458571128;6760;6.1259804071169164
6770;153.37382122257148;6770;63.991210669270913;6770;0.26856288338877532;6770;80.189533815895729;6770;6.1702322458571128;6770;6.1262855922116763
6780;153.42265083773307;6780;63.954588457899717;6780;0.26856288338877532;6780;80.189533815895729;6780;6.1702322458571128;6780;6.1284218878749961
6790;153.33719901120028;6790;64.0644550920133;6790;0.2563554795983764;6790;80.189533815895729;6790;6.1702322458571128;6790;6.1278115176854762
6800;153.2273323770867;6800;64.0644550920133;6800;0.26856288338877532;6800;80.149998474074565;6800;6.1702322458571128;6800;6.1281167027802361
6810;153.1785027619251;6810;64.027832880642109;6810;0.29297769096957305;6810;80.189533815895729;6810;6.1702322458571128;6810;6.1275063325907162
6820;153.1662953581347;6820;64.0644550920133;6820;0.23194067201757868;6820;80.189533815895729;6820;6.1702322458571128;6820;6.1296426282540359
6830;153.25174718466749;6830;63.954588457899717;6830;0.24414807580797754;6830;80.149998474074565;6830;6.1702322458571128;6830;6.1253700369273965
6840;153.14188055055391;6840;63.954588457899717;6840;0.31739249855037077;6840;80.189533815895729;6840;6.1702322458571128;6840;6.1287270729697561
6850;153.14188055055391;6850;64.040040284432507;6850;0.30518509475997191;6850;80.149998474074565;6850;6.1702322458571128;6850;6.1253700369273965
6860;153.36161381878108;6860;64.0766624958037;6860;0.26856288338877532;6860;80.189533815895729;6860;6.1702322458571128;6860;6.1262855922116763
6870;153.33719901120028;6870;63.991210669270913;6870;0.2563554795983764;6870;80.149998474074565;6870;6.1702322458571128;6870;6.1281167027802361
6880;153.39823603015228;6880;63.942381054109319;6880;0.26856288338877532;6880;80.189533815895729;6880;6.1702322458571128;6880;6.1259804071169164
6890;153.2029175695059;6890;64.027832880642109;6890;0.26856288338877532;6890;80.189533815895729;6890;6.1702322458571128;6890;6.1278115176854762
6900;153.1907101657155;6900;64.0644550920133;6900;0.30518509475997191;6900;80.149998474074565;6900;6.1702322458571128;6900;6.1287270729697561
6910;153.30057679982909;6910;64.0888698995941;6910;0.34180730613116855;6910;80.110463132253386;6910;6.1702322458571128;6910;6.1287270729697561
6920;153.25174718466749;6920;64.1010773033845;6920;0.29297769096957305;6920;80.149998474074565;6920;6.1702322458571128;6920;6.1265907773064363
6930;153.34940641499068;6930;64.003418073061312;6930;0.24414807580797754;6930;80.2290691577169;6930;6.1702322458571128;6930;6.1299478133487959
6940;153.33719901120028;6940;63.954588457899717;6940;0.30518509475997191;6940;80.189533815895729;6940;6.1702322458571128;6940;6.1253700369273965
6950;153.2273323770867;6950;64.0888698995941;6950;0.32959990234076969;6950;80.189533815895729;6950;6.1702322458571128;6950;6.1281167027802361
6960;153.1907101657155;6960;64.0766624958037;6960;0.24414807580797754;6960;80.149998474074565;6960;6.1702322458571128;6960;6.1262855922116763
6970;153.1907101657155;6970;63.954588457899717;6970;0.21973326822717978;6970;80.189533815895729;6970;6.1702322458571128;6970;6.1253700369273965
6980;153.25174718466749;6980;63.979003265480515;6980;0.23194067201757868;6980;80.149998474074565;6980;6.1702322458571128;6980;6.1275063325907162
6990;153.34940641499068;6990;64.0644550920133;6990;0.24414807580797754;6990;80.110463132253386;6990;6.1702322458571128;6990;6.1253700369273965
7000;153.2273323770867;7000;63.942381054109319;7000;0.24414807580797754;7000;80.110463132253386;7000;6.1702322458571128;7000;6.1275063325907162
7010;153.27616199224829;7010;64.003418073061312;7010;0.29297769096957305;7010;80.110463132253386;7010;6.1702322458571128;7010;6.1272011474959562
7020;153.28836939603869;7020;64.0888698995941;7020;0.26856288338877532;7020;80.110463132253386;7020;6.1702322458571128;7020;6.1284218878749961
7030;153.33719901120028;7030;63.991210669270913;7030;0.26856288338877532;7030;80.110463132253386;7030;6.1702322458571128;7030;6.1272011474959562
7040;153.36161381878108;7040;64.0644550920133;7040;0.32959990234076969;7040;80.110463132253386;7040;6.1702322458571128;7040;6.1296426282540359
7050;153.1785027619251;7050;64.027832880642109;7050;0.2563554795983764;7050;80.110463132253386;7050;6.1702322458571128;7050;6.1287270729697561
7060;153.2273323770867;7060;64.003418073061312;7060;0.21973326822717978;7060;80.149998474074565;7060;6.1702322458571128;7060;6.1302529984435559
7070;153.28836939603869;7070;63.93017365031892;7070;0.23194067201757868;7070;80.149998474074565;7070;6.1702322458571128;7070;6.1287270729697561
7080;153.30057679982909;7080;63.942381054109319;7080;0.24414807580797754;7080;80.189533815895729;7080;6.1702322458571128;7080;6.1287270729697561
7090;153.27616199224829;7090;63.979003265480515;7090;0.26856288338877532;7090;80.149998474074565;7090;6.1702322458571128;7090;6.1296426282540359
7100;153.28836939603869;7100;64.003418073061312;7100;0.26856288338877532;7100;80.110463132253386;7100;6.1702322458571128;7100;6.1262855922116763
7110;153.27616199224829;7110;64.027832880642109;7110;0.26856288338877532;7110;80.149998474074565;7110;6.1702322458571128;7110;6.129032258064516
7120;153.26395458845789;7120;63.979003265480515;7120;0.26856288338877532;7120;80.149998474074565;7120;6.1702322458571128;7120;6.1253700369273965
7130;153.2273323770867;7130;63.942381054109319;7130;0.29297769096957305;7130;80.189533815895729;7130;6.1702322458571128;7130;6.1281167027802361
7140;153.25174718466749;7140;63.942381054109319;7140;0.2563554795983764;7140;80.189533815895729;7140;6.1702322458571128;7140;6.1256752220221564
7150;153.33719901120028;7150;64.01562547685171;7150;0.2563554795983764;7150;80.2290691577169;7150;6.1702322458571128;7150;6.1262855922116763
7160;153.25174718466749;7160;64.1132847071749;7160;0.26856288338877532;7160;80.149998474074565;7160;6.1702322458571128;7160;6.1262855922116763
7170;153.25174718466749;7170;64.1254921109653;7170;0.26856288338877532;7170;80.149998474074565;7170;6.1702322458571128;7170;6.1241492965483566
7180;153.26395458845789;7180;64.0644550920133;7180;0.31739249855037077;7180;80.149998474074565;7180;6.1702322458571128;7180;6.1278115176854762
7190;153.32499160740988;7190;64.040040284432507;7190;0.31739249855037077;7190;80.149998474074565;7190;6.1702322458571128;7190;6.1262855922116763
7200;153.27616199224829;7200;64.003418073061312;7200;0.2563554795983764;7200;80.189533815895729;7200;6.1702322458571128;7200;6.1281167027802361
7210;153.38602862636188;7210;64.01562547685171;7210;0.30518509475997191;7210;80.149998474074565;7210;6.1702322458571128;7210;6.1272011474959562
7220;153.39823603015228;7220;64.040040284432507;7220;0.26856288338877532;7220;80.189533815895729;7220;6.1702322458571128;7220;6.1278115176854762
7230;153.30057679982909;7230;64.040040284432507;7230;0.30518509475997191;7230;80.2290691577169;7230;6.1702322458571128;7230;6.1272011474959562
7240;153.28836939603869;7240;64.0888698995941;7240;0.32959990234076969;7240;80.2290691577169;7240;6.1702322458571128;7240;6.1299478133487959
7250;153.1907101657155;7250;64.003418073061312;7250;0.2563554795983764;7250;80.189533815895729;7250;6.1702322458571128;7250;6.1281167027802361
7260;153.1785027619251;7260;63.991210669270913;7260;0.35401470992156742;7260;80.149998474074565;7260;6.1702322458571128;7260;6.1287270729697561
7270;153.1907101657155;7270;63.991210669270913;7270;0.32959990234076969;7270;80.110463132253386;7270;6.1702322458571128;7270;6.1281167027802361
7280;153.25174718466749;7280;64.0766624958037;7280;0.29297769096957305;7280;80.110463132253386;7280;6.1702322458571128;7280;6.1250648518326365
7290;153.32499160740988;7290;64.0644550920133;7290;0.29297769096957305;7290;80.110463132253386;7290;6.1702322458571128;7290;6.1275063325907162
7300;153.44706564531387;7300;63.991210669270913;7300;0.2563554795983764;7300;80.149998474074565;7300;6.1702322458571128;7300;6.1250648518326365
7310;153.27616199224829;7310;64.01562547685171;7310;0.29297769096957305;7310;80.189533815895729;7310;6.1702322458571128;7310;6.1272011474959562
7320;153.2029175695059;7320;63.991210669270913;7320;0.30518509475997191;7320;80.149998474074565;7320;6.1702322458571128;7320;6.1259804071169164
7330;153.26395458845789;7330;63.991210669270913;7330;0.30518509475997191;7330;80.149998474074565;7330;6.1702322458571128;7330;6.1275063325907162
7340;153.2395397808771;7340;63.979003265480515;7340;0.2563554795983764;7340;80.149998474074565;7340;6.1702322458571128;7340;6.1278115176854762
7350;153.2029175695059;7350;64.0644550920133;7350;0.29297769096957305;7350;80.189533815895729;7350;6.1702322458571128;7350;6.1299478133487959
7360;153.1785027619251;7360;64.0766624958037;7360;0.26856288338877532;7360;80.149998474074565;7360;6.1702322458571128;7360;6.129032258064516
7370;153.1785027619251;7370;64.01562547685171;7370;0.23194067201757868;7370;80.189533815895729;7370;6.1702322458571128;7370;6.1284218878749961
7380;153.1662953581347;7380;63.954588457899717;7380;0.2563554795983764;7380;80.189533815895729;7380;6.1702322458571128;7380;6.1287270729697561
7390;153.2029175695059;7390;64.003418073061312;7390;0.30518509475997191;7390;80.110463132253386;7390;6.1702322458571128;7390;6.1281167027802361
7400;153.1907101657155;7400;64.1132847071749;7400;0.31739249855037077;7400;80.070927790432208;7400;6.1702322458571128;7400;6.1299478133487959
7410;153.33719901120028;7410;64.1010773033845;7410;0.29297769096957305;7410;80.110463132253386;7410;6.1702322458571128;7410;6.1262855922116763
7420;153.34940641499068;7420;63.93017365031892;7420;0.24414807580797754;7420;80.149998474074565;7420;6.1702322458571128;7420;6.1302529984435559
7430;153.1785027619251;7430;63.942381054109319;7430;0.2563554795983764;7430;80.149998474074565;7430;6.1702322458571128;7430;6.1256752220221564
7440;153.11746574297311;7440;64.0888698995941;7440;0.30518509475997191;7440;80.149998474074565;7440;6.1702322458571128;7440;6.1275063325907162
7450;153.1662953581347;7450;64.003418073061312;7450;0.29297769096957305;7450;80.110463132253386;7450;6.1702322458571128;7450;6.1272011474959562
7460;153.1785027619251;7460;63.954588457899717;7460;0.26856288338877532;7460;80.189533815895729;7460;6.1702322458571128;7460;6.1244544816431166
7470;153.2029175695059;7470;64.027832880642109;7470;0.24414807580797754;7470;80.189533815895729;7470;6.1702322458571128;7470;6.1278115176854762
7480;153.27616199224829;7480;64.162114322336492;7480;0.2563554795983764;7480;80.189533815895729;7480;6.1702322458571128;7480;6.1284218878749961
7490;153.25174718466749;7490;64.1254921109653;7490;0.26856288338877532;7490;80.149998474074565;7490;6.1702322458571128;7490;6.1281167027802361
7500;153.28836939603869;7500;64.1010773033845;7500;0.24414807580797754;7500;80.149998474074565;7500;6.1702322458571128;7500;6.1272011474959562
7510;153.28836939603869;7510;64.1254921109653;7510;0.2563554795983764;7510;80.189533815895729;7510;6.1702322458571128;7510;6.1305581835383158
7520;153.2395397808771;7520;64.0644550920133;7520;0.24414807580797754;7520;80.149998474074565;7520;6.1702322458571128;7520;6.1256752220221564
7530;153.25174718466749;7530;64.0644550920133;7530;0.2563554795983764;7530;80.149998474074565;7530;6.1702322458571128;7530;6.1281167027802361
7540;153.33719901120028;7540;64.0888698995941;7540;0.31739249855037077;7540;80.189533815895729;7540;6.1702322458571128;7540;6.1262855922116763
7550;153.27616199224829;7550;64.0644550920133;7550;0.30518509475997191;7550;80.189533815895729;7550;6.1702322458571128;7550;6.1256752220221564
7560;153.1907101657155;7560;64.1132847071749;7560;0.2563554795983764;7560;80.149998474074565;7560;6.1702322458571128;7560;6.1284218878749961
7570;153.28836939603869;7570;64.18652912991729;7570;0.29297769096957305;7570;80.189533815895729;7570;6.1702322458571128;7570;6.1278115176854762
7580;153.26395458845789;7580;64.003418073061312;7580;0.29297769096957305;7580;80.189533815895729;7580;6.1702322458571128;7580;6.1278115176854762
7590;153.28836939603869;7590;64.0644550920133;7590;0.29297769096957305;7590;80.2290691577169;7590;6.1702322458571128;7590;6.1284218878749961
7600;153.27616199224829;7600;64.1254921109653;7600;0.32959990234076969;7600;80.2290691577169;7600;6.1702322458571128;7600;6.1302529984435559
7610;153.34940641499068;7610;64.0888698995941;7610;0.31739249855037077;7610;80.189533815895729;7610;6.1702322458571128;7610;6.1275063325907162
7620;153.37382122257148;7620;64.198736533707688;7620;0.2563554795983764;7620;80.149998474074565;7620;6.1702322458571128;7620;6.1302529984435559
7630;153.2273323770867;7630;64.198736533707688;7630;0.24414807580797754;7630;80.149998474074565;7630;6.1702322458571128;7630;6.1265907773064363
7640;153.36161381878108;7640;64.198736533707688;7640;0.26856288338877532;7640;80.189533815895729;7640;6.1702322458571128;7640;6.1281167027802361
7650;153.39823603015228;7650;64.1010773033845;7650;0.26856288338877532;7650;80.149998474074565;7650;6.1702322458571128;7650;6.1265907773064363
7660;153.27616199224829;7660;64.01562547685171;7660;0.31739249855037077;7660;80.189533815895729;7660;6.1702322458571128;7660;6.1262855922116763
7670;153.1907101657155;7670;63.991210669270913;7670;0.31739249855037077;7670;80.189533815895729;7670;6.1702322458571128;7670;6.1278115176854762
7680;153.27616199224829;7680;64.040040284432507;7680;0.2563554795983764;7680;80.149998474074565;7680;6.1702322458571128;7680;6.1250648518326365
7690;153.25174718466749;7690;64.003418073061312;7690;0.2563554795983764;7690;80.149998474074565;7690;6.1702322458571128;7690;6.1275063325907162
7700;153.2273323770867;7700;63.917966246528522;7700;0.26856288338877532;7700;80.149998474074565;7700;6.1702322458571128;7700;6.1244544816431166
7710;153.25174718466749;7710;63.991210669270913;7710;0.26856288338877532;7710;80.189533815895729;7710;6.1702322458571128;7710;6.1278115176854762
7720;153.27616199224829;7720;64.0766624958037;7720;0.26856288338877532;7720;80.2290691577169;7720;6.1702322458571128;7720;6.1253700369273965
7730;153.30057679982909;7730;64.1010773033845;7730;0.29297769096957305;7730;80.2290691577169;7730;6.1702322458571128;7730;6.1265907773064363
7740;153.36161381878108;7740;64.01562547685171;7740;0.29297769096957305;7740;80.149998474074565;7740;6.1702322458571128;7740;6.1278115176854762
7750;153.27616199224829;7750;64.003418073061312;7750;0.26856288338877532;7750;80.189533815895729;7750;6.1702322458571128;7750;6.129032258064516
7760;153.15408795434431;7760;63.979003265480515;7760;0.26856288338877532;7760;80.149998474074565;7760;6.1702322458571128;7760;6.1281167027802361
7770;153.2029175695059;7770;63.979003265480515;7770;0.30518509475997191;7770;80.189533815895729;7770;6.1702322458571128;7770;6.1278115176854762
7780;153.2029175695059;7780;63.991210669270913;7780;0.26856288338877532;7780;80.189533815895729;7780;6.1702322458571128;7780;6.1284218878749961
7790;153.32499160740988;7790;64.040040284432507;7790;0.24414807580797754;7790;80.189533815895729;7790;6.1702322458571128;7790;6.1262855922116763
7800;153.2273323770867;7800;64.040040284432507;7800;0.26856288338877532;7800;80.2290691577169;7800;6.1702322458571128;7800;6.1284218878749961
7810;153.10525833918271;7810;64.1499069185461;7810;0.26856288338877532;7810;80.149998474074565;7810;6.1702322458571128;7810;6.1244544816431166
7820;153.1785027619251;7820;64.210943937498087;7820;0.2563554795983764;7820;80.189533815895729;7820;6.1702322458571128;7820;6.1281167027802361
7830;153.14188055055391;7830;64.1010773033845;7830;0.24414807580797754;7830;80.149998474074565;7830;6.1702322458571128;7830;6.1262855922116763
7840;153.15408795434431;7840;64.1132847071749;7840;0.24414807580797754;7840;80.189533815895729;7840;6.1702322458571128;7840;6.1272011474959562
7850;153.2395397808771;7850;64.0888698995941;7850;0.2563554795983764;7850;80.149998474074565;7850;6.1702322458571128;7850;6.1284218878749961
7860;153.25174718466749;7860;64.0888698995941;7860;0.26856288338877532;7860;80.189533815895729;7860;6.1702322458571128;7860;6.1281167027802361
7870;153.1785027619251;7870;64.1010773033845;7870;0.26856288338877532;7870;80.189533815895729;7870;6.1702322458571128;7870;6.1275063325907162
7880;153.2273323770867;7880;64.1499069185461;7880;0.2563554795983764;7880;80.110463132253386;7880;6.1702322458571128;7880;6.1275063325907162
7890;153.28836939603869;7890;64.210943937498087;7890;0.2563554795983764;7890;80.149998474074565;7890;6.1702322458571128;7890;6.1296426282540359
7900;153.36161381878108;7900;64.0644550920133;7900;0.24414807580797754;7900;80.2290691577169;7900;6.1702322458571128;7900;6.1244544816431166
7910;153.27616199224829;7910;63.991210669270913;7910;0.24414807580797754;7910;80.189533815895729;7910;6.1702322458571128;7910;6.1275063325907162
7920;153.2395397808771;7920;64.0644550920133;7920;0.29297769096957305;7920;80.149998474074565;7920;6.1702322458571128;7920;6.1250648518326365
7930;153.34940641499068;7930;64.162114322336492;7930;0.39063692129276406;7930;80.2290691577169;7930;6.1702322458571128;7930;6.1265907773064363
7940;153.25174718466749;7940;64.1132847071749;7940;0.34180730613116855;7940;80.2290691577169;7940;6.1702322458571128;7940;6.1262855922116763
7950;153.2273323770867;7950;64.1010773033845;7950;0.26856288338877532;7950;80.189533815895729;7950;6.1702322458571128;7950;6.1259804071169164
7960;153.26395458845789;7960;64.1132847071749;7960;0.2563554795983764;7960;80.149998474074565;7960;6.1702322458571128;7960;6.1278115176854762
7970;153.27616199224829;7970;64.1010773033845;7970;0.24414807580797754;7970;80.149998474074565;7970;6.1702322458571128;7970;6.1262855922116763
7980;153.26395458845789;7980;64.1010773033845;7980;0.26856288338877532;7980;80.149998474074565;7980;6.1702322458571128;7980;6.1281167027802361
7990;153.37382122257148;7990;64.003418073061312;7990;0.29297769096957305;7990;80.149998474074565;7990;6.1702322458571128;7990;6.1281167027802361
8000;153.39823603015228;8000;63.991210669270913;8000;0.2563554795983764;8000;80.149998474074565;8000;6.1702322458571128;8000;6.1284218878749961
8010;153.32499160740988;8010;64.027832880642109;8010;0.2563554795983764;8010;80.110463132253386;8010;6.1702322458571128;8010;6.1275063325907162
8020;153.30057679982909;8020;64.0888698995941;8020;0.29297769096957305;8020;80.149998474074565;8020;6.1702322458571128;8020;6.1302529984435559
8030;153.33719901120028;8030;64.1132847071749;8030;0.2563554795983764;8030;80.110463132253386;8030;6.1702322458571128;8030;6.1278115176854762
8040;153.30057679982909;8040;64.0766624958037;8040;0.24414807580797754;8040;80.110463132253386;8040;6.1702322458571128;8040;6.1296426282540359
8050;153.15408795434431;8050;64.003418073061312;8050;0.23194067201757868;8050;80.149998474074565;8050;6.1702322458571128;8050;6.1278115176854762
8060;153.25174718466749;8060;64.01562547685171;8060;0.2563554795983764;8060;80.189533815895729;8060;6.1702322458571128;8060;6.1275063325907162
8070;153.28836939603869;8070;63.93017365031892;8070;0.2563554795983764;8070;80.149998474074565;8070;6.1702322458571128;8070;6.1278115176854762
8080;153.32499160740988;8080;63.93017365031892;8080;0.24414807580797754;8080;80.149998474074565;8080;6.1702322458571128;8080;6.1265907773064363
8090;153.32499160740988;8090;64.0644550920133;8090;0.26856288338877532;8090;80.189533815895729;8090;6.1702322458571128;8090;6.1287270729697561
8100;153.36161381878108;8100;64.040040284432507;8100;0.26856288338877532;8100;80.189533815895729;8100;6.1702322458571128;8100;6.1238441114535966
8110;153.26395458845789;8110;64.0766624958037;8110;0.30518509475997191;8110;80.2290691577169;8110;6.1702322458571128;8110;6.1272011474959562
8120;153.2273323770867;8120;64.0644550920133;8120;0.26856288338877532;8120;80.189533815895729;8120;6.1702322458571128;8120;6.1250648518326365
8130;153.33719901120028;8130;64.040040284432507;8130;0.24414807580797754;8130;80.2290691577169;8130;6.1702322458571128;8130;6.1259804071169164
8140;153.25174718466749;8140;64.027832880642109;8140;0.30518509475997191;8140;80.2290691577169;8140;6.1702322458571128;8140;6.1275063325907162
8150;153.2029175695059;8150;64.040040284432507;8150;0.31739249855037077;8150;80.268604499538085;8150;6.1702322458571128;8150;6.1272011474959562
8160;153.2273323770867;8160;64.1254921109653;8160;0.24414807580797754;8160;80.189533815895729;8160;6.1702322458571128;8160;6.1275063325907162
8170;153.25174718466749;8170;64.210943937498087;8170;0.26856288338877532;8170;80.189533815895729;8170;6.1702322458571128;8170;6.1281167027802361
8180;153.2029175695059;8180;64.1254921109653;8180;0.26856288338877532;8180;80.149998474074565;8180;6.1702322458571128;8180;6.1287270729697561
8190;153.30057679982909;8190;64.1499069185461;8190;0.2563554795983764;8190;80.149998474074565;8190;6.1702322458571128;8190;6.1262855922116763
8200;153.34940641499068;8200;64.174321726126891;8200;0.2563554795983764;8200;80.189533815895729;8200;6.1702322458571128;8200;6.129032258064516
8210;153.27616199224829;8210;64.1132847071749;8210;0.2563554795983764;8210;80.149998474074565;8210;6.1702322458571128;8210;6.1241492965483566
8220;153.25174718466749;8220;64.1010773033845;8220;0.26856288338877532;8220;80.149998474074565;8220;6.1702322458571128;8220;6.1275063325907162
8230;153.15408795434431;8230;63.954588457899717;8230;0.2563554795983764;8230;80.149998474074565;8230;6.1702322458571128;8230;6.1259804071169164
8240;153.2395397808771;8240;64.027832880642109;8240;0.26856288338877532;8240;80.149998474074565;8240;6.1702322458571128;8240;6.1250648518326365
8250;153.34940641499068;8250;64.1010773033845;8250;0.26856288338877532;8250;80.110463132253386;8250;6.1702322458571128;8250;6.1278115176854762
8260;153.38602862636188;8260;64.1010773033845;8260;0.30518509475997191;8260;80.149998474074565;8260;6.1702322458571128;8260;6.1256752220221564
8270;153.38602862636188;8270;64.1010773033845;8270;0.32959990234076969;8270;80.149998474074565;8270;6.1702322458571128;8270;6.1272011474959562
8280;153.43485824152347;8280;64.0644550920133;8280;0.34180730613116855;8280;80.149998474074565;8280;6.1702322458571128;8280;6.1265907773064363
8290;153.39823603015228;8290;64.0644550920133;8290;0.32959990234076969;8290;80.189533815895729;8290;6.1702322458571128;8290;6.1272011474959562
8300;153.32499160740988;8300;64.003418073061312;8300;0.30518509475997191;8300;80.149998474074565;8300;6.1702322458571128;8300;6.1272011474959562
8310;153.33719901120028;8310;63.979003265480515;8310;0.29297769096957305;8310;80.189533815895729;8310;6.1702322458571128;8310;6.1302529984435559
8320;153.32499160740988;8320;64.01562547685171;8320;0.2563554795983764;8320;80.2290691577169;8320;6.1702322458571128;8320;6.1278115176854762
8330;153.2273323770867;8330;64.0888698995941;8330;0.26856288338877532;8330;80.268604499538085;8330;6.1702322458571128;8330;6.1296426282540359
8340;153.1907101657155;8340;64.0644550920133;8340;0.26856288338877532;8340;80.189533815895729;8340;6.1702322458571128;8340;6.1278115176854762
8350;153.2273323770867;8350;64.003418073061312;8350;0.30518509475997191;8350;80.189533815895729;8350;6.1702322458571128;8350;6.1272011474959562
8360;153.1662953581347;8360;64.0644550920133;8360;0.29297769096957305;8360;80.149998474074565;8360;6.1702322458571128;8360;6.1272011474959562
8370;153.32499160740988;8370;64.1132847071749;8370;0.26856288338877532;8370;80.149998474074565;8370;6.1702322458571128;8370;6.1244544816431166
8380;153.28836939603869;8380;64.1132847071749;8380;0.26856288338877532;8380;80.189533815895729;8380;6.1702322458571128;8380;6.1278115176854762
8390;153.15408795434431;8390;64.1132847071749;8390;0.2563554795983764;8390;80.149998474074565;8390;6.1702322458571128;8390;6.1250648518326365
8400;153.26395458845789;8400;64.1010773033845;8400;0.26856288338877532;8400;80.189533815895729;8400;6.1702322458571128;8400;6.1272011474959562
8410;153.36161381878108;8410;64.1499069185461;8410;0.26856288338877532;8410;80.149998474074565;8410;6.1702322458571128;8410;6.1265907773064363
8420;153.28836939603869;8420;64.210943937498087;8420;0.30518509475997191;8420;80.2290691577169;8420;6.1702322458571128;8420;6.1287270729697561
8430;153.30057679982909;8430;64.1254921109653;8430;0.24414807580797754;8430;80.189533815895729;8430;6.1702322458571128;8430;6.1287270729697561
8440;153.33719901120028;8440;64.027832880642109;8440;0.21973326822717978;8440;80.2290691577169;8440;6.1702322458571128;8440;6.1287270729697561
8450;153.1907101657155;8450;64.040040284432507;8450;0.23194067201757868;8450;80.189533815895729;8450;6.1702322458571128;8450;6.1278115176854762
8460;153.2029175695059;8460;63.991210669270913;8460;0.26856288338877532;8460;80.110463132253386;8460;6.1702322458571128;8460;6.1275063325907162
8470;153.14188055055391;8470;64.003418073061312;8470;0.2563554795983764;8470;80.110463132253386;8470;6.1702322458571128;8470;6.1284218878749961
8480;153.25174718466749;8480;64.040040284432507;8480;0.26856288338877532;8480;80.110463132253386;8480;6.1702322458571128;8480;6.1241492965483566
8490;153.2395397808771;8490;64.01562547685171;8490;0.30518509475997191;8490;80.189533815895729;8490;6.1702322458571128;8490;6.1272011474959562
8500;153.26395458845789;8500;63.991210669270913;8500;0.31739249855037077;8500;80.189533815895729;8500;6.1702322458571128;8500;6.1250648518326365
8510;153.32499160740988;8510;64.027832880642109;8510;0.30518509475997191;8510;80.189533815895729;8510;6.1702322458571128;8510;6.1262855922116763
8520;153.2273323770867;8520;64.1499069185461;8520;0.24414807580797754;8520;80.189533815895729;8520;6.1702322458571128;8520;6.1284218878749961
8530;153.2029175695059;8530;64.1499069185461;8530;0.2563554795983764;8530;80.2290691577169;8530;6.1702322458571128;8530;6.129032258064516
8540;153.2029175695059;8540;64.1254921109653;8540;0.26856288338877532;8540;80.189533815895729;8540;6.1702322458571128;8540;6.1287270729697561
8550;153.30057679982909;8550;64.210943937498087;8550;0.29297769096957305;8550;80.189533815895729;8550;6.1702322458571128;8550;6.129032258064516
8560;153.27616199224829;8560;64.1499069185461;8560;0.29297769096957305;8560;80.149998474074565;8560;6.1702322458571128;8560;6.129032258064516
8570;153.39823603015228;8570;64.0888698995941;8570;0.26856288338877532;8570;80.149998474074565;8570;6.1702322458571128;8570;6.1284218878749961
8580;153.34940641499068;8580;64.040040284432507;8580;0.2563554795983764;8580;80.149998474074565;8580;6.1702322458571128;8580;6.1302529984435559
8590;153.37382122257148;8590;63.991210669270913;8590;0.26856288338877532;8590;80.070927790432208;8590;6.1702322458571128;8590;6.1265907773064363
8600;153.50810266426586;8600;64.0766624958037;8600;0.30518509475997191;8600;80.149998474074565;8600;6.1702322458571128;8600;6.129032258064516
8610;153.32499160740988;8610;64.0644550920133;8610;0.29297769096957305;8610;80.189533815895729;8610;6.1702322458571128;8610;6.1253700369273965
8620;153.2029175695059;8620;64.1132847071749;8620;0.31739249855037077;8620;80.189533815895729;8620;6.1702322458571128;8620;6.1272011474959562
8630;153.2029175695059;8630;64.1010773033845;8630;0.31739249855037077;8630;80.149998474074565;8630;6.1702322458571128;8630;6.1278115176854762
8640;153.2029175695059;8640;64.040040284432507;8640;0.31739249855037077;8640;80.189533815895729;8640;6.1702322458571128;8640;6.1259804071169164
8650;153.2273323770867;8650;64.1254921109653;8650;0.30518509475997191;8650;80.189533815895729;8650;6.1702322458571128;8650;6.1278115176854762
8660;153.2029175695059;8660;64.174321726126891;8660;0.2563554795983764;8660;80.110463132253386;8660;6.1702322458571128;8660;6.1256752220221564
8670;153.2273323770867;8670;64.1499069185461;8670;0.24414807580797754;8670;80.110463132253386;8670;6.1702322458571128;8670;6.1275063325907162
8680;153.32499160740988;8680;64.0644550920133;8680;0.23194067201757868;8680;80.110463132253386;8680;6.1702322458571128;8680;6.1259804071169164
8690;153.30057679982909;8690;64.027832880642109;8690;0.24414807580797754;8690;80.110463132253386;8690;6.1702322458571128;8690;6.1275063325907162
8700;153.37382122257148;8700;63.991210669270913;8700;0.2563554795983764;8700;80.189533815895729;8700;6.1702322458571128;8700;6.1265907773064363
8710;153.34940641499068;8710;64.027832880642109;8710;0.29297769096957305;8710;80.189533815895729;8710;6.1702322458571128;8710;6.1287270729697561
8720;153.1907101657155;8720;64.0888698995941;8720;0.26856288338877532;8720;80.149998474074565;8720;6.1702322458571128;8720;6.1284218878749961
8730;153.28836939603869;8730;64.0644550920133;8730;0.24414807580797754;8730;80.149998474074565;8730;6.1702322458571128;8730;6.1287270729697561
8740;153.30057679982909;8740;64.1010773033845;8740;0.29297769096957305;8740;80.110463132253386;8740;6.1702322458571128;8740;6.1278115176854762
8750;153.26395458845789;8750;64.0644550920133;8750;0.30518509475997191;8750;80.110463132253386;8750;6.1702322458571128;8750;6.1272011474959562
8760;153.1785027619251;8760;64.040040284432507;8760;0.2563554795983764;8760;80.110463132253386;8760;6.1702322458571128;8760;6.1284218878749961
8770;153.1785027619251;8770;64.027832880642109;8770;0.24414807580797754;8770;80.149998474074565;8770;6.1702322458571128;8770;6.1250648518326365
8780;153.30057679982909;8780;64.1010773033845;8780;0.24414807580797754;8780;80.149998474074565;8780;6.1702322458571128;8780;6.1281167027802361
8790;153.34940641499068;8790;64.162114322336492;8790;0.26856288338877532;8790;80.149998474074565;8790;6.1702322458571128;8790;6.1250648518326365
8800;153.30057679982909;8800;64.040040284432507;8800;0.32959990234076969;8800;80.189533815895729;8800;6.1702322458571128;8800;6.1262855922116763
8810;153.28836939603869;8810;64.0888698995941;8810;0.31739249855037077;8810;80.189533815895729;8810;6.1702322458571128;8810;6.1256752220221564
8820;153.2273323770867;8820;64.1254921109653;8820;0.30518509475997191;8820;80.149998474074565;8820;6.1702322458571128;8820;6.1265907773064363
8830;153.1785027619251;8830;64.01562547685171;8830;0.29297769096957305;8830;80.149998474074565;8830;6.1702322458571128;8830;6.129032258064516
8840;153.27616199224829;8840;63.979003265480515;8840;0.31739249855037077;8840;80.189533815895729;8840;6.1702322458571128;8840;6.1284218878749961
8850;153.1662953581347;8850;63.979003265480515;8850;0.30518509475997191;8850;80.149998474074565;8850;6.1702322458571128;8850;6.1284218878749961
8860;153.1907101657155;8860;64.003418073061312;8860;0.24414807580797754;8860;80.149998474074565;8860;6.1702322458571128;8860;6.1275063325907162
8870;153.25174718466749;8870;64.0644550920133;8870;0.30518509475997191;8870;80.149998474074565;8870;6.1702322458571128;8870;6.1296426282540359
8880;153.2029175695059;8880;64.027832880642109;8880;0.35401470992156742;8880;80.189533815895729;8880;6.1702322458571128;8880;6.1253700369273965
8890;153.25174718466749;8890;64.003418073061312;8890;0.31739249855037077;8890;80.149998474074565;8890;6.1702322458571128;8890;6.1281167027802361
8900;153.26395458845789;8900;64.003418073061312;8900;0.30518509475997191;8900;80.110463132253386;8900;6.1702322458571128;8900;6.1262855922116763
8910;153.2029175695059;8910;64.040040284432507;8910;0.30518509475997191;8910;80.149998474074565;8910;6.1702322458571128;8910;6.1275063325907162
8920;153.1907101657155;8920;64.0644550920133;8920;0.26856288338877532;8920;80.189533815895729;8920;6.1702322458571128;8920;6.1287270729697561
8930;153.28836939603869;8930;64.01562547685171;8930;0.29297769096957305;8930;80.189533815895729;8930;6.1702322458571128;8930;6.1278115176854762
8940;153.32499160740988;8940;64.1010773033845;8940;0.2563554795983764;8940;80.149998474074565;8940;6.1702322458571128;8940;6.1272011474959562
8950;153.28836939603869;8950;64.1254921109653;8950;0.24414807580797754;8950;80.189533815895729;8950;6.1702322458571128;8950;6.1275063325907162
8960;153.14188055055391;8960;64.003418073061312;8960;0.2563554795983764;8960;80.149998474074565;8960;6.1702322458571128;8960;6.1296426282540359
8970;153.14188055055391;8970;63.979003265480515;8970;0.26856288338877532;8970;80.189533815895729;8970;6.1702322458571128;8970;6.1250648518326365
8980;153.26395458845789;8980;63.979003265480515;8980;0.31739249855037077;8980;80.189533815895729;8980;6.1702322458571128;8980;6.1278115176854762
8990;153.2395397808771;8990;63.979003265480515;8990;0.2563554795983764;8990;80.110463132253386;8990;6.1702322458571128;8990;6.1256752220221564
9000;153.25174718466749;9000;64.0644550920133;9000;0.23194067201757868;9000;80.149998474074565;9000;6.1702322458571128;9000;6.1265907773064363
9010;153.26395458845789;9010;64.1010773033845;9010;0.2563554795983764;9010;80.189533815895729;9010;6.1702322458571128;9010;6.1278115176854762
9020;153.27616199224829;9020;64.174321726126891;9020;0.26856288338877532;9020;80.189533815895729;9020;6.1702322458571128;9020;6.1278115176854762
9030;153.32499160740988;9030;64.162114322336492;9030;0.2563554795983764;9030;80.189533815895729;9030;6.1702322458571128;9030;6.1281167027802361
9040;153.26395458845789;9040;64.040040284432507;9040;0.30518509475997191;9040;80.189533815895729;9040;6.1702322458571128;9040;6.1272011474959562
9050;153.1662953581347;9050;63.954588457899717;9050;0.26856288338877532;9050;80.149998474074565;9050;6.1702322458571128;9050;6.1278115176854762
9060;153.28836939603869;9060;64.01562547685171;9060;0.21973326822717978;9060;80.149998474074565;9060;6.1702322458571128;9060;6.1241492965483566
9070;153.2273323770867;9070;64.174321726126891;9070;0.26856288338877532;9070;80.149998474074565;9070;6.1702322458571128;9070;6.1265907773064363
9080;153.25174718466749;9080;64.247566148869282;9080;0.31739249855037077;9080;80.149998474074565;9080;6.1702322458571128;9080;6.1272011474959562
9090;153.38602862636188;9090;64.1254921109653;9090;0.30518509475997191;9090;80.2290691577169;9090;6.1702322458571128;9090;6.1287270729697561
9100;153.38602862636188;9100;64.003418073061312;9100;0.2563554795983764;9100;80.189533815895729;9100;6.1702322458571128;9100;6.1265907773064363
9110;153.36161381878108;9110;64.003418073061312;9110;0.32959990234076969;9110;80.149998474074565;9110;6.1702322458571128;9110;6.1281167027802361
9120;153.33719901120028;9120;64.040040284432507;9120;0.35401470992156742;9120;80.149998474074565;9120;6.1702322458571128;9120;6.1265907773064363
9130;153.28836939603869;9130;64.1010773033845;9130;0.32959990234076969;9130;80.189533815895729;9130;6.1702322458571128;9130;6.1241492965483566
9140;153.1785027619251;9140;64.0888698995941;9140;0.29297769096957305;9140;80.149998474074565;9140;6.1702322458571128;9140;6.1278115176854762
9150;153.26395458845789;9150;63.979003265480515;9150;0.23194067201757868;9150;80.149998474074565;9150;6.1702322458571128;9150;6.1272011474959562
9160;153.38602862636188;9160;63.954588457899717;9160;0.21973326822717978;9160;80.189533815895729;9160;6.1702322458571128;9160;6.1262855922116763
9170;153.37382122257148;9170;64.01562547685171;9170;0.21973326822717978;9170;80.189533815895729;9170;6.1702322458571128;9170;6.1272011474959562
9180;153.25174718466749;9180;64.027832880642109;9180;0.29297769096957305;9180;80.189533815895729;9180;6.1702322458571128;9180;6.1302529984435559
9190;153.25174718466749;9190;63.991210669270913;9190;0.30518509475997191;9190;80.149998474074565;9190;6.1702322458571128;9190;6.1275063325907162
9200;153.28836939603869;9200;64.040040284432507;9200;0.26856288338877532;9200;80.149998474074565;9200;6.1702322458571128;9200;6.1287270729697561
9210;153.1907101657155;9210;64.162114322336492;9210;0.2563554795983764;9210;80.110463132253386;9210;6.1702322458571128;9210;6.1259804071169164
9220;153.2273323770867;9220;64.174321726126891;9220;0.2563554795983764;9220;80.189533815895729;9220;6.1702322458571128;9220;6.1259804071169164
9230;153.1907101657155;9230;64.0766624958037;9230;0.26856288338877532;9230;80.2290691577169;9230;6.1702322458571128;9230;6.1275063325907162
9240;153.1907101657155;9240;64.1254921109653;9240;0.2563554795983764;9240;80.149998474074565;9240;6.1702322458571128;9240;6.1241492965483566
9250;153.33719901120028;9250;64.162114322336492;9250;0.29297769096957305;9250;80.110463132253386;9250;6.1702322458571128;9250;6.1262855922116763
9260;153.33719901120028;9260;64.198736533707688;9260;0.26856288338877532;9260;80.149998474074565;9260;6.1702322458571128;9260;6.1259804071169164
9270;153.25174718466749;9270;64.1499069185461;9270;0.24414807580797754;9270;80.2290691577169;9270;6.1702322458571128;9270;6.1281167027802361
9280;153.25174718466749;9280;63.991210669270913;9280;0.2563554795983764;9280;80.189533815895729;9280;6.1702322458571128;9280;6.1281167027802361
9290;153.1907101657155;9290;64.1010773033845;9290;0.31739249855037077;9290;80.189533815895729;9290;6.1702322458571128;9290;6.1299478133487959
9300;153.25174718466749;9300;64.1254921109653;9300;0.30518509475997191;9300;80.189533815895729;9300;6.1702322458571128;9300;6.1253700369273965
9310;153.36161381878108;9310;64.18652912991729;9310;0.26856288338877532;9310;80.189533815895729;9310;6.1702322458571128;9310;6.1265907773064363
9320;153.27616199224829;9320;64.18652912991729;9320;0.23194067201757868;9320;80.110463132253386;9320;6.1702322458571128;9320;6.1265907773064363
9330;153.32499160740988;9330;64.0766624958037;9330;0.24414807580797754;9330;80.149998474074565;9330;6.1702322458571128;9330;6.1238441114535966
9340;153.32499160740988;9340;64.0888698995941;9340;0.26856288338877532;9340;80.149998474074565;9340;6.1702322458571128;9340;6.1281167027802361
9350;153.28836939603869;9350;64.040040284432507;9350;0.2563554795983764;9350;80.149998474074565;9350;6.1702322458571128;9350;6.1272011474959562
9360;153.1907101657155;9360;64.0644550920133;9360;0.26856288338877532;9360;80.110463132253386;9360;6.1702322458571128;9360;6.1265907773064363
9370;153.10525833918271;9370;64.1254921109653;9370;0.26856288338877532;9370;80.189533815895729;9370;6.1702322458571128;9370;6.1265907773064363
9380;153.1785027619251;9380;64.1010773033845;9380;0.26856288338877532;9380;80.2290691577169;9380;6.1702322458571128;9380;6.1302529984435559
9390;153.30057679982909;9390;64.003418073061312;9390;0.31739249855037077;9390;80.2290691577169;9390;6.1702322458571128;9390;6.1272011474959562
9400;153.28836939603869;9400;64.040040284432507;9400;0.32959990234076969;9400;80.2290691577169;9400;6.1702322458571128;9400;6.1284218878749961
9410;153.2029175695059;9410;64.0766624958037;9410;0.26856288338877532;9410;80.110463132253386;9410;6.1702322458571128;9410;6.1275063325907162
9420;153.30057679982909;9420;64.1010773033845;9420;0.30518509475997191;9420;80.189533815895729;9420;6.1702322458571128;9420;6.1244544816431166
9430;153.1785027619251;9430;64.162114322336492;9430;0.31739249855037077;9430;80.189533815895729;9430;6.1702322458571128;9430;6.1281167027802361
9440;153.2395397808771;9440;64.1132847071749;9440;0.26856288338877532;9440;80.149998474074565;9440;6.1702322458571128;9440;6.1278115176854762
9450;153.42265083773307;9450;64.174321726126891;9450;0.24414807580797754;9450;80.149998474074565;9450;6.1702322458571128;9450;6.1265907773064363
9460;153.34940641499068;9460;64.1499069185461;9460;0.26856288338877532;9460;80.149998474074565;9460;6.1702322458571128;9460;6.1272011474959562
9470;153.25174718466749;9470;64.1499069185461;9470;0.26856288338877532;9470;80.189533815895729;9470;6.1702322458571128;9470;6.1302529984435559
9480;153.1785027619251;9480;64.1499069185461;9480;0.2563554795983764;9480;80.189533815895729;9480;6.1702322458571128;9480;6.1256752220221564
9490;153.06863612781152;9490;64.027832880642109;9490;0.29297769096957305;9490;80.189533815895729;9490;6.1702322458571128;9490;6.1281167027802361
9500;153.1785027619251;9500;64.01562547685171;9500;0.29297769096957305;9500;80.149998474074565;9500;6.1702322458571128;9500;6.1256752220221564
9510;153.27616199224829;9510;64.18652912991729;9510;0.26856288338877532;9510;80.189533815895729;9510;6.1702322458571128;9510;6.1250648518326365
9520;153.1907101657155;9520;64.210943937498087;9520;0.34180730613116855;9520;80.189533815895729;9520;6.1702322458571128;9520;6.1281167027802361
9530;153.30057679982909;9530;64.174321726126891;9530;0.39063692129276406;9530;80.189533815895729;9530;6.1702322458571128;9530;6.1272011474959562
9540;153.28836939603869;9540;64.18652912991729;9540;0.31739249855037077;9540;80.149998474074565;9540;6.1702322458571128;9540;6.1272011474959562
9550;153.25174718466749;9550;64.174321726126891;9550;0.29297769096957305;9550;80.189533815895729;9550;6.1702322458571128;9550;6.1262855922116763
9560;153.1785027619251;9560;64.1254921109653;9560;0.2563554795983764;9560;80.149998474074565;9560;6.1702322458571128;9560;6.1296426282540359
9570;153.26395458845789;9570;64.0766624958037;9570;0.2563554795983764;9570;80.149998474074565;9570;6.1702322458571128;9570;6.1241492965483566
9580;153.36161381878108;9580;64.1254921109653;9580;0.31739249855037077;9580;80.2290691577169;9580;6.1702322458571128;9580;6.1265907773064363
9590;153.32499160740988;9590;64.040040284432507;9590;0.2563554795983764;9590;80.189533815895729;9590;6.1702322458571128;9590;6.1265907773064363
9600;153.30057679982909;9600;63.991210669270913;9600;0.24414807580797754;9600;80.189533815895729;9600;6.1702322458571128;9600;6.1262855922116763
9610;153.27616199224829;9610;64.040040284432507;9610;0.26856288338877532;9610;80.189533815895729;9610;6.1702322458571128;9610;6.1284218878749961
9620;153.30057679982909;9620;64.0888698995941;9620;0.29297769096957305;9620;80.189533815895729;9620;6.1702322458571128;9620;6.1284218878749961
9630;153.2395397808771;9630;64.0888698995941;9630;0.26856288338877532;9630;80.149998474074565;9630;6.1702322458571128;9630;6.1287270729697561
9640;153.26395458845789;9640;64.040040284432507;9640;0.26856288338877532;9640;80.149998474074565;9640;6.1702322458571128;9640;6.1253700369273965
9650;153.27616199224829;9650;64.003418073061312;9650;0.35401470992156742;9650;80.149998474074565;9650;6.1702322458571128;9650;6.1272011474959562
9660;153.2395397808771;9660;64.0766624958037;9660;0.31739249855037077;9660;80.149998474074565;9660;6.1702322458571128;9660;6.1250648518326365
9670;153.1785027619251;9670;64.1010773033845;9670;0.31739249855037077;9670;80.189533815895729;9670;6.1702322458571128;9670;6.1265907773064363
9680;153.14188055055391;9680;64.003418073061312;9680;0.29297769096957305;9680;80.189533815895729;9680;6.1702322458571128;9680;6.1278115176854762
9690;153.2395397808771;9690;63.979003265480515;9690;0.2563554795983764;9690;80.189533815895729;9690;6.1702322458571128;9690;6.129032258064516
9700;153.32499160740988;9700;64.003418073061312;9700;0.30518509475997191;9700;80.149998474074565;9700;6.1702322458571128;9700;6.1275063325907162
9710;153.1907101657155;9710;64.0888698995941;9710;0.29297769096957305;9710;80.189533815895729;9710;6.1702322458571128;9710;6.1262855922116763
9720;153.11746574297311;9720;64.1010773033845;9720;0.2563554795983764;9720;80.2290691577169;9720;6.1702322458571128;9720;6.1275063325907162
9730;153.38602862636188;9730;64.0888698995941;9730;0.26856288338877532;9730;80.2290691577169;9730;6.1702322458571128;9730;6.1256752220221564
9740;153.43485824152347;9740;64.0766624958037;9740;0.24414807580797754;9740;80.189533815895729;9740;6.1702322458571128;9740;6.1278115176854762
9750;153.43485824152347;9750;64.0644550920133;9750;0.23194067201757868;9750;80.149998474074565;9750;6.1702322458571128;9750;6.1262855922116763
9760;153.30057679982909;9760;64.1010773033845;9760;0.29297769096957305;9760;80.189533815895729;9760;6.1702322458571128;9760;6.1278115176854762
9770;153.2029175695059;9770;64.1010773033845;9770;0.31739249855037077;9770;80.149998474074565;9770;6.1702322458571128;9770;6.1275063325907162
9780;153.26395458845789;9780;64.0644550920133;9780;0.30518509475997191;9780;80.2290691577169;9780;6.1702322458571128;9780;6.1299478133487959
9790;153.2273323770867;9790;64.1010773033845;9790;0.26856288338877532;9790;80.2290691577169;9790;6.1702322458571128;9790;6.1278115176854762
9800;153.28836939603869;9800;64.1132847071749;9800;0.24414807580797754;9800;80.149998474074565;9800;6.1702322458571128;9800;6.1278115176854762
9810;153.27616199224829;9810;64.1254921109653;9810;0.26856288338877532;9810;80.149998474074565;9810;6.1702322458571128;9810;6.1275063325907162
9820;153.37382122257148;9820;64.1254921109653;9820;0.29297769096957305;9820;80.2290691577169;9820;6.1702322458571128;9820;6.1244544816431166
9830;153.28836939603869;9830;64.01562547685171;9830;0.24414807580797754;9830;80.2290691577169;9830;6.1702322458571128;9830;6.1278115176854762
9840;153.1662953581347;9840;64.003418073061312;9840;0.2563554795983764;9840;80.189533815895729;9840;6.1702322458571128;9840;6.1259804071169164
9850;153.2029175695059;9850;64.027832880642109;9850;0.23194067201757868;9850;80.149998474074565;9850;6.1702322458571128;9850;6.1272011474959562
9860;153.2273323770867;9860;64.1132847071749;9860;0.23194067201757868;9860;80.149998474074565;9860;6.1702322458571128;9860;6.1275063325907162
9870;153.2395397808771;9870;64.162114322336492;9870;0.23194067201757868;9870;80.189533815895729;9870;6.1702322458571128;9870;6.1299478133487959
9880;153.26395458845789;9880;64.0766624958037;9880;0.24414807580797754;9880;80.189533815895729;9880;6.1702322458571128;9880;6.1284218878749961
9890;153.25174718466749;9890;64.0766624958037;9890;0.2563554795983764;9890;80.189533815895729;9890;6.1702322458571128;9890;6.1299478133487959
9900;153.1662953581347;9900;64.0888698995941;9900;0.24414807580797754;9900;80.110463132253386;9900;6.1702322458571128;9900;6.1278115176854762
9910;153.1907101657155;9910;64.1254921109653;9910;0.29297769096957305;9910;80.149998474074565;9910;6.1702322458571128;9910;6.1253700369273965
9920;153.15408795434431;9920;64.1254921109653;9920;0.30518509475997191;9920;80.110463132253386;9920;6.1702322458571128;9920;6.1284218878749961
9930;153.2029175695059;9930;64.1010773033845;9930;0.30518509475997191;9930;80.110463132253386;9930;6.1702322458571128;9930;6.1262855922116763
9940;153.2395397808771;9940;64.0888698995941;9940;0.31739249855037077;9940;80.149998474074565;9940;6.1702322458571128;9940;6.1259804071169164
9950;153.1907101657155;9950;64.1132847071749;9950;0.31739249855037077;9950;80.149998474074565;9950;6.1702322458571128;9950;6.1272011474959562
9960;153.26395458845789;9960;64.210943937498087;9960;0.29297769096957305;9960;80.2290691577169;9960;6.1702322458571128;9960;6.129032258064516
9970;153.26395458845789;9970;64.1132847071749;9970;0.2563554795983764;9970;80.2290691577169;9970;6.1702322458571128;9970;6.1265907773064363
9980;153.2395397808771;9980;63.979003265480515;9980;0.26856288338877532;9980;80.2290691577169;9980;6.1702322458571128;9980;6.129032258064516
9990;153.1907101657155;9990;63.991210669270913;9990;0.26856288338877532;9990;80.2290691577169;9990;6.1702322458571128;9990;6.1256752220221564
10000;153.2395397808771;10000;64.040040284432507;10000;0.2563554795983764;10000;80.2290691577169;10000;6.1702322458571128;10000;6.1259804071169164
10010;153.2395397808771;10010;64.0888698995941;10010;0.2563554795983764;10010;80.189533815895729;10010;6.1702322458571128;10010;6.1275063325907162
10020;153.2029175695059;10020;64.0888698995941;10020;0.2563554795983764;10020;80.2290691577169;10020;6.1702322458571128;10020;6.1262855922116763
10030;153.2029175695059;10030;64.0766624958037;10030;0.30518509475997191;10030;80.2290691577169;10030;6.1702322458571128;10030;6.1281167027802361
10040;153.2395397808771;10040;64.1254921109653;10040;0.31739249855037077;10040;80.2290691577169;10040;6.1702322458571128;10040;6.1281167027802361
10050;153.25174718466749;10050;64.1499069185461;10050;0.2563554795983764;10050;80.189533815895729;10050;6.1702322458571128;10050;6.1299478133487959
10060;153.33719901120028;10060;64.174321726126891;10060;0.2563554795983764;10060;80.149998474074565;10060;6.1702322458571128;10060;6.1253700369273965
10070;153.30057679982909;10070;64.1499069185461;10070;0.29297769096957305;10070;80.149998474074565;10070;6.1702322458571128;10070;6.1281167027802361
10080;153.26395458845789;10080;64.0644550920133;10080;0.24414807580797754;10080;80.110463132253386;10080;6.1702322458571128;10080;6.1259804071169164
10090;153.33719901120028;10090;64.174321726126891;10090;0.2563554795983764;10090;80.149998474074565;10090;6.1702322458571128;10090;6.1265907773064363
10100;153.28836939603869;10100;64.198736533707688;10100;0.30518509475997191;10100;80.189533815895729;10100;6.1702322458571128;10100;6.1281167027802361
10110;153.34940641499068;10110;64.198736533707688;10110;0.2563554795983764;10110;80.189533815895729;10110;6.1702322458571128;10110;6.1278115176854762
10120;153.25174718466749;10120;64.247566148869282;10120;0.24414807580797754;10120;80.149998474074565;10120;6.1702322458571128;10120;6.1278115176854762
10130;153.2029175695059;10130;64.174321726126891;10130;0.26856288338877532;10130;80.189533815895729;10130;6.1702322458571128;10130;6.1278115176854762
10140;153.1907101657155;10140;64.1132847071749;10140;0.29297769096957305;10140;80.189533815895729;10140;6.1702322458571128;10140;6.1296426282540359
10150;153.2029175695059;10150;64.1010773033845;10150;0.23194067201757868;10150;80.189533815895729;10150;6.1702322458571128;10150;6.1250648518326365
10160;153.1907101657155;10160;64.1254921109653;10160;0.24414807580797754;10160;80.2290691577169;10160;6.1702322458571128;10160;6.1265907773064363
10170;153.1662953581347;10170;64.1132847071749;10170;0.31739249855037077;10170;80.2290691577169;10170;6.1702322458571128;10170;6.1244544816431166
10180;153.37382122257148;10180;64.1010773033845;10180;0.31739249855037077;10180;80.149998474074565;10180;6.1702322458571128;10180;6.1272011474959562
10190;153.32499160740988;10190;64.162114322336492;10190;0.23194067201757868;10190;80.110463132253386;10190;6.1702322458571128;10190;6.1262855922116763
10200;153.26395458845789;10200;64.1010773033845;10200;0.24414807580797754;10200;80.189533815895729;10200;6.1702322458571128;10200;6.1250648518326365
10210;153.28836939603869;10210;64.1132847071749;10210;0.29297769096957305;10210;80.189533815895729;10210;6.1702322458571128;10210;6.1281167027802361
10220;153.36161381878108;10220;64.1254921109653;10220;0.29297769096957305;10220;80.189533815895729;10220;6.1702322458571128;10220;6.1256752220221564
10230;153.36161381878108;10230;64.1499069185461;10230;0.29297769096957305;10230;80.189533815895729;10230;6.1702322458571128;10230;6.1272011474959562
10240;153.25174718466749;10240;64.2719809564501;10240;0.26856288338877532;10240;80.149998474074565;10240;6.1702322458571128;10240;6.1262855922116763
10250;153.25174718466749;10250;64.2597735526597;10250;0.2563554795983764;10250;80.110463132253386;10250;6.1702322458571128;10250;6.1275063325907162
10260;153.32499160740988;10260;64.162114322336492;10260;0.2563554795983764;10260;80.110463132253386;10260;6.1702322458571128;10260;6.1253700369273965
10270;153.28836939603869;10270;64.198736533707688;10270;0.29297769096957305;10270;80.110463132253386;10270;6.1702322458571128;10270;6.1275063325907162
10280;153.26395458845789;10280;64.1010773033845;10280;0.29297769096957305;10280;80.110463132253386;10280;6.1702322458571128;10280;6.1287270729697561
10290;153.28836939603869;10290;64.0644550920133;10290;0.2563554795983764;10290;80.189533815895729;10290;6.1702322458571128;10290;6.1299478133487959
10300;153.28836939603869;10300;64.027832880642109;10300;0.23194067201757868;10300;80.189533815895729;10300;6.1702322458571128;10300;6.1281167027802361
10310;153.26395458845789;10310;64.0644550920133;10310;0.24414807580797754;10310;80.189533815895729;10310;6.1702322458571128;10310;6.1275063325907162
10320;153.1662953581347;10320;64.1132847071749;10320;0.24414807580797754;10320;80.189533815895729;10320;6.1702322458571128;10320;6.1284218878749961
10330;153.32499160740988;10330;64.0888698995941;10330;0.24414807580797754;10330;80.110463132253386;10330;6.1702322458571128;10330;6.1281167027802361
10340;153.38602862636188;10340;64.18652912991729;10340;0.21973326822717978;10340;80.149998474074565;10340;6.1702322458571128;10340;6.1296426282540359
10350;153.26395458845789;10350;64.1254921109653;10350;0.20752586443678089;10350;80.149998474074565;10350;6.1702322458571128;10350;6.1250648518326365
10360;153.1907101657155;10360;64.1132847071749;10360;0.2563554795983764;10360;80.189533815895729;10360;6.1702322458571128;10360;6.1281167027802361
10370;153.15408795434431;10370;64.162114322336492;10370;0.26856288338877532;10370;80.2290691577169;10370;6.1702322458571128;10370;6.1244544816431166
10380;153.2395397808771;10380;64.162114322336492;10380;0.2563554795983764;10380;80.2290691577169;10380;6.1702322458571128;10380;6.1253700369273965
10390;153.34940641499068;10390;64.027832880642109;10390;0.26856288338877532;10390;80.189533815895729;10390;6.1702322458571128;10390;6.1272011474959562
10400;153.32499160740988;10400;64.040040284432507;10400;0.31739249855037077;10400;80.189533815895729;10400;6.1702322458571128;10400;6.1259804071169164
10410;153.25174718466749;10410;64.235358745078884;10410;0.31739249855037077;10410;80.189533815895729;10410;6.1702322458571128;10410;6.1272011474959562
10420;153.1907101657155;10420;64.162114322336492;10420;0.29297769096957305;10420;80.2290691577169;10420;6.1702322458571128;10420;6.129032258064516
10430;153.11746574297311;10430;64.174321726126891;10430;0.29297769096957305;10430;80.189533815895729;10430;6.1702322458571128;10430;6.1302529984435559
10440;153.2029175695059;10440;64.1499069185461;10440;0.30518509475997191;10440;80.189533815895729;10440;6.1702322458571128;10440;6.1253700369273965
10450;153.11746574297311;10450;64.027832880642109;10450;0.31739249855037077;10450;80.2290691577169;10450;6.1702322458571128;10450;6.1284218878749961
10460;153.09305093539231;10460;64.0766624958037;10460;0.2563554795983764;10460;80.149998474074565;10460;6.1702322458571128;10460;6.1250648518326365
10470;153.1907101657155;10470;64.162114322336492;10470;0.29297769096957305;10470;80.189533815895729;10470;6.1702322458571128;10470;6.1278115176854762
10480;153.2273323770867;10480;64.1254921109653;10480;0.30518509475997191;10480;80.149998474074565;10480;6.1702322458571128;10480;6.1272011474959562
10490;153.32499160740988;10490;64.1132847071749;10490;0.29297769096957305;10490;80.149998474074565;10490;6.1702322458571128;10490;6.1253700369273965
10500;153.2273323770867;10500;64.247566148869282;10500;0.26856288338877532;10500;80.189533815895729;10500;6.1702322458571128;10500;6.1284218878749961
10510;153.15408795434431;10510;64.174321726126891;10510;0.29297769096957305;10510;80.2290691577169;10510;6.1702322458571128;10510;6.1272011474959562
10520;153.1907101657155;10520;64.0766624958037;10520;0.30518509475997191;10520;80.347675183180442;10520;6.1702322458571128;10520;6.1278115176854762
10530;153.27616199224829;10530;63.979003265480515;10530;0.2563554795983764;10530;80.268604499538085;10530;6.1702322458571128;10530;6.129032258064516
10540;153.32499160740988;10540;63.856929227576522;10540;0.24414807580797754;10540;80.2290691577169;10540;6.1702322458571128;10540;6.1299478133487959
10550;153.25174718466749;10550;63.954588457899717;10550;0.26856288338877532;10550;80.189533815895729;10550;6.1702322458571128;10550;6.1262855922116763
10560;153.27616199224829;10560;64.0888698995941;10560;0.29297769096957305;10560;80.149998474074565;10560;6.1702322458571128;10560;6.1296426282540359
10570;153.30057679982909;10570;64.1010773033845;10570;0.24414807580797754;10570;80.110463132253386;10570;6.1702322458571128;10570;6.1262855922116763
10580;153.38602862636188;10580;64.1254921109653;10580;0.2563554795983764;10580;80.149998474074565;10580;6.1702322458571128;10580;6.1278115176854762
10590;153.27616199224829;10590;64.162114322336492;10590;0.24414807580797754;10590;80.149998474074565;10590;6.1702322458571128;10590;6.1272011474959562
10600;153.15408795434431;10600;64.1499069185461;10600;0.23194067201757868;10600;80.189533815895729;10600;6.1702322458571128;10600;6.1244544816431166
10610;153.2029175695059;10610;64.174321726126891;10610;0.24414807580797754;10610;80.2290691577169;10610;6.1702322458571128;10610;6.1278115176854762
10620;153.1785027619251;10620;64.162114322336492;10620;0.24414807580797754;10620;80.189533815895729;10620;6.1702322458571128;10620;6.1278115176854762
10630;153.08084353160191;10630;64.0766624958037;10630;0.24414807580797754;10630;80.110463132253386;10630;6.1702322458571128;10630;6.1281167027802361
10640;153.15408795434431;10640;64.040040284432507;10640;0.29297769096957305;10640;80.149998474074565;10640;6.1702322458571128;10640;6.1281167027802361
10650;153.28836939603869;10650;64.1132847071749;10650;0.26856288338877532;10650;80.2290691577169;10650;6.1702322458571128;10650;6.1305581835383158
10660;153.25174718466749;10660;64.1132847071749;10660;0.24414807580797754;10660;80.2290691577169;10660;6.1702322458571128;10660;6.1256752220221564
10670;153.15408795434431;10670;64.198736533707688;10670;0.2563554795983764;10670;80.2290691577169;10670;6.1702322458571128;10670;6.1278115176854762
10680;153.15408795434431;10680;64.18652912991729;10680;0.24414807580797754;10680;80.189533815895729;10680;6.1702322458571128;10680;6.1256752220221564
10690;153.1785027619251;10690;64.1254921109653;10690;0.2563554795983764;10690;80.189533815895729;10690;6.1702322458571128;10690;6.1238441114535966
10700;153.1785027619251;10700;64.1010773033845;10700;0.29297769096957305;10700;80.149998474074565;10700;6.1702322458571128;10700;6.1275063325907162
10710;153.27616199224829;10710;64.040040284432507;10710;0.30518509475997191;10710;80.149998474074565;10710;6.1702322458571128;10710;6.1262855922116763
10720;153.2395397808771;10720;64.1132847071749;10720;0.30518509475997191;10720;80.189533815895729;10720;6.1702322458571128;10720;6.1265907773064363
10730;153.27616199224829;10730;64.198736533707688;10730;0.29297769096957305;10730;80.149998474074565;10730;6.1702322458571128;10730;6.1278115176854762
10740;153.32499160740988;10740;64.18652912991729;10740;0.29297769096957305;10740;80.2290691577169;10740;6.1702322458571128;10740;6.1311685537278358
10750;153.27616199224829;10750;64.1499069185461;10750;0.30518509475997191;10750;80.189533815895729;10750;6.1702322458571128;10750;6.1265907773064363
10760;153.25174718466749;10760;64.18652912991729;10760;0.31739249855037077;10760;80.189533815895729;10760;6.1702322458571128;10760;6.1284218878749961
10770;153.26395458845789;10770;64.198736533707688;10770;0.26856288338877532;10770;80.2290691577169;10770;6.1702322458571128;10770;6.1262855922116763
10780;153.32499160740988;10780;64.1499069185461;10780;0.30518509475997191;10780;80.268604499538085;10780;6.1702322458571128;10780;6.1259804071169164
10790;153.25174718466749;10790;64.0766624958037;10790;0.31739249855037077;10790;80.347675183180442;10790;6.1702322458571128;10790;6.1281167027802361
10800;153.27616199224829;10800;64.1132847071749;10800;0.30518509475997191;10800;80.189533815895729;10800;6.1702322458571128;10800;6.1262855922116763
10810;153.25174718466749;10810;64.1254921109653;10810;0.30518509475997191;10810;80.149998474074565;10810;6.1702322458571128;10810;6.1278115176854762
10820;153.2395397808771;10820;64.1010773033845;10820;0.24414807580797754;10820;80.189533815895729;10820;6.1702322458571128;10820;6.129032258064516
10830;153.1662953581347;10830;64.198736533707688;10830;0.2563554795983764;10830;80.2290691577169;10830;6.1702322458571128;10830;6.1299478133487959
10840;153.10525833918271;10840;64.1499069185461;10840;0.26856288338877532;10840;80.2290691577169;10840;6.1702322458571128;10840;6.1259804071169164
10850;153.2395397808771;10850;64.003418073061312;10850;0.26856288338877532;10850;80.2290691577169;10850;6.1702322458571128;10850;6.1296426282540359
10860;153.27616199224829;10860;64.0644550920133;10860;0.24414807580797754;10860;80.149998474074565;10860;6.1702322458571128;10860;6.1253700369273965
10870;153.2395397808771;10870;64.1499069185461;10870;0.2563554795983764;10870;80.149998474074565;10870;6.1702322458571128;10870;6.1259804071169164
10880;153.11746574297311;10880;64.1254921109653;10880;0.29297769096957305;10880;80.189533815895729;10880;6.1702322458571128;10880;6.1272011474959562
10890;153.1785027619251;10890;64.162114322336492;10890;0.30518509475997191;10890;80.189533815895729;10890;6.1702322458571128;10890;6.1256752220221564
10900;153.32499160740988;10900;64.1132847071749;10900;0.30518509475997191;10900;80.189533815895729;10900;6.1702322458571128;10900;6.1278115176854762
10910;153.30057679982909;10910;64.1010773033845;10910;0.30518509475997191;10910;80.149998474074565;10910;6.1702322458571128;10910;6.1284218878749961
10920;153.1662953581347;10920;64.162114322336492;10920;0.26856288338877532;10920;80.110463132253386;10920;6.1702322458571128;10920;6.1287270729697561
10930;153.10525833918271;10930;64.174321726126891;10930;0.2563554795983764;10930;80.149998474074565;10930;6.1702322458571128;10930;6.1250648518326365
10940;153.15408795434431;10940;64.162114322336492;10940;0.2563554795983764;10940;80.268604499538085;10940;6.1702322458571128;10940;6.129032258064516
10950;153.15408795434431;10950;64.198736533707688;10950;0.24414807580797754;10950;80.189533815895729;10950;6.1702322458571128;10950;6.1256752220221564
10960;153.1907101657155;10960;64.284188360240492;10960;0.2563554795983764;10960;80.110463132253386;10960;6.1702322458571128;10960;6.1262855922116763
10970;153.34940641499068;10970;64.210943937498087;10970;0.26856288338877532;10970;80.110463132253386;10970;6.1702322458571128;10970;6.1287270729697561
10980;153.37382122257148;10980;64.2597735526597;10980;0.26856288338877532;10980;80.149998474074565;10980;6.1702322458571128;10980;6.129032258064516
10990;153.27616199224829;10990;64.320810571611688;10990;0.2563554795983764;10990;80.149998474074565;10990;6.1702322458571128;10990;6.1287270729697561
11000;153.28836939603869;11000;64.2719809564501;11000;0.29297769096957305;11000;80.149998474074565;11000;6.1702322458571128;11000;6.1262855922116763
11010;153.28836939603869;11010;64.235358745078884;11010;0.29297769096957305;11010;80.189533815895729;11010;6.1702322458571128;11010;6.1281167027802361
11020;153.30057679982909;11020;64.198736533707688;11020;0.2563554795983764;11020;80.189533815895729;11020;6.1702322458571128;11020;6.1262855922116763
11030;153.2029175695059;11030;64.235358745078884;11030;0.29297769096957305;11030;80.2290691577169;11030;6.1702322458571128;11030;6.1278115176854762
11040;153.1785027619251;11040;64.210943937498087;11040;0.29297769096957305;11040;80.189533815895729;11040;6.1702322458571128;11040;6.1278115176854762
11050;153.27616199224829;11050;64.162114322336492;11050;0.29297769096957305;11050;80.189533815895729;11050;6.1702322458571128;11050;6.1296426282540359
11060;153.2273323770867;11060;64.0888698995941;11060;0.29297769096957305;11060;80.189533815895729;11060;6.1702322458571128;11060;6.1253700369273965
11070;153.1785027619251;11070;64.0766624958037;11070;0.26856288338877532;11070;80.2290691577169;11070;6.1702322458571128;11070;6.1256752220221564
11080;153.2395397808771;11080;64.0644550920133;11080;0.26856288338877532;11080;80.189533815895729;11080;6.1702322458571128;11080;6.1272011474959562
11090;153.38602862636188;11090;64.1132847071749;11090;0.29297769096957305;11090;80.189533815895729;11090;6.1702322458571128;11090;6.1272011474959562
11100;153.27616199224829;11100;64.210943937498087;11100;0.26856288338877532;11100;80.149998474074565;11100;6.1702322458571128;11100;6.1281167027802361
11110;153.1907101657155;11110;64.18652912991729;11110;0.29297769096957305;11110;80.2290691577169;11110;6.1702322458571128;11110;6.1265907773064363
11120;153.1662953581347;11120;64.0888698995941;11120;0.30518509475997191;11120;80.2290691577169;11120;6.1702322458571128;11120;6.129032258064516
11130;153.15408795434431;11130;64.1254921109653;11130;0.29297769096957305;11130;80.189533815895729;11130;6.1702322458571128;11130;6.1250648518326365
11140;153.25174718466749;11140;64.198736533707688;11140;0.2563554795983764;11140;80.2290691577169;11140;6.1702322458571128;11140;6.1275063325907162
11150;153.2273323770867;11150;64.0766624958037;11150;0.24414807580797754;11150;80.2290691577169;11150;6.1702322458571128;11150;6.1275063325907162
11160;153.1907101657155;11160;64.1010773033845;11160;0.29297769096957305;11160;80.189533815895729;11160;6.1702322458571128;11160;6.1284218878749961
11170;153.2395397808771;11170;64.198736533707688;11170;0.26856288338877532;11170;80.149998474074565;11170;6.1702322458571128;11170;6.1284218878749961
11180;153.38602862636188;11180;64.210943937498087;11180;0.26856288338877532;11180;80.149998474074565;11180;6.1702322458571128;11180;6.1284218878749961
11190;153.42265083773307;11190;64.198736533707688;11190;0.26856288338877532;11190;80.149998474074565;11190;6.1702322458571128;11190;6.1284218878749961
11200;153.26395458845789;11200;64.174321726126891;11200;0.26856288338877532;11200;80.149998474074565;11200;6.1702322458571128;11200;6.1256752220221564
11210;153.25174718466749;11210;64.174321726126891;11210;0.26856288338877532;11210;80.189533815895729;11210;6.1702322458571128;11210;6.1281167027802361
11220;153.36161381878108;11220;64.1254921109653;11220;0.2563554795983764;11220;80.189533815895729;11220;6.1702322458571128;11220;6.1250648518326365
11230;153.27616199224829;11230;64.162114322336492;11230;0.29297769096957305;11230;80.2290691577169;11230;6.1702322458571128;11230;6.1262855922116763
11240;153.30057679982909;11240;64.18652912991729;11240;0.31739249855037077;11240;80.149998474074565;11240;6.1702322458571128;11240;6.1284218878749961
11250;153.36161381878108;11250;64.162114322336492;11250;0.29297769096957305;11250;80.189533815895729;11250;6.1702322458571128;11250;6.1305581835383158
11260;153.2395397808771;11260;64.1499069185461;11260;0.23194067201757868;11260;80.2290691577169;11260;6.1702322458571128;11260;6.1281167027802361
11270;153.2029175695059;11270;64.235358745078884;11270;0.26856288338877532;11270;80.189533815895729;11270;6.1702322458571128;11270;6.1281167027802361
11280;153.1785027619251;11280;64.18652912991729;11280;0.26856288338877532;11280;80.149998474074565;11280;6.1702322458571128;11280;6.1278115176854762
11290;153.2029175695059;11290;64.174321726126891;11290;0.26856288338877532;11290;80.149998474074565;11290;6.1702322458571128;11290;6.1253700369273965
11300;153.2395397808771;11300;64.2597735526597;11300;0.29297769096957305;11300;80.2290691577169;11300;6.1702322458571128;11300;6.1284218878749961
11310;153.33719901120028;11310;64.2597735526597;11310;0.26856288338877532;11310;80.2290691577169;11310;6.1702322458571128;11310;6.1265907773064363
11320;153.27616199224829;11320;64.2719809564501;11320;0.26856288338877532;11320;80.268604499538085;11320;6.1702322458571128;11320;6.1281167027802361
11330;153.1907101657155;11330;64.2719809564501;11330;0.2563554795983764;11330;80.268604499538085;11330;6.1702322458571128;11330;6.1284218878749961
11340;153.1785027619251;11340;64.247566148869282;11340;0.29297769096957305;11340;80.189533815895729;11340;6.1702322458571128;11340;6.1302529984435559
11350;153.10525833918271;11350;64.210943937498087;11350;0.26856288338877532;11350;80.110463132253386;11350;6.1702322458571128;11350;6.1272011474959562
11360;153.10525833918271;11360;64.320810571611688;11360;0.26856288338877532;11360;80.189533815895729;11360;6.1702322458571128;11360;6.1278115176854762
11370;153.2395397808771;11370;64.369640186773282;11370;0.26856288338877532;11370;80.189533815895729;11370;6.1702322458571128;11370;6.1265907773064363
11380;153.30057679982909;11380;64.2597735526597;11380;0.26856288338877532;11380;80.110463132253386;11380;6.1702322458571128;11380;6.1250648518326365
11390;153.1907101657155;11390;64.198736533707688;11390;0.29297769096957305;11390;80.149998474074565;11390;6.1702322458571128;11390;6.1278115176854762
11400;153.1907101657155;11400;64.345225379192485;11400;0.26856288338877532;11400;80.189533815895729;11400;6.1702322458571128;11400;6.1284218878749961
11410;153.2029175695059;11410;64.430677205725274;11410;0.26856288338877532;11410;80.189533815895729;11410;6.1702322458571128;11410;6.129032258064516
11420;153.28836939603869;11420;64.235358745078884;11420;0.30518509475997191;11420;80.189533815895729;11420;6.1702322458571128;11420;6.1275063325907162
11430;153.33719901120028;11430;64.1132847071749;11430;0.31739249855037077;11430;80.268604499538085;11430;6.1702322458571128;11430;6.1308633686330758
11440;153.32499160740988;11440;64.162114322336492;11440;0.2563554795983764;11440;80.2290691577169;11440;6.1702322458571128;11440;6.1250648518326365
11450;153.37382122257148;11450;64.174321726126891;11450;0.24414807580797754;11450;80.2290691577169;11450;6.1702322458571128;11450;6.1259804071169164
11460;153.25174718466749;11460;64.174321726126891;11460;0.24414807580797754;11460;80.189533815895729;11460;6.1702322458571128;11460;6.1275063325907162
11470;153.15408795434431;11470;64.2597735526597;11470;0.2563554795983764;11470;80.189533815895729;11470;6.1702322458571128;11470;6.1259804071169164
11480;153.27616199224829;11480;64.284188360240492;11480;0.24414807580797754;11480;80.189533815895729;11480;6.1702322458571128;11480;6.1278115176854762
11490;153.36161381878108;11490;64.235358745078884;11490;0.26856288338877532;11490;80.149998474074565;11490;6.1702322458571128;11490;6.1287270729697561
11500;153.33719901120028;11500;64.174321726126891;11500;0.2563554795983764;11500;80.2290691577169;11500;6.1702322458571128;11500;6.1296426282540359
11510;153.34940641499068;11510;64.1499069185461;11510;0.26856288338877532;11510;80.2290691577169;11510;6.1702322458571128;11510;6.1259804071169164
11520;153.2029175695059;11520;64.284188360240492;11520;0.26856288338877532;11520;80.2290691577169;11520;6.1702322458571128;11520;6.1296426282540359
11530;153.25174718466749;11530;64.284188360240492;11530;0.21973326822717978;11530;80.189533815895729;11530;6.1702322458571128;11530;6.1253700369273965
11540;153.26395458845789;11540;64.18652912991729;11540;0.26856288338877532;11540;80.149998474074565;11540;6.1702322458571128;11540;6.1265907773064363
11550;153.26395458845789;11550;64.174321726126891;11550;0.26856288338877532;11550;80.110463132253386;11550;6.1702322458571128;11550;6.1281167027802361
11560;153.34940641499068;11560;64.2597735526597;11560;0.24414807580797754;11560;80.189533815895729;11560;6.1702322458571128;11560;6.1278115176854762
11570;153.32499160740988;11570;64.357432782982883;11570;0.29297769096957305;11570;80.189533815895729;11570;6.1702322458571128;11570;6.1287270729697561
11580;153.32499160740988;11580;64.2597735526597;11580;0.32959990234076969;11580;80.189533815895729;11580;6.1702322458571128;11580;6.1265907773064363
11590;153.2395397808771;11590;64.162114322336492;11590;0.30518509475997191;11590;80.189533815895729;11590;6.1702322458571128;11590;6.1278115176854762
11600;153.1785027619251;11600;64.198736533707688;11600;0.26856288338877532;11600;80.189533815895729;11600;6.1702322458571128;11600;6.1256752220221564
11610;153.2395397808771;11610;64.2719809564501;11610;0.26856288338877532;11610;80.149998474074565;11610;6.1702322458571128;11610;6.1272011474959562
11620;153.27616199224829;11620;64.284188360240492;11620;0.26856288338877532;11620;80.149998474074565;11620;6.1702322458571128;11620;6.1281167027802361
11630;153.2273323770867;11630;64.2597735526597;11630;0.2563554795983764;11630;80.189533815895729;11630;6.1702322458571128;11630;6.1305581835383158
11640;153.2395397808771;11640;64.18652912991729;11640;0.23194067201757868;11640;80.149998474074565;11640;6.1702322458571128;11640;6.1265907773064363
11650;153.2395397808771;11650;64.162114322336492;11650;0.2563554795983764;11650;80.189533815895729;11650;6.1702322458571128;11650;6.1281167027802361
11660;153.2029175695059;11660;64.162114322336492;11660;0.2563554795983764;11660;80.2290691577169;11660;6.1702322458571128;11660;6.1275063325907162
11670;153.32499160740988;11670;64.198736533707688;11670;0.29297769096957305;11670;80.189533815895729;11670;6.1702322458571128;11670;6.1244544816431166
11680;153.2395397808771;11680;64.1132847071749;11680;0.30518509475997191;11680;80.189533815895729;11680;6.1702322458571128;11680;6.1281167027802361
11690;153.25174718466749;11690;64.198736533707688;11690;0.2563554795983764;11690;80.189533815895729;11690;6.1702322458571128;11690;6.1287270729697561
11700;153.33719901120028;11700;64.2597735526597;11700;0.2563554795983764;11700;80.149998474074565;11700;6.1702322458571128;11700;6.1284218878749961
11710;153.30057679982909;11710;64.18652912991729;11710;0.26856288338877532;11710;80.149998474074565;11710;6.1702322458571128;11710;6.1278115176854762
11720;153.32499160740988;11720;64.247566148869282;11720;0.26856288338877532;11720;80.149998474074565;11720;6.1702322458571128;11720;6.1311685537278358
11730;153.25174718466749;11730;64.247566148869282;11730;0.2563554795983764;11730;80.189533815895729;11730;6.1702322458571128;11730;6.1259804071169164
11740;153.30057679982909;11740;64.333017975402086;11740;0.26856288338877532;11740;80.268604499538085;11740;6.1702322458571128;11740;6.1275063325907162
11750;153.28836939603869;11750;64.2597735526597;11750;0.26856288338877532;11750;80.189533815895729;11750;6.1702322458571128;11750;6.1275063325907162
11760;153.2273323770867;11760;64.247566148869282;11760;0.29297769096957305;11760;80.189533815895729;11760;6.1702322458571128;11760;6.1256752220221564
11770;153.27616199224829;11770;64.2719809564501;11770;0.26856288338877532;11770;80.189533815895729;11770;6.1702322458571128;11770;6.1284218878749961
11780;153.36161381878108;11780;64.284188360240492;11780;0.26856288338877532;11780;80.189533815895729;11780;6.1702322458571128;11780;6.1296426282540359
11790;153.2273323770867;11790;64.38184759056368;11790;0.2563554795983764;11790;80.149998474074565;11790;6.1702322458571128;11790;6.1299478133487959
11800;153.25174718466749;11800;64.320810571611688;11800;0.26856288338877532;11800;80.149998474074565;11800;6.1702322458571128;11800;6.1272011474959562
11810;153.32499160740988;11810;64.296395764030891;11810;0.31739249855037077;11810;80.189533815895729;11810;6.1702322458571128;11810;6.1299478133487959
11820;153.32499160740988;11820;64.235358745078884;11820;0.31739249855037077;11820;80.149998474074565;11820;6.1702322458571128;11820;6.1241492965483566
11830;153.28836939603869;11830;64.1132847071749;11830;0.26856288338877532;11830;80.189533815895729;11830;6.1702322458571128;11830;6.1262855922116763
11840;153.15408795434431;11840;64.174321726126891;11840;0.24414807580797754;11840;80.189533815895729;11840;6.1702322458571128;11840;6.1272011474959562
11850;153.30057679982909;11850;64.18652912991729;11850;0.2563554795983764;11850;80.189533815895729;11850;6.1702322458571128;11850;6.1265907773064363
11860;153.28836939603869;11860;64.1010773033845;11860;0.26856288338877532;11860;80.189533815895729;11860;6.1702322458571128;11860;6.1284218878749961
11870;153.15408795434431;11870;64.198736533707688;11870;0.29297769096957305;11870;80.2290691577169;11870;6.1702322458571128;11870;6.1284218878749961
11880;153.14188055055391;11880;64.284188360240492;11880;0.2563554795983764;11880;80.2290691577169;11880;6.1702322458571128;11880;6.129032258064516
11890;153.2273323770867;11890;64.210943937498087;11890;0.26856288338877532;11890;80.2290691577169;11890;6.1702322458571128;11890;6.1272011474959562
11900;153.25174718466749;11900;64.210943937498087;11900;0.26856288338877532;11900;80.149998474074565;11900;6.1702322458571128;11900;6.1296426282540359
11910;153.2029175695059;11910;64.2719809564501;11910;0.24414807580797754;11910;80.149998474074565;11910;6.1702322458571128;11910;6.1250648518326365
11920;153.1785027619251;11920;64.284188360240492;11920;0.26856288338877532;11920;80.2290691577169;11920;6.1702322458571128;11920;6.1275063325907162
11930;153.30057679982909;11930;64.198736533707688;11930;0.29297769096957305;11930;80.189533815895729;11930;6.1702322458571128;11930;6.1259804071169164
11940;153.43485824152347;11940;64.18652912991729;11940;0.26856288338877532;11940;80.189533815895729;11940;6.1702322458571128;11940;6.1265907773064363
11950;153.2273323770867;11950;64.210943937498087;11950;0.26856288338877532;11950;80.149998474074565;11950;6.1702322458571128;11950;6.1287270729697561
11960;153.2029175695059;11960;64.2719809564501;11960;0.26856288338877532;11960;80.149998474074565;11960;6.1702322458571128;11960;6.1281167027802361
11970;153.37382122257148;11970;64.210943937498087;11970;0.26856288338877532;11970;80.149998474074565;11970;6.1702322458571128;11970;6.1284218878749961
11980;153.36161381878108;11980;64.1499069185461;11980;0.24414807580797754;11980;80.2290691577169;11980;6.1702322458571128;11980;6.1259804071169164
11990;153.25174718466749;11990;64.284188360240492;11990;0.24414807580797754;11990;80.268604499538085;11990;6.1702322458571128;11990;6.1281167027802361
12000;153.26395458845789;12000;64.345225379192485;12000;0.26856288338877532;12000;80.268604499538085;12000;6.1702322458571128;12000;6.1244544816431166
12010;153.30057679982909;12010;64.296395764030891;12010;0.26856288338877532;12010;80.268604499538085;12010;6.1702322458571128;12010;6.1262855922116763
12020;153.25174718466749;12020;64.2719809564501;12020;0.2563554795983764;12020;80.189533815895729;12020;6.1702322458571128;12020;6.1272011474959562
12030;153.32499160740988;12030;64.296395764030891;12030;0.29297769096957305;12030;80.189533815895729;12030;6.1702322458571128;12030;6.129032258064516
12040;153.39823603015228;12040;64.369640186773282;12040;0.29297769096957305;12040;80.149998474074565;12040;6.1702322458571128;12040;6.1281167027802361
12050;153.38602862636188;12050;64.320810571611688;12050;0.26856288338877532;12050;80.189533815895729;12050;6.1702322458571128;12050;6.1284218878749961
12060;153.33719901120028;12060;64.1499069185461;12060;0.24414807580797754;12060;80.189533815895729;12060;6.1702322458571128;12060;6.1284218878749961
12070;153.36161381878108;12070;64.198736533707688;12070;0.24414807580797754;12070;80.189533815895729;12070;6.1702322458571128;12070;6.1253700369273965
12080;153.27616199224829;12080;64.210943937498087;12080;0.24414807580797754;12080;80.2290691577169;12080;6.1702322458571128;12080;6.1275063325907162
12090;153.25174718466749;12090;64.235358745078884;12090;0.30518509475997191;12090;80.189533815895729;12090;6.1702322458571128;12090;6.1265907773064363
12100;153.1907101657155;12100;64.320810571611688;12100;0.30518509475997191;12100;80.189533815895729;12100;6.1702322458571128;12100;6.1287270729697561
12110;153.25174718466749;12110;64.247566148869282;12110;0.24414807580797754;12110;80.189533815895729;12110;6.1702322458571128;12110;6.1281167027802361
12120;153.28836939603869;12120;64.18652912991729;12120;0.26856288338877532;12120;80.268604499538085;12120;6.1702322458571128;12120;6.1299478133487959
12130;153.27616199224829;12130;64.162114322336492;12130;0.30518509475997191;12130;80.2290691577169;12130;6.1702322458571128;12130;6.1253700369273965
12140;153.26395458845789;12140;64.198736533707688;12140;0.26856288338877532;12140;80.189533815895729;12140;6.1702322458571128;12140;6.1259804071169164
12150;153.1662953581347;12150;64.235358745078884;12150;0.21973326822717978;12150;80.189533815895729;12150;6.1702322458571128;12150;6.1278115176854762
12160;153.2029175695059;12160;64.2719809564501;12160;0.23194067201757868;12160;80.189533815895729;12160;6.1702322458571128;12160;6.1253700369273965
12170;153.26395458845789;12170;64.210943937498087;12170;0.2563554795983764;12170;80.2290691577169;12170;6.1702322458571128;12170;6.1281167027802361
12180;153.26395458845789;12180;64.210943937498087;12180;0.2563554795983764;12180;80.189533815895729;12180;6.1702322458571128;12180;6.1244544816431166
12190;153.08084353160191;12190;64.320810571611688;12190;0.2563554795983764;12190;80.149998474074565;12190;6.1702322458571128;12190;6.1265907773064363
12200;153.06863612781152;12200;64.296395764030891;12200;0.26856288338877532;12200;80.149998474074565;12200;6.1702322458571128;12200;6.1259804071169164
12210;153.14188055055391;12210;64.2719809564501;12210;0.30518509475997191;12210;80.189533815895729;12210;6.1702322458571128;12210;6.1275063325907162
12220;153.2029175695059;12220;64.320810571611688;12220;0.29297769096957305;12220;80.149998474074565;12220;6.1702322458571128;12220;6.1253700369273965
12230;153.2273323770867;12230;64.357432782982883;12230;0.2563554795983764;12230;80.189533815895729;12230;6.1702322458571128;12230;6.1275063325907162
12240;153.27616199224829;12240;64.198736533707688;12240;0.26856288338877532;12240;80.2290691577169;12240;6.1702322458571128;12240;6.1281167027802361
12250;153.38602862636188;12250;64.040040284432507;12250;0.29297769096957305;12250;80.189533815895729;12250;6.1702322458571128;12250;6.129032258064516
12260;153.28836939603869;12260;64.162114322336492;12260;0.29297769096957305;12260;80.149998474074565;12260;6.1702322458571128;12260;6.1284218878749961
12270;153.34940641499068;12270;64.2597735526597;12270;0.30518509475997191;12270;80.149998474074565;12270;6.1702322458571128;12270;6.1265907773064363
12280;153.37382122257148;12280;64.210943937498087;12280;0.2563554795983764;12280;80.189533815895729;12280;6.1702322458571128;12280;6.1284218878749961
12290;153.32499160740988;12290;64.333017975402086;12290;0.24414807580797754;12290;80.189533815895729;12290;6.1702322458571128;12290;6.1253700369273965
12300;153.14188055055391;12300;64.357432782982883;12300;0.2563554795983764;12300;80.2290691577169;12300;6.1702322458571128;12300;6.1275063325907162
12310;153.2273323770867;12310;64.235358745078884;12310;0.26856288338877532;12310;80.149998474074565;12310;6.1702322458571128;12310;6.1256752220221564
12320;153.28836939603869;12320;64.247566148869282;12320;0.30518509475997191;12320;80.189533815895729;12320;6.1702322458571128;12320;6.1275063325907162
12330;153.2029175695059;12330;64.296395764030891;12330;0.2563554795983764;12330;80.189533815895729;12330;6.1702322458571128;12330;6.1278115176854762
12340;153.2395397808771;12340;64.345225379192485;12340;0.23194067201757868;12340;80.189533815895729;12340;6.1702322458571128;12340;6.129032258064516
12350;153.1907101657155;12350;64.345225379192485;12350;0.23194067201757868;12350;80.149998474074565;12350;6.1702322458571128;12350;6.1287270729697561
12360;153.28836939603869;12360;64.2719809564501;12360;0.2563554795983764;12360;80.2290691577169;12360;6.1702322458571128;12360;6.1281167027802361
12370;153.2395397808771;12370;64.210943937498087;12370;0.26856288338877532;12370;80.2290691577169;12370;6.1702322458571128;12370;6.1284218878749961
12380;153.2395397808771;12380;64.345225379192485;12380;0.29297769096957305;12380;80.149998474074565;12380;6.1702322458571128;12380;6.1272011474959562
12390;153.1662953581347;12390;64.345225379192485;12390;0.26856288338877532;12390;80.149998474074565;12390;6.1702322458571128;12390;6.1296426282540359
12400;153.15408795434431;12400;64.2597735526597;12400;0.24414807580797754;12400;80.189533815895729;12400;6.1702322458571128;12400;6.1244544816431166
12410;153.25174718466749;12410;64.345225379192485;12410;0.2563554795983764;12410;80.2290691577169;12410;6.1702322458571128;12410;6.1272011474959562
12420;153.25174718466749;12420;64.2719809564501;12420;0.2563554795983764;12420;80.149998474074565;12420;6.1702322458571128;12420;6.1265907773064363
12430;153.1907101657155;12430;64.284188360240492;12430;0.2563554795983764;12430;80.189533815895729;12430;6.1702322458571128;12430;6.1281167027802361
12440;153.1907101657155;12440;64.2719809564501;12440;0.29297769096957305;12440;80.189533815895729;12440;6.1702322458571128;12440;6.1284218878749961
12450;153.26395458845789;12450;64.2597735526597;12450;0.26856288338877532;12450;80.2290691577169;12450;6.1702322458571128;12450;6.1287270729697561
12460;153.2029175695059;12460;64.345225379192485;12460;0.2563554795983764;12460;80.189533815895729;12460;6.1702322458571128;12460;6.1287270729697561
12470;153.27616199224829;12470;64.296395764030891;12470;0.29297769096957305;12470;80.189533815895729;12470;6.1702322458571128;12470;6.1278115176854762
12480;153.2273323770867;12480;64.320810571611688;12480;0.26856288338877532;12480;80.268604499538085;12480;6.1702322458571128;12480;6.1281167027802361
12490;153.25174718466749;12490;64.430677205725274;12490;0.26856288338877532;12490;80.2290691577169;12490;6.1702322458571128;12490;6.1238441114535966
12500;153.30057679982909;12500;64.418469801934876;12500;0.2563554795983764;12500;80.189533815895729;12500;6.1702322458571128;12500;6.1284218878749961
12510;153.30057679982909;12510;64.320810571611688;12510;0.23194067201757868;12510;80.189533815895729;12510;6.1702322458571128;12510;6.1253700369273965
12520;153.27616199224829;12520;64.320810571611688;12520;0.23194067201757868;12520;80.2290691577169;12520;6.1702322458571128;12520;6.1265907773064363
12530;153.26395458845789;12530;64.284188360240492;12530;0.2563554795983764;12530;80.149998474074565;12530;6.1702322458571128;12530;6.1275063325907162
12540;153.34940641499068;12540;64.320810571611688;12540;0.32959990234076969;12540;80.189533815895729;12540;6.1702322458571128;12540;6.1272011474959562
12550;153.1907101657155;12550;64.345225379192485;12550;0.32959990234076969;12550;80.2290691577169;12550;6.1702322458571128;12550;6.1278115176854762
12560;153.14188055055391;12560;64.320810571611688;12560;0.26856288338877532;12560;80.189533815895729;12560;6.1702322458571128;12560;6.1281167027802361
12570;153.2395397808771;12570;64.333017975402086;12570;0.2563554795983764;12570;80.189533815895729;12570;6.1702322458571128;12570;6.129032258064516
12580;153.36161381878108;12580;64.284188360240492;12580;0.2563554795983764;12580;80.189533815895729;12580;6.1702322458571128;12580;6.1272011474959562
12590;153.38602862636188;12590;64.333017975402086;12590;0.26856288338877532;12590;80.189533815895729;12590;6.1702322458571128;12590;6.129032258064516
12600;153.30057679982909;12600;64.333017975402086;12600;0.2563554795983764;12600;80.189533815895729;12600;6.1702322458571128;12600;6.1250648518326365
12610;153.26395458845789;12610;64.406262398144477;12610;0.32959990234076969;12610;80.189533815895729;12610;6.1702322458571128;12610;6.1278115176854762
12620;153.2273323770867;12620;64.442884609515673;12620;0.30518509475997191;12620;80.149998474074565;12620;6.1702322458571128;12620;6.1262855922116763
12630;153.30057679982909;12630;64.46729941709647;12630;0.29297769096957305;12630;80.189533815895729;12630;6.1702322458571128;12630;6.1272011474959562
12640;153.33719901120028;12640;64.46729941709647;12640;0.30518509475997191;12640;80.2290691577169;12640;6.1702322458571128;12640;6.1284218878749961
12650;153.2273323770867;12650;64.38184759056368;12650;0.26856288338877532;12650;80.268604499538085;12650;6.1702322458571128;12650;6.1275063325907162
12660;153.15408795434431;12660;64.418469801934876;12660;0.26856288338877532;12660;80.268604499538085;12660;6.1702322458571128;12660;6.1275063325907162
12670;153.2273323770867;12670;64.38184759056368;12670;0.29297769096957305;12670;80.189533815895729;12670;6.1702322458571128;12670;6.1250648518326365
12680;153.2273323770867;12680;64.333017975402086;12680;0.26856288338877532;12680;80.189533815895729;12680;6.1702322458571128;12680;6.1275063325907162
12690;153.1785027619251;12690;64.296395764030891;12690;0.24414807580797754;12690;80.2290691577169;12690;6.1702322458571128;12690;6.1275063325907162
12700;153.25174718466749;12700;64.357432782982883;12700;0.29297769096957305;12700;80.2290691577169;12700;6.1702322458571128;12700;6.1296426282540359
12710;153.2395397808771;12710;64.38184759056368;12710;0.2563554795983764;12710;80.149998474074565;12710;6.1702322458571128;12710;6.1278115176854762
12720;153.1785027619251;12720;64.296395764030891;12720;0.23194067201757868;12720;80.149998474074565;12720;6.1702322458571128;12720;6.1302529984435559
12730;153.1662953581347;12730;64.210943937498087;12730;0.2563554795983764;12730;80.149998474074565;12730;6.1702322458571128;12730;6.1256752220221564
12740;153.2395397808771;12740;64.2719809564501;12740;0.29297769096957305;12740;80.2290691577169;12740;6.1702322458571128;12740;6.1250648518326365
12750;153.27616199224829;12750;64.442884609515673;12750;0.30518509475997191;12750;80.2290691577169;12750;6.1702322458571128;12750;6.1278115176854762
12760;153.30057679982909;12760;64.528336436048463;12760;0.29297769096957305;12760;80.149998474074565;12760;6.1702322458571128;12760;6.1272011474959562
12770;153.28836939603869;12770;64.333017975402086;12770;0.24414807580797754;12770;80.189533815895729;12770;6.1702322458571128;12770;6.1281167027802361
12780;153.26395458845789;12780;64.198736533707688;12780;0.24414807580797754;12780;80.2290691577169;12780;6.1702322458571128;12780;6.1278115176854762
12790;153.2395397808771;12790;64.406262398144477;12790;0.24414807580797754;12790;80.189533815895729;12790;6.1702322458571128;12790;6.1305581835383158
12800;153.36161381878108;12800;64.430677205725274;12800;0.26856288338877532;12800;80.149998474074565;12800;6.1702322458571128;12800;6.1241492965483566
12810;153.28836939603869;12810;64.345225379192485;12810;0.31739249855037077;12810;80.2290691577169;12810;6.1702322458571128;12810;6.1262855922116763
12820;153.1662953581347;12820;64.2719809564501;12820;0.32959990234076969;12820;80.2290691577169;12820;6.1702322458571128;12820;6.1272011474959562
12830;153.27616199224829;12830;64.2597735526597;12830;0.31739249855037077;12830;80.2290691577169;12830;6.1702322458571128;12830;6.1278115176854762
12840;153.25174718466749;12840;64.2719809564501;12840;0.26856288338877532;12840;80.189533815895729;12840;6.1702322458571128;12840;6.1281167027802361
12850;153.37382122257148;12850;64.357432782982883;12850;0.24414807580797754;12850;80.149998474074565;12850;6.1702322458571128;12850;6.1278115176854762
12860;153.37382122257148;12860;64.320810571611688;12860;0.2563554795983764;12860;80.189533815895729;12860;6.1702322458571128;12860;6.1287270729697561
12870;153.2395397808771;12870;64.296395764030891;12870;0.29297769096957305;12870;80.2290691577169;12870;6.1702322458571128;12870;6.1265907773064363
12880;153.1785027619251;12880;64.38184759056368;12880;0.29297769096957305;12880;80.2290691577169;12880;6.1702322458571128;12880;6.1287270729697561
12890;153.27616199224829;12890;64.333017975402086;12890;0.29297769096957305;12890;80.2290691577169;12890;6.1702322458571128;12890;6.1241492965483566
EOF
