Name;Scope Project1;
File;C:\Users\Tobno\Desktop\CBV_Mapping\Jib\Crack2.csv;
Starttime of export;134223614525160000;mandag 4. mai 2026;11:44:12.516
Endtime of export;134223614717560000;mandag 4. mai 2026;11:44:31.756


Name;fPresSupply_bar;Name;fPres1A_bar;Name;fPres1B_bar;Name;fCylinder1_mm;Name;fValve1_V;Name;fSensor1_V;Name;fPresCyl1A_bar;Name;fPresCyl1B_bar

0;151.0910367137669;0;56.82546464430677;0;16.528824732200079;0;820.84462749384784;0;5.00015259254738;0;4.9659718619342632;0;62.807092501602227;0;95.706045716727189
10;151.1032441175573;10;56.82546464430677;10;16.553239539780879;10;820.80509215202665;10;5.00015259254738;10;4.968108157597583;10;62.758262886440633;10;95.6572161015656
20;151.11545152134769;20;56.898709067049168;20;16.589861751152075;20;820.80509215202665;20;5.00015259254738;20;4.9693288979766228;20;62.69722586748864;20;95.77929013946958
30;151.0544145023957;30;56.947538682210762;30;16.663106173894469;30;820.84462749384784;30;5.00015259254738;30;4.967497787408063;30;62.78267769402143;30;95.815912350840776
40;151.0544145023957;40;56.776635029145176;40;16.614276558732872;40;820.84462749384784;40;5.00015259254738;40;4.9665822321237831;40;62.78267769402143;40;95.742667928098385
50;151.0544145023957;50;56.776635029145176;50;16.51661732840968;50;820.84462749384784;50;5.00015259254738;50;4.9671926023133031;50;62.69722586748864;50;95.681630909146392
60;151.0910367137669;60;56.801049836725973;60;16.51661732840968;60;820.84462749384784;60;5.00015259254738;60;4.9690237128818628;60;62.721640675069438;60;95.706045716727189
70;151.15207373271889;70;56.82546464430677;70;16.541032135990477;70;820.92369817749022;70;5.00015259254738;70;4.9684133426923429;70;62.794885097811829;70;95.706045716727189
80;151.18869594409011;80;56.88650166325877;80;16.565446943571278;80;820.84462749384784;80;5.00015259254738;80;4.9668874172185431;80;62.746055482650235;80;95.815912350840776
90;151.13986632892849;90;56.813257240516371;90;16.663106173894469;90;820.80509215202665;90;5.00015259254738;90;4.9684133426923429;90;62.636188848536634;90;95.815912350840776
100;151.18869594409011;100;56.813257240516371;100;16.650898770104071;100;820.84462749384784;100;5.00015259254738;100;4.9693288979766228;100;62.611774040955837;100;95.706045716727189
110;151.2863551744133;110;56.801049836725973;110;16.650898770104071;110;820.92369817749022;110;4.9992370372631;110;4.9693288979766228;110;62.709433271279039;110;95.718253120517588
120;151.16428113650929;120;56.691183202612386;120;16.724143192846462;120;820.92369817749022;120;4.99801629688406;120;4.967497787408063;120;62.746055482650235;120;95.730460524307986
130;151.15207373271889;130;56.678975798821988;130;16.760765404217658;130;820.80509215202665;130;4.99710074159978;130;4.9671926023133031;130;62.623981444746235;130;95.681630909146392
140;151.15207373271889;140;56.642353587450792;140;16.663106173894469;140;820.80509215202665;140;4.9961851863155005;140;4.968108157597583;140;62.611774040955837;140;95.510727256080813
150;151.0910367137669;150;56.703390606402785;150;16.638691366313669;150;820.92369817749022;150;4.9952696310312206;150;4.9687185277871029;150;62.709433271279039;150;95.4985198522904
160;151.16428113650929;160;56.874294259468371;160;16.711935789056064;160;820.92369817749022;160;4.9940488906521807;160;4.9684133426923429;160;62.672811059907829;160;95.5839716788232
170;151.23752555925171;170;56.691183202612386;170;16.772972808008056;170;820.80509215202665;170;4.9931333353679008;170;4.9671926023133031;170;62.636188848536634;170;95.53514206366161
180;151.24973296304211;180;56.5935239722892;180;16.882839442121647;180;820.80509215202665;180;4.9922177800836209;180;4.9671926023133031;180;62.69722586748864;180;95.5717642750328
190;151.16428113650929;190;56.617938779869995;190;16.858424634540849;190;820.84462749384784;190;4.991302224799341;190;4.9687185277871029;190;62.721640675069438;190;95.5595568712424
200;151.0910367137669;200;56.5935239722892;200;16.785180211798455;200;820.84462749384784;200;4.9900814844203;200;4.9687185277871029;200;62.709433271279039;200;95.6205938901944
210;151.1032441175573;210;56.642353587450792;210;16.663106173894469;210;820.80509215202665;210;4.98916592913602;210;4.9668874172185431;210;62.672811059907829;210;95.669423505356
220;151.12765892513809;220;56.678975798821988;220;16.711935789056064;220;820.92369817749022;220;4.9882503738517405;220;4.967497787408063;220;62.672811059907829;220;95.5839716788232
230;151.12765892513809;230;56.678975798821988;230;16.846217230750451;230;820.92369817749022;230;4.9870296334727007;230;4.9690237128818628;230;62.660603656117431;230;95.547349467452008
240;151.16428113650929;240;56.556901760918;240;16.870632038331248;240;820.84462749384784;240;4.9861140781884208;240;4.9693288979766228;240;62.69722586748864;240;95.5717642750328
250;151.3229773857845;250;56.508072145756408;250;17.004913480025635;250;820.80509215202665;250;4.9851985229041409;250;4.9684133426923429;250;62.721640675069438;250;95.4618976409192
260;151.3351847895749;260;56.642353587450792;260;16.956083864864041;260;820.80509215202665;260;4.984282967619861;260;4.9671926023133031;260;62.69722586748864;260;95.4496902371288
270;151.18869594409011;270;56.678975798821988;270;16.834009826960049;270;820.80509215202665;270;4.9830622272408212;270;4.967497787408063;270;62.636188848536634;270;95.6328012939848
280;151.11545152134769;280;56.5691091647084;280;16.907254249702444;280;820.80509215202665;280;4.9821466719565413;280;4.9693288979766228;280;62.721640675069438;280;95.681630909146392
290;151.1032441175573;290;56.5691091647084;290;16.992706076235237;290;820.84462749384784;290;4.9812311166722614;290;4.9693288979766228;290;62.78267769402143;290;95.5839716788232
300;151.13986632892849;300;56.556901760918;300;17.065950498977632;300;820.84462749384784;300;4.9800103762932215;300;4.967497787408063;300;62.672811059907829;300;95.5961790826136
310;151.21311075167091;310;56.398205511642807;310;17.090365306558429;310;820.80509215202665;310;4.9790948210089416;310;4.967497787408063;310;62.660603656117431;310;95.6205938901944
320;151.15207373271889;320;56.398205511642807;320;17.004913480025635;320;820.76555681020545;320;4.9781792657246617;320;4.9684133426923429;320;62.78267769402143;320;95.53514206366161
330;151.13986632892849;330;56.617938779869995;330;16.992706076235237;330;820.76555681020545;330;4.9772637104403818;330;4.9690237128818628;330;62.636188848536634;330;95.5717642750328
340;151.15207373271889;340;56.630146183660393;340;17.029328287606432;340;820.80509215202665;340;4.976042970061342;340;4.9684133426923429;340;62.550737022003844;340;95.5961790826136
350;151.15207373271889;350;56.605731376079596;350;17.139194921720026;350;820.92369817749022;350;4.9751274147770621;350;4.9671926023133031;350;62.672811059907829;350;95.6205938901944
360;151.22531815546131;360;56.520279549546807;360;17.18802453688162;360;820.92369817749022;360;4.9742118594927822;360;4.9671926023133031;360;62.660603656117431;360;95.6328012939848
370;151.12765892513809;370;56.398205511642807;370;17.114780114139226;370;820.84462749384784;370;4.9732963042085023;370;4.9684133426923429;370;62.758262886440633;370;95.681630909146392
380;151.20090334788051;380;56.434827723014;380;17.139194921720026;380;820.84462749384784;380;4.9720755638294625;380;4.9690237128818628;380;62.758262886440633;380;95.669423505356
390;151.21311075167091;390;56.459242530594814;390;17.224646748252816;390;820.84462749384784;390;4.9711600085451826;390;4.967497787408063;390;62.648396252327032;390;95.5839716788232
400;151.11545152134769;400;56.520279549546807;400;17.200231940672019;400;820.84462749384784;400;4.9702444532609027;400;4.9684133426923429;400;62.709433271279039;400;95.5717642750328
410;151.0299996948149;410;56.544694357127604;410;17.163609729300823;410;820.84462749384784;410;4.9690237128818628;410;4.9696340830713828;410;62.672811059907829;410;95.6205938901944
420;151.00558488723411;420;56.508072145756408;420;17.224646748252816;420;820.80509215202665;420;4.968108157597583;420;4.9687185277871029;420;62.562944425794242;420;95.53514206366161
430;151.0299996948149;430;56.459242530594814;430;17.151402325510425;430;820.80509215202665;430;4.9671926023133031;430;4.9671926023133031;430;62.550737022003844;430;95.4985198522904
440;151.0666219061861;440;56.483657338175611;440;17.126987517929624;440;820.84462749384784;440;4.9662770470290232;440;4.967497787408063;440;62.611774040955837;440;95.5839716788232
450;151.0299996948149;450;56.398205511642807;450;17.200231940672019;450;820.84462749384784;450;4.9650563066499833;450;4.9671926023133031;450;62.623981444746235;450;95.5595568712424
460;151.0910367137669;460;56.337168492690815;460;17.200231940672019;460;820.80509215202665;460;4.9641407513657034;460;4.968108157597583;460;62.648396252327032;460;95.5595568712424
470;151.20090334788051;470;56.422620319223604;470;17.18802453688162;470;820.80509215202665;470;4.9632251960814235;470;4.9687185277871029;470;62.575151829584641;470;95.4618976409192
480;151.20090334788051;480;56.337168492690815;480;17.114780114139226;480;820.80509215202665;480;4.9620044557023837;480;4.9671926023133031;480;62.623981444746235;480;95.4741050447096
490;151.21311075167091;490;56.300546281319619;490;17.18802453688162;490;820.76555681020545;490;4.9610889004181038;490;4.967497787408063;490;62.709433271279039;490;95.6328012939848
500;151.0666219061861;500;56.361583300271612;500;17.285683767204809;500;820.80509215202665;500;4.9601733451338239;500;4.9687185277871029;500;62.709433271279039;500;95.5717642750328
510;151.0666219061861;510;56.37379070406201;510;17.297891170995207;510;820.80509215202665;510;4.959257789849544;510;4.9690237128818628;510;62.733848078859836;510;95.4618976409192
520;151.1032441175573;520;56.361583300271612;520;17.310098574785606;520;820.84462749384784;520;4.9580370494705042;520;4.968108157597583;520;62.672811059907829;520;95.4741050447096
530;151.13986632892849;530;56.385998107852409;530;17.224646748252816;530;820.84462749384784;530;4.9571214941862243;530;4.968108157597583;530;62.69722586748864;530;95.5717642750328
540;151.23752555925171;540;56.385998107852409;540;17.310098574785606;540;820.80509215202665;540;4.9562059389019444;540;4.967497787408063;540;62.672811059907829;540;95.6572161015656
550;151.11545152134769;550;56.263924069948423;550;17.334513382366406;550;820.84462749384784;550;4.9552903836176645;550;4.968108157597583;550;62.733848078859836;550;95.6328012939848
560;151.0910367137669;560;56.190679647206032;560;17.18802453688162;560;820.92369817749022;560;4.9540696432386246;560;4.9684133426923429;560;62.69722586748864;560;95.6328012939848
570;151.12765892513809;570;56.129642628254039;570;17.212439344462418;570;820.92369817749022;570;4.9531540879543448;570;4.9650563066499833;570;62.623981444746235;570;95.6572161015656
580;151.0910367137669;580;56.166264839625235;580;17.383342997528;580;820.84462749384784;580;4.9522385326700649;580;4.9650563066499833;580;62.660603656117431;580;95.5717642750328
590;151.11545152134769;590;56.215094454786829;590;17.481002227851192;590;820.80509215202665;590;4.9510177922910241;590;4.968108157597583;590;62.660603656117431;590;95.4741050447096
600;151.12765892513809;600;56.190679647206032;600;17.590868861964783;600;820.84462749384784;600;4.9501022370067442;600;4.9690237128818628;600;62.69722586748864;600;95.53514206366161
610;151.16428113650929;610;56.227301858577228;610;17.52983184301279;610;820.76555681020545;610;4.9491866817224643;610;4.968108157597583;610;62.746055482650235;610;95.6328012939848
620;151.2863551744133;620;56.300546281319619;620;17.481002227851192;620;820.80509215202665;620;4.9482711264381845;620;4.968108157597583;620;62.672811059907829;620;95.5595568712424
630;151.23752555925171;630;56.215094454786829;630;17.481002227851192;630;820.92369817749022;630;4.9470503860591446;630;4.9665822321237831;630;62.611774040955837;630;95.4741050447096
640;151.15207373271889;640;56.251716666158025;640;17.52983184301279;640;820.84462749384784;640;4.9461348307748647;640;4.9671926023133031;640;62.587359233375039;640;95.547349467452008
650;151.23752555925171;650;56.312753685110017;650;17.578661458174384;650;820.84462749384784;650;4.9452192754905848;650;4.968108157597583;650;62.587359233375039;650;95.5717642750328
660;151.13986632892849;660;56.166264839625235;660;17.542039246803188;660;820.84462749384784;660;4.943998535111545;660;4.968108157597583;660;62.733848078859836;660;95.5961790826136
670;151.0910367137669;670;56.080813013092445;670;17.590868861964783;670;820.84462749384784;670;4.9430829798272651;670;4.9671926023133031;670;62.709433271279039;670;95.547349467452008
680;151.0910367137669;680;56.129642628254039;680;17.542039246803188;680;820.84462749384784;680;4.9421674245429852;680;4.9671926023133031;680;62.69722586748864;680;95.4741050447096
690;151.12765892513809;690;56.129642628254039;690;17.542039246803188;690;820.76555681020545;690;4.9412518692587053;690;4.968108157597583;690;62.69722586748864;690;95.53514206366161
700;151.18869594409011;700;56.117435224463641;700;17.590868861964783;700;820.76555681020545;700;4.9400311288796654;700;4.9671926023133031;700;62.636188848536634;700;95.510727256080813
710;151.1032441175573;710;56.093020416882844;710;17.651905880916775;710;820.80509215202665;710;4.9391155735953856;710;4.967497787408063;710;62.672811059907829;710;95.510727256080813
720;151.0422070986053;720;56.093020416882844;720;17.639698477126377;720;820.84462749384784;720;4.9382000183111057;720;4.967497787408063;720;62.69722586748864;720;95.5839716788232
730;151.11545152134769;730;56.178472243415634;730;17.712942899868768;730;820.92369817749022;730;4.9372844630268258;730;4.9684133426923429;730;62.623981444746235;730;95.5717642750328
740;151.12765892513809;740;56.129642628254039;740;17.749565111239967;740;820.92369817749022;740;4.9360637226477859;740;4.968108157597583;740;62.538529618213445;740;95.5717642750328
750;151.0910367137669;750;56.080813013092445;750;17.700735496078369;750;820.92369817749022;750;4.935148167363506;750;4.9671926023133031;750;62.611774040955837;750;95.6328012939848
760;151.13986632892849;760;56.00756859035004;760;17.700735496078369;760;820.80509215202665;760;4.9342326120792261;760;4.967497787408063;760;62.69722586748864;760;95.5839716788232
770;151.16428113650929;770;55.970946378978844;770;17.712942899868768;770;820.80509215202665;770;4.9330118717001863;770;4.9671926023133031;770;62.69722586748864;770;95.5961790826136
780;151.24973296304211;780;56.141850032044438;780;17.749565111239967;780;820.80509215202665;780;4.9320963164159064;780;4.9671926023133031;780;62.623981444746235;780;95.6205938901944
790;151.2863551744133;790;56.105227820673242;790;17.773979918820764;790;820.84462749384784;790;4.9311807611316265;790;4.9665822321237831;790;62.562944425794242;790;95.6205938901944
800;151.18869594409011;800;56.044190801721236;800;17.749565111239967;800;820.92369817749022;800;4.9302652058473466;800;4.9665822321237831;800;62.672811059907829;800;95.6205938901944
810;151.13986632892849;810;56.166264839625235;810;17.908261360515151;810;820.80509215202665;810;4.9290444654683068;810;4.967497787408063;810;62.660603656117431;810;95.5961790826136
820;151.0910367137669;820;56.117435224463641;820;17.883846552934354;820;820.80509215202665;820;4.9281289101840269;820;4.9684133426923429;820;62.50190740684225;820;95.4863124485
830;151.0422070986053;830;55.946531571398047;830;17.749565111239967;830;820.76555681020545;830;4.927213354899747;830;4.968108157597583;830;62.526322214423047;830;95.4985198522904
840;151.0910367137669;840;55.970946378978844;840;17.773979918820764;840;820.80509215202665;840;4.9262977996154671;840;4.9668874172185431;840;62.587359233375039;840;95.5961790826136
850;151.0422070986053;850;56.031983397930837;850;17.81060213019196;850;820.84462749384784;850;4.9250770592364272;850;4.9662770470290232;850;62.660603656117431;850;95.5595568712424
860;150.98117007965331;860;55.970946378978844;860;17.920468764305554;860;820.84462749384784;860;4.9241615039521474;860;4.9665822321237831;860;62.69722586748864;860;95.6572161015656
870;151.0544145023957;870;55.946531571398047;870;17.83501693777276;870;820.84462749384784;870;4.9232459486678675;870;4.9665822321237831;870;62.69722586748864;870;95.6572161015656
880;151.0422070986053;880;55.958738975188446;880;17.773979918820764;880;820.80509215202665;880;4.9220252082888276;880;4.967497787408063;880;62.746055482650235;880;95.547349467452008
890;151.11545152134769;890;55.934324167607649;890;17.896053956724753;890;820.80509215202665;890;4.9211096530045477;890;4.9684133426923429;890;62.78267769402143;890;95.5717642750328
900;151.16428113650929;900;55.836664937284461;900;17.981505783257546;900;820.84462749384784;900;4.9201940977202678;900;4.9662770470290232;900;62.672811059907829;900;95.547349467452008
910;151.11545152134769;910;55.946531571398047;910;17.883846552934354;910;820.92369817749022;910;4.9192785424359879;910;4.9665822321237831;910;62.611774040955837;910;95.4618976409192
920;151.24973296304211;920;56.019775994140439;920;17.993713187047945;920;820.92369817749022;920;4.9180578020569481;920;4.9671926023133031;920;62.623981444746235;920;95.510727256080813
930;151.24973296304211;930;55.970946378978844;930;18.079165013580738;930;820.92369817749022;930;4.9171422467726682;930;4.967497787408063;930;62.562944425794242;930;95.6328012939848
940;151.0910367137669;940;55.995361186559641;940;18.005920590838343;940;820.84462749384784;940;4.9162266914883883;940;4.968108157597583;940;62.587359233375039;940;95.5839716788232
950;151.12765892513809;950;55.958738975188446;950;17.932676168095952;950;820.80509215202665;950;4.9150059511093485;950;4.9668874172185431;950;62.648396252327032;950;95.547349467452008
960;151.1032441175573;960;56.031983397930837;960;18.005920590838343;960;820.84462749384784;960;4.9140903958250686;960;4.9662770470290232;960;62.733848078859836;960;95.4985198522904
970;151.1032441175573;970;56.019775994140439;970;18.115787224951934;970;820.84462749384784;970;4.9131748405407887;970;4.9668874172185431;970;62.733848078859836;970;95.5961790826136
980;151.11545152134769;980;55.92211676381725;980;18.091372417371137;980;820.84462749384784;980;4.9122592852565088;980;4.968108157597583;980;62.623981444746235;980;95.547349467452008
990;151.0299996948149;990;55.946531571398047;990;18.176824243903926;990;820.84462749384784;990;4.911038544877468;990;4.967497787408063;990;62.575151829584641;990;95.41306802575761
1000;151.20090334788051;1000;55.909909360026852;1000;18.189031647694325;1000;820.84462749384784;1000;4.9101229895931882;1000;4.9665822321237831;1000;62.636188848536634;1000;95.352031006805618
1010;151.21311075167091;1010;55.824457533494062;1010;18.164616840113528;1010;820.80509215202665;1010;4.9092074343089083;1010;4.9662770470290232;1010;62.611774040955837;1010;95.41306802575761
1020;151.0422070986053;1020;55.763420514542069;1020;18.091372417371137;1020;820.80509215202665;1020;4.9082918790246284;1020;4.9662770470290232;1020;62.660603656117431;1020;95.4985198522904
1030;151.0666219061861;1030;55.836664937284461;1030;18.005920590838343;1030;820.84462749384784;1030;4.9070711386455885;1030;4.9665822321237831;1030;62.746055482650235;1030;95.4496902371288
1040;151.12765892513809;1040;55.909909360026852;1040;18.042542802209542;1040;820.80509215202665;1040;4.9061555833613086;1040;4.968108157597583;1040;62.672811059907829;1040;95.5595568712424
1050;151.20090334788051;1050;55.848872341074859;1050;18.140202032532731;1050;820.80509215202665;1050;4.9052400280770287;1050;4.9684133426923429;1050;62.660603656117431;1050;95.6450086977752
1060;151.15207373271889;1060;55.775627918332468;1060;18.176824243903926;1060;820.76555681020545;1060;4.9040192876979889;1060;4.9671926023133031;1060;62.709433271279039;1060;95.547349467452008
1070;151.0666219061861;1070;55.739005706961272;1070;18.164616840113528;1070;820.80509215202665;1070;4.903103732413709;1070;4.9668874172185431;1070;62.733848078859836;1070;95.4741050447096
1080;151.0910367137669;1080;55.824457533494062;1080;18.201239051484723;1080;820.80509215202665;1080;4.9021881771294291;1080;4.9665822321237831;1080;62.709433271279039;1080;95.4985198522904
1090;151.18869594409011;1090;55.848872341074859;1090;18.286690878017517;1090;820.80509215202665;1090;4.9012726218451492;1090;4.9668874172185431;1090;62.660603656117431;1090;95.4985198522904
1100;151.18869594409011;1100;55.848872341074859;1100;18.37214270455031;1100;820.84462749384784;1100;4.9000518814661094;1100;4.9668874172185431;1100;62.611774040955837;1100;95.4863124485
1110;151.13986632892849;1110;55.885494552446055;1110;18.298898281807915;1110;820.80509215202665;1110;4.8991363261818295;1110;4.9665822321237831;1110;62.623981444746235;1110;95.41306802575761
1120;151.0910367137669;1120;55.861079744865258;1120;18.274483474227118;1120;820.80509215202665;1120;4.89822077089755;1120;4.9662770470290232;1120;62.623981444746235;1120;95.437482833338407
1130;151.18869594409011;1130;55.800042725913265;1130;18.298898281807915;1130;820.84462749384784;1130;4.89700003051851;1130;4.9671926023133031;1130;62.562944425794242;1130;95.4618976409192
1140;151.24973296304211;1140;55.751213110751671;1140;18.26227607043672;1140;820.84462749384784;1140;4.89608447523423;1140;4.968108157597583;1140;62.623981444746235;1140;95.352031006805618
1150;151.16428113650929;1150;55.665761284218881;1150;18.189031647694325;1150;820.84462749384784;1150;4.89516891994995;1150;4.9684133426923429;1150;62.611774040955837;1150;95.437482833338407
1160;151.15207373271889;1160;55.751213110751671;1160;18.26227607043672;1160;820.92369817749022;1160;4.89425336466567;1160;4.968108157597583;1160;62.648396252327032;1160;95.4741050447096
1170;151.11545152134769;1170;55.775627918332468;1170;18.237861262855922;1170;820.92369817749022;1170;4.89303262428663;1170;4.9671926023133031;1170;62.709433271279039;1170;95.388653218176813
1180;151.11545152134769;1180;55.690176091799678;1180;18.26227607043672;1180;820.84462749384784;1180;4.8921170690023494;1180;4.9671926023133031;1180;62.636188848536634;1180;95.437482833338407
1190;151.0666219061861;1190;55.714590899380475;1190;18.396557512131107;1190;820.84462749384784;1190;4.8912015137180695;1190;4.9668874172185431;1190;62.648396252327032;1190;95.4863124485
1200;151.0422070986053;1200;55.690176091799678;1200;18.37214270455031;1200;820.84462749384784;1200;4.89028595843379;1200;4.968108157597583;1200;62.648396252327032;1200;95.4618976409192
1210;151.0544145023957;1210;55.665761284218881;1210;18.335520493179114;1210;820.84462749384784;1210;4.88906521805475;1210;4.9684133426923429;1210;62.611774040955837;1210;95.4741050447096
1220;151.15207373271889;1220;55.629139072847678;1220;18.457594531083103;1220;820.84462749384784;1220;4.88814966277047;1220;4.9671926023133031;1220;62.69722586748864;1220;95.5961790826136
1230;151.24973296304211;1230;55.629139072847678;1230;18.457594531083103;1230;820.80509215202665;1230;4.88723410748619;1230;4.9668874172185431;1230;62.733848078859836;1230;95.5839716788232
1240;151.13986632892849;1240;55.702383495590077;1240;18.420972319711908;1240;820.80509215202665;1240;4.88601336710715;1240;4.9671926023133031;1240;62.660603656117431;1240;95.510727256080813
1250;151.11545152134769;1250;55.800042725913265;1250;18.506424146244697;1250;820.80509215202665;1250;4.88509781182287;1250;4.968108157597583;1250;62.575151829584641;1250;95.4863124485
1260;151.22531815546131;1260;55.836664937284461;1260;18.4820093386639;1260;820.80509215202665;1260;4.88418225653859;1260;4.967497787408063;1260;62.672811059907829;1260;95.4496902371288
1270;151.20090334788051;1270;55.787835322122866;1270;18.4698019348735;1270;820.84462749384784;1270;4.8832667012543105;1270;4.967497787408063;1270;62.880336924344618;1270;95.4863124485
1280;151.0666219061861;1280;55.787835322122866;1280;18.4820093386639;1280;820.84462749384784;1280;4.8820459608752707;1280;4.967497787408063;1280;62.78267769402143;1280;95.510727256080813
1290;151.00558488723411;1290;55.751213110751671;1290;18.506424146244697;1290;820.84462749384784;1290;4.8811304055909908;1290;4.968108157597583;1290;62.636188848536634;1290;95.4985198522904
1300;151.0422070986053;1300;55.665761284218881;1300;18.4698019348735;1300;820.84462749384784;1300;4.8802148503067109;1300;4.9684133426923429;1300;62.672811059907829;1300;95.4741050447096
1310;151.0910367137669;1310;55.690176091799678;1310;18.506424146244697;1310;820.84462749384784;1310;4.879299295022431;1310;4.9671926023133031;1310;62.636188848536634;1310;95.4496902371288
1320;151.11545152134769;1320;55.604724265266881;1320;18.579668568987088;1320;820.84462749384784;1320;4.8780785546433911;1320;4.9662770470290232;1320;62.636188848536634;1320;95.4496902371288
1330;151.11545152134769;1330;55.568102053895686;1330;18.518631550035096;1330;820.84462749384784;1330;4.8771629993591112;1330;4.968108157597583;1330;62.623981444746235;1330;95.400860621967212
1340;151.0299996948149;1340;55.580309457686084;1340;18.506424146244697;1340;820.80509215202665;1340;4.8762474440748313;1340;4.968108157597583;1340;62.550737022003844;1340;95.364238410596016
1350;150.96896267586291;1350;55.61693166905728;1350;18.555253761406291;1350;820.76555681020545;1350;4.8750267036957915;1350;4.9662770470290232;1350;62.50190740684225;1350;95.400860621967212
1360;151.0299996948149;1360;55.714590899380475;1360;18.628498184148686;1360;820.80509215202665;1360;4.8741111484115116;1360;4.9668874172185431;1360;62.550737022003844;1360;95.376445814386415
1370;151.0910367137669;1370;55.67796868800928;1370;18.701742606891081;1370;820.84462749384784;1370;4.8731955931272317;1370;4.9684133426923429;1370;62.623981444746235;1370;95.4496902371288
1380;151.0544145023957;1380;55.690176091799678;1380;18.713950010681479;1380;820.92369817749022;1380;4.8722800378429518;1380;4.9687185277871029;1380;62.587359233375039;1380;95.53514206366161
1390;151.0299996948149;1390;55.690176091799678;1390;18.726157414471878;1390;820.84462749384784;1390;4.871059297463912;1390;4.9671926023133031;1390;62.623981444746235;1390;95.4741050447096
1400;151.11545152134769;1400;55.629139072847678;1400;18.67732779931028;1400;820.92369817749022;1400;4.8701437421796321;1400;4.968108157597583;1400;62.648396252327032;1400;95.4618976409192
1410;151.11545152134769;1410;55.61693166905728;1410;18.604083376567889;1410;820.80509215202665;1410;4.8692281868953522;1410;4.968108157597583;1410;62.611774040955837;1410;95.41306802575761
1420;151.13986632892849;1420;55.604724265266881;1420;18.665120395519882;1420;820.72602146838437;1420;4.8680074465163123;1420;4.968108157597583;1420;62.611774040955837;1420;95.4496902371288
1430;151.20090334788051;1430;55.53147984252449;1430;18.750572222052675;1430;820.76555681020545;1430;4.8670918912320325;1430;4.968108157597583;1430;62.587359233375039;1430;95.4863124485
1440;151.0422070986053;1440;55.519272438734092;1440;18.774987029633472;1440;820.72602146838437;1440;4.8661763359477526;1440;4.967497787408063;1440;62.587359233375039;1440;95.4985198522904
1450;150.94454786828211;1450;55.592516861476483;1450;18.665120395519882;1450;820.76555681020545;1450;4.8652607806634727;1450;4.968108157597583;1450;62.672811059907829;1450;95.4618976409192
1460;150.96896267586291;1460;55.61693166905728;1460;18.579668568987088;1460;820.80509215202665;1460;4.8640400402844328;1460;4.9687185277871029;1460;62.69722586748864;1460;95.388653218176813
1470;151.0422070986053;1470;55.507065034943693;1470;18.604083376567889;1470;820.80509215202665;1470;4.8631244850001529;1470;4.9684133426923429;1470;62.587359233375039;1470;95.400860621967212
1480;151.1032441175573;1480;55.4460280159917;1480;18.713950010681479;1480;820.84462749384784;1480;4.862208929715873;1480;4.9671926023133031;1480;62.562944425794242;1480;95.41306802575761
1490;151.0666219061861;1490;55.568102053895686;1490;18.787194433423871;1490;820.80509215202665;1490;4.8612933744315932;1490;4.9684133426923429;1490;62.477492599261453;1490;95.388653218176813
1500;151.0299996948149;1500;55.580309457686084;1500;18.860438856166265;1500;820.80509215202665;1500;4.8600726340525533;1500;4.9687185277871029;1500;62.526322214423047;1500;95.41306802575761
1510;151.12765892513809;1510;55.592516861476483;1510;18.811609241004671;1510;820.80509215202665;1510;4.8591570787682734;1510;4.9684133426923429;1510;62.562944425794242;1510;95.4618976409192
1520;151.0666219061861;1520;55.53147984252449;1520;18.750572222052675;1520;820.76555681020545;1520;4.8582415234839935;1520;4.968108157597583;1520;62.526322214423047;1520;95.4863124485
1530;151.0299996948149;1530;55.397198400830106;1530;18.799401837214273;1530;820.76555681020545;1530;4.8570207831049537;1530;4.9690237128818628;1530;62.550737022003844;1530;95.4863124485
1540;151.12765892513809;1540;55.372783593249309;1540;18.897061067537464;1540;820.80509215202665;1540;4.8561052278206738;1540;4.968108157597583;1540;62.623981444746235;1540;95.4618976409192
1550;151.11545152134769;1550;55.409405804620505;1550;18.909268471327863;1550;820.84462749384784;1550;4.8551896725363939;1550;4.9665822321237831;1550;62.636188848536634;1550;95.4618976409192
1560;151.16428113650929;1560;55.4338206122013;1560;18.970305490279856;1560;820.84462749384784;1560;4.854274117252114;1560;4.9668874172185431;1560;62.587359233375039;1560;95.400860621967212
1570;151.18869594409011;1570;55.494857631153295;1570;19.01913510544145;1570;820.80509215202665;1570;4.8530533768730733;1570;4.9687185277871029;1570;62.587359233375039;1570;95.352031006805618
1580;151.12765892513809;1580;55.507065034943693;1580;18.958098086489457;1580;820.76555681020545;1580;4.8521378215887934;1580;4.9690237128818628;1580;62.587359233375039;1580;95.4618976409192
1590;151.0422070986053;1590;55.4460280159917;1590;18.909268471327863;1590;820.76555681020545;1590;4.8512222663045135;1590;4.9668874172185431;1590;62.648396252327032;1590;95.510727256080813
1600;151.0422070986053;1600;55.336161381878114;1600;18.860438856166265;1600;820.76555681020545;1600;4.8500015259254736;1600;4.9668874172185431;1600;62.69722586748864;1600;95.41306802575761
1610;151.15207373271889;1610;55.226294747764513;1610;18.884853663747062;1610;820.76555681020545;1610;4.8490859706411937;1610;4.9684133426923429;1610;62.636188848536634;1610;95.400860621967212
1620;151.12765892513809;1620;55.323953978087715;1620;18.921475875118261;1620;820.72602146838437;1620;4.8481704153569138;1620;4.9684133426923429;1620;62.648396252327032;1620;95.4618976409192
1630;151.1032441175573;1630;55.4460280159917;1630;18.897061067537464;1630;820.80509215202665;1630;4.847254860072634;1630;4.967497787408063;1630;62.672811059907829;1630;95.388653218176813
1640;151.11545152134769;1640;55.397198400830106;1640;19.006927701651051;1640;820.84462749384784;1640;4.8460341196935941;1640;4.9684133426923429;1640;62.69722586748864;1640;95.303201391644023
1650;151.16428113650929;1650;55.323953978087715;1650;19.055757316812645;1650;820.84462749384784;1650;4.8451185644093142;1650;4.967497787408063;1650;62.733848078859836;1650;95.376445814386415
1660;151.20090334788051;1660;55.275124362926121;1660;19.055757316812645;1660;820.80509215202665;1660;4.8442030091250343;1660;4.9665822321237831;1660;62.636188848536634;1660;95.437482833338407
1670;151.16428113650929;1670;55.226294747764513;1670;19.055757316812645;1670;820.84462749384784;1670;4.8432874538407544;1670;4.9671926023133031;1670;62.575151829584641;1670;95.4741050447096
1680;151.23752555925171;1680;55.275124362926121;1680;19.080172124393442;1680;820.92369817749022;1680;4.8420667134617146;1680;4.9668874172185431;1680;62.709433271279039;1680;95.4863124485
1690;151.13986632892849;1690;55.311746574297317;1690;19.067964720603044;1690;820.84462749384784;1690;4.8411511581774347;1690;4.9687185277871029;1690;62.672811059907829;1690;95.41306802575761
1700;151.1032441175573;1700;55.189672536393317;1700;19.055757316812645;1700;820.92369817749022;1700;4.8402356028931548;1700;4.9687185277871029;1700;62.562944425794242;1700;95.376445814386415
1710;151.11545152134769;1710;55.226294747764513;1710;19.055757316812645;1710;820.84462749384784;1710;4.8390148625141149;1710;4.9671926023133031;1710;62.575151829584641;1710;95.400860621967212
1720;151.01779229102451;1720;55.397198400830106;1720;19.080172124393442;1720;820.80509215202665;1720;4.8380993072298351;1720;4.967497787408063;1720;62.623981444746235;1720;95.4496902371288
1730;150.98117007965331;1730;55.4460280159917;1730;19.165623950926236;1730;820.84462749384784;1730;4.8371837519455552;1730;4.9690237128818628;1730;62.648396252327032;1730;95.41306802575761
1740;151.13986632892849;1740;55.397198400830106;1740;19.177831354716634;1740;820.84462749384784;1740;4.8362681966612753;1740;4.968108157597583;1740;62.575151829584641;1740;95.400860621967212
1750;151.15207373271889;1750;55.323953978087715;1750;19.165623950926236;1750;820.84462749384784;1750;4.8350474562822354;1750;4.9668874172185431;1750;62.587359233375039;1750;95.303201391644023
1760;151.0544145023957;1760;55.201879940183716;1760;19.275490585039826;1760;820.84462749384784;1760;4.8341319009979555;1760;4.9668874172185431;1760;62.611774040955837;1760;95.229956968901632
1770;151.0422070986053;1770;55.189672536393317;1770;19.263283181249427;1770;820.80509215202665;1770;4.8332163457136748;1770;4.9671926023133031;1770;62.587359233375039;1770;95.278786584063226
1780;151.1032441175573;1780;55.262916959135708;1780;19.251075777459029;1780;820.80509215202665;1780;4.8319956053346349;1780;4.9668874172185431;1780;62.623981444746235;1780;95.352031006805618
1790;151.16428113650929;1790;55.177465132602919;1790;19.336527603991822;1790;820.80509215202665;1790;4.831080050050355;1790;4.9650563066499833;1790;62.575151829584641;1790;95.315408795434422
1800;151.1032441175573;1800;55.116428113650926;1800;19.263283181249427;1800;820.84462749384784;1800;4.8301644947660751;1800;4.9662770470290232;1800;62.562944425794242;1800;95.315408795434422
1810;151.0544145023957;1810;55.140842921231723;1810;19.275490585039826;1810;820.84462749384784;1810;4.8292489394817952;1810;4.9668874172185431;1810;62.636188848536634;1810;95.376445814386415
1820;151.1032441175573;1820;55.201879940183716;1820;19.287697988830228;1820;820.80509215202665;1820;4.8280281991027554;1820;4.968108157597583;1820;62.575151829584641;1820;95.327616199224821
1830;151.0544145023957;1830;55.177465132602919;1830;19.275490585039826;1830;820.80509215202665;1830;4.8271126438184755;1830;4.9684133426923429;1830;62.550737022003844;1830;95.290993987853625
1840;150.98117007965331;1840;55.262916959135708;1840;19.299905392620627;1840;820.84462749384784;1840;4.8261970885341956;1840;4.968108157597583;1840;62.611774040955837;1840;95.376445814386415
1850;151.1032441175573;1850;55.311746574297317;1850;19.336527603991822;1850;820.80509215202665;1850;4.8252815332499157;1850;4.9684133426923429;1850;62.623981444746235;1850;95.4741050447096
1860;151.0910367137669;1860;55.201879940183716;1860;19.360942411572619;1860;820.76555681020545;1860;4.8240607928708759;1860;4.9687185277871029;1860;62.550737022003844;1860;95.4496902371288
1870;150.98117007965331;1870;55.275124362926121;1870;19.360942411572619;1870;820.80509215202665;1870;4.823145237586596;1870;4.9684133426923429;1870;62.623981444746235;1870;95.352031006805618
1880;151.0422070986053;1880;55.201879940183716;1880;19.251075777459029;1880;820.80509215202665;1880;4.8222296823023161;1880;4.9671926023133031;1880;62.672811059907829;1880;95.327616199224821
1890;151.15207373271889;1890;55.140842921231723;1890;19.251075777459029;1890;820.80509215202665;1890;4.8210089419232762;1890;4.967497787408063;1890;62.636188848536634;1890;95.352031006805618
1900;151.22531815546131;1900;55.189672536393317;1900;19.299905392620627;1900;820.80509215202665;1900;4.8200933866389963;1900;4.968108157597583;1900;62.550737022003844;1900;95.315408795434422
1910;151.24973296304211;1910;55.201879940183716;1910;19.397564622943815;1910;820.80509215202665;1910;4.8191778313547164;1910;4.968108157597583;1910;62.489700003051851;1910;95.388653218176813
1920;151.15207373271889;1920;55.189672536393317;1920;19.458601641895807;1920;820.92369817749022;1920;4.8182622760704366;1920;4.9671926023133031;1920;62.489700003051851;1920;95.376445814386415
1930;151.0666219061861;1930;55.189672536393317;1930;19.458601641895807;1930;820.84462749384784;1930;4.8170415356913967;1930;4.967497787408063;1930;62.50190740684225;1930;95.315408795434422
1940;151.0299996948149;1940;55.153050325022122;1940;19.5440534684286;1940;820.80509215202665;1940;4.8161259804071168;1940;4.968108157597583;1940;62.611774040955837;1940;95.266579180272828
1950;151.0544145023957;1950;55.116428113650926;1950;19.617297891170995;1950;820.80509215202665;1950;4.8152104251228369;1950;4.967497787408063;1950;62.721640675069438;1950;95.229956968901632
1960;151.0299996948149;1960;55.067598498489332;1960;19.5806756797998;1960;820.84462749384784;1960;4.814294869838557;1960;4.9671926023133031;1960;62.660603656117431;1960;95.193334757530437
1970;151.0910367137669;1970;55.030976287118136;1970;19.519638660847804;1970;820.92369817749022;1970;4.8130741294595172;1970;4.9668874172185431;1970;62.575151829584641;1970;95.217749565111234
1980;151.0910367137669;1980;55.104220709860527;1980;19.629505294961394;1980;820.92369817749022;1980;4.8121585741752373;1980;4.967497787408063;1980;62.575151829584641;1980;95.303201391644023
1990;151.0299996948149;1990;55.16525772881252;1990;19.678334910122992;1990;820.80509215202665;1990;4.8112430188909574;1990;4.9687185277871029;1990;62.587359233375039;1990;95.376445814386415
2000;151.1032441175573;2000;55.104220709860527;2000;19.617297891170995;2000;820.76555681020545;2000;4.8100222785119175;2000;4.9684133426923429;2000;62.562944425794242;2000;95.364238410596016
2010;151.15207373271889;2010;54.994354075746941;2010;19.556260872219;2010;820.84462749384784;2010;4.8091067232276377;2010;4.967497787408063;2010;62.587359233375039;2010;95.315408795434422
2020;151.15207373271889;2020;55.092013306070129;2020;19.568468276009398;2020;820.92369817749022;2020;4.8081911679433578;2020;4.9693288979766228;2020;62.623981444746235;2020;95.4985198522904
2030;151.15207373271889;2030;55.116428113650926;2030;19.617297891170995;2030;820.92369817749022;2030;4.8072756126590779;2030;4.9690237128818628;2030;62.636188848536634;2030;95.4496902371288
2040;151.15207373271889;2040;55.177465132602919;2040;19.714957121494187;2040;820.84462749384784;2040;4.806054872280038;2040;4.967497787408063;2040;62.587359233375039;2040;95.303201391644023
2050;151.11545152134769;2050;55.16525772881252;2050;19.763786736655781;2050;820.84462749384784;2050;4.8051393169957581;2050;4.9665822321237831;2050;62.538529618213445;2050;95.376445814386415
2060;151.12765892513809;2060;55.030976287118136;2060;19.69054231391339;2060;820.92369817749022;2060;4.8042237617114782;2060;4.9671926023133031;2060;62.587359233375039;2060;95.364238410596016
2070;151.0422070986053;2070;55.067598498489332;2070;19.751579332865383;2070;820.92369817749022;2070;4.8030030213324384;2070;4.9690237128818628;2070;62.611774040955837;2070;95.388653218176813
2080;151.00558488723411;2080;55.140842921231723;2080;19.69054231391339;2080;820.92369817749022;2080;4.8020874660481585;2080;4.9690237128818628;2080;62.611774040955837;2080;95.376445814386415
2090;151.1032441175573;2090;55.116428113650926;2090;19.617297891170995;2090;820.84462749384784;2090;4.8011719107638786;2090;4.9684133426923429;2090;62.575151829584641;2090;95.400860621967212
2100;151.1032441175573;2100;55.030976287118136;2100;19.714957121494187;2100;820.84462749384784;2100;4.8002563554795987;2100;4.968108157597583;2100;62.575151829584641;2100;95.303201391644023
2110;151.13986632892849;2110;55.067598498489332;2110;19.775994140446183;2110;820.84462749384784;2110;4.7990356151005589;2110;4.9702444532609027;2110;62.672811059907829;2110;95.242164372692031
2120;151.0544145023957;2120;55.006561479537339;2120;19.739371929074984;2120;820.84462749384784;2120;4.798120059816279;2120;4.9693288979766228;2120;62.672811059907829;2120;95.400860621967212
2130;151.01779229102451;2130;54.969939268166144;2130;19.727164525284586;2130;820.84462749384784;2130;4.7972045045319991;2130;4.9671926023133031;2130;62.538529618213445;2130;95.315408795434422
2140;151.0910367137669;2140;54.969939268166144;2140;19.849238563188575;2140;820.84462749384784;2140;4.7962889492477192;2140;4.967497787408063;2140;62.489700003051851;2140;95.278786584063226
2150;151.0422070986053;2150;54.969939268166144;2150;19.824823755607778;2150;820.84462749384784;2150;4.7950682088686793;2150;4.9687185277871029;2150;62.550737022003844;2150;95.364238410596016
2160;151.0422070986053;2160;55.018768883327738;2160;19.837031159398176;2160;820.80509215202665;2160;4.7941526535843986;2160;4.9687185277871029;2160;62.550737022003844;2160;95.400860621967212
2170;151.11545152134769;2170;54.982146671956542;2170;19.88586077455977;2170;820.84462749384784;2170;4.7932370983001187;2170;4.968108157597583;2170;62.587359233375039;2170;95.376445814386415
2180;151.16428113650929;2180;54.969939268166144;2180;19.910275582140567;2180;820.92369817749022;2180;4.7920163579210788;2180;4.968108157597583;2180;62.562944425794242;2180;95.290993987853625
2190;151.21311075167091;2190;54.994354075746941;2190;19.837031159398176;2190;820.84462749384784;2190;4.7911008026367989;2190;4.967497787408063;2190;62.550737022003844;2190;95.315408795434422
2200;151.12765892513809;2200;55.006561479537339;2200;19.727164525284586;2200;820.80509215202665;2200;4.790185247352519;2200;4.9690237128818628;2200;62.623981444746235;2200;95.352031006805618
2210;151.18869594409011;2210;55.018768883327738;2210;19.788201544236582;2210;820.80509215202665;2210;4.7892696920682392;2210;4.9693288979766228;2210;62.575151829584641;2210;95.290993987853625
2220;151.16428113650929;2220;54.982146671956542;2220;19.837031159398176;2220;820.80509215202665;2220;4.7880489516891993;2220;4.9684133426923429;2220;62.575151829584641;2220;95.242164372692031
2230;151.0666219061861;2230;54.896694845423752;2230;19.934690389721364;2230;820.84462749384784;2230;4.7871333964049194;2230;4.967497787408063;2230;62.526322214423047;2230;95.315408795434422
2240;151.11545152134769;2240;54.933317056794948;2240;19.922482985930966;2240;820.92369817749022;2240;4.7862178411206395;2240;4.9687185277871029;2240;62.587359233375039;2240;95.376445814386415
2250;151.15207373271889;2250;55.067598498489332;2250;19.922482985930966;2250;820.84462749384784;2250;4.7849971007416;2250;4.9690237128818628;2250;62.721640675069438;2250;95.388653218176813
2260;151.0666219061861;2260;54.945524460585347;2260;20.032349620044556;2260;820.84462749384784;2260;4.78408154545732;2260;4.9687185277871029;2260;62.709433271279039;2260;95.303201391644023
2270;151.12765892513809;2270;54.86007263405255;2270;20.007934812463759;2270;820.92369817749022;2270;4.78316599017304;2270;4.9671926023133031;2270;62.636188848536634;2270;95.205542161320835
2280;151.0910367137669;2280;54.847865230262151;2280;19.983520004882962;2280;820.84462749384784;2280;4.78225043488876;2280;4.9671926023133031;2280;62.550737022003844;2280;95.242164372692031
2290;151.0299996948149;2290;54.811243018890956;2290;20.007934812463759;2290;820.84462749384784;2290;4.78102969450972;2290;4.9687185277871029;2290;62.575151829584641;2290;95.315408795434422
2300;151.12765892513809;2300;54.847865230262151;2300;20.032349620044556;2300;820.92369817749022;2300;4.78011413922544;2300;4.9684133426923429;2300;62.562944425794242;2300;95.303201391644023
2310;151.0666219061861;2310;54.908902249214151;2310;19.971312601092563;2310;820.92369817749022;2310;4.77919858394116;2310;4.9684133426923429;2310;62.587359233375039;2310;95.352031006805618
2320;151.12765892513809;2320;54.847865230262151;2320;19.88586077455977;2320;820.92369817749022;2320;4.7782830286568805;2320;4.9662770470290232;2320;62.69722586748864;2320;95.388653218176813
2330;151.1032441175573;2330;54.811243018890956;2330;20.020142216254158;2330;820.84462749384784;2330;4.7770622882778406;2330;4.9665822321237831;2330;62.672811059907829;2330;95.400860621967212
2340;151.0666219061861;2340;54.799035615100557;2340;20.056764427625353;2340;820.92369817749022;2340;4.7761467329935607;2340;4.9671926023133031;2340;62.526322214423047;2340;95.352031006805618
2350;151.11545152134769;2350;54.835657826471753;2350;19.983520004882962;2350;820.9632335193113;2350;4.77523117770928;2350;4.968108157597583;2350;62.477492599261453;2350;95.352031006805618
2360;151.0299996948149;2360;54.847865230262151;2360;20.105594042786951;2360;820.92369817749022;2360;4.77401043733024;2360;4.968108157597583;2360;62.50190740684225;2360;95.327616199224821
2370;151.01779229102451;2370;54.799035615100557;2370;20.130008850367748;2370;820.80509215202665;2370;4.77309488204596;2370;4.9671926023133031;2370;62.562944425794242;2370;95.290993987853625
2380;151.0666219061861;2380;54.835657826471753;2380;20.068971831415755;2380;820.80509215202665;2380;4.77217932676168;2380;4.9687185277871029;2380;62.526322214423047;2380;95.327616199224821
2390;151.12765892513809;2390;54.823450422681354;2390;20.142216254158146;2390;820.80509215202665;2390;4.7712637714774;2390;4.9693288979766228;2390;62.550737022003844;2390;95.376445814386415
2400;151.15207373271889;2400;54.835657826471753;2400;20.239875484481335;2400;820.80509215202665;2400;4.7700430310983606;2400;4.9696340830713828;2400;62.648396252327032;2400;95.315408795434422
2410;151.1032441175573;2410;54.896694845423752;2410;20.264290292062135;2410;820.84462749384784;2410;4.7691274758140807;2410;4.967497787408063;2410;62.709433271279039;2410;95.303201391644023
2420;151.0299996948149;2420;54.847865230262151;2420;20.276497695852534;2420;820.92369817749022;2420;4.7682119205298008;2420;4.9671926023133031;2420;62.660603656117431;2420;95.41306802575761
2430;151.0544145023957;2430;54.799035615100557;2430;20.252082888271733;2430;820.92369817749022;2430;4.7672963652455209;2430;4.9668874172185431;2430;62.587359233375039;2430;95.400860621967212
2440;151.0666219061861;2440;54.737998596148564;2440;20.227668080690936;2440;820.9632335193113;2440;4.7660756248664811;2440;4.9693288979766228;2440;62.526322214423047;2440;95.290993987853625
2450;151.1032441175573;2450;54.676961577196572;2450;20.325327311014128;2450;820.84462749384784;2450;4.7651600695822012;2450;4.9705496383556627;2450;62.489700003051851;2450;95.290993987853625
2460;151.0544145023957;2460;54.750205999938963;2460;20.325327311014128;2460;820.84462749384784;2460;4.7642445142979213;2460;4.9671926023133031;2460;62.538529618213445;2460;95.388653218176813
2470;151.00558488723411;2470;54.811243018890956;2470;20.313119907223729;2470;820.92369817749022;2470;4.7630237739188814;2470;4.9662770470290232;2470;62.526322214423047;2470;95.4496902371288
2480;151.0666219061861;2480;54.799035615100557;2480;20.349742118594925;2480;820.84462749384784;2480;4.7621082186346015;2480;4.968108157597583;2480;62.562944425794242;2480;95.364238410596016
2490;151.0666219061861;2490;54.750205999938963;2490;20.313119907223729;2490;820.84462749384784;2490;4.7611926633503217;2490;4.9702444532609027;2490;62.587359233375039;2490;95.290993987853625
2500;151.12765892513809;2500;54.68916898098697;2500;20.398571733756526;2500;820.84462749384784;2500;4.7602771080660418;2500;4.968108157597583;2500;62.562944425794242;2500;95.303201391644023
2510;151.12765892513809;2510;54.737998596148564;2510;20.471816156498917;2510;820.84462749384784;2510;4.7590563676870019;2510;4.9671926023133031;2510;62.575151829584641;2510;95.290993987853625
2520;151.21311075167091;2520;54.676961577196572;2520;20.349742118594925;2520;820.84462749384784;2520;4.758140812402722;2520;4.967497787408063;2520;62.636188848536634;2520;95.315408795434422
2530;151.34739219336529;2530;54.591509750663782;2530;20.374156926175729;2530;820.80509215202665;2530;4.7572252571184421;2530;4.9696340830713828;2530;62.587359233375039;2530;95.315408795434422
2540;151.21311075167091;2540;54.554887539292586;2540;20.435193945127722;2540;820.84462749384784;2540;4.7560045167394023;2540;4.9687185277871029;2540;62.41645558030946;2540;95.242164372692031
2550;151.0299996948149;2550;54.640339365825376;2550;20.398571733756526;2550;820.92369817749022;2550;4.7550889614551224;2550;4.9668874172185431;2550;62.392040772728663;2550;95.303201391644023
2560;150.96896267586291;2560;54.603717154454181;2560;20.349742118594925;2560;820.84462749384784;2560;4.7541734061708425;2560;4.967497787408063;2560;62.526322214423047;2560;95.364238410596016
2570;151.11545152134769;2570;54.554887539292586;2570;20.349742118594925;2570;820.84462749384784;2570;4.7532578508865626;2570;4.968108157597583;2570;62.587359233375039;2570;95.290993987853625
2580;151.16428113650929;2580;54.725791192358166;2580;20.398571733756526;2580;820.80509215202665;2580;4.7520371105075228;2580;4.9690237128818628;2580;62.550737022003844;2580;95.278786584063226
2590;151.15207373271889;2590;54.725791192358166;2590;20.374156926175729;2590;820.80509215202665;2590;4.7511215552232429;2590;4.9684133426923429;2590;62.41645558030946;2590;95.437482833338407
2600;151.24973296304211;2600;54.68916898098697;2600;20.471816156498917;2600;820.92369817749022;2600;4.750205999938963;2600;4.9687185277871029;2600;62.453077791680656;2600;95.4741050447096
2610;151.16428113650929;2610;54.603717154454181;2610;20.44740134891812;2610;820.84462749384784;2610;4.7492904446546831;2610;4.9671926023133031;2610;62.550737022003844;2610;95.315408795434422
2620;151.0910367137669;2620;54.530472731711789;2620;20.471816156498917;2620;820.80509215202665;2620;4.7480697042756432;2620;4.9693288979766228;2620;62.526322214423047;2620;95.278786584063226
2630;151.0422070986053;2630;54.567094943082985;2630;20.557267983031711;2630;820.84462749384784;2630;4.7471541489913633;2630;4.9702444532609027;2630;62.489700003051851;2630;95.278786584063226
2640;151.01779229102451;2640;54.664754173406173;2640;20.557267983031711;2640;820.80509215202665;2640;4.7462385937070835;2640;4.9684133426923429;2640;62.611774040955837;2640;95.278786584063226
2650;151.0544145023957;2650;54.652546769615775;2650;20.593890194402906;2650;820.76555681020545;2650;4.7450178533280436;2650;4.968108157597583;2650;62.648396252327032;2650;95.327616199224821
2660;151.12765892513809;2660;54.591509750663782;2660;20.545060579241309;2660;820.76555681020545;2660;4.7441022980437637;2660;4.968108157597583;2660;62.648396252327032;2660;95.229956968901632
2670;151.16428113650929;2670;54.713583788567767;2670;20.53285317545091;2670;820.84462749384784;2670;4.7431867427594838;2670;4.9708548234504226;2670;62.538529618213445;2670;95.16891994994964
2680;151.01779229102451;2680;54.725791192358166;2680;20.545060579241309;2680;820.80509215202665;2680;4.7422711874752039;2680;4.9693288979766228;2680;62.440870387890257;2680;95.266579180272828
2690;150.94454786828211;2690;54.652546769615775;2690;20.569475386822109;2690;820.84462749384784;2690;4.7410504470961641;2690;4.9687185277871029;2690;62.636188848536634;2690;95.290993987853625
2700;151.01779229102451;2700;54.762413403729362;2700;20.630512405774102;2700;820.84462749384784;2700;4.7401348918118842;2700;4.968108157597583;2700;62.648396252327032;2700;95.229956968901632
2710;151.0422070986053;2710;54.68916898098697;2710;20.764793847468489;2710;820.84462749384784;2710;4.7392193365276043;2710;4.9690237128818628;2710;62.477492599261453;2710;95.242164372692031
2720;151.0666219061861;2720;54.481643116550181;2720;20.715964232306892;2720;820.92369817749022;2720;4.7379985961485644;2720;4.9690237128818628;2720;62.526322214423047;2720;95.278786584063226
2730;151.0910367137669;2730;54.567094943082985;2730;20.618305001983703;2730;820.92369817749022;2730;4.7370830408642846;2730;4.967497787408063;2730;62.550737022003844;2730;95.303201391644023
2740;151.11545152134769;2740;54.567094943082985;2740;20.703756828516493;2740;820.84462749384784;2740;4.7361674855800038;2740;4.968108157597583;2740;62.538529618213445;2740;95.242164372692031
2750;151.0422070986053;2750;54.481643116550181;2750;20.703756828516493;2750;820.84462749384784;2750;4.7352519302957239;2750;4.9684133426923429;2750;62.477492599261453;2750;95.229956968901632
2760;150.94454786828211;2760;54.603717154454181;2760;20.691549424726094;2760;820.92369817749022;2760;4.734031189916684;2760;4.9693288979766228;2760;62.465285195471054;2760;95.315408795434422
2770;150.93234046449172;2770;54.542680135502188;2770;20.6549272133549;2770;820.92369817749022;2770;4.7331156346324041;2770;4.9696340830713828;2770;62.575151829584641;2770;95.303201391644023
2780;151.01779229102451;2780;54.420606097598188;2780;20.703756828516493;2780;820.9632335193113;2780;4.7322000793481243;2780;4.9702444532609027;2780;62.41645558030946;2780;95.388653218176813
2790;151.0422070986053;2790;54.469435712759783;2790;20.813623462630083;2790;820.92369817749022;2790;4.7312845240638444;2790;4.9687185277871029;2790;62.379833368938264;2790;95.4741050447096
2800;151.01779229102451;2800;54.493850520340594;2800;20.83803827021088;2800;820.80509215202665;2800;4.7300637836848045;2800;4.9690237128818628;2800;62.550737022003844;2800;95.352031006805618
2810;151.0666219061861;2810;54.469435712759783;2810;20.789208655049286;2810;820.80509215202665;2810;4.7291482284005246;2810;4.9684133426923429;2810;62.489700003051851;2810;95.205542161320835
2820;151.15207373271889;2820;54.445020905178986;2820;20.789208655049286;2820;820.84462749384784;2820;4.7282326731162447;2820;4.9665822321237831;2820;62.465285195471054;2820;95.266579180272828
2830;150.95675527207251;2830;54.457228308969384;2830;20.886867885372478;2830;820.84462749384784;2830;4.7270119327372049;2830;4.9647511215552234;2830;62.538529618213445;2830;95.315408795434422
2840;150.92013306070132;2840;54.542680135502188;2840;20.947904904324471;2840;820.80509215202665;2840;4.726096377452925;2840;4.967497787408063;2840;62.550737022003844;2840;95.242164372692031
2850;151.0910367137669;2850;54.506057924130992;2850;20.911282692953275;2850;820.80509215202665;2850;4.7251808221686451;2850;4.9684133426923429;2850;62.575151829584641;2850;95.217749565111234
2860;151.0544145023957;2860;54.493850520340594;2860;20.83803827021088;2860;820.84462749384784;2860;4.7242652668843652;2860;4.9650563066499833;2860;62.587359233375039;2860;95.205542161320835
2870;151.0422070986053;2870;54.554887539292586;2870;20.862453077791681;2870;820.84462749384784;2870;4.7230445265053254;2870;4.9644459364604634;2870;62.538529618213445;2870;95.315408795434422
2880;151.0422070986053;2880;54.469435712759783;2880;20.935697500534072;2880;820.84462749384784;2880;4.7221289712210455;2880;4.9662770470290232;2880;62.538529618213445;2880;95.352031006805618
2890;151.00558488723411;2890;54.493850520340594;2890;21.03335673085726;2890;820.84462749384784;2890;4.7212134159367656;2890;4.9690237128818628;2890;62.538529618213445;2890;95.315408795434422
2900;151.00558488723411;2900;54.542680135502188;2900;21.057771538438065;2900;820.80509215202665;2900;4.7199926755577257;2900;4.9684133426923429;2900;62.477492599261453;2900;95.242164372692031
2910;151.0422070986053;2910;54.493850520340594;2910;21.008941923276463;2910;820.84462749384784;2910;4.7190771202734458;2910;4.968108157597583;2910;62.465285195471054;2910;95.290993987853625
2920;150.98117007965331;2920;54.493850520340594;2920;21.021149327066862;2920;820.92369817749022;2920;4.7181615649891659;2920;4.9659718619342632;2920;62.50190740684225;2920;95.352031006805618
2930;151.11545152134769;2930;54.469435712759783;2930;21.057771538438065;2930;820.84462749384784;2930;4.7172460097048861;2930;4.968108157597583;2930;62.550737022003844;2930;95.205542161320835
2940;151.0910367137669;2940;54.40839869380779;2940;21.021149327066862;2940;820.80509215202665;2940;4.7160252693258462;2940;4.9684133426923429;2940;62.550737022003844;2940;95.217749565111234
2950;150.92013306070132;2950;54.420606097598188;2950;20.984527115695666;2950;820.84462749384784;2950;4.7151097140415663;2950;4.9647511215552234;2950;62.611774040955837;2950;95.290993987853625
2960;150.92013306070132;2960;54.420606097598188;2960;21.008941923276463;2960;820.84462749384784;2960;4.7141941587572864;2960;4.9647511215552234;2960;62.611774040955837;2960;95.229956968901632
2970;150.95675527207251;2970;54.383983886226993;2970;20.996734519486065;2970;820.76555681020545;2970;4.7132786034730065;2970;4.9671926023133031;2970;62.465285195471054;2970;95.217749565111234
2980;150.98117007965331;2980;54.371776482436594;2980;20.996734519486065;2980;820.84462749384784;2980;4.7120578630939667;2980;4.9684133426923429;2980;62.477492599261453;2980;95.217749565111234
2990;150.94454786828211;2990;54.445020905178986;2990;21.179845576342053;2990;821.00276886113249;2990;4.7111423078096868;2990;4.9659718619342632;2990;62.526322214423047;2990;95.205542161320835
3000;151.00558488723411;3000;54.371776482436594;3000;21.204260383922851;3000;820.9632335193113;3000;4.7102267525254069;3000;4.9668874172185431;3000;62.465285195471054;3000;95.229956968901632
3010;151.11545152134769;3010;54.2985320596942;3010;21.143223364970858;3010;820.84462749384784;3010;4.709006012146367;3010;4.9662770470290232;3010;62.453077791680656;3010;95.193334757530437
3020;151.12765892513809;3020;54.3107394634846;3020;21.216467787713249;3020;820.92369817749022;3020;4.7080904568620872;3020;4.968108157597583;3020;62.550737022003844;3020;95.266579180272828
3030;151.01779229102451;3030;54.420606097598188;3030;21.216467787713249;3030;820.92369817749022;3030;4.7071749015778073;3030;4.9687185277871029;3030;62.550737022003844;3030;95.327616199224821
3040;150.96896267586291;3040;54.506057924130992;3040;21.192052980132452;3040;820.80509215202665;3040;4.7062593462935274;3040;4.9665822321237831;3040;62.489700003051851;3040;95.229956968901632
3050;150.95675527207251;3050;54.396191290017391;3050;21.179845576342053;3050;820.84462749384784;3050;4.7050386059144875;3050;4.9668874172185431;3050;62.575151829584641;3050;95.144505142368843
3060;150.96896267586291;3060;54.286324655903805;3060;21.179845576342053;3060;820.92369817749022;3060;4.7041230506302076;3060;4.968108157597583;3060;62.623981444746235;3060;95.132297738578444
3070;151.0544145023957;3070;54.3351542710654;3070;21.216467787713249;3070;820.84462749384784;3070;4.7032074953459277;3070;4.9690237128818628;3070;62.587359233375039;3070;95.144505142368843
3080;151.13986632892849;3080;54.420606097598188;3080;21.326334421826836;3080;820.84462749384784;3080;4.7022919400616479;3080;4.9662770470290232;3080;62.575151829584641;3080;95.095675527207248
3090;151.12765892513809;3090;54.3351542710654;3090;21.399578844569231;3090;820.92369817749022;3090;4.701071199682608;3090;4.9687185277871029;3090;62.562944425794242;3090;95.120090334788046
3100;150.94454786828211;3100;54.3351542710654;3100;21.362956633198035;3100;820.92369817749022;3100;4.7001556443983281;3100;4.9690237128818628;3100;62.550737022003844;3100;95.205542161320835
3110;150.88351084933012;3110;54.359569078646196;3110;21.387371440778832;3110;820.92369817749022;3110;4.6992400891140482;3110;4.968108157597583;3110;62.50190740684225;3110;95.181127353740038
3120;150.93234046449172;3120;54.286324655903805;3120;21.265297402874843;3120;820.92369817749022;3120;4.6980193487350084;3120;4.9671926023133031;3120;62.453077791680656;3120;95.205542161320835
3130;151.0422070986053;3130;54.249702444532609;3130;21.28971221045564;3130;820.84462749384784;3130;4.6971037934507276;3130;4.967497787408063;3130;62.526322214423047;3130;95.352031006805618
3140;151.13986632892849;3140;54.286324655903805;3140;21.362956633198035;3140;820.92369817749022;3140;4.6961882381664477;3140;4.9684133426923429;3140;62.611774040955837;3140;95.388653218176813
3150;151.0544145023957;3150;54.152043214209421;3150;21.240882595294046;3150;820.9632335193113;3150;4.6952726828821678;3150;4.968108157597583;3150;62.611774040955837;3150;95.266579180272828
3160;150.93234046449172;3160;54.213080233161413;3160;21.277504806665242;3160;820.92369817749022;3160;4.694051942503128;3160;4.968108157597583;3160;62.587359233375039;3160;95.181127353740038
3170;150.96896267586291;3170;54.3107394634846;3170;21.423993652150028;3170;820.84462749384784;3170;4.6931363872188481;3170;4.9662770470290232;3170;62.660603656117431;3170;95.205542161320835
3180;151.00558488723411;3180;54.249702444532609;3180;21.46061586352123;3180;820.84462749384784;3180;4.6922208319345682;3180;4.9687185277871029;3180;62.623981444746235;3180;95.16891994994964
3190;150.93234046449172;3190;54.274117252113406;3190;21.338541825617238;3190;820.92369817749022;3190;4.6910000915555283;3190;4.9671926023133031;3190;62.562944425794242;3190;95.095675527207248
3200;150.93234046449172;3200;54.225287636951812;3200;21.375164036988433;3200;820.92369817749022;3200;4.6900845362712484;3200;4.9665822321237831;3200;62.50190740684225;3200;95.144505142368843
3210;150.96896267586291;3210;54.164250617999819;3210;21.46061586352123;3210;820.80509215202665;3210;4.6891689809869685;3210;4.9650563066499833;3210;62.50190740684225;3210;95.181127353740038
3220;151.1032441175573;3220;54.188665425580616;3220;21.387371440778832;3220;820.92369817749022;3220;4.6882534257026887;3220;4.9641407513657034;3220;62.562944425794242;3220;95.205542161320835
3230;151.0299996948149;3230;54.066591387676624;3230;21.326334421826836;3230;821.00276886113249;3230;4.6870326853236488;3230;4.9629200109866636;3230;62.575151829584641;3230;95.205542161320835
3240;150.95675527207251;3240;54.103213599047827;3240;21.509445478682824;3240;820.92369817749022;3240;4.6861171300393689;3240;4.9644459364604634;3240;62.526322214423047;3240;95.217749565111234
3250;151.0299996948149;3250;54.249702444532609;3250;21.607104709006013;3250;820.9632335193113;3250;4.685201574755089;3250;4.9659718619342632;3250;62.50190740684225;3250;95.205542161320835
3260;150.96896267586291;3260;54.213080233161413;3260;21.472823267311629;3260;820.92369817749022;3260;4.6842860194708091;3260;4.9613940855128638;3260;62.550737022003844;3260;95.181127353740038
3270;150.95675527207251;3270;54.249702444532609;3270;21.533860286263621;3270;820.84462749384784;3270;4.6830652790917693;3270;4.9626148258919036;3270;62.611774040955837;3270;95.181127353740038
3280;151.0422070986053;3280;54.225287636951812;3280;21.594897305215614;3280;820.84462749384784;3280;4.6821497238074894;3280;4.9613940855128638;3280;62.623981444746235;3280;95.144505142368843
3290;151.0544145023957;3290;54.103213599047827;3290;21.533860286263621;3290;820.92369817749022;3290;4.6812341685232095;3290;4.9613940855128638;3290;62.587359233375039;3290;95.193334757530437
3300;150.94454786828211;3300;54.103213599047827;3300;21.533860286263621;3300;820.92369817749022;3300;4.68001342814417;3300;4.9604785302285839;3300;62.489700003051851;3300;95.229956968901632
3310;150.94454786828211;3310;54.054383983886225;3310;21.558275093844419;3310;820.84462749384784;3310;4.67909787285989;3310;4.9610889004181038;3310;62.477492599261453;3310;95.266579180272828
3320;150.92013306070132;3320;54.042176580095827;3320;21.509445478682824;3320;820.84462749384784;3320;4.67818231757561;3320;4.9580370494705042;3320;62.453077791680656;3320;95.193334757530437
3330;150.98117007965331;3330;54.188665425580616;3330;21.533860286263621;3330;820.92369817749022;3330;4.6772667622913291;3330;4.9583422345652641;3330;62.41645558030946;3330;95.16891994994964
3340;151.12765892513809;3340;54.286324655903805;3340;21.594897305215614;3340;820.84462749384784;3340;4.6760460219122892;3340;4.9598681600390639;3340;62.465285195471054;3340;95.217749565111234
3350;151.0544145023957;3350;54.3107394634846;3350;21.558275093844419;3350;820.80509215202665;3350;4.6751304666280094;3350;4.9568163090914643;3350;62.538529618213445;3350;95.205542161320835
3360;151.01779229102451;3360;54.3107394634846;3360;21.594897305215614;3360;820.80509215202665;3360;4.6742149113437295;3360;4.9580370494705042;3360;62.50190740684225;3360;95.205542161320835
3370;151.0422070986053;3370;54.225287636951812;3370;21.7047639393292;3370;820.80509215202665;3370;4.67299417096469;3370;4.9559007538071844;3370;62.404248176519062;3370;95.266579180272828
3380;151.0544145023957;3380;54.213080233161413;3380;21.765800958281194;3380;820.92369817749022;3380;4.67207861568041;3380;4.9571214941862243;3380;62.477492599261453;3380;95.278786584063226
3390;150.95675527207251;3390;54.237495040742211;3390;21.753593554490795;3390;820.92369817749022;3390;4.67116306039613;3390;4.9531540879543448;3390;62.50190740684225;3390;95.181127353740038
3400;150.95675527207251;3400;54.054383983886225;3400;21.753593554490795;3400;820.9632335193113;3400;4.67024750511185;3400;4.9537644581438647;3400;62.50190740684225;3400;95.181127353740038
3410;150.93234046449172;3410;54.042176580095827;3410;21.753593554490795;3410;820.92369817749022;3410;4.66902676473281;3410;4.9528489028595848;3410;62.50190740684225;3410;95.229956968901632
3420;150.92013306070132;3420;54.115421002838225;3420;21.802423169652389;3420;820.84462749384784;3420;4.66811120944853;3420;4.9534592730491047;3420;62.538529618213445;3420;95.217749565111234
3430;150.87130344553972;3430;54.078798791467023;3430;21.924497207556389;3430;820.9632335193113;3430;4.66719565416425;3430;4.9543748283333846;3430;62.526322214423047;3430;95.217749565111234
3440;150.94454786828211;3440;54.139835810419022;3440;21.790215765861991;3440;821.00276886113249;3440;4.66628009887997;3440;4.9510177922910241;3440;62.489700003051851;3440;95.278786584063226
3450;151.0422070986053;3450;54.200872829371015;3450;21.63151951658681;3450;821.00276886113249;3450;4.6650593585009306;3450;4.9519333475753049;3450;62.562944425794242;3450;95.278786584063226
3460;150.98117007965331;3460;54.225287636951812;3460;21.778008362071592;3460;820.84462749384784;3460;4.6641438032166507;3460;4.9507126071962642;3460;62.550737022003844;3460;95.278786584063226
3470;150.94454786828211;3470;54.164250617999819;3470;21.802423169652389;3470;820.84462749384784;3470;4.6632282479323708;3470;4.9534592730491047;3470;62.538529618213445;3470;95.242164372692031
3480;150.92013306070132;3480;54.054383983886225;3480;21.753593554490795;3480;820.92369817749022;3480;4.6620075075533309;3480;4.9488814966277044;3480;62.575151829584641;3480;95.132297738578444
3490;151.00558488723411;3490;53.993346964934233;3490;21.790215765861991;3490;820.92369817749022;3490;4.661091952269051;3490;4.9504074221015042;3490;62.587359233375039;3490;95.107882930997647
3500;150.98117007965331;3500;53.993346964934233;3500;21.961119418927584;3500;820.84462749384784;3500;4.6601763969847712;3500;4.9488814966277044;3500;62.489700003051851;3500;95.144505142368843
3510;150.93234046449172;3510;53.981139561143834;3510;21.900082399975584;3510;820.92369817749022;3510;4.6592608417004913;3510;4.9476607562486645;3510;62.404248176519062;3510;95.120090334788046
3520;150.98117007965331;3520;53.93230994598224;3520;21.802423169652389;3520;820.84462749384784;3520;4.6580401013214514;3520;4.9461348307748647;3520;62.392040772728663;3520;95.132297738578444
3530;151.0666219061861;3530;53.981139561143834;3530;21.961119418927584;3530;820.84462749384784;3530;4.6571245460371715;3530;4.9467452009643846;3530;62.50190740684225;3530;95.193334757530437
3540;151.16428113650929;3540;54.103213599047827;3540;22.08319345683157;3540;820.92369817749022;3540;4.6562089907528916;3540;4.9473555711539046;3540;62.672811059907829;3540;95.181127353740038
3550;151.11545152134769;3550;54.066591387676624;3550;22.046571245460374;3550;820.92369817749022;3550;4.6552934354686117;3550;4.9443037202063049;3550;62.721640675069438;3550;95.242164372692031
3560;150.95675527207251;3560;53.981139561143834;3560;21.948912015137186;3560;820.92369817749022;3560;4.6540726950895719;3560;4.9464400158696247;3560;62.611774040955837;3560;95.290993987853625
3570;150.90792565691092;3570;54.01776177251503;3570;21.924497207556389;3570;820.84462749384784;3570;4.653157139805292;3570;4.9409466841639453;3570;62.465285195471054;3570;95.193334757530437
3580;150.93234046449172;3580;53.944517349772639;3580;21.99774163029878;3580;820.92369817749022;3580;4.6522415845210121;3580;4.9430829798272651;3580;62.489700003051851;3580;95.193334757530437
3590;150.88351084933012;3590;53.859065523239849;3590;22.022156437879577;3590;820.84462749384784;3590;4.6510208441419723;3590;4.9406414990691854;3590;62.550737022003844;3590;95.229956968901632
3600;150.93234046449172;3600;53.968932157353436;3600;22.08319345683157;3600;820.92369817749022;3600;4.6501052888576924;3600;4.9391155735953856;3600;62.50190740684225;3600;95.205542161320835
3610;150.85909604174932;3610;54.029969176305428;3610;22.046571245460374;3610;820.92369817749022;3610;4.6491897335734125;3610;4.9360637226477859;3610;62.477492599261453;3610;95.107882930997647
3620;150.81026642658773;3620;54.01776177251503;3620;21.985534226508381;3620;820.92369817749022;3620;4.6482741782891326;3620;4.9366740928373058;3620;62.550737022003844;3620;95.095675527207248
3630;150.82247383037813;3630;53.981139561143834;3630;22.070986053041171;3630;820.9632335193113;3630;4.6470534379100927;3630;4.935758537553026;3630;62.538529618213445;3630;95.144505142368843
3640;150.87130344553972;3640;53.993346964934233;3640;22.119815668202765;3640;820.92369817749022;3640;4.6461378826258128;3640;4.9311807611316265;3640;62.489700003051851;3640;95.144505142368843
3650;150.96896267586291;3650;53.968932157353436;3650;22.046571245460374;3650;820.9632335193113;3650;4.645222327341533;3650;4.9311807611316265;3650;62.489700003051851;3650;95.144505142368843
3660;151.01779229102451;3660;53.883480330820646;3660;22.095400860621968;3660;820.9632335193113;3660;4.6440015869624931;3660;4.9259926145207071;3660;62.465285195471054;3660;95.193334757530437
3670;151.0299996948149;3670;53.895687734611045;3670;22.119815668202765;3670;820.9632335193113;3670;4.6430860316782132;3670;4.9256874294259472;3670;62.41645558030946;3670;95.217749565111234
3680;150.94454786828211;3680;53.968932157353436;3680;22.119815668202765;3680;820.84462749384784;3680;4.6421704763939333;3680;4.918973357341228;3680;62.50190740684225;3680;95.144505142368843
3690;151.01779229102451;3690;53.93230994598224;3690;22.168645283364359;3690;820.92369817749022;3690;4.6412549211096534;3690;4.9159215063936283;3690;62.477492599261453;3690;95.193334757530437
3700;151.0544145023957;3700;53.956724753563037;3700;22.144230475783562;3700;820.9632335193113;3700;4.6400341807306136;3700;4.9089022492141483;3700;62.453077791680656;3700;95.144505142368843
3710;150.92013306070132;3710;53.981139561143834;3710;22.156437879573961;3710;820.92369817749022;3710;4.6391186254463337;3710;4.9082918790246284;3710;62.50190740684225;3710;95.16891994994964
3720;150.78585161900693;3720;53.968932157353436;3720;22.205267494735555;3720;820.92369817749022;3720;4.6382030701620529;3720;4.9000518814661094;3720;62.562944425794242;3720;95.217749565111234
3730;150.85909604174932;3730;53.981139561143834;3730;22.193060090945156;3730;820.92369817749022;3730;4.637287514877773;3730;4.89028595843379;3730;62.587359233375039;3730;95.120090334788046
3740;150.94454786828211;3740;53.895687734611045;3740;22.193060090945156;3740;820.9632335193113;3740;4.6360667744987332;3740;4.88692892239143;3740;62.526322214423047;3740;95.08346812341685
3750;150.96896267586291;3750;53.773613696707059;3750;22.290719321268345;3750;820.9632335193113;3750;4.6351512192144533;3750;4.8835718863490705;3750;62.550737022003844;3750;95.107882930997647
3760;150.96896267586291;3760;53.798028504287856;3760;22.351756340220344;3760;820.9632335193113;3760;4.6342356639301734;3760;4.8768578142643513;3760;62.562944425794242;3760;95.193334757530437
3770;150.98117007965331;3770;53.956724753563037;3770;22.24188970610675;3770;820.92369817749022;3770;4.6330149235511335;3770;4.8591570787682734;3770;62.526322214423047;3770;95.181127353740038
3780;151.0666219061861;3780;53.93230994598224;3780;22.24188970610675;3780;820.92369817749022;3780;4.6320993682668536;3780;4.8548844874416339;3780;62.550737022003844;3780;95.120090334788046
3790;150.88351084933012;3790;53.859065523239849;3790;22.339548936429946;3790;820.84462749384784;3790;4.6311838129825738;3790;4.846644489883114;3790;62.538529618213445;3790;95.16891994994964
3800;150.90792565691092;3800;53.810235908078255;3800;22.302926725058743;3800;820.84462749384784;3800;4.6302682576982939;3800;4.8396252327036349;3800;62.575151829584641;3800;95.144505142368843
3810;151.0422070986053;3810;53.688161870174255;3810;22.278511917477946;3810;820.92369817749022;3810;4.629047517319254;3810;4.8295541245765552;3810;62.526322214423047;3810;95.16891994994964
3820;151.0910367137669;3820;53.736991485335864;3820;22.38837855159154;3820;820.92369817749022;3820;4.6281319620349741;3820;4.8237556077761159;3820;62.404248176519062;3820;95.229956968901632
3830;151.12765892513809;3830;53.773613696707059;3830;22.437208166753138;3830;821.00276886113249;3830;4.6272164067506942;3830;4.8152104251228369;3830;62.489700003051851;3830;95.266579180272828
3840;151.01779229102451;3840;53.675954466383857;3840;22.376171147801141;3840;821.00276886113249;3840;4.6259956663716544;3840;4.8054445020905181;3840;62.562944425794242;3840;95.229956968901632
3850;150.94454786828211;3850;53.871272927030248;3850;22.315134128849149;3850;820.9632335193113;3850;4.6250801110873745;3850;4.7996459852900788;3850;62.526322214423047;3850;95.16891994994964
3860;150.92013306070132;3860;53.956724753563037;3860;22.351756340220344;3860;820.92369817749022;3860;4.6241645558030946;3860;4.7895748771629991;3860;62.41645558030946;3860;95.046845912045654
3870;151.01779229102451;3870;53.84685811944945;3870;22.437208166753138;3870;820.9632335193113;3870;4.6232490005188147;3870;4.7874385814996794;3870;62.379833368938264;3870;95.08346812341685
3880;151.0299996948149;3880;53.736991485335864;3880;22.38837855159154;3880;820.92369817749022;3880;4.6220282601397749;3880;4.7767571031830807;3880;62.392040772728663;3880;95.120090334788046
3890;151.01779229102451;3890;53.724784081545465;3890;22.400585955381938;3890;820.92369817749022;3890;4.621112704855495;3890;4.7700430310983606;3890;62.526322214423047;3890;95.132297738578444
3900;150.94454786828211;3900;53.761406292916661;3900;22.412793359172341;3900;820.92369817749022;3900;4.6201971495712151;3900;4.7624134037293615;3900;62.538529618213445;3900;95.205542161320835
3910;150.88351084933012;3910;53.724784081545465;3910;22.400585955381938;3910;820.92369817749022;3910;4.6192815942869352;3910;4.7596667378765218;3910;62.477492599261453;3910;95.229956968901632
3920;150.83468123416853;3920;53.761406292916661;3920;22.38837855159154;3920;820.92369817749022;3920;4.6180608539078953;3920;4.7535630359813226;3920;62.465285195471054;3920;95.217749565111234
3930;150.87130344553972;3930;53.700369273964654;3930;22.412793359172341;3930;821.00276886113249;3930;4.6171452986236154;3930;4.7505111850337229;3930;62.575151829584641;3930;95.205542161320835
3940;150.96896267586291;3940;53.65153965880306;3940;22.510452589495529;3940;821.04230420295369;3940;4.6162297433393356;3940;4.7489852595599231;3940;62.587359233375039;3940;95.120090334788046
3950;150.87130344553972;3950;53.602710043641466;3950;22.473830378124333;3950;820.9632335193113;3950;4.6150090029602957;3950;4.7407452620014041;3950;62.538529618213445;3950;95.010223700674459
3960;150.87130344553972;3960;53.553880428479872;3960;22.461622974333935;3960;820.9632335193113;3960;4.6140934476760158;3960;4.741966002380444;3960;62.538529618213445;3960;95.08346812341685
3970;150.83468123416853;3970;53.639332255012661;3970;22.644734031189916;3970;820.9632335193113;3970;4.6131778923917359;3970;4.7352519302957239;3970;62.440870387890257;3970;95.144505142368843
3980;150.88351084933012;3980;53.614917447431864;3980;22.632526627399518;3980;820.9632335193113;3980;4.612262337107456;3980;4.7306741538743244;3980;62.489700003051851;3980;95.193334757530437
3990;150.93234046449172;3990;53.541673024689473;3990;22.595904416028318;3990;820.9632335193113;3990;4.6110415967284162;3990;4.7239600817896052;3990;62.562944425794242;3990;95.095675527207248
4000;150.94454786828211;4000;53.529465620899074;4000;22.644734031189916;4000;821.00276886113249;4000;4.6101260414441363;4000;4.7245704519791252;4000;62.636188848536634;4000;95.022431104464857
4010;150.93234046449172;4010;53.419598986785488;4010;22.571489608447521;4010;821.00276886113249;4010;4.6092104861598564;4010;4.7160252693258462;4010;62.526322214423047;4010;95.08346812341685
4020;150.96896267586291;4020;53.3463545640431;4020;22.58369701223792;4020;820.9632335193113;4020;4.6079897457808165;4020;4.7144993438520464;4020;62.465285195471054;4020;95.059053315836053
4030;150.95675527207251;4030;53.370769371623894;4030;22.632526627399518;4030;820.9632335193113;4030;4.6070741904965367;4030;4.7157200842310862;4030;62.477492599261453;4030;95.095675527207248
4040;150.90792565691092;4040;53.456221198156683;4040;22.595904416028318;4040;820.9632335193113;4040;4.6061586352122568;4040;4.7099215674306469;4040;62.440870387890257;4040;95.08346812341685
4050;150.93234046449172;4050;53.505050813318277;4050;22.608111819818721;4050;820.9632335193113;4050;4.6052430799279769;4050;4.7062593462935274;4050;62.50190740684225;4050;95.144505142368843
4060;150.93234046449172;4060;53.456221198156683;4060;22.730185857722713;4060;820.92369817749022;4060;4.604022339548937;4060;4.6964934232612077;4060;62.440870387890257;4060;95.095675527207248
4070;150.90792565691092;4070;53.382976775414292;4070;22.779015472884307;4070;820.9632335193113;4070;4.6031067842646571;4070;4.700766014587848;4070;62.379833368938264;4070;95.08346812341685
4080;150.77364421521654;4080;53.297524948881488;4080;22.791222876674706;4080;821.00276886113249;4080;4.6021912289803772;4080;4.6958830530716877;4080;62.41645558030946;4080;95.095675527207248
4090;150.88351084933012;4090;53.3341471602527;4090;22.730185857722713;4090;820.9632335193113;4090;4.6012756736960974;4090;4.6873378704184088;4090;62.453077791680656;4090;95.120090334788046
4100;150.90792565691092;4100;53.358561967833495;4100;22.608111819818721;4100;820.92369817749022;4100;4.6000549333170575;4100;4.6812341685232095;4100;62.404248176519062;4100;95.16891994994964
4110;150.84688863795893;4110;53.3463545640431;4110;22.49824518570513;4110;820.92369817749022;4110;4.5991393780327767;4110;4.6903897213660084;4110;62.477492599261453;4110;95.095675527207248
4120;150.73702200384534;4120;53.431806390575886;4120;22.473830378124333;4120;820.9632335193113;4120;4.5982238227484968;4120;4.6879482406079287;4120;62.526322214423047;4120;95.095675527207248
4130;150.78585161900693;4130;53.382976775414292;4130;22.461622974333935;4130;820.92369817749022;4130;4.597003082369457;4130;4.6763512070070492;4130;62.538529618213445;4130;95.144505142368843
4140;150.93234046449172;4140;53.2242805261391;4140;22.351756340220344;4140;820.9632335193113;4140;4.5960875270851771;4140;4.67970824304941;4140;62.611774040955837;4140;95.16891994994964
4150;150.87130344553972;4150;53.126621295815909;4150;22.363963744010743;4150;820.9632335193113;4150;4.5951719718008972;4150;4.6827600939970093;4150;62.575151829584641;4150;95.095675527207248
4160;150.88351084933012;4160;53.163243507187104;4160;22.351756340220344;4160;820.92369817749022;4160;4.5942564165166173;4160;4.68001342814417;4160;62.489700003051851;4160;95.181127353740038
4170;150.83468123416853;4170;53.1998657185583;4170;22.339548936429946;4170;820.92369817749022;4170;4.5930356761375775;4170;4.67177343058565;4170;62.50190740684225;4170;95.16891994994964
4180;150.90792565691092;4180;53.126621295815909;4180;22.278511917477946;4180;821.00276886113249;4180;4.5921201208532976;4180;4.6775719473860891;4180;62.562944425794242;4180;95.046845912045654
4190;150.93234046449172;4190;53.11441389202551;4190;22.144230475783562;4190;821.00276886113249;4190;4.5912045655690177;4190;4.6742149113437295;4190;62.562944425794242;4190;95.120090334788046
4200;150.87130344553972;4200;53.089999084444713;4200;22.095400860621968;4200;820.9632335193113;4200;4.5902890102847378;4200;4.67268898586993;4200;62.538529618213445;4200;95.16891994994964
4210;150.90792565691092;4210;53.053376873073518;4210;22.022156437879577;4210;820.9632335193113;4210;4.5890682699056979;4210;4.67116306039613;4210;62.50190740684225;4210;95.059053315836053
4220;150.92013306070132;4220;53.102206488235112;4220;21.912289803765983;4220;821.04230420295369;4220;4.588152714621418;4220;4.6748252815332494;4220;62.489700003051851;4220;95.120090334788046
4230;151.00558488723411;4230;53.053376873073518;4230;21.790215765861991;4230;821.04230420295369;4230;4.5872371593371382;4230;4.67329935605945;4230;62.404248176519062;4230;95.193334757530437
4240;150.98117007965331;4240;53.077791680654315;4240;21.680349131748404;4240;820.9632335193113;4240;4.5860164189580983;4240;4.66750083925901;4240;62.379833368938264;4240;95.059053315836053
4250;150.96896267586291;4250;53.163243507187104;4250;21.582689901425216;4250;820.92369817749022;4250;4.5851008636738184;4250;4.67299417096469;4250;62.453077791680656;4250;95.046845912045654
4260;150.98117007965331;4260;53.028962065492721;4260;21.619312112796411;4260;820.92369817749022;4260;4.5841853083895385;4260;4.67024750511185;4260;62.453077791680656;4260;95.205542161320835
4270;151.00558488723411;4270;52.906888027588728;4270;21.497238074892426;4270;820.9632335193113;4270;4.5832697531052586;4270;4.66963713492233;4270;62.41645558030946;4270;95.229956968901632
4280;150.95675527207251;4280;52.967925046540728;4280;21.326334421826836;4280;820.92369817749022;4280;4.5820490127262188;4280;4.66719565416425;4280;62.465285195471054;4280;95.120090334788046
4290;150.96896267586291;4290;53.077791680654315;4290;21.277504806665242;4290;820.9632335193113;4290;4.5811334574419389;4290;4.67116306039613;4290;62.538529618213445;4290;95.107882930997647
4300;150.90792565691092;4300;52.992339854121525;4300;21.204260383922851;4300;821.00276886113249;4300;4.580217902157659;4300;4.66628009887997;4300;62.538529618213445;4300;95.046845912045654
4310;150.93234046449172;4310;52.943510238959931;4310;21.106601153599659;4310;820.9632335193113;4310;4.5789971617786183;4310;4.66780602435377;4310;62.562944425794242;4310;95.107882930997647
4320;150.96896267586291;4320;53.004547257911923;4320;20.813623462630083;4320;820.9632335193113;4320;4.5780816064943384;4320;4.66963713492233;4320;62.550737022003844;4320;95.010223700674459
4330;151.01779229102451;4330;52.955717642750329;4330;20.6549272133549;4330;820.9632335193113;4330;4.5771660512100585;4330;4.6653645435956905;4330;62.489700003051851;4330;94.99801629688406
4340;151.0666219061861;4340;52.784813989684743;4340;20.557267983031711;4340;820.9632335193113;4340;4.5762504959257786;4340;4.6638386181218907;4340;62.440870387890257;4340;95.144505142368843
4350;150.94454786828211;4350;52.748191778313547;4350;20.569475386822109;4350;820.84462749384784;4350;4.5750297555467387;4350;4.6626178777428509;4350;62.440870387890257;4350;95.120090334788046
4360;150.95675527207251;4360;52.821436201055938;4360;20.508438367870113;4360;820.92369817749022;4360;4.5741142002624589;4360;4.66780602435377;4360;62.465285195471054;4360;95.08346812341685
4370;150.84688863795893;4370;52.748191778313547;4370;20.325327311014128;4370;820.92369817749022;4370;4.573198644978179;4370;4.6620075075533309;4370;62.440870387890257;4370;94.961394085512865
4380;150.85909604174932;4380;52.711569566942352;4380;20.239875484481335;4380;820.92369817749022;4380;4.5722830896938991;4380;4.661702322458571;4380;62.489700003051851;4380;94.985808893093662
4390;150.88351084933012;4390;52.845851008636735;4390;20.105594042786951;4390;820.9632335193113;4390;4.5710623493148592;4390;4.6592608417004913;4390;62.538529618213445;4390;95.08346812341685
4400;150.94454786828211;4400;52.833643604846337;4400;20.032349620044556;4400;820.9632335193113;4400;4.5701467940305793;4400;4.6650593585009306;4400;62.477492599261453;4400;95.095675527207248
4410;151.0299996948149;4410;52.772606585894344;4410;19.922482985930966;4410;820.92369817749022;4410;4.5692312387462994;4410;4.6607867671742911;4410;62.404248176519062;4410;95.034638508255256
4420;150.92013306070132;4420;52.797021393475141;4420;19.775994140446183;4420;820.92369817749022;4420;4.56801049836726;4420;4.6546830652790918;4420;62.465285195471054;4420;95.034638508255256
4430;150.90792565691092;4430;52.711569566942352;4430;19.556260872219;4430;820.9632335193113;4430;4.56709494308298;4430;4.6589556566057313;4430;62.477492599261453;4430;95.034638508255256
4440;150.95675527207251;4440;52.650532547990359;4440;19.397564622943815;4440;820.9632335193113;4440;4.5661793877987;4440;4.6595660267952512;4440;62.392040772728663;4440;95.010223700674459
4450;150.96896267586291;4450;52.711569566942352;4450;19.23886837366863;4450;820.9632335193113;4450;4.56526383251442;4450;4.6595660267952512;4450;62.477492599261453;4450;95.181127353740038
4460;150.92013306070132;4460;52.699362163151953;4460;19.190038758507036;4460;820.92369817749022;4460;4.56404309213538;4460;4.652851954710532;4460;62.453077791680656;4460;95.181127353740038
4470;151.00558488723411;4470;52.711569566942352;4470;19.080172124393442;4470;820.9632335193113;4470;4.5631275368511;4470;4.6571245460371715;4470;62.453077791680656;4470;95.120090334788046
4480;150.87130344553972;4480;52.760399182103946;4480;18.872646259956664;4480;820.9632335193113;4480;4.56221198156682;4480;4.652851954710532;4480;62.562944425794242;4480;95.034638508255256
4490;150.92013306070132;4490;52.626117740409562;4490;18.689535203100679;4490;820.9632335193113;4490;4.56099124118778;4490;4.6546830652790918;4490;62.489700003051851;4490;94.99801629688406
4500;150.96896267586291;4500;52.516251106295961;4500;18.433179723502306;4500;820.9632335193113;4500;4.5600756859035005;4500;4.6537675099948119;4500;62.489700003051851;4500;94.985808893093662
4510;150.92013306070132;4510;52.528458510086359;4510;18.384350108340708;4510;820.84462749384784;4510;4.5591601306192207;4510;4.6522415845210121;4510;62.50190740684225;4510;94.936979277932068
4520;150.93234046449172;4520;52.528458510086359;4520;18.176824243903926;4520;820.92369817749022;4520;4.5582445753349408;4520;4.6491897335734125;4520;62.526322214423047;4520;95.010223700674459
4530;150.94454786828211;4530;52.516251106295961;4530;18.018127994628745;4530;820.92369817749022;4530;4.5570238349559009;4530;4.6482741782891326;4530;62.550737022003844;4530;95.08346812341685
4540;150.90792565691092;4540;52.528458510086359;4540;17.896053956724753;4540;821.00276886113249;4540;4.556108279671621;4540;4.653462324900052;4540;62.465285195471054;4540;95.034638508255256
4550;150.78585161900693;4550;52.528458510086359;4550;17.700735496078369;4550;820.9632335193113;4550;4.5551927243873411;4550;4.6473586230048527;4550;62.392040772728663;4550;94.985808893093662
4560;150.93234046449172;4560;52.491836298715164;4560;17.444380016479997;4560;820.92369817749022;4560;4.5542771691030612;4560;4.6467482528153328;4560;62.379833368938264;4560;95.034638508255256
4570;150.88351084933012;4570;52.35755485702078;4570;17.334513382366406;4570;820.92369817749022;4570;4.5530564287240214;4570;4.6424756614886933;4570;62.41645558030946;4570;95.034638508255256
4580;150.95675527207251;4580;52.35755485702078;4580;17.151402325510425;4580;820.84462749384784;4580;4.5521408734397415;4580;4.6473586230048527;4580;62.404248176519062;4580;94.99801629688406
4590;150.87130344553972;4590;52.369762260811179;4590;16.956083864864041;4590;820.92369817749022;4590;4.5512253181554616;4590;4.6443067720572531;4590;62.318796349986272;4590;95.010223700674459
4600;150.85909604174932;4600;52.333140049439983;4600;16.882839442121647;4600;820.9632335193113;4600;4.5500045777764218;4600;4.6412549211096534;4600;62.343211157567069;4600;94.985808893093662
4610;150.96896267586291;4610;52.1988586077456;4610;16.650898770104071;4610;820.9632335193113;4610;4.5490890224921419;4610;4.6403393658253735;4610;62.50190740684225;4610;94.924771874141669
4620;150.96896267586291;4620;52.1866512039552;4620;16.467787713248086;4620;820.9632335193113;4620;4.548173467207862;4620;4.6443067720572531;4620;62.575151829584641;4620;95.022431104464857
4630;151.01779229102451;4630;52.345347453230382;4630;16.162602618488116;4630;820.9632335193113;4630;4.5472579119235821;4630;4.6443067720572531;4630;62.477492599261453;4630;95.16891994994964
4640;150.94454786828211;4640;52.284310434278389;4640;16.101565599536119;4640;820.9632335193113;4640;4.5460371715445422;4640;4.6357615894039732;4640;62.392040772728663;4640;95.132297738578444
4650;150.85909604174932;4650;52.1988586077456;4650;15.930661946470535;4650;821.00276886113249;4650;4.5451216162602623;4650;4.6406445509201335;4650;62.404248176519062;4650;95.095675527207248
4660;150.82247383037813;4660;52.247688222907193;4660;15.540025025177769;4660;820.9632335193113;4660;4.5442060609759825;4660;4.6378978850672929;4660;62.477492599261453;4660;95.046845912045654
4670;150.95675527207251;4670;52.259895626697592;4670;15.393536179692985;4670;820.92369817749022;4670;4.5432905056917026;4670;4.6378978850672929;4670;62.538529618213445;4670;95.034638508255256
4680;150.94454786828211;4680;52.1866512039552;4680;15.186010315256205;4680;820.92369817749022;4680;4.5420697653126627;4680;4.6333201086458935;4680;62.562944425794242;4680;95.059053315836053
4690;151.00558488723411;4690;52.150028992584005;4690;14.978484450819421;4690;820.84462749384784;4690;4.5411542100283828;4690;4.6357615894039732;4690;62.648396252327032;4690;95.144505142368843
4700;151.00558488723411;4700;52.150028992584005;4700;14.77095858638264;4700;820.92369817749022;4700;4.540238654744102;4700;4.6320993682668536;4700;62.538529618213445;4700;95.193334757530437
4710;150.92013306070132;4710;52.150028992584005;4710;14.636677144688253;4710;820.9632335193113;4710;4.5390179143650622;4710;4.6314889980773337;4710;62.404248176519062;4710;95.095675527207248
4720;150.92013306070132;4720;52.1744438001648;4720;14.404736472670676;4720;820.92369817749022;4720;4.5381023590807823;4720;4.6339304788354134;4720;62.453077791680656;4720;95.046845912045654
4730;150.88351084933012;4730;52.088991973632005;4730;14.246040223395489;4730;820.84462749384784;4730;4.5371868037965024;4730;4.629352702414014;4730;62.489700003051851;4730;94.99801629688406
4740;150.95675527207251;4740;52.003540147099216;4740;14.038514358958709;4740;820.92369817749022;4740;4.5362712485122225;4740;4.6296578875087739;4740;62.453077791680656;4740;95.034638508255256
4750;150.95675527207251;4750;52.064577166051208;4750;13.757744071779534;4750;820.9632335193113;4750;4.5350505081331827;4750;4.6250801110873745;4750;62.318796349986272;4750;95.046845912045654
4760;151.0422070986053;4760;52.064577166051208;4760;13.562425611133152;4760;821.00276886113249;4760;4.5341349528489028;4760;4.6299630726035339;4760;62.392040772728663;4760;95.059053315836053
4770;150.92013306070132;4770;51.979125339518419;4770;13.403729361857966;4770;820.9632335193113;4770;4.5332193975646229;4770;4.6263008514664143;4770;62.526322214423047;4770;95.08346812341685
4780;150.96896267586291;4780;51.96691793572802;4780;13.25724051637318;4780;820.92369817749022;4780;4.531998657185583;4780;4.6238593707083346;4780;62.575151829584641;4780;95.010223700674459
4790;151.0910367137669;4790;52.015747550889614;4790;12.95205542161321;4790;820.92369817749022;4790;4.5310831019013031;4790;4.6201971495712151;4790;62.477492599261453;4790;95.022431104464857
4800;150.92013306070132;4800;51.979125339518419;4800;12.732322153386027;4800;820.84462749384784;4800;4.5301675466170233;4800;4.6266060365611743;4800;62.440870387890257;4800;94.924771874141669
4810;150.90792565691092;4810;51.844843897824035;4810;12.561418500320446;4810;821.00276886113249;4810;4.5292519913327434;4810;4.6253852961821345;4810;62.538529618213445;4810;94.900357066560872
4820;150.96896267586291;4820;51.808221686452839;4820;12.402722251045258;4820;821.04230420295369;4820;4.5280312509537035;4820;4.6162297433393356;4820;62.477492599261453;4820;94.936979277932068
4830;150.98117007965331;4830;51.869258705404832;4830;12.170781579027681;4830;821.04230420295369;4830;4.5271156956694236;4830;4.6195867793816952;4830;62.440870387890257;4830;95.010223700674459
4840;150.93234046449172;4840;51.869258705404832;4840;11.975463118381297;4840;820.92369817749022;4840;4.5262001403851437;4840;4.6195867793816952;4840;62.41645558030946;4840;95.059053315836053
4850;151.01779229102451;4850;51.844843897824035;4850;11.75572985015412;4850;820.84462749384784;4850;4.5252845851008638;4850;4.6195867793816952;4850;62.465285195471054;4850;95.010223700674459
4860;150.95675527207251;4860;51.783806878872042;4860;11.523789178136541;4860;820.9632335193113;4860;4.524063844721824;4860;4.612567522202216;4860;62.538529618213445;4860;94.924771874141669
4870;150.96896267586291;4870;51.783806878872042;4870;11.389507736442154;4870;820.92369817749022;4870;4.5231482894375441;4870;4.6168401135288555;4870;62.489700003051851;4870;94.961394085512865
4880;150.93234046449172;4880;51.783806878872042;4880;11.20639667958617;4880;820.9632335193113;4880;4.5222327341532642;4880;4.6137882625812559;4880;62.465285195471054;4880;95.022431104464857
4890;150.96896267586291;4890;51.698355052339238;4890;11.230811487166967;4890;820.9632335193113;4890;4.5210119937742235;4890;4.612262337107456;4890;62.453077791680656;4890;94.949186681722466
4900;151.0422070986053;4900;51.710562456129637;4900;11.120944853053375;4900;820.9632335193113;4900;4.5200964384899436;4900;4.6107364116336562;4900;62.440870387890257;4900;94.924771874141669
4910;150.93234046449172;4910;51.637318033387245;4910;10.913418988616597;4910;820.9632335193113;4910;4.5191808832056637;4910;4.612262337107456;4910;62.404248176519062;4910;94.936979277932068
4920;150.88351084933012;4920;51.673940244758441;4920;10.705893124179815;4920;820.9632335193113;4920;4.5182653279213838;4920;4.6110415967284162;4920;62.355418561357467;4920;94.985808893093662
4930;150.95675527207251;4930;51.637318033387245;4930;10.510574663533431;4930;820.9632335193113;4930;4.5170445875423439;4930;4.604327524643697;4930;62.404248176519062;4930;95.034638508255256
4940;150.96896267586291;4940;51.478621784112065;4940;10.364085818048645;4940;820.92369817749022;4940;4.5161290322580641;4940;4.6089053010650964;4940;62.575151829584641;4940;95.046845912045654
4950;150.87130344553972;4950;51.527451399273659;4950;10.205389568773462;4950;820.92369817749022;4950;4.5152134769737842;4950;4.6076845606860566;4950;62.50190740684225;4950;95.16891994994964
4960;151.01779229102451;4960;51.527451399273659;4960;10.034485915707878;4960;821.00276886113249;4960;4.5139927365947443;4960;4.6076845606860566;4960;62.440870387890257;4960;95.144505142368843
4970;151.01779229102451;4970;51.564073610644854;4970;9.8757896664326914;4970;820.9632335193113;4970;4.5130771813104644;4970;4.6024964140751372;4970;62.465285195471054;4970;94.99801629688406
4980;150.94454786828211;4980;51.576281014435253;4980;9.7537156285287026;4980;820.92369817749022;4980;4.5121616260261845;4980;4.6052430799279769;4980;62.538529618213445;4980;94.985808893093662
4990;150.87130344553972;4990;51.539658803064057;4990;9.5339823603015219;4990;821.00276886113249;4990;4.5112460707419046;4990;4.6006653035065774;4990;62.465285195471054;4990;95.059053315836053
5000;150.93234046449172;5000;51.417584765160072;5000;9.4851527451399278;5000;821.00276886113249;5000;4.5100253303628648;5000;4.6009704886013374;5000;62.294381542405461;5000;95.120090334788046
5010;150.96896267586291;5010;51.380962553788876;5010;9.4241157261879334;5010;821.00276886113249;5010;4.5091097750785849;5010;4.6034119693594171;5010;62.318796349986272;5010;95.034638508255256
5020;150.92013306070132;5020;51.29551072725608;5020;9.3020416882839445;5020;820.92369817749022;5020;4.508194219794305;5020;4.5991393780327767;5020;62.294381542405461;5020;94.961394085512865
5030;150.92013306070132;5030;51.332132938627275;5030;9.2532120731223486;5030;820.9632335193113;5030;4.5072786645100251;5030;4.5985290078432568;5030;62.41645558030946;5030;95.022431104464857
5040;150.87130344553972;5040;51.393169957579275;5040;9.1677602465895571;5040;820.9632335193113;5040;4.5060579241309853;5040;4.5942564165166173;5040;62.489700003051851;5040;94.949186681722466
5050;150.93234046449172;5050;51.234473708304087;5050;9.0945158238471624;5050;820.9632335193113;5050;4.5051423688467054;5050;4.5994445631275367;5050;62.41645558030946;5050;95.022431104464857
5060;150.77364421521654;5060;51.1246070741905;5060;8.9480269783623765;5060;821.04230420295369;5060;4.5042268135624255;5060;4.5951719718008972;5060;62.440870387890257;5060;94.99801629688406
5070;150.85909604174932;5070;51.1123996704001;5070;8.80153813287759;5070;821.00276886113249;5070;4.5030060731833856;5070;4.5930356761375775;5070;62.575151829584641;5070;94.851527451399278
5080;150.98117007965331;5080;51.222266304513688;5080;8.7527085177159947;5080;820.92369817749022;5080;4.5020905178991057;5080;4.5905941953794978;5080;62.562944425794242;5080;94.912564470351271
5090;150.98117007965331;5090;51.222266304513688;5090;8.6062196722312088;5090;820.84462749384784;5090;4.5011749626148259;5090;4.5939512314218574;5090;62.379833368938264;5090;94.875942258980075
5100;150.94454786828211;5100;51.1490218817713;5100;8.5451826532792143;5100;820.92369817749022;5100;4.500259407330546;5100;4.5908993804742577;5100;62.440870387890257;5100;94.912564470351271
5110;150.90792565691092;5110;51.014740440076913;5110;8.4109012115848252;5110;820.92369817749022;5110;4.4990386669515061;5110;4.5899838251899778;5110;62.404248176519062;5110;94.99801629688406
5120;151.00558488723411;5120;50.965910824915305;5120;8.3132419812616352;5120;821.00276886113249;5120;4.4981231116672262;5120;4.5930356761375775;5120;62.392040772728663;5120;94.99801629688406
5130;150.90792565691092;5130;50.941496017334508;5130;8.3254493850520355;5130;821.00276886113249;5130;4.4972075563829463;5130;4.5875423444318981;5130;62.440870387890257;5130;95.034638508255256
5140;150.94454786828211;5140;50.868251594592117;5140;8.3254493850520355;5140;820.92369817749022;5140;4.4959868160039065;5140;4.5869319742423782;5140;62.538529618213445;5140;95.046845912045654
5150;151.00558488723411;5150;50.880458998382515;5150;8.3010345774712366;5150;820.92369817749022;5150;4.4950712607196266;5150;4.5817438276314588;5150;62.550737022003844;5150;95.022431104464857
5160;151.0666219061861;5160;50.856044190801718;5160;8.1789605395672478;5160;820.9632335193113;5160;4.4941557054353467;5160;4.588152714621418;5160;62.562944425794242;5160;94.961394085512865
5170;151.1032441175573;5170;50.941496017334508;5170;8.1179235206152534;5170;820.9632335193113;5170;4.4932401501510668;5170;4.5841853083895385;5170;62.562944425794242;5170;94.961394085512865
5180;150.98117007965331;5180;50.904873805963312;5180;8.1667531357768475;5180;820.9632335193113;5180;4.492019409772027;5180;4.580523087252419;5180;62.392040772728663;5180;94.949186681722466
5190;150.85909604174932;5190;50.709555345316936;5190;8.0813013092440578;5190;820.9632335193113;5190;4.4911038544877471;5190;4.5793023468733782;5190;62.306588946195873;5190;94.961394085512865
5200;150.93234046449172;5200;50.721762749107334;5200;7.9958494827112645;5200;820.9632335193113;5200;4.4901882992034672;5200;4.5838801232947786;5200;62.306588946195873;5200;94.936979277932068
5210;150.96896267586291;5210;50.67293313394574;5210;7.9226050599688707;5210;821.00276886113249;5210;4.4892727439191873;5210;4.5826593829157387;5210;62.343211157567069;5210;94.851527451399278
5220;150.93234046449172;5220;50.624103518784146;5220;7.9226050599688707;5220;821.00276886113249;5220;4.4880520035401474;5220;4.5747245704519788;5220;62.367625965147866;5220;94.851527451399278
5230;150.95675527207251;5230;50.648518326364943;5230;8.0324716940824619;5230;821.00276886113249;5230;4.4871364482558675;5230;4.5793023468733782;5230;62.404248176519062;5230;94.936979277932068
5240;150.88351084933012;5240;50.697347941526537;5240;7.9714346751304666;5240;821.00276886113249;5240;4.4862208929715877;5240;4.5768608661152985;5240;62.392040772728663;5240;94.961394085512865
5250;151.0299996948149;5250;50.697347941526537;5250;7.8981902523880736;5250;820.92369817749022;5250;4.4850001525925478;5250;4.5768608661152985;5250;62.465285195471054;5250;94.99801629688406
5260;151.0666219061861;5260;50.611896114993748;5260;7.8127384258552812;5260;820.92369817749022;5260;4.4840845973082679;5260;4.5735038300729389;5260;62.489700003051851;5260;95.046845912045654
5270;151.0544145023957;5270;50.587481307412951;5270;7.8859828485976751;5270;821.00276886113249;5270;4.483169042023988;5270;4.5768608661152985;5270;62.440870387890257;5270;95.046845912045654
5280;150.94454786828211;5280;50.45319986571856;5280;7.8859828485976751;5280;820.9632335193113;5280;4.4822534867397072;5280;4.5707571642200993;5280;62.367625965147866;5280;95.046845912045654
5290;150.90792565691092;5290;50.294503616443379;5290;7.7028717917416918;5290;820.9632335193113;5290;4.4810327463606674;5290;4.5707571642200993;5290;62.41645558030946;5290;95.010223700674459
5300;151.1032441175573;5300;50.28229621265298;5300;7.678456984160893;5300;820.9632335193113;5300;4.4801171910763875;5300;4.5735038300729389;5300;62.526322214423047;5300;94.924771874141669
5310;150.98117007965331;5310;50.355540635395371;5310;7.71507919553209;5310;820.92369817749022;5310;4.4792016357921076;5310;4.5695364238410594;5310;62.453077791680656;5310;94.839320047608879
5320;150.84688863795893;5320;50.306711020233777;5320;7.7394940031128883;5320;820.92369817749022;5320;4.4782860805078277;5320;4.5692312387462994;5320;62.41645558030946;5320;94.875942258980075
5330;150.85909604174932;5330;50.135807367168184;5330;7.678456984160893;5330;820.92369817749022;5330;4.4770653401287879;5330;4.56556901760918;5330;62.477492599261453;5330;95.059053315836053
5340;150.90792565691092;5340;50.0137333292642;5340;7.678456984160893;5340;821.00276886113249;5340;4.476149784844508;5340;4.5692312387462994;5340;62.465285195471054;5340;95.16891994994964
5350;150.84688863795893;5350;50.038148136844995;5350;7.8005310220648827;5350;820.9632335193113;5350;4.4752342295602281;5350;4.56434827723014;5350;62.465285195471054;5350;95.144505142368843
5360;150.92013306070132;5360;50.0259407330546;5360;7.6540421765800959;5360;820.92369817749022;5360;4.4740134891811882;5360;4.5646534623249;5360;62.453077791680656;5360;95.16891994994964
5370;150.93234046449172;5370;49.964903714102604;5370;7.4465163121433156;5370;820.92369817749022;5370;4.4730979338969084;5370;4.56221198156682;5370;62.477492599261453;5370;95.107882930997647
5380;150.90792565691092;5380;49.830622272408206;5380;7.556382946256905;5380;820.9632335193113;5380;4.4721823786126285;5380;4.56434827723014;5380;62.489700003051851;5380;94.949186681722466
5390;150.87130344553972;5390;49.659718619342627;5390;7.580797753837702;5390;821.00276886113249;5390;4.4712668233283486;5390;4.5606860560930205;5390;62.392040772728663;5390;94.924771874141669
5400;150.98117007965331;5400;49.696340830713822;5400;7.580797753837702;5400;820.9632335193113;5400;4.4700460829493087;5400;4.5594653157139806;5400;62.404248176519062;5400;94.985808893093662
5410;150.94454786828211;5410;49.671926023133025;5410;7.6052125614185009;5410;821.00276886113249;5410;4.4691305276650288;5410;4.56251716666158;5410;62.465285195471054;5410;95.022431104464857
5420;150.72481460005494;5420;49.647511215552228;5420;7.580797753837702;5420;821.00276886113249;5420;4.4682149723807489;5420;4.5585497604297007;5420;62.379833368938264;5420;95.022431104464857
5430;150.78585161900693;5430;49.46440015869625;5430;7.5441755424665065;5430;820.9632335193113;5430;4.4669942320017091;5430;4.5576342051454208;5430;62.379833368938264;5430;94.924771874141669
5440;150.92013306070132;5440;49.330118717001866;5440;7.5441755424665065;5440;820.92369817749022;5440;4.4660786767174292;5440;4.5527512436292614;5440;62.367625965147866;5440;94.949186681722466
5450;150.93234046449172;5450;49.256874294259475;5450;7.5441755424665065;5450;820.92369817749022;5450;4.4651631214331493;5450;4.5579393902401808;5450;62.392040772728663;5450;94.863734855189676
5460;150.85909604174932;5460;49.147007660145889;5460;7.556382946256905;5460;820.9632335193113;5460;4.4642475661488694;5460;4.5530564287240214;5460;62.50190740684225;5460;94.814905240028082
5470;150.95675527207251;5470;49.073763237403483;5470;7.6296273689992979;5470;821.00276886113249;5470;4.46302682576983;5470;4.5518356883449815;5470;62.50190740684225;5470;94.863734855189676
5480;151.1032441175573;5480;48.963896603289896;5480;7.6296273689992979;5480;820.9632335193113;5480;4.4621112704855488;5480;4.5512253181554616;5480;62.477492599261453;5480;94.875942258980075
5490;151.1032441175573;5490;48.744163335062716;5490;7.531968138676107;5490;820.9632335193113;5490;4.4611957152012689;5490;4.5527512436292614;5490;62.440870387890257;5490;94.924771874141669
5500;151.0422070986053;5500;48.548844874416339;5500;7.5930051576281024;5500;821.04230420295369;5500;4.460280159916989;5500;4.5506149479659417;5500;62.440870387890257;5500;94.936979277932068
5510;151.0299996948149;5510;48.548844874416339;5510;7.71507919553209;5510;820.9632335193113;5510;4.4590594195379492;5510;4.5448164311655024;5510;62.379833368938264;5510;95.022431104464857
5520;151.0544145023957;5520;48.304696798608347;5520;7.82494582964568;5520;820.9632335193113;5520;4.4581438642536693;5520;4.5493942075869018;5520;62.306588946195873;5520;94.99801629688406
5530;150.93234046449172;5530;48.158207953123565;5530;7.8737754448072756;5530;821.00276886113249;5530;4.4572283089693894;5530;4.547868282113102;5530;62.367625965147866;5530;94.778283028656887
5540;150.93234046449172;5540;48.03613391521958;5540;7.7394940031128883;5540;821.00276886113249;5540;4.4560075685903495;5540;4.5469527268288221;5540;62.440870387890257;5540;94.875942258980075
5550;150.88351084933012;5550;47.877437665944392;5550;7.7272865993224888;5550;821.00276886113249;5550;4.45509201330607;5550;4.5420697653126627;5550;62.355418561357467;5550;94.936979277932068
5560;151.01779229102451;5560;47.58445997497482;5560;7.71507919553209;5560;820.9632335193113;5560;4.45417645802179;5560;4.5451216162602623;5560;62.404248176519062;5560;94.900357066560872
5570;151.0544145023957;5570;47.352519302957241;5570;7.7517014069032868;5570;820.9632335193113;5570;4.45326090273751;5570;4.540238654744102;5570;62.489700003051851;5570;94.875942258980075
5580;150.90792565691092;5580;47.206030457472458;5580;7.8493606372264786;5580;820.9632335193113;5580;4.45204016235847;5580;4.540543839838862;5580;62.526322214423047;5580;94.851527451399278
5590;150.87130344553972;5590;46.864223151341292;5590;7.9714346751304666;5590;820.9632335193113;5590;4.45112460707419;5590;4.5420697653126627;5590;62.526322214423047;5590;94.912564470351271
5600;150.95675527207251;5600;46.717734305856496;5600;7.9714346751304666;5600;820.9632335193113;5600;4.45020905178991;5600;4.5393230994598222;5600;62.440870387890257;5600;94.924771874141669
5610;151.0422070986053;5610;46.424756614886931;5610;8.0202642902920616;5610;820.9632335193113;5610;4.44898831141087;5610;4.5390179143650622;5610;62.440870387890257;5610;94.863734855189676
5620;150.96896267586291;5620;46.37592699972533;5620;8.1301309244056519;5620;820.92369817749022;5620;4.4480727561265905;5620;4.5353556932279426;5620;62.367625965147866;5620;94.790490432447285
5630;150.85909604174932;5630;45.98529007843257;5630;8.2033753471480448;5630;820.9632335193113;5630;4.4471572008423106;5630;4.5393230994598222;5630;62.294381542405461;5630;94.851527451399278
5640;150.77364421521654;5640;45.545823541978216;5640;8.1667531357768475;5640;820.9632335193113;5640;4.4462416455580307;5640;4.5347453230384227;5640;62.41645558030946;5640;94.851527451399278
5650;150.98117007965331;5650;45.191808832056637;5650;8.1911679433576463;5650;820.9632335193113;5650;4.4450209051789908;5650;4.5353556932279426;5650;62.489700003051851;5650;94.863734855189676
5660;150.95675527207251;5660;44.83779412213508;5660;8.26441236610004;5660;820.9632335193113;5660;4.444105349894711;5660;4.531998657185583;5660;62.404248176519062;5660;94.839320047608879
5670;150.83468123416853;5670;44.605853450117486;5670;8.27661976989044;5670;820.9632335193113;5670;4.4431897946104311;5670;4.5344401379436627;5670;62.379833368938264;5670;94.839320047608879
5680;150.82247383037813;5680;44.117557298501545;5680;8.3986938077944266;5680;820.92369817749022;5680;4.4422742393261512;5680;4.5313882869960631;5680;62.367625965147866;5680;94.900357066560872
5690;150.92013306070132;5690;43.848994415112777;5690;8.4231086153752255;5690;820.84462749384784;5690;4.4410534989471113;5690;4.5283364360484635;5690;62.306588946195873;5690;94.875942258980075
5700;151.0422070986053;5700;43.287453840754416;5700;8.3254493850520355;5700;820.92369817749022;5700;4.4401379436628314;5700;4.5301675466170233;5700;62.392040772728663;5700;94.900357066560872
5710;150.94454786828211;5710;43.00668355357525;5710;8.3864864040040281;5710;820.92369817749022;5710;4.4392223883785515;5710;4.5280312509537035;5710;62.465285195471054;5710;94.936979277932068
5720;150.83468123416853;5720;42.4085207678457;5720;8.4597308267464211;5720;820.92369817749022;5720;4.4380016479995117;5720;4.5274208807641836;5720;62.367625965147866;5720;95.010223700674459
5730;150.85909604174932;5730;42.017883846552927;5730;8.4109012115848252;5730;820.92369817749022;5730;4.4370860927152318;5730;4.5219275490585042;5730;62.318796349986272;5730;94.924771874141669
5740;151.0422070986053;5740;41.60283211767937;5740;8.5451826532792143;5740;820.92369817749022;5740;4.4361705374309519;5740;4.5271156956694236;5740;62.404248176519062;5740;94.924771874141669
5750;150.98117007965331;5750;41.06570635090182;5750;8.6794640949736017;5750;821.00276886113249;5750;4.435254982146672;5750;4.523758659627064;5750;62.404248176519062;5750;94.875942258980075
5760;150.93234046449172;5760;40.662862025818654;5760;8.7038789025543988;5760;821.04230420295369;5760;4.4340342417676322;5760;4.5213171788689834;5760;62.50190740684225;5760;94.851527451399278
5770;151.0299996948149;5770;39.979247413556322;5770;8.7038789025543988;5770;821.00276886113249;5770;4.4331186864833523;5770;4.5182653279213838;5770;62.623981444746235;5770;94.936979277932068
5780;150.98117007965331;5780;39.686269722586751;5780;8.7771233252967935;5780;820.92369817749022;5780;4.4322031311990724;5780;4.523758659627064;5780;62.50190740684225;5780;94.912564470351271
5790;150.85909604174932;5790;39.0758995330668;5790;8.8503677480391847;5790;820.9632335193113;5790;4.4312875759147925;5790;4.5228431043427841;5790;62.355418561357467;5790;94.912564470351271
5800;150.93234046449172;5800;38.526566362498855;5800;8.789330729087192;5800;820.9632335193113;5800;4.4300668355357526;5800;4.5146031067842642;5800;62.379833368938264;5800;94.936979277932068
5810;151.01779229102451;5810;37.794122135074929;5810;8.8869899594103821;5810;820.9632335193113;5810;4.4291512802514728;5810;4.5182653279213838;5810;62.41645558030946;5810;94.936979277932068
5820;150.88351084933012;5820;37.488937040314951;5820;8.89919736320078;5820;820.9632335193113;5820;4.4282357249671929;5820;4.5179601428266238;5820;62.404248176519062;5820;94.839320047608879
5830;150.90792565691092;5830;36.866359447004612;5830;8.8869899594103821;5830;821.00276886113249;5830;4.427014984588153;5830;4.5173497726371039;5830;62.404248176519062;5830;94.875942258980075
5840;150.85909604174932;5840;36.182744834742273;5840;8.89919736320078;5840;820.9632335193113;5840;4.4260994293038731;5840;4.5115512558366646;5840;62.404248176519062;5840;94.851527451399278
5850;150.87130344553972;5850;35.608996856593521;5850;8.9846491897335738;5850;820.92369817749022;5850;4.4251838740195932;5850;4.5149082918790242;5850;62.392040772728663;5850;94.863734855189676
5860;150.83468123416853;5860;35.071871089815978;5860;9.0823084200567639;5860;820.92369817749022;5860;4.4242683187353133;5860;4.5103305154576248;5860;62.404248176519062;5860;94.900357066560872
5870;150.95675527207251;5870;34.498123111667226;5870;9.1555528427991586;5870;820.9632335193113;5870;4.4230475783562726;5870;4.5115512558366646;5870;62.392040772728663;5870;94.778283028656887
5880;151.01779229102451;5880;33.509323404644917;5880;9.2532120731223486;5880;820.9632335193113;5880;4.4221320230719927;5880;4.5124668111209445;5880;62.306588946195873;5880;94.692831202124083
5890;150.88351084933012;5890;33.03323465681936;5890;9.2776268807031457;5890;820.92369817749022;5890;4.4212164677877128;5890;4.5094149601733449;5890;62.221137119663069;5890;94.790490432447285
5900;150.82247383037813;5900;32.129886776329847;5900;9.387493514816736;5900;820.92369817749022;5900;4.419995727408673;5900;4.5075838496047851;5900;62.269966734824663;5900;94.912564470351271
5910;150.88351084933012;5910;31.409649952696313;5910;9.4851527451399278;5910;820.92369817749022;5910;4.4190801721243931;5910;4.5048371837519454;5910;62.318796349986272;5910;94.900357066560872
5920;151.0422070986053;5920;30.664998321481978;5920;9.5339823603015219;5920;821.00276886113249;5920;4.4181646168401132;5920;4.5094149601733449;5920;62.269966734824663;5920;94.839320047608879
5930;150.96896267586291;5930;30.103457747123631;5930;9.4363231299783319;5930;821.00276886113249;5930;4.4172490615558333;5930;4.5051423688467054;5930;62.282174138615062;5930;94.814905240028082
5940;150.98117007965331;5940;29.151280251472517;5940;9.4485305337687322;5940;820.9632335193113;5940;4.4160283211767934;5940;4.5054475539414653;5940;62.294381542405461;5940;94.827112643818481
5950;150.96896267586291;5950;28.235724967192606;5950;9.5217749565111234;5950;820.92369817749022;5950;4.4151127658925136;5950;4.500259407330546;5950;62.196722312082272;5950;94.766075624866488
5960;150.90792565691092;5960;27.625354777672655;5960;9.46073793755913;5960;820.92369817749022;5960;4.4141972106082337;5960;4.5030060731833856;5960;62.196722312082272;5960;94.729453413495293
5970;150.90792565691092;5970;26.709799493392744;5970;9.5950193792535181;5970;821.00276886113249;5970;4.4132816553239538;5970;4.499649037141026;5970;62.221137119663069;5970;94.766075624866488
5980;150.94454786828211;5980;25.977355265968811;5980;9.7537156285287026;5980;821.04230420295369;5980;4.4120609149449139;5980;4.4981231116672262;5980;62.221137119663069;5980;94.851527451399278
5990;150.96896267586291;5990;25.08621478926969;5990;9.8269600512710955;5990;820.9632335193113;5990;4.411145359660634;5990;4.5008697775200659;5990;62.221137119663069;5990;94.900357066560872
6000;151.00558488723411;6000;24.43922238837855;6000;9.8269600512710955;6000;820.92369817749022;6000;4.4102298043763541;6000;4.4975127414777063;6000;62.233344523453468;6000;94.875942258980075
6010;150.94454786828211;6010;23.291726432081056;6010;9.814752647480697;6010;821.00276886113249;6010;4.4090090639973143;6010;4.4969023712881864;6010;62.233344523453468;6010;94.790490432447285
6020;150.88351084933012;6020;22.437208166753138;6020;9.8757896664326914;6020;821.00276886113249;6020;4.4080935087130344;6020;4.492019409772027;6020;62.269966734824663;6020;94.6073793755913
6030;150.88351084933012;6030;21.362956633198035;6030;9.9368266853846858;6030;821.00276886113249;6030;4.4071779534287545;6030;4.4959868160039065;6030;62.318796349986272;6030;94.63179418317209
6040;150.81026642658773;6040;20.508438367870113;6040;10.010071108127079;6040;820.9632335193113;6040;4.4062623981444746;6040;4.4929349650563069;6040;62.269966734824663;6040;94.814905240028082
6050;151.0299996948149;6050;19.5806756797998;6050;10.119937742240667;6050;820.92369817749022;6050;4.4050416577654348;6050;4.491714224677267;6050;62.269966734824663;6050;94.814905240028082
6060;151.12765892513809;6060;18.433179723502306;6060;10.156559953611865;6060;820.92369817749022;6060;4.4041261024811549;6060;4.4883571886349074;6060;62.196722312082272;6060;94.827112643818481
6070;150.96896267586291;6070;17.786187322611163;6070;10.266426587725455;6070;820.9632335193113;6070;4.403210547196875;6070;4.4907986693929871;6070;62.025818659016693;6070;94.827112643818481
6080;150.88351084933012;6080;16.699728385265665;6080;10.132145146031068;6080;820.9632335193113;6080;4.4019898068178351;6080;4.4889675588244273;6080;62.013611255226294;6080;94.814905240028082
6090;150.85909604174932;6090;15.833002716147343;6090;9.9856563005462817;6090;820.9632335193113;6090;4.4010742515335552;6090;4.4862208929715877;6090;62.13568529313028;6090;94.827112643818481
6100;150.96896267586291;6100;14.636677144688253;6100;10.205389568773462;6100;821.00276886113249;6100;4.4001586962492754;6100;4.4895779290139473;6100;62.306588946195873;6100;94.814905240028082
6110;150.92013306070132;6110;13.867610705893124;6110;10.254219183935056;6110;820.9632335193113;6110;4.3992431409649955;6110;4.4859157078768277;6110;62.172307504501475;6110;94.790490432447285
6120;150.87130344553972;6120;12.891018402661214;6120;10.315256202887051;6120;820.92369817749022;6120;4.3980224005859556;6120;4.4846949674977878;6120;62.013611255226294;6120;94.75386822107609
6130;150.94454786828211;6130;11.914426099429303;6130;10.400708029419842;6130;820.84462749384784;6130;4.3971068453016757;6130;4.4795068208868676;6130;62.221137119663069;6130;94.71724600970488
6140;151.0544145023957;6140;10.974456007568593;6140;10.351878414258247;6140;820.84462749384784;6140;4.3961912900173958;6140;4.483779412213508;6140;62.306588946195873;6140;94.692831202124083
6150;151.0544145023957;6150;10.09552293465987;6150;10.376293221839045;6150;820.9632335193113;6150;4.3952757347331159;6150;4.4801171910763875;6150;62.147892696920678;6150;94.692831202124083
6160;151.01779229102451;6160;9.6682638019959111;6160;10.205389568773462;6160;820.9632335193113;6160;4.3940549943540761;6160;4.4804223761711475;6160;62.123477889339881;6160;94.71724600970488
6170;150.96896267586291;6170;9.0701010162663653;6170;9.8635822626422929;6170;821.00276886113249;6170;4.3931394390697962;6170;4.4792016357921076;6170;62.184514908291874;6170;94.778283028656887
6180;150.88351084933012;6180;8.5573900570696129;6180;9.68047120578631;6180;821.00276886113249;6180;4.3922238837855163;6180;4.476149784844508;6180;62.196722312082272;6180;94.814905240028082
6190;150.92013306070132;6190;7.83715323343608;6190;9.4485305337687322;6190;820.9632335193113;6190;4.3910031434064765;6190;4.4755394146549881;6190;62.257759331034265;6190;94.71724600970488
6200;150.93234046449172;6200;7.2145756401257364;6200;9.4485305337687322;6200;820.92369817749022;6200;4.3900875881221966;6200;4.4734031189916683;6200;62.318796349986272;6200;94.692831202124083
6210;150.94454786828211;6210;6.2379833368938264;6210;9.47294534134953;6210;820.9632335193113;6210;4.3891720328379167;6210;4.4776757103183078;6210;62.269966734824663;6210;94.729453413495293
6220;150.90792565691092;6220;5.6276131473738822;6220;9.46073793755913;6220;821.04230420295369;6220;4.3882564775536368;6220;4.4727927488021484;6220;62.172307504501475;6220;94.668416394543286
6230;151.00558488723411;6230;4.870754112369152;6230;9.5828119754631178;6230;821.04230420295369;6230;4.3870357371745969;6230;4.4727927488021484;6230;62.208929715872671;6230;94.71724600970488
6240;151.0422070986053;6240;4.1871395001068148;6240;9.6560563982055125;6240;820.92369817749022;6240;4.386120181890317;6240;4.4691305276650288;6240;62.257759331034265;6240;94.790490432447285
6250;150.96896267586291;6250;3.6255989257484669;6250;9.7537156285287026;6250;820.92369817749022;6250;4.3852046266060372;6250;4.4721823786126285;6250;62.233344523453468;6250;94.827112643818481
6260;150.95675527207251;6260;2.9541917172765282;6260;9.8513748588518943;6260;820.92369817749022;6260;4.3839838862269964;6260;4.4666890469069491;6260;62.208929715872671;6260;94.766075624866488
6270;150.93234046449172;6270;2.4414807580797753;6270;9.8513748588518943;6270;820.9632335193113;6270;4.3830683309427165;6270;4.4663838618121892;6270;62.147892696920678;6270;94.75386822107609
6280;150.96896267586291;6280;1.8555253761406294;6280;9.7537156285287026;6280;821.00276886113249;6280;4.3821527756584366;6280;4.4685201574755089;6280;62.05023346659749;6280;94.71724600970488
6290;150.98117007965331;6290;1.5625476851710562;6290;9.9124118778038888;6290;820.9632335193113;6290;4.3812372203741567;6290;4.4669942320017091;6290;62.13568529313028;6290;94.668416394543286
6300;150.94454786828211;6300;1.2207403790398876;6300;10.071108127079073;6300;820.9632335193113;6300;4.3800164799951169;6300;4.4663838618121892;6300;62.208929715872671;6300;94.71724600970488
6310;150.88351084933012;6310;0.9277626880703147;6310;10.022278511917477;6310;820.92369817749022;6310;4.379100924710837;6310;4.4593646046327091;6310;62.233344523453468;6310;94.656208990752887
6320;150.96896267586291;6320;0.69582201605273586;6320;9.9490340891750844;6320;820.92369817749022;6320;4.3781853694265571;6320;4.4651631214331493;6320;62.184514908291874;6320;94.729453413495293
6330;150.92013306070132;6330;0.40284432508316292;6330;10.144352549821466;6330;820.84462749384784;6330;4.3772698141422772;6330;4.4618060853907888;6330;62.208929715872671;6330;94.766075624866488
6340;150.90792565691092;6340;0.39063692129276406;6340;10.315256202887051;6340;820.92369817749022;6340;4.3760490737632374;6340;4.4584490493484292;6340;62.269966734824663;6340;94.75386822107609
6350;150.93234046449172;6350;0.35401470992156742;6350;10.107730338450269;6350;820.9632335193113;6350;4.3751335184789575;6350;4.45478682821131;6350;62.111270485549483;6350;94.790490432447285
6360;150.85909604174932;6360;0.31739249855037077;6360;10.156559953611865;6360;820.9632335193113;6360;4.3742179631946776;6360;4.4611957152012689;6360;62.123477889339881;6360;94.814905240028082
6370;150.90792565691092;6370;0.30518509475997191;6370;10.327463606677449;6370;820.9632335193113;6370;4.3729972228156377;6370;4.4587542344431892;6370;62.184514908291874;6370;94.778283028656887
6380;151.00558488723411;6380;0.28077028717917418;6380;10.278633991515855;6380;820.92369817749022;6380;4.3720816675313579;6380;4.45265053254799;6380;62.111270485549483;6380;94.729453413495293
6390;150.96896267586291;6390;0.26856288338877532;6390;10.242011780144658;6390;820.84462749384784;6390;4.371166112247078;6390;4.45539719840083;6390;62.038026062807091;6390;94.827112643818481
6400;150.94454786828211;6400;0.26856288338877532;6400;10.180974761192665;6400;820.92369817749022;6400;4.3702505569627981;6400;4.45417645802179;6400;62.123477889339881;6400;94.900357066560872
6410;150.90792565691092;6410;0.28077028717917418;6410;10.327463606677449;6410;820.9632335193113;6410;4.3690298165837582;6410;4.45326090273751;6410;62.208929715872671;6410;94.900357066560872
6420;150.85909604174932;6420;0.28077028717917418;6420;10.364085818048645;6420;820.92369817749022;6420;4.3681142612994783;6420;4.4474623859370706;6420;62.062440870387888;6420;94.851527451399278
6430;150.87130344553972;6430;0.26856288338877532;6430;10.43733024079104;6430;821.00276886113249;6430;4.3671987060151984;6430;4.45265053254799;6430;62.05023346659749;6430;94.778283028656887
6440;150.78585161900693;6440;0.26856288338877532;6440;10.681478316599017;6440;820.9632335193113;6440;4.3662831507309185;6440;4.44868312631611;6440;62.13568529313028;6440;94.692831202124083
6450;150.90792565691092;6450;0.24414807580797754;6450;10.681478316599017;6450;820.92369817749022;6450;4.3650624103518778;6450;4.4471572008423106;6450;62.208929715872671;6450;94.668416394543286
6460;151.00558488723411;6460;0.26856288338877532;6460;10.608233893856625;6460;820.9632335193113;6460;4.3641468550675979;6460;4.4450209051789908;6460;62.208929715872671;6460;94.71724600970488
6470;151.0910367137669;6470;0.24414807580797754;6470;10.705893124179815;6470;820.9632335193113;6470;4.363231299783318;6470;4.4474623859370706;6470;62.172307504501475;6470;94.729453413495293
6480;150.96896267586291;6480;0.24414807580797754;6480;10.596026490066226;6480;820.84462749384784;6480;4.3620105594042782;6480;4.4459364604632707;6480;62.172307504501475;6480;94.741660817285691
6490;150.90792565691092;6490;0.26856288338877532;6490;10.571611682485429;6490;820.92369817749022;6490;4.3610950041199983;6490;4.4416638691366312;6490;62.233344523453468;6490;94.656208990752887
6500;150.95675527207251;6500;0.30518509475997191;6500;10.730307931760615;6500;821.00276886113249;6500;4.3601794488357184;6500;4.4453260902737508;6500;62.257759331034265;6500;94.668416394543286
6510;150.82247383037813;6510;0.29297769096957305;6510;10.742515335551014;6510;820.9632335193113;6510;4.3592638935514385;6510;4.4407483138523514;6510;62.184514908291874;6510;94.71724600970488
6520;150.93234046449172;6520;0.26856288338877532;6520;10.730307931760615;6520;820.9632335193113;6520;4.3580431531723987;6520;4.4407483138523514;6520;62.13568529313028;6520;94.692831202124083
6530;151.0299996948149;6530;0.26856288338877532;6530;10.779137546922209;6530;820.92369817749022;6530;4.3571275978881188;6530;4.4361705374309519;6530;62.172307504501475;6530;94.680623798333684
6540;150.96896267586291;6540;0.24414807580797754;6540;10.913418988616597;6540;820.92369817749022;6540;4.3562120426038389;6540;4.4395275734733115;6540;62.208929715872671;6540;94.644001586962489
6550;150.84688863795893;6550;0.26856288338877532;6550;11.011078218939788;6550;820.92369817749022;6550;4.354991302224799;6550;4.4361705374309519;6550;62.221137119663069;6550;94.5219275490585
6560;150.85909604174932;6560;0.26856288338877532;6560;10.99887081514939;6560;820.9632335193113;6560;4.3540757469405191;6560;4.4376964629047517;6560;62.221137119663069;6560;94.5829645680105
6570;150.93234046449172;6570;0.26856288338877532;6570;10.974456007568593;6570;820.9632335193113;6570;4.3531601916562392;6570;4.4386120181890316;6570;62.196722312082272;6570;94.729453413495293
6580;151.00558488723411;6580;0.28077028717917418;6580;10.99887081514939;6580;820.9632335193113;6580;4.3522446363719594;6580;4.4349497970519121;6580;62.172307504501475;6580;94.680623798333684
6590;151.0666219061861;6590;0.28077028717917418;6590;11.035493026520586;6590;821.00276886113249;6590;4.3510238959929195;6590;4.4337290566728722;6590;62.269966734824663;6590;94.6073793755913
6600;150.96896267586291;6600;0.24414807580797754;6600;11.133152256843774;6600;821.00276886113249;6600;4.35010834070864;6600;4.4309823908200325;6600;62.221137119663069;6600;94.644001586962489
6610;151.00558488723411;6610;0.26856288338877532;6610;11.267433698538163;6610;821.00276886113249;6610;4.34919278542436;6610;4.4346446119571521;6610;62.147892696920678;6610;94.680623798333684
6620;150.90792565691092;6620;0.26856288338877532;6620;11.218604083376569;6620;820.9632335193113;6620;4.34827723014008;6620;4.4297616504409927;6620;62.147892696920678;6620;94.656208990752887
6630;150.85909604174932;6630;0.24414807580797754;6630;11.365092928861356;6630;820.92369817749022;6630;4.34705648976104;6630;4.4309823908200325;6630;62.123477889339881;6630;94.644001586962489
6640;150.92013306070132;6640;0.24414807580797754;6640;11.426129947813349;6640;820.9632335193113;6640;4.34614093447676;6640;4.4276253547776729;6640;62.123477889339881;6640;94.741660817285691
6650;150.92013306070132;6650;0.26856288338877532;6650;11.316263313699759;6650;820.9632335193113;6650;4.34522537919248;6650;4.4291512802514728;6650;62.13568529313028;6650;94.729453413495293
6660;150.85909604174932;6660;0.26856288338877532;6660;11.438337351603748;6660;820.9632335193113;6660;4.34400463881344;6660;4.4260994293038731;6660;62.196722312082272;6660;94.741660817285691
6670;150.94454786828211;6670;0.24414807580797754;6670;11.438337351603748;6670;820.9632335193113;6670;4.3430890835291605;6670;4.4260994293038731;6670;62.184514908291874;6670;94.790490432447285
6680;151.01779229102451;6680;0.24414807580797754;6680;11.413922544022951;6680;820.9632335193113;6680;4.3421735282448806;6680;4.4294564653462327;6680;62.123477889339881;6680;94.741660817285691
6690;151.0299996948149;6690;0.23194067201757868;6690;11.474959562974945;6690;820.9632335193113;6690;4.3412579729606007;6690;4.4248786889248333;6690;62.184514908291874;6690;94.680623798333684
6700;151.0910367137669;6700;0.26856288338877532;6700;11.560411389507737;6700;820.92369817749022;6700;4.3400372325815608;6700;4.4233527634510326;6700;62.257759331034265;6700;94.680623798333684
6710;151.0544145023957;6710;0.28077028717917418;6710;11.731315042573321;6710;820.92369817749022;6710;4.3391216772972809;6710;4.4187749870296331;6710;62.269966734824663;6710;94.668416394543286
6720;150.98117007965331;6720;0.28077028717917418;6720;11.75572985015412;6720;820.9632335193113;6720;4.338206122013001;6720;4.4230475783562726;6720;62.306588946195873;6720;94.71724600970488
6730;150.85909604174932;6730;0.28077028717917418;6730;11.633655812250129;6730;820.92369817749022;6730;4.3369853816339612;6730;4.4184698019348732;6730;62.172307504501475;6730;94.741660817285691
6740;150.90792565691092;6740;0.28077028717917418;6740;11.85338908047731;6740;820.92369817749022;6740;4.3360698263496813;6740;4.4181646168401132;6740;62.123477889339881;6740;94.71724600970488
6750;150.81026642658773;6750;0.26856288338877532;6750;11.963255714590899;6750;820.9632335193113;6750;4.3351542710654014;6750;4.4169438764610733;6750;62.233344523453468;6750;94.71724600970488
6760;150.95675527207251;6760;0.24414807580797754;6760;11.804559465315714;6760;820.9632335193113;6760;4.3342387157811215;6760;4.4181646168401132;6760;62.233344523453468;6760;94.680623798333684
6770;151.0544145023957;6770;0.24414807580797754;6770;11.816766869106113;6770;820.9632335193113;6770;4.3330179754020817;6770;4.4154179509872735;6770;62.184514908291874;6770;94.656208990752887
6780;151.01779229102451;6780;0.24414807580797754;6780;11.877803888058107;6780;820.92369817749022;6780;4.3321024201178018;6780;4.4102298043763541;6780;62.111270485549483;6780;94.75386822107609
6790;151.0910367137669;6790;0.26856288338877532;6790;11.914426099429303;6790;820.9632335193113;6790;4.3311868648335219;6790;4.4151127658925136;6790;62.062440870387888;6790;94.75386822107609
6800;150.95675527207251;6800;0.23194067201757868;6800;12.073122348704487;6800;821.00276886113249;6800;4.330271309549242;6800;4.4135868404187137;6800;62.062440870387888;6800;94.680623798333684
6810;150.98117007965331;6810;0.24414807580797754;6810;12.182988982818079;6810;820.92369817749022;6810;4.3290505691702021;6810;4.4126712851344339;6810;62.099063081759084;6810;94.741660817285691
6820;151.1032441175573;6820;0.26856288338877532;6820;12.085329752494889;6820;820.92369817749022;6820;4.3281350138859223;6820;4.4077883236182744;6820;62.05023346659749;6820;94.827112643818481
6830;151.13986632892849;6830;0.26856288338877532;6830;11.999877925962096;6830;820.84462749384784;6830;4.3272194586016424;6830;4.411755729850154;6830;62.13568529313028;6830;94.827112643818481
6840;150.93234046449172;6840;0.26856288338877532;6840;12.121951963866085;6840;820.92369817749022;6840;4.3259987182226016;6840;4.4068727683339946;6840;62.13568529313028;6840;94.71724600970488
6850;151.00558488723411;6850;0.28077028717917418;6850;12.195196386608478;6850;820.92369817749022;6850;4.3250831629383217;6850;4.4044312875759148;6850;62.123477889339881;6850;94.680623798333684
6860;151.0910367137669;6860;0.29297769096957305;6860;12.207403790398876;6860;820.92369817749022;6860;4.3241676076540418;6860;4.4050416577654348;6860;62.147892696920678;6860;94.71724600970488
6870;150.98117007965331;6870;0.28077028717917418;6870;12.378307443464461;6870;821.00276886113249;6870;4.323252052369762;6870;4.4080935087130344;6870;62.147892696920678;6870;94.692831202124083
6880;150.95675527207251;6880;0.26856288338877532;6880;12.451551866206852;6880;821.00276886113249;6880;4.3220313119907221;6880;4.4077883236182744;6880;62.269966734824663;6880;94.656208990752887
6890;150.98117007965331;6890;0.24414807580797754;6890;12.439344462416454;6890;820.92369817749022;6890;4.3211157567064422;6890;4.4004638813440353;6890;62.147892696920678;6890;94.644001586962489
6900;151.0666219061861;6900;0.26856288338877532;6900;12.439344462416454;6900;820.92369817749022;6900;4.3202002014221623;6900;4.4047364726706748;6900;62.013611255226294;6900;94.729453413495293
6910;150.94454786828211;6910;0.24414807580797754;6910;12.439344462416454;6910;820.9632335193113;6910;4.3189794610431225;6910;4.4013794366283152;6910;62.184514908291874;6910;94.766075624866488
6920;150.96896267586291;6920;0.28077028717917418;6920;12.475966673787653;6920;820.92369817749022;6920;4.3180639057588426;6920;4.3995483260597554;6920;62.172307504501475;6920;94.75386822107609
6930;150.90792565691092;6930;0.26856288338877532;6930;12.561418500320446;6930;820.92369817749022;6930;4.3171483504745627;6930;4.394970549638356;6930;62.221137119663069;6930;94.692831202124083
6940;150.92013306070132;6940;0.24414807580797754;6940;12.671285134434035;6940;820.9632335193113;6940;4.3162327951902828;6940;4.4010742515335552;6940;62.233344523453468;6940;94.668416394543286
6950;150.96896267586291;6950;0.26856288338877532;6950;12.634662923062837;6950;820.84462749384784;6950;4.3150120548112429;6950;4.3964964751121558;6950;62.062440870387888;6950;94.63179418317209
6960;150.95675527207251;6960;0.24414807580797754;6960;12.744529557176429;6960;820.92369817749022;6960;4.3140964995269631;6960;4.3913083285012364;6960;62.062440870387888;6960;94.692831202124083
6970;150.96896267586291;6970;0.24414807580797754;6970;12.891018402661214;6970;821.00276886113249;6970;4.3131809442426832;6970;4.394665364543596;6970;62.111270485549483;6970;94.680623798333684
6980;150.93234046449172;6980;0.24414807580797754;6980;12.829981383709219;6980;820.92369817749022;6980;4.3122653889584033;6980;4.3964964751121558;6980;62.13568529313028;6980;94.5097201452681
6990;150.92013306070132;6990;0.26856288338877532;6990;12.781151768547625;6990;820.9632335193113;6990;4.3110446485793634;6990;4.3952757347331159;6990;62.208929715872671;6990;94.5951719718009
7000;150.85909604174932;7000;0.28077028717917418;7000;12.842188787499619;7000;820.9632335193113;7000;4.3101290932950835;7000;4.3879512924588768;7000;62.294381542405461;7000;94.656208990752887
7010;150.92013306070132;7010;0.26856288338877532;7010;12.829981383709219;7010;821.00276886113249;7010;4.3092135380108036;7010;4.3922238837855163;7010;62.294381542405461;7010;94.63179418317209
7020;150.85909604174932;7020;0.24414807580797754;7020;12.976470229194007;7020;821.00276886113249;7020;4.3079927976317638;7020;4.3879512924588768;7020;62.282174138615062;7020;94.692831202124083
7030;150.94454786828211;7030;0.26856288338877532;7030;13.15958128604999;7030;820.92369817749022;7030;4.3070772423474839;7030;4.3876461073641169;7030;62.282174138615062;7030;94.644001586962489
7040;150.95675527207251;7040;0.24414807580797754;7040;13.135166478469193;7040;820.92369817749022;7040;4.306161687063204;7040;4.3855098117007971;7040;62.184514908291874;7040;94.668416394543286
7050;150.98117007965331;7050;0.24414807580797754;7050;13.110751670888392;7050;821.00276886113249;7050;4.3052461317789241;7050;4.3879512924588768;7050;62.221137119663069;7050;94.668416394543286
7060;151.0299996948149;7060;0.26856288338877532;7060;13.061922055726798;7060;820.9632335193113;7060;4.3040253913998843;7060;4.3839838862269964;7060;62.233344523453468;7060;94.5707571642201
7070;150.96896267586291;7070;0.26856288338877532;7070;13.147373882259592;7070;820.84462749384784;7070;4.3031098361156044;7070;4.3815424054689167;7070;62.184514908291874;7070;94.6073793755913
7080;150.85909604174932;7080;0.28077028717917418;7080;13.25724051637318;7080;820.9632335193113;7080;4.3021942808313245;7080;4.386120181890317;7080;62.184514908291874;7080;94.656208990752887
7090;150.78585161900693;7090;0.26856288338877532;7090;13.281655323953977;7090;821.00276886113249;7090;4.3012787255470446;7090;4.3809320352793968;7090;62.13568529313028;7090;94.656208990752887
7100;150.94454786828211;7100;0.24414807580797754;7100;13.306070131534774;7100;820.9632335193113;7100;4.3000579851680047;7100;4.3797112949003569;7100;62.233344523453468;7100;94.680623798333684
7110;150.93234046449172;7110;0.24414807580797754;7110;13.342692342905973;7110;820.92369817749022;7110;4.2991424298837249;7110;4.3769646290475173;7110;62.172307504501475;7110;94.63179418317209
7120;151.0299996948149;7120;0.26856288338877532;7120;13.403729361857966;7120;820.9632335193113;7120;4.298226874599445;7120;4.3818475905636767;7120;62.111270485549483;7120;94.668416394543286
7130;150.98117007965331;7130;0.24414807580797754;7130;13.440351573229165;7130;820.9632335193113;7130;4.2970061342204051;7130;4.3766594439527573;7130;62.147892696920678;7130;94.668416394543286
7140;150.95675527207251;7140;0.26856288338877532;7140;13.476973784600361;7140;820.92369817749022;7140;4.2960905789361252;7140;4.3769646290475173;7140;62.13568529313028;7140;94.5951719718009
7150;150.93234046449172;7150;0.26856288338877532;7150;13.452558977019564;7150;821.00276886113249;7150;4.2951750236518453;7150;4.3760490737632374;7150;62.196722312082272;7150;94.6073793755913
7160;150.96896267586291;7160;0.24414807580797754;7160;13.513595995971556;7160;820.9632335193113;7160;4.2942594683675654;7160;4.3742179631946776;7160;62.269966734824663;7160;94.5951719718009
7170;151.01779229102451;7170;0.26856288338877532;7170;13.562425611133152;7170;820.9632335193113;7170;4.2930387279885256;7170;4.3726920377208778;7170;62.257759331034265;7170;94.656208990752887
7180;150.90792565691092;7180;0.28077028717917418;7180;13.660084841456344;7180;820.9632335193113;7180;4.2921231727042457;7180;4.370555742057558;7180;62.172307504501475;7180;94.692831202124083
7190;151.01779229102451;7190;0.28077028717917418;7190;13.733329264198737;7190;820.9632335193113;7190;4.2912076174199658;7190;4.3751335184789575;7190;62.13568529313028;7190;94.680623798333684
7200;150.85909604174932;7200;0.26856288338877532;7200;13.69670705282754;7200;821.00276886113249;7200;4.289986877040926;7200;4.3690298165837582;7200;62.123477889339881;7200;94.668416394543286
7210;150.92013306070132;7210;0.28077028717917418;7210;13.733329264198737;7210;821.04230420295369;7210;4.2890713217566461;7210;4.3681142612994783;7210;62.208929715872671;7210;94.680623798333684
7220;151.01779229102451;7220;0.26856288338877532;7220;13.806573686941128;7220;821.00276886113249;7220;4.2881557664723662;7220;4.3653675954466387;7220;62.208929715872671;7220;94.656208990752887
7230;150.98117007965331;7230;0.24414807580797754;7230;13.855403302102726;7230;820.9632335193113;7230;4.2872402111880863;7230;4.3696401867732781;7230;62.111270485549483;7230;94.680623798333684
7240;150.93234046449172;7240;0.28077028717917418;7240;13.81878109073153;7240;820.9632335193113;7240;4.2860194708090456;7240;4.3650624103518778;7240;62.13568529313028;7240;94.656208990752887
7250;150.93234046449172;7250;0.26856288338877532;7250;13.81878109073153;7250;820.9632335193113;7250;4.2851039155247657;7250;4.3641468550675979;7250;62.172307504501475;7250;94.5951719718009
7260;151.0422070986053;7260;0.24414807580797754;7260;13.90423291726432;7260;820.9632335193113;7260;4.2841883602404858;7260;4.3659779656361586;7260;62.172307504501475;7260;94.644001586962489
7270;151.0666219061861;7270;0.23194067201757868;7270;13.965269936216314;7270;820.9632335193113;7270;4.2832728049562059;7270;4.3620105594042782;7270;62.172307504501475;7270;94.692831202124083
7280;150.94454786828211;7280;0.26856288338877532;7280;14.014099551377912;7280;821.04230420295369;7280;4.282052064577166;7280;4.3610950041199983;7280;62.13568529313028;7280;94.63179418317209
7290;150.84688863795893;7290;0.26856288338877532;7290;14.014099551377912;7290;821.00276886113249;7290;4.2811365092928861;7290;4.3595690786461985;7290;62.123477889339881;7290;94.5463423566393
7300;150.95675527207251;7300;0.26856288338877532;7300;14.099551377910702;7300;820.9632335193113;7300;4.2802209540086062;7300;4.363231299783318;7300;62.13568529313028;7300;94.644001586962489
7310;150.83468123416853;7310;0.26856288338877532;7310;14.087343974120303;7310;821.04230420295369;7310;4.2790002136295664;7310;4.3577379680776387;7310;62.147892696920678;7310;94.729453413495293
7320;150.94454786828211;7320;0.26856288338877532;7320;14.099551377910702;7320;821.04230420295369;7320;4.2780846583452865;7320;4.3586535233619186;7320;62.147892696920678;7320;94.75386822107609
7330;151.15207373271889;7330;0.28077028717917418;7330;14.233832819605091;7330;821.00276886113249;7330;4.2771691030610066;7330;4.3562120426038389;7330;62.208929715872671;7330;94.63179418317209
7340;151.11545152134769;7340;0.28077028717917418;7340;14.294869838557084;7340;820.9632335193113;7340;4.2762535477767267;7340;4.3556016724143189;7340;62.208929715872671;7340;94.5463423566393
7350;150.93234046449172;7350;0.26856288338877532;7350;14.331492049928283;7350;820.9632335193113;7350;4.2750328073976869;7350;4.3513290810876795;7350;62.13568529313028;7350;94.5585497604297
7360;150.90792565691092;7360;0.26856288338877532;7360;14.331492049928283;7360;820.9632335193113;7360;4.274117252113407;7360;4.3522446363719594;7360;62.099063081759084;7360;94.5829645680105
7370;150.94454786828211;7370;0.29297769096957305;7370;14.380321665089877;7370;820.92369817749022;7370;4.2732016968291271;7370;4.3565172276985988;7370;62.111270485549483;7370;94.644001586962489
7380;150.90792565691092;7380;0.26856288338877532;7380;14.587847529526657;7380;820.92369817749022;7380;4.2719809564500872;7380;4.3510238959929195;7380;62.147892696920678;7380;94.6073793755913
7390;150.92013306070132;7390;0.26856288338877532;7390;14.600054933317058;7390;821.00276886113249;7390;4.2710654011658074;7390;4.34980315561388;7390;62.13568529313028;7390;94.692831202124083
7400;150.81026642658773;7400;0.26856288338877532;7400;14.45356608783227;7400;821.00276886113249;7400;4.2701498458815275;7400;4.34766685995056;7400;62.196722312082272;7400;94.644001586962489
7410;150.98117007965331;7410;0.28077028717917418;7410;14.539017914365063;7410;820.9632335193113;7410;4.2692342905972476;7410;4.3516342661824394;7410;62.257759331034265;7410;94.485305337687308
7420;151.0422070986053;7420;0.28077028717917418;7420;14.587847529526657;7420;820.9632335193113;7420;4.2680135502182077;7420;4.34461500900296;7420;62.221137119663069;7420;94.5463423566393
7430;150.90792565691092;7430;0.28077028717917418;7430;14.514603106784266;7430;821.00276886113249;7430;4.2670979949339269;7430;4.34675130466628;7430;62.257759331034265;7430;94.5585497604297
7440;151.01779229102451;7440;0.26856288338877532;7440;14.539017914365063;7440;820.9632335193113;7440;4.2661824396496471;7440;4.3473616748558;7440;62.269966734824663;7440;94.5829645680105
7450;151.1032441175573;7450;0.21973326822717978;7450;14.648884548478652;7450;820.84462749384784;7450;4.2652668843653672;7450;4.34492019409772;7450;62.233344523453468;7450;94.5951719718009
7460;151.00558488723411;7460;0.24414807580797754;7460;14.783165990173039;7460;820.92369817749022;7460;4.2640461439863273;7460;4.3421735282448806;7460;62.208929715872671;7460;94.5707571642201
7470;150.98117007965331;7470;0.24414807580797754;7470;14.917447431867428;7470;820.9632335193113;7470;4.2631305887020474;7470;4.3415631580553606;7470;62.062440870387888;7470;94.4975127414777
7480;151.0422070986053;7480;0.26856288338877532;7480;14.880825220496231;7480;821.00276886113249;7480;4.2622150334177675;7480;4.34644611957152;7480;62.062440870387888;7480;94.5707571642201
7490;150.95675527207251;7490;0.28077028717917418;7490;14.893032624286631;7490;820.9632335193113;7490;4.2609942930387277;7490;4.3394268623920409;7490;62.233344523453468;7490;94.5829645680105
7500;150.98117007965331;7500;0.26856288338877532;7500;14.990691854609823;7500;820.92369817749022;7500;4.2600787377544478;7500;4.338511307107761;7500;62.269966734824663;7500;94.656208990752887
7510;150.92013306070132;7510;0.26856288338877532;7510;14.990691854609823;7510;820.92369817749022;7510;4.2591631824701679;7510;4.3360698263496813;7510;62.257759331034265;7510;94.656208990752887
7520;150.92013306070132;7520;0.26856288338877532;7520;14.978484450819421;7520;820.92369817749022;7520;4.258247627185888;7520;4.3394268623920409;7520;62.196722312082272;7520;94.6073793755913
7530;150.96896267586291;7530;0.26856288338877532;7530;15.051728873561816;7530;820.9632335193113;7530;4.2570268868068482;7530;4.3336283455916016;7530;62.184514908291874;7530;94.680623798333684
7540;150.94454786828211;7540;0.24414807580797754;7540;15.149388103885006;7540;820.9632335193113;7540;4.2561113315225683;7540;4.3330179754020817;7540;62.123477889339881;7540;94.5951719718009
7550;150.88351084933012;7550;0.26856288338877532;7550;15.076143681142613;7550;820.9632335193113;7550;4.2551957762382884;7550;4.3357646412549213;7550;62.13568529313028;7550;94.6073793755913
7560;150.85909604174932;7560;0.26856288338877532;7560;15.063936277352214;7560;820.9632335193113;7560;4.2542802209540085;7560;4.3348490859706414;7560;62.196722312082272;7560;94.4975127414777
7570;150.87130344553972;7570;0.26856288338877532;7570;15.210425122837002;7570;820.9632335193113;7570;4.2530594805749686;7570;4.3327127903073217;7570;62.099063081759084;7570;94.5219275490585
7580;150.90792565691092;7580;0.24414807580797754;7580;15.283669545579395;7580;820.84462749384784;7580;4.2521439252906887;7580;4.3281350138859223;7580;62.038026062807091;7580;94.5585497604297
7590;150.93234046449172;7590;0.26856288338877532;7590;15.308084353160192;7590;821.00276886113249;7590;4.2512283700064089;7590;4.3339335306863616;7590;62.13568529313028;7590;94.5219275490585
7600;150.92013306070132;7600;0.26856288338877532;7600;15.283669545579395;7600;821.00276886113249;7600;4.250007629627369;7600;4.3287453840754422;7600;62.221137119663069;7600;94.485305337687308
7610;150.92013306070132;7610;0.29297769096957305;7610;15.2226325266274;7610;820.9632335193113;7610;4.2490920743430891;7610;4.3266090884121224;7610;62.318796349986272;7610;94.485305337687308
7620;150.84688863795893;7620;0.28077028717917418;7620;15.259254737998596;7620;821.00276886113249;7620;4.2481765190588092;7620;4.3238624225592819;7620;62.257759331034265;7620;94.5951719718009
7630;150.87130344553972;7630;0.26856288338877532;7630;15.308084353160192;7630;820.92369817749022;7630;4.2472609637745293;7630;4.330271309549242;7630;62.111270485549483;7630;94.5829645680105
7640;150.90792565691092;7640;0.24414807580797754;7640;15.454573198644978;7640;820.92369817749022;7640;4.2460402233954895;7640;4.3256935331278417;7640;62.147892696920678;7640;94.5463423566393
7650;151.0544145023957;7650;0.24414807580797754;7650;15.540025025177769;7650;820.92369817749022;7650;4.24512466811121;7650;4.3198950163274024;7650;62.184514908291874;7650;94.6073793755913
7660;151.00558488723411;7660;0.28077028717917418;7660;15.503402813806574;7660;820.9632335193113;7660;4.24420911282693;7660;4.3244727927488018;7660;62.196722312082272;7660;94.75386822107609
7670;150.87130344553972;7670;0.26856288338877532;7670;15.588854640339367;7670;820.92369817749022;7670;4.24298837244789;7670;4.3244727927488018;7670;62.111270485549483;7670;94.6073793755913
7680;150.95675527207251;7680;0.26856288338877532;7680;15.64989165929136;7680;821.00276886113249;7680;4.24207281716361;7680;4.3220313119907221;7680;62.111270485549483;7680;94.5219275490585
7690;150.95675527207251;7690;0.28077028717917418;7690;15.613269447920164;7690;821.00276886113249;7690;4.24115726187933;7690;4.3162327951902828;7690;62.123477889339881;7690;94.5951719718009
7700;150.95675527207251;7700;0.26856288338877532;7700;15.67430646687216;7700;820.9632335193113;7700;4.24024170659505;7700;4.3223364970854821;7700;62.123477889339881;7700;94.5829645680105
7710;150.82247383037813;7710;0.26856288338877532;7710;15.686513870662559;7710;820.92369817749022;7710;4.23902096621601;7710;4.3174535355693227;7710;62.123477889339881;7710;94.6073793755913
7720;150.84688863795893;7720;0.26856288338877532;7720;15.747550889614551;7720;820.9632335193113;7720;4.23810541093173;7720;4.3159276100955228;7720;62.111270485549483;7720;94.71724600970488
7730;151.00558488723411;7730;0.26856288338877532;7730;15.906247138889738;7730;821.00276886113249;7730;4.2371898556474505;7730;4.3140964995269631;7730;62.123477889339881;7730;94.692831202124083
7740;150.98117007965331;7740;0.24414807580797754;7740;15.894039735099339;7740;820.9632335193113;7740;4.2362743003631707;7740;4.3171483504745627;7740;62.038026062807091;7740;94.5829645680105
7750;150.85909604174932;7750;0.26856288338877532;7750;15.85741752372814;7750;820.9632335193113;7750;4.2350535599841308;7750;4.314401684621723;7750;62.13568529313028;7750;94.5707571642201
7760;150.95675527207251;7760;0.28077028717917418;7760;15.869624927518542;7760;820.92369817749022;7760;4.2341380046998509;7760;4.3092135380108036;7760;62.13568529313028;7760;94.5097201452681
7770;151.0666219061861;7770;0.28077028717917418;7770;15.991698965422529;7770;820.84462749384784;7770;4.233222449415571;7770;4.3137913144322031;7770;62.086855677968686;7770;94.5463423566393
7780;150.98117007965331;7780;0.28077028717917418;7780;16.003906369212928;7780;820.92369817749022;7780;4.2320017090365312;7780;4.3107394634846035;7780;62.111270485549483;7780;94.6073793755913
7790;151.00558488723411;7790;0.28077028717917418;7790;15.991698965422529;7790;820.9632335193113;7790;4.2310861537522513;7790;4.3101290932950835;7790;62.123477889339881;7790;94.656208990752887
7800;150.95675527207251;7800;0.28077028717917418;7800;16.003906369212928;7800;820.92369817749022;7800;4.2301705984679714;7800;4.3058565019684441;7800;62.184514908291874;7800;94.6073793755913
7810;151.01779229102451;7810;0.26856288338877532;7810;16.028321176793725;7810;820.9632335193113;7810;4.2292550431836915;7810;4.3107394634846035;7810;62.13568529313028;7810;94.5585497604297
7820;150.90792565691092;7820;0.26856288338877532;7820;16.150395214697713;7820;820.92369817749022;7820;4.2280343028046508;7820;4.3046357615894042;7820;62.111270485549483;7820;94.5707571642201
7830;150.92013306070132;7830;0.26856288338877532;7830;16.260261848811304;7830;820.92369817749022;7830;4.2271187475203709;7830;4.3031098361156044;7830;62.123477889339881;7830;94.460890530106511
7840;151.0422070986053;7840;0.26856288338877532;7840;16.272469252601702;7840;820.92369817749022;7840;4.226203192236091;7840;4.3052461317789241;7840;62.111270485549483;7840;94.399853511154518
7850;151.0299996948149;7850;0.28077028717917418;7850;16.248054445020905;7850;820.92369817749022;7850;4.2249824518570511;7850;4.3024994659260845;7850;62.184514908291874;7850;94.485305337687308
7860;151.00558488723411;7860;0.29297769096957305;7860;16.370128482924894;7860;821.00276886113249;7860;4.2240668965727712;7860;4.2994476149784848;7860;62.208929715872671;7860;94.668416394543286
7870;150.88351084933012;7870;0.24414807580797754;7870;16.431165501876887;7870;820.9632335193113;7870;4.2231513412884913;7870;4.2985320596942049;7870;62.13568529313028;7870;94.692831202124083
7880;150.95675527207251;7880;0.24414807580797754;7880;16.541032135990477;7880;820.92369817749022;7880;4.2222357860042115;7880;4.3046357615894042;7880;62.086855677968686;7880;94.668416394543286
7890;150.90792565691092;7890;0.24414807580797754;7890;16.528824732200079;7890;820.92369817749022;7890;4.2210150456251716;7890;4.298226874599445;7890;62.062440870387888;7890;94.63179418317209
7900;150.90792565691092;7900;0.26856288338877532;7900;16.431165501876887;7900;820.9632335193113;7900;4.2200994903408917;7900;4.2967009491256452;7900;62.172307504501475;7900;94.5219275490585
7910;150.98117007965331;7910;0.28077028717917418;7910;16.443372905667285;7910;821.00276886113249;7910;4.2191839350566118;7910;4.2936490981780455;7910;62.062440870387888;7910;94.5951719718009
7920;150.96896267586291;7920;0.28077028717917418;7920;16.455580309457687;7920;820.9632335193113;7920;4.2182683797723319;7920;4.2985320596942049;7920;61.9769890438551;7920;94.63179418317209
7930;150.94454786828211;7930;0.28077028717917418;7930;16.479995117038484;7930;820.9632335193113;7930;4.2170476393932921;7930;4.2936490981780455;7930;62.111270485549483;7930;94.5707571642201
7940;150.95675527207251;7940;0.26856288338877532;7940;16.62648396252327;7940;820.9632335193113;7940;4.2161320841090122;7940;4.289681691946166;7940;62.196722312082272;7940;94.485305337687308
7950;150.98117007965331;7950;0.28077028717917418;7950;16.772972808008056;7950;820.9632335193113;7950;4.2152165288247323;7950;4.2930387279885256;7950;62.196722312082272;7950;94.4975127414777
7960;150.93234046449172;7960;0.26856288338877532;7960;16.736350596636861;7960;820.9632335193113;7960;4.2139957884456924;7960;4.2921231727042457;7960;62.123477889339881;7960;94.5829645680105
7970;150.94454786828211;7970;0.26856288338877532;7970;16.809595019379252;7970;821.00276886113249;7970;4.2130802331614126;7970;4.2909024323252059;7970;62.038026062807091;7970;94.644001586962489
7980;150.94454786828211;7980;0.26856288338877532;7980;16.846217230750451;7980;821.00276886113249;7980;4.2121646778771327;7980;4.2851039155247657;7980;62.013611255226294;7980;94.5951719718009
7990;150.98117007965331;7990;0.28077028717917418;7990;16.82180242316965;7990;820.9632335193113;7990;4.2112491225928528;7990;4.2909024323252059;7990;62.013611255226294;7990;94.5707571642201
8000;150.83468123416853;8000;0.28077028717917418;8000;16.907254249702444;8000;820.92369817749022;8000;4.2100283822138129;8000;4.2863246559038055;8000;62.086855677968686;8000;94.6073793755913
8010;150.88351084933012;8010;0.28077028717917418;8010;16.96829126865444;8010;820.9632335193113;8010;4.209112826929533;8010;4.2844935453352457;8010;62.123477889339881;8010;94.5951719718009
8020;150.96896267586291;8020;0.29297769096957305;8020;16.943876461073643;8020;820.9632335193113;8020;4.2081972716452523;8020;4.282357249671926;8020;62.147892696920678;8020;94.5219275490585
8030;151.01779229102451;8030;0.28077028717917418;8030;16.943876461073643;8030;820.9632335193113;8030;4.2069765312662124;8030;4.2863246559038055;8030;62.111270485549483;8030;94.485305337687308
8040;151.00558488723411;8040;0.26856288338877532;8040;16.907254249702444;8040;820.9632335193113;8040;4.2060609759819325;8040;4.282357249671926;8040;62.111270485549483;8040;94.5463423566393
8050;150.85909604174932;8050;0.26856288338877532;8050;17.017120883816034;8050;820.92369817749022;8050;4.2051454206976526;8050;4.2774742881557666;8050;62.184514908291874;8050;94.5097201452681
8060;150.98117007965331;8060;0.29297769096957305;8060;17.212439344462418;8060;821.00276886113249;8060;4.2042298654133727;8060;4.282357249671926;8060;62.099063081759084;8060;94.460890530106511
8070;150.88351084933012;8070;0.28077028717917418;8070;17.212439344462418;8070;820.9632335193113;8070;4.2030091250343329;8070;4.2796105838190863;8070;62.099063081759084;8070;94.5219275490585
8080;150.88351084933012;8080;0.28077028717917418;8080;17.18802453688162;8080;820.9632335193113;8080;4.202093569750053;8080;4.2786950285348064;8080;62.062440870387888;8080;94.63179418317209
8090;150.82247383037813;8090;0.28077028717917418;8090;17.163609729300823;8090;821.04230420295369;8090;4.2011780144657731;8090;4.2753379924924468;8090;62.05023346659749;8090;94.644001586962489
8100;150.81026642658773;8100;0.28077028717917418;8100;17.224646748252816;8100;820.92369817749022;8100;4.2002624591814932;8100;4.2793053987243264;8100;62.196722312082272;8100;94.63179418317209
8110;150.85909604174932;8110;0.29297769096957305;8110;17.261268959624012;8110;820.84462749384784;8110;4.1990417188024534;8110;4.2722861415448472;8110;62.184514908291874;8110;94.5463423566393
8120;150.87130344553972;8120;0.29297769096957305;8120;17.249061555833613;8120;820.9632335193113;8120;4.1981261635181735;8120;4.274117252113407;8120;62.086855677968686;8120;94.424268318735315
8130;150.93234046449172;8130;0.28077028717917418;8130;17.3955504013184;8130;820.92369817749022;8130;4.1972106082338936;8130;4.2750328073976869;8130;62.13568529313028;8130;94.460890530106511
8140;150.94454786828211;8140;0.26856288338877532;8140;17.517624439222388;8140;820.84462749384784;8140;4.1959898678548537;8140;4.2713705862605673;8140;62.208929715872671;8140;94.424268318735315
8150;150.98117007965331;8150;0.26856288338877532;8150;17.517624439222388;8150;820.9632335193113;8150;4.1950743125705738;8150;4.2692342905972476;8150;62.111270485549483;8150;94.473097933896909
8160;151.01779229102451;8160;0.28077028717917418;8160;17.578661458174384;8160;820.9632335193113;8160;4.1941587572862939;8160;4.266792809839167;8160;62.099063081759084;8160;94.485305337687308
8170;150.94454786828211;8170;0.29297769096957305;8170;17.651905880916775;8170;821.00276886113249;8170;4.1932432020020141;8170;4.2722861415448472;8170;62.111270485549483;8170;94.473097933896909
8180;150.90792565691092;8180;0.30518509475997191;8180;17.61528366954558;8180;820.9632335193113;8180;4.1920224616229742;8180;4.2670979949339269;8180;62.086855677968686;8180;94.412060914944917
8190;150.92013306070132;8190;0.29297769096957305;8190;17.578661458174384;8190;820.9632335193113;8190;4.1911069063386943;8190;4.2658772545548871;8190;62.111270485549483;8190;94.375438703573721
8200;150.84688863795893;8200;0.24414807580797754;8200;17.603076265755181;8200;820.9632335193113;8200;4.1901913510544144;8200;4.2634357737968074;8200;62.13568529313028;8200;94.485305337687308
8210;150.87130344553972;8210;0.24414807580797754;8210;17.639698477126377;8210;820.9632335193113;8210;4.1892757957701345;8210;4.2686239204077276;8210;62.13568529313028;8210;94.5585497604297
8220;150.84688863795893;8220;0.24414807580797754;8220;17.737357707449569;8220;821.00276886113249;8220;4.1880550553910947;8220;4.2622150334177675;8220;62.123477889339881;8220;94.5585497604297
8230;150.82247383037813;8230;0.23194067201757868;8230;17.944883571886351;8230;820.9632335193113;8230;4.1871395001068148;8230;4.2591631824701679;8230;62.147892696920678;8230;94.5097201452681
8240;150.88351084933012;8240;0.24414807580797754;8240;18.042542802209542;8240;820.9632335193113;8240;4.1862239448225349;8240;4.2625202185125275;8240;62.147892696920678;8240;94.5097201452681
8250;150.96896267586291;8250;0.26856288338877532;8250;18.066957609790339;8250;820.9632335193113;8250;4.1850032044434951;8250;4.2612994781334876;8250;62.086855677968686;8250;94.473097933896909
8260;150.92013306070132;8260;0.29297769096957305;8260;18.176824243903926;8260;821.04230420295369;8260;4.1840876491592152;8260;4.2591631824701679;8260;62.184514908291874;8260;94.424268318735315
8270;150.93234046449172;8270;0.28077028717917418;8270;18.213446455275125;8270;821.00276886113249;8270;4.1831720938749353;8270;4.2567217017120882;8270;62.147892696920678;8270;94.460890530106511
8280;150.95675527207251;8280;0.26856288338877532;8280;18.201239051484723;8280;821.00276886113249;8280;4.1822565385906554;8280;4.2603839228492077;8280;62.062440870387888;8280;94.5707571642201
8290;150.81026642658773;8290;0.26856288338877532;8290;18.311105685598317;8290;821.00276886113249;8290;4.1810357982116155;8290;4.2542802209540085;8290;62.123477889339881;8290;94.5463423566393
8300;150.93234046449172;8300;0.26856288338877532;8300;18.4820093386639;8300;820.92369817749022;8300;4.1801202429273356;8300;4.2548905911435284;8300;62.13568529313028;8300;94.448683126316112
8310;151.0544145023957;8310;0.26856288338877532;8310;18.4942167424543;8310;820.92369817749022;8310;4.1792046876430557;8310;4.2524491103854487;8310;62.13568529313028;8310;94.460890530106511
8320;151.0299996948149;8320;0.28077028717917418;8320;18.604083376567889;8320;820.92369817749022;8320;4.1779839472640159;8320;4.2548905911435284;8320;62.123477889339881;8320;94.424268318735315
8330;150.90792565691092;8330;0.28077028717917418;8330;18.726157414471878;8330;821.00276886113249;8330;4.177068391979736;8330;4.2512283700064089;8330;62.05023346659749;8330;94.424268318735315
8340;150.96896267586291;8340;0.26856288338877532;8340;18.799401837214273;8340;821.00276886113249;8340;4.1761528366954561;8340;4.2484817041535692;8340;62.025818659016693;8340;94.5097201452681
8350;150.98117007965331;8350;0.28077028717917418;8350;19.006927701651051;8350;820.9632335193113;8350;4.1752372814111762;8350;4.2533646656697286;8350;62.111270485549483;8350;94.5219275490585
8360;150.83468123416853;8360;0.26856288338877532;8360;19.067964720603044;8360;820.92369817749022;8360;4.1740165410321364;8360;4.250312814722129;8360;62.086855677968686;8360;94.63179418317209
8370;150.84688863795893;8370;0.26856288338877532;8370;19.336527603991822;8370;820.9632335193113;8370;4.1731009857478565;8370;4.2478713339640493;8370;62.001403851435896;8370;94.5829645680105
8380;150.88351084933012;8380;0.26856288338877532;8380;19.336527603991822;8380;821.00276886113249;8380;4.1721854304635766;8380;4.24359874263741;8380;62.038026062807091;8380;94.485305337687308
8390;150.94454786828211;8390;0.24414807580797754;8390;19.43418683431501;8390;820.92369817749022;8390;4.1712698751792967;8390;4.250312814722129;8390;62.111270485549483;8390;94.4975127414777
8400;150.84688863795893;8400;0.23194067201757868;8400;19.495223853267007;8400;820.9632335193113;8400;4.1700491348002569;8400;4.24420911282693;8400;62.172307504501475;8400;94.473097933896909
8410;150.95675527207251;8410;0.23194067201757868;8410;19.775994140446183;8410;821.00276886113249;8410;4.1691335795159761;8410;4.24146244697409;8410;62.123477889339881;8410;94.5219275490585
8420;151.00558488723411;8420;0.28077028717917418;8420;20.081179235206154;8420;820.9632335193113;8420;4.1682180242316962;8420;4.24176763206885;8420;62.099063081759084;8420;94.460890530106511
8430;150.87130344553972;8430;0.28077028717917418;8430;20.105594042786951;8430;820.9632335193113;8430;4.1669972838526563;8430;4.2457350383007295;8430;62.172307504501475;8430;94.460890530106511
8440;150.87130344553972;8440;0.28077028717917418;8440;20.325327311014128;8440;820.9632335193113;8440;4.1660817285683764;8440;4.24207281716361;8440;62.147892696920678;8440;94.5219275490585
8450;150.92013306070132;8450;0.28077028717917418;8450;20.422986541337323;8450;820.84462749384784;8450;4.1651661732840966;8450;4.2359691152684107;8450;62.111270485549483;8450;94.375438703573721
8460;150.95675527207251;8460;0.26856288338877532;8460;20.740379039887689;8460;820.9632335193113;8460;4.1642506179998167;8460;4.24207281716361;8460;62.099063081759084;8460;94.363231299783322
8470;150.85909604174932;8470;0.24414807580797754;8470;20.801416058839685;8470;821.00276886113249;8470;4.1630298776207768;8470;4.23810541093173;8470;62.05023346659749;8470;94.485305337687308
8480;150.87130344553972;8480;0.26856288338877532;8480;21.155430768761256;8480;821.00276886113249;8480;4.1621143223364969;8480;4.2374950407422105;8480;62.062440870387888;8480;94.5219275490585
8490;150.72481460005494;8490;0.26856288338877532;8490;21.375164036988433;8490;820.9632335193113;8490;4.161198767052217;8490;4.2350535599841308;8490;62.099063081759084;8490;94.4975127414777
8500;150.85909604174932;8500;0.28077028717917418;8500;21.485030671102027;8500;820.92369817749022;8500;4.1599780266731772;8500;4.23841059602649;8500;62.147892696920678;8500;94.4975127414777
8510;150.87130344553972;8510;0.28077028717917418;8510;21.887874996185186;8510;820.92369817749022;8510;4.1590624713888973;8510;4.2304757835627314;8510;62.172307504501475;8510;94.4975127414777
8520;150.74922940763574;8520;0.26856288338877532;8520;22.217474898525953;8520;820.9632335193113;8520;4.1581469161046174;8520;4.2316965239417712;8520;62.123477889339881;8520;94.5463423566393
8530;150.67598498489335;8530;0.26856288338877532;8530;22.461622974333935;8530;820.9632335193113;8530;4.1572313608203375;8530;4.2347483748893708;8530;62.147892696920678;8530;94.5097201452681
8540;150.72481460005494;8540;0.26856288338877532;8540;22.473830378124333;8540;820.92369817749022;8540;4.1560106204412977;8540;4.2313913388470112;8540;62.172307504501475;8540;94.399853511154518
8550;150.78585161900693;8550;0.26856288338877532;8550;22.937711722159492;8550;820.9632335193113;8550;4.1550950651570178;8550;4.2292550431836915;8550;62.111270485549483;8550;94.4975127414777
8560;150.78585161900693;8560;0.26856288338877532;8560;23.05978576006348;8560;820.92369817749022;8560;4.1541795098727379;8560;4.225898007141331;8560;62.025818659016693;8560;94.5463423566393
8570;150.78585161900693;8570;0.28077028717917418;8570;23.560289315469834;8570;820.92369817749022;8570;4.153263954588458;8570;4.2326120792260511;8570;62.001403851435896;8570;94.473097933896909
8580;150.68819238868375;8580;0.28077028717917418;8580;23.816644795068207;8580;820.92369817749022;8580;4.1520432142094181;8580;4.2268135624256109;8580;62.086855677968686;8580;94.412060914944917
8590;150.84688863795893;8590;0.26856288338877532;8590;24.182866908780177;8590;820.92369817749022;8590;4.1511276589251382;8590;4.2243720816675312;8590;62.111270485549483;8590;94.363231299783322
8600;150.73702200384534;8600;0.28077028717917418;8600;24.634540849024937;8600;820.9632335193113;8600;4.1502121036408575;8600;4.2228461561937314;8600;62.05023346659749;8600;94.399853511154518
8610;150.74922940763574;8610;0.28077028717917418;8610;24.829859309671313;8610;820.9632335193113;8610;4.1489913632618176;8610;4.2277291177098908;8610;62.111270485549483;8610;94.473097933896909
8620;150.78585161900693;8620;0.26856288338877532;8620;25.330362865077671;8620;821.00276886113249;8620;4.1480758079775377;8620;4.2213202307199316;8620;62.147892696920678;8620;94.5585497604297
8630;150.76143681142614;8630;0.24414807580797754;8630;25.708792382580036;8630;820.9632335193113;8630;4.1471602526932578;8630;4.2194891201513718;8630;62.111270485549483;8630;94.5463423566393
8640;150.74922940763574;8640;0.24414807580797754;8640;26.441236610003966;8640;820.9632335193113;8640;4.1462446974089779;8640;4.2252876369518111;8640;62.172307504501475;8640;94.399853511154518
8650;150.67598498489335;8650;0.24414807580797754;8650;26.612140263069548;8650;820.9632335193113;8650;4.1450239570299381;8650;4.2213202307199316;8650;62.147892696920678;8650;94.314401684621728
8660;150.67598498489335;8660;0.24414807580797754;8660;27.07602160710471;8660;821.00276886113249;8660;4.1441084017456582;8660;4.2200994903408917;8660;62.123477889339881;8660;94.424268318735315
8670;150.60274056215096;8670;0.24414807580797754;8670;27.405621509445478;8670;820.9632335193113;8670;4.1431928464613783;8670;4.2164372692037722;8670;62.13568529313028;8670;94.448683126316112
8680;150.72481460005494;8680;0.26856288338877532;8680;27.942747276223027;8680;820.9632335193113;8680;4.1422772911770984;8680;4.2219306009094515;8680;62.086855677968686;8680;94.399853511154518
8690;150.59053315836056;8690;0.28077028717917418;8690;28.455458235419783;8690;820.9632335193113;8690;4.1410565507980586;8690;4.2143009735404524;8690;62.001403851435896;8690;94.5097201452681
8700;150.62715536973175;8700;0.26856288338877532;8700;29.090243232520525;8700;821.00276886113249;8700;4.1401409955137787;8700;4.2143009735404524;8700;62.013611255226294;8700;94.424268318735315
8710;150.70039979247414;8710;0.26856288338877532;8710;29.786065248573262;8710;821.00276886113249;8710;4.1392254402294988;8710;4.2136906033509325;8710;62.099063081759084;8710;94.38764610736412
8720;150.72481460005494;8720;0.26856288338877532;8720;30.066835535752436;8720;820.9632335193113;8720;4.1380046998504589;8720;4.2155217139194923;8720;62.099063081759084;8720;94.412060914944917
8730;150.56611835077976;8730;0.28077028717917418;8730;30.957976012451553;8730;821.00276886113249;8730;4.137089144566179;8730;4.2130802331614126;8730;62.172307504501475;8730;94.399853511154518
8740;150.54170354319896;8740;0.26856288338877532;8740;31.421857356486711;8740;820.9632335193113;8740;4.1361735892818992;8740;4.2072817163609724;8740;62.221137119663069;8740;94.460890530106511
8750;150.76143681142614;8750;0.28077028717917418;8750;32.020020142216254;8750;821.04230420295369;8750;4.1352580339976193;8750;4.2136906033509325;8750;62.123477889339881;8750;94.473097933896909
8760;150.73702200384534;8760;0.28077028717917418;8760;32.398449659718622;8760;821.00276886113249;8760;4.1340372936185794;8760;4.2103335673085729;8760;62.062440870387888;8760;94.460890530106511
8770;150.63936277352215;8770;0.28077028717917418;8770;33.228553117465744;8770;821.00276886113249;8770;4.1331217383342995;8770;4.2088076418347722;8770;62.025818659016693;8770;94.4975127414777
8780;150.56611835077976;8780;0.26856288338877532;8780;33.924375133518481;8780;821.04230420295369;8780;4.13220618305002;8780;4.2048402356028927;8780;62.038026062807091;8780;94.5097201452681
8790;150.73702200384534;8790;0.26856288338877532;8790;34.607989745780813;8790;821.00276886113249;8790;4.13098544267098;8790;4.2088076418347722;8790;62.038026062807091;8790;94.5097201452681
8800;150.45625171666617;8800;0.28077028717917418;8800;35.328226569414348;8800;820.9632335193113;8800;4.1300698873867;8800;4.201788384655293;8800;61.9525742362743;8800;94.5219275490585
8810;150.35859248634296;8810;0.28077028717917418;8810;36.060670796838288;8810;820.92369817749022;8810;4.12915433210242;8810;4.202398754844813;8810;61.9525742362743;8810;94.485305337687308
8820;150.56611835077976;8820;0.28077028717917418;8820;37.110507522812583;8820;820.9632335193113;8820;4.12823877681814;8820;4.2066713461714524;8820;62.013611255226294;8820;94.399853511154518
8830;150.63936277352215;8830;0.24414807580797754;8830;37.549974059266944;8830;820.9632335193113;8830;4.1270180364391;8830;4.2027039399395729;8830;62.05023346659749;8830;94.424268318735315
8840;150.59053315836056;8840;0.26856288338877532;8840;38.40449232459487;8840;820.92369817749022;8840;4.12610248115482;8840;4.1996520889919733;8840;62.025818659016693;8840;94.473097933896909
8850;150.50508133182777;8850;0.26856288338877532;8850;39.1003143406476;8850;820.92369817749022;8850;4.1251869258705405;8850;4.1975157933286535;8850;62.05023346659749;8850;94.473097933896909
8860;150.60274056215096;8860;0.26856288338877532;8860;40.13794366283151;8860;820.92369817749022;8860;4.1242713705862606;8860;4.2036194952238528;8860;62.025818659016693;8860;94.5219275490585
8870;150.41962950529498;8870;0.28077028717917418;8870;40.907010101626639;8870;820.92369817749022;8870;4.1230506302072207;8870;4.1959898678548537;8870;62.001403851435896;8870;94.424268318735315
8880;150.55391094698936;8880;0.29297769096957305;8880;41.676076540421761;8880;821.04230420295369;8880;4.1221350749229408;8880;4.1953794976653338;8880;62.086855677968686;8880;94.448683126316112
8890;150.51728873561817;8890;0.28077028717917418;8890;42.652668843653672;8890;821.00276886113249;8890;4.121219519638661;8890;4.1932432020020141;8890;62.196722312082272;8890;94.5585497604297
8900;150.51728873561817;8900;0.24414807580797754;8900;43.4217352824488;8900;820.92369817749022;8900;4.1199987792596211;8900;4.1969054231391336;8900;62.221137119663069;8900;94.485305337687308
8910;150.51728873561817;8910;0.26856288338877532;8910;44.4959868160039;8910;821.00276886113249;8910;4.1190832239753412;8910;4.1920224616229742;8910;62.172307504501475;8910;94.4975127414777
8920;150.50508133182777;8920;0.24414807580797754;8920;45.301675466170231;8920;821.00276886113249;8920;4.1181676686910613;8920;4.1889706106753746;8920;62.13568529313028;8920;94.5097201452681
8930;150.57832575457016;8930;0.26856288338877532;8930;46.534623249000518;8930;820.9632335193113;8930;4.1172521134067814;8930;4.193853572191534;8930;62.111270485549483;8930;94.412060914944917
8940;150.46845912045657;8940;0.24414807580797754;8940;47.206030457472458;8940;820.9632335193113;8940;4.1160313730277416;8940;4.1926328318124941;8940;62.099063081759084;8940;94.399853511154518
8950;150.56611835077976;8950;0.28077028717917418;8950;48.377941221350753;8950;821.00276886113249;8950;4.1151158177434617;8950;4.1904965361491744;8950;62.123477889339881;8950;94.485305337687308
8960;150.62715536973175;8960;0.29297769096957305;8960;49.330118717001866;8960;821.00276886113249;8960;4.1142002624591818;8960;4.1846980193487351;8960;62.062440870387888;8960;94.5463423566393
8970;150.63936277352215;8970;0.29297769096957305;8970;50.270088808862582;8970;820.9632335193113;8970;4.1129795220801419;8970;4.1911069063386943;8970;62.111270485549483;8970;94.5463423566393
8980;150.44404431287577;8980;0.29297769096957305;8980;51.319925534836877;8980;820.9632335193113;8980;4.1120639667958621;8980;4.185308389538255;8980;62.184514908291874;8980;94.5097201452681
8990;150.59053315836056;8990;0.28077028717917418;8990;52.296517838068787;8990;821.00276886113249;8990;4.1111484115115813;8990;4.1843928342539751;8990;62.13568529313028;8990;94.460890530106511
9000;150.56611835077976;9000;0.28077028717917418;9000;53.529465620899074;9000;821.04230420295369;9000;4.1102328562273014;9000;4.1834772789696952;9000;62.086855677968686;9000;94.460890530106511
9010;150.59053315836056;9010;0.28077028717917418;9010;54.518265327921391;9010;820.9632335193113;9010;4.1090121158482615;9010;4.185308389538255;9010;62.099063081759084;9010;94.485305337687308
9020;150.68819238868375;9020;0.30518509475997191;9020;55.885494552446055;9020;820.9632335193113;9020;4.1080965605639816;9020;4.1801202429273356;9020;62.123477889339881;9020;94.375438703573721
9030;150.77364421521654;9030;0.30518509475997191;9030;56.74001281777398;9030;821.00276886113249;9030;4.1071810052797018;9030;4.176763206884976;9030;62.062440870387888;9030;94.326609088412127
9040;150.66377758110295;9040;0.29297769096957305;9040;58.00958281197547;9040;821.00276886113249;9040;4.1062654499954219;9040;4.1834772789696952;9040;62.025818659016693;9040;94.30219428083133
9050;150.35859248634296;9050;0.26856288338877532;9050;58.900723288674584;9050;820.9632335193113;9050;4.105044709616382;9050;4.1782891323587759;9050;62.038026062807091;9050;94.253364665669736
9060;150.46845912045657;9060;0.26856288338877532;9060;60.341196935941646;9060;821.00276886113249;9060;4.1041291543321021;9060;4.1776787621692559;9060;62.172307504501475;9060;94.375438703573721
9070;150.56611835077976;9070;0.26856288338877532;9070;61.610766930143136;9070;820.9632335193113;9070;4.1032135990478222;9070;4.1749320963164163;9070;62.147892696920678;9070;94.30219428083133
9080;150.68819238868375;9080;0.26856288338877532;9080;62.611774040955837;9080;820.9632335193113;9080;4.1019928586687824;9080;4.1782891323587759;9080;62.05023346659749;9080;94.289986877040931
9090;150.50508133182777;9090;0.24414807580797754;9090;63.966795861690116;9090;820.9632335193113;9090;4.1010773033845025;9090;4.1721854304635766;9090;62.099063081759084;9090;94.424268318735315
9100;150.56611835077976;9100;0.26856288338877532;9100;65.077669606616411;9100;821.00276886113249;9100;4.1001617481002226;9100;4.1731009857478565;9100;62.086855677968686;9100;94.424268318735315
9110;150.59053315836056;9110;0.29297769096957305;9110;66.566972869045074;9110;821.00276886113249;9110;4.0992461928159427;9110;4.1746269112216563;9110;62.025818659016693;9110;94.4975127414777
9120;150.54170354319896;9120;0.26856288338877532;9120;67.519150364696188;9120;820.9632335193113;9120;4.0980254524369029;9120;4.1709646900845367;9120;61.9403668324839;9120;94.4975127414777
9130;150.50508133182777;9130;0.26856288338877532;9130;68.971831415753655;9130;820.9632335193113;9130;4.097109897152623;9130;4.1685232093264561;9130;61.928159428693505;9130;94.375438703573721
9140;150.45625171666617;9140;0.28077028717917418;9140;70.107119968260747;9140;820.92369817749022;9140;4.0961943418683431;9140;4.1669972838526563;9140;61.9403668324839;9140;94.412060914944917
9150;150.73702200384534;9150;0.26856288338877532;9150;71.474349192785425;9150;820.9632335193113;9150;4.0949736014893032;9150;4.1718802453688166;9150;62.001403851435896;9150;94.5707571642201
9160;150.70039979247414;9160;0.26856288338877532;9160;72.7683339945677;9160;820.92369817749022;9160;4.0940580462050233;9160;4.1657765434736165;9160;62.062440870387888;9160;94.6073793755913
9170;150.66377758110295;9170;0.28077028717917418;9170;73.9280373546556;9170;820.9632335193113;9170;4.0931424909207434;9170;4.1651661732840966;9170;62.025818659016693;9170;94.741660817285691
9180;150.65157017731255;9180;0.26856288338877532;9180;75.19760734885709;9180;821.00276886113249;9180;4.0922269356364636;9180;4.1624195074312569;9180;62.025818659016693;9180;94.985808893093662
9190;150.70039979247414;9190;0.26856288338877532;9190;76.174199652088987;9190;821.04230420295369;9190;4.0910061952574237;9190;4.1682180242316962;9190;62.025818659016693;9190;95.205542161320835
9200;150.62715536973175;9200;0.28077028717917418;9200;77.370525223548086;9200;821.00276886113249;9200;4.0900906399731438;9200;4.1633350627155368;9200;62.099063081759084;9200;95.400860621967212
9210;150.77364421521654;9210;0.28077028717917418;9210;78.554643391216771;9210;820.9632335193113;9210;4.0891750846888639;9210;4.1587572862941373;9210;62.099063081759084;9210;95.510727256080813
9220;150.85909604174932;9220;0.26856288338877532;9220;79.970702230903044;9220;820.9632335193113;9220;4.088259529404584;9220;4.1633350627155368;9220;62.086855677968686;9220;95.718253120517588
9230;150.74922940763574;9230;0.28077028717917418;9230;81.044953764458128;9230;820.9632335193113;9230;4.0870387890255442;9230;4.1621143223364969;9230;62.05023346659749;9230;95.937986388744775
9240;150.66377758110295;9240;0.30518509475997191;9240;82.290108951078835;9240;820.9632335193113;9240;4.0861232337412643;9240;4.1605883968626971;9240;61.9769890438551;9240;96.133304849391152
9250;150.51728873561817;9250;0.28077028717917418;9250;83.352153080843522;9250;820.9632335193113;9250;4.0852076784569844;9250;4.1554002502517777;9250;62.013611255226294;9250;96.40186773277992
9260;150.68819238868375;9260;0.26856288338877532;9260;84.707174901577815;9260;820.9632335193113;9260;4.0839869380779446;9260;4.1602832117679371;9260;62.05023346659749;9260;96.5849787896359
9270;150.65157017731255;9270;0.24414807580797754;9270;85.952330088198508;9270;821.00276886113249;9270;4.0830713827936647;9270;4.1541795098727379;9270;62.099063081759084;9270;96.731467635120708
9280;150.77364421521654;9280;0.26856288338877532;9280;87.307351908932773;9280;821.00276886113249;9280;4.0821558275093848;9280;4.1538743247779779;9280;62.123477889339881;9280;96.938993499557483
9290;150.73702200384534;9290;0.29297769096957305;9290;88.674581133457437;9290;820.9632335193113;9290;4.0812402722251049;9290;4.1523483993041781;9290;62.086855677968686;9290;97.183141575365468
9300;150.67598498489335;9300;0.72023682363353381;9300;89.83428449354534;9300;821.00276886113249;9300;4.080019531846065;9300;4.1544846949674978;9300;62.038026062807091;9300;97.341837824640649
9310;150.67598498489335;9310;1.3061922055726798;9310;91.3724173711356;9310;820.9632335193113;9310;4.0791039765617851;9310;4.1499069185460975;9310;62.099063081759084;9310;97.293008209479055
9320;150.59053315836056;9320;2.0996734519486067;9320;92.617572557756276;9320;820.84462749384784;9320;4.0781884212775052;9320;4.1453291421246981;9320;61.9525742362743;9320;97.146519363994273
9330;150.74922940763574;9330;2.9663991210669272;9330;94.167912839136946;9330;820.9632335193113;9330;4.0772728659932254;9330;4.1502121036408575;9330;61.635181737723933;9330;96.8047120578631
9340;150.70039979247414;9340;3.7354655598620563;9340;95.425275429548009;9340;820.92369817749022;9340;4.0760521256141855;9340;4.1468550675984979;9340;61.220130008850369;9340;96.279793694875934
9350;150.66377758110295;9350;4.6510208441419723;9350;97.04886013367107;9350;821.04230420295369;9350;4.0751365703299056;9350;4.1465498825037379;9350;60.768456068605616;9350;95.754875331888783
9360;150.68819238868375;9360;5.5177465132602928;9360;98.464918973357356;9360;821.00276886113249;9360;4.0742210150456257;9360;4.1438032166508982;9360;60.316782128360849;9360;95.059053315836053
9370;150.84688863795893;9370;5.7130649739066746;9370;98.733481856746124;9370;820.92369817749022;9370;4.0730002746665859;9370;4.1468550675984979;9370;59.633167516098517;9370;94.729453413495293
9380;150.77364421521654;9380;5.676442762535479;9380;98.696859645374929;9380;820.9632335193113;9380;4.0720847193823051;9380;4.1386150700399789;9380;59.144871364482555;9380;94.790490432447285
9390;150.78585161900693;9390;5.5543687246314883;9390;98.501541184728552;9390;821.00276886113249;9390;4.0711691640980252;9390;4.1419721060823385;9390;58.693197424237795;9390;94.5707571642201
9400;150.70039979247414;9400;5.5177465132602928;9400;98.171941282387763;9400;821.00276886113249;9400;4.0702536088137453;9400;4.1444135868404182;9400;58.229316080202643;9400;94.106875820184953
9410;150.55391094698936;9410;5.5909909360026857;9410;97.781304361095;9410;820.92369817749022;9410;4.0690328684347055;9410;4.1401409955137787;9410;57.802056947538681;9410;93.618579668569
9420;150.63936277352215;9420;5.2491836298715162;9420;97.366252632221446;9420;820.92369817749022;9420;4.0681173131504256;9420;4.137699514755699;9420;57.435834833826718;9420;93.3500167851802
9430;150.70039979247414;9430;5.0904873805963327;9430;96.8169194616535;9430;820.92369817749022;9430;4.0672017578661457;9430;4.137699514755699;9430;57.008575701162755;9430;92.959379863887449
9440;150.72481460005494;9440;4.89516891994995;9440;96.377452925199123;9440;820.9632335193113;9440;4.0659810174871058;9440;4.1428876613666183;9440;56.642353587450792;9440;92.4100466933195
9450;150.62715536973175;9450;4.67543565172277;9450;95.608386486404;9450;820.84462749384784;9450;4.0650654622028259;9450;4.1355632190923792;9450;56.385998107852409;9450;91.726432081057169
9460;150.73702200384534;9460;4.12610248115482;9460;94.912564470351271;9460;820.76555681020545;9460;4.0641499069185461;9460;4.1340372936185794;9460;56.141850032044438;9460;91.030610065004439
9470;150.76143681142614;9470;3.6133915219580675;9470;94.21674245429854;9470;820.76555681020545;9470;4.0632343516342662;9470;4.1315958128605;9470;55.946531571398047;9470;90.285958433790086
9480;150.76143681142614;9480;3.2227546006653034;9480;93.4232612079226;9480;820.76555681020545;9480;4.0620136112552263;9480;4.1392254402294988;9480;55.775627918332468;9480;89.626758629108551
9490;150.62715536973175;9490;2.8199102755821404;9490;92.898342844935456;9490;820.76555681020545;9490;4.0610980559709464;9490;4.13281655323954;9490;55.604724265266881;9490;89.284951322977392
9500;150.60274056215096;9500;2.4781029694509722;9500;92.568742942594682;9500;820.80509215202665;9500;4.0601825006866665;9500;4.12732322153386;9500;55.299539170506918;9500;88.9431440168462
9510;150.57832575457016;9510;2.3194067201757864;9510;92.349009674367508;9510;820.84462749384784;9510;4.0592669454023866;9510;4.13129062776574;9510;55.25070955534531;9510;88.625751518295843
9520;150.68819238868375;9520;2.28278450880459;9520;91.958372753074741;9520;820.76555681020545;9520;4.0580462050233468;9520;4.13098544267098;9520;55.07980590227973;9520;88.357188634907075
9530;150.70039979247414;9530;2.0996734519486067;9530;91.860713522751553;9530;820.72602146838437;9530;4.0571306497390669;9530;4.12793359172338;9530;54.762413403729362;9530;88.222907193212691
9540;150.66377758110295;9540;1.9165623950926236;9540;91.665395062105176;9540;820.68648612656318;9540;4.056215094454787;9540;4.1221350749229408;9540;54.640339365825376;9540;87.978759117404721
9550;150.67598498489335;9550;1.9287697988830226;9550;91.543321024201177;9550;820.646950784742;9550;4.0549943540757472;9550;4.12793359172338;9550;54.432813501388587;9550;87.649159215063932
9560;150.45625171666617;9560;1.8677327799310282;9560;91.3480025635548;9560;820.646950784742;9560;4.0540787987914673;9560;4.1224402600177008;9560;54.420606097598188;9560;87.429425946836758
9570;150.54170354319896;9570;1.7456587420270393;9570;91.116061891537228;9570;820.68648612656318;9570;4.0531632435071874;9570;4.1245765556810206;9570;54.359569078646196;9570;87.197485274819158
9580;150.48066652424697;9580;1.6357921079134494;9580;90.896328623310055;9580;820.6074154429208;9580;4.0522476882229066;9580;4.1224402600177008;9580;54.176458021790218;9580;86.989959410382383
9590;150.60274056215096;9590;1.5503402813806573;9590;90.444654683065281;9590;820.52834475927841;9590;4.0510269478438667;9590;4.1227454451124608;9590;54.152043214209421;9590;86.794640949736
9600;150.48066652424697;9600;1.4160588396862697;9600;90.33478804895168;9600;820.646950784742;9600;4.0501113925595869;9600;4.1178624835963014;9600;54.078798791467023;9600;86.587115085299232
9610;150.39521469771418;9610;1.2451551866206854;9610;90.1882992034669;9610;820.52834475927841;9610;4.049195837275307;9610;4.1166417432172615;9610;54.091006195257421;9610;86.452833643604848
9620;150.46845912045657;9620;1.1597033600878932;9620;90.1882992034669;9620;820.48880941745722;9620;4.0479750968962671;9620;4.1215247047334209;9620;54.152043214209421;9620;86.452833643604848
9630;150.46845912045657;9630;1.2207403790398876;9630;90.066225165562912;9630;820.449274075636;9630;4.0470595416119872;9630;4.1175572985015414;9630;54.249702444532609;9630;86.404004028443254
9640;150.57832575457016;9640;1.2207403790398876;9640;90.090639973143709;9640;820.449274075636;9640;4.0461439863277073;9640;4.1157261879329816;9640;54.139835810419022;9640;86.501663258766442
9650;150.40742210150458;9650;1.2573625904110843;9650;90.1394695883053;9650;820.409738733815;9650;4.0452284310434274;9650;4.1108432264168213;9650;53.871272927030248;9650;86.538285470137637
9660;150.44404431287577;9660;1.3183996093630788;9660;90.1638843958861;9660;820.409738733815;9660;4.0440076906643876;9660;4.1166417432172615;9660;53.956724753563037;9660;86.404004028443254
9670;150.32197027497176;9670;1.3306070131534775;9670;90.1638843958861;9670;820.409738733815;9670;4.0430921353801077;9670;4.1099276711325414;9670;54.01776177251503;9670;86.306344798120065
9680;150.34638508255256;9680;1.3183996093630788;9680;90.1516769920957;9680;820.449274075636;9680;4.0421765800958278;9680;4.1099276711325414;9680;53.981139561143834;9680;86.306344798120065
9690;150.45625171666617;9690;1.2573625904110843;9690;90.1882992034669;9690;820.449274075636;9690;4.0412610248115479;9690;4.112369151890622;9690;53.981139561143834;9690;86.391796624652855
9700;150.49287392803737;9700;1.2695699942014831;9700;89.944151127658927;9700;820.37020339199375;9700;4.0400402844325081;9700;4.112674336985382;9700;54.054383983886225;9700;86.257515182958471
9710;150.29755546739096;9710;1.2329477828302866;9710;90.054017761772513;9710;820.409738733815;9710;4.0391247291482282;9710;4.1056550798059019;9710;54.042176580095827;9710;86.342967009491261
9720;150.32197027497176;9720;1.1719107638782922;9720;90.2127140110477;9720;820.33066805017256;9720;4.0382091738639483;9720;4.1004669331949826;9720;53.883480330820646;9720;86.440626239814449
9730;150.45625171666617;9730;1.2085329752494889;9730;90.285958433790086;9730;820.33066805017256;9730;4.0369884334849084;9730;4.1099276711325414;9730;53.883480330820646;9730;86.538285470137637
9740;150.41962950529498;9740;1.2573625904110843;9740;90.1150547807245;9740;820.25159736653018;9740;4.0360728782006285;9740;4.112674336985382;9740;53.920102542191842;9740;86.59932248908963
9750;150.51728873561817;9750;1.2573625904110843;9750;90.33478804895168;9750;820.25159736653018;9750;4.0351573229163487;9750;4.1093173009430215;9750;53.920102542191842;9750;86.526078066347239
9760;150.21210364085817;9760;1.2085329752494889;9760;90.627765739921259;9760;820.25159736653018;9760;4.0342417676320688;9760;4.0989410077211827;9760;53.907895138401443;9760;86.611529892880029
9770;150.35859248634296;9770;1.1841181676686912;9770;90.70101016266365;9770;820.212062024709;9770;4.0330210272530289;9770;4.1001617481002226;9770;53.907895138401443;9770;86.758018738364811
9780;150.26093325601977;9780;1.1597033600878932;9780;90.847499008148461;9780;820.212062024709;9780;4.032105471968749;9780;4.0836817529831846;9780;53.834650715659052;9780;86.8068483535264
9790;150.22431104464857;9790;1.1597033600878932;9790;90.993987853633243;9790;820.212062024709;9790;4.0311899166844691;9790;4.0675069429609056;9790;53.920102542191842;9790;86.953337199011187
9800;150.30976287118136;9800;1.1597033600878932;9800;91.201513718070018;9800;820.212062024709;9800;4.0302743614001892;9800;4.0656758323923459;9800;54.176458021790218;9800;87.148655659657564
9810;150.16327402569658;9810;1.1352885525070955;9810;90.969573046052446;9810;820.1329913410666;9810;4.0290536210211494;9810;4.0781884212775052;9810;54.249702444532609;9810;87.136448255867165
9820;150.21210364085817;9820;1.1597033600878932;9820;90.93295083468125;9820;820.17252668288779;9820;4.0281380657368695;9820;4.0754417554246656;9820;54.359569078646196;9820;87.209692678609557
9830;150.23651844843897;9830;1.1597033600878932;9830;91.140476699118025;9830;820.1329913410666;9830;4.02722251045259;9830;4.0589617603076267;9830;54.383983886226993;9830;87.295144505142346
9840;150.29755546739096;9840;1.1597033600878932;9840;91.543321024201177;9840;820.1329913410666;9840;4.02600177007355;9840;4.0635395367290261;9840;54.469435712759783;9840;87.466048158207954
9850;150.13885921811578;9850;1.2695699942014831;9850;91.543321024201177;9850;820.05392065742433;9850;4.02508621478927;9850;4.0672017578661457;9850;54.554887539292586;9850;87.685781426435128
9860;150.35859248634296;9860;1.3428144169438767;9860;91.689809869685973;9860;819.93531463196075;9860;4.02417065950499;9860;4.0760521256141855;9860;54.603717154454181;9860;87.893307290871931
9870;150.19989623706778;9870;1.3306070131534775;9870;91.921750541703545;9870;820.01438531560314;9870;4.02325510422071;9870;4.0699484237189854;9870;54.652546769615775;9870;87.942136906033525
9880;150.22431104464857;9880;1.3183996093630788;9880;91.982787560655538;9880;820.05392065742433;9880;4.02203436384167;9880;4.0714743491927852;9880;54.591509750663782;9880;87.966551713614322
9890;150.23651844843897;9890;1.4282662434766686;9890;91.958372753074741;9890;820.05392065742433;9890;4.02111880855739;9890;4.0687276833399455;9890;54.725791192358166;9890;88.1130405590991
9900;150.34638508255256;9900;1.4648884548478653;9900;91.592150639362771;9900;820.01438531560314;9900;4.0202032532731105;9900;4.0699484237189854;9900;54.86007263405255;9900;88.003173924985518
9910;150.41962950529498;9910;1.3428144169438767;9910;91.726432081057169;9910;819.93531463196075;9910;4.0189825128940706;9910;4.0684224982451855;9910;54.908902249214151;9910;87.881099887081533
9920;150.48066652424697;9920;1.4038514358958709;9920;91.824091311380357;9920;819.85624394831837;9920;4.0180669576097907;9920;4.0730002746665859;9920;54.847865230262151;9920;87.942136906033525
9930;150.55391094698936;9930;1.4404736472670676;9930;91.787469100009162;9930;819.89577929013956;9930;4.0171514023255108;9930;4.0781884212775052;9930;54.896694845423752;9930;88.003173924985518
9940;150.45625171666617;9940;1.3794366283150732;9940;91.640980254524379;9940;819.89577929013956;9940;4.0162358470412309;9940;4.0711691640980252;9940;54.994354075746941;9940;88.003173924985518
9950;150.50508133182777;9950;1.3550218207342752;9950;91.763054292428365;9950;819.81670860649717;9950;4.0150151066621911;9950;4.0739158299508658;9950;54.969939268166144;9950;88.003173924985518
9960;150.32197027497176;9960;1.4038514358958709;9960;91.897335734122748;9960;819.7376379228549;9960;4.0140995513779112;9960;4.0699484237189854;9960;55.018768883327738;9960;88.039796136356713
9970;150.51728873561817;9970;1.4648884548478653;9970;92.019409772026748;9970;819.7376379228549;9970;4.01318399609363;9970;4.0739158299508658;9970;55.104220709860527;9970;88.1374553666799
9980;150.60274056215096;9980;1.4770958586382641;9980;92.068239387188342;9980;819.7376379228549;9980;4.0122684408093505;9980;4.0696432386242254;9980;55.189672536393317;9980;88.210699789422293
9990;150.68819238868375;9990;1.4770958586382641;9990;91.994994964445951;9990;819.65856723921252;9990;4.0110477004303107;9990;4.0696432386242254;9990;55.214087343974114;9990;88.247322000793488
10000;150.66377758110295;10000;1.5015106662190618;10000;92.031617175817146;10000;819.65856723921252;10000;4.0101321451460308;10000;4.0672017578661457;10000;55.360576189458911;10000;88.357188634907075
10010;150.63936277352215;10010;1.5259254737998595;10010;91.994994964445951;10010;819.65856723921252;10010;4.0092165898617509;10010;4.0693380535294654;10010;55.384990997039708;10010;88.283944212164684
10020;150.68819238868375;10020;1.5015106662190618;10020;92.16589861751153;10020;819.61903189739132;10020;4.007995849482711;10020;4.0705587939085053;10020;55.25070955534531;10020;88.283944212164684
10030;150.59053315836056;10030;1.4648884548478653;10030;92.117069002349936;10030;819.53996121374894;10030;4.0070802941984311;10030;4.0668965727713857;10030;55.275124362926121;10030;88.381603442487872
10040;150.66377758110295;10040;1.5259254737998595;10040;92.300180059205914;10040;819.53996121374894;10040;4.0061647389141513;10040;4.0693380535294654;10040;55.336161381878114;10040;88.47926267281106
10050;150.50508133182777;10050;1.6113773003326517;10050;92.4710837122715;10050;819.53996121374894;10050;4.0052491836298714;10050;4.0641499069185461;10050;55.336161381878114;10050;88.552507095553452
10060;150.68819238868375;10060;1.6113773003326517;10060;92.568742942594682;10060;819.50042587192775;10060;4.0040284432508315;10060;4.0672017578661457;10060;55.4338206122013;10060;88.686788537247836
10070;150.70039979247414;10070;1.6479995117038484;10070;92.617572557756276;10070;819.50042587192775;10070;4.0031128879665516;10070;4.0614032410657064;10070;55.4582354197821;10070;88.674581133457437
10080;150.78585161900693;10080;1.7334513382366405;10080;92.764061403241058;10080;819.50042587192775;10080;4.0021973326822717;10080;4.0659810174871058;10080;55.482650227362896;10080;88.723410748619031
10090;150.82247383037813;10090;1.7700735496078372;10090;92.910550248725855;10090;819.53996121374894;10090;4.0009765923032319;10090;4.0665913876766258;10090;55.372783593249309;10090;88.9431440168462
10100;150.73702200384534;10100;1.6846217230750451;10100;92.849513229773862;10100;819.50042587192775;10100;4.000061037018952;10100;4.0638447218237861;10100;55.262916959135708;10100;88.9553514206366
10110;150.70039979247414;10110;1.7212439344462416;10110;92.971587267677847;10110;819.42135518828547;10110;3.9991454817346721;10110;4.0614032410657064;10110;55.372783593249309;10110;89.162877285073378
10120;150.63936277352215;10120;1.7700735496078372;10120;92.910550248725855;10120;819.3027491628219;10120;3.9982299264503922;10120;4.0638447218237861;10120;55.397198400830106;10120;89.29715872676779
10130;150.82247383037813;10130;1.8189031647694327;10130;93.093661305581833;10130;819.42135518828547;10130;3.9970091860713524;10130;4.0650654622028259;10130;55.397198400830106;10130;89.211706900234972
10140;150.85909604174932;10140;1.9165623950926236;10140;93.081453901791434;10140;819.34228450464309;10140;3.9960936307870725;10140;4.0577410199285868;10140;55.372783593249309;10140;89.126255073702183
10150;150.94454786828211;10150;1.8433179723502304;10150;92.996002075258644;10150;819.26321382100059;10150;3.9951780755027926;10150;4.0604876857814265;10150;55.299539170506918;10150;89.101840266121386
10160;150.77364421521654;10160;1.8066957609790337;10160;93.044831690420239;10160;819.26321382100059;10160;3.9942625202185127;10160;4.0549943540757472;10160;55.397198400830106;10160;89.211706900234972
10170;150.78585161900693;10170;1.8311105685598315;10170;93.069246498001036;10170;819.2236784791794;10170;3.9930417798394724;10170;4.0598773155919066;10170;55.4582354197821;10170;89.236121707815769
10180;150.84688863795893;10180;1.9043549913022249;10180;93.179113132114622;10180;819.2236784791794;10180;3.9921262245551925;10180;4.0571306497390669;10180;55.397198400830106;10180;89.46806237983337
10190;150.90792565691092;10190;1.9531846064638203;10190;93.166905728324224;10190;819.18414313735821;10190;3.9912106692709126;10190;4.0571306497390669;10190;55.360576189458911;10190;89.358195745719783
10200;150.88351084933012;10200;1.989806817835017;10200;93.288979766228209;10200;819.18414313735821;10200;3.9899899288918728;10200;4.0537736136967073;10200;55.348368785668512;10200;89.29715872676779
10210;150.85909604174932;10210;2.0386364329966122;10210;93.105868709372231;10210;819.144607795537;10210;3.9890743736075929;10210;4.0537736136967073;10210;55.360576189458911;10210;89.284951322977392
10220;150.84688863795893;10220;1.977599414044618;10220;93.105868709372231;10220;819.18414313735821;10220;3.988158818323313;10220;4.0568254646443069;10220;55.482650227362896;10220;89.126255073702183
10230;150.68819238868375;10230;1.8677327799310282;10230;92.983794671468246;10230;819.144607795537;10230;3.9872432630390331;10230;4.0513321329386267;10230;55.555894650105287;10230;89.114047669911784
10240;150.76143681142614;10240;1.8921475875118259;10240;93.166905728324224;10240;819.06553711189474;10240;3.9860225226599932;10240;4.0522476882229066;10240;55.4704428235725;10240;89.126255073702183
10250;150.72481460005494;10250;1.9165623950926236;10250;93.081453901791434;10250;819.02600177007355;10250;3.9851069673757133;10250;4.0498062074648269;10250;55.397198400830106;10250;89.089632862330987
10260;150.90792565691092;10260;1.8677327799310282;10260;92.788476210821869;10260;818.94693108643116;10260;3.9841914120914335;10260;4.0546891689809872;10260;55.384990997039708;10260;89.053010650959791
10270;150.83468123416853;10270;1.8555253761406294;10270;92.898342844935456;10270;818.94693108643116;10270;3.9829706717123936;10270;4.0461439863277073;10270;55.348368785668512;10270;89.175084688863777
10280;150.96896267586291;10280;1.9043549913022249;10280;92.910550248725855;10280;818.94693108643116;10280;3.9820551164281137;10280;4.0479750968962671;10280;55.4460280159917;10280;89.138462477492581
10290;150.96896267586291;10290;1.8921475875118259;10290;93.057039094210637;10290;818.98646642825236;10290;3.9811395611438338;10290;4.048585467085787;10290;55.519272438734092;10290;89.089632862330987
10300;150.72481460005494;10300;1.9043549913022249;10300;92.959379863887449;10300;818.94693108643116;10300;3.9802240058595539;10300;4.048585467085787;10300;55.543687246314889;10300;89.0041810357982
10310;150.68819238868375;10310;1.8921475875118259;10310;92.996002075258644;10310;818.90739574461;10310;3.9790032654805141;10310;4.0452284310434274;10310;55.604724265266881;10310;89.028595843379
10320;150.63936277352215;10320;1.8555253761406294;10320;92.849513229773862;10320;818.8283250609677;10320;3.9780877101962342;10320;4.0427869502853477;10320;55.592516861476483;10320;88.967558824427
10330;150.70039979247414;10330;1.8921475875118259;10330;92.800683614612268;10330;818.86786040278889;10330;3.9771721549119543;10330;4.0467543565172273;10330;55.690176091799678;10330;88.894314401684611
10340;150.62715536973175;10340;1.8189031647694327;10340;92.800683614612268;10340;818.90739574461;10340;3.9762565996276744;10340;4.0391247291482282;10340;55.800042725913265;10340;88.906521805475009
10350;150.72481460005494;10350;1.7700735496078372;10350;92.971587267677847;10350;818.86786040278889;10350;3.9750358592486346;10350;4.040955839716788;10350;55.800042725913265;10350;88.9919736320078
10360;150.51728873561817;10360;1.8189031647694327;10360;93.044831690420239;10360;818.70971903550412;10360;3.9741203039643542;10360;4.0391247291482282;10360;55.763420514542069;10360;89.089632862330987
10370;150.62715536973175;10370;1.8555253761406294;10370;92.910550248725855;10370;818.70971903550412;10370;3.9732047486800743;10370;4.0415662099063079;10370;55.775627918332468;10370;89.138462477492581
10380;150.66377758110295;10380;1.8921475875118259;10380;93.166905728324224;10380;818.670183693683;10380;3.9719840083010345;10380;4.0327158421582689;10380;55.824457533494062;10380;89.29715872676779
10390;150.72481460005494;10390;1.9287697988830226;10390;93.313394573809;10390;818.59111301004066;10390;3.9710684530167546;10390;4.0351573229163487;10390;55.848872341074859;10390;89.272743919187
10400;150.68819238868375;10400;1.9409772026734213;10400;93.3500167851802;10400;818.59111301004066;10400;3.9701528977324747;10400;4.0397350993377481;10400;55.800042725913265;10400;89.358195745719783
10410;150.49287392803737;10410;1.9409772026734213;10410;93.276772362437811;10410;818.55157766821947;10410;3.9692373424481948;10410;4.0354625080111086;10410;55.775627918332468;10410;89.443647572252573
10420;150.57832575457016;10420;1.8677327799310282;10420;93.545335245826578;10420;818.59111301004066;10420;3.968016602069155;10420;4.0342417676320688;10420;55.873287148655656;10420;89.46806237983337
10430;150.63936277352215;10430;1.8921475875118259;10430;93.3866389965514;10430;818.59111301004066;10430;3.9671010467848751;10430;4.0345469527268287;10430;56.00756859035004;10430;89.455854976042971
10440;150.66377758110295;10440;2.0142216254158147;10440;93.4232612079226;10440;818.59111301004066;10440;3.9661854915005952;10440;4.0391247291482282;10440;56.093020416882844;10440;89.504684591204565
10450;150.49287392803737;10450;2.0874660481582081;10450;93.6307870723594;10450;818.55157766821947;10450;3.9652699362163153;10450;4.02722251045259;10450;56.00756859035004;10450;89.797662282174144
10460;150.55391094698936;10460;2.0752586443678092;10460;93.801690725424976;10460;818.43297164275589;10460;3.9640491958372754;10460;4.02752769554735;10460;55.946531571398047;10460;89.91973632007813
10470;150.35859248634296;10470;2.185125278481399;10470;93.911557359538563;10470;818.43297164275589;10470;3.9631336405529956;10470;4.02630695516831;10470;55.995361186559641;10470;90.078432569353311
10480;150.29755546739096;10480;2.2095400860621965;10480;93.85052034058657;10480;818.43297164275589;10480;3.9622180852687157;10480;4.0299691763054293;10480;56.056398205511648;10480;90.066225165562912
10490;150.37079989013336;10490;2.1607104709006011;10490;94.070253608813758;10490;818.39343630093481;10490;3.9609973448896758;10490;4.02325510422071;10490;56.031983397930837;10490;90.102847376934108
10500;150.41962950529498;10500;2.2583697012237924;10500;94.094668416394555;10500;818.31436561729242;10500;3.9600817896053959;10500;4.02111880855739;10500;56.00756859035004;10500;90.102847376934108
10510;150.50508133182777;10510;2.2949919125949889;10510;94.167912839136946;10510;818.31436561729242;10510;3.959166234321116;10510;4.02356028931547;10510;55.983153782769243;10510;90.1516769920957
10520;150.41962950529498;10520;2.2949919125949889;10520;94.155705435346547;10520;818.23529493365;10520;3.9582506790368361;10520;4.02081362346263;10520;55.983153782769243;10520;90.261543626209289
10530;150.46845912045657;10530;2.2339548936429945;10530;94.412060914944917;10530;818.27483027547123;10530;3.9570299386577963;10530;4.02111880855739;10530;56.056398205511648;10530;90.33478804895168
10540;150.34638508255256;10540;2.3804437391277808;10540;94.412060914944917;10540;818.27483027547123;10540;3.9561143833735164;10540;4.0177617725150307;10540;56.068605609302047;10540;90.33478804895168
10550;150.32197027497176;10550;2.5025177770317697;10550;94.30219428083133;10550;818.11668890818646;10550;3.9551988280892365;10550;4.02142399365215;10550;56.117435224463641;10550;90.285958433790086
10560;150.13885921811578;10560;2.4292733542893763;10560;94.253364665669736;10560;818.07715356636538;10560;3.9539780877101958;10560;4.0113528855250706;10560;56.166264839625235;10560;90.346995452742078
10570;150.26093325601977;10570;2.3194067201757864;10570;94.241157261879337;10570;818.07715356636538;10570;3.9530625324259159;10570;4.015625476851711;10570;56.28833887752922;10570;90.395825067903672
10580;150.37079989013336;10580;2.3560289315469833;10580;94.228949858088939;10580;818.07715356636538;10580;3.952146977141636;10580;4.0165410321359909;10580;56.263924069948423;10580;90.53010650959807
10590;150.32197027497176;10590;2.4048585467085788;10590;94.155705435346547;10590;817.998082882723;10590;3.9512314218573561;10590;4.015930661946471;10590;56.202887050996431;10590;90.383617664113274
10600;150.26093325601977;10600;2.3194067201757864;10600;94.4975127414777;10600;818.03761822454419;10600;3.9500106814783162;10600;4.0098269600512708;10600;56.154057435834837;10600;90.383617664113274
10610;150.17548142948698;10610;2.4048585467085788;10610;94.424268318735315;10610;817.998082882723;10610;3.9490951261940364;10610;4.0076906643879511;10610;56.202887050996431;10610;90.359202856532477
10620;150.22431104464857;10620;2.4781029694509722;10620;94.363231299783322;10620;817.9585475409018;10620;3.9481795709097565;10620;4.01318399609363;10620;56.300546281319619;10620;90.346995452742078
10630;150.16327402569658;10630;2.4781029694509722;10630;94.143498031556149;10630;817.87947685725942;10630;3.9472640156254766;10630;4.0064699240089112;10630;56.300546281319619;10630;90.420239875484469
10640;150.30976287118136;10640;2.4048585467085788;10640;94.058046205023359;10640;817.87947685725942;10640;3.9460432752464367;10640;4.0067751091036712;10640;56.263924069948423;10640;90.261543626209289
10650;150.18768883327738;10650;2.3804437391277808;10650;94.155705435346547;10650;817.83994151543823;10650;3.9451277199621568;10650;4.0028077028717917;10650;56.300546281319619;10650;90.298165837580484
10660;150.18768883327738;10660;2.4536881618701742;10660;94.204535050508142;10660;817.800406173617;10660;3.9442121646778769;10660;4.0073854792931911;10660;56.263924069948423;10660;90.346995452742078
10670;150.07782219916379;10670;2.4170659504989778;10670;94.204535050508142;10670;817.760870831796;10670;3.9429914242988371;10670;3.9994506668294321;10670;56.337168492690815;10670;90.261543626209289
10680;150.27314065981017;10680;2.3194067201757864;10680;94.13129062776575;10680;817.72133548997476;10680;3.9420758690145572;10680;4.000061037018952;10680;56.422620319223604;10680;90.310373241370883
10690;150.35859248634296;10690;2.3316141239661854;10690;94.167912839136946;10690;817.68180014815357;10690;3.9411603137302773;10690;4.0015869624927518;10690;56.483657338175611;10690;90.371410260322875
10700;150.16327402569658;10700;2.4292733542893763;10700;94.106875820184953;10700;817.5236587808688;10700;3.9402447584459974;10700;4.000366222113712;10700;56.630146183660393;10700;90.285958433790086
10710;150.16327402569658;10710;2.4048585467085788;10710;94.326609088412127;10710;817.5236587808688;10710;3.9390240180669576;10710;3.9985351115451522;10710;56.5691091647084;10710;90.395825067903672
10720;150.09002960295419;10720;2.4414807580797753;10720;94.38764610736412;10720;817.48412343904761;10720;3.9381084627826777;10720;3.9960936307870725;10720;56.65456099124119;10720;90.395825067903672
10730;150.32197027497176;10730;2.5391399884029662;10730;94.424268318735315;10730;817.56319412269;10730;3.9371929074983978;10730;4.000366222113712;10730;56.752220221564379;10730;90.578936124759664
10740;150.18768883327738;10740;2.5391399884029662;10740;94.436475722525714;10740;817.5236587808688;10740;3.9359721671193579;10740;3.9912106692709126;10740;56.74001281777398;10740;90.725424970244447
10750;150.23651844843897;10750;2.5391399884029662;10750;94.5951719718009;10750;817.44458809722641;10750;3.9350566118350776;10750;3.9936521500289923;10750;56.862086855677973;10750;90.566728720969266
10760;150.27314065981017;10760;2.5513473921933656;10760;94.656208990752887;10760;817.44458809722641;10760;3.9341410565507977;10760;3.9915158543656726;10760;56.898709067049168;10760;90.688802758873251
10770;150.27314065981017;10770;2.5635547959837641;10770;94.6073793755913;10770;817.40505275540534;10770;3.9332255012665178;10770;3.9933469649342324;10770;56.923123874629965;10770;90.78646198919644
10780;150.29755546739096;10780;2.6001770073549606;10780;94.790490432447285;10780;817.40505275540534;10780;3.932004760887478;10780;3.988158818323313;10780;56.898709067049168;10780;91.006195257423641
10790;150.28534806360057;10790;2.6367992187261575;10790;94.802697836237684;10790;817.28644672994176;10790;3.9310892056031981;10790;3.9906002990813927;10790;56.910916470839567;10790;91.140476699118025
10800;150.38300729392375;10800;2.6978362376781519;10800;95.010223700674459;10800;817.36551741358414;10800;3.9301736503189182;10800;3.9899899288918728;10800;56.996368297372356;10800;91.225928525650815
10810;150.39521469771418;10810;2.8199102755821404;10810;95.022431104464857;10810;817.24691138812057;10810;3.9292580950346383;10810;3.9899899288918728;10810;57.008575701162755;10810;91.152684102908424
10820;150.46845912045657;10820;2.8077028717917418;10820;95.120090334788046;10820;817.16784070447818;10820;3.9280373546555984;10820;3.9948728904080326;10820;57.045197912533951;10820;91.164891506698822
10830;150.32197027497176;10830;2.722251045258949;10830;95.107882930997647;10830;817.16784070447818;10830;3.9271217993713186;10830;3.9841914120914335;10830;57.020783104953153;10830;91.286965544602808
10840;150.30976287118136;10840;2.7100436414685505;10840;95.315408795434422;10840;817.20737604629937;10840;3.9262062440870387;10840;3.9820551164281137;10840;56.935331278420364;10840;91.3724173711356
10850;150.21210364085817;10850;2.8199102755821404;10850;95.547349467452008;10850;817.16784070447818;10850;3.9249855037079988;10850;3.979918820764794;10850;57.045197912533951;10850;91.592150639362771
10860;150.48066652424697;10860;2.9297769096957307;10860;95.4741050447096;10860;817.08877002083591;10860;3.9240699484237189;10860;3.9857173375652333;10860;57.069612720114748;10860;91.531113620410778
10870;150.34638508255256;10870;2.8687398907437363;10870;95.510727256080813;10870;817.04923467901472;10870;3.923154393139439;10870;3.979918820764794;10870;57.032990508743552;10870;91.567735831781974
10880;150.30976287118136;10880;2.8443250831629387;10880;95.4618976409192;10880;817.04923467901472;10880;3.9222388378551591;10880;3.9790032654805141;10880;57.094027527695545;10880;91.567735831781974
10890;150.45625171666617;10890;2.8443250831629387;10890;95.608386486404;10890;816.97016399537233;10890;3.9210180974761193;10890;3.9771721549119543;10890;57.106234931485943;10890;91.592150639362771
10900;150.38300729392375;10900;2.9297769096957307;10900;95.5595568712424;10900;816.93062865355114;10900;3.9201025421918394;10900;3.9844965971861934;10900;57.118442335276342;10900;91.689809869685973
10910;150.37079989013336;10910;2.9419843134861297;10910;95.681630909146392;10910;816.89109331173;10910;3.9191869869075595;10910;3.9887691885128329;10910;56.947538682210762;10910;91.702017273476372
10920;150.17548142948698;10920;2.9419843134861297;10920;95.803704947050377;10920;816.85155796990875;10920;3.9182714316232796;10920;3.9728995635853144;10920;56.874294259468371;10920;91.653187658314778
10930;150.35859248634296;10930;2.9541917172765282;10930;95.974608600115971;10930;816.85155796990875;10930;3.9170506912442398;10930;3.9719840083010345;10930;57.032990508743552;10930;91.677602465895575
10940;150.38300729392375;10940;3.0640583513901181;10940;95.90136417737358;10940;816.81202262808756;10940;3.91613513595996;10940;3.9707632679219946;10940;57.094027527695545;10940;91.787469100009162
10950;150.48066652424697;10950;3.0762657551805175;10950;95.6450086977752;10950;816.77248728626648;10950;3.9152195806756795;10950;3.9777825251014742;10950;57.069612720114748;10950;91.811883907589959
10960;150.32197027497176;10960;2.9663991210669272;10960;95.547349467452008;10960;816.6934166026241;10960;3.9139988402966397;10960;3.9747306741538746;10960;57.106234931485943;10960;91.71422467726677
10970;150.37079989013336;10970;2.9541917172765282;10970;95.608386486404;10970;816.6934166026241;10970;3.91308328501236;10970;3.9671010467848751;10970;57.191686758018733;10970;91.763054292428365
10980;150.28534806360057;10980;2.8687398907437363;10980;95.950193792535174;10980;816.6538812608029;10980;3.91216772972808;10980;3.9481795709097565;10980;57.25272377697074;10980;91.860713522751553
10990;150.13885921811578;10990;2.8809472945341352;10990;95.937986388744775;10990;816.61434591898171;10990;3.9112521744438;10990;3.9487899410992764;10990;57.277138584551537;10990;91.872920926541951
11000;150.26093325601977;11000;2.9786065248573257;11000;95.962401196325573;11000;816.61434591898171;11000;3.91003143406476;11000;3.9500106814783162;11000;57.374797814874725;11000;92.007202368236349
11010;150.26093325601977;11010;3.0762657551805175;11010;95.852534562211972;11010;816.57481057716052;11010;3.9091158787804803;11010;3.9417706839197972;11010;57.509079256569109;11010;91.958372753074741
11020;150.32197027497176;11020;2.9908139286477247;11020;95.98681600390637;11020;816.53527523533933;11020;3.9082003234962004;11020;3.9457380901516768;11020;57.5945310831019;11020;91.909543137913147
11030;150.17548142948698;11030;2.9419843134861297;11030;95.974608600115971;11030;816.53527523533933;11030;3.9069795831171605;11030;3.9445173497726369;11030;57.5823236793115;11030;91.909543137913147
11040;150.27314065981017;11040;2.9786065248573257;11040;96.084475234229558;11040;816.53527523533933;11040;3.9060640278328806;11040;3.9423810541093172;11040;57.5823236793115;11040;91.958372753074741
11050;150.0411999877926;11050;3.0152287362285222;11050;96.279793694875934;11050;816.49573989351813;11050;3.9051484725486008;11050;3.9298684652241582;11050;57.704397717215492;11050;92.190313425092327
11060;150.0411999877926;11060;3.0762657551805175;11060;96.243171483504739;11060;816.456204551697;11060;3.9042329172643209;11060;3.9365825373088779;11060;57.789849543748282;11060;92.324594866786711
11070;150.114444410535;11070;3.1128879665517131;11070;96.450697347941514;11070;816.37713386805467;11070;3.903012176885281;11070;3.9304788354136782;11070;57.88750877407147;11070;92.3612170781579
11080;150.07782219916379;11080;3.1250953703421125;11080;96.462904751731912;11080;816.37713386805467;11080;3.9020966216010011;11080;3.9280373546555984;11080;58.021790215765868;11080;92.4344615009003
11090;150.0289925840022;11090;3.1983397930845059;11090;96.5361491744743;11090;816.33759852623348;11090;3.9011810663167212;11090;3.9289529099398783;11090;58.082827234717861;11090;92.532120731223486
11100;150.0167851802118;11100;3.2471694082461013;11100;96.438489944151115;11100;816.29806318441229;11100;3.9002655110324413;11100;3.9326151310769979;11100;58.082827234717861;11100;92.519913327433088
11110;150.053407391583;11110;3.3204138309884943;11110;96.5605639820551;11110;816.29806318441229;11110;3.8990447706534015;11110;3.931699575792718;11110;58.046205023346666;11110;92.629779961546674
11120;149.85808893093662;11120;3.4058656575212871;11120;96.682638019959114;11120;816.21899250077;11120;3.8981292153691216;11120;3.923459578234199;11120;58.046205023346666;11120;92.727439191869863
11130;150.13885921811578;11130;3.36924344615009;11130;96.7436750389111;11130;816.21899250077;11130;3.8972136600848417;11130;3.9335306863612778;11130;58.131656849879455;11130;92.800683614612268
11140;150.114444410535;11140;3.5401470992156745;11140;96.7680898464919;11140;816.17945715894882;11140;3.8959929197058014;11140;3.9292580950346383;11140;58.314767906735433;11140;92.837305825983464
11150;150.0411999877926;11150;3.5523545030060735;11150;96.96340830713828;11150;816.06085113348536;11150;3.8950773644215215;11150;3.9265114291817986;11150;58.461256752220223;11150;92.886135441145058
11160;150.0045777764214;11160;3.527939695425276;11160;97.146519363994273;11160;815.981780449843;11160;3.8941618091372416;11160;3.9213232825708793;11160;58.497878963591418;11160;93.057039094210637
11170;150.09002960295419;11170;3.7476729636524557;11170;96.96340830713828;11170;815.94224510802178;11170;3.8932462538529617;11170;3.9353617969298376;11170;58.33918271431623;11170;93.03262428662984
11180;150.09002960295419;11180;3.6988433484908603;11180;97.04886013367107;11180;815.94224510802178;11180;3.8920255134739219;11180;3.9338358714560377;11180;58.290353099154636;11180;93.142490920743427
11190;150.114444410535;11190;3.7354655598620563;11190;97.134311960203874;11190;815.90270976620059;11190;3.891109958189642;11190;3.9268166142765586;11190;58.253730887783441;11190;93.11807611316263
11200;150.21210364085817;11200;3.7598803674428543;11200;97.17093417157507;11200;815.78410374073712;11200;3.8901944029053621;11200;3.9310892056031981;11200;58.278145695364238;11200;93.081453901791434
11210;150.0411999877926;11210;3.7476729636524557;11210;97.109897152623077;11210;815.62596237345235;11210;3.8889736625263223;11210;3.931699575792718;11210;58.326975310525832;11210;93.215735343485818
11220;150.16327402569658;11220;3.7354655598620563;11220;97.207556382946265;11220;815.62596237345235;11220;3.8880581072420424;11220;3.9332255012665178;11220;58.326975310525832;11220;93.227942747276217
11230;150.12665181432538;11230;3.8087099826044497;11230;97.231971190527062;11230;815.66549771527355;11230;3.8871425519577625;11230;3.9280373546555984;11230;58.326975310525832;11230;93.203527939695419
11240;150.27314065981017;11240;3.8453321939756466;11240;97.231971190527062;11240;815.62596237345235;11240;3.8862269966734826;11240;3.9387188329721976;11240;58.253730887783441;11240;93.240150151066615
11250;150.22431104464857;11250;3.8453321939756466;11250;97.134311960203874;11250;815.58642703163116;11250;3.8850062562944427;11250;3.9335306863612778;11250;58.290353099154636;11250;93.227942747276217
11260;150.46845912045657;11260;3.8209173863948487;11260;97.08548234504228;11260;815.4678210061677;11260;3.8840907010101628;11260;3.9344462416455577;11260;58.192693868831448;11260;93.081453901791434
11270;150.48066652424697;11270;3.8941618091372421;11270;97.268593401898258;11270;815.38875032252531;11270;3.883175145725883;11270;3.9271217993713186;11270;58.082827234717861;11270;93.105868709372231
11280;150.30976287118136;11280;3.9063692129276406;11280;97.305215613269453;11280;815.34921498070412;11280;3.8822595904416031;11280;3.9228492080446791;11280;58.143864253669854;11280;93.130283516953028
11290;150.30976287118136;11290;3.7354655598620563;11290;97.41508224738304;11290;815.27014429706173;11290;3.8810388500625632;11290;3.9127780999176;11290;58.070619830927463;11290;93.301187170018608
11300;150.22431104464857;11300;3.7842951750236518;11300;97.305215613269453;11300;815.15153827159827;11300;3.8801232947782833;11300;3.9017914365062412;11300;58.156071657460252;11300;93.3866389965514
11310;150.28534806360057;11310;3.8331247901852472;11310;97.378460036011845;11310;815.19107361341935;11310;3.8792077394940034;11310;3.9066743980224006;11310;58.314767906735433;11310;93.484298226874586
11320;150.27314065981017;11320;3.91857661671804;11320;97.219763786736664;11320;815.07246758795588;11320;3.8779869991149636;11320;3.9075899533066805;11320;58.314767906735433;11320;93.472090823084187
11330;150.38300729392375;11330;3.9063692129276406;11330;97.244178594317461;11330;815.03293224613469;11330;3.8770714438306837;11330;3.91216772972808;11330;58.314767906735433;11330;93.4110538041322
11340;150.38300729392375;11340;3.9063692129276406;11340;97.354045228431048;11340;815.03293224613469;11340;3.8761558885464034;11340;3.9057588427381207;11340;58.363597521897027;11340;93.44767601550339
11350;150.51728873561817;11350;3.8941618091372421;11350;97.317423017059852;11350;814.9933969043135;11350;3.8752403332621235;11350;3.9136936552018797;11350;58.48567155980102;11350;93.4232612079226
11360;150.22431104464857;11360;3.9063692129276406;11360;97.354045228431048;11360;814.83525553702873;11360;3.8740195928830836;11360;3.9082003234962004;11360;58.461256752220223;11360;93.3988464003418
11370;150.21210364085817;11370;3.8331247901852472;11370;97.219763786736664;11370;814.79572019520765;11370;3.8731040375988037;11370;3.9091158787804803;11370;58.412427137058629;11370;93.301187170018608
11380;150.27314065981017;11380;3.7842951750236518;11380;97.354045228431048;11380;814.83525553702873;11380;3.8721884823145238;11380;3.9088106936857203;11380;58.424634540849027;11380;93.4232612079226
11390;150.27314065981017;11390;3.91857661671804;11390;97.41508224738304;11390;814.79572019520765;11390;3.870967741935484;11390;3.91094698934904;11390;58.388012329477824;11390;93.3866389965514
11400;150.35859248634296;11400;3.9063692129276406;11400;97.366252632221446;11400;814.75618485338646;11400;3.8700521866512041;11400;3.9112521744438;11400;58.375804925687426;11400;93.301187170018608
11410;150.34638508255256;11410;3.9551988280892361;11410;97.305215613269453;11410;814.67711416974407;11410;3.8691366313669242;11410;3.9060640278328806;11410;58.412427137058629;11410;93.3500167851802
11420;150.51728873561817;11420;3.8697470015564441;11420;97.41508224738304;11420;814.67711416974407;11420;3.8682210760826443;11420;3.91247291482284;11420;58.424634540849027;11420;93.288979766228209
11430;150.38300729392375;11430;3.9551988280892361;11430;97.183141575365468;11430;814.59804348610169;11430;3.8670003357036045;11430;3.9085055085909604;11430;58.461256752220223;11430;93.166905728324224
11440;150.39521469771418;11440;4.0162358470412309;11440;97.036652729880672;11440;814.55850814428049;11440;3.8660847804193246;11440;3.9133884701071198;11440;58.534501174962614;11440;93.166905728324224
11450;150.34638508255256;11450;3.91857661671804;11450;97.08548234504228;11450;814.5189728024593;11450;3.8651692251350447;11450;3.9060640278328806;11450;58.583330790124208;11450;93.264564958647412
11460;150.45625171666617;11460;4.0528580584124274;11460;97.08548234504228;11460;814.40036677699584;11460;3.8642536698507648;11460;3.91094698934904;11460;58.6565752128666;11460;93.227942747276217
11470;150.32197027497176;11470;4.1749320963164163;11470;97.183141575365468;11470;814.32129609335345;11470;3.8630329294717249;11470;3.9072847682119205;11470;58.668782616657;11470;93.3378093813898
11480;150.29755546739096;11480;4.0650654622028259;11480;97.146519363994273;11480;814.24222540971107;11480;3.8621173741874451;11480;3.9063692129276406;11480;58.680990020447396;11480;93.3378093813898
11490;150.48066652424697;11490;3.8087099826044497;11490;97.402874843592642;11490;814.20269006788976;11490;3.8612018189031652;11490;3.9085055085909604;11490;58.693197424237795;11490;93.3500167851802
11500;150.45625171666617;11500;3.8819544053468427;11500;97.256385998107859;11500;814.12361938424738;11500;3.8599810785241253;11500;3.90972624897;11500;58.6565752128666;11500;93.3378093813898
11510;150.49287392803737;11510;3.91857661671804;11510;97.231971190527062;11510;814.08408404242618;11510;3.8590655232398454;11510;3.90972624897;11510;58.72981963560899;11510;93.227942747276217
11520;150.37079989013336;11520;3.9674062318796355;11520;97.329630420850251;11520;814.00501335878391;11520;3.8581499679555655;11520;3.9005706961272013;11520;58.754234443189787;11520;93.313394573809
11530;150.54170354319896;11530;3.991821039460433;11530;97.402874843592642;11530;814.08408404242618;11530;3.8572344126712848;11530;3.9091158787804803;11530;58.6443678090762;11530;93.557542649617
11540;150.30976287118136;11540;3.8453321939756466;11540;97.451704458754236;11540;814.00501335878391;11540;3.8560136722922449;11540;3.9051484725486008;11540;58.803064058351396;11540;93.5819574571978
11550;150.39521469771418;11550;3.9307840205084386;11550;97.427289651173439;11550;813.92594267514153;11550;3.855098117007965;11550;3.9078951384014404;11550;58.900723288674584;11550;93.3988464003418
11560;150.44404431287577;11560;3.9551988280892361;11560;97.537156285287026;11560;813.807336649678;11560;3.8541825617236851;11560;3.9017914365062412;11560;58.754234443189787;11560;93.557542649617
11570;150.41962950529498;11570;3.9307840205084386;11570;97.451704458754236;11570;813.807336649678;11570;3.8532670064394052;11570;3.9060640278328806;11570;58.668782616657;11570;93.496505630664984
11580;150.29755546739096;11580;4.0162358470412309;11580;97.647022919400612;11580;813.807336649678;11580;3.8520462660603654;11580;3.903317361980041;11580;58.693197424237795;11580;93.5697500534074
11590;150.26093325601977;11590;4.0650654622028259;11590;97.720267342143;11590;813.64919528239329;11590;3.8511307107760855;11590;3.8969084749900817;11590;58.742027039399389;11590;93.6429944761498
11600;150.40742210150458;11600;4.0406506546220289;11600;97.9155858027894;11600;813.64919528239329;11600;3.8502151554918056;11600;3.9020966216010011;11600;58.72981963560899;11600;93.679616687520991
11610;150.22431104464857;11610;4.1627246925260177;11610;97.817926572466192;11610;813.57012459875091;11610;3.8489944151127657;11610;3.9020966216010011;11610;58.717612231818592;11610;93.826105533005773
11620;150.28534806360057;11620;4.2359691152684107;11620;97.83013397625659;11620;813.53058925692972;11620;3.8480788598284859;11620;3.9036225470748009;11620;58.754234443189787;11620;93.911557359538563
11630;150.13885921811578;11630;4.1871395001068148;11630;97.988830225531785;11630;813.49105391510852;11630;3.847163304544206;11630;3.8941618091372416;11630;58.742027039399389;11630;93.97259437849057
11640;150.32197027497176;11640;4.1871395001068148;11640;97.8545487838374;11640;813.41198323146614;11640;3.8462477492599261;11640;3.9020966216010011;11640;58.6565752128666;11640;93.97259437849057
11650;150.27314065981017;11650;4.2359691152684107;11650;97.83013397625659;11650;813.29337720600267;11650;3.8450270088808862;11650;3.8962981048005614;11650;58.680990020447396;11650;94.009216589861765
11660;150.29755546739096;11660;4.2115543076876127;11660;97.8545487838374;11660;813.21430652236029;11660;3.8441114535966063;11660;3.8981292153691216;11660;58.778649250770584;11660;93.97259437849057
11670;150.30976287118136;11670;4.2237617114780113;11670;98.049867244483778;11670;813.29337720600267;11670;3.8431958983123264;11670;3.8962981048005614;11670;58.754234443189787;11670;93.984801782280968
11680;150.22431104464857;11680;4.3214209418012022;11680;97.8545487838374;11680;813.25384186418148;11680;3.8419751579332866;11680;3.8993499557481615;11680;58.742027039399389;11680;93.85052034058657
11690;150.30976287118136;11690;4.2603839228492086;11690;97.940000610370191;11690;813.25384186418148;11690;3.8410596026490067;11690;3.8990447706534015;11690;58.839686269722591;11690;93.984801782280968
11700;150.23651844843897;11700;4.2359691152684107;11700;97.8911709952086;11700;813.1747711805391;11700;3.8401440473647268;11700;3.8944669942320016;11700;58.72981963560899;11700;94.094668416394555
11710;150.37079989013336;11710;4.2603839228492086;11710;97.817926572466192;11710;813.09570049689671;11710;3.8392284920804469;11710;3.9045381023590808;11710;58.6443678090762;11710;93.923764763328961
11720;150.18768883327738;11720;4.443494979705191;11720;97.7080599383526;11720;813.05616515507563;11720;3.8380077517014071;11720;3.9011810663167212;11720;58.778649250770584;11720;93.704031495101788
11730;150.32197027497176;11730;4.3214209418012022;11730;97.7080599383526;11730;813.01662981325444;11730;3.8370921964171267;11730;3.9045381023590808;11730;58.742027039399389;11730;93.5819574571978
11740;150.28534806360057;11740;4.345835749382;11740;97.659230323191011;11740;812.97709447143325;11740;3.8361766411328468;11740;3.9014862514114812;11740;58.6321604052858;11740;93.6063722647786
11750;150.34638508255256;11750;4.4312875759147925;11750;97.354045228431048;11750;812.89802378779086;11750;3.835261085848567;11750;3.9152195806756795;11750;58.595538193914606;11750;93.3866389965514
11760;150.39521469771418;11760;4.394665364543596;11760;97.402874843592642;11760;812.81895310414848;11760;3.8340403454695271;11760;3.91033661915952;11760;58.6199530014954;11760;93.264564958647412
11770;150.44404431287577;11770;4.4068727683339946;11770;97.231971190527062;11770;812.77941776232728;11770;3.8331247901852472;11770;3.9078951384014404;11770;58.6443678090762;11770;93.166905728324224
11780;150.57832575457016;11780;4.2725913266396072;11780;97.231971190527062;11780;812.73988242050609;11780;3.8322092349009673;11780;3.91064180425428;11780;58.546708578753012;11780;93.11807611316263
11790;150.38300729392375;11790;4.394665364543596;11790;97.08548234504228;11790;812.66081173686382;11790;3.8309884945219275;11790;3.91216772972808;11790;58.546708578753012;11790;93.142490920743427
11800;150.30976287118136;11800;4.3824579607531975;11800;97.073274941251881;11800;812.58174105322144;11800;3.8300729392376476;11800;3.9112521744438;11800;58.583330790124208;11800;93.154698324533825
11810;150.17548142948698;11810;4.2970061342204051;11810;96.951200903347882;11810;812.58174105322144;11810;3.8291573839533677;11810;3.8996551408429214;11810;58.48567155980102;11810;92.996002075258644
11820;150.41962950529498;11820;4.2603839228492086;11820;96.987823114719077;11820;812.502670369579;11820;3.8282418286690878;11820;3.9039277321695609;11820;58.546708578753012;11820;92.959379863887449
11830;150.21210364085817;11830;4.2359691152684107;11830;96.938993499557483;11830;812.46313502775786;11830;3.8270210882900479;11830;3.8947721793267616;11830;58.6443678090762;11830;92.996002075258644
11840;150.23651844843897;11840;4.1505172887356183;11840;96.8291268654439;11840;812.46313502775786;11840;3.8261055330057681;11840;3.9014862514114812;11840;58.680990020447396;11840;92.971587267677847
11850;150.32197027497176;11850;4.2725913266396072;11850;96.890163884395889;11850;812.34452900229439;11850;3.8251899777214882;11850;3.8941618091372416;11850;58.583330790124208;11850;92.983794671468246
11860;150.37079989013336;11860;4.2970061342204051;11860;96.8413342692343;11860;812.34452900229439;11860;3.8239692373424483;11860;3.8950773644215215;11860;58.595538193914606;11860;92.873928037354659
11870;150.30976287118136;11870;4.1871395001068148;11870;96.975615710928679;11870;812.3049936604732;11870;3.8230536820581684;11870;3.8917203283791619;11870;58.717612231818592;11870;92.959379863887449
11880;150.27314065981017;11880;4.3336283455916016;11880;96.877956480605491;11880;812.18638763500962;11880;3.8221381267738885;11880;3.8938566240424817;11880;58.693197424237795;11880;93.020416882839442
11890;150.22431104464857;11890;4.2115543076876127;11890;97.256385998107859;11890;812.14685229318854;11890;3.8212225714896086;11890;3.8944669942320016;11890;58.693197424237795;11890;93.142490920743427
11900;149.94354075746941;11900;4.1871395001068148;11900;97.305215613269453;11900;812.028246267725;11900;3.8200018311105688;11900;3.8853114413892027;11900;58.680990020447396;11900;93.11807611316263
11910;150.19989623706778;11910;4.2115543076876127;11910;97.305215613269453;11910;812.028246267725;11910;3.8190862758262889;11910;3.8871425519577625;11910;58.754234443189787;11910;93.227942747276217
11920;149.9801629688406;11920;4.2115543076876127;11920;97.305215613269453;11920;811.98871092590377;11920;3.8181707205420086;11920;3.8764610736411633;11920;58.815271462141794;11920;93.3378093813898
11930;149.992370372631;11930;4.1749320963164163;11930;97.366252632221446;11930;811.98871092590377;11930;3.8172551652577287;11930;3.883175145725883;11930;58.839686269722591;11930;93.3866389965514
11940;150.0289925840022;11940;4.1505172887356183;11940;97.537156285287026;11940;811.9096402422615;11940;3.8160344248786888;11940;3.8737144077883237;11940;58.815271462141794;11940;93.6429944761498
11950;150.16327402569658;11950;4.0894802697836239;11950;97.549363689077424;11950;811.83056955861912;11950;3.8151188695944089;11950;3.8770714438306837;11950;58.778649250770584;11950;93.76506851405378
11960;150.114444410535;11960;4.0772728659932245;11960;97.781304361095;11960;811.79103421679793;11960;3.814203314310129;11960;3.8740195928830836;11960;58.864101077303388;11960;93.838312936796171
11970;150.07782219916379;11970;4.1871395001068148;11970;97.842341380046989;11970;811.63289284951327;11970;3.8129825739310892;11970;3.8737144077883237;11970;58.93734550004578;11970;93.752861110263382
11980;150.053407391583;11980;4.2115543076876127;11980;98.086489455854974;11980;811.71196353315565;11980;3.8120670186468093;11980;3.8734092226935637;11980;58.973967711416975;11980;93.887142551957766
11990;150.0045777764214;11990;4.2725913266396072;11990;97.940000610370191;11990;811.63289284951327;11990;3.8111514633625294;11990;3.8718832972197639;11990;58.986175115207374;11990;93.984801782280968
12000;150.09002960295419;12000;4.2481765190588092;12000;98.049867244483778;12000;811.55382216587088;12000;3.8102359080782495;12000;3.8755455183568834;12000;59.022797326578569;12000;94.094668416394555
12010;149.83367412335582;12010;4.4068727683339946;12010;98.26960051271098;12010;811.4747514822285;12010;3.8090151676992097;12010;3.8645588549455248;12010;59.144871364482555;12010;94.180120242927345
12020;150.0167851802118;12020;4.443494979705191;12020;98.428296761986161;12020;811.43521614040731;12020;3.80809961241493;12020;3.8700521866512041;12020;59.157078768272953;12020;94.289986877040931
12030;149.77263710440383;12030;4.4190801721243931;12030;98.440504165776559;12030;811.31661011494384;12030;3.80718405713065;12030;3.8615070039979251;12030;59.010589922788171;12030;94.412060914944917
12040;149.88250373851741;12040;4.467909787285989;12040;98.477126377147755;12040;811.27707477312265;12040;3.80626850184637;12040;3.8654744102298046;12040;59.059419537949765;12040;94.448683126316112
12050;149.91912594988861;12050;4.4801171910763884;12050;98.538163396099748;12050;811.19800408948026;12050;3.80504776146733;12050;3.8593707083346054;12050;59.181493575853764;12050;94.4975127414777
12060;149.992370372631;12060;4.56556901760918;12060;98.489333780938153;12060;811.15846874765907;12060;3.8041322061830503;12060;3.8596758934293653;12060;59.279152806176953;12060;94.473097933896909
12070;149.992370372631;12070;4.6021912289803772;12070;98.623615222632537;12070;811.23753943130146;12070;3.8032166508987704;12070;3.8572344126712848;12070;59.242530594805757;12070;94.448683126316112
12080;149.83367412335582;12080;4.6021912289803772;12080;98.525955992309349;12080;811.11893340583788;12080;3.8019959105197305;12080;3.8590655232398454;12080;59.279152806176953;12080;94.485305337687308
12090;150.07782219916379;12090;4.5533616138187814;12090;98.513748588518951;12090;811.00032738037442;12090;3.8010803552354506;12090;3.862727744376965;12090;59.352397228919344;12090;94.424268318735315
12100;150.0289925840022;12100;4.6510208441419723;12100;98.428296761986161;12100;810.921256696732;12100;3.8001647999511707;12100;3.8544877468184451;12100;59.327982421338547;12100;94.375438703573721
12110;150.18768883327738;12110;4.67543565172277;12110;98.59920041505174;12110;810.96079203855322;12110;3.7992492446668908;12110;3.8602862636188853;12110;59.401226844080938;12110;94.4975127414777
12120;149.84588152714622;12120;4.6998504593035682;12120;98.611407818842139;12120;810.921256696732;12120;3.79802850428785;12120;3.8514358958708454;12120;59.462263863032931;12120;94.5219275490585
12130;149.91912594988861;12130;4.6632282479323708;12130;98.513748588518951;12130;810.80265067126845;12130;3.79711294900357;12130;3.8538773766289252;12130;59.498886074404126;12130;94.448683126316112
12140;150.07782219916379;12140;4.6143986327707758;12140;98.635822626422936;12140;810.72357998762618;12140;3.7961973937192903;12140;3.8447218237861263;12140;59.462263863032931;12140;94.63179418317209
12150;150.10223700674459;12150;4.6143986327707758;12150;98.709067049165327;12150;810.684044645805;12150;3.7949766533402505;12150;3.847163304544206;12150;59.437849055452133;12150;94.6073793755913
12160;150.0167851802118;12160;4.6510208441419723;12160;98.855555894650109;12160;810.6445093039838;12160;3.7940610980559706;12160;3.8419751579332866;12160;59.535508285775322;12160;94.63179418317209
12170;149.88250373851741;12170;4.7730948820459611;12170;98.611407818842139;12170;810.52590327852022;12170;3.7931455427716907;12170;3.8438062685018464;12170;59.7552415540025;12170;94.5951719718009
12180;149.992370372631;12180;4.67543565172277;12180;98.733481856746124;12180;810.446832594878;12180;3.7922299874874108;12180;3.8459425641651661;12180;59.7674489577929;12180;94.656208990752887
12190;149.95574816125981;12190;4.6998504593035682;12190;98.696859645374929;12190;810.36776191123556;12190;3.7910092471083709;12190;3.8398388622699668;12190;59.730826746421705;12190;94.644001586962489
12200;150.114444410535;12200;4.7242652668843661;12200;98.782311471907718;12200;810.36776191123556;12200;3.7900936918240911;12200;3.846552934354686;12200;59.7918637653737;12200;94.63179418317209
12210;149.94354075746941;12210;4.7242652668843661;12210;98.794518875698117;12210;810.32822656941437;12210;3.7891781365398112;12210;3.8416699728385266;12210;59.7918637653737;12210;94.741660817285691
12220;150.10223700674459;12220;4.7486800744651632;12220;98.855555894650109;12220;810.20962054395079;12220;3.7882625812555313;12220;3.8492996002075257;12220;59.901730399487285;12220;94.839320047608879
12230;149.91912594988861;12230;4.7486800744651632;12230;98.9288003173925;12230;810.09101451848733;12230;3.7870418408764914;12230;3.8392284920804469;12230;59.901730399487285;12230;95.059053315836053
12240;149.94354075746941;12240;4.821924497207557;12240;98.9288003173925;12240;810.05147917666613;12240;3.7861262855922115;12240;3.8398388622699668;12240;59.889522995696886;12240;94.99801629688406
12250;150.07782219916379;12250;4.7608874782555617;12250;99.148533585619674;12250;810.01194383484494;12250;3.7852107303079316;12250;3.8319040498062074;12250;59.962767418439292;12250;95.08346812341685
12260;150.053407391583;12260;4.8585467085787526;12260;99.197363200781268;12260;809.85380246756017;12260;3.7839899899288918;12260;3.8300729392376476;12260;60.011597033600886;12260;95.046845912045654
12270;150.0167851802118;12270;4.9439985351115459;12270;99.490340891750833;12270;809.93287315120256;12270;3.7830744346446119;12270;3.8270210882900479;12270;60.011597033600886;12270;95.120090334788046
12280;149.76042970061343;12280;5.0416577654347359;12280;99.441511276589239;12280;809.85380246756017;12280;3.782158879360332;12280;3.8248847926267282;12280;60.023804437391284;12280;95.217749565111234
12290;149.94354075746941;12290;5.0904873805963327;12290;99.551377910702826;12290;809.7747317839179;12290;3.7812433240760521;12290;3.8285470137638478;12290;60.048219244972081;12290;95.290993987853625
12300;149.88250373851741;12300;5.11490218817713;12300;99.478133487960434;12300;809.69566110027552;12300;3.7800225836970123;12300;3.8209173863948487;12300;60.109256263924074;12300;95.315408795434422
12310;150.18768883327738;12310;5.1759392071291233;12310;99.441511276589239;12310;809.61659041663313;12310;3.7791070284127319;12310;3.8300729392376476;12310;60.292367320780052;12310;95.388653218176813
12320;150.07782219916379;12320;5.273598437452315;12320;99.539170506912427;12320;809.49798439116967;12320;3.778191473128452;12320;3.8251899777214882;12320;60.328989532151247;12320;95.6328012939848
12330;150.18768883327738;12330;5.273598437452315;12330;99.673451948606811;12330;809.41891370752728;12330;3.7769707327494122;12330;3.8361766411328468;12330;60.231330301828059;12330;95.6328012939848
12340;150.13885921811578;12340;5.2613910336619165;12340;99.7955259865108;12340;809.37937836570609;12340;3.7760551774651323;12340;3.8294625690481277;12340;60.097048860133675;12340;95.669423505356
12350;150.114444410535;12350;5.346842860194708;12350;99.7955259865108;12350;809.26077234024262;12350;3.7751396221808524;12350;3.8273262733848079;12350;60.06042664876248;12350;95.6205938901944
12360;150.053407391583;12360;5.2613910336619165;12360;100.0274666585284;12360;809.26077234024262;12360;3.7742240668965725;12360;3.8218329416791286;12360;60.14587847529527;12360;95.77929013946958
12370;150.0411999877926;12370;5.346842860194708;12370;99.9908444471572;12370;809.18170165660024;12370;3.7730033265175327;12370;3.814508499404889;12370;60.109256263924074;12370;95.86474196600237
12380;150.28534806360057;12380;5.3346354564043095;12380;100.12512588885158;12380;809.10263097295774;12380;3.7720877712332528;12380;3.8117618335520493;12380;60.121463667714472;12380;95.90136417737358
12390;150.09002960295419;12390;5.3956724753563039;12390;99.9664296395764;12390;809.06309563113666;12390;3.7711722159489729;12390;3.80443739127781;12390;60.219122898037661;12390;95.913571581163978
12400;150.18768883327738;12400;5.444502090517898;12400;100.06408886989959;12400;809.06309563113666;12400;3.770256660664693;12400;3.8102359080782495;12400;60.158085879085668;12400;95.925778984954377
12410;150.0167851802118;12410;5.4567094943082983;12410;100.0396740623188;12410;808.94448960567308;12410;3.7690359202856532;12410;3.8041322061830503;12410;60.243537705618458;12410;95.840327158421573
12420;150.053407391583;12420;5.3590502639851083;12420;99.91760002441481;12420;808.8654189220307;12420;3.7681203650013733;12420;3.8132877590258492;12420;60.45106357005524;12420;95.767082735679182
12430;150.0045777764214;12430;5.3834650715659054;12430;99.9664296395764;12430;808.74681289656723;12430;3.7672048097170934;12430;3.8093203527939696;12430;60.390026551103247;12430;95.86474196600237
12440;150.19989623706778;12440;5.346842860194708;12440;99.819940794091622;12440;808.62820687110366;12440;3.7659840693380535;12440;3.8203070162053288;12440;60.328989532151247;12440;95.889156773583167
12450;150.26093325601977;12450;5.2613910336619165;12450;99.83214819788202;12450;808.54913618746127;12450;3.7650685140537736;12450;3.8187810907315289;12450;60.30457472457045;12450;95.925778984954377
12460;150.13885921811578;12460;5.420087282937101;12460;99.661244544816412;12460;808.47006550381889;12460;3.7641529587694937;12460;3.8187810907315289;12460;60.280159916989653;12460;95.815912350840776
12470;150.114444410535;12470;5.420087282937101;12470;99.673451948606811;12470;808.54913618746127;12470;3.7632374034852139;12470;3.8193914609210489;12470;60.280159916989653;12470;95.742667928098385
12480;149.90691854609821;12480;5.5055391094698942;12480;99.685659352397209;12480;808.47006550381889;12480;3.762016663106174;12480;3.8138981292153691;12480;60.267952513199255;12480;95.6572161015656
12490;150.10223700674459;12490;5.4567094943082983;12490;99.83214819788202;12490;808.35145947835542;12490;3.7611011078218941;12490;3.8169499801629687;12490;60.30457472457045;12490;95.5595568712424
12500;150.0045777764214;12500;5.420087282937101;12500;99.7344889675588;12500;808.23285345289185;12500;3.7601855525376142;12500;3.80687887203589;12500;60.30457472457045;12500;95.4863124485
12510;150.17548142948698;12510;5.2613910336619165;12510;99.7466963713492;12510;808.19331811107065;12510;3.7589648121585739;12510;3.8099307229834896;12510;60.328989532151247;12510;95.4863124485
12520;149.94354075746941;12520;5.3346354564043095;12520;99.7466963713492;12520;808.07471208560719;12520;3.758049256874294;12520;3.8001647999511707;12520;60.438856166264841;12520;95.547349467452008
12530;150.053407391583;12530;5.4689168980986969;12530;99.685659352397209;12530;808.035176743786;12530;3.7571337015900141;12530;3.80809961241493;12530;60.414441358684044;12530;95.5961790826136
12540;150.13885921811578;12540;5.3712576677755068;12540;99.7589037751396;12540;807.9956414019648;12540;3.7562181463057343;12540;3.8041322061830503;12540;60.487685781426435;12540;95.6450086977752
12550;150.12665181432538;12550;5.2613910336619165;12550;99.624622333445217;12550;807.83750003468;12550;3.7549974059266944;12550;3.80718405713065;12550;60.53651539658803;12550;95.5961790826136
12560;150.13885921811578;12560;5.3590502639851083;12560;99.661244544816412;12560;807.71889400921657;12560;3.7540818506424145;12560;3.8087099826044497;12560;60.548722800378428;12560;95.6450086977752
12570;149.9801629688406;12570;5.54216132084109;12570;99.502548295541231;12570;807.63982332557418;12570;3.7531662953581346;12570;3.8102359080782495;12570;60.475478377636037;12570;95.53514206366161
12580;150.053407391583;12580;5.444502090517898;12580;99.697866756187608;12580;807.63982332557418;12580;3.7522507400738547;12580;3.8157292397839289;12580;60.438856166264841;12580;95.6328012939848
12590;149.85808893093662;12590;5.4811243018890972;12590;99.7344889675588;12590;807.600287983753;12590;3.7510299996948149;12590;3.80809961241493;12590;60.463270973845638;12590;95.742667928098385
12600;150.10223700674459;12600;5.3590502639851083;12600;99.83214819788202;12600;807.5607526419318;12600;3.750114444410535;12600;3.8102359080782495;12600;60.438856166264841;12600;95.6450086977752
12610;150.0045777764214;12610;5.4567094943082983;12610;99.868770409253216;12610;807.44214661646834;12610;3.7491988891262551;12610;3.7989440595721309;12610;60.524307992797631;12610;95.718253120517588
12620;150.053407391583;12620;5.4689168980986969;12620;99.893185216834013;12620;807.40261127464714;12620;3.7479781487472152;12620;3.8035218359935303;12620;60.597552415540022;12620;95.77929013946958
12630;150.0289925840022;12630;5.4322946867274995;12630;100.0396740623188;12630;807.363075932826;12630;3.7470625934629354;12630;3.7897885067293311;12630;60.658589434492015;12630;95.852534562211972
12640;149.992370372631;12640;5.5665761284218869;12640;100.14954069643238;12640;807.28400524918368;12640;3.7461470381786555;12640;3.7885677663502912;12640;60.646382030701616;12640;95.98681600390637
12650;149.95574816125981;12650;5.5543687246314883;12650;100.44251838740198;12650;807.1653992237201;12650;3.7452314828943756;12650;3.7882625812555313;12650;60.585345011749624;12650;96.157719656971949
12660;149.84588152714622;12660;5.676442762535479;12660;100.24719992675557;12660;807.04679319825664;12660;3.7440107425153357;12660;3.7916196172978909;12660;60.670796838282413;12660;96.206549272133543
12670;149.931333353679;12670;5.5665761284218869;12670;100.30823694570756;12670;807.04679319825664;12670;3.7430951872310558;12670;3.7952818384350104;12670;60.829493087557609;12670;96.279793694875934
12680;149.76042970061343;12680;5.6398205511642807;12680;100.35706656086916;12680;806.96772251461425;12680;3.7421796319467759;12680;3.7934507278664507;12680;60.841700491348007;12680;96.292001098666333
12690;149.95574816125981;12690;5.65202795495468;12690;100.41810357982118;12690;806.88865183097187;12690;3.7412640766624961;12690;3.8026062807092504;12690;60.8905301065096;12690;96.40186773277992
12700;149.90691854609821;12700;5.725272377697074;12700;100.40589617603078;12700;806.80958114732948;12700;3.7400433362834558;12700;3.79711294900357;12700;60.805078279976811;12700;96.462904751731912
12710;150.26093325601977;12710;5.8961760307626578;12710;100.47914059877317;12710;806.73051046368721;12710;3.7391277809991759;12710;3.8035218359935303;12710;60.719626453444008;12710;96.438489944151115
12720;150.09002960295419;12720;5.8717612231818608;12720;100.47914059877317;12720;806.65143978004483;12720;3.738212225714896;12720;3.7937559129612106;12720;60.707419049653609;12720;96.426282540360717
12730;149.95574816125981;12730;5.822931608020264;12730;100.50355540635397;12730;806.53283375458125;12730;3.7369914853358561;12730;3.7989440595721309;12730;60.756248664815217;12730;96.426282540360717
12740;150.0167851802118;12740;5.8595538193914614;12740;100.66225165562915;12740;806.49329841276;12740;3.7360759300515762;12740;3.7916196172978909;12740;60.756248664815217;12740;96.5239417706839
12750;149.90691854609821;12750;5.8961760307626578;12750;100.55238502151556;12750;806.453763070939;12750;3.7351603747672963;12750;3.7864314706869715;12750;60.634174626911218;12750;96.426282540360717
12760;150.0411999877926;12760;5.8473464156010628;12760;100.62562944425795;12760;806.41422772911778;12760;3.7342448194830165;12760;3.7864314706869715;12760;60.768456068605616;12760;96.426282540360717
12770;149.85808893093662;12770;5.8717612231818608;12770;100.52797021393476;12770;806.29562170365421;12770;3.7330240791039766;12770;3.7849055452131717;12770;60.829493087557609;12770;96.5239417706839
12780;149.95574816125981;12780;5.8473464156010628;12780;100.65004425183875;12780;806.29562170365421;12780;3.7321085238196967;12780;3.7879573961607713;12780;60.792870876186413;12780;96.5361491744743
12790;149.89471114230781;12790;5.9694204535050508;12790;100.65004425183875;12790;806.21655102001182;12790;3.7311929685354168;12790;3.7827692495498519;12790;60.756248664815217;12790;96.462904751731912
12800;150.053407391583;12800;6.0182500686666458;12800;100.60121463667716;12800;806.09794499454836;12800;3.729972228156377;12800;3.7931455427716907;12800;60.731833857234406;12800;96.377452925199123
12810;149.82146671956542;12810;5.8839686269722593;12810;100.52797021393476;12810;805.97933896908478;12810;3.7290566728720971;12810;3.7870418408764914;12810;60.768456068605616;12810;96.340830713827927
12820;150.053407391583;12820;5.8961760307626578;12820;100.35706656086916;12820;805.93980362726359;12820;3.7281411175878172;12820;3.7961973937192903;12820;60.768456068605616;12820;96.267586291085536
12830;150.0411999877926;12830;5.9572130497146514;12830;100.38148136844995;12830;805.8211976018;12830;3.7272255623035373;12830;3.790398876918851;12830;60.81728568376721;12830;96.292001098666333
12840;149.992370372631;12840;5.9572130497146514;12840;100.25940733054597;12840;805.78166225997893;12840;3.7260048219244974;12840;3.7913144322031309;12840;60.841700491348007;12840;96.169927060762348
12850;150.0289925840022;12850;5.8107242042298655;12850;100.41810357982118;12850;805.78166225997893;12850;3.7250892666402176;12850;3.7879573961607713;12850;60.829493087557609;12850;96.243171483504739
12860;149.9801629688406;12860;5.7863093966490675;12860;100.27161473433637;12860;805.62352089269416;12860;3.7241737113559377;12860;3.7833796197393719;12860;60.8905301065096;12860;96.304208502456731
12870;149.95574816125981;12870;5.7374797814874725;12870;100.30823694570756;12870;805.54445020905177;12870;3.7232581560716578;12870;3.7849055452131717;12870;60.9027375103;12870;96.194341868343145
12880;149.84588152714622;12880;5.822931608020264;12880;100.30823694570756;12880;805.50491486723058;12880;3.7220374156926179;12880;3.778191473128452;12880;60.9027375103;12880;96.121097445600753
12890;150.19989623706778;12890;5.7863093966490675;12890;100.38148136844995;12890;805.4653795254095;12890;3.721121860408338;12890;3.7815485091708121;12890;60.975981933042391;12890;96.108890041810355
12900;150.114444410535;12900;5.7374797814874725;12900;100.38148136844995;12900;805.30723815812473;12900;3.7202063051240577;12900;3.7757499923703723;12900;60.963774529251992;12900;96.182134464552746
12910;150.18768883327738;12910;5.700857570116276;12910;100.22278511917477;12910;805.30723815812473;12910;3.7189855647450178;12910;3.7864314706869715;12910;60.939359721671195;12910;96.133304849391152
12920;150.09002960295419;12920;5.7374797814874725;12920;100.27161473433637;12920;805.26770281630354;12920;3.718070009460738;12920;3.7769707327494122;12920;60.975981933042391;12920;96.133304849391152
12930;150.114444410535;12930;5.7863093966490675;12930;100.21057771538437;12930;805.18863213266116;12930;3.7171544541764581;12930;3.782464064455092;12930;61.049226355784782;12930;96.072267830439159
12940;149.992370372631;12940;5.725272377697074;12940;100.33265175328836;12940;805.0304907653765;12940;3.7162388988921782;12940;3.782464064455092;12940;61.073641163365579;12940;96.255378887295137
12950;149.931333353679;12950;5.8107242042298655;12950;100.41810357982118;12950;804.91188473991292;12950;3.7150181585131383;12950;3.7772759178441722;12950;61.024811548203985;12950;96.40186773277992
12960;150.0167851802118;12960;5.725272377697074;12960;100.65004425183875;12960;804.91188473991292;12960;3.7141026032288584;12960;3.7711722159489729;12960;61.049226355784782;12960;96.377452925199123
12970;149.931333353679;12970;5.8595538193914614;12970;100.72328867458114;12970;804.87234939809184;12970;3.7131870479445785;12970;3.7678151799066133;12970;61.110263374736775;12970;96.40186773277992
12980;150.114444410535;12980;5.9938352610858487;12980;100.75991088595234;12980;804.75374337262826;12980;3.7119663075655387;12980;3.7766655476546522;12980;61.098055970946376;12980;96.487319559312709
12990;149.89471114230781;12990;6.0182500686666458;12990;100.67445905941955;12990;804.71420803080707;12990;3.7110507522812588;12990;3.7668996246223334;12990;61.134678182317579;12990;96.5361491744743
13000;149.992370372631;13000;5.9572130497146514;13000;100.73549607837154;13000;804.674672688986;13000;3.7101351969969789;13000;3.7690359202856532;13000;61.159092989898376;13000;96.5849787896359
13010;149.90691854609821;13010;6.1159092989898376;13010;100.86977752006592;13010;804.59560200534361;13010;3.709219641712699;13010;3.7650685140537736;13010;61.146885586107977;13010;96.633808404797492
13020;149.95574816125981;13020;6.2013611255226291;13020;100.80874050111393;13020;804.55606666352242;13020;3.7079989013336592;13020;3.7714774010437329;13020;61.268959624011963;13020;96.658223212378289
13030;149.84588152714622;13030;6.1403241065706364;13030;100.83315530869473;13030;804.437460638059;13030;3.7070833460493793;13030;3.7638477736747338;13030;61.317789239173557;13030;96.731467635120708
13040;149.90691854609821;13040;6.152531510361035;13040;100.85757011627553;13040;804.31885461259537;13040;3.7061677907650994;13040;3.7662892544328135;13040;61.232337412640767;13040;96.7436750389111
13050;150.10223700674459;13050;6.1403241065706364;13050;101.0895107882931;13050;804.35838995441657;13050;3.7052522354808195;13050;3.7687307351908932;13050;61.171300393688774;13050;96.902371288186288
13060;150.0167851802118;13060;6.2379833368938264;13060;101.0406811731315;13060;804.2002485871318;13060;3.7040314951017796;13060;3.7659840693380535;13060;61.220130008850369;13060;96.96340830713828
13070;150.09002960295419;13070;6.1403241065706364;13070;101.13834040345469;13070;804.12117790348952;13070;3.7031159398174998;13070;3.7668996246223334;13070;61.268959624011963;13070;96.975615710928679
13080;149.84588152714622;13080;6.1891537217322306;13080;101.1017181920835;13080;804.042107219847;13080;3.70220038453322;13080;3.7598803674428543;13080;61.220130008850369;13080;96.975615710928679
13090;150.0411999877926;13090;6.2013611255226291;13090;101.12613299966429;13090;804.00257187802583;13090;3.7009796441541791;13090;3.7662892544328135;13090;61.146885586107977;13090;96.938993499557483
13100;149.992370372631;13100;6.250190740684225;13100;101.1017181920835;13100;803.96303653620464;13100;3.7000640888698992;13100;3.758354441969054;13100;61.159092989898376;13100;96.914578691976686
13110;149.992370372631;13110;6.250190740684225;13110;101.13834040345469;13110;803.84443051074106;13110;3.6991485335856193;13110;3.7614062929166541;13110;61.220130008850369;13110;96.938993499557483
13120;149.992370372631;13120;6.2379833368938264;13120;101.23599963377789;13120;803.7258244852776;13120;3.6982329783013395;13120;3.7559129612109743;13120;61.256752220221564;13120;96.975615710928679
13130;150.0411999877926;13130;6.250190740684225;13130;101.0895107882931;13130;803.52814777617164;13130;3.6970122379222996;13130;3.758049256874294;13130;61.329996642963955;13130;96.926786095767085
13140;149.91912594988861;13140;6.2135685293130276;13140;101.2237922299875;13140;803.52814777617164;13140;3.6960966826380197;13140;3.7543870357371745;13140;61.354411450544752;13140;96.975615710928679
13150;149.992370372631;13150;6.1647389141514335;13150;101.13834040345469;13150;803.52814777617164;13150;3.69518112735374;13150;3.7562181463057343;13150;61.366618854335151;13150;96.926786095767085
13160;150.21210364085817;13160;6.1037018951994382;13160;101.1871700186163;13160;803.48861243435044;13160;3.6939603869747;13160;3.7574388866847741;13160;61.342204046754354;13160;96.975615710928679
13170;149.89471114230781;13170;6.3722647785882147;13170;101.1993774224067;13170;803.370006408887;13170;3.69304483169042;13170;3.7491988891262551;13170;61.317789239173557;13170;96.914578691976686
13180;149.95574816125981;13180;6.250190740684225;13180;101.16275521103549;13180;803.29093572524459;13180;3.69212927640614;13180;3.7543870357371745;13180;61.391033661915948;13180;96.914578691976686
13190;149.85808893093662;13190;6.2257759331034261;13190;101.1017181920835;13190;803.21186504160221;13190;3.6912137211218603;13190;3.749809259315775;13190;61.354411450544752;13190;97.024445326090273
13200;149.95574816125981;13200;6.3112277596362194;13200;101.13834040345469;13200;803.172329699781;13200;3.6899929807428204;13200;3.7546922208319344;13200;61.391033661915948;13200;96.938993499557483
13210;149.69939268166144;13210;6.3112277596362194;13210;101.13834040345469;13210;802.97465299067517;13210;3.6890774254585406;13210;3.7461470381786555;13210;61.439863277077542;13210;96.8291268654439
13220;149.69939268166144;13220;6.3356425672170174;13220;101.1017181920835;13220;802.85604696521159;13220;3.6881618701742607;13220;3.7479781487472152;13220;61.452070680867941;13220;96.71926023133031
13230;149.83367412335582;13230;6.3722647785882147;13230;101.0895107882931;13230;802.89558230703278;13230;3.6872463148899808;13230;3.7446211127048556;13230;61.427655873287144;13230;96.7436750389111
13240;149.83367412335582;13240;6.3356425672170174;13240;100.96743675038911;13240;802.85604696521159;13240;3.6860255745109409;13240;3.7470625934629354;13240;61.439863277077542;13240;96.8047120578631
13250;149.89471114230781;13250;6.2257759331034261;13250;101.13834040345469;13250;802.77697628156932;13250;3.685110019226661;13250;3.7467574083681754;13250;61.464278084658339;13250;96.8535416730247
13260;149.82146671956542;13260;6.2868129520554223;13260;101.0895107882931;13260;802.65837025610585;13260;3.6841944639423811;13260;3.7403485213782162;13260;61.452070680867941;13260;96.7925046540727
13270;149.992370372631;13270;6.1403241065706364;13270;101.1017181920835;13270;802.53976423064228;13270;3.6829737235633413;13270;3.7449262977996156;13270;61.537522507400745;13270;96.8413342692343
13280;149.89471114230781;13280;6.2868129520554223;13280;101.0895107882931;13280;802.42115820517881;13280;3.6820581682790614;13280;3.7406537064729761;13280;61.598559526352737;13280;96.914578691976686
13290;149.95574816125981;13290;6.3234351634266188;13290;101.0528885769219;13290;802.38162286335762;13290;3.6811426129947811;13290;3.7449262977996156;13290;61.549729911191143;13290;96.902371288186288
13300;149.73601489303263;13300;6.42109439374981;13300;101.0650959807123;13300;802.34208752153643;13300;3.6802270577105012;13300;3.737601855525376;13300;61.57414471877194;13300;96.914578691976686
13310;149.91912594988861;13310;6.4821314127018042;13310;101.1871700186163;13310;802.22348149607285;13310;3.6790063173314613;13310;3.7412640766624961;13310;61.684011352885527;13310;96.926786095767085
13320;149.88250373851741;13320;6.3600573747978144;13320;101.1871700186163;13320;802.10487547060939;13320;3.6780907620471814;13320;3.7342448194830165;13320;61.769463179418317;13320;97.04886013367107
13330;149.83367412335582;13330;6.3600573747978144;13330;101.2115848261971;13330;802.06534012878819;13330;3.6771752067629015;13330;3.7336344492934965;13330;61.74504837183752;13330;97.08548234504228
13340;149.88250373851741;13340;6.4577166051210053;13340;101.49235511337626;13340;801.98626944514581;13340;3.6762596514786217;13340;3.7330240791039766;13340;61.696218756675925;13340;97.146519363994273
13350;149.83367412335582;13350;6.5431684316537977;13350;101.43131809442427;13350;801.82812807786115;13350;3.6750389110995818;13350;3.7321085238196967;13350;61.65959654530473;13350;97.158726767784671
13360;149.89471114230781;13360;6.3356425672170174;13360;101.45573290200507;13360;801.78859273604;13360;3.6741233558153019;13360;3.7360759300515762;13360;61.671803949095128;13360;97.256385998107859
13370;149.79705191198462;13370;6.5553758354441962;13370;101.33365886410108;13370;801.70952205239757;13370;3.673207800531022;13370;3.7311929685354168;13370;61.708426160466324;13370;97.256385998107859
13380;149.90691854609821;13380;6.6408276619769886;13380;101.41911069063387;13380;801.63045136875519;13380;3.6719870601519822;13380;3.7366863002410962;13380;61.769463179418317;13380;97.244178594317461
13390;149.80925931577502;13390;6.677449873348186;13390;101.45573290200507;13390;801.590916026934;13390;3.6710715048677023;13390;3.7308877834406569;13390;61.769463179418317;13390;97.195348979155867
13400;150.0167851802118;13400;6.5553758354441962;13400;101.41911069063387;13400;801.51184534329161;13400;3.6701559495834224;13400;3.7345500045777764;13400;61.769463179418317;13400;97.195348979155867
13410;149.82146671956542;13410;6.5065462202826012;13410;101.34586626789148;13410;801.39323931782815;13410;3.6692403942991425;13410;3.7290566728720971;13410;61.720633564256723;13410;97.280800805688656
13420;149.85808893093662;13420;6.6164128543961915;13420;101.40690328684347;13420;801.23509795054338;13420;3.6680196539201027;13420;3.729667043061617;13420;61.671803949095128;13420;97.293008209479055
13430;149.9801629688406;13430;6.5553758354441962;13430;101.62663655507065;13430;801.19556260872218;13430;3.6671040986358228;13430;3.7266151921140174;13430;61.671803949095128;13430;97.378460036011845
13440;149.931333353679;13440;6.5553758354441962;13440;101.73650318918423;13440;801.07695658325872;13440;3.6661885433515429;13440;3.7269203772087773;13440;61.74504837183752;13440;97.280800805688656
13450;150.0167851802118;13450;6.5065462202826012;13450;101.82195501571702;13450;800.99788589961634;13450;3.664967802972503;13450;3.729667043061617;13450;61.793877986999114;13450;97.439497054963837
13460;150.0167851802118;13460;6.73848689230018;13460;101.67546617023224;13460;800.83974453233168;13460;3.6640522476882231;13460;3.7238685262611777;13460;61.684011352885527;13460;97.476119266335033
13470;149.992370372631;13470;6.62862025818659;13470;101.78533280434583;13470;800.83974453233168;13470;3.6631366924039432;13470;3.7266151921140174;13470;61.622974333933534;13470;97.390667439802243
13480;149.73601489303263;13480;6.6652424695577874;13480;101.72429578539383;13480;800.80020919051049;13480;3.6622211371196634;13480;3.7226477858821378;13480;61.635181737723933;13480;97.390667439802243
13490;149.88250373851741;13490;6.7140720847193833;13490;101.69988097781304;13490;800.7211385068681;13490;3.6610003967406231;13490;3.7272255623035373;13490;61.781670583208715;13490;97.354045228431048
13500;149.74822229682303;13500;6.677449873348186;13500;101.68767357402264;13500;800.56299713958333;13500;3.6600848414563432;13500;3.7192907498397778;13500;61.781670583208715;13500;97.41508224738304
13510;149.84588152714622;13510;6.6408276619769886;13510;101.57780693990905;13510;800.40485577229867;13510;3.6591692861720633;13510;3.7186803796502579;13510;61.757255775627918;13510;97.366252632221446
13520;149.82146671956542;13520;6.5797906430249951;13520;101.68767357402264;13520;800.32578508865629;13520;3.6582537308877834;13520;3.7153233436078983;13520;61.793877986999114;13520;97.354045228431048
13530;149.931333353679;13530;6.7140720847193833;13530;101.67546617023224;13530;800.2467144050139;13530;3.6570329905087435;13530;3.7171544541764581;13530;61.830500198370309;13530;97.293008209479055
13540;150.0411999877926;13540;6.4943388164922027;13540;101.71208838160344;13540;800.2467144050139;13540;3.6561174352244636;13540;3.7171544541764581;13540;61.806085390789512;13540;97.293008209479055
13550;149.89471114230781;13550;6.7140720847193833;13550;101.71208838160344;13550;800.049037695908;13550;3.6552018799401838;13550;3.7131870479445785;13550;61.8915372173223;13550;97.378460036011845
13560;149.91912594988861;13560;6.5553758354441962;13560;101.80974761192662;13560;799.96996701226578;13560;3.6539811395611439;13560;3.7156285287026583;13560;61.9769890438551;13560;97.439497054963837
13570;149.71160008545183;13570;6.6408276619769886;13570;101.63884395886105;13570;799.96996701226578;13570;3.653065584276864;13570;3.7089144566179391;13570;61.8915372173223;13570;97.41508224738304
13580;149.83367412335582;13580;6.677449873348186;13580;101.65105136265144;13580;799.8908963286234;13580;3.6521500289925841;13580;3.7128818628498186;13580;61.854915005951106;13580;97.341837824640649
13590;149.76042970061343;13590;6.5675832392345965;13590;101.67546617023224;13590;799.81182564498113;13590;3.6512344737083042;13590;3.7055574205755795;13590;61.8915372173223;13590;97.451704458754236
13600;149.931333353679;13600;6.5675832392345965;13600;101.57780693990905;13600;799.65368427769636;13600;3.6500137333292644;13600;3.7086092715231791;13600;61.9403668324839;13600;97.390667439802243
13610;149.91912594988861;13610;6.4943388164922027;13610;101.67546617023224;13610;799.53507825223289;13610;3.6490981780449845;13610;3.7043366801965396;13610;61.9525742362743;13610;97.329630420850251
13620;149.82146671956542;13620;6.6164128543961915;13620;101.65105136265144;13620;799.45600756859051;13620;3.6481826227607046;13620;3.7043366801965396;13620;62.013611255226294;13620;97.378460036011845
13630;149.74822229682303;13630;6.4821314127018042;13630;101.76091799676503;13630;799.45600756859051;13630;3.6469618823816647;13630;3.7034211249122597;13630;62.013611255226294;13630;97.378460036011845
13640;149.69939268166144;13640;6.5797906430249951;13640;101.68767357402264;13640;799.37693688494812;13640;3.6460463270973849;13640;3.7043366801965396;13640;62.062440870387888;13640;97.341837824640649
13650;149.83367412335582;13650;6.3844721823786132;13650;101.79754020813623;13650;799.29786620130574;13650;3.645130771813105;13650;3.7052522354808195;13650;62.172307504501475;13650;97.561571092867823
13660;149.76042970061343;13660;6.4943388164922027;13660;101.73650318918423;13660;799.13972483402108;13660;3.6442152165288251;13660;3.6960966826380197;13660;62.111270485549483;13660;97.610400708029417
13670;149.77263710440383;13670;6.4577166051210053;13670;101.77312540055543;13670;799.13972483402108;13670;3.6429944761497852;13670;3.6994537186803793;13670;62.099063081759084;13670;97.561571092867823
13680;149.62614825891905;13680;6.5431684316537977;13680;101.85857722708822;13680;798.9815834667362;13680;3.6420789208655044;13680;3.69487594225898;13680;62.062440870387888;13680;97.7446821497238
13690;149.72380748924223;13690;6.5919980468153936;13690;101.99285866878263;13690;798.86297744127262;13690;3.6411633655812246;13690;3.6988433484908594;13690;62.099063081759084;13690;97.781304361095
13700;149.56511123996702;13700;6.5309610278633992;13700;102.02948088015383;13700;798.82344209945154;13700;3.6402478102969447;13700;3.69304483169042;13700;62.221137119663069;13700;97.781304361095
13710;149.71160008545183;13710;6.5065462202826012;13710;101.96844386120183;13710;798.704836073988;13710;3.6390270699179048;13710;3.69304483169042;13710;62.221137119663069;13710;97.7690969573046
13720;149.65056306649984;13720;6.42109439374981;13720;102.06610309152502;13720;798.66530073216677;13720;3.6381115146336249;13720;3.6887722403637806;13720;62.257759331034265;13720;97.8789635914182
13730;149.67497787408064;13730;6.677449873348186;13730;102.00506607257303;13730;798.54669470670319;13730;3.637195959349345;13730;3.6906033509323404;13730;62.404248176519062;13730;97.903378398999
13740;149.72380748924223;13740;6.4699240089114056;13740;102.15155491805781;13740;798.507159364882;13740;3.6359752189703052;13740;3.69304483169042;13740;62.379833368938264;13740;97.9155858027894
13750;149.66277047029024;13750;6.5675832392345965;13750;102.249214148381;13750;798.38855333941854;13750;3.6350596636860253;13750;3.6869411297952208;13750;62.355418561357467;13750;97.8667561876278
13760;149.79705191198462;13760;6.5675832392345965;13760;102.38349559007538;13760;798.30948265577615;13760;3.6341441084017454;13760;3.6884670552690206;13760;62.355418561357467;13760;97.9155858027894
13770;149.65056306649984;13770;6.62862025818659;13770;102.35908078249459;13770;798.15134128849149;13770;3.6332285531174655;13770;3.6823633533738214;13770;62.318796349986272;13770;98.013245033112582
13780;149.84588152714622;13780;6.4943388164922027;13780;102.31025116733299;13780;798.07227060484911;13780;3.6320078127384257;13780;3.685110019226661;13780;62.41645558030946;13780;98.049867244483778
13790;149.73601489303263;13790;6.4821314127018042;13790;102.39570299386578;13790;797.91412923756445;13790;3.6310922574541458;13790;3.6793115024262213;13790;62.367625965147866;13790;98.159733878597365
13800;149.72380748924223;13800;6.5797906430249951;13800;102.45674001281778;13800;797.87459389574326;13800;3.6301767021698659;13800;3.6832789086581013;13800;62.404248176519062;13800;98.123111667226169
13810;149.63835566270944;13810;6.4943388164922027;13810;102.49336222418897;13810;797.87459389574326;13810;3.629261146885586;13810;3.6787011322367014;13810;62.392040772728663;13810;98.123111667226169
13820;149.65056306649984;13820;6.6408276619769886;13820;102.45674001281778;13820;797.795523212101;13820;3.6280404065065461;13820;3.6771752067629015;13820;62.294381542405461;13820;98.171941282387763
13830;149.73601489303263;13830;6.5065462202826012;13830;102.56660664693136;13830;797.7559878702798;13830;3.6271248512222662;13830;3.6783959471419414;13830;62.465285195471054;13830;98.232978301339756
13840;149.76042970061343;13840;6.677449873348186;13840;102.51777703176977;13840;797.597846502995;13840;3.6262092959379864;13840;3.6783959471419414;13840;62.477492599261453;13840;98.098696859645372
13850;149.74822229682303;13850;6.5797906430249951;13850;102.57881405072176;13850;797.51877581935275;13850;3.6249885555589465;13850;3.6796166875209813;13850;62.343211157567069;13850;98.147526474806966
13860;149.66277047029024;13860;6.6164128543961915;13860;102.57881405072176;13860;797.32109911024679;13860;3.6240730002746666;13860;3.6719870601519822;13860;62.294381542405461;13860;98.232978301339756
13870;149.79705191198462;13870;6.62862025818659;13870;102.54219183935056;13870;797.16295774296213;13870;3.6231574449903867;13870;3.6750389110995818;13870;62.367625965147866;13870;98.147526474806966
13880;149.71160008545183;13880;6.5431684316537977;13880;102.54219183935056;13880;797.12342240114094;13880;3.6222418897061064;13880;3.6692403942991425;13880;62.453077791680656;13880;98.135319071016568
13890;149.85808893093662;13890;6.4455092013306068;13890;102.49336222418897;13890;797.04435171749856;13890;3.6210211493270665;13890;3.6741233558153019;13890;62.465285195471054;13890;98.062074648274177
13900;149.82146671956542;13900;6.4577166051210053;13900;102.50556962797937;13900;796.96528103385617;13900;3.6201055940427866;13900;3.6686300241096226;13900;62.440870387890257;13900;97.988830225531785
13910;149.94354075746941;13910;6.5553758354441962;13910;102.54219183935056;13910;796.84667500839271;13910;3.6191900387585068;13910;3.6677144688253427;13910;62.367625965147866;13910;97.988830225531785
13920;149.83367412335582;13920;6.3722647785882147;13920;102.51777703176977;13920;796.72806898292913;13920;3.6179692983794669;13920;3.6674092837305827;13920;62.367625965147866;13920;98.074282052064575
13930;149.66277047029024;13930;6.4455092013306068;13930;102.40791039765618;13930;796.64899829928675;13930;3.617053743095187;13930;3.6664937284463028;13930;62.404248176519062;13930;98.135319071016568
13940;149.79705191198462;13940;6.40888698995941;13940;102.50556962797937;13940;796.60946295746555;13940;3.6161381878109071;13940;3.6680196539201027;13940;62.489700003051851;13940;98.245185705130183
13950;149.77263710440383;13950;6.42109439374981;13950;102.51777703176977;13950;796.4513215901809;13950;3.6152226325266272;13950;3.6640522476882231;13950;62.50190740684225;13950;98.135319071016568
13960;149.80925931577502;13960;6.40888698995941;13960;102.57881405072176;13960;796.33271556471732;13960;3.6140018921475874;13960;3.6658833582567829;13960;62.550737022003844;13960;98.098696859645372
13970;149.61394085512865;13970;6.4821314127018042;13970;102.45674001281778;13970;796.17457419743266;13970;3.6130863368633075;13970;3.6594744712668232;13970;62.623981444746235;13970;98.171941282387763
13980;149.74822229682303;13980;6.3966795861690118;13980;102.42011780144658;13980;796.17457419743266;13980;3.6121707815790276;13980;3.6628315073091833;13980;62.623981444746235;13980;98.159733878597365
13990;149.67497787408064;13990;6.2868129520554223;13990;102.48115482039857;13990;796.01643283014789;13990;3.6112552262947477;13990;3.6552018799401838;13990;62.636188848536634;13990;98.147526474806966
14000;149.79705191198462;14000;6.3600573747978144;14000;102.40791039765618;14000;795.93736214650551;14000;3.6100344859157079;14000;3.6564226203192236;14000;62.672811059907829;14000;98.037659840693379
14010;149.74822229682303;14010;6.42109439374981;14010;102.59102145451216;14010;795.85829146286324;14010;3.609118930631428;14010;3.6548966948454238;14010;62.721640675069438;14010;98.19635608996856
14020;149.82146671956542;14020;6.4821314127018042;14020;102.71309549241614;14020;795.73968543739966;14020;3.6082033753471481;14020;3.6561174352244636;14020;62.709433271279039;14020;98.306222724082176
14030;149.992370372631;14030;6.3600573747978144;14030;102.78633991515855;14030;795.70015009557846;14030;3.6069826349681082;14030;3.6567278054139836;14030;62.746055482650235;14030;98.26960051271098
14040;149.90691854609821;14040;6.3234351634266188;14040;102.71309549241614;14040;795.54200872829381;14040;3.6060670796838283;14040;3.6512344737083042;14040;62.794885097811829;14040;98.220770897549357
14050;149.89471114230781;14050;6.250190740684225;14050;102.85958433790094;14050;795.42340270283023;14050;3.6051515243995484;14050;3.6542863246559039;14050;62.843714712973423;14050;98.440504165776559
14060;149.67497787408064;14060;6.3844721823786132;14060;102.90841395306254;14060;795.22572599372438;14060;3.6042359691152686;14060;3.6490981780449845;14060;62.843714712973423;14060;98.513748588518951
14070;149.74822229682303;14070;6.3112277596362194;14070;102.95724356822413;14070;795.14665531008211;14070;3.6030152287362283;14070;3.6515396588030642;14070;62.86812952055422;14070;98.440504165776559
14080;149.60173345133822;14080;6.3356425672170174;14080;102.99386577959532;14080;795.10711996826092;14080;3.6020996734519484;14080;3.6457411420026249;14080;62.843714712973423;14080;98.452711569566958
14090;149.71160008545183;14090;6.40888698995941;14090;103.03048799096652;14090;795.06758462643973;14090;3.6011841181676685;14090;3.6497085482345044;14090;62.904751731925415;14090;98.440504165776559
14100;149.73601489303263;14100;6.42109439374981;14100;103.04269539475692;14100;794.90944325915507;14100;3.5999633777886286;14100;3.6442152165288251;14100;62.831507309183024;14100;98.574785607470943
14110;149.79705191198462;14110;6.4699240089114056;14110;102.94503616443373;14110;794.79083723369149;14110;3.5990478225043487;14110;3.6423841059602644;14110;62.95358134708701;14110;98.574785607470943
14120;149.71160008545183;14120;6.3966795861690118;14120;103.2258064516129;14120;794.7513018918703;14120;3.5981322672200688;14120;3.6426892910550253;14120;62.965788750877408;14120;98.68465224158453
14130;149.65056306649984;14130;6.5553758354441962;14130;103.29905087435529;14130;794.59316052458553;14130;3.597216711935789;14130;3.6439100314340651;14130;62.990203558458205;14130;98.77010406811732
14140;149.84588152714622;14140;6.5065462202826012;14140;103.29905087435529;14140;794.47455449912206;14140;3.5959959715567491;14140;3.6442152165288251;14140;63.17331461531419;14140;98.855555894650109
14150;149.69939268166144;14150;6.5431684316537977;14150;103.27463606677449;14150;794.31641313183729;14150;3.5950804162724692;14150;3.6365855891598251;14150;63.0390331736198;14150;98.818933683278914
14160;149.66277047029024;14160;6.4943388164922027;14160;103.28684347056489;14160;794.31641313183729;14160;3.5941648609881893;14160;3.6417737357707445;14160;62.977996154667807;14160;98.794518875698117
14170;149.49186681722463;14170;6.5675832392345965;14170;103.26242866298409;14170;794.31641313183729;14170;3.5932493057039094;14170;3.6368907742545851;14170;63.075655384990995;14170;98.8799707022309
14180;149.71160008545183;14180;6.5675832392345965;14180;103.25022125919369;14180;794.19780710637383;14180;3.5920285653248696;14180;3.6393322550126648;14180;63.148899807733393;14180;98.9776299325541
14190;149.63835566270944;14190;6.5431684316537977;14190;103.26242866298409;14190;794.03966573908906;14190;3.5911130100405897;14190;3.6335337382122255;14190;63.0878627887814;14190;98.9288003173925
14200;149.52848902859583;14200;6.5553758354441962;14200;103.2380138554033;14200;793.96059505544656;14200;3.59019745475631;14200;3.637806329538865;14200;62.977996154667807;14200;98.782311471907718
14210;149.52848902859583;14210;6.4821314127018042;14210;103.43333231604967;14210;793.88152437180418;14210;3.58897671437727;14210;3.6356700338755452;14210;62.977996154667807;14210;98.9532151249733
14220;149.66277047029024;14220;6.4943388164922027;14220;103.37229529709768;14220;793.8024536881619;14220;3.58806115909299;14220;3.6307870723593858;14220;63.1000701925718;14220;98.867763298440508
14230;149.73601489303263;14230;6.5309610278633992;14230;103.46995452742087;14230;793.72338300451952;14230;3.58714560380871;14230;3.6320078127384257;14230;63.136692403942995;14230;98.855555894650109
14240;149.66277047029024;14240;6.62862025818659;14240;103.46995452742087;14240;793.60477697905594;14240;3.5862300485244303;14240;3.628955961790826;14240;63.0390331736198;14240;98.8921781060213
14250;149.69939268166144;14250;6.4699240089114056;14250;103.38450270088808;14250;793.56524163723475;14250;3.5850093081453904;14250;3.6307870723593858;14250;63.136692403942995;14250;98.794518875698117
14260;149.56511123996702;14260;6.4943388164922027;14260;103.33567308572648;14260;793.44663561177128;14260;3.5840937528611105;14260;3.6255989257484664;14260;63.25876644184698;14260;98.9043855098117
14270;149.67497787408064;14270;6.5309610278633992;14270;103.29905087435529;14270;793.28849424448663;14270;3.58317819757683;14270;3.6310922574541458;14270;63.307596057008574;14270;98.9532151249733
14280;149.47965941343423;14280;6.5675832392345965;14280;103.33567308572648;14280;793.130352877202;14280;3.5819574571977904;14280;3.6252937406537065;14280;63.209936826685386;14280;98.855555894650109
14290;149.66277047029024;14290;6.6164128543961915;14290;103.32346568193609;14290;793.05128219355959;14290;3.5810419019135105;14290;3.6274300363170262;14290;63.124485000152596;14290;98.733481856746124
14300;149.74822229682303;14300;6.5065462202826012;14300;103.42112491225927;14300;792.9722115099172;14300;3.5801263466292306;14300;3.6237678151799066;14300;63.209936826685386;14300;98.818933683278914
14310;149.54069643238623;14310;6.6652424695577874;14310;103.36008789330728;14310;792.89314082627482;14310;3.5792107913449507;14310;3.6252937406537065;14310;63.270973845637378;14310;98.8921781060213
14320;149.56511123996702;14320;6.62862025818659;14320;103.37229529709768;14320;792.89314082627482;14320;3.5779900509659108;14320;3.6259041108432264;14320;63.319803460798973;14320;98.9776299325541
14330;149.72380748924223;14330;6.5919980468153936;14330;103.2380138554033;14330;792.73499945899016;14330;3.5770744956816309;14330;3.6222418897061064;14330;63.270973845637378;14330;98.9776299325541
14340;149.72380748924223;14340;6.5553758354441962;14340;103.33567308572648;14340;792.695464117169;14340;3.576158940397351;14340;3.6252937406537065;14340;63.307596057008574;14340;98.9654225287637
14350;149.57731864375742;14350;6.5309610278633992;14350;103.34788048951688;14350;792.57685809170539;14350;3.5752433851130712;14350;3.6204107791375466;14350;63.332010864589371;14350;98.9776299325541
14360;149.69939268166144;14360;6.5919980468153936;14360;103.34788048951688;14360;792.41871672442073;14360;3.5740226447340313;14360;3.6219367046113464;14360;63.332010864589371;14360;98.9654225287637
14370;149.52848902859583;14370;6.6652424695577874;14370;103.43333231604967;14370;792.260575357136;14370;3.5731070894497514;14370;3.6158330027161472;14370;63.368633075960567;14370;98.9776299325541
14380;149.74822229682303;14380;6.6530350657673871;14380;103.42112491225927;14380;792.22104001531488;14380;3.5721915341654715;14380;3.6198004089480267;14380;63.405255287331762;14380;99.038666951506087
14390;149.71160008545183;14390;6.701864680928983;14390;103.46995452742087;14390;792.1419693316725;14390;3.5709707937864317;14390;3.6136967070528274;14390;63.393047883541364;14390;99.038666951506087
14400;149.83367412335582;14400;6.6652424695577874;14400;103.43333231604967;14400;791.98382796438773;14400;3.5700552385021518;14400;3.6146122623371073;14400;63.295388653218176;14400;99.002044740134892
14410;149.79705191198462;14410;6.6164128543961915;14410;103.53099154637289;14410;791.98382796438773;14410;3.5691396832178719;14410;3.6158330027161472;14410;63.417462691122161;14410;99.075289162877283
14420;149.63835566270944;14420;6.7262794885097819;14420;103.55540635395369;14420;791.82568659710307;14420;3.568224127933592;14420;3.6140018921475874;14420;63.527329325235762;14420;99.002044740134892
14430;149.80925931577502;14430;6.677449873348186;14430;103.65306558427687;14430;791.70708057163949;14430;3.5670033875545522;14430;3.6152226325266272;14430;63.515121921445363;14430;99.136326181829276
14440;149.62614825891905;14440;6.7629016998809783;14440;103.65306558427687;14440;791.58847454617592;14440;3.5660878322702723;14440;3.6103396710104678;14440;63.53953672902616;14440;99.233985412152464
14450;149.61394085512865;14450;6.7629016998809783;14450;103.84838404492325;14450;791.39079783707007;14450;3.5651722769859924;14450;3.6124759666737876;14450;63.527329325235762;14450;99.258400219733261
14460;149.56511123996702;14460;6.7629016998809783;14460;103.87279885250405;14460;791.35126249524887;14460;3.564256721701712;14460;3.6075930051576282;14460;63.588366344187754;14460;99.319437238685254
14470;149.77263710440383;14470;6.7995239112521739;14470;103.76293221839046;14470;791.27219181160649;14470;3.5630359813226722;14470;3.6121707815790276;14470;63.686025574510943;14470;99.404889065218043
14480;149.74822229682303;14480;6.7629016998809783;14480;103.86059144871365;14480;791.07451510250064;14480;3.5621204260383923;14480;3.6057618945890684;14480;63.686025574510943;14480;99.453718680379637
14490;149.82146671956542;14490;6.7995239112521739;14490;103.89721366008484;14490;790.99544441885826;14490;3.5612048707541124;14490;3.6069826349681082;14490;63.600573747978153;14490;99.356059450056449
14500;149.74822229682303;14500;6.7262794885097819;14500;104.00708029419843;14500;790.95590907703706;14500;3.5599841303750726;14500;3.6030152287362283;14500;63.612781151768552;14500;99.404889065218043
14510;149.65056306649984;14510;6.7262794885097819;14510;103.93383587145604;14510;790.79776770975241;14510;3.5590685750907927;14510;3.6020996734519484;14510;63.661610766930146;14510;99.42930387279884
14520;149.73601489303263;14520;6.73848689230018;14520;104.01928769798883;14520;790.67916168428894;14520;3.5581530198065128;14520;3.6030152287362283;14520;63.698232978301341;14520;99.526963103122029
14530;149.63835566270944;14530;6.7873165074617754;14530;104.01928769798883;14530;790.52102031700429;14530;3.5572374645222329;14530;3.6005737479781486;14530;63.673818170720544;14530;99.588000122074021
14540;149.72380748924223;14540;6.7262794885097819;14540;104.05590990936003;14540;790.4419496333619;14540;3.556016724143193;14540;3.6027100436414683;14540;63.600573747978153;14540;99.624622333445217
14550;149.62614825891905;14550;6.7629016998809783;14550;104.09253212073122;14550;790.32334360789832;14550;3.5551011688589131;14550;3.5963011566515091;14550;63.673818170720544;14550;99.710074159978
14560;149.71160008545183;14560;6.7873165074617754;14560;104.11694692831202;14560;790.16520224061367;14560;3.5541856135746333;14560;3.6002685628833886;14560;63.686025574510943;14560;99.7222815637684
14570;149.51628162480543;14570;6.8727683339945678;14570;104.2512283700064;14570;790.08613155697128;14570;3.5529648731955934;14570;3.5944700460829493;14570;63.673818170720544;14570;99.673451948606811
14580;149.57731864375742;14580;6.9704275643177587;14580;104.2268135624256;14580;790.0070608733289;14580;3.5520493179113135;14580;3.5987426374095888;14580;63.686025574510943;14580;99.60020752586442
14590;149.60173345133822;14590;6.8239387188329728;14590;104.19019135105441;14590;789.88845484786543;14590;3.5511337626270336;14590;3.5956907864619891;14590;63.783684804834131;14590;99.697866756187608
14600;149.67497787408064;14600;6.8239387188329728;14600;104.19019135105441;14600;789.809384164223;14600;3.5502182073427537;14600;3.5950804162724692;14600;63.795892208624529;14600;99.77111117893
14610;149.72380748924223;14610;6.7873165074617754;14610;104.2878505813776;14610;789.69077813875947;14610;3.5489974669637139;14610;3.5932493057039094;14610;63.771477401043732;14610;99.880977813043614
14620;149.61394085512865;14620;6.7873165074617754;14620;104.19019135105441;14620;789.53263677147481;14620;3.548081911679434;14620;3.5920285653248696;14620;63.795892208624529;14620;99.83214819788202
14630;149.69939268166144;14630;6.84835352641377;14630;104.31226538895841;14630;789.49310142965362;14630;3.5471663563951541;14630;3.5935544907986694;14630;63.820307016205327;14630;99.697866756187608
14640;149.57731864375742;14640;6.9826349681081572;14640;104.2268135624256;14640;789.33496006236885;14640;3.5462508011108742;14640;3.58684041871395;14640;63.832514419995725;14640;99.7466963713492
14650;149.71160008545183;14650;6.9338053529465622;14650;104.15356913968321;14650;789.17681869508419;14650;3.5450300607318344;14650;3.5905026398510698;14650;63.917966246528522;14650;99.697866756187608
14660;149.51628162480543;14660;6.84835352641377;14660;104.19019135105441;14660;789.09774801144181;14660;3.5441145054475536;14660;3.5850093081453904;14660;63.942381054109319;14660;99.685659352397209
14670;149.66277047029024;14670;6.9093905453657651;14670;104.15356913968321;14670;789.01867732779942;14670;3.5431989501632737;14670;3.58836634418775;14670;63.991210669270913;14670;99.7466963713492
14680;149.56511123996702;14680;6.9338053529465622;14680;104.19019135105441;14680;788.93960664415715;14680;3.5419782097842338;14680;3.58317819757683;14680;63.942381054109319;14680;99.7222815637684
14690;149.65056306649984;14690;7.007049775688956;14690;104.15356913968321;14690;788.70239459322988;14690;3.5410626544999539;14690;3.58836634418775;14690;63.917966246528522;14690;99.7222815637684
14700;149.62614825891905;14700;6.9215979491561637;14700;104.16577654347361;14700;788.6233239095875;14700;3.5401470992156741;14700;3.58684041871395;14700;63.954588457899717;14700;99.7589037751396
14710;149.63835566270944;14710;6.9093905453657651;14710;104.21460615863521;14710;788.54425322594511;14710;3.5392315439313942;14710;3.5825678273873103;14710;63.954588457899717;14710;99.624622333445217
14720;149.61394085512865;14720;6.9338053529465622;14720;104.3977172154912;14720;788.42564720048165;14720;3.5380108035523543;14720;3.5840937528611105;14720;64.0522476882229;14720;99.7833185827204
14730;149.54069643238623;14730;7.007049775688956;14730;104.33668019653921;14730;788.34657651683926;14730;3.5370952482680744;14730;3.5798211615344706;14730;64.0888698995941;14730;99.929807428205208
14740;149.71160008545183;14740;6.9704275643177587;14740;104.32447279274881;14740;788.26750583319688;14740;3.5361796929837945;14740;3.5813470870082704;14740;64.1010773033845;14740;99.856563005462817
14750;149.47965941343423;14750;6.95822016052736;14750;104.3488876003296;14750;788.10936446591222;14750;3.5349589526047547;14750;3.5755485702078311;14750;64.0766624958037;14750;99.893185216834013
14760;149.60173345133822;14760;7.0925016022217475;14760;104.43433942686239;14760;787.99075844044864;14760;3.5340433973204748;14760;3.5801263466292306;14760;64.1254921109653;14760;99.868770409253216
14770;149.51628162480543;14770;7.0680867946409505;14770;104.44654683065279;14770;787.7930817313428;14770;3.5331278420361949;14770;3.5737174596392713;14770;64.18652912991729;14770;99.893185216834013
14780;149.62614825891905;14780;6.9826349681081572;14780;104.3977172154912;14780;787.7535463895216;14780;3.532212286751915;14780;3.5773796807763909;14780;64.18652912991729;14780;99.9908444471572
14790;149.65056306649984;14790;7.0436719870601516;14790;104.43433942686239;14790;787.71401104770041;14790;3.5309915463728752;14790;3.5734122745445114;14790;64.174321726126891;14790;100.0274666585284
14800;149.66277047029024;14800;7.1413312173833425;14800;104.50758384960479;14800;787.51633433859456;14800;3.5300759910885953;14800;3.5712759788811916;14800;64.1132847071749;14800;100.015259254738
14810;149.62614825891905;14810;7.0680867946409505;14810;104.62965788750877;14810;787.51633433859456;14810;3.5291604358043154;14810;3.5721915341654715;14810;64.18652912991729;14810;100.10071108127079
14820;149.52848902859583;14820;7.007049775688956;14820;104.59303567613757;14820;787.43726365495218;14820;3.5282448805200355;14820;3.5712759788811916;14820;64.357432782982883;14820;100.06408886989959
14830;149.62614825891905;14830;6.9215979491561637;14830;104.77614673299355;14830;787.3186576294886;14830;3.5270241401409956;14830;3.5728019043549915;14830;64.46729941709647;14830;100.13733329264198
14840;149.45524460585344;14840;6.95822016052736;14840;104.81276894436475;14840;787.16051626220394;14840;3.5261085848567157;14840;3.564256721701712;14840;64.38184759056368;14840;100.18616290780358
14850;149.57731864375742;14850;7.0558793908505519;14850;104.73952452162236;14850;787.08144557856156;14850;3.5251930295724354;14850;3.567918942838832;14850;64.357432782982883;14850;100.30823694570756
14860;149.52848902859583;14860;7.1413312173833425;14860;104.77614673299355;14860;786.88376886945559;14860;3.5239722891933956;14860;3.5636463515121921;14860;64.406262398144477;14860;100.29602954191716
14870;149.63835566270944;14870;7.17795342875454;14870;104.82497634815515;14870;786.72562750217094;14870;3.5230567339091157;14870;3.5676137577440721;14870;64.394054994354079;14870;100.19837031159398
14880;149.43082979827264;14880;7.17795342875454;14880;104.82497634815515;14880;786.60702147670747;14880;3.5221411786248358;14880;3.5618152409436323;14880;64.442884609515673;14880;100.38148136844995
14890;149.56511123996702;14890;7.129123813592944;14890;104.88601336710714;14890;786.56748613488628;14890;3.5212256233405559;14890;3.5636463515121921;14890;64.46729941709647;14890;100.49134800256357
14900;149.73601489303263;14900;7.1657460249641414;14900;104.97146519363993;14900;786.52795079306509;14900;3.520004882961516;14900;3.5633411664174321;14900;64.491714224677267;14900;100.52797021393476
14910;149.62614825891905;14910;7.3610644856105232;14910;104.91042817468794;14910;786.36980942578043;14910;3.5190893276772361;14910;3.5602893154698325;14910;64.516129032258064;14910;100.50355540635397
14920;149.54069643238623;14920;7.3244422742393258;14920;105.00808740501112;14920;786.25120340031685;14920;3.5181737723929563;14920;3.5618152409436323;14920;64.516129032258064;14920;100.51576281014437
14930;149.38200018311105;14930;7.2267830439161349;14930;104.92263557847834;14930;786.053526691211;14930;3.5172582171086764;14930;3.5572374645222329;14930;64.516129032258064;14930;100.46693319498277
14940;149.62614825891905;14940;7.1901608325449384;14940;105.08133182775354;14940;785.97445600756862;14940;3.5160374767296365;14940;3.5587633899960327;14940;64.540543839838861;14940;100.40589617603078
14950;149.44303720206304;14950;7.2634052552873323;14950;105.16678365428633;14950;785.93492066574743;14950;3.5151219214453566;14950;3.5523545030060735;14950;64.613788262581252;14950;100.57679982909636
14960;149.47965941343423;14960;7.3610644856105232;14960;105.10574663533434;14960;785.77677929846277;14960;3.5142063661610767;14960;3.5578478347117528;14960;64.687032685323658;14960;100.73549607837154
14970;149.46745200964384;14970;7.3366496780297243;14970;105.21561326944793;14970;785.65817327299919;14970;3.5129856257820369;14970;3.5538804284798733;14970;64.687032685323658;14970;100.73549607837154
14980;149.54069643238623;14980;7.3610644856105232;14980;105.20340586565753;14980;785.53956724753573;14980;3.512070070497757;14980;3.5544907986693932;14980;64.711447492904455;14980;100.50355540635397
14990;149.71160008545183;14990;7.3244422742393258;14990;105.11795403912474;14990;785.42096122207215;14990;3.5111545152134771;14990;3.5505233924375137;14990;64.601580858790854;14990;100.58900723288676
15000;149.73601489303263;15000;7.2634052552873323;15000;105.03250221259192;15000;785.30235519660857;15000;3.5102389599291972;15000;3.5529648731955934;15000;64.564958647419658;15000;100.66225165562915
15010;149.65056306649984;15010;7.3976866969817205;15010;105.19119846186713;15010;785.18374917114511;15010;3.5090182195501574;15010;3.5544907986693932;15010;64.699240089114056;15010;100.74770348216194
15020;149.52848902859583;15020;7.4465163121433156;15020;105.03250221259192;15020;785.06514314568153;15020;3.5081026642658775;15020;3.5474715414899141;15020;64.74806970427565;15020;100.66225165562915
15030;149.61394085512865;15030;7.3366496780297243;15030;104.99588000122073;15030;784.98607246203915;15030;3.5071871089815976;15030;3.5502182073427537;15030;64.74806970427565;15030;100.58900723288676
15040;149.41862239448224;15040;7.3610644856105232;15040;105.14236884670554;15040;784.82793109475449;15040;3.5059663686025577;15040;3.5459456160161142;15040;64.711447492904455;15040;100.72328867458114
15050;149.56511123996702;15050;7.4098941007721191;15050;105.33768730735191;15050;784.66978972746972;15050;3.5050508133182774;15050;3.5474715414899141;15050;64.735862300485252;15050;100.66225165562915
15060;149.60173345133822;15060;7.4831385235145111;15060;105.32547990356152;15060;784.55118370200626;15060;3.5041352580339975;15060;3.540452284310434;15060;64.735862300485252;15060;100.67445905941955
15070;149.62614825891905;15070;7.580797753837702;15070;105.16678365428633;15070;784.47211301836387;15070;3.5032197027497176;15070;3.5459456160161142;15070;64.723654896694853;15070;100.74770348216194
15080;149.55290383617663;15080;7.5197607348857085;15080;105.21561326944793;15080;784.39304233472149;15080;3.5019989623706778;15080;3.5413678395947139;15080;64.772484511856447;15080;100.91860713522752
15090;149.65056306649984;15090;7.50755333109531;15090;105.21561326944793;15090;784.23490096743683;15090;3.5010834070863979;15090;3.5386211737418742;15090;64.955595568712425;15090;100.74770348216194
15100;149.63835566270944;15100;7.50755333109531;15100;105.33768730735191;15100;784.11629494197325;15100;3.500167851802118;15100;3.5395367290261541;15100;65.028839991454817;15100;100.75991088595234
15110;149.54069643238623;15110;7.4953459273049114;15110;105.22782067323833;15110;783.95815357468859;15110;3.4992522965178381;15110;3.5416730246894739;15110;64.870143742179636;15110;100.88198492385632
15120;149.52848902859583;15120;7.5441755424665065;15120;105.27665028839992;15120;783.87908289104621;15120;3.4980315561387982;15120;3.5428937650685137;15120;64.821314127018042;15120;100.88198492385632
15130;149.39420758690144;15130;7.531968138676107;15130;105.30106509598072;15130;783.76047686558263;15130;3.4971160008545183;15130;3.5340433973204748;15130;64.882351145970034;15130;100.91860713522752
15140;149.54069643238623;15140;7.4831385235145111;15140;105.36210211493271;15140;783.68140618194025;15140;3.4962004455702385;15140;3.5367900631733145;15140;64.955595568712425;15140;100.93081453901792
15150;149.43082979827264;15150;7.4098941007721191;15150;105.39872432630391;15150;783.56280015647667;15150;3.4949797051911986;15150;3.5309915463728752;15150;64.943388164922027;15150;100.88198492385632
15160;149.55290383617663;15160;7.4098941007721191;15160;105.39872432630391;15160;783.44419413101321;15160;3.4940641499069187;15160;3.5346537675099947;15160;65.028839991454817;15160;100.88198492385632
15170;149.46745200964384;15170;7.4221015045625176;15170;105.53300576799829;15170;783.24651742190724;15170;3.4931485946226388;15170;3.5300759910885953;15170;65.065462202826012;15170;101.0406811731315
15180;149.62614825891905;15180;7.7517014069032868;15180;105.60625019074068;15180;783.04884071280139;15180;3.4922330393383589;15180;3.532212286751915;15180;64.967802972502824;15180;101.01626636555071
15190;149.62614825891905;15190;8.37427900021363;15190;105.60625019074068;15190;783.04884071280139;15190;3.4910122989593191;15190;3.5300759910885953;15190;64.980010376293222;15190;101.0284737693411
15200;149.54069643238623;15200;8.2155827509384434;15200;105.49638355662709;15200;782.89069934551674;15200;3.4900967436750392;15200;3.5294656208990753;15200;65.004425183874019;15200;100.99185155796991
15210;149.56511123996702;15210;7.4831385235145111;15210;105.4231391338847;15210;782.77209332005316;15210;3.4891811883907593;15210;3.532517471846675;15210;64.943388164922027;15210;100.88198492385632
15220;149.60173345133822;15220;7.2389904477065334;15220;105.32547990356152;15220;782.61395195276839;15220;3.4879604480117194;15220;3.5291604358043154;15220;64.906765953550831;15220;100.78432569353313
15230;149.60173345133822;15230;7.080294198431349;15230;105.38651692251351;15230;782.49534592730492;15230;3.4870448927274396;15230;3.5294656208990753;15230;64.809106723227643;15230;100.78432569353313
15240;149.43082979827264;15240;7.0192571794793546;15240;105.17899105807673;15240;782.41627524366254;15240;3.4861293374431588;15240;3.5218359935300758;15240;64.723654896694853;15240;100.77211828974274
15250;149.56511123996702;15250;6.9948423718985557;15250;105.10574663533434;15250;782.297669218199;15250;3.4852137821588789;15250;3.5267189550462357;15250;64.784691915646846;15250;100.63783684804835
15260;149.46745200964384;15260;6.9704275643177587;15260;105.10574663533434;15260;782.13952785091431;15260;3.483993041779839;15260;3.520310068056276;15260;64.711447492904455;15260;100.43031098361158
15270;149.62614825891905;15270;7.0192571794793546;15270;104.93484298226873;15270;782.02092182545073;15270;3.4830774864955591;15270;3.5221411786248358;15270;64.613788262581252;15270;100.34485915707876
15280;149.54069643238623;15280;7.0436719870601516;15280;104.81276894436475;15280;781.90231579998726;15280;3.4821619312112793;15280;3.5193945127719961;15280;64.699240089114056;15280;100.36927396465956
15290;149.55290383617663;15290;7.2634052552873323;15290;104.70290231025116;15290;781.78370977452369;15290;3.4812463759269994;15290;3.5224463637195957;15290;64.809106723227643;15290;100.28382213812677
15300;149.63835566270944;15300;7.6906643879512933;15300;104.84939115573594;15300;781.74417443270261;15300;3.4800256355479595;15300;3.5221411786248358;15300;64.662617877742861;15300;100.34485915707876
15310;149.43082979827264;15310;8.3010345774712366;15310;104.72731711783196;15310;781.66510374906022;15310;3.4791100802636796;15310;3.5157322916348765;15310;64.564958647419658;15310;100.34485915707876
15320;149.46745200964384;15320;8.6062196722312088;15320;104.78835413678395;15320;781.586033065418;15320;3.4781945249793997;15320;3.5193945127719961;15320;64.662617877742861;15320;100.33265175328836
15330;149.36979277932065;15330;8.7771233252967935;15330;104.67848750267036;15330;781.46742703995437;15330;3.47697378460036;15330;3.5157322916348765;15330;64.723654896694853;15330;100.25940733054597
15340;149.44303720206304;15340;9.0212714011047712;15340;104.60524307992797;15340;781.3092856726696;15340;3.47605822931608;15340;3.5181737723929563;15340;64.699240089114056;15340;100.19837031159398
15350;149.45524460585344;15350;8.9968565935239724;15350;104.62965788750877;15350;781.23021498902733;15350;3.4751426740318;15350;3.5114597003082371;15350;64.650410473952462;15350;100.22278511917477
15360;149.51628162480543;15360;8.59401226844081;15360;104.51979125339518;15360;781.07207362174256;15360;3.47422711874752;15360;3.5163426618243965;15360;64.638203070162049;15360;100.14954069643238
15370;149.27213354899746;15370;7.6906643879512933;15370;104.59303567613757;15370;780.87439691263671;15370;3.4730063783684804;15370;3.5096285897396773;15370;64.577166051210057;15370;100.10071108127079
15380;149.41862239448224;15380;7.0436719870601516;15380;104.59303567613757;15380;780.71625554535194;15380;3.4720908230842005;15380;3.5087130344553974;15380;64.613788262581252;15380;100.0274666585284
15390;149.47965941343423;15390;7.0192571794793546;15390;104.60524307992797;15390;780.63718486170956;15390;3.4711752677999206;15390;3.5084078493606374;15390;64.650410473952462;15390;99.9908444471572
15400;149.44303720206304;15400;7.5441755424665065;15400;104.49537644581439;15400;780.55811417806729;15400;3.4699545274208807;15400;3.5068819238868376;15400;64.687032685323658;15400;100.0274666585284
15410;149.52848902859583;15410;8.3498641926328325;15410;104.61745048371837;15410;780.36043746896132;15410;3.4690389721366008;15410;3.5096285897396773;15410;64.723654896694853;15410;100.13733329264198
15420;149.30875576036865;15420;8.8747825556199835;15420;104.67848750267036;15420;780.24183144349786;15420;3.468123416852321;15420;3.5056611835077973;15420;64.723654896694853;15420;100.11291848506119
15430;149.43082979827264;15430;9.13113803521836;15430;104.69069490646076;15430;780.20229610167667;15430;3.4672078615680411;15430;3.5074922940763575;15430;64.699240089114056;15430;100.19837031159398
15440;149.27213354899746;15440;9.1555528427991586;15440;104.60524307992797;15440;780.0441547343919;15440;3.4659871211890008;15440;3.5019989623706778;15440;64.601580858790854;15440;100.30823694570756
15450;149.44303720206304;15450;8.862575151829585;15450;104.64186529129917;15450;779.92554870892843;15450;3.4650715659047209;15450;3.5065767387920777;15450;64.662617877742861;15450;100.19837031159398
15460;149.46745200964384;15460;8.6062196722312088;15460;104.70290231025116;15460;779.76740734164366;15460;3.464156010620441;15460;3.5004730368968779;15460;64.784691915646846;15460;100.23499252296517
15470;149.46745200964384;15470;8.3986938077944266;15470;104.71510971404156;15470;779.68833665800128;15470;3.4632404553361611;15470;3.5010834070863979;15470;64.772484511856447;15470;100.22278511917477
15480;149.39420758690144;15480;8.2888271736808381;15480;104.82497634815515;15480;779.609265974359;15480;3.4620197149571212;15480;3.4965056306649984;15480;64.772484511856447;15480;100.25940733054597
15490;149.33317056794945;15490;7.934812463759271;15490;104.81276894436475;15490;779.411589265253;15490;3.4611041596728414;15490;3.4971160008545183;15490;64.809106723227643;15490;100.30823694570756
15500;149.35758537553025;15500;7.3122348704489273;15500;105.03250221259192;15500;779.29298323978958;15500;3.4601886043885615;15500;3.499862666707358;15500;64.882351145970034;15500;100.39368877224038
15510;149.23551133762626;15510;7.0192571794793546;15510;105.08133182775354;15510;779.13484187250492;15510;3.4611041596728414;15510;3.4952848902859586;15510;64.894558549760433;15510;100.47914059877317
15520;149.29654835657826;15520;6.95822016052736;15520;105.06912442396312;15520;779.05577118886254;15520;3.4620197149571212;15520;3.4989471114230781;15520;64.992217780083621;15520;100.56459242530596
15530;149.19888912625507;15530;7.3610644856105232;15530;105.00808740501112;15530;778.89762982157788;15530;3.4632404553361611;15530;3.4943693350016787;15530;65.028839991454817;15530;100.61342204046755
15540;149.35758537553025;15540;8.04467909787286;15540;105.02029480880152;15540;778.81855913793549;15540;3.464156010620441;15540;3.4958952604754785;15540;64.980010376293222;15540;100.56459242530596
15550;149.25992614520706;15550;8.6550492873928029;15550;105.03250221259192;15550;778.62088242882942;15550;3.4650715659047209;15550;3.4888760032959993;15550;65.053254799035614;15550;100.60121463667716
15560;149.43082979827264;15560;9.0456862086855683;15560;105.09353923154394;15560;778.46274106154476;15560;3.4659871211890008;15560;3.4946745200964386;15560;65.126499221778;15560;100.67445905941955
15570;149.47965941343423;15570;9.216589861751153;15570;105.21561326944793;15570;778.34413503608118;15570;3.4672078615680411;15570;3.4900967436750392;15570;65.1387066255684;15570;100.69887386700034
15580;149.57731864375742;15580;9.3020416882839445;15580;105.13016144291514;15580;778.18599366879653;15580;3.468123416852321;15580;3.4879604480117194;15580;65.089877010406809;15580;100.68666646320995
15590;149.57731864375742;15590;9.24100466933195;15590;105.16678365428633;15590;778.10692298515414;15590;3.4690389721366008;15590;3.4904019287697992;15590;65.041047395245215;15590;100.72328867458114
15600;149.55290383617663;15600;9.387493514816736;15600;105.20340586565753;15600;777.94878161786937;15600;3.4699545274208807;15600;3.4925382244331189;15600;65.065462202826012;15600;100.57679982909636
15610;149.69939268166144;15610;9.4485305337687322;15610;105.4353465376751;15610;777.75110490876352;15610;3.4711752677999206;15610;3.4922330393383589;15610;65.077669606616411;15610;100.69887386700034
15620;149.41862239448224;15620;9.3630787072359389;15620;105.4597613452559;15620;777.6324988833;15620;3.4720908230842005;15620;3.4833826715903191;15620;64.980010376293222;15620;100.78432569353313
15630;149.46745200964384;15630;9.2776268807031457;15630;105.38651692251351;15630;777.51389285783648;15630;3.4730063783684804;15630;3.4876552629169595;15630;64.980010376293222;15630;100.75991088595234
15640;149.36979277932065;15640;9.216589861751153;15640;105.26444288460952;15640;777.35575149055171;15640;3.47422711874752;15640;3.4827723014007992;15640;65.126499221778;15640;100.78432569353313
15650;149.54069643238623;15650;8.9480269783623765;15650;105.28885769219032;15650;777.23714546508825;15650;3.4751426740318;15650;3.4864345225379196;15650;65.077669606616411;15650;100.83315530869473
15660;149.55290383617663;15660;8.2888271736808381;15660;105.50859096041749;15660;777.07900409780359;15660;3.47605822931608;15660;3.4818567461165193;15660;65.028839991454817;15660;100.96743675038911
15670;149.61394085512865;15670;7.580797753837702;15670;105.61845759453108;15670;776.92086273051893;15670;3.47697378460036;15670;3.4833826715903191;15670;65.236365855891592;15670;100.95522934659871
15680;149.55290383617663;15680;7.2267830439161349;15680;105.60625019074068;15680;776.80225670505536;15680;3.4781945249793997;15680;3.4821619312112793;15680;65.419476912747569;15680;100.99185155796991
15690;149.45524460585344;15690;7.2145756401257364;15690;105.49638355662709;15690;776.723186021413;15690;3.4791100802636796;15690;3.4833826715903191;15690;65.346232490005178;15690;100.94302194280831
15700;149.51628162480543;15700;7.3122348704489273;15700;105.53300576799829;15700;776.68365067959178;15700;3.4800256355479595;15700;3.4861293374431588;15700;65.297402874843584;15700;101.00405896176031
15710;149.51628162480543;15710;7.5441755424665065;15710;105.4841761528367;15710;776.48597397048593;15710;3.4812463759269994;15710;3.4806360057374794;15710;65.321817682424381;15710;101.0284737693411
15720;149.61394085512865;15720;7.580797753837702;15720;105.4231391338847;15720;776.32783260320116;15720;3.4821619312112793;15720;3.483993041779839;15720;65.33402508621478;15720;100.94302194280831
15730;149.39420758690144;15730;7.7394940031128883;15730;105.33768730735191;15730;776.1696912359165;15730;3.4830774864955591;15730;3.4815515610217593;15730;65.382854701376374;15730;100.88198492385632
15740;149.57731864375742;15740;8.508560441908017;15740;105.30106509598072;15740;776.09062055227412;15740;3.483993041779839;15740;3.4879604480117194;15740;65.309610278633983;15740;100.86977752006592
15750;149.54069643238623;15750;8.9846491897335738;15750;105.30106509598072;15750;775.93247918498946;15750;3.4852137821588789;15750;3.4849085970641189;15750;65.1631214331492;15750;100.90639973143712
15760;149.62614825891905;15760;9.2043824579607545;15760;105.20340586565753;15760;775.81387315952588;15760;3.4861293374431588;15760;3.4882656331064794;15760;65.2119510483108;15760;100.95522934659871
15770;149.62614825891905;15770;9.4973601489303263;15770;105.17899105807673;15770;775.77433781770469;15770;3.4870448927274396;15770;3.4864345225379196;15770;65.297402874843584;15770;100.90639973143712
15780;149.66277047029024;15780;9.5461897640919222;15780;105.13016144291514;15780;775.61619645042;15780;3.4879604480117194;15780;3.491927854243599;15780;65.24857325968199;15780;100.77211828974274
15790;149.77263710440383;15790;9.2776268807031457;15790;105.09353923154394;15790;775.45805508313526;15790;3.4891811883907593;15790;3.4958952604754785;15790;65.2119510483108;15790;100.79653309732353
15800;149.71160008545183;15800;8.89919736320078;15800;105.02029480880152;15800;775.26037837402941;15800;3.4900967436750392;15800;3.4922330393383589;15800;65.260780663472389;15800;100.65004425183875
15810;149.80925931577502;15810;8.7282937101351976;15810;105.08133182775354;15810;775.181307690387;15810;3.4910122989593191;15810;3.4977263710440383;15810;65.297402874843584;15810;100.57679982909636
15820;149.67497787408064;15820;8.4475234229560225;15820;104.94705038605913;15820;775.14177234856584;15820;3.4922330393383589;15820;3.4977263710440383;15820;65.309610278633983;15820;100.57679982909636
15830;149.74822229682303;15830;7.7028717917416918;15830;104.87380596331674;15830;775.02316632310226;15830;3.4931485946226388;15830;3.5026093325601977;15830;65.358439893795577;15830;100.50355540635397
15840;149.72380748924223;15840;7.3122348704489273;15840;104.81276894436475;15840;774.82548961399641;15840;3.4940641499069187;15840;3.499862666707358;15840;65.272988067262787;15840;100.47914059877317
15850;149.76042970061343;15850;7.7517014069032868;15850;104.70290231025116;15850;774.66734824671175;15850;3.4949797051911986;15850;3.5065767387920777;15850;65.236365855891592;15850;100.43031098361158
15860;149.66277047029024;15860;8.26441236610004;15860;104.64186529129917;15860;774.58827756306937;15860;3.4962004455702385;15860;3.5029145176549576;15860;65.24857325968199;15860;100.30823694570756
15870;149.82146671956542;15870;8.6794640949736017;15870;104.51979125339518;15870;774.43013619578471;15870;3.4971160008545183;15870;3.5074922940763575;15870;65.1387066255684;15870;100.25940733054597
15880;149.88250373851741;15880;8.8747825556199835;15880;104.51979125339518;15880;774.31153017032125;15880;3.4980315561387982;15880;3.5090182195501574;15880;65.18753624073;15880;100.43031098361158
15890;149.88250373851741;15890;9.2043824579607545;15890;104.50758384960479;15890;774.15338880303648;15890;3.4992522965178381;15890;3.5068819238868376;15890;65.309610278633983;15890;100.30823694570756
15900;150.0411999877926;15900;9.4851527451399278;15900;104.49537644581439;15900;774.15338880303648;15900;3.500167851802118;15900;3.5114597003082371;15900;65.2241584521012;15900;100.19837031159398
15910;149.90691854609821;15910;9.46073793755913;15910;104.3855098117008;15910;773.99524743575182;15910;3.5010834070863979;15910;3.5114597003082371;15910;65.065462202826012;15910;100.16174810022278
15920;149.95574816125981;15920;9.387493514816736;15920;104.4099246192816;15920;773.75803538482467;15920;3.5019989623706778;15920;3.5181737723929563;15920;64.992217780083621;15920;100.11291848506119
15930;149.76042970061343;15930;9.314249092074343;15930;104.2878505813776;15930;773.678964701182;15930;3.5032197027497176;15930;3.5139011810663168;15930;65.004425183874019;15930;100.0396740623188
15940;149.95574816125981;15940;9.0823084200567639;15940;104.20239875484481;15940;773.56035867571848;15940;3.5041352580339975;15940;3.5187841425824762;15940;64.906765953550831;15940;99.893185216834013
15950;150.09002960295419;15950;8.6794640949736017;15950;104.19019135105441;15950;773.40221730843382;15950;3.5050508133182774;15950;3.5151219214453566;15950;64.83352153080844;15950;99.893185216834013
15960;150.09002960295419;15960;8.0568865016632589;15960;104.15356913968321;15960;773.204540599328;15960;3.5059663686025577;15960;3.520615253151036;15960;64.784691915646846;15960;99.807733390301223
15970;149.992370372631;15970;7.6540421765800959;15970;104.21460615863521;15970;773.12546991568558;15970;3.5071871089815976;15970;3.5218359935300758;15970;64.74806970427565;15970;99.77111117893
15980;150.0411999877926;15980;7.5441755424665065;15980;104.06811731315042;15980;773.0463992320432;15980;3.5081026642658775;15980;3.5227515488143557;15980;64.821314127018042;15980;99.77111117893
15990;150.13885921811578;15990;7.3000274666585288;15990;104.06811731315042;15990;772.92779320657974;15990;3.5090182195501574;15990;3.5267189550462357;15990;64.821314127018042;15990;99.685659352397209
16000;149.992370372631;16000;7.0680867946409505;16000;103.94604327524644;16000;772.76965183929508;16000;3.5102389599291972;16000;3.5254982146671958;16000;64.857936338389237;16000;99.575792718283623
16010;150.13885921811578;16010;6.95822016052736;16010;104.01928769798883;16010;772.61151047201031;16010;3.5111545152134771;16010;3.5294656208990753;16010;64.83352153080844;16010;99.624622333445217
16020;150.07782219916379;16020;7.1901608325449384;16020;103.84838404492325;16020;772.532439788368;16020;3.512070070497757;16020;3.5254982146671958;16020;64.870143742179636;16020;99.588000122074021
16030;150.28534806360057;16030;7.4343089083529161;16030;103.68968779564807;16030;772.37429842108327;16030;3.5129856257820369;16030;3.5331278420361949;16030;64.870143742179636;16030;99.478133487960434
16040;150.23651844843897;16040;7.4343089083529161;16040;103.71410260322887;16040;772.25569239561969;16040;3.5142063661610767;16040;3.5294656208990753;16040;64.784691915646846;16040;99.588000122074021
16050;150.26093325601977;16050;7.4343089083529161;16050;103.66527298806727;16050;772.097551028335;16050;3.5151219214453566;16050;3.5340433973204748;16050;64.784691915646846;16050;99.490340891750833
16060;150.13885921811578;16060;7.5685903500473035;16060;103.57982116153448;16060;771.93940966105026;16060;3.5160374767296365;16060;3.5340433973204748;16060;64.711447492904455;16060;99.42930387279884
16070;150.26093325601977;16070;8.0935087130344563;16070;103.37229529709768;16070;771.74173295194441;16070;3.5172582171086764;16070;3.5346537675099947;16070;64.601580858790854;16070;99.356059450056449
16080;150.27314065981017;16080;8.5451826532792143;16080;103.55540635395369;16080;771.662662268302;16080;3.5181737723929563;16080;3.5361796929837945;16080;64.577166051210057;16080;99.417096469008442
16090;150.22431104464857;16090;8.7160863063447991;16090;103.51878414258249;16090;771.50452090101737;16090;3.5190893276772361;16090;3.5395367290261541;16090;64.528336436048463;16090;99.453718680379637
16100;150.40742210150458;16100;8.7038789025543988;16100;103.43333231604967;16100;771.38591487555379;16100;3.520004882961516;16100;3.5441145054475536;16100;64.46729941709647;16100;99.331644642475652
16110;150.22431104464857;16110;8.8137455366679891;16110;103.25022125919369;16110;771.30684419191141;16110;3.5212256233405559;16110;3.5392315439313942;16110;64.638203070162049;16110;99.295022431104456
16120;150.30976287118136;16120;8.9602343821527768;16120;103.2258064516129;16120;771.26730885009022;16120;3.5221411786248358;16120;3.5450300607318344;16120;64.638203070162049;16120;99.197363200781268
16130;150.30976287118136;16130;8.862575151829585;16130;103.34788048951688;16130;771.14870282462675;16130;3.5230567339091157;16130;3.5410626544999539;16130;64.491714224677267;16130;99.124118778038877
16140;150.38300729392375;16140;8.8259529404583876;16140;103.29905087435529;16140;770.990561457342;16140;3.5239722891933956;16140;3.5453352458265943;16140;64.516129032258064;16140;99.087496566667681
16150;150.32197027497176;16150;8.789330729087192;16150;103.1891842402417;16150;770.79288474823613;16150;3.5251930295724354;16150;3.5428937650685137;16150;64.46729941709647;16150;99.136326181829276
16160;150.30976287118136;16160;8.7405011139255961;16160;103.06711020233772;16160;770.67427872277256;16160;3.5261085848567157;16160;3.5499130222479938;16160;64.479506820886868;16160;98.9776299325541
16170;150.34638508255256;16170;8.691671498764;16170;103.15256202887051;16170;770.67427872277256;16170;3.5270241401409956;16170;3.5505233924375137;16170;64.55275124362926;16170;98.843348490859711
16180;150.38300729392375;16180;8.7282937101351976;16180;102.94503616443373;16180;770.5161373554879;16180;3.5282448805200355;16180;3.548081911679434;16180;64.564958647419658;16180;98.794518875698117
16190;150.30976287118136;16190;8.7160863063447991;16190;102.84737693411054;16190;770.43706667184551;16190;3.5291604358043154;16190;3.5532700582903534;16190;64.528336436048463;16190;98.77010406811732
16200;150.22431104464857;16200;8.7282937101351976;16200;102.81075472273935;16200;770.23938996273966;16200;3.5300759910885953;16200;3.5538804284798733;16200;64.479506820886868;16200;98.696859645374929
16210;150.30976287118136;16210;8.691671498764;16210;102.83516953032014;16210;770.1207839372762;16210;3.5309915463728752;16210;3.5569322794274729;16210;64.516129032258064;16210;98.635822626422936
16220;150.13885921811578;16220;8.2888271736808381;16220;102.77413251136815;16220;770.081248595455;16220;3.532212286751915;16220;3.5514389477217936;16220;64.528336436048463;16220;98.635822626422936
16230;150.27314065981017;16230;8.0813013092440578;16230;102.88399914548174;16230;769.88357188634916;16230;3.5331278420361949;16230;3.556627094332713;16230;64.479506820886868;16230;98.586993011261342
16240;150.13885921811578;16240;8.435316019165624;16240;102.85958433790094;16240;769.844036544528;16240;3.5340433973204748;16240;3.5526596881008334;16240;64.46729941709647;16240;98.513748588518951
16250;150.114444410535;16250;8.7405011139255961;16250;102.66426587725455;16250;769.80450120270677;16250;3.5349589526047547;16250;3.5593737601855526;16250;64.38184759056368;16250;98.489333780938153
16260;150.18768883327738;16260;8.789330729087192;16260;102.60322885830256;16260;769.6858951772432;16260;3.5361796929837945;16260;3.5593737601855526;16260;64.357432782982883;16260;98.489333780938153
16270;150.27314065981017;16270;8.80153813287759;16270;102.54219183935056;16270;769.56728915177973;16270;3.5370952482680744;16270;3.5578478347117528;16270;64.528336436048463;16270;98.452711569566958
16280;150.22431104464857;16280;8.6550492873928029;16280;102.61543626209296;16280;769.52775380995854;16280;3.5380108035523543;16280;3.5599841303750726;16280;64.479506820886868;16280;98.611407818842139
16290;150.07782219916379;16290;8.5451826532792143;16290;102.51777703176977;16290;769.36961244267377;16290;3.5392315439313942;16290;3.5618152409436323;16290;64.394054994354079;16290;98.513748588518951
16300;150.0289925840022;16300;8.3010345774712366;16300;102.57881405072176;16300;769.2905417590315;16300;3.5401470992156741;16300;3.5670033875545522;16300;64.430677205725274;16300;98.245185705130183
16310;149.80925931577502;16310;8.3132419812616352;16310;102.56660664693136;16310;769.21147107538911;16310;3.5410626544999539;16310;3.5618152409436323;16310;64.308603167821289;16310;98.245185705130183
16320;149.91912594988861;16320;8.27661976989044;16320;102.42011780144658;16320;769.01379436628315;16320;3.5419782097842338;16320;3.5663930173650322;16320;64.247566148869282;16320;98.245185705130183
16330;149.88250373851741;16330;7.7761162144840839;16330;102.35908078249459;16330;768.89518834081969;16330;3.5431989501632737;16330;3.5621204260383923;16330;64.296395764030891;16330;98.171941282387763
16340;150.114444410535;16340;7.4343089083529161;16340;102.35908078249459;16340;768.77658231535611;16340;3.5441145054475536;16340;3.5670033875545522;16340;64.308603167821289;16340;98.123111667226169
16350;150.053407391583;16350;7.3366496780297243;16350;102.2858363597522;16350;768.73704697353492;16350;3.5450300607318344;16350;3.5657826471755123;16350;64.247566148869282;16350;98.123111667226169
16360;149.931333353679;16360;6.8239387188329728;16360;102.2247993408002;16360;768.65797628989242;16360;3.5462508011108742;16360;3.5709707937864317;16360;64.284188360240492;16360;98.147526474806966
16370;149.85808893093662;16370;6.5797906430249951;16370;102.2858363597522;16370;768.46029958078657;16370;3.5471663563951541;16370;3.5731070894497514;16370;64.284188360240492;16370;98.147526474806966
16380;149.84588152714622;16380;6.8239387188329728;16380;102.249214148381;16380;768.30215821350191;16380;3.548081911679434;16380;3.5715811639759516;16380;64.162114322336492;16380;98.086489455854974
16390;150.0289925840022;16390;7.5930051576281024;16390;102.2858363597522;16390;768.18355218803833;16390;3.5489974669637139;16390;3.5758537553025911;16390;64.174321726126891;16390;97.927793206579793
16400;149.94354075746941;16400;8.3986938077944266;16400;102.12714011047701;16400;768.06494616257487;16400;3.5502182073427537;16400;3.5752433851130712;16400;64.198736533707688;16400;97.964415417950988
16410;149.95574816125981;16410;8.14233832819605;16410;102.00506607257303;16410;767.90680479529021;16410;3.5511337626270336;16410;3.5795159764397106;16410;64.2597735526597;16410;97.964415417950988
16420;149.83367412335582;16420;7.2389904477065334;16420;102.05389568773462;16420;767.82773411164783;16420;3.5520493179113135;16420;3.5746330149235512;16420;64.198736533707688;16420;97.8667561876278
16430;150.0289925840022;16430;6.5919980468153936;16430;102.10272530289622;16430;767.70912808618425;16430;3.5529648731955934;16430;3.5807367168187505;16430;64.0888698995941;16430;97.8057191686758
16440;149.84588152714622;16440;6.84835352641377;16440;102.01727347636343;16440;767.59052206072079;16440;3.5541856135746333;16440;3.576769310586871;16440;64.0888698995941;16440;97.7446821497238
16450;149.85808893093662;16450;7.7761162144840839;16450;101.80974761192662;16450;767.47191603525721;16450;3.5551011688589131;16450;3.5792107913449507;16450;64.0766624958037;16450;97.659230323191011
16460;150.0411999877926;16460;8.1789605395672478;16460;101.80974761192662;16460;767.432380693436;16460;3.556016724143193;16460;3.5798211615344706;16460;64.0522476882229;16460;97.7446821497238
16470;150.07782219916379;16470;7.71507919553209;16470;101.78533280434583;16470;767.27423932615136;16470;3.5572374645222329;16470;3.5840937528611105;16470;64.0522476882229;16470;97.7080599383526
16480;150.12665181432538;16480;6.8361461226233713;16480;101.88299203466902;16480;767.11609795886659;16480;3.5581530198065128;16480;3.58714560380871;16480;64.027832880642109;16480;97.720267342143
16490;149.90691854609821;16490;6.6530350657673871;16490;101.73650318918423;16490;766.87888590793955;16490;3.5590685750907927;16490;3.5825678273873103;16490;64.1010773033845;16490;97.598193304239018
16500;149.84588152714622;16500;7.4587237159337141;16500;101.79754020813623;16500;766.83935056611836;16500;3.5599841303750726;16500;3.58745078890347;16500;64.162114322336492;16500;97.537156285287026
16510;149.80925931577502;16510;7.9103976561784721;16510;101.69988097781304;16510;766.72074454065478;16510;3.5612048707541124;16510;3.5850093081453904;16510;64.040040284432507;16510;97.537156285287026
16520;150.09002960295419;16520;7.1413312173833425;16520;101.57780693990905;16520;766.56260317337012;16520;3.5621204260383923;16520;3.58928189947203;16520;64.01562547685171;16520;97.463911862544634
16530;149.83367412335582;16530;6.7995239112521739;16530;101.55339213232826;16530;766.52306783154893;16530;3.5630359813226722;16530;3.5850093081453904;16530;63.966795861690116;16530;97.524948881496627
16540;149.91912594988861;16540;7.6052125614185009;16540;101.55339213232826;16540;766.44399714790654;16540;3.564256721701712;16540;3.5914181951353497;16540;63.966795861690116;16540;97.41508224738304
16550;149.94354075746941;16550;7.8493606372264786;16550;101.65105136265144;16550;766.325391122443;16550;3.5651722769859924;16550;3.58958708456679;16550;64.0522476882229;16550;97.41508224738304
16560;150.0289925840022;16560;7.3976866969817205;16560;101.50456251716666;16560;766.28585578062189;16560;3.5660878322702723;16560;3.58989226966155;16560;64.01562547685171;16560;97.427289651173439
16570;149.95574816125981;16570;6.9948423718985557;16570;101.52897732474746;16570;766.12771441333712;16570;3.5670033875545522;16570;3.5923337504196295;16570;63.942381054109319;16570;97.463911862544634
16580;149.931333353679;16580;7.4831385235145111;16580;101.43131809442427;16580;765.85096702058888;16580;3.568224127933592;16580;3.5938596758934294;16580;63.869136631366928;16580;97.317423017059852
16590;150.114444410535;16590;7.2389904477065334;16590;101.45573290200507;16590;765.73236099512542;16590;3.5691396832178719;16590;3.5978270821253089;16590;63.856929227576522;16590;97.183141575365468
16600;149.931333353679;16600;6.5309610278633992;16600;101.35807367168188;16600;765.69282565330423;16600;3.5700552385021518;16600;3.5941648609881893;16600;63.869136631366928;16600;97.195348979155867
16610;150.16327402569658;16610;7.2267830439161349;16610;101.29703665272989;16610;765.653290311483;16610;3.5709707937864317;16610;3.5984374523148288;16610;63.905758842738123;16610;97.122104556413476
16620;150.12665181432538;16620;7.50755333109531;16620;101.29703665272989;16620;765.53468428601957;16620;3.5721915341654715;16620;3.5938596758934294;16620;63.869136631366928;16620;97.244178594317461
16630;150.17548142948698;16630;6.5919980468153936;16630;101.40690328684347;16630;765.416078260556;16630;3.5731070894497514;16630;3.6014893032624284;16630;63.881344035157326;16630;97.183141575365468
16640;149.94354075746941;16640;6.7262794885097819;16640;101.51676992095706;16640;765.21840155145014;16640;3.5740226447340313;16640;3.5984374523148288;16640;63.881344035157326;16640;97.073274941251881
16650;150.0167851802118;16650;7.4343089083529161;16650;101.34586626789148;16650;765.09979552598656;16650;3.5752433851130712;16650;3.5990478225043487;16650;63.795892208624529;16650;97.061067537461469
16660;150.17548142948698;16660;7.4587237159337141;16660;101.34586626789148;16660;764.94165415870191;16660;3.576158940397351;16660;3.6002685628833886;16660;63.832514419995725;16660;97.109897152623077
16670;150.19989623706778;16670;7.3244422742393258;16670;101.1993774224067;16670;764.82304813323833;16670;3.5770744956816309;16670;3.6033204138309882;16670;63.917966246528522;16670;96.96340830713828
16680;150.18768883327738;16680;7.4221015045625176;16680;101.2115848261971;16680;764.78351279141714;16680;3.5779900509659108;16680;3.6072878200628682;16680;63.869136631366928;16680;97.012237922299875
16690;150.13885921811578;16690;7.17795342875454;16690;101.11392559587389;16690;764.62537142413248;16690;3.5792107913449507;16690;3.6030152287362283;16690;63.783684804834131;16690;97.097689748832678
16700;150.27314065981017;16700;6.9704275643177587;16700;101.11392559587389;16700;764.5463007404901;16700;3.5801263466292306;16700;3.6072878200628682;16700;63.905758842738123;16700;96.96340830713828
16710;150.17548142948698;16710;7.3610644856105232;16710;101.0650959807123;16710;764.34862403138413;16710;3.5810419019135105;16710;3.6051515243995484;16710;63.917966246528522;16710;96.96340830713828
16720;150.37079989013336;16720;7.3000274666585288;16720;100.95522934659871;16720;764.23001800592067;16720;3.5819574571977904;16720;3.6115604113895077;16720;63.820307016205327;16720;97.000030518509476
16730;150.22431104464857;16730;7.1901608325449384;16730;101.01626636555071;16730;764.19048266409948;16730;3.58317819757683;16730;3.6072878200628682;16730;63.771477401043732;16730;96.902371288186288
16740;150.38300729392375;16740;7.2511978514969337;16740;101.00405896176031;16740;764.03234129681471;16740;3.5840937528611105;16740;3.6106448561052278;16740;63.844721823786124;16740;96.670430616168687
16750;150.27314065981017;16750;7.3366496780297243;16750;101.0284737693411;16750;763.95327061317244;16750;3.5850093081453904;16750;3.6103396710104678;16750;63.869136631366928;16750;96.670430616168687
16760;150.16327402569658;16760;7.3610644856105232;16760;100.85757011627553;16760;763.87419992953;16760;3.5862300485244303;16760;3.6136967070528274;16760;63.71044038209174;16760;96.7436750389111
16770;150.26093325601977;16770;7.3122348704489273;16770;100.84536271248513;16770;763.75559390406647;16770;3.58714560380871;16770;3.6158330027161472;16770;63.588366344187754;16770;96.731467635120708
16780;150.29755546739096;16780;7.4587237159337141;16780;100.72328867458114;16780;763.636987878603;16780;3.58806115909299;16780;3.6130863368633075;16780;63.588366344187754;16780;96.658223212378289
16790;150.46845912045657;16790;7.4221015045625176;16790;100.77211828974274;16790;763.5974525367817;16790;3.58897671437727;16790;3.617053743095187;16790;63.588366344187754;16790;96.64601580858789
16800;150.32197027497176;16800;7.3366496780297243;16800;100.72328867458114;16800;763.439311169497;16800;3.59019745475631;16800;3.6146122623371073;16800;63.576158940397356;16800;96.5361491744743
16810;150.37079989013336;16810;7.3610644856105232;16810;100.60121463667716;16810;763.39977582767585;16810;3.5911130100405897;16810;3.6198004089480267;16810;63.612781151768552;16810;96.487319559312709
16820;150.21210364085817;16820;7.3366496780297243;16820;100.45472579119237;16820;763.16256377674881;16820;3.5920285653248696;16820;3.616748558000427;16820;63.527329325235762;16820;96.438489944151115
16830;150.32197027497176;16830;7.2756126590777308;16830;100.32044434949796;16830;763.004422409464;16830;3.5932493057039094;16830;3.6216315195165865;16830;63.53953672902616;16830;96.365245521408724
16840;150.27314065981017;16840;7.2756126590777308;16840;100.35706656086916;16840;762.964887067643;16840;3.5941648609881893;16840;3.6185796685689868;16840;63.53953672902616;16840;96.377452925199123
16850;150.35859248634296;16850;7.4098941007721191;16850;100.32044434949796;16850;762.88581638400058;16850;3.5950804162724692;16850;3.6228522598956263;16850;63.417462691122161;16850;96.206549272133543
16860;150.38300729392375;16860;7.3976866969817205;16860;100.27161473433637;16860;762.80674570035819;16860;3.5959959715567491;16860;3.6249885555589465;16860;63.441877498702958;16860;96.182134464552746
16870;150.28534806360057;16870;7.4221015045625176;16870;100.13733329264198;16870;762.56953364943115;16870;3.597216711935789;16870;3.6231574449903867;16870;63.576158940397356;16870;96.047853022858362
16880;150.39521469771418;16880;7.38547929319132;16880;100.24719992675557;16880;762.52999830761;16880;3.5981322672200688;16880;3.6268196661275063;16880;63.588366344187754;16880;96.035645619067964
16890;150.30976287118136;16890;7.3122348704489273;16890;100.0396740623188;16890;762.41139228214638;16890;3.5990478225043487;16890;3.6255989257484664;16890;63.429670094912559;16890;95.950193792535174
16900;150.44404431287577;16900;7.1657460249641414;16900;99.954222235786;16900;762.29278625668292;16900;3.5999633777886286;16900;3.6307870723593858;16900;63.393047883541364;16900;95.803704947050377
16910;150.22431104464857;16910;7.2267830439161349;16910;99.844355601672419;16910;762.21371557304053;16910;3.6011841181676685;16910;3.6259041108432264;16910;63.368633075960567;16910;95.742667928098385
16920;150.21210364085817;16920;7.2634052552873323;16920;99.7955259865108;16920;762.095109547577;16920;3.6020996734519484;16920;3.6313974425489057;16920;63.295388653218176;16920;95.6572161015656
16930;150.17548142948698;16930;7.2634052552873323;16930;99.83214819788202;16930;761.8974328384711;16930;3.6030152287362283;16930;3.6280404065065461;16930;63.124485000152596;16930;95.5961790826136
16940;150.26093325601977;16940;7.2267830439161349;16940;99.661244544816412;16940;761.85789749664991;16940;3.6042359691152686;16940;3.629566331980346;16940;63.0512405774102;16940;95.53514206366161
16950;150.28534806360057;16950;7.2267830439161349;16950;99.685659352397209;16950;761.85789749664991;16950;3.6051515243995484;16950;3.6283455916013061;16950;63.0878627887814;16950;95.5717642750328
16960;150.19989623706778;16960;7.4221015045625176;16960;99.697866756187608;16960;761.66022078754406;16960;3.6060670796838283;16960;3.6329233680227055;16960;63.136692403942995;16960;95.41306802575761
16970;150.21210364085817;16970;7.2756126590777308;16970;99.685659352397209;16970;761.54161476208048;16970;3.6069826349681082;16970;3.6368907742545851;16970;63.1000701925718;16970;95.388653218176813
16980;150.21210364085817;16980;7.1901608325449384;16980;99.490340891750833;16980;761.4625440784381;16980;3.6082033753471481;16980;3.6326181829279456;16980;63.136692403942995;16980;95.352031006805618
16990;150.26093325601977;16990;7.17795342875454;16990;99.453718680379637;16990;761.34393805297452;16990;3.609118930631428;16990;3.637806329538865;16990;63.17331461531419;16990;95.303201391644023
17000;150.07782219916379;17000;7.2511978514969337;17000;99.380474257637246;17000;761.22533202751106;17000;3.6100344859157079;17000;3.6350596636860253;17000;63.0390331736198;17000;95.290993987853625
17010;150.30976287118136;17010;7.1413312173833425;17010;99.356059450056449;17010;761.10672600204748;17010;3.6112552262947477;17010;3.6393322550126648;17010;63.063447981200596;17010;95.205542161320835
17020;150.16327402569658;17020;7.0558793908505519;17020;99.307229834894855;17020;761.0671906602264;17020;3.6121707815790276;17020;3.6347544785912653;17020;63.124485000152596;17020;95.205542161320835
17030;150.22431104464857;17030;7.1657460249641414;17030;99.319437238685254;17030;760.988119976584;17030;3.6130863368633075;17030;3.6402478102969447;17030;63.075655384990995;17030;95.181127353740038
17040;150.12665181432538;17040;7.2389904477065334;17040;99.356059450056449;17040;760.79044326747817;17040;3.6140018921475874;17040;3.637806329538865;17040;63.014618366039;17040;95.16891994994964
17050;150.09002960295419;17050;7.17795342875454;17050;99.246192815942862;17050;760.6718372420147;17050;3.6152226325266272;17050;3.637501144444105;17050;63.002410962248604;17050;95.095675527207248
17060;150.16327402569658;17060;6.9948423718985557;17060;99.295022431104456;17060;760.63230190019351;17060;3.6161381878109071;17060;3.6402478102969447;17060;63.0512405774102;17060;95.193334757530437
17070;150.12665181432538;17070;6.9338053529465622;17070;99.160740989410073;17070;760.47416053290874;17070;3.617053743095187;17070;3.6399426252021847;17070;63.002410962248604;17070;95.193334757530437
17080;150.23651844843897;17080;6.8117313150425742;17080;99.172948393200471;17080;760.39508984926636;17080;3.6179692983794669;17080;3.644825586718345;17080;62.977996154667807;17080;95.144505142368843
17090;150.10223700674459;17090;6.9704275643177587;17090;99.111911374248479;17090;760.31601916562408;17090;3.6191900387585068;17090;3.6426892910550253;17090;62.965788750877408;17090;95.181127353740038
17100;150.22431104464857;17100;7.007049775688956;17100;99.18515579699087;17100;760.19741314016051;17100;3.6201055940427866;17100;3.6460463270973849;17100;63.063447981200596;17100;95.205542161320835
17110;150.09002960295419;17110;7.0192571794793546;17110;99.160740989410073;17110;760.15787779833931;17110;3.6210211493270665;17110;3.6402478102969447;17110;63.1000701925718;17110;95.132297738578444
17120;150.13885921811578;17120;6.9826349681081572;17120;99.063081759086884;17120;759.99973643105466;17120;3.6222418897061064;17120;3.6466566972869048;17120;63.075655384990995;17120;95.010223700674459
17130;149.94354075746941;17130;6.9948423718985557;17130;99.209570604571667;17130;759.80205972194869;17130;3.6231574449903867;17130;3.6426892910550253;17130;63.063447981200596;17130;94.99801629688406
17140;150.0289925840022;17140;7.0925016022217475;17140;99.18515579699087;17140;759.72298903830631;17140;3.6240730002746666;17140;3.6460463270973849;17140;63.002410962248604;17140;95.034638508255256
17150;150.26093325601977;17150;6.8727683339945678;17150;99.221778008362065;17150;759.60438301284285;17150;3.6249885555589465;17150;3.6466566972869048;17150;62.977996154667807;17150;95.059053315836053
17160;150.114444410535;17160;6.9704275643177587;17160;99.160740989410073;17160;759.48577698737927;17160;3.6262092959379864;17160;3.6439100314340651;17160;62.965788750877408;17160;95.034638508255256
17170;150.09002960295419;17170;6.9826349681081572;17170;99.246192815942862;17170;759.44624164555808;17170;3.6271248512222662;17170;3.6481826227607046;17170;62.929166539506213;17170;94.99801629688406
17180;150.0411999877926;17180;6.95822016052736;17180;99.111911374248479;17180;759.28810027827342;17180;3.6280404065065461;17180;3.6463515121921448;17180;62.904751731925415;17180;94.827112643818481
17190;150.10223700674459;17190;6.8971831415753648;17190;99.111911374248479;17190;759.12995891098865;17190;3.629261146885586;17190;3.6497085482345044;17190;62.86812952055422;17190;94.900357066560872
17200;150.0289925840022;17200;6.95822016052736;17200;99.087496566667681;17200;758.9322822018828;17200;3.6301767021698659;17200;3.6439100314340651;17200;62.95358134708701;17200;95.010223700674459
17210;150.21210364085817;17210;7.007049775688956;17210;98.9898373363445;17210;758.89274686006161;17210;3.6310922574541458;17210;3.6487929929502245;17210;63.0878627887814;17210;94.900357066560872
17220;150.0411999877926;17220;7.1047090060121469;17220;98.9165929136021;17220;758.85321151824041;17220;3.6320078127384257;17220;3.6457411420026249;17220;63.002410962248604;17220;94.839320047608879
17230;149.992370372631;17230;7.1413312173833425;17230;98.867763298440508;17230;758.69507015095576;17230;3.6332285531174655;17230;3.6512344737083042;17230;62.965788750877408;17230;94.827112643818481
17240;150.0045777764214;17240;6.95822016052736;17240;99.075289162877283;17240;758.57646412549218;17240;3.6341441084017454;17240;3.6503189184240243;17240;63.063447981200596;17240;94.949186681722466
17250;150.17548142948698;17250;7.007049775688956;17250;99.050874355296486;17250;758.49739344184979;17250;3.6350596636860253;17250;3.6518448438978242;17250;62.990203558458205;17250;94.912564470351271
17260;150.18768883327738;17260;6.95822016052736;17260;99.209570604571667;17260;758.49739344184979;17260;3.6359752189703052;17260;3.6558122501297037;17260;62.86812952055422;17260;94.949186681722466
17270;149.931333353679;17270;6.9093905453657651;17270;99.111911374248479;17270;758.299716732744;17270;3.637195959349345;17270;3.6503189184240243;17270;62.831507309183024;17270;94.936979277932068
17280;150.10223700674459;17280;6.84835352641377;17280;98.9165929136021;17280;758.18111070728037;17280;3.6381115146336249;17280;3.6558122501297037;17280;62.95358134708701;17280;94.827112643818481
17290;149.992370372631;17290;6.9948423718985557;17290;98.867763298440508;17290;758.0229693399956;17290;3.6390270699179048;17290;3.653065584276864;17290;62.977996154667807;17290;94.875942258980075
17300;150.12665181432538;17300;7.007049775688956;17300;98.818933683278914;17300;757.98343399817452;17300;3.6402478102969447;17300;3.6594744712668232;17300;62.977996154667807;17300;94.839320047608879
17310;150.17548142948698;17310;6.9948423718985557;17310;98.757896664326921;17310;757.90436331453213;17310;3.6411633655812246;17310;3.6558122501297037;17310;62.929166539506213;17310;94.75386822107609
17320;150.23651844843897;17320;7.0192571794793546;17320;98.709067049165327;17320;757.82529263088975;17320;3.6420789208655044;17320;3.6594744712668232;17320;62.892544328135017;17320;94.71724600970488
17330;150.21210364085817;17330;7.0558793908505519;17330;98.721274452955726;17330;757.74622194724736;17330;3.6429944761497852;17330;3.6600848414563432;17330;62.977996154667807;17330;94.729453413495293
17340;150.21210364085817;17340;7.1047090060121469;17340;98.623615222632537;17340;757.66715126360509;17340;3.6442152165288251;17340;3.6625263222144233;17340;63.063447981200596;17340;94.680623798333684
17350;150.29755546739096;17350;6.9704275643177587;17350;98.721274452955726;17350;757.58808057996271;17350;3.645130771813105;17350;3.6658833582567829;17350;63.0512405774102;17350;94.692831202124083
17360;150.16327402569658;17360;6.9826349681081572;17360;98.635822626422936;17360;757.42993921267794;17360;3.6460463270973849;17360;3.6677144688253427;17360;62.904751731925415;17360;94.5829645680105
17370;150.19989623706778;17370;6.8727683339945678;17370;98.635822626422936;17370;757.42993921267794;17370;3.6469618823816647;17370;3.6725974303415021;17370;62.819299905392626;17370;94.5097201452681
17380;150.16327402569658;17380;6.9338053529465622;17380;98.660237434003733;17380;757.19272716175089;17380;3.6481826227607046;17380;3.6674092837305827;17380;62.831507309183024;17380;94.460890530106511
17390;150.27314065981017;17390;6.8727683339945678;17390;98.586993011261342;17390;757.07412113628732;17390;3.6490981780449845;17390;3.6716818750572222;17390;62.831507309183024;17390;94.460890530106511
17400;150.17548142948698;17400;6.9215979491561637;17400;98.562578203680545;17400;757.03458579446612;17400;3.6500137333292644;17400;3.6671040986358228;17400;62.758262886440633;17400;94.485305337687308
17410;150.35859248634296;17410;6.95822016052736;17410;98.611407818842139;17410;756.91597976900266;17410;3.6512344737083042;17410;3.673818170720542;17410;62.86812952055422;17410;94.5463423566393
17420;150.35859248634296;17420;7.1047090060121469;17420;98.586993011261342;17420;756.79737374353908;17420;3.6521500289925841;17420;3.6713766899624622;17420;62.965788750877408;17420;94.63179418317209
17430;150.35859248634296;17430;7.17795342875454;17430;98.477126377147755;17430;756.7183030598967;17430;3.653065584276864;17430;3.6716818750572222;17430;62.929166539506213;17430;94.5585497604297
17440;150.44404431287577;17440;6.9704275643177587;17440;98.59920041505174;17440;756.63923237625443;17440;3.6539811395611439;17440;3.6744285409100619;17440;62.965788750877408;17440;94.5219275490585
17450;150.37079989013336;17450;7.1047090060121469;17450;98.562578203680545;17450;756.52062635079085;17450;3.6552018799401838;17450;3.6762596514786217;17450;62.892544328135017;17450;94.4975127414777
17460;150.41962950529498;17460;6.9704275643177587;17460;98.513748588518951;17460;756.44155566714846;17460;3.6561174352244636;17460;3.6805322428052611;17460;62.807092501602227;17460;94.5585497604297
17470;150.48066652424697;17470;6.9704275643177587;17470;98.440504165776559;17470;756.322949641685;17470;3.6570329905087435;17470;3.6759544663838617;17470;62.794885097811829;17470;94.4975127414777
17480;150.55391094698936;17480;6.8361461226233713;17480;98.440504165776559;17480;756.24387895804261;17480;3.6582537308877834;17480;3.6808374279000211;17480;62.880336924344618;17480;94.473097933896909
17490;150.30976287118136;17490;7.007049775688956;17490;98.26960051271098;17490;756.20434361622154;17490;3.6591692861720633;17490;3.6771752067629015;17490;62.892544328135017;17490;94.448683126316112
17500;150.44404431287577;17500;6.95822016052736;17500;98.281807916501378;17500;756.12527293257915;17500;3.6600848414563432;17500;3.6823633533738214;17500;62.819299905392626;17500;94.326609088412127
17510;150.40742210150458;17510;6.8361461226233713;17510;98.477126377147755;17510;756.00666690711569;17510;3.6610003967406231;17510;3.6783959471419414;17510;62.807092501602227;17510;94.338816492202525
17520;150.37079989013336;17520;6.8971831415753648;17520;98.464918973357356;17520;755.84852553983092;17520;3.6622211371196634;17520;3.6826685384685813;17520;62.758262886440633;17520;94.38764610736412
17530;150.44404431287577;17530;6.8849757377849663;17530;98.367259743034168;17530;755.69038417254626;17530;3.6631366924039432;17530;3.6835840937528612;17530;62.78267769402143;17530;94.412060914944917
17540;150.57832575457016;17540;6.9826349681081572;17540;98.318430127872574;17540;755.65084883072507;17540;3.6640522476882231;17540;3.6829737235633413;17540;62.758262886440633;17540;94.460890530106511
17550;150.57832575457016;17550;6.8117313150425742;17550;98.562578203680545;17550;755.61131348890387;17550;3.664967802972503;17550;3.685720389416181;17550;62.819299905392626;17550;94.5585497604297
17560;150.54170354319896;17560;7.0192571794793546;17560;98.562578203680545;17560;755.4531721216191;17560;3.6661885433515429;17560;3.685415204321421;17560;62.929166539506213;17560;94.4975127414777
17570;150.62715536973175;17570;6.9215979491561637;17570;98.59920041505174;17570;755.37410143797683;17570;3.6671040986358228;17570;3.6899929807428204;17570;62.977996154667807;17570;94.485305337687308
17580;150.46845912045657;17580;6.9704275643177587;17580;98.562578203680545;17580;755.25549541251326;17580;3.6680196539201027;17580;3.6835840937528612;17580;62.880336924344618;17580;94.448683126316112
17590;150.57832575457016;17590;6.9704275643177587;17590;98.501541184728552;17590;755.21596007069206;17590;3.6692403942991425;17590;3.6878566850795007;17590;62.880336924344618;17590;94.38764610736412
17600;150.45625171666617;17600;6.9948423718985557;17600;98.501541184728552;17600;755.13688938704968;17600;3.6701559495834224;17600;3.6863307596057009;17600;62.95358134708701;17600;94.412060914944917
17610;150.41962950529498;17610;7.0192571794793546;17610;98.428296761986161;17610;755.01828336158621;17610;3.6710715048677023;17610;3.69304483169042;17610;62.916959135715814;17610;94.363231299783322
17620;150.45625171666617;17620;6.9948423718985557;17620;98.403881954405364;17620;754.93921267794383;17620;3.6719870601519822;17620;3.6906033509323404;17620;62.86812952055422;17620;94.38764610736412
17630;150.50508133182777;17630;7.129123813592944;17630;98.403881954405364;17630;754.82060665248025;17630;3.673207800531022;17630;3.6909085360271003;17630;62.831507309183024;17630;94.424268318735315
17640;150.48066652424697;17640;7.0680867946409505;17640;98.428296761986161;17640;754.78107131065906;17640;3.6741233558153019;17640;3.69487594225898;17640;62.904751731925415;17640;94.448683126316112
17650;150.45625171666617;17650;7.1535386211737428;17650;98.318430127872574;17650;754.70200062701679;17650;3.6750389110995818;17650;3.69273964659566;17650;62.892544328135017;17650;94.326609088412127
17660;150.54170354319896;17660;7.0436719870601516;17660;98.391674550614965;17660;754.66246528519559;17660;3.6762596514786217;17660;3.6970122379222996;17660;62.819299905392626;17660;94.326609088412127
17670;150.38300729392375;17670;7.1535386211737428;17670;98.330637531662973;17670;754.46478857608963;17670;3.6771752067629015;17670;3.6960966826380197;17670;62.794885097811829;17670;94.338816492202525
17680;150.45625171666617;17680;6.9704275643177587;17680;98.281807916501378;17680;754.34618255062617;17680;3.6780907620471814;17680;3.70128482924894;17680;62.880336924344618;17680;94.38764610736412
17690;150.40742210150458;17690;7.007049775688956;17690;98.330637531662973;17690;754.22757652516259;17690;3.6790063173314613;17690;3.6976226081118195;17690;62.86812952055422;17690;94.424268318735315
17700;150.59053315836056;17700;7.080294198431349;17700;98.428296761986161;17700;754.1485058415202;17700;3.6802270577105012;17700;3.70189519943846;17700;62.807092501602227;17700;94.412060914944917
17710;150.51728873561817;17710;7.0680867946409505;17710;98.379467146824567;17710;754.02989981605674;17710;3.6811426129947811;17710;3.6994537186803793;17710;62.904751731925415;17710;94.375438703573721
17720;150.46845912045657;17720;6.9338053529465622;17720;98.245185705130183;17720;753.91129379059316;17720;3.6820581682790614;17720;3.7052522354808195;17720;62.990203558458205;17720;94.399853511154518
17730;150.45625171666617;17730;6.8849757377849663;17730;98.281807916501378;17730;753.91129379059316;17730;3.6829737235633413;17730;3.7076937162388992;17730;62.990203558458205;17730;94.485305337687308
17740;150.41962950529498;17740;7.0925016022217475;17740;98.281807916501378;17740;753.7926877651297;17740;3.6841944639423811;17740;3.7043366801965396;17740;63.0390331736198;17740;94.314401684621728
17750;150.38300729392375;17750;6.8971831415753648;17750;98.330637531662973;17750;753.63454639784493;17750;3.685110019226661;17750;3.7070833460493793;17750;63.075655384990995;17750;94.326609088412127
17760;150.27314065981017;17760;7.0436719870601516;17760;98.281807916501378;17760;753.55547571420266;17760;3.6860255745109409;17760;3.7064729758598594;17760;63.063447981200596;17760;94.326609088412127
17770;150.37079989013336;17770;7.080294198431349;17770;98.403881954405364;17770;753.47640503056016;17770;3.6872463148899808;17770;3.7113559373760188;17770;62.916959135715814;17770;94.180120242927345
17780;150.17548142948698;17780;7.2145756401257364;17780;98.281807916501378;17780;753.27872832145431;17780;3.6881618701742607;17780;3.7079989013336592;17780;62.904751731925415;17780;94.21674245429854
17790;150.21210364085817;17790;7.1901608325449384;17790;98.19635608996856;17790;753.19965763781192;17790;3.6890774254585406;17790;3.7125766777550586;17790;63.002410962248604;17790;94.289986877040931
17800;150.12665181432538;17800;7.1657460249641414;17800;98.306222724082176;17800;753.16012229599073;17800;3.6899929807428204;17800;3.709524826807459;17800;62.916959135715814;17800;94.241157261879337
17810;150.22431104464857;17810;7.3122348704489273;17810;98.208563493758959;17810;753.12058695416954;17810;3.6912137211218603;17810;3.7162388988921782;17810;62.904751731925415;17810;94.180120242927345
17820;150.28534806360057;17820;7.2756126590777308;17820;98.318430127872574;17820;752.96244558688488;17820;3.69212927640614;17820;3.7162388988921782;17820;62.95358134708701;17820;94.241157261879337
17830;150.27314065981017;17830;7.3610644856105232;17830;98.208563493758959;17830;752.84383956142131;17830;3.69304483169042;17830;3.7131870479445785;17830;62.916959135715814;17830;94.180120242927345
17840;150.30976287118136;17840;7.1535386211737428;17840;98.220770897549357;17840;752.84383956142131;17840;3.6939603869747;17840;3.7171544541764581;17840;62.86812952055422;17840;94.192327646717743
17850;150.22431104464857;17850;7.1901608325449384;17850;98.123111667226169;17850;752.72523353595773;17850;3.69518112735374;17850;3.7183751945554979;17850;62.807092501602227;17850;94.253364665669736
17860;150.28534806360057;17860;7.17795342875454;17860;98.013245033112582;17860;752.60662751049426;17860;3.6960966826380197;17860;3.7226477858821378;17860;62.78267769402143;17860;94.180120242927345
17870;150.27314065981017;17870;7.38547929319132;17870;98.001037629322184;17870;752.52755682685188;17870;3.6970122379222996;17870;3.7186803796502579;17870;62.794885097811829;17870;94.033631397442562
17880;150.48066652424697;17880;7.3366496780297243;17880;98.110904263435771;17880;752.52755682685188;17880;3.6982329783013395;17880;3.7229529709768978;17880;62.843714712973423;17880;94.021423993652164
17890;150.35859248634296;17890;7.3244422742393258;17890;98.086489455854974;17890;752.4089508013883;17890;3.6991485335856193;17890;3.7205114902188177;17890;62.831507309183024;17890;94.021423993652164
17900;150.32197027497176;17900;7.3976866969817205;17900;97.927793206579793;17900;752.29034477592484;17900;3.7000640888698992;17900;3.7284463026825772;17900;62.892544328135017;17900;94.058046205023359
17910;150.26093325601977;17910;7.3488570818201246;17910;97.927793206579793;17910;752.17173875046126;17910;3.7009796441541791;17910;3.7278359324930572;17910;62.819299905392626;17910;94.106875820184953
17920;150.30976287118136;17920;7.4221015045625176;17920;97.817926572466192;17920;752.09266806681887;17920;3.70220038453322;17920;3.7284463026825772;17920;62.721640675069438;17920;93.923764763328961
17930;150.38300729392375;17930;7.3610644856105232;17930;97.83013397625659;17930;752.05313272499779;17930;3.7031159398174998;17930;3.7311929685354168;17930;62.78267769402143;17930;93.93597216711936
17940;150.46845912045657;17940;7.4221015045625176;17940;97.7080599383526;17940;751.97406204135541;17940;3.7040314951017796;17940;3.7330240791039766;17940;62.733848078859836;17940;93.911557359538563
17950;150.51728873561817;17950;7.3122348704489273;17950;97.659230323191011;17950;751.97406204135541;17950;3.7052522354808195;17950;3.737601855525376;17950;62.807092501602227;17950;93.862727744376969
17960;150.50508133182777;17960;7.2389904477065334;17960;97.659230323191011;17960;751.77638533224945;17960;3.7061677907650994;17960;3.7339396343882565;17960;62.746055482650235;17960;93.862727744376969
17970;150.46845912045657;17970;7.2267830439161349;17970;97.683645130771808;17970;751.73684999042837;17970;3.7070833460493793;17970;3.7385174108096559;17970;62.636188848536634;17970;93.716238898892186
17980;150.29755546739096;17980;7.2511978514969337;17980;97.598193304239018;17980;751.5787086231436;17980;3.7079989013336592;17980;3.7366863002410962;17980;62.648396252327032;17980;93.508713034455383
17990;150.50508133182777;17990;7.2267830439161349;17990;97.549363689077424;17990;751.53917328132252;17990;3.709219641712699;17990;3.7434003723258158;17990;62.587359233375039;17990;93.44767601550339
18000;150.50508133182777;18000;7.2389904477065334;18000;97.58598590044862;18000;751.46010259768013;18000;3.7101351969969789;18000;3.7421796319467759;18000;62.623981444746235;18000;93.508713034455383
18010;150.48066652424697;18010;7.3000274666585288;18010;97.451704458754236;18010;751.34149657221667;18010;3.7110507522812588;18010;3.7427900021362959;18010;62.538529618213445;18010;93.508713034455383
18020;150.46845912045657;18020;7.3488570818201246;18020;97.451704458754236;18020;751.22289054675309;18020;3.7119663075655387;18020;3.7427900021362959;18020;62.465285195471054;18020;93.53312784203618
18030;150.60274056215096;18030;7.3366496780297243;18030;97.256385998107859;18030;751.14381986311071;18030;3.7131870479445785;18030;3.7467574083681754;18030;62.392040772728663;18030;93.3256019775994
18040;150.59053315836056;18040;7.1657460249641414;18040;97.134311960203874;18040;751.1833552049319;18040;3.7141026032288584;18040;3.7507248146000549;18040;62.355418561357467;18040;93.240150151066615
18050;150.54170354319896;18050;7.2267830439161349;18050;97.146519363994273;18050;751.06474917946844;18050;3.7150181585131383;18050;3.7458418530838955;18050;62.453077791680656;18050;93.264564958647412
18060;150.60274056215096;18060;7.1047090060121469;18060;97.134311960203874;18060;750.94614315400486;18060;3.7162388988921782;18060;3.7507248146000549;18060;62.50190740684225;18060;93.252357554857014
18070;150.50508133182777;18070;7.0558793908505519;18070;97.109897152623077;18070;750.86707247036247;18070;3.7171544541764581;18070;3.7513351847895748;18070;62.453077791680656;18070;93.227942747276217
18080;150.63936277352215;18080;7.0925016022217475;18080;97.244178594317461;18080;750.748466444899;18080;3.718070009460738;18080;3.7540818506424145;18080;62.465285195471054;18080;93.11807611316263
18090;150.57832575457016;18090;7.0558793908505519;18090;97.207556382946265;18090;750.62986041943543;18090;3.7189855647450178;18090;3.7507248146000549;18090;62.489700003051851;18090;93.105868709372231
18100;150.82247383037813;18100;7.007049775688956;18100;97.036652729880672;18100;750.59032507761424;18100;3.7202063051240577;18100;3.7562181463057343;18100;62.489700003051851;18100;93.03262428662984
18110;150.76143681142614;18110;7.1047090060121469;18110;97.073274941251881;18110;750.51125439397185;18110;3.721121860408338;18110;3.7543870357371745;18110;62.379833368938264;18110;92.959379863887449
18120;150.68819238868375;18120;7.1413312173833425;18120;97.036652729880672;18120;750.39264836850839;18120;3.7220374156926179;18120;3.7543870357371745;18120;62.294381542405461;18120;92.971587267677847
18130;150.66377758110295;18130;7.0192571794793546;18130;96.96340830713828;18130;750.313577684866;18130;3.7232581560716578;18130;3.7571337015900141;18130;62.355418561357467;18130;92.971587267677847
18140;150.62715536973175;18140;7.0925016022217475;18140;96.8291268654439;18140;750.19497165940243;18140;3.7241737113559377;18140;3.7574388866847741;18140;62.392040772728663;18140;92.959379863887449
18150;150.76143681142614;18150;6.9215979491561637;18150;96.914578691976686;18150;750.23450700122362;18150;3.7250892666402176;18150;3.7632374034852139;18150;62.379833368938264;18150;93.020416882839442
18160;150.72481460005494;18160;6.8849757377849663;18160;96.938993499557483;18160;750.19497165940243;18160;3.7260048219244974;18160;3.7641529587694937;18160;62.306588946195873;18160;92.934965056306652
18170;150.77364421521654;18170;6.95822016052736;18170;96.8535416730247;18170;750.076365633939;18170;3.7272255623035373;18170;3.770256660664693;18170;62.318796349986272;18170;92.898342844935456
18180;150.70039979247414;18180;6.8849757377849663;18180;96.5849787896359;18180;749.95775960847538;18180;3.7281411175878172;18180;3.770561845759453;18180;62.233344523453468;18180;92.678609576708268
18190;150.74922940763574;18190;6.8239387188329728;18190;96.5361491744743;18190;749.79961824119061;18190;3.7290566728720971;18190;3.7797173986022523;18190;62.233344523453468;18190;92.507705923642689
18200;150.60274056215096;18200;6.8849757377849663;18200;96.5727713858455;18200;749.72054755754834;18200;3.729972228156377;18200;3.7778862880336921;18200;62.282174138615062;18200;92.532120731223486
18210;150.77364421521654;18210;6.9093905453657651;18210;96.6216010010071;18210;749.68101221572715;18210;3.7311929685354168;18210;3.7778862880336921;18210;62.221137119663069;18210;92.507705923642689
18220;150.78585161900693;18220;6.7995239112521739;18220;96.8169194616535;18220;749.641476873906;18220;3.7321085238196967;18220;3.778191473128452;18220;62.184514908291874;18220;92.641987365337073
18230;150.67598498489335;18230;6.7506942960905789;18230;96.64601580858789;18230;749.56240619026357;18230;3.7330240791039766;18230;3.7806329538865322;18230;62.111270485549483;18230;92.532120731223486
18240;150.74922940763574;18240;6.701864680928983;18240;96.487319559312709;18240;749.48333550662119;18240;3.7342448194830165;18240;3.782464064455092;18240;62.099063081759084;18240;92.519913327433088
18250;150.57832575457016;18250;6.5675832392345965;18250;96.462904751731912;18250;749.40426482297892;18250;3.7351603747672963;18250;3.7760551774651323;18250;62.147892696920678;18250;92.4222540971099
18260;150.57832575457016;18260;6.4455092013306068;18260;96.670430616168687;18260;749.32519413933653;18260;3.7360759300515762;18260;3.7803277687917722;18260;62.062440870387888;18260;92.263557847834718
18270;150.59053315836056;18270;6.5065462202826012;18270;96.5605639820551;18270;749.12751743023068;18270;3.7369914853358561;18270;3.7812433240760521;18270;62.001403851435896;18270;92.275765251625117
18280;150.67598498489335;18280;6.5553758354441962;18280;96.389660328989521;18280;749.08798208840949;18280;3.738212225714896;18280;3.782464064455092;18280;62.05023346659749;18280;92.300180059205914
18290;150.55391094698936;18290;6.62862025818659;18290;96.40186773277992;18290;749.0484467465883;18290;3.7391277809991759;18290;3.7742240668965725;18290;62.025818659016693;18290;92.349009674367508
18300;150.62715536973175;18300;6.5919980468153936;18300;96.292001098666333;18300;748.96937606294591;18300;3.7400433362834558;18300;3.7836848048341318;18300;61.915952024903106;18300;92.239143040253921
18310;150.54170354319896;18310;6.5797906430249951;18310;96.243171483504739;18310;748.89030537930364;18310;3.7412640766624961;18310;3.7858211004974516;18310;61.928159428693505;18310;92.141483809930733
18320;150.40742210150458;18320;6.6408276619769886;18320;96.194341868343145;18320;748.85077003748245;18320;3.7421796319467759;18320;3.7812433240760521;18320;62.001403851435896;18320;92.190313425092327
18330;150.44404431287577;18330;6.4943388164922027;18330;96.292001098666333;18330;748.81123469566126;18330;3.7430951872310558;18330;3.7818536942655721;18330;62.013611255226294;18330;92.4222540971099
18340;150.44404431287577;18340;6.3966795861690118;18340;96.292001098666333;18340;748.69262867019779;18340;3.7440107425153357;18340;3.7839899899288918;18340;61.9769890438551;18340;92.263557847834718
18350;150.54170354319896;18350;6.40888698995941;18350;96.328623310037528;18350;748.57402264473421;18350;3.7452314828943756;18350;3.7861262855922115;18350;61.9769890438551;18350;92.104861598559538
18360;150.35859248634296;18360;6.3600573747978144;18360;96.255378887295137;18360;748.534487302913;18360;3.7461470381786555;18360;3.7794122135074923;18360;61.9769890438551;18360;92.092654194769139
18370;150.27314065981017;18370;6.3112277596362194;18370;96.243171483504739;18370;748.376345935628;18370;3.7470625934629354;18370;3.7882625812555313;18370;61.9769890438551;18370;92.068239387188342
18380;150.26093325601977;18380;6.4821314127018042;18380;96.157719656971949;18380;748.25773991016456;18380;3.7479781487472152;18380;3.7888729514450512;18380;62.001403851435896;18380;92.129276406140335
18390;150.41962950529498;18390;6.4699240089114056;18390;96.14551225318155;18390;748.21820456834337;18390;3.7491988891262551;18390;3.7861262855922115;18390;61.9647816400647;18390;92.092654194769139
18400;150.32197027497176;18400;6.3356425672170174;18400;96.365245521408724;18400;748.09959854287979;18400;3.750114444410535;18400;3.7806329538865322;18400;61.8915372173223;18400;92.092654194769139
18410;150.29755546739096;18410;6.3844721823786132;18410;96.267586291085536;18410;748.0205278592374;18410;3.7510299996948149;18410;3.7913144322031309;18410;61.915952024903106;18410;92.080446790978741
18420;150.22431104464857;18420;6.4577166051210053;18420;96.084475234229558;18420;748.0205278592374;18420;3.7522507400738547;18420;3.7919248023926508;18420;61.9647816400647;18420;92.153691213721132
18430;150.16327402569658;18430;6.40888698995941;18430;96.157719656971949;18430;747.90192183377394;18430;3.7531662953581346;18430;3.7833796197393719;18430;61.9403668324839;18430;92.080446790978741
18440;150.27314065981017;18440;6.2379833368938264;18440;96.328623310037528;18440;747.78331580831036;18440;3.7540818506424145;18440;3.7891781365398112;18440;61.854915005951106;18440;91.921750541703545
18450;150.27314065981017;18450;6.3356425672170174;18450;96.206549272133543;18450;747.6647097828469;18450;3.7549974059266944;18450;3.7949766533402505;18450;61.867122409741505;18450;91.872920926541951
18460;150.22431104464857;18460;6.40888698995941;18460;96.157719656971949;18460;747.58563909920451;18460;3.7562181463057343;18460;3.7928403576769307;18460;61.9647816400647;18460;91.909543137913147
18470;150.13885921811578;18470;6.3112277596362194;18470;96.279793694875934;18470;747.54610375738332;18470;3.7571337015900141;18470;3.7803277687917722;18470;62.013611255226294;18470;92.007202368236349
18480;150.34638508255256;18480;6.2868129520554223;18480;96.292001098666333;18480;747.54610375738332;18480;3.758049256874294;18480;3.7949766533402505;18480;61.842707602160708;18480;91.97058015686514
18490;150.16327402569658;18490;6.4699240089114056;18490;96.047853022858362;18490;747.42749773191986;18490;3.7589648121585739;18490;3.79711294900357;18490;61.806085390789512;18490;91.97058015686514
18500;150.17548142948698;18500;6.3722647785882147;18500;95.950193792535174;18500;747.30889170645628;18500;3.7601855525376142;18500;3.7891781365398112;18500;61.8793298135319;18500;91.946165349284342
18510;150.30976287118136;18510;6.1159092989898376;18510;96.206549272133543;18510;747.229821022814;18510;3.7611011078218941;18510;3.7879573961607713;18510;61.8793298135319;18510;91.921750541703545
18520;150.37079989013336;18520;6.2135685293130276;18520;96.084475234229558;18520;747.19028568099282;18520;3.762016663106174;18520;3.79802850428785;18520;62.038026062807091;18520;91.946165349284342
18530;150.053407391583;18530;6.3722647785882147;18530;96.035645619067964;18530;747.19028568099282;18530;3.7632374034852139;18530;3.79863887447737;18530;62.038026062807091;18530;92.007202368236349
18540;150.0045777764214;18540;6.3234351634266188;18540;96.133304849391152;18540;747.03214431370816;18540;3.7641529587694937;18540;3.7873470259712514;18540;61.854915005951106;18540;91.982787560655538
18550;150.32197027497176;18550;6.0792870876186411;18550;96.194341868343145;18550;747.03214431370816;18550;3.7650685140537736;18550;3.7965025788140503;18550;61.915952024903106;18550;91.982787560655538
18560;150.21210364085817;18560;6.1281167027802361;18560;96.011230811487167;18560;746.95307363006577;18560;3.7659840693380535;18560;3.8019959105197305;18560;61.8793298135319;18560;91.982787560655538
18570;150.21210364085817;18570;6.3112277596362194;18570;95.999023407696768;18570;746.8344676046022;18570;3.7672048097170934;18570;3.7965025788140503;18570;61.793877986999114;18570;91.958372753074741
18580;150.17548142948698;18580;6.2746055482650238;18580;96.23096407971434;18580;746.75539692095981;18580;3.7681203650013733;18580;3.7839899899288918;18580;61.9403668324839;18580;91.958372753074741
18590;150.44404431287577;18590;6.0426648762474446;18590;96.194341868343145;18590;746.63679089549635;18590;3.7690359202856532;18590;3.79741813409833;18590;62.001403851435896;18590;91.811883907589959
18600;150.34638508255256;18600;6.1647389141514335;18600;96.035645619067964;18600;746.63679089549635;18600;3.770256660664693;18600;3.7995544297616508;18600;61.9647816400647;18600;91.787469100009162
18610;150.22431104464857;18610;6.3234351634266188;18610;95.999023407696768;18610;746.59725555367515;18610;3.7711722159489729;18610;3.7928403576769307;18610;61.8793298135319;18610;91.824091311380357
18620;150.29755546739096;18620;6.1403241065706364;18620;96.194341868343145;18620;746.59725555367515;18620;3.7720877712332528;18620;3.7958922086245304;18620;61.842707602160708;18620;91.909543137913147
18630;150.39521469771418;18630;6.0670796838282426;18630;96.072267830439159;18630;746.43911418639038;18630;3.7730033265175327;18630;3.7995544297616508;18630;61.8915372173223;18630;91.921750541703545
18640;150.29755546739096;18640;6.152531510361035;18640;96.108890041810355;18640;746.39957884456919;18640;3.7742240668965725;18640;3.7995544297616508;18640;61.8793298135319;18640;91.994994964445951
18650;150.16327402569658;18650;6.2257759331034261;18650;96.182134464552746;18650;746.36004350274811;18650;3.7751396221808524;18650;3.7925351725821708;18650;61.928159428693505;18650;91.982787560655538
18660;150.39521469771418;18660;6.1403241065706364;18660;96.133304849391152;18660;746.36004350274811;18660;3.7760551774651323;18660;3.8010803552354506;18660;62.025818659016693;18660;91.982787560655538
18670;150.27314065981017;18670;6.250190740684225;18670;95.937986388744775;18670;746.20190213546334;18670;3.7769707327494122;18670;3.8032166508987704;18670;61.915952024903106;18670;91.946165349284342
18680;150.26093325601977;18680;6.2746055482650238;18680;95.840327158421573;18680;746.16236679364215;18680;3.778191473128452;18680;3.8041322061830503;18680;61.842707602160708;18680;91.787469100009162
18690;150.22431104464857;18690;6.1891537217322306;18690;95.937986388744775;18690;746.16236679364215;18690;3.7791070284127319;18690;3.7995544297616508;18690;61.854915005951106;18690;91.787469100009162
18700;150.38300729392375;18700;6.2379833368938264;18700;95.889156773583167;18700;746.08329610999976;18700;3.7800225836970123;18700;3.8099307229834896;18700;61.769463179418317;18700;91.824091311380357
18710;150.30976287118136;18710;6.2868129520554223;18710;95.706045716727189;18710;746.00422542635749;18710;3.7812433240760521;18710;3.8105410931730095;18710;61.806085390789512;18710;91.811883907589959
18720;150.21210364085817;18720;6.1403241065706364;18720;95.767082735679182;18720;745.84608405907272;18720;3.782158879360332;18720;3.8026062807092504;18720;61.9403668324839;18720;91.653187658314778
18730;150.41962950529498;18730;6.0548722800378432;18730;95.974608600115971;18730;745.84608405907272;18730;3.7830744346446119;18730;3.8087099826044497;18730;61.8915372173223;18730;91.604358043153184
18740;150.39521469771418;18740;6.250190740684225;18740;95.681630909146392;18740;745.72747803360926;18740;3.7839899899288918;18740;3.8114566484572894;18740;61.757255775627918;18740;91.628772850733981
18750;150.28534806360057;18750;6.152531510361035;18750;95.547349467452008;18750;745.60887200814568;18750;3.7852107303079316;18750;3.8132877590258492;18750;61.806085390789512;18750;91.71422467726677
18760;150.13885921811578;18760;6.0792870876186411;18760;95.5961790826136;18760;745.56933666632449;18760;3.7861262855922115;18760;3.80626850184637;18760;61.867122409741505;18760;91.653187658314778
18770;150.34638508255256;18770;6.2013611255226291;18770;95.6572161015656;18770;745.4902659826821;18770;3.7870418408764914;18770;3.8151188695944089;18770;61.781670583208715;18770;91.592150639362771
18780;150.34638508255256;18780;6.2379833368938264;18780;95.4741050447096;18780;745.45073064086091;18780;3.7882625812555313;18780;3.8166447950682088;18780;61.708426160466324;18780;91.494491409039583
18790;150.45625171666617;18790;6.1281167027802361;18790;95.290993987853625;18790;745.33212461539745;18790;3.7891781365398112;18790;3.8126773888363292;18790;61.720633564256723;18790;91.4090395825068
18800;150.46845912045657;18800;5.9083834345530564;18800;95.352031006805618;18800;745.25305393175506;18800;3.7900936918240911;18800;3.8102359080782495;18800;61.720633564256723;18800;91.445661793877989
18810;150.56611835077976;18810;5.9083834345530564;18810;95.242164372692031;18810;745.21351858993387;18810;3.7910092471083709;18810;3.8203070162053288;18810;61.769463179418317;18810;91.3602099673452
18820;150.60274056215096;18820;5.9938352610858487;18820;95.303201391644023;18820;745.17398324811268;18820;3.7922299874874108;18820;3.8236640522476883;18820;61.757255775627918;18820;91.384624774926
18830;150.48066652424697;18830;5.9450056459242528;18830;95.278786584063226;18830;745.015841880828;18830;3.7931455427716907;18830;3.814813684499649;18830;61.696218756675925;18830;91.323587755974
18840;150.56611835077976;18840;5.8961760307626578;18840;95.400860621967212;18840;744.97630653900683;18840;3.7940610980559706;18840;3.8203070162053288;18840;61.622974333933534;18840;91.250343333231612
18850;150.56611835077976;18850;5.9572130497146514;18850;95.327616199224821;18850;744.93677119718564;18850;3.7949766533402505;18850;3.8227484969634085;18850;61.537522507400745;18850;91.274758140812409
18860;150.63936277352215;18860;5.8717612231818608;18860;95.107882930997647;18860;744.85770051354325;18860;3.7961973937192903;18860;3.8236640522476883;18860;61.598559526352737;18860;91.3602099673452
18870;150.54170354319896;18870;5.7985168004394669;18870;95.217749565111234;18870;744.73909448807979;18870;3.79711294900357;18870;3.8160344248786888;18870;61.622974333933534;18870;91.3480025635548
18880;150.67598498489335;18880;5.8839686269722593;18880;95.364238410596016;18880;744.69955914625859;18880;3.79802850428785;18880;3.8270210882900479;18880;61.610766930143136;18880;91.164891506698822
18890;150.60274056215096;18890;5.8595538193914614;18890;95.107882930997647;18890;744.66002380443751;18890;3.7992492446668908;18890;3.8285470137638478;18890;61.500900296029535;18890;91.055024872585236
18900;150.63936277352215;18900;5.8107242042298655;18900;95.034638508255256;18900;744.58095312079513;18900;3.8001647999511707;18900;3.8224433118686485;18900;61.586352122562339;18900;91.055024872585236
18910;150.70039979247414;18910;5.8595538193914614;18910;95.315408795434422;18910;744.42281175351047;18910;3.8010803552354506;18910;3.8233588671529284;18910;61.635181737723933;18910;91.10385448774683
18920;150.72481460005494;18920;5.9327982421338543;18920;95.08346812341685;18920;744.34374106986809;18920;3.8019959105197305;18920;3.8328196050904872;18920;61.439863277077542;18920;90.969573046052446
18930;150.72481460005494;18930;5.8839686269722593;18930;94.924771874141669;18930;744.38327641168928;18930;3.8032166508987704;18930;3.8364818262276068;18930;61.427655873287144;18930;90.920743430890852
18940;150.67598498489335;18940;5.7374797814874725;18940;95.022431104464857;18940;744.3042057280469;18940;3.8041322061830503;18940;3.8239692373424483;18940;61.439863277077542;18940;90.969573046052446
18950;150.83468123416853;18950;5.676442762535479;18950;95.095675527207248;18950;744.2646703862257;18950;3.80504776146733;18950;3.8306833094271675;18950;61.586352122562339;18950;91.067232276375634
18960;150.73702200384534;18960;5.774101992858669;18960;94.99801629688406;18960;744.10652901894093;18960;3.80626850184637;18960;3.8340403454695271;18960;61.635181737723933;18960;91.01840266121404
18970;150.77364421521654;18970;5.7130649739066746;18970;94.924771874141669;18970;744.02745833529866;18970;3.80718405713065;18970;3.8364818262276068;18970;61.464278084658339;18970;90.920743430890852
18980;150.63936277352215;18980;5.5909909360026857;18980;94.912564470351271;18980;744.02745833529866;18980;3.80809961241493;18980;3.8315988647114474;18980;61.452070680867941;18980;90.920743430890852
18990;150.81026642658773;18990;5.6398205511642807;18990;94.912564470351271;18990;743.94838765165628;18990;3.8090151676992097;18990;3.8364818262276068;18990;61.439863277077542;18990;90.896328623310055
19000;150.82247383037813;19000;5.725272377697074;19000;94.912564470351271;19000;743.94838765165628;19000;3.8102359080782495;19000;3.8377025666066467;19000;61.354411450544752;19000;90.920743430890852
19010;150.73702200384534;19010;5.65202795495468;19010;94.900357066560872;19010;743.90885230983508;19010;3.8111514633625294;19010;3.8373973815118867;19010;61.403241065706347;19010;90.798669392986838
19020;150.76143681142614;19020;5.6154057435834837;19020;94.973601489303263;19020;743.8297816261927;19020;3.8120670186468093;19020;3.8413647877437667;19020;61.427655873287144;19020;90.810876796777237
19030;150.81026642658773;19030;5.65202795495468;19030;94.741660817285691;19030;743.79024628437151;19030;3.8129825739310892;19030;3.8407544175542467;19030;61.354411450544752;19030;90.810876796777237
19040;150.93234046449172;19040;5.5909909360026857;19040;94.778283028656887;19040;743.71117560072923;19040;3.814203314310129;19040;3.8456373790704061;19040;61.366618854335151;19040;90.798669392986838
19050;150.82247383037813;19050;5.6276131473738822;19050;94.71724600970488;19050;743.55303423344446;19050;3.8151188695944089;19050;3.8416699728385266;19050;61.305581835383158;19050;90.823084200567664
19060;150.92013306070132;19060;5.5909909360026857;19060;94.63179418317209;19060;743.51349889162327;19060;3.8160344248786888;19060;3.846858119449446;19060;61.317789239173557;19060;90.725424970244447
19070;150.74922940763574;19070;5.6154057435834837;19070;94.4975127414777;19070;743.434428207981;19070;3.8172551652577287;19070;3.846858119449446;19070;61.403241065706347;19070;90.688802758873251
19080;150.94454786828211;19080;5.5665761284218869;19080;94.436475722525714;19080;743.39489286615981;19080;3.8181707205420086;19080;3.8511307107760855;19080;61.439863277077542;19080;90.652180547502056
19090;150.95675527207251;19090;5.444502090517898;19090;94.4975127414777;19090;743.3553575243385;19090;3.8190862758262889;19090;3.8489944151127657;19090;61.354411450544752;19090;90.61555833613086
19100;150.81026642658773;19100;5.5055391094698942;19100;94.399853511154518;19100;743.19721615705373;19100;3.8200018311105688;19100;3.8499099703970456;19100;61.256752220221564;19100;90.627765739921259
19110;150.70039979247414;19110;5.5177465132602928;19110;94.412060914944917;19110;743.11814547341135;19110;3.8212225714896086;19110;3.8532670064394052;19110;61.232337412640767;19110;90.627765739921259
19120;150.68819238868375;19120;5.3834650715659054;19120;94.265572069460134;19120;742.96000410612669;19120;3.8221381267738885;19120;3.8532670064394052;19120;61.232337412640767;19120;90.481276894436476
19130;150.88351084933012;19130;5.3834650715659054;19130;94.21674245429854;19130;743.07861013159015;19130;3.8230536820581684;19130;3.8572344126712848;19130;61.146885586107977;19130;90.383617664113274
19140;150.83468123416853;19140;5.3834650715659054;19140;94.167912839136946;19140;743.07861013159015;19140;3.8239692373424483;19140;3.855098117007965;19140;61.171300393688774;19140;90.420239875484469
19150;150.88351084933012;19150;5.3590502639851083;19150;94.167912839136946;19150;742.9204687643055;19150;3.8251899777214882;19150;3.8590655232398454;19150;61.134678182317579;19150;90.371410260322875
19160;150.83468123416853;19160;5.3834650715659054;19160;94.204535050508142;19160;742.8809334224843;19160;3.8261055330057681;19160;3.854792931913205;19160;61.049226355784782;19160;90.33478804895168
19170;151.0299996948149;19170;5.3346354564043095;19170;94.167912839136946;19170;742.80186273884192;19170;3.8270210882900479;19170;3.862727744376965;19170;61.146885586107977;19170;90.237128818628491
19180;150.88351084933012;19180;5.273598437452315;19180;94.119083223975352;19180;742.64372137155726;19180;3.8282418286690878;19180;3.8618121890926851;19180;61.159092989898376;19180;90.1516769920957
19190;150.84688863795893;19190;5.2247688222907192;19190;94.070253608813758;19190;742.60418602973618;19190;3.8291573839533677;19190;3.8596758934293653;19190;61.073641163365579;19190;90.041810357982115
19200;150.85909604174932;19200;5.1026947843867312;19200;94.094668416394555;19200;742.60418602973618;19200;3.8300729392376476;19200;3.8608966338084052;19200;61.073641163365579;19200;90.005188146610919
19210;150.77364421521654;19210;5.1881466109195227;19210;93.948179570909772;19210;742.48558000427261;19210;3.8309884945219275;19210;3.8666951506088445;19210;61.024811548203985;19210;90.017395550401318
19220;150.84688863795893;19220;5.2613910336619165;19220;94.009216589861765;19220;742.44604466245141;19220;3.8322092349009673;19220;3.870967741935484;19220;61.000396740623188;19220;90.029602954191716
19230;150.78585161900693;19230;5.2613910336619165;19230;94.021423993652164;19230;742.327438636988;19230;3.8331247901852472;19230;3.862727744376965;19230;60.988189336832789;19230;90.017395550401318
19240;150.72481460005494;19240;5.1881466109195227;19240;94.021423993652164;19240;742.28790329516676;19240;3.8340403454695271;19240;3.8670003357036045;19240;61.024811548203985;19240;90.005188146610919
EOF
