Name;YT Scope Project;
File;C:\Users\Tobno\Desktop\Kv Tester\JibOpp180bar\50prosent.csv;
Starttime of export;134213156164930000;onsdag 22. april 2026;09:13:36.493
Endtime of export;134213156244177037;onsdag 22. april 2026;09:13:44.417


Name;fPresSupply_bar;Name;fPres1A_bar;Name;fPres1B_bar;Name;fCylinder1_m;Name;fSensor1_V;Name;fValve1_V

0;169.6584978789636;0;79.702139347514262;0;8.89919736320078;0;0.13470877018730043;0;7.5310525833918271;0;7.50022888882107
10;169.54863124485001;10;79.580065309610276;10;8.9114047669911809;10;0.13486691155458513;10;7.5258644367809078;10;7.50022888882107
20;169.59746086001161;20;79.543443098239081;20;8.9480269783623765;20;0.13514365894733341;20;7.5295266579180273;20;7.50022888882107
30;169.48759422589802;30;79.506820886867885;30;8.9114047669911809;30;0.13530180031461811;30;7.5283059175389875;30;7.50022888882107
40;169.49980162968842;40;79.616687520981472;40;8.8747825556199835;40;0.13553901236554516;40;7.5304422132023072;40;7.50022888882107
50;169.52421643726922;50;79.665517136143066;50;8.8869899594103821;50;0.13573668907465106;50;7.5307473982970672;50;7.50022888882107
60;169.51200903347882;60;79.62889492477187;60;8.9114047669911809;60;0.13597390112557811;60;7.5301370281075473;60;7.50022888882107
70;169.51200903347882;70;79.592272713400675;70;8.8869899594103821;70;0.13613204249286281;70;7.5301370281075473;70;7.50022888882107
80;169.56083864864041;80;79.567857905819878;80;8.8869899594103821;80;0.13629018386014752;80;7.5286111026337474;80;7.50022888882107
90;169.56083864864041;90;79.531235694448682;90;8.8381603442487862;90;0.13648786056925341;90;7.5301370281075473;90;7.50022888882107
100;169.6951200903348;100;79.702139347514262;100;8.8747825556199835;100;0.13672507262018049;100;7.5292214728232674;100;7.50022888882107
110;169.6951200903348;110;79.763176366466254;110;8.935819574571978;110;0.13700182001292879;110;7.5310525833918271;110;7.50022888882107
120;169.6340830713828;120;79.665517136143066;120;8.789330729087192;120;0.13719949672203466;120;7.5286111026337474;120;7.50022888882107
130;169.6340830713828;130;79.726554155095059;130;8.862575151829585;130;0.1373181027474982;130;7.5313577684865871;130;7.50022888882107
140;169.59746086001161;140;79.641102328562269;140;8.9846491897335738;140;0.1374762441147829;140;7.5280007324442275;140;7.50022888882107
150;169.6462904751732;150;79.653309732352668;150;8.9724417859431753;150;0.13767392082388877;150;7.5286111026337474;150;7.50022888882107
160;169.62187566759241;160;79.702139347514262;160;8.9724417859431753;160;0.13783206219117347;160;7.5313577684865871;160;7.50022888882107
170;169.6829126865444;170;79.677724539933465;170;9.0578936124759668;170;0.13802973890027936;170;7.5316629535813471;170;7.50022888882107
180;169.609668263802;180;79.62889492477187;180;9.0090639973143727;180;0.13822741560938528;180;7.5313577684865871;180;7.50022888882107
190;169.62187566759241;190;79.580065309610276;190;8.8869899594103821;190;0.13842509231849115;190;7.5283059175389875;190;7.50022888882107
200;169.6340830713828;200;79.62889492477187;200;8.862575151829585;200;0.13870183971123939;200;7.5307473982970672;200;7.50022888882107
210;169.7073274941252;210;79.592272713400675;210;8.8503677480391847;210;0.13882044573670291;210;7.5276955473494676;210;7.50022888882107
220;169.74394970549639;220;79.555650502029479;220;8.8137455366679891;220;0.13905765778762996;220;7.5304422132023072;220;7.50022888882107
230;169.53642384105962;230;79.543443098239081;230;8.862575151829585;230;0.13921579915491467;230;7.5313577684865871;230;7.50022888882107
240;169.52421643726922;240;79.580065309610276;240;8.9724417859431753;240;0.13933440518037826;240;7.532578508865627;240;7.50022888882107
250;169.609668263802;250;79.62889492477187;250;8.8747825556199835;250;0.13953208188948416;250;7.5301370281075473;250;7.50022888882107
260;169.59746086001161;260;79.580065309610276;260;8.789330729087192;260;0.1396506879149477;260;7.5292214728232674;260;7.50022888882107
270;169.46317941831722;270;79.616687520981472;270;8.8381603442487862;270;0.1398088292822324;270;7.5304422132023072;270;7.50022888882107
280;169.54863124485001;280;79.750968962675856;280;8.8747825556199835;280;0.13996697064951713;280;7.5283059175389875;280;7.50022888882107
290;169.54863124485001;290;79.71434675130466;290;8.9114047669911809;290;0.14020418270044419;290;7.5295266579180273;290;7.50022888882107
300;169.609668263802;300;79.616687520981472;300;8.8747825556199835;300;0.14040185940955005;300;7.5310525833918271;300;7.50022888882107
310;169.6462904751732;310;79.726554155095059;310;8.8503677480391847;310;0.140599536118656;310;7.5331888790551469;310;7.50022888882107
320;169.58525345622121;320;79.79979857783745;320;8.8137455366679891;320;0.14071814214411954;320;7.5270851771599476;320;7.50022888882107
330;169.58525345622121;330;79.665517136143066;330;8.8381603442487862;330;0.14099488953686778;330;7.5304422132023072;330;7.50022888882107
340;169.53642384105962;340;79.555650502029479;340;8.89919736320078;340;0.14123210158779484;340;7.5295266579180273;340;7.50022888882107
350;169.6951200903348;350;79.62889492477187;350;8.9480269783623765;350;0.14146931363872189;350;7.5280007324442275;350;7.50022888882107
360;169.6462904751732;360;79.62889492477187;360;8.7771233252967935;360;0.14170652568964898;360;7.5301370281075473;360;7.50022888882107
370;169.62187566759241;370;79.677724539933465;370;8.764915921506395;370;0.14194373774057603;370;7.532273323770867;370;7.50022888882107
380;169.62187566759241;380;79.71434675130466;380;8.8503677480391847;380;0.14210187910786073;380;7.532273323770867;380;7.50022888882107
390;169.609668263802;390;79.763176366466254;390;8.7405011139255961;390;0.14233909115878779;390;7.5301370281075473;390;7.50022888882107
400;169.609668263802;400;79.824213385418247;400;8.6672566911832032;400;0.14249723252607249;400;7.532578508865627;400;7.50022888882107
410;169.71953489791559;410;79.738761558885457;410;8.7160863063447991;410;0.14257630320971484;410;7.5276955473494676;410;7.50022888882107
420;169.84160893581958;420;79.738761558885457;420;8.764915921506395;420;0.14273444457699955;420;7.5307473982970672;420;7.50022888882107
430;169.6829126865444;430;79.702139347514262;430;8.764915921506395;430;0.14293212128610544;430;7.5280007324442275;430;7.50022888882107
440;169.6462904751732;440;79.677724539933465;440;8.862575151829585;440;0.14316933333703255;440;7.5283059175389875;440;7.50022888882107
450;169.62187566759241;450;79.71434675130466;450;8.8503677480391847;450;0.14328793936249609;450;7.5307473982970672;450;7.50022888882107
460;169.71953489791559;460;79.665517136143066;460;8.862575151829585;460;0.14352515141342317;460;7.5313577684865871;460;7.50022888882107
470;169.6340830713828;470;79.62889492477187;470;8.80153813287759;470;0.14376236346435023;470;7.5313577684865871;470;7.50022888882107
480;169.54863124485001;480;79.71434675130466;480;8.7771233252967935;480;0.14392050483163493;480;7.5301370281075473;480;7.50022888882107
490;169.609668263802;490;79.62889492477187;490;8.8137455366679891;490;0.14411818154074083;490;7.5316629535813471;490;7.50022888882107
500;169.7073274941252;500;79.580065309610276;500;8.80153813287759;500;0.14419725222438318;500;7.5258644367809078;500;7.50022888882107
510;169.6951200903348;510;79.665517136143066;510;8.8381603442487862;510;0.14443446427531029;510;7.5292214728232674;510;7.50022888882107
520;169.56083864864041;520;79.738761558885457;520;8.8137455366679891;520;0.14467167632623734;520;7.5280007324442275;520;7.50022888882107
530;169.6340830713828;530;79.726554155095059;530;8.789330729087192;530;0.14479028235170088;530;7.5283059175389875;530;7.50022888882107
540;169.6462904751732;540;79.653309732352668;540;8.7038789025543988;540;0.14498795906080675;540;7.5292214728232674;540;7.50022888882107
550;169.6951200903348;550;79.653309732352668;550;8.6550492873928029;550;0.14526470645355502;550;7.5310525833918271;550;7.50022888882107
560;169.6340830713828;560;79.677724539933465;560;8.6794640949736017;560;0.14550191850448208;560;7.5301370281075473;560;7.50022888882107
570;169.76836451307719;570;79.738761558885457;570;8.6794640949736017;570;0.14566005987176678;570;7.5276955473494676;570;7.50022888882107
580;169.6584978789636;580;79.812005981627848;580;8.6794640949736017;580;0.14593680726451502;580;7.5292214728232674;580;7.50022888882107
590;169.6340830713828;590;79.848628192999044;590;8.80153813287759;590;0.14613448397362089;590;7.5264748069704277;590;7.50022888882107
600;169.6584978789636;600;79.79979857783745;600;8.935819574571978;600;0.14629262534090559;600;7.5292214728232674;600;7.50022888882107
610;169.58525345622121;610;79.71434675130466;610;8.9480269783623765;610;0.14641123136636913;610;7.5295266579180273;610;7.50022888882107
620;169.62187566759241;620;79.763176366466254;620;8.9114047669911809;620;0.1466879787591174;620;7.5316629535813471;620;7.50022888882107
630;169.6340830713828;630;79.763176366466254;630;8.764915921506395;630;0.14680658478458092;630;7.5286111026337474;630;7.50022888882107
640;169.76836451307719;640;79.738761558885457;640;8.6184270760216073;640;0.14704379683550806;640;7.5289162877285074;640;7.50022888882107
650;169.6462904751732;650;79.750968962675856;650;8.6428418836024044;650;0.14732054422825627;650;7.5292214728232674;650;7.50022888882107
660;169.731742301706;660;79.677724539933465;660;8.7160863063447991;660;0.14755775627918333;660;7.5276955473494676;660;7.50022888882107
670;169.6340830713828;670;79.580065309610276;670;8.6794640949736017;670;0.14771589764646803;670;7.5289162877285074;670;7.50022888882107
680;169.56083864864041;680;79.641102328562269;680;8.7771233252967935;680;0.14787403901375273;680;7.5276955473494676;680;7.50022888882107
690;169.6951200903348;690;79.750968962675856;690;8.8747825556199835;690;0.14807171572285863;690;7.5286111026337474;690;7.50022888882107
700;169.6584978789636;700;79.738761558885457;700;8.789330729087192;700;0.14826939243196458;700;7.5276955473494676;700;7.50022888882107
710;169.6462904751732;710;79.824213385418247;710;8.7160863063447991;710;0.14846706914107047;710;7.5307473982970672;710;7.50022888882107
720;169.6340830713828;720;79.763176366466254;720;8.7405011139255961;720;0.14854613982471282;720;7.5280007324442275;720;7.50022888882107
730;169.7073274941252;730;79.665517136143066;730;8.8869899594103821;730;0.14882288721746106;730;7.5289162877285074;730;7.50022888882107
740;169.731742301706;740;79.71434675130466;740;8.7405011139255961;740;0.14902056392656696;740;7.5289162877285074;740;7.50022888882107
750;169.81719412823878;750;79.79979857783745;750;8.59401226844081;750;0.14913916995203047;750;7.5283059175389875;750;7.50022888882107
760;169.76836451307719;760;79.79979857783745;760;8.7405011139255961;760;0.14937638200295753;760;7.5292214728232674;760;7.50022888882107
770;169.80498672444838;770;79.787591174047051;770;8.7527085177159947;770;0.14953452337024223;770;7.5295266579180273;770;7.50022888882107
780;169.80498672444838;780;79.812005981627848;780;8.691671498764;780;0.14973220007934812;780;7.5304422132023072;780;7.50022888882107
790;169.78057191686759;790;79.812005981627848;790;8.6794640949736017;790;0.14992987678845401;790;7.5255592516861478;790;7.50022888882107
800;169.731742301706;800;79.79979857783745;800;8.80153813287759;800;0.15012755349755991;800;7.5283059175389875;800;7.50022888882107
810;169.62187566759241;810;79.79979857783745;810;8.7771233252967935;810;0.1503252302066658;810;7.5286111026337474;810;7.50022888882107
820;169.6951200903348;820;79.787591174047051;820;8.6062196722312088;820;0.15056244225759285;820;7.5301370281075473;820;7.50022888882107
830;169.74394970549639;830;79.738761558885457;830;8.5818048646504117;830;0.15068104828305645;830;7.5270851771599476;830;7.50022888882107
840;169.7073274941252;840;79.79979857783745;840;8.6428418836024044;840;0.15087872499216232;840;7.5264748069704277;840;7.50022888882107
850;169.6462904751732;850;79.79979857783745;850;8.7160863063447991;850;0.1511159370430894;850;7.5267799920651877;850;7.50022888882107
860;169.78057191686759;860;79.873043000579841;860;8.7160863063447991;860;0.15123454306855291;860;7.5283059175389875;860;7.50022888882107
870;169.80498672444838;870;79.885250404370254;870;8.6672566911832032;870;0.15143221977765881;870;7.5304422132023072;870;7.50022888882107
880;169.80498672444838;880;79.738761558885457;880;8.6672566911832032;880;0.15155082580312232;880;7.5270851771599476;880;7.50022888882107
890;169.76836451307719;890;79.738761558885457;890;8.7405011139255961;890;0.15174850251222821;890;7.5295266579180273;890;7.50022888882107
900;169.80498672444838;900;79.824213385418247;900;8.764915921506395;900;0.15190664387951294;900;7.5261696218756677;900;7.50022888882107
910;169.92706076235237;910;79.836420789208645;910;8.7771233252967935;910;0.15214385593044;910;7.5283059175389875;910;7.50022888882107
920;169.79277932065798;920;79.79979857783745;920;8.789330729087192;920;0.15234153263954586;920;7.5276955473494676;920;7.50022888882107
930;169.78057191686759;930;79.897457808160652;930;8.764915921506395;930;0.15249967400683059;930;7.5283059175389875;930;7.50022888882107
940;169.7073274941252;940;79.848628192999044;940;8.59401226844081;940;0.15269735071593646;940;7.5280007324442275;940;7.50022888882107
950;169.79277932065798;950;79.763176366466254;950;8.5818048646504117;950;0.15293456276686351;950;7.5258644367809078;950;7.50022888882107
960;169.86602374340038;960;79.763176366466254;960;8.7405011139255961;960;0.15309270413414824;960;7.5270851771599476;960;7.50022888882107
970;169.81719412823878;970;79.763176366466254;970;8.764915921506395;970;0.15321131015961181;970;7.5289162877285074;970;7.50022888882107
980;169.76836451307719;980;79.836420789208645;980;8.789330729087192;980;0.15340898686871771;980;7.5304422132023072;980;7.50022888882107
990;169.74394970549639;990;79.824213385418247;990;8.7405011139255961;990;0.1536066635778236;990;7.5234229560228281;990;7.50022888882107
1000;169.7073274941252;1000;79.71434675130466;1000;8.8137455366679891;1000;0.15388341097057184;1000;7.5264748069704277;1000;7.50022888882107
1010;169.6951200903348;1010;79.763176366466254;1010;8.8381603442487862;1010;0.15408108767967774;1010;7.5267799920651877;1010;7.50022888882107
1020;169.74394970549639;1020;79.873043000579841;1020;8.7160863063447991;1020;0.1542787643887836;1020;7.5283059175389875;1020;7.50022888882107
1030;169.79277932065798;1030;79.873043000579841;1030;8.7405011139255961;1030;0.1544369057560683;1030;7.5270851771599476;1030;7.50022888882107
1040;169.92706076235237;1040;79.921872615741449;1040;8.80153813287759;1040;0.15467411780699544;1040;7.5267799920651877;1040;7.50022888882107
1050;169.84160893581958;1050;79.885250404370254;1050;8.789330729087192;1050;0.15487179451610131;1050;7.5276955473494676;1050;7.50022888882107
1060;169.81719412823878;1060;79.836420789208645;1060;8.80153813287759;1060;0.1550694712252072;1060;7.5249488814966279;1060;7.50022888882107
1070;169.6951200903348;1070;79.79979857783745;1070;8.7160863063447991;1070;0.15518807725067071;1070;7.5267799920651877;1070;7.50022888882107
1080;169.7073274941252;1080;79.787591174047051;1080;8.6672566911832032;1080;0.15534621861795544;1080;7.5276955473494676;1080;7.50022888882107
1090;169.731742301706;1090;79.848628192999044;1090;8.789330729087192;1090;0.15562296601070369;1090;7.5289162877285074;1090;7.50022888882107
1100;169.731742301706;1100;79.763176366466254;1100;8.7527085177159947;1100;0.15574157203616723;1100;7.524033326212348;1100;7.50022888882107
1110;169.78057191686759;1110;79.824213385418247;1110;8.691671498764;1110;0.15597878408709429;1110;7.5280007324442275;1110;7.50022888882107
1120;169.6829126865444;1120;79.885250404370254;1120;8.7405011139255961;1120;0.1560973901125578;1120;7.5267799920651877;1120;7.50022888882107
1130;169.74394970549639;1130;79.848628192999044;1130;8.7527085177159947;1130;0.15637413750530604;1130;7.5249488814966279;1130;7.50022888882107
1140;169.7073274941252;1140;79.79979857783745;1140;8.7160863063447991;1140;0.15661134955623313;1140;7.5267799920651877;1140;7.50022888882107
1150;169.79277932065798;1150;79.909665211951051;1150;8.7038789025543988;1150;0.15680902626533902;1150;7.5289162877285074;1150;7.50022888882107
1160;169.81719412823878;1160;79.958494827112645;1160;8.6794640949736017;1160;0.15692763229080253;1160;7.5289162877285074;1160;7.50022888882107
1170;169.82940153202918;1170;79.79979857783745;1170;8.7405011139255961;1170;0.15712530899990848;1170;7.523728141117588;1170;7.50022888882107
1180;169.89043855098117;1180;79.750968962675856;1180;8.7527085177159947;1180;0.15736252105083554;1180;7.5264748069704277;1180;7.50022888882107
1190;169.89043855098117;1190;79.824213385418247;1190;8.7527085177159947;1190;0.15744159173447789;1190;7.5249488814966279;1190;7.50022888882107
1200;169.89043855098117;1200;79.909665211951051;1200;8.7405011139255961;1200;0.15759973310176259;1200;7.5267799920651877;1200;7.50022888882107
1210;169.6829126865444;1210;79.836420789208645;1210;8.691671498764;1210;0.15779740981086848;1210;7.5261696218756677;1210;7.50022888882107
1220;169.731742301706;1220;79.812005981627848;1220;8.691671498764;1220;0.15803462186179554;1220;7.5289162877285074;1220;7.50022888882107
1230;169.76836451307719;1230;79.812005981627848;1230;8.789330729087192;1230;0.15831136925454378;1230;7.5276955473494676;1230;7.50022888882107
1240;169.81719412823878;1240;79.763176366466254;1240;8.8137455366679891;1240;0.15846951062182851;1240;7.5249488814966279;1240;7.50022888882107
1250;169.80498672444838;1250;79.836420789208645;1250;8.7527085177159947;1250;0.15874625801457673;1250;7.5267799920651877;1250;7.50022888882107
1260;169.86602374340038;1260;79.921872615741449;1260;8.7527085177159947;1260;0.15894393472368262;1260;7.5258644367809078;1260;7.50022888882107
1270;169.87823114719077;1270;79.873043000579841;1270;8.7160863063447991;1270;0.15918114677460968;1270;7.5267799920651877;1270;7.50022888882107
1280;169.80498672444838;1280;79.812005981627848;1280;8.7038789025543988;1280;0.15937882348371554;1280;7.5261696218756677;1280;7.50022888882107
1290;169.74394970549639;1290;79.873043000579841;1290;8.7771233252967935;1290;0.15957650019282149;1290;7.5292214728232674;1290;7.50022888882107
1300;169.62187566759241;1300;79.885250404370254;1300;8.8137455366679891;1300;0.15977417690192738;1300;7.5258644367809078;1300;7.50022888882107
1310;169.84160893581958;1310;79.824213385418247;1310;8.789330729087192;1310;0.15993231826921209;1310;7.5267799920651877;1310;7.50022888882107
1320;169.80498672444838;1320;79.873043000579841;1320;8.7160863063447991;1320;0.16009045963649679;1320;7.5264748069704277;1320;7.50022888882107
1330;169.74394970549639;1330;79.934080019531848;1330;8.691671498764;1330;0.16032767168742387;1330;7.5267799920651877;1330;7.50022888882107
1340;169.81719412823878;1340;79.885250404370254;1340;8.7160863063447991;1340;0.16048581305470858;1340;7.5280007324442275;1340;7.50022888882107
1350;169.86602374340038;1350;79.921872615741449;1350;8.789330729087192;1350;0.16068348976381447;1350;7.5270851771599476;1350;7.50022888882107
1360;169.74394970549639;1360;79.958494827112645;1360;8.7527085177159947;1360;0.16084163113109923;1360;7.5283059175389875;1360;7.50022888882107
1370;169.76836451307719;1370;79.909665211951051;1370;8.6794640949736017;1370;0.16103930784020512;1370;7.5249488814966279;1370;7.50022888882107
1380;169.87823114719077;1380;79.958494827112645;1380;8.6428418836024044;1380;0.161236984549311;1380;7.5267799920651877;1380;7.50022888882107
1390;169.81719412823878;1390;79.848628192999044;1390;8.6550492873928029;1390;0.16139512591659572;1390;7.5261696218756677;1390;7.50022888882107
1400;169.84160893581958;1400;79.848628192999044;1400;8.7160863063447991;1400;0.16171140865116512;1400;7.5286111026337474;1400;7.50022888882107
1410;169.78057191686759;1410;79.958494827112645;1410;8.6428418836024044;1410;0.16183001467662864;1410;7.5255592516861478;1410;7.50022888882107
1420;169.81719412823878;1420;79.921872615741449;1420;8.6550492873928029;1420;0.16194862070209221;1420;7.5249488814966279;1420;7.50022888882107
1430;169.79277932065798;1430;79.836420789208645;1430;8.7038789025543988;1430;0.16218583275301926;1430;7.5270851771599476;1430;7.50022888882107
1440;169.79277932065798;1440;79.958494827112645;1440;8.7160863063447991;1440;0.16234397412030396;1440;7.5286111026337474;1440;7.50022888882107
1450;169.79277932065798;1450;79.958494827112645;1450;8.7405011139255961;1450;0.16254165082940986;1450;7.5283059175389875;1450;7.50022888882107
1460;169.86602374340038;1460;79.885250404370254;1460;8.7527085177159947;1460;0.16273932753851572;1460;7.524338511307108;1460;7.50022888882107
1470;169.91485335856197;1470;79.909665211951051;1470;8.7527085177159947;1470;0.16281839822215807;1470;7.5270851771599476;1470;7.50022888882107
1480;169.81719412823878;1480;79.885250404370254;1480;8.6428418836024044;1480;0.16293700424762161;1480;7.5246436964018679;1480;7.50022888882107
1490;169.82940153202918;1490;79.897457808160652;1490;8.6672566911832032;1490;0.16313468095672748;1490;7.5270851771599476;1490;7.50022888882107
1500;169.82940153202918;1500;79.909665211951051;1500;8.6550492873928029;1500;0.16333235766583343;1500;7.5267799920651877;1500;7.50022888882107
1510;169.87823114719077;1510;80.092776268807029;1510;8.6794640949736017;1510;0.16360910505858167;1510;7.5276955473494676;1510;7.50022888882107
1520;169.79277932065798;1520;80.019531846064638;1520;8.6062196722312088;1520;0.1637672464258664;1520;7.5261696218756677;1520;7.50022888882107
1530;169.84160893581958;1530;79.848628192999044;1530;8.5695974608600132;1530;0.1639649231349723;1530;7.5255592516861478;1530;7.50022888882107
1540;169.89043855098117;1540;79.909665211951051;1540;8.6428418836024044;1540;0.16424167052772051;1540;7.5261696218756677;1540;7.50022888882107
1550;169.90264595477157;1550;79.970702230903044;1550;8.6672566911832032;1550;0.16439981189500522;1550;7.5249488814966279;1550;7.50022888882107
1560;169.80498672444838;1560;79.958494827112645;1560;8.7160863063447991;1560;0.16455795326228992;1560;7.5267799920651877;1560;7.50022888882107
1570;169.82940153202918;1570;79.921872615741449;1570;8.6794640949736017;1570;0.16471609462957471;1570;7.523728141117588;1570;7.50022888882107
1580;169.90264595477157;1580;79.921872615741449;1580;8.6794640949736017;1580;0.16499284202232292;1580;7.5264748069704277;1580;7.50022888882107
1590;169.81719412823878;1590;79.909665211951051;1590;8.6672566911832032;1590;0.16519051873142881;1590;7.5261696218756677;1590;7.50022888882107
1600;170.01251258888516;1600;79.885250404370254;1600;8.691671498764;1600;0.16542773078235587;1600;7.5283059175389875;1600;7.50022888882107
1610;170.01251258888516;1610;79.885250404370254;1610;8.6794640949736017;1610;0.16554633680781944;1610;7.5255592516861478;1610;7.50022888882107
1620;169.97589037751396;1620;79.958494827112645;1620;8.7771233252967935;1620;0.16578354885874649;1620;7.524338511307108;1620;7.50022888882107
1630;169.80498672444838;1630;79.885250404370254;1630;8.8381603442487862;1630;0.16606029625149471;1630;7.5261696218756677;1630;7.50022888882107
1640;169.82940153202918;1640;79.970702230903044;1640;8.7160863063447991;1640;0.16617890227695825;1640;7.5270851771599476;1640;7.50022888882107
1650;169.87823114719077;1650;80.056154057435833;1650;8.862575151829585;1650;0.16633704364424295;1650;7.5286111026337474;1650;7.50022888882107
1660;169.89043855098117;1660;80.007324442274239;1660;8.8137455366679891;1660;0.16657425569517;1660;7.5261696218756677;1660;7.50022888882107
1670;169.97589037751396;1670;80.019531846064638;1670;8.6062196722312088;1670;0.16673239706245471;1670;7.5276955473494676;1670;7.50022888882107
1680;169.89043855098117;1680;79.958494827112645;1680;8.6672566911832032;1680;0.16689053842973944;1680;7.5225074007385482;1680;7.50022888882107
1690;169.84160893581958;1690;79.970702230903044;1690;8.6550492873928029;1690;0.16708821513884534;1690;7.5255592516861478;1690;7.50022888882107
1700;169.80498672444838;1700;80.019531846064638;1700;8.6672566911832032;1700;0.16724635650613009;1700;7.5261696218756677;1700;7.50022888882107
1710;169.92706076235237;1710;79.995117038483841;1710;8.6672566911832032;1710;0.1674044978734148;1710;7.5264748069704277;1710;7.50022888882107
1720;169.87823114719077;1720;79.958494827112645;1720;8.6794640949736017;1720;0.16764170992434185;1720;7.5261696218756677;1720;7.50022888882107
1730;169.96368297372356;1730;80.007324442274239;1730;8.7405011139255961;1730;0.16783938663344775;1730;7.5249488814966279;1730;7.50022888882107
1740;170.01251258888516;1740;80.068361461226232;1740;8.6672566911832032;1740;0.16799752800073245;1740;7.5258644367809078;1740;7.50022888882107
1750;169.95147556993317;1750;80.056154057435833;1750;8.6550492873928029;1750;0.16819520470983834;1750;7.524338511307108;1750;7.50022888882107
1760;169.91485335856197;1760;79.921872615741449;1760;8.6550492873928029;1760;0.16839288141894429;1760;7.5264748069704277;1760;7.50022888882107
1770;169.95147556993317;1770;80.043946653645435;1770;8.6550492873928029;1770;0.168551022786229;1770;7.5258644367809078;1770;7.50022888882107
1780;170.04913480025635;1780;80.16602069154942;1780;8.6672566911832032;1780;0.16882777017897721;1780;7.5289162877285074;1780;7.50022888882107
1790;170.01251258888516;1790;79.995117038483841;1790;8.59401226844081;1790;0.16906498222990429;1790;7.523728141117588;1790;7.50022888882107
1800;169.95147556993317;1800;80.019531846064638;1800;8.59401226844081;1800;0.16930219428083135;1800;7.524033326212348;1800;7.50022888882107
1810;169.82940153202918;1810;79.995117038483841;1810;8.7405011139255961;1810;0.16946033564811605;1810;7.5258644367809078;1810;7.50022888882107
1820;169.95147556993317;1820;79.958494827112645;1820;8.7405011139255961;1820;0.16965801235722194;1820;7.5264748069704277;1820;7.50022888882107
1830;169.91485335856197;1830;80.068361461226232;1830;8.7038789025543988;1830;0.169895224408149;1830;7.5267799920651877;1830;7.50022888882107
1840;169.90264595477157;1840;80.16602069154942;1840;8.691671498764;1840;0.1700533657754337;1840;7.5261696218756677;1840;7.50022888882107
1850;169.86602374340038;1850;80.141605883968623;1850;8.7160863063447991;1850;0.1702115071427184;1850;7.5276955473494676;1850;7.50022888882107
1860;169.81719412823878;1860;80.056154057435833;1860;8.7038789025543988;1860;0.17044871919364549;1860;7.5234229560228281;1860;7.50022888882107
1870;169.81719412823878;1870;80.068361461226232;1870;8.7038789025543988;1870;0.17060686056093019;1870;7.5255592516861478;1870;7.50022888882107
1880;169.95147556993317;1880;80.043946653645435;1880;8.7771233252967935;1880;0.17076500192821489;1880;7.5246436964018679;1880;7.50022888882107
1890;170.08575701162755;1890;80.08056886501663;1890;8.764915921506395;1890;0.17108128466278438;1890;7.5270851771599476;1890;7.50022888882107
1900;169.81719412823878;1900;80.08056886501663;1900;8.6428418836024044;1900;0.17123942603006909;1900;7.5261696218756677;1900;7.50022888882107
1910;169.86602374340038;1910;80.092776268807029;1910;8.6428418836024044;1910;0.17139756739735379;1910;7.5261696218756677;1910;7.50022888882107
1920;169.96368297372356;1920;80.056154057435833;1920;8.691671498764;1920;0.17151617342281733;1920;7.5261696218756677;1920;7.50022888882107
1930;170.02471999267556;1930;80.007324442274239;1930;8.7160863063447991;1930;0.17175338547374439;1930;7.5246436964018679;1930;7.50022888882107
1940;169.98809778130436;1940;80.092776268807029;1940;8.764915921506395;1940;0.17195106218285025;1940;7.5246436964018679;1940;7.50022888882107
1950;169.97589037751396;1950;80.153813287759021;1950;8.6550492873928029;1950;0.17214873889195617;1950;7.5255592516861478;1950;7.50022888882107
1960;169.97589037751396;1960;80.056154057435833;1960;8.5207678456984173;1960;0.17242548628470439;1960;7.5286111026337474;1960;7.50022888882107
1970;169.97589037751396;1970;79.970702230903044;1970;8.5818048646504117;1970;0.17246502162652558;1970;7.5234229560228281;1970;7.50022888882107
1980;169.97589037751396;1980;80.104983672597427;1980;8.59401226844081;1980;0.17270223367745263;1980;7.5261696218756677;1980;7.50022888882107
1990;169.92706076235237;1990;80.092776268807029;1990;8.5207678456984173;1990;0.17293944572837969;1990;7.5255592516861478;1990;7.50022888882107
2000;170.07354960783715;2000;80.043946653645435;2000;8.5207678456984173;2000;0.17321619312112793;2000;7.5258644367809078;2000;7.50022888882107
2010;170.02471999267556;2010;80.104983672597427;2010;8.6184270760216073;2010;0.17345340517205504;2010;7.5249488814966279;2010;7.50022888882107
2020;170.01251258888516;2020;80.16602069154942;2020;8.7038789025543988;2020;0.17357201119751858;2020;7.5234229560228281;2020;7.50022888882107
2030;169.95147556993317;2030;80.08056886501663;2030;8.6428418836024044;2030;0.17380922324844564;2030;7.5246436964018679;2030;7.50022888882107
2040;169.96368297372356;2040;80.092776268807029;2040;8.6428418836024044;2040;0.17400689995755156;2040;7.5270851771599476;2040;7.50022888882107
2050;169.91485335856197;2050;80.092776268807029;2050;8.6184270760216073;2050;0.17416504132483626;2050;7.5289162877285074;2050;7.50022888882107
2060;169.82940153202918;2060;79.995117038483841;2060;8.6184270760216073;2060;0.17424411200847861;2060;7.5222022156437882;2060;7.50022888882107
2070;169.91485335856197;2070;80.08056886501663;2070;8.6672566911832032;2070;0.17448132405940567;2070;7.5261696218756677;2070;7.50022888882107
2080;169.91485335856197;2080;80.043946653645435;2080;8.6672566911832032;2080;0.17471853611033278;2080;7.5267799920651877;2080;7.50022888882107
2090;169.96368297372356;2090;79.934080019531848;2090;8.6184270760216073;2090;0.17499528350308102;2090;7.5270851771599476;2090;7.50022888882107
2100;169.97589037751396;2100;80.068361461226232;2100;8.5818048646504117;2100;0.17511388952854454;2100;7.5246436964018679;2100;7.50022888882107
2110;169.97589037751396;2110;80.16602069154942;2110;8.6550492873928029;2110;0.17531156623765043;2110;7.524033326212348;2110;7.50022888882107
2120;170.06134220404675;2120;80.129398480178224;2120;8.7038789025543988;2120;0.17543017226311394;2120;7.5255592516861478;2120;7.50022888882107
2130;170.09796441541795;2130;80.141605883968623;2130;8.6672566911832032;2130;0.17562784897221986;2130;7.5264748069704277;2130;7.50022888882107
2140;170.00030518509476;2140;80.178228095339819;2140;8.6184270760216073;2140;0.17586506102314692;2140;7.5261696218756677;2140;7.50022888882107
2150;170.11017181920835;2150;80.25147251808221;2150;8.6062196722312088;2150;0.17602320239043162;2150;7.5225074007385482;2150;7.50022888882107
2160;170.12237922299875;2160;80.312509537034217;2160;8.4963530381176184;2160;0.17626041444135868;2160;7.5258644367809078;2160;7.50022888882107
2170;170.02471999267556;2170;80.275887325663021;2170;8.508560441908017;2170;0.17645809115046457;2170;7.524338511307108;2170;7.50022888882107
2180;170.04913480025635;2180;80.214850306711014;2180;8.5573900570696129;2180;0.17669530320139162;2180;7.5270851771599476;2180;7.50022888882107
2190;170.06134220404675;2190;80.092776268807029;2190;8.6062196722312088;2190;0.17685344456867633;2190;7.5255592516861478;2190;7.50022888882107
2200;170.17120883816034;2200;80.141605883968623;2200;8.6672566911832032;2200;0.17709065661960341;2200;7.5249488814966279;2200;7.50022888882107
2210;169.97589037751396;2210;80.153813287759021;2210;8.59401226844081;2210;0.17728833332870933;2210;7.5255592516861478;2210;7.50022888882107
2220;169.91485335856197;2220;80.16602069154942;2220;8.5573900570696129;2220;0.1774069393541729;2220;7.5249488814966279;2220;7.50022888882107
2230;169.90264595477157;2230;80.153813287759021;2230;8.5573900570696129;2230;0.17764415140509995;2230;7.5258644367809078;2230;7.50022888882107
2240;169.96368297372356;2240;80.092776268807029;2240;8.6428418836024044;2240;0.17780229277238466;2240;7.524338511307108;2240;7.50022888882107
2250;169.91485335856197;2250;80.092776268807029;2250;8.6184270760216073;2250;0.17807904016513287;2250;7.5267799920651877;2250;7.50022888882107
2260;169.82940153202918;2260;80.178228095339819;2260;8.5818048646504117;2260;0.17827671687423877;2260;7.5231177709280681;2260;7.50022888882107
2270;169.92706076235237;2270;80.239265114291811;2270;8.5818048646504117;2270;0.17851392892516582;2270;7.5258644367809078;2270;7.50022888882107
2280;169.91485335856197;2280;80.153813287759021;2280;8.6062196722312088;2280;0.17867207029245055;2280;7.5258644367809078;2280;7.50022888882107
2290;169.92706076235237;2290;80.214850306711014;2290;8.6672566911832032;2290;0.17890928234337761;2290;7.5264748069704277;2290;7.50022888882107
2300;170.01251258888516;2300;80.092776268807029;2300;8.6062196722312088;2300;0.17906742371066231;2300;7.5264748069704277;2300;7.50022888882107
2310;170.08575701162755;2310;80.227057710501413;2310;8.59401226844081;2310;0.179225565077947;2310;7.5264748069704277;2310;7.50022888882107
2320;169.98809778130436;2320;80.324716940824615;2320;8.6550492873928029;2320;0.17942324178705291;2320;7.5267799920651877;2320;7.50022888882107
2330;170.01251258888516;2330;80.214850306711014;2330;8.6428418836024044;2330;0.17958138315433761;2330;7.5249488814966279;2330;7.50022888882107
2340;169.97589037751396;2340;80.190435499130217;2340;8.6428418836024044;2340;0.17973952452162231;2340;7.5267799920651877;2340;7.50022888882107
2350;170.01251258888516;2350;80.16602069154942;2350;8.6428418836024044;2350;0.1798976658889071;2350;7.5231177709280681;2350;7.50022888882107
2360;170.04913480025635;2360;80.190435499130217;2360;8.691671498764;2360;0.18017441328165532;2360;7.5249488814966279;2360;7.50022888882107
2370;170.02471999267556;2370;80.190435499130217;2370;8.691671498764;2370;0.18033255464894002;2370;7.5255592516861478;2370;7.50022888882107
2380;170.11017181920835;2380;80.214850306711014;2380;8.6428418836024044;2380;0.1805697666998671;2380;7.5270851771599476;2380;7.50022888882107
2390;169.97589037751396;2390;80.214850306711014;2390;8.6550492873928029;2390;0.180767443408973;2390;7.523728141117588;2390;7.50022888882107
2400;170.06134220404675;2400;80.239265114291811;2400;8.6428418836024044;2400;0.18100465545990005;2400;7.5231177709280681;2400;7.50022888882107
2410;169.97589037751396;2410;80.141605883968623;2410;8.59401226844081;2410;0.181202332169006;2410;7.5258644367809078;2410;7.50022888882107
2420;169.92706076235237;2420;80.068361461226232;2420;8.6672566911832032;2420;0.18128140285264835;2420;7.5261696218756677;2420;7.50022888882107
2430;170.02471999267556;2430;80.178228095339819;2430;8.6550492873928029;2430;0.1813604735362907;2430;7.5264748069704277;2430;7.50022888882107
2440;170.11017181920835;2440;80.178228095339819;2440;8.6428418836024044;2440;0.18159768558721776;2440;7.5261696218756677;2440;7.50022888882107
2450;170.19562364574114;2450;80.227057710501413;2450;8.6428418836024044;2450;0.181874432979966;2450;7.5286111026337474;2450;7.50022888882107
2460;170.17120883816034;2460;80.263679921872608;2460;8.5573900570696129;2460;0.1820325743472507;2460;7.5225074007385482;2460;7.50022888882107
2470;170.12237922299875;2470;80.190435499130217;2470;8.48414563432722;2470;0.18226978639817779;2470;7.5255592516861478;2470;7.50022888882107
2480;170.12237922299875;2480;80.141605883968623;2480;8.5573900570696129;2480;0.18246746310728365;2480;7.5258644367809078;2480;7.50022888882107
2490;170.11017181920835;2490;80.153813287759021;2490;8.5818048646504117;2490;0.18270467515821073;2490;7.5261696218756677;2490;7.50022888882107
2500;169.91485335856197;2500;80.190435499130217;2500;8.4963530381176184;2500;0.18286281652549544;2500;7.5258644367809078;2500;7.50022888882107
2510;169.98809778130436;2510;80.153813287759021;2510;8.435316019165624;2510;0.1830604932346013;2510;7.524338511307108;2510;7.50022888882107
2520;170.11017181920835;2520;80.141605883968623;2520;8.4963530381176184;2520;0.18325816994370719;2520;7.5249488814966279;2520;7.50022888882107
2530;170.11017181920835;2530;80.25147251808221;2530;8.6062196722312088;2530;0.1834163113109919;2530;7.5249488814966279;2530;7.50022888882107
2540;170.02471999267556;2540;80.239265114291811;2540;8.4963530381176184;2540;0.183653523361919;2540;7.5264748069704277;2540;7.50022888882107
2550;169.98809778130436;2550;80.178228095339819;2550;8.4109012115848252;2550;0.18381166472920371;2550;7.524338511307108;2550;7.50022888882107
2560;170.12237922299875;2560;80.275887325663021;2560;8.5451826532792143;2560;0.18404887678013082;2560;7.5280007324442275;2560;7.50022888882107
2570;170.18341624195074;2570;80.275887325663021;2570;8.5695974608600132;2570;0.18424655348923669;2570;7.5234229560228281;2570;7.50022888882107
2580;170.07354960783715;2580;80.263679921872608;2580;8.4963530381176184;2580;0.18444423019834258;2580;7.5234229560228281;2580;7.50022888882107
2590;170.00030518509476;2590;80.312509537034217;2590;8.4963530381176184;2590;0.18460237156562728;2590;7.5258644367809078;2590;7.50022888882107
2600;170.19562364574114;2600;80.349131748405412;2600;8.4719382305368214;2600;0.18476051293291199;2600;7.5264748069704277;2600;7.50022888882107
2610;170.09796441541795;2610;80.324716940824615;2610;8.48414563432722;2610;0.18487911895837558;2610;7.5267799920651877;2610;7.50022888882107
2620;170.01251258888516;2620;80.275887325663021;2620;8.6062196722312088;2620;0.18507679566748145;2620;7.5249488814966279;2620;7.50022888882107
2630;170.06134220404675;2630;80.300302133243818;2630;8.6062196722312088;2630;0.1853140077184085;2630;7.5267799920651877;2630;7.50022888882107
2640;170.08575701162755;2640;80.312509537034217;2640;8.5573900570696129;2640;0.18559075511115675;2640;7.5234229560228281;2640;7.50022888882107
2650;170.12237922299875;2650;80.275887325663021;2650;8.5818048646504117;2650;0.18578843182026267;2650;7.5255592516861478;2650;7.50022888882107
2660;170.09796441541795;2660;80.25147251808221;2660;8.5818048646504117;2660;0.18590703784572618;2660;7.5249488814966279;2660;7.50022888882107
2670;170.12237922299875;2670;80.214850306711014;2670;8.6428418836024044;2670;0.18598610852936853;2670;7.5270851771599476;2670;7.50022888882107
2680;170.09796441541795;2680;80.153813287759021;2680;8.6672566911832032;2680;0.18606517921301088;2680;7.5258644367809078;2680;7.50022888882107
2690;169.95147556993317;2690;80.153813287759021;2690;8.5695974608600132;2690;0.18626285592211678;2690;7.5255592516861478;2690;7.50022888882107
2700;169.87823114719077;2700;80.239265114291811;2700;8.5451826532792143;2700;0.18642099728940148;2700;7.5261696218756677;2700;7.50022888882107
2710;170.12237922299875;2710;80.336924344615014;2710;8.6672566911832032;2710;0.18661867399850735;2710;7.5258644367809078;2710;7.50022888882107
2720;170.17120883816034;2720;80.312509537034217;2720;8.7038789025543988;2720;0.18685588604943443;2720;7.5264748069704277;2720;7.50022888882107
2730;170.20783104953153;2730;80.263679921872608;2730;8.5818048646504117;2730;0.18709309810036151;2730;7.524338511307108;2730;7.50022888882107
2740;170.15900143436994;2740;80.349131748405412;2740;8.508560441908017;2740;0.18725123946764621;2740;7.5276955473494676;2740;7.50022888882107
2750;170.08575701162755;2750;80.275887325663021;2750;8.5207678456984173;2750;0.18736984549310978;2750;7.523728141117588;2750;7.50022888882107
2760;170.12237922299875;2760;80.25147251808221;2760;8.59401226844081;2760;0.18756752220221568;2760;7.5255592516861478;2760;7.50022888882107
2770;170.07354960783715;2770;80.312509537034217;2770;8.6550492873928029;2770;0.18776519891132157;2770;7.5261696218756677;2770;7.50022888882107
2780;170.12237922299875;2780;80.385753959776608;2780;8.691671498764;2780;0.18804194630406978;2780;7.5270851771599476;2780;7.50022888882107
2790;170.15900143436994;2790;80.4345835749382;2790;8.5695974608600132;2790;0.18820008767135449;2790;7.5261696218756677;2790;7.50022888882107
2800;170.15900143436994;2800;80.4223761711478;2800;8.5451826532792143;2800;0.18839776438046038;2800;7.524033326212348;2800;7.50022888882107
2810;170.09796441541795;2810;80.275887325663021;2810;8.6062196722312088;2810;0.18863497643138752;2810;7.5255592516861478;2810;7.50022888882107
2820;170.11017181920835;2820;80.16602069154942;2820;8.6794640949736017;2820;0.18879311779867222;2820;7.5264748069704277;2820;7.50022888882107
2830;170.12237922299875;2830;80.153813287759021;2830;8.6428418836024044;2830;0.18903032984959928;2830;7.5276955473494676;2830;7.50022888882107
2840;170.11017181920835;2840;80.25147251808221;2840;8.59401226844081;2840;0.18922800655870517;2840;7.524338511307108;2840;7.50022888882107
2850;170.01251258888516;2850;80.385753959776608;2850;8.6550492873928029;2850;0.18938614792598987;2850;7.5276955473494676;2850;7.50022888882107
2860;170.01251258888516;2860;80.336924344615014;2860;8.6672566911832032;2860;0.18954428929327458;2860;7.5234229560228281;2860;7.50022888882107
2870;170.14679403057954;2870;80.275887325663021;2870;8.691671498764;2870;0.18978150134420163;2870;7.524033326212348;2870;7.50022888882107
2880;170.07354960783715;2880;80.300302133243818;2880;8.6428418836024044;2880;0.18993964271148636;2880;7.5267799920651877;2880;7.50022888882107
2890;170.06134220404675;2890;80.397961363567;2890;8.6184270760216073;2890;0.19013731942059223;2890;7.5283059175389875;2890;7.50022888882107
2900;170.01251258888516;2900;80.312509537034217;2900;8.6428418836024044;2900;0.19029546078787693;2900;7.5267799920651877;2900;7.50022888882107
2910;170.09796441541795;2910;80.312509537034217;2910;8.5818048646504117;2910;0.190532672838804;2910;7.524033326212348;2910;7.50022888882107
2920;170.06134220404675;2920;80.324716940824615;2920;8.6062196722312088;2920;0.19076988488973107;2920;7.5258644367809078;2920;7.50022888882107
2930;170.09796441541795;2930;80.227057710501413;2930;8.6550492873928029;2930;0.19096756159883696;2930;7.5258644367809078;2930;7.50022888882107
2940;170.15900143436994;2940;80.312509537034217;2940;8.6062196722312088;2940;0.19108616762430047;2940;7.5270851771599476;2940;7.50022888882107
2950;170.15900143436994;2950;80.275887325663021;2950;8.5695974608600132;2950;0.19116523830794291;2950;7.5246436964018679;2950;7.50022888882107
2960;170.20783104953153;2960;80.336924344615014;2960;8.5818048646504117;2960;0.19140245035886996;2960;7.5283059175389875;2960;7.50022888882107
2970;170.11017181920835;2970;80.397961363567;2970;8.6062196722312088;2970;0.19160012706797586;2970;7.5249488814966279;2970;7.50022888882107
2980;170.12237922299875;2980;80.385753959776608;2980;8.5573900570696129;2980;0.19183733911890291;2980;7.523728141117588;2980;7.50022888882107
2990;170.09796441541795;2990;80.312509537034217;2990;8.4963530381176184;2990;0.19203501582800878;2990;7.5261696218756677;2990;7.50022888882107
3000;170.19562364574114;3000;80.312509537034217;3000;8.5451826532792143;3000;0.19223269253711467;3000;7.5270851771599476;3000;7.50022888882107
3010;170.15900143436994;3010;80.300302133243818;3010;8.6794640949736017;3010;0.19243036924622056;3010;7.5270851771599476;3010;7.50022888882107
3020;170.17120883816034;3020;80.324716940824615;3020;8.6184270760216073;3020;0.19258851061350526;3020;7.5234229560228281;3020;7.50022888882107
3030;170.18341624195074;3030;80.4101687673574;3030;8.5451826532792143;3030;0.19278618732261116;3030;7.5261696218756677;3030;7.50022888882107
3040;170.18341624195074;3040;80.385753959776608;3040;8.6062196722312088;3040;0.19294432868989586;3040;7.5261696218756677;3040;7.50022888882107
3050;170.25666066469313;3050;80.397961363567;3050;8.6184270760216073;3050;0.19326061142446527;3050;7.5276955473494676;3050;7.50022888882107
3060;170.15900143436994;3060;80.312509537034217;3060;8.6550492873928029;3060;0.19341875279174997;3060;7.5246436964018679;3060;7.50022888882107
3070;170.17120883816034;3070;80.385753959776608;3070;8.6184270760216073;3070;0.19353735881721351;3070;7.5258644367809078;3070;7.50022888882107
3080;170.09796441541795;3080;80.324716940824615;3080;8.6184270760216073;3080;0.19377457086814062;3080;7.5258644367809078;3080;7.50022888882107
3090;170.17120883816034;3090;80.312509537034217;3090;8.5695974608600132;3090;0.19397224757724651;3090;7.524033326212348;3090;7.50022888882107
3100;170.15900143436994;3100;80.397961363567;3100;8.6672566911832032;3100;0.19405131826088887;3100;7.5246436964018679;3100;7.50022888882107
3110;170.15900143436994;3110;80.4223761711478;3110;8.764915921506395;3110;0.19432806565363714;3110;7.5264748069704277;3110;7.50022888882107
3120;170.20783104953153;3120;80.520035401470992;3120;8.5818048646504117;3120;0.194525742362743;3120;7.5280007324442275;3120;7.50022888882107
3130;170.15900143436994;3130;80.4956205938902;3130;8.48414563432722;3130;0.19468388373002771;3130;7.5231177709280681;3130;7.50022888882107
3140;170.18341624195074;3140;80.4223761711478;3140;8.6550492873928029;3140;0.19496063112277595;3140;7.5255592516861478;3140;7.50022888882107
3150;170.25666066469313;3150;80.385753959776608;3150;8.7038789025543988;3150;0.19511877249006065;3150;7.5255592516861478;3150;7.50022888882107
3160;170.19562364574114;3160;80.4467909787286;3160;8.5818048646504117;3160;0.19531644919916655;3160;7.5267799920651877;3160;7.50022888882107
3170;170.12237922299875;3170;80.4467909787286;3170;8.48414563432722;3170;0.19547459056645128;3170;7.5246436964018679;3170;7.50022888882107
3180;170.24445326090273;3180;80.4467909787286;3180;8.48414563432722;3180;0.195632731933736;3180;7.524033326212348;3180;7.50022888882107
3190;170.18341624195074;3190;80.336924344615014;3190;8.4963530381176184;3190;0.1958304086428419;3190;7.5258644367809078;3190;7.50022888882107
3200;170.24445326090273;3200;80.397961363567;3200;8.5451826532792143;3200;0.19606762069376898;3200;7.5267799920651877;3200;7.50022888882107
3210;170.24445326090273;3210;80.4345835749382;3210;8.6550492873928029;3210;0.19622576206105369;3210;7.5280007324442275;3210;7.50022888882107
3220;170.28107547227393;3220;80.4223761711478;3220;8.691671498764;3220;0.19646297411198074;3220;7.523728141117588;3220;7.50022888882107
3230;170.24445326090273;3230;80.4345835749382;3230;8.5818048646504117;3230;0.19662111547926545;3230;7.5261696218756677;3230;7.50022888882107
3240;170.15900143436994;3240;80.275887325663021;3240;8.5207678456984173;3240;0.19677925684655015;3240;7.523728141117588;3240;7.50022888882107
3250;170.23224585711233;3250;80.397961363567;3250;8.5818048646504117;3250;0.19709553958111956;3250;7.5255592516861478;3250;7.50022888882107
3260;170.20783104953153;3260;80.4834131900998;3260;8.6184270760216073;3260;0.19725368094840429;3260;7.5258644367809078;3260;7.50022888882107
3270;170.30549027985472;3270;80.4712057863094;3270;8.6184270760216073;3270;0.197411822315689;3270;7.5261696218756677;3270;7.50022888882107
3280;170.24445326090273;3280;80.4956205938902;3280;8.4719382305368214;3280;0.19760949902479488;3280;7.5261696218756677;3280;7.50022888882107
3290;170.28107547227393;3290;80.5078279976806;3290;8.59401226844081;3290;0.19780717573390075;3290;7.524338511307108;3290;7.50022888882107
3300;170.19562364574114;3300;80.4834131900998;3300;8.6672566911832032;3300;0.19796531710118545;3300;7.5255592516861478;3300;7.50022888882107
3310;170.17120883816034;3310;80.385753959776608;3310;8.5695974608600132;3310;0.1981629938102914;3310;7.5249488814966279;3310;7.50022888882107
3320;170.15900143436994;3320;80.4712057863094;3320;8.6062196722312088;3320;0.1983211351775761;3320;7.5264748069704277;3320;7.50022888882107
3330;170.15900143436994;3330;80.581072420422984;3330;8.5695974608600132;3330;0.19855834722850318;3330;7.5258644367809078;3330;7.50022888882107
3340;170.34211249122592;3340;80.4956205938902;3340;8.5695974608600132;3340;0.19879555927943024;3340;7.5289162877285074;3340;7.50022888882107
3350;170.29328287606432;3350;80.4956205938902;3350;8.5207678456984173;3350;0.1988350946212514;3350;7.524033326212348;3350;7.50022888882107
3360;170.28107547227393;3360;80.5078279976806;3360;8.5573900570696129;3360;0.19903277133035732;3360;7.5246436964018679;3360;7.50022888882107
3370;170.19562364574114;3370;80.349131748405412;3370;8.5451826532792143;3370;0.19926998338128438;3370;7.5255592516861478;3370;7.50022888882107
3380;170.23224585711233;3380;80.300302133243818;3380;8.5451826532792143;3380;0.19942812474856908;3380;7.524338511307108;3380;7.50022888882107
3390;170.18341624195074;3390;80.385753959776608;3390;8.59401226844081;3390;0.19962580145767495;3390;7.5249488814966279;3390;7.50022888882107
3400;170.11017181920835;3400;80.5078279976806;3400;8.6062196722312088;3400;0.19994208419224438;3400;7.5261696218756677;3400;7.50022888882107
3410;170.11017181920835;3410;80.568865016632586;3410;8.6794640949736017;3410;0.20017929624317143;3410;7.5270851771599476;3410;7.50022888882107
3420;170.24445326090273;3420;80.53224280526139;3420;8.6428418836024044;3420;0.20029790226863498;3420;7.5231177709280681;3420;7.50022888882107
3430;170.19562364574114;3430;80.336924344615014;3430;8.59401226844081;3430;0.20045604363591968;3430;7.5267799920651877;3430;7.50022888882107
3440;170.11017181920835;3440;80.349131748405412;3440;8.5818048646504117;3440;0.20065372034502568;3440;7.523728141117588;3440;7.50022888882107
3450;170.32990508743552;3450;80.4712057863094;3450;8.6062196722312088;3450;0.2009304677377739;3450;7.5249488814966279;3450;7.50022888882107
3460;170.34211249122592;3460;80.4223761711478;3460;8.6062196722312088;3460;0.20108860910505863;3460;7.5270851771599476;3460;7.50022888882107
3470;170.25666066469313;3470;80.4101687673574;3470;8.6428418836024044;3470;0.20136535649780687;3470;7.5267799920651877;3470;7.50022888882107
3480;170.14679403057954;3480;80.4467909787286;3480;8.6794640949736017;3480;0.20156303320691277;3480;7.5258644367809078;3480;7.50022888882107
3490;170.17120883816034;3490;80.4345835749382;3490;8.691671498764;3490;0.20176070991601863;3490;7.5246436964018679;3490;7.50022888882107
3500;170.17120883816034;3500;80.361339152195811;3500;8.5818048646504117;3500;0.20195838662512453;3500;7.5267799920651877;3500;7.50022888882107
3510;170.23224585711233;3510;80.4223761711478;3510;8.4231086153752255;3510;0.20211652799240923;3510;7.5246436964018679;3510;7.50022888882107
3520;170.35431989501632;3520;80.4834131900998;3520;8.5573900570696129;3520;0.20235374004333628;3520;7.5261696218756677;3520;7.50022888882107
3530;170.30549027985472;3530;80.4467909787286;3530;8.6184270760216073;3530;0.20255141675244218;3530;7.5258644367809078;3530;7.50022888882107
3540;170.34211249122592;3540;80.4956205938902;3540;8.59401226844081;3540;0.20278862880336926;3540;7.5283059175389875;3540;7.50022888882107
3550;170.39094210638751;3550;80.4712057863094;3550;8.5207678456984173;3550;0.20298630551247512;3550;7.5249488814966279;3550;7.50022888882107
3560;170.39094210638751;3560;80.4712057863094;3560;8.4109012115848252;3560;0.20314444687975983;3560;7.5255592516861478;3560;7.50022888882107
3570;170.25666066469313;3570;80.5078279976806;3570;8.48414563432722;3570;0.20326305290522342;3570;7.5249488814966279;3570;7.50022888882107
3580;170.26886806848353;3580;80.53224280526139;3580;8.6062196722312088;3580;0.20353980029797167;3580;7.5234229560228281;3580;7.50022888882107
3590;170.20783104953153;3590;80.520035401470992;3590;8.6550492873928029;3590;0.20373747700707753;3590;7.5249488814966279;3590;7.50022888882107
3600;170.32990508743552;3600;80.4101687673574;3600;8.6428418836024044;3600;0.20389561837436224;3600;7.5267799920651877;3600;7.50022888882107
3610;170.25666066469313;3610;80.53224280526139;3610;8.6428418836024044;3610;0.20409329508346813;3610;7.5280007324442275;3610;7.50022888882107
3620;170.08575701162755;3620;80.593279824213383;3620;8.7038789025543988;3620;0.20425143645075286;3620;7.5246436964018679;3620;7.50022888882107
3630;170.19562364574114;3630;80.5078279976806;3630;8.7527085177159947;3630;0.20448864850167991;3630;7.5280007324442275;3630;7.50022888882107
3640;170.26886806848353;3640;80.4956205938902;3640;8.6184270760216073;3640;0.20464678986896462;3640;7.524033326212348;3640;7.50022888882107
3650;170.17120883816034;3650;80.4712057863094;3650;8.5451826532792143;3650;0.20492353726171286;3650;7.5258644367809078;3650;7.50022888882107
3660;170.15900143436994;3660;80.4712057863094;3660;8.6062196722312088;3660;0.20508167862899757;3660;7.5261696218756677;3660;7.50022888882107
3670;170.32990508743552;3670;80.4467909787286;3670;8.6184270760216073;3670;0.20527935533810343;3670;7.5246436964018679;3670;7.50022888882107
3680;170.30549027985472;3680;80.4834131900998;3680;8.6550492873928029;3680;0.20543749670538816;3680;7.5261696218756677;3680;7.50022888882107
3690;170.34211249122592;3690;80.556657612842187;3690;8.7038789025543988;3690;0.20563517341449405;3690;7.5270851771599476;3690;7.50022888882107
3700;170.24445326090273;3700;80.5078279976806;3700;8.691671498764;3700;0.20587238546542116;3700;7.5280007324442275;3700;7.50022888882107
3710;170.23224585711233;3710;80.4834131900998;3710;8.6062196722312088;3710;0.20603052683270587;3710;7.524338511307108;3710;7.50022888882107
3720;170.19562364574114;3720;80.520035401470992;3720;8.6794640949736017;3720;0.20622820354181176;3720;7.5267799920651877;3720;7.50022888882107
3730;170.24445326090273;3730;80.4956205938902;3730;8.6062196722312088;3730;0.20646541559273882;3730;7.523728141117588;3730;7.50022888882107
3740;170.39094210638751;3740;80.4956205938902;3740;8.6062196722312088;3740;0.20670262764366587;3740;7.5261696218756677;3740;7.50022888882107
3750;170.34211249122592;3750;80.4345835749382;3750;8.6062196722312088;3750;0.20686076901095057;3750;7.5267799920651877;3750;7.50022888882107
3760;170.43977172154911;3760;80.4467909787286;3760;8.5695974608600132;3760;0.20713751640369882;3760;7.5258644367809078;3760;7.50022888882107
3770;170.26886806848353;3770;80.4467909787286;3770;8.6184270760216073;3770;0.20733519311280471;3770;7.5255592516861478;3770;7.50022888882107
3780;170.19562364574114;3780;80.520035401470992;3780;8.5573900570696129;3780;0.20749333448008944;3780;7.524033326212348;3780;7.50022888882107
3790;170.26886806848353;3790;80.4956205938902;3790;8.4719382305368214;3790;0.20769101118919531;3790;7.5255592516861478;3790;7.50022888882107
3800;170.32990508743552;3800;80.4101687673574;3800;8.4109012115848252;3800;0.2078886878983012;3800;7.5258644367809078;3800;7.50022888882107
3810;170.35431989501632;3810;80.520035401470992;3810;8.4963530381176184;3810;0.20812589994922825;3810;7.5276955473494676;3810;7.50022888882107
3820;170.30549027985472;3820;80.568865016632586;3820;8.4963530381176184;3820;0.20832357665833426;3820;7.524338511307108;3820;7.50022888882107
3830;170.32990508743552;3830;80.53224280526139;3830;8.48414563432722;3830;0.20856078870926131;3830;7.5270851771599476;3830;7.50022888882107
3840;170.29328287606432;3840;80.4956205938902;3840;8.5695974608600132;3840;0.20867939473472485;3840;7.523728141117588;3840;7.50022888882107
3850;170.40314951017791;3850;80.61769463179418;3850;8.5695974608600132;3850;0.20887707144383075;3850;7.523728141117588;3850;7.50022888882107
3860;170.34211249122592;3860;80.593279824213383;3860;8.59401226844081;3860;0.20907474815293661;3860;7.5261696218756677;3860;7.50022888882107
3870;170.29328287606432;3870;80.5078279976806;3870;8.5818048646504117;3870;0.20927242486204251;3870;7.5270851771599476;3870;7.50022888882107
3880;170.18341624195074;3880;80.5078279976806;3880;8.5573900570696129;3880;0.2094701015711484;3880;7.5280007324442275;3880;7.50022888882107
3890;170.15900143436994;3890;80.4712057863094;3890;8.4719382305368214;3890;0.20958870759661194;3890;7.5258644367809078;3890;7.50022888882107
3900;170.14679403057954;3900;80.53224280526139;3900;8.4719382305368214;3900;0.20974684896389664;3900;7.5270851771599476;3900;7.50022888882107
3910;170.15900143436994;3910;80.678731650746172;3910;8.5573900570696129;3910;0.2099840610148237;3910;7.5231177709280681;3910;7.50022888882107
3920;170.23224585711233;3920;80.813013092440556;3920;8.59401226844081;3920;0.2103003437493931;3920;7.5258644367809078;3920;7.50022888882107
3930;170.26886806848353;3930;80.690939054536571;3930;8.6672566911832032;3930;0.21037941443303546;3930;7.5258644367809078;3930;7.50022888882107
3940;170.34211249122592;3940;80.642109439374977;3940;8.6184270760216073;3940;0.21045848511667781;3940;7.5267799920651877;3940;7.50022888882107
3950;170.24445326090273;3950;80.581072420422984;3950;8.5695974608600132;3950;0.21069569716760486;3950;7.5267799920651877;3950;7.50022888882107
3960;170.28107547227393;3960;80.581072420422984;3960;8.5207678456984173;3960;0.210932909218532;3960;7.5270851771599476;3960;7.50022888882107
3970;170.32990508743552;3970;80.61769463179418;3970;8.48414563432722;3970;0.21117012126945905;3970;7.5261696218756677;3970;7.50022888882107
3980;170.26886806848353;3980;80.642109439374977;3980;8.6550492873928029;3980;0.21136779797856495;3980;7.5234229560228281;3980;7.50022888882107
3990;170.17120883816034;3990;80.666524246955774;3990;8.6794640949736017;3990;0.21156547468767084;3990;7.5255592516861478;3990;7.50022888882107
4000;170.30549027985472;4000;80.4834131900998;4000;8.6428418836024044;4000;0.21164454537131319;4000;7.5234229560228281;4000;7.50022888882107
4010;170.25666066469313;4010;80.5078279976806;4010;8.6062196722312088;4010;0.21188175742224025;4010;7.5255592516861478;4010;7.50022888882107
4020;170.24445326090273;4020;80.690939054536571;4020;8.5818048646504117;4020;0.2121189694731673;4020;7.5255592516861478;4020;7.50022888882107
4030;170.35431989501632;4030;80.642109439374977;4030;8.6184270760216073;4030;0.21239571686591555;4030;7.5276955473494676;4030;7.50022888882107
4040;170.32990508743552;4040;80.581072420422984;4040;8.691671498764;4040;0.21255385823320025;4040;7.5249488814966279;4040;7.50022888882107
4050;170.35431989501632;4050;80.666524246955774;4050;8.7038789025543988;4050;0.21275153494230617;4050;7.5246436964018679;4050;7.50022888882107
4060;170.29328287606432;4060;80.605487228003781;4060;8.59401226844081;4060;0.21298874699323322;4060;7.5258644367809078;4060;7.50022888882107
4070;170.37873470259711;4070;80.61769463179418;4070;8.5207678456984173;4070;0.21310735301869674;4070;7.5264748069704277;4070;7.50022888882107
4080;170.36652729880672;4080;80.605487228003781;4080;8.5207678456984173;4080;0.21318642370233909;4080;7.5270851771599476;4080;7.50022888882107
4090;170.40314951017791;4090;80.605487228003781;4090;8.59401226844081;4090;0.21342363575326623;4090;7.523728141117588;4090;7.50022888882107
4100;170.30549027985472;4100;80.739768669698165;4100;8.6550492873928029;4100;0.21370038314601444;4100;7.5258644367809078;4100;7.50022888882107
4110;170.20783104953153;4110;80.764183477278962;4110;8.691671498764;4110;0.21385852451329915;4110;7.5249488814966279;4110;7.50022888882107
4120;170.30549027985472;4120;80.727561265907767;4120;8.5818048646504117;4120;0.21401666588058385;4120;7.5270851771599476;4120;7.50022888882107
4130;170.36652729880672;4130;80.666524246955774;4130;8.4719382305368214;4130;0.21417480724786855;4130;7.524338511307108;4130;7.50022888882107
4140;170.4641865291299;4140;80.690939054536571;4140;8.4963530381176184;4140;0.21437248395697447;4140;7.5261696218756677;4140;7.50022888882107
4150;170.35431989501632;4150;80.605487228003781;4150;8.5573900570696129;4150;0.21457016066608037;4150;7.5264748069704277;4150;7.50022888882107
4160;170.30549027985472;4160;80.654316843165375;4160;8.59401226844081;4160;0.21480737271700739;4160;7.5261696218756677;4160;7.50022888882107
4170;170.32990508743552;4170;80.690939054536571;4170;8.5818048646504117;4170;0.21508412010975567;4170;7.5276955473494676;4170;7.50022888882107
4180;170.35431989501632;4180;80.654316843165375;4180;8.5818048646504117;4180;0.21532133216068269;4180;7.5258644367809078;4180;7.50022888882107
4190;170.32990508743552;4190;80.568865016632586;4190;8.5451826532792143;4190;0.21551900886978859;4190;7.5267799920651877;4190;7.50022888882107
4200;170.35431989501632;4200;80.4956205938902;4200;8.5818048646504117;4200;0.21567715023707332;4200;7.5249488814966279;4200;7.50022888882107
4210;170.30549027985472;4210;80.642109439374977;4210;8.6062196722312088;4210;0.21579575626253683;4210;7.5276955473494676;4210;7.50022888882107
4220;170.23224585711233;4220;80.70314645832697;4220;8.59401226844081;4220;0.21595389762982162;4220;7.5264748069704277;4220;7.50022888882107
4230;170.39094210638751;4230;80.654316843165375;4230;8.59401226844081;4230;0.21615157433892748;4230;7.5280007324442275;4230;7.50022888882107
4240;170.34211249122592;4240;80.690939054536571;4240;8.5207678456984173;4240;0.21642832173167575;4240;7.524338511307108;4240;7.50022888882107
4250;170.30549027985472;4250;80.825220496230955;4250;8.5207678456984173;4250;0.21662599844078159;4250;7.5234229560228281;4250;7.50022888882107
4260;170.29328287606432;4260;80.690939054536571;4260;8.5695974608600132;4260;0.21674460446624516;4260;7.5255592516861478;4260;7.50022888882107
4270;170.35431989501632;4270;80.605487228003781;4270;8.5818048646504117;4270;0.21690274583352986;4270;7.5267799920651877;4270;7.50022888882107
4280;170.32990508743552;4280;80.581072420422984;4280;8.5818048646504117;4280;0.21713995788445689;4280;7.5289162877285074;4280;7.50022888882107
4290;170.25666066469313;4290;80.61769463179418;4290;8.508560441908017;4290;0.21733763459356278;4290;7.524338511307108;4290;7.50022888882107
4300;170.29328287606432;4300;80.678731650746172;4300;8.5695974608600132;4300;0.2175353113026687;4300;7.5258644367809078;4300;7.50022888882107
4310;170.4763939329203;4310;80.678731650746172;4310;8.6550492873928029;4310;0.2177329880117746;4310;7.5255592516861478;4310;7.50022888882107
4320;170.4641865291299;4320;80.690939054536571;4320;8.6184270760216073;4320;0.2178911293790593;4320;7.5276955473494676;4320;7.50022888882107
4330;170.36652729880672;4330;80.654316843165375;4330;8.5573900570696129;4330;0.218049270746344;4330;7.5258644367809078;4330;7.50022888882107
4340;170.4763939329203;4340;80.751976073488564;4340;8.508560441908017;4340;0.21824694745544984;4340;7.5261696218756677;4340;7.50022888882107
4350;170.34211249122592;4350;80.70314645832697;4350;8.508560441908017;4350;0.21848415950637698;4350;7.5255592516861478;4350;7.50022888882107
4360;170.30549027985472;4360;80.751976073488564;4360;8.4963530381176184;4360;0.21868183621548287;4360;7.523728141117588;4360;7.50022888882107
4370;170.26886806848353;4370;80.825220496230955;4370;8.5695974608600132;4370;0.21883997758276758;4370;7.5255592516861478;4370;7.50022888882107
4380;170.35431989501632;4380;80.849635303811752;4380;8.7038789025543988;4380;0.21911672497551582;4380;7.5270851771599476;4380;7.50022888882107
4390;170.35431989501632;4390;80.910672322763745;4390;8.6428418836024044;4390;0.21931440168462171;4390;7.5289162877285074;4390;7.50022888882107
4400;170.35431989501632;4400;80.751976073488564;4400;8.5207678456984173;4400;0.21943300771008523;4400;7.5231177709280681;4400;7.50022888882107
4410;170.42756431775871;4410;80.788598284859759;4410;8.508560441908017;4410;0.21963068441919112;4410;7.5261696218756677;4410;7.50022888882107
4420;170.36652729880672;4420;80.764183477278962;4420;8.48414563432722;4420;0.21978882578647582;4420;7.5258644367809078;4420;7.50022888882107
4430;170.34211249122592;4430;80.739768669698165;4430;8.5451826532792143;4430;0.21998650249558171;4430;7.5264748069704277;4430;7.50022888882107
4440;170.37873470259711;4440;80.690939054536571;4440;8.5573900570696129;4440;0.22026324988832993;4440;7.5264748069704277;4440;7.50022888882107
4450;170.37873470259711;4450;80.666524246955774;4450;8.5818048646504117;4450;0.22050046193925701;4450;7.5267799920651877;4450;7.50022888882107
4460;170.32990508743552;4460;80.690939054536571;4460;8.6428418836024044;4460;0.22077720933200526;4460;7.5261696218756677;4460;7.50022888882107
4470;170.36652729880672;4470;80.666524246955774;4470;8.6672566911832032;4470;0.22101442138293242;4470;7.5234229560228281;4470;7.50022888882107
4480;170.32990508743552;4480;80.690939054536571;4480;8.7038789025543988;4480;0.22113302740839594;4480;7.5255592516861478;4480;7.50022888882107
4490;170.43977172154911;4490;80.678731650746172;4490;8.691671498764;4490;0.22121209809203832;4490;7.5255592516861478;4490;7.50022888882107
4500;170.4641865291299;4500;80.751976073488564;4500;8.5451826532792143;4500;0.22144931014296537;4500;7.5276955473494676;4500;7.50022888882107
4510;170.36652729880672;4510;80.690939054536571;4510;8.4719382305368214;4510;0.22168652219389245;4510;7.523728141117588;4510;7.50022888882107
4520;170.39094210638751;4520;80.666524246955774;4520;8.48414563432722;4520;0.22192373424481954;4520;7.5264748069704277;4520;7.50022888882107
4530;170.4641865291299;4530;80.739768669698165;4530;8.4597308267464211;4530;0.22204234027028305;4530;7.5255592516861478;4530;7.50022888882107
4540;170.43977172154911;4540;80.678731650746172;4540;8.508560441908017;4540;0.22220048163756775;4540;7.524033326212348;4540;7.50022888882107
4550;170.45197912533951;4550;80.666524246955774;4550;8.5451826532792143;4550;0.22239815834667365;4550;7.5255592516861478;4550;7.50022888882107
4560;170.61067537461469;4560;80.70314645832697;4560;8.6794640949736017;4560;0.22259583505577951;4560;7.5276955473494676;4560;7.50022888882107
4570;170.34211249122592;4570;80.776390881069361;4570;8.6672566911832032;4570;0.22283304710670659;4570;7.5283059175389875;4570;7.50022888882107
4580;170.36652729880672;4580;80.910672322763745;4580;8.5695974608600132;4580;0.22295165313217011;4580;7.524033326212348;4580;7.50022888882107
4590;170.4641865291299;4590;80.86184270760215;4590;8.59401226844081;4590;0.223149329841276;4590;7.5264748069704277;4590;7.50022888882107
4600;170.36652729880672;4600;80.751976073488564;4600;8.6184270760216073;4600;0.22334700655038189;4600;7.524033326212348;4600;7.50022888882107
4610;170.37873470259711;4610;80.86184270760215;4610;8.6184270760216073;4610;0.22350514791766665;4610;7.5261696218756677;4610;7.50022888882107
4620;170.39094210638751;4620;80.86184270760215;4620;8.5695974608600132;4620;0.22374235996859373;4620;7.5270851771599476;4620;7.50022888882107
4630;170.57405316324349;4630;80.764183477278962;4630;8.5818048646504117;4630;0.22397957201952076;4630;7.5280007324442275;4630;7.50022888882107
4640;170.5130161442915;4640;80.764183477278962;4640;8.59401226844081;4640;0.22409817804498428;4640;7.5267799920651877;4640;7.50022888882107
4650;170.4763939329203;4650;80.764183477278962;4650;8.6184270760216073;4650;0.22437492543773255;4650;7.5249488814966279;4650;7.50022888882107
4660;170.40314951017791;4660;80.776390881069361;4660;8.6428418836024044;4660;0.22457260214683844;4660;7.5261696218756677;4660;7.50022888882107
4670;170.36652729880672;4670;80.70314645832697;4670;8.6062196722312088;4670;0.22469120817230198;4670;7.524033326212348;4670;7.50022888882107
4680;170.40314951017791;4680;80.61769463179418;4680;8.5695974608600132;4680;0.224928420223229;4680;7.5255592516861478;4680;7.50022888882107
4690;170.4886013367107;4690;80.727561265907767;4690;8.6062196722312088;4690;0.22516563227415609;4690;7.524338511307108;4690;7.50022888882107
4700;170.4641865291299;4700;80.910672322763745;4700;8.6184270760216073;4700;0.22536330898326198;4700;7.5264748069704277;4700;7.50022888882107
4710;170.29328287606432;4710;80.764183477278962;4710;8.6062196722312088;4710;0.22552145035054669;4710;7.5261696218756677;4710;7.50022888882107
4720;170.40314951017791;4720;80.678731650746172;4720;8.6062196722312088;4720;0.22575866240147374;4720;7.5276955473494676;4720;7.50022888882107
4730;170.36652729880672;4730;80.849635303811752;4730;8.5818048646504117;4730;0.22603540979422204;4730;7.5258644367809078;4730;7.50022888882107
4740;170.32990508743552;4740;80.922879726554143;4740;8.59401226844081;4740;0.22623308650332793;4740;7.5258644367809078;4740;7.50022888882107
4750;170.34211249122592;4750;80.813013092440556;4750;8.5818048646504117;4750;0.22639122787061267;4750;7.5264748069704277;4750;7.50022888882107
4760;170.37873470259711;4760;80.788598284859759;4760;8.6184270760216073;4760;0.22650983389607618;4760;7.5255592516861478;4760;7.50022888882107
4770;170.32990508743552;4770;80.849635303811752;4770;8.6672566911832032;4770;0.22674704594700321;4770;7.5258644367809078;4770;7.50022888882107
4780;170.40314951017791;4780;80.910672322763745;4780;8.6794640949736017;4780;0.22702379333975148;4780;7.5264748069704277;4780;7.50022888882107
4790;170.43977172154911;4790;80.837427900021353;4790;8.5818048646504117;4790;0.227142399365215;4790;7.5283059175389875;4790;7.50022888882107
4800;170.43977172154911;4800;80.739768669698165;4800;8.48414563432722;4800;0.22737961141614207;4800;7.5234229560228281;4800;7.50022888882107
4810;170.54963835566269;4810;80.874050111392549;4810;8.4597308267464211;4810;0.22757728812524794;4810;7.5270851771599476;4810;7.50022888882107
4820;170.40314951017791;4820;80.788598284859759;4820;8.508560441908017;4820;0.22765635880889032;4820;7.524338511307108;4820;7.50022888882107
4830;170.43977172154911;4830;80.727561265907767;4830;8.6062196722312088;4830;0.22785403551799621;4830;7.5231177709280681;4830;7.50022888882107
4840;170.4763939329203;4840;80.825220496230955;4840;8.6184270760216073;4840;0.22801217688528091;4840;7.5261696218756677;4840;7.50022888882107
4850;170.45197912533951;4850;80.922879726554143;4850;8.6062196722312088;4850;0.22824938893620794;4850;7.5267799920651877;4850;7.50022888882107
4860;170.32990508743552;4860;80.94729453413494;4860;8.4597308267464211;4860;0.22844706564531383;4860;7.5270851771599476;4860;7.50022888882107
4870;170.45197912533951;4870;80.849635303811752;4870;8.4597308267464211;4870;0.22856567167077749;4870;7.5264748069704277;4870;7.50022888882107
4880;170.42756431775871;4880;80.813013092440556;4880;8.59401226844081;4880;0.22880288372170454;4880;7.5289162877285074;4880;7.50022888882107
4890;170.42756431775871;4890;80.70314645832697;4890;8.5818048646504117;4890;0.22904009577263162;4890;7.5234229560228281;4890;7.50022888882107
4900;170.5130161442915;4900;80.70314645832697;4900;8.59401226844081;4900;0.22919823713991633;4900;7.5246436964018679;4900;7.50022888882107
4910;170.32990508743552;4910;80.788598284859759;4910;8.5207678456984173;4910;0.22939591384902222;4910;7.5258644367809078;4910;7.50022888882107
4920;170.4641865291299;4920;80.764183477278962;4920;8.4231086153752255;4920;0.22963312589994925;4920;7.5267799920651877;4920;7.50022888882107
4930;170.5252235480819;4930;80.727561265907767;4930;8.508560441908017;4930;0.22975173192541279;4930;7.5255592516861478;4930;7.50022888882107
4940;170.37873470259711;4940;80.788598284859759;4940;8.5451826532792143;4940;0.22998894397633987;4940;7.5249488814966279;4940;7.50022888882107
4950;170.23224585711233;4950;80.788598284859759;4950;8.5451826532792143;4950;0.23018662068544576;4950;7.5261696218756677;4950;7.50022888882107
4960;170.32990508743552;4960;80.788598284859759;4960;8.6062196722312088;4960;0.23030522671090928;4960;7.524033326212348;4960;7.50022888882107
4970;170.43977172154911;4970;80.898464918973346;4970;8.59401226844081;4970;0.23058197410365749;4970;7.5249488814966279;4970;7.50022888882107
4980;170.5130161442915;4980;80.910672322763745;4980;8.508560441908017;4980;0.23081918615458458;4980;7.5249488814966279;4980;7.50022888882107
4990;170.4641865291299;4990;80.837427900021353;4990;8.4109012115848252;4990;0.23101686286369053;4990;7.5283059175389875;4990;7.50022888882107
5000;170.36652729880672;5000;80.825220496230955;5000;8.3864864040040281;5000;0.23121453957279642;5000;7.524338511307108;5000;7.50022888882107
5010;170.4641865291299;5010;80.935087130344542;5010;8.435316019165624;5010;0.23145175162372345;5010;7.5267799920651877;5010;7.50022888882107
5020;170.4763939329203;5020;80.910672322763745;5020;8.4719382305368214;5020;0.23160989299100818;5020;7.5264748069704277;5020;7.50022888882107
5030;170.54963835566269;5030;80.935087130344542;5030;8.59401226844081;5030;0.23180756970011407;5030;7.5246436964018679;5030;7.50022888882107
5040;170.4763939329203;5040;80.86184270760215;5040;8.5573900570696129;5040;0.23200524640921996;5040;7.5261696218756677;5040;7.50022888882107
5050;170.45197912533951;5050;80.813013092440556;5050;8.508560441908017;5050;0.23216338777650466;5050;7.5264748069704277;5050;7.50022888882107
5060;170.36652729880672;5060;80.849635303811752;5060;8.4963530381176184;5060;0.23240059982743169;5060;7.5280007324442275;5060;7.50022888882107
5070;170.37873470259711;5070;80.898464918973346;5070;8.435316019165624;5070;0.23263781187835877;5070;7.524033326212348;5070;7.50022888882107
5080;170.43977172154911;5080;80.94729453413494;5080;8.6062196722312088;5080;0.23275641790382229;5080;7.5261696218756677;5080;7.50022888882107
5090;170.39094210638751;5090;80.849635303811752;5090;8.6672566911832032;5090;0.23279595324564348;5090;7.523728141117588;5090;7.50022888882107
5100;170.42756431775871;5100;80.764183477278962;5100;8.7038789025543988;5100;0.2329936299547494;5100;7.5261696218756677;5100;7.50022888882107
5110;170.35431989501632;5110;80.825220496230955;5110;8.691671498764;5110;0.23319130666385529;5110;7.5267799920651877;5110;7.50022888882107
5120;170.5130161442915;5120;80.837427900021353;5120;8.7038789025543988;5120;0.23346805405660351;5120;7.5270851771599476;5120;7.50022888882107
5130;170.4641865291299;5130;80.849635303811752;5130;8.7160863063447991;5130;0.23362619542388827;5130;7.5267799920651877;5130;7.50022888882107
5140;170.45197912533951;5140;80.849635303811752;5140;8.6062196722312088;5140;0.23378433679117297;5140;7.5261696218756677;5140;7.50022888882107
5150;170.4763939329203;5150;80.825220496230955;5150;8.5695974608600132;5150;0.23394247815845767;5150;7.5267799920651877;5150;7.50022888882107
5160;170.40314951017791;5160;80.922879726554143;5160;8.5695974608600132;5160;0.23414015486756357;5160;7.523728141117588;5160;7.50022888882107
5170;170.39094210638751;5170;80.86184270760215;5170;8.5695974608600132;5170;0.23437736691849065;5170;7.5264748069704277;5170;7.50022888882107
5180;170.4886013367107;5180;80.825220496230955;5180;8.508560441908017;5180;0.23453550828577535;5180;7.524033326212348;5180;7.50022888882107
5190;170.58626056703389;5190;80.898464918973346;5190;8.5207678456984173;5190;0.23469364965306005;5190;7.5258644367809078;5190;7.50022888882107
5200;170.4763939329203;5200;80.849635303811752;5200;8.6184270760216073;5200;0.23489132636216592;5200;7.5264748069704277;5200;7.50022888882107
5210;170.5130161442915;5210;80.86184270760215;5210;8.5818048646504117;5210;0.235128538413093;5210;7.5267799920651877;5210;7.50022888882107
5220;170.4763939329203;5220;80.898464918973346;5220;8.48414563432722;5220;0.23528667978037771;5220;7.5246436964018679;5220;7.50022888882107
5230;170.5252235480819;5230;80.910672322763745;5230;8.6062196722312088;5230;0.23544482114766241;5230;7.5246436964018679;5230;7.50022888882107
5240;170.54963835566269;5240;80.849635303811752;5240;8.5818048646504117;5240;0.2356424978567683;5240;7.5264748069704277;5240;7.50022888882107
5250;170.57405316324349;5250;80.764183477278962;5250;8.4719382305368214;5250;0.23587970990769536;5250;7.524033326212348;5250;7.50022888882107
5260;170.45197912533951;5260;80.825220496230955;5260;8.4597308267464211;5260;0.23607738661680128;5260;7.5249488814966279;5260;7.50022888882107
5270;170.4641865291299;5270;80.983916745506136;5270;8.508560441908017;5270;0.23619599264226485;5270;7.5267799920651877;5270;7.50022888882107
5280;170.56184575945309;5280;81.020538956877331;5280;8.5695974608600132;5280;0.2364332046931919;5280;7.5292214728232674;5280;7.50022888882107
5290;170.56184575945309;5290;80.910672322763745;5290;8.59401226844081;5290;0.2365913460604766;5290;7.5231177709280681;5290;7.50022888882107
5300;170.62288277840508;5300;80.874050111392549;5300;8.5695974608600132;5300;0.23682855811140369;5300;7.5264748069704277;5300;7.50022888882107
5310;170.4763939329203;5310;80.849635303811752;5310;8.5207678456984173;5310;0.23706577016233071;5310;7.5258644367809078;5310;7.50022888882107
5320;170.4763939329203;5320;80.910672322763745;5320;8.5207678456984173;5320;0.23726344687143661;5320;7.5234229560228281;5320;7.50022888882107
5330;170.42756431775871;5330;80.910672322763745;5330;8.5818048646504117;5330;0.2374611235805425;5330;7.5255592516861478;5330;7.50022888882107
5340;170.42756431775871;5340;80.898464918973346;5340;8.6550492873928029;5340;0.2376192649478272;5340;7.5267799920651877;5340;7.50022888882107
5350;170.37873470259711;5350;80.910672322763745;5350;8.5573900570696129;5350;0.23785647699875426;5350;7.5283059175389875;5350;7.50022888882107
5360;170.45197912533951;5360;80.898464918973346;5360;8.5573900570696129;5360;0.23809368904968134;5360;7.5246436964018679;5360;7.50022888882107
5370;170.56184575945309;5370;80.922879726554143;5370;8.59401226844081;5370;0.23829136575878723;5370;7.5276955473494676;5370;7.50022888882107
5380;170.57405316324349;5380;80.910672322763745;5380;8.435316019165624;5380;0.23844950712607194;5380;7.524338511307108;5380;7.50022888882107
5390;170.56184575945309;5390;80.996124149296534;5390;8.4109012115848252;5390;0.23868671917699907;5390;7.5267799920651877;5390;7.50022888882107
5400;170.4886013367107;5400;80.922879726554143;5400;8.4597308267464211;5400;0.23884486054428378;5400;7.5270851771599476;5400;7.50022888882107
5410;170.57405316324349;5410;80.922879726554143;5410;8.4719382305368214;5410;0.23904253725338961;5410;7.5270851771599476;5410;7.50022888882107
5420;170.5252235480819;5420;80.94729453413494;5420;8.5573900570696129;5420;0.23924021396249551;5420;7.5264748069704277;5420;7.50022888882107
5430;170.45197912533951;5430;81.020538956877331;5430;8.6550492873928029;5430;0.2394378906716014;5430;7.5249488814966279;5430;7.50022888882107
5440;170.37873470259711;5440;80.996124149296534;5440;8.5695974608600132;5440;0.23959603203888613;5440;7.5258644367809078;5440;7.50022888882107
5450;170.5130161442915;5450;80.86184270760215;5450;8.4719382305368214;5450;0.23983324408981316;5450;7.523728141117588;5450;7.50022888882107
5460;170.5252235480819;5460;80.898464918973346;5460;8.4719382305368214;5460;0.24003092079891905;5460;7.5255592516861478;5460;7.50022888882107
5470;170.5252235480819;5470;81.008331553086933;5470;8.508560441908017;5470;0.24010999148256143;5470;7.5258644367809078;5470;7.50022888882107
5480;170.5252235480819;5480;81.020538956877331;5480;8.5451826532792143;5480;0.24034720353348846;5480;7.5289162877285074;5480;7.50022888882107
5490;170.5252235480819;5490;80.910672322763745;5490;8.5207678456984173;5490;0.24050534490077316;5490;7.524338511307108;5490;7.50022888882107
5500;170.64729758598588;5500;80.996124149296534;5500;8.5573900570696129;5500;0.24078209229352143;5500;7.5258644367809078;5500;7.50022888882107
5510;170.5130161442915;5510;80.983916745506136;5510;8.6550492873928029;5510;0.2409797690026273;5510;7.5255592516861478;5510;7.50022888882107
5520;170.56184575945309;5520;80.922879726554143;5520;8.6062196722312088;5520;0.24121698105355446;5520;7.5255592516861478;5520;7.50022888882107
5530;170.54963835566269;5530;80.959501937925339;5530;8.59401226844081;5530;0.24137512242083917;5530;7.5267799920651877;5530;7.50022888882107
5540;170.4886013367107;5540;80.983916745506136;5540;8.59401226844081;5540;0.24157279912994506;5540;7.5258644367809078;5540;7.50022888882107
5550;170.4886013367107;5550;80.935087130344542;5550;8.4963530381176184;5550;0.24173094049722979;5550;7.5276955473494676;5550;7.50022888882107
5560;170.4886013367107;5560;80.898464918973346;5560;8.5573900570696129;5560;0.24188908186451449;5560;7.524338511307108;5560;7.50022888882107
5570;170.5130161442915;5570;80.959501937925339;5570;8.5573900570696129;5570;0.24216582925726277;5570;7.5261696218756677;5570;7.50022888882107
5580;170.5130161442915;5580;80.996124149296534;5580;8.5207678456984173;5580;0.24228443528272628;5580;7.5261696218756677;5580;7.50022888882107
5590;170.54963835566269;5590;80.94729453413494;5590;8.6062196722312088;5590;0.24252164733365331;5590;7.5280007324442275;5590;7.50022888882107
5600;170.5252235480819;5600;80.898464918973346;5600;8.6062196722312088;5600;0.242679788700938;5600;7.524033326212348;5600;7.50022888882107
5610;170.58626056703389;5610;80.94729453413494;5610;8.5451826532792143;5610;0.2428774654100439;5610;7.524033326212348;5610;7.50022888882107
5620;170.4641865291299;5620;81.06936857203894;5620;8.508560441908017;5620;0.24307514211914982;5620;7.5249488814966279;5620;7.50022888882107
5630;170.4641865291299;5630;81.044953764458128;5630;8.4719382305368214;5630;0.24327281882825572;5630;7.524033326212348;5630;7.50022888882107
5640;170.45197912533951;5640;80.935087130344542;5640;8.4963530381176184;5640;0.24347049553736161;5640;7.5261696218756677;5640;7.50022888882107
5650;170.43977172154911;5650;80.959501937925339;5650;8.5695974608600132;5650;0.24370770758828869;5650;7.5270851771599476;5650;7.50022888882107
5660;170.45197912533951;5660;81.06936857203894;5660;8.5573900570696129;5660;0.24394491963921577;5660;7.5292214728232674;5660;7.50022888882107
5670;170.4886013367107;5670;81.008331553086933;5670;8.5573900570696129;5670;0.24406352566467929;5670;7.524338511307108;5670;7.50022888882107
5680;170.54963835566269;5680;80.935087130344542;5680;8.48414563432722;5680;0.2443402730574275;5680;7.5267799920651877;5680;7.50022888882107
5690;170.7083346049379;5690;81.020538956877331;5690;8.5573900570696129;5690;0.24449841442471226;5690;7.523728141117588;5690;7.50022888882107
5700;170.65950498977628;5700;81.044953764458128;5700;8.6062196722312088;5700;0.24465655579199697;5700;7.524033326212348;5700;7.50022888882107
5710;170.40314951017791;5710;81.008331553086933;5710;8.5573900570696129;5710;0.24481469715928167;5710;7.5261696218756677;5710;7.50022888882107
5720;170.4763939329203;5720;81.044953764458128;5720;8.5573900570696129;5720;0.24505190921020872;5720;7.5261696218756677;5720;7.50022888882107
5730;170.4886013367107;5730;81.118198187200534;5730;8.5451826532792143;5730;0.24521005057749343;5730;7.5270851771599476;5730;7.50022888882107
5740;170.57405316324349;5740;81.118198187200534;5740;8.5451826532792143;5740;0.24540772728659932;5740;7.524338511307108;5740;7.50022888882107
5750;170.57405316324349;5750;81.06936857203894;5750;8.5818048646504117;5750;0.24556586865388402;5750;7.5255592516861478;5750;7.50022888882107
5760;170.57405316324349;5760;81.105990783410135;5760;8.59401226844081;5760;0.24572401002116873;5760;7.524338511307108;5760;7.50022888882107
5770;170.67171239356668;5770;81.044953764458128;5770;8.5695974608600132;5770;0.24596122207209581;5770;7.5270851771599476;5770;7.50022888882107
5780;170.58626056703389;5780;81.118198187200534;5780;8.6550492873928029;5780;0.24611936343938051;5780;7.5249488814966279;5780;7.50022888882107
5790;170.5130161442915;5790;81.179235206152526;5790;8.5207678456984173;5790;0.24639611083212878;5790;7.5267799920651877;5790;7.50022888882107
5800;170.62288277840508;5800;81.008331553086933;5800;8.4597308267464211;5800;0.24655425219941352;5800;7.5246436964018679;5800;7.50022888882107
5810;170.69612720114748;5810;81.06936857203894;5810;8.59401226844081;5810;0.24671239356669822;5810;7.523728141117588;5810;7.50022888882107
5820;170.56184575945309;5820;81.06936857203894;5820;8.59401226844081;5820;0.2469496056176253;5820;7.5264748069704277;5820;7.50022888882107
5830;170.4763939329203;5830;80.959501937925339;5830;8.6062196722312088;5830;0.24702867630126762;5830;7.5270851771599476;5830;7.50022888882107
5840;170.43977172154911;5840;81.03274636066773;5840;8.59401226844081;5840;0.24722635301037352;5840;7.5283059175389875;5840;7.50022888882107
5850;170.69612720114748;5850;81.06936857203894;5850;8.6672566911832032;5850;0.24750310040312173;5850;7.5249488814966279;5850;7.50022888882107
5860;170.63509018219548;5860;81.044953764458128;5860;8.6428418836024044;5860;0.24774031245404882;5860;7.5270851771599476;5860;7.50022888882107
5870;170.54963835566269;5870;81.044953764458128;5870;8.508560441908017;5870;0.24785891847951236;5870;7.5234229560228281;5870;7.50022888882107
5880;170.56184575945309;5880;81.06936857203894;5880;8.5451826532792143;5880;0.24813566587226057;5880;7.5261696218756677;5880;7.50022888882107
5890;170.45197912533951;5890;81.020538956877331;5890;8.5573900570696129;5890;0.24825427189772414;5890;7.5264748069704277;5890;7.50022888882107
5900;170.5252235480819;5900;81.093783379619737;5900;8.5451826532792143;5900;0.24845194860682998;5900;7.5258644367809078;5900;7.50022888882107
5910;170.4886013367107;5910;81.081575975829338;5910;8.4963530381176184;5910;0.24868916065775706;5910;7.5249488814966279;5910;7.50022888882107
5920;170.61067537461469;5920;81.06936857203894;5920;8.6550492873928029;5920;0.24892637270868426;5920;7.523728141117588;5920;7.50022888882107
5930;170.56184575945309;5930;81.118198187200534;5930;8.6428418836024044;5930;0.24912404941779015;5930;7.5258644367809078;5930;7.50022888882107
5940;170.5252235480819;5940;81.008331553086933;5940;8.435316019165624;5940;0.24936126146871718;5940;7.5270851771599476;5940;7.50022888882107
5950;170.58626056703389;5950;80.983916745506136;5950;8.5695974608600132;5950;0.24959847351964426;5950;7.5286111026337474;5950;7.50022888882107
5960;170.67171239356668;5960;81.03274636066773;5960;8.5451826532792143;5960;0.24971707954510777;5960;7.5222022156437882;5960;7.50022888882107
5970;170.67171239356668;5970;81.020538956877331;5970;8.5207678456984173;5970;0.24995429159603486;5970;7.5249488814966279;5970;7.50022888882107
5980;170.57405316324349;5980;81.105990783410135;5980;8.5818048646504117;5980;0.25011243296331959;5980;7.5264748069704277;5980;7.50022888882107
5990;170.63509018219548;5990;81.203650013733323;5990;8.5573900570696129;5990;0.25031010967242545;5990;7.5276955473494676;5990;7.50022888882107
6000;170.4763939329203;6000;81.06936857203894;6000;8.48414563432722;6000;0.25046825103971015;6000;7.5261696218756677;6000;7.50022888882107
6010;170.57405316324349;6010;80.983916745506136;6010;8.4231086153752255;6010;0.2505868570651737;6010;7.5246436964018679;6010;7.50022888882107
6020;170.5374309518723;6020;80.898464918973346;6020;8.508560441908017;6020;0.25082406911610072;6020;7.5261696218756677;6020;7.50022888882107
6030;170.42756431775871;6030;80.959501937925339;6030;8.5818048646504117;6030;0.25102174582520664;6030;7.5246436964018679;6030;7.50022888882107
6040;170.35431989501632;6040;81.154820398571729;6040;8.5818048646504117;6040;0.25117988719249135;6040;7.5264748069704277;6040;7.50022888882107
6050;170.4641865291299;6050;81.130405590990932;6050;8.5451826532792143;6050;0.25141709924341848;6050;7.5267799920651877;6050;7.50022888882107
6060;170.7083346049379;6060;81.06936857203894;6060;8.48414563432722;6060;0.25161477595252435;6060;7.5292214728232674;6060;7.50022888882107
6070;170.57405316324349;6070;81.03274636066773;6070;8.5207678456984173;6070;0.25177291731980905;6070;7.5234229560228281;6070;7.50022888882107
6080;170.57405316324349;6080;81.154820398571729;6080;8.6794640949736017;6080;0.251970594028915;6080;7.5255592516861478;6080;7.50022888882107
6090;170.5252235480819;6090;81.191442609942925;6090;8.7038789025543988;6090;0.2520496647125573;6090;7.5276955473494676;6090;7.50022888882107
6100;170.5130161442915;6100;81.264687032685316;6100;8.7160863063447991;6100;0.25232641210530554;6100;7.5276955473494676;6100;7.50022888882107
6110;170.4886013367107;6110;81.215857417523722;6110;8.7160863063447991;6110;0.25260315949805379;6110;7.5267799920651877;6110;7.50022888882107
6120;170.57405316324349;6120;81.167027802362128;6120;8.6428418836024044;6120;0.25272176552351733;6120;7.5249488814966279;6120;7.50022888882107
6130;170.4886013367107;6130;81.154820398571729;6130;8.4963530381176184;6130;0.25291944223262319;6130;7.5270851771599476;6130;7.50022888882107
6140;170.62288277840508;6140;81.105990783410135;6140;8.3986938077944266;6140;0.25315665428355022;6140;7.524338511307108;6140;7.50022888882107
6150;170.58626056703389;6150;81.179235206152526;6150;8.4109012115848252;6150;0.25331479565083492;6150;7.5261696218756677;6150;7.50022888882107
6160;170.54963835566269;6160;81.167027802362128;6160;8.4963530381176184;6160;0.25351247235994084;6160;7.5249488814966279;6160;7.50022888882107
6170;170.58626056703389;6170;81.105990783410135;6170;8.6672566911832032;6170;0.25382875509451031;6170;7.5280007324442275;6170;7.50022888882107
6180;170.5130161442915;6180;81.020538956877331;6180;8.7527085177159947;6180;0.25402643180361617;6180;7.5264748069704277;6180;7.50022888882107
6190;170.5252235480819;6190;81.020538956877331;6190;8.7527085177159947;6190;0.25418457317090093;6190;7.5270851771599476;6190;7.50022888882107
6200;170.4886013367107;6200;81.044953764458128;6200;8.6184270760216073;6200;0.254421785221828;6200;7.5261696218756677;6200;7.50022888882107
6210;170.67171239356668;6210;81.179235206152526;6210;8.5207678456984173;6210;0.25465899727275504;6210;7.5234229560228281;6210;7.50022888882107
6220;170.56184575945309;6220;81.240272225104519;6220;8.6184270760216073;6220;0.25477760329821858;6220;7.524338511307108;6220;7.50022888882107
6230;170.4886013367107;6230;81.081575975829338;6230;8.6550492873928029;6230;0.25493574466550328;6230;7.5264748069704277;6230;7.50022888882107
6240;170.62288277840508;6240;81.06936857203894;6240;8.59401226844081;6240;0.25517295671643031;6240;7.5286111026337474;6240;7.50022888882107
6250;170.64729758598588;6250;81.105990783410135;6250;8.5818048646504117;6250;0.25529156274189385;6250;7.524338511307108;6250;7.50022888882107
6260;170.63509018219548;6260;81.191442609942925;6260;8.6550492873928029;6260;0.2555683101346421;6260;7.5286111026337474;6260;7.50022888882107
6270;170.56184575945309;6270;81.179235206152526;6270;8.6428418836024044;6270;0.255765986843748;6270;7.5249488814966279;6270;7.50022888882107
6280;170.56184575945309;6280;81.154820398571729;6280;8.6184270760216073;6280;0.25596366355285388;6280;7.5255592516861478;6280;7.50022888882107
6290;170.56184575945309;6290;81.167027802362128;6290;8.59401226844081;6290;0.25612180492013858;6290;7.5267799920651877;6290;7.50022888882107
6300;170.7083346049379;6300;81.191442609942925;6300;8.5695974608600132;6300;0.25624041094560213;6300;7.5270851771599476;6300;7.50022888882107
6310;170.58626056703389;6310;81.130405590990932;6310;8.6672566911832032;6310;0.25639855231288688;6310;7.5283059175389875;6310;7.50022888882107
6320;170.57405316324349;6320;81.179235206152526;6320;8.6550492873928029;6320;0.25655669368017159;6320;7.5255592516861478;6320;7.50022888882107
6330;170.67171239356668;6330;81.215857417523722;6330;8.5695974608600132;6330;0.25675437038927751;6330;7.5264748069704277;6330;7.50022888882107
6340;170.61067537461469;6340;81.215857417523722;6340;8.59401226844081;6340;0.25695204709838332;6340;7.5258644367809078;6340;7.50022888882107
6350;170.56184575945309;6350;81.167027802362128;6350;8.5573900570696129;6350;0.2571892591493104;6350;7.5276955473494676;6350;7.50022888882107
6360;170.62288277840508;6360;81.081575975829338;6360;8.4963530381176184;6360;0.25734740051659516;6360;7.5246436964018679;6360;7.50022888882107
6370;170.80599383526109;6370;81.252479628894918;6370;8.59401226844081;6370;0.25762414790934335;6370;7.5280007324442275;6370;7.50022888882107
6380;170.69612720114748;6380;81.215857417523722;6380;8.5695974608600132;6380;0.25778228927662805;6380;7.5249488814966279;6380;7.50022888882107
6390;170.63509018219548;6390;81.105990783410135;6390;8.5695974608600132;6390;0.25797996598573397;6390;7.5246436964018679;6390;7.50022888882107
6400;170.62288277840508;6400;81.167027802362128;6400;8.6550492873928029;6400;0.25817764269483984;6400;7.5264748069704277;6400;7.50022888882107
6410;170.67171239356668;6410;81.240272225104519;6410;8.5451826532792143;6410;0.25837531940394576;6410;7.5261696218756677;6410;7.50022888882107
6420;170.56184575945309;6420;81.203650013733323;6420;8.5207678456984173;6420;0.25857299611305162;6420;7.5270851771599476;6420;7.50022888882107
6430;170.5130161442915;6430;81.191442609942925;6430;8.5207678456984173;6430;0.25877067282215749;6430;7.5246436964018679;6430;7.50022888882107
6440;170.58626056703389;6440;81.179235206152526;6440;8.4963530381176184;6440;0.25896834953126346;6440;7.5270851771599476;6440;7.50022888882107
6450;170.63509018219548;6450;81.191442609942925;6450;8.5573900570696129;6450;0.25912649089854817;6450;7.5267799920651877;6450;7.50022888882107
6460;170.67171239356668;6460;81.203650013733323;6460;8.6184270760216073;6460;0.25936370294947525;6460;7.5289162877285074;6460;7.50022888882107
6470;170.7327494125187;6470;81.130405590990932;6470;8.6062196722312088;6470;0.25952184431675995;6470;7.524338511307108;6470;7.50022888882107
6480;170.67171239356668;6480;81.289101840266113;6480;8.5451826532792143;6480;0.25967998568404466;6480;7.5246436964018679;6480;7.50022888882107
6490;170.54963835566269;6490;81.3745536667989;6490;8.48414563432722;6490;0.25983812705132936;6490;7.5258644367809078;6490;7.50022888882107
6500;170.69612720114748;6500;81.289101840266113;6500;8.48414563432722;6500;0.26007533910225644;6500;7.5264748069704277;6500;7.50022888882107
6510;170.5252235480819;6510;81.252479628894918;6510;8.4963530381176184;6510;0.26031255115318347;6510;7.5276955473494676;6510;7.50022888882107
6520;170.4886013367107;6520;81.3867610705893;6520;8.6794640949736017;6520;0.26054976320411055;6520;7.5261696218756677;6520;7.50022888882107
6530;170.5252235480819;6530;81.3745536667989;6530;8.764915921506395;6530;0.26070790457139525;6530;7.5276955473494676;6530;7.50022888882107
6540;170.62288277840508;6540;81.191442609942925;6540;8.6184270760216073;6540;0.26094511662232228;6540;7.524033326212348;6540;7.50022888882107
6550;170.67171239356668;6550;81.264687032685316;6550;8.5818048646504117;6550;0.26118232867324936;6550;7.5267799920651877;6550;7.50022888882107
6560;170.62288277840508;6560;81.215857417523722;6560;8.59401226844081;6560;0.26130093469871291;6560;7.5264748069704277;6560;7.50022888882107
6570;170.7693716238899;6570;81.264687032685316;6570;8.59401226844081;6570;0.2615381467496401;6570;7.5276955473494676;6570;7.50022888882107
6580;170.7449568163091;6580;81.276894436475715;6580;8.4719382305368214;6580;0.26173582345874596;6580;7.5249488814966279;6580;7.50022888882107
6590;170.7327494125187;6590;81.191442609942925;6590;8.4963530381176184;6590;0.26193350016785188;6590;7.524033326212348;6590;7.50022888882107
6600;170.58626056703389;6600;81.179235206152526;6600;8.6550492873928029;6600;0.26213117687695769;6600;7.5258644367809078;6600;7.50022888882107
6610;170.63509018219548;6610;81.203650013733323;6610;8.7038789025543988;6610;0.26232885358606362;6610;7.5270851771599476;6610;7.50022888882107
6620;170.64729758598588;6620;81.264687032685316;6620;8.7038789025543988;6620;0.26260560097881186;6620;7.5286111026337474;6620;7.50022888882107
6630;170.61067537461469;6630;81.3745536667989;6630;8.6184270760216073;6630;0.2627242070042754;6630;7.5255592516861478;6630;7.50022888882107
6640;170.5252235480819;6640;81.3867610705893;6640;8.59401226844081;6640;0.26284281302973894;6640;7.5280007324442275;6640;7.50022888882107
6650;170.5252235480819;6650;81.289101840266113;6650;8.5818048646504117;6650;0.263080025080666;6650;7.524033326212348;6650;7.50022888882107
6660;170.67171239356668;6660;81.203650013733323;6660;8.5818048646504117;6660;0.26335677247341421;6660;7.5261696218756677;6660;7.50022888882107
6670;170.58626056703389;6670;81.240272225104519;6670;8.5207678456984173;6670;0.26355444918252013;6670;7.5261696218756677;6670;7.50022888882107
6680;170.65950498977628;6680;81.3745536667989;6680;8.435316019165624;6680;0.26367305520798362;6680;7.5264748069704277;6680;7.50022888882107
6690;170.7083346049379;6690;81.337931455427707;6690;8.5207678456984173;6690;0.26383119657526832;6690;7.5270851771599476;6690;7.50022888882107
6700;170.67171239356668;6700;81.325724051637309;6700;8.5818048646504117;6700;0.2640288732843743;6700;7.5249488814966279;6700;7.50022888882107
6710;170.63509018219548;6710;81.3623462630085;6710;8.48414563432722;6710;0.264187014651659;6710;7.5261696218756677;6710;7.50022888882107
6720;170.7083346049379;6720;81.337931455427707;6720;8.48414563432722;6720;0.26438469136076487;6720;7.5276955473494676;6720;7.50022888882107
6730;170.64729758598588;6730;81.3501388592181;6730;8.435316019165624;6730;0.26458236806987079;6730;7.5289162877285074;6730;7.50022888882107
6740;170.67171239356668;6740;81.252479628894918;6740;8.48414563432722;6740;0.26478004477897665;6740;7.5231177709280681;6740;7.50022888882107
6750;170.7449568163091;6750;81.191442609942925;6750;8.6794640949736017;6750;0.26501725682990374;6750;7.5267799920651877;6750;7.50022888882107
6760;170.7205420087283;6760;81.240272225104519;6760;8.59401226844081;6760;0.26513586285536722;6760;7.5270851771599476;6760;7.50022888882107
6770;170.7449568163091;6770;81.301309244056512;6770;8.5207678456984173;6770;0.2653730749062943;6770;7.5270851771599476;6770;7.50022888882107
6780;170.57405316324349;6780;81.3501388592181;6780;8.6428418836024044;6780;0.26557075161540017;6780;7.5264748069704277;6780;7.50022888882107
6790;170.58626056703389;6790;81.3501388592181;6790;8.7160863063447991;6790;0.26568935764086371;6790;7.5258644367809078;6790;7.50022888882107
6800;170.61067537461469;6800;81.4111758781701;6800;8.691671498764;6800;0.26580796366632725;6800;7.5270851771599476;6800;7.50022888882107
6810;170.7083346049379;6810;81.3745536667989;6810;8.6672566911832032;6810;0.2660847110590755;6810;7.5267799920651877;6810;7.50022888882107
6820;170.7083346049379;6820;81.301309244056512;6820;8.6794640949736017;6820;0.26632192311000258;6820;7.5280007324442275;6820;7.50022888882107
6830;170.62288277840508;6830;81.301309244056512;6830;8.59401226844081;6830;0.2664009937936449;6830;7.523728141117588;6830;7.50022888882107
6840;170.58626056703389;6840;81.301309244056512;6840;8.59401226844081;6840;0.26663820584457204;6840;7.5267799920651877;6840;7.50022888882107
6850;170.61067537461469;6850;81.276894436475715;6850;8.6184270760216073;6850;0.26683588255367791;6850;7.5258644367809078;6850;7.50022888882107
6860;170.7327494125187;6860;81.276894436475715;6860;8.59401226844081;6860;0.26707309460460493;6860;7.5276955473494676;6860;7.50022888882107
6870;170.65950498977628;6870;81.3623462630085;6870;8.6794640949736017;6870;0.26727077131371085;6870;7.5264748069704277;6870;7.50022888882107
6880;170.69612720114748;6880;81.3867610705893;6880;8.6062196722312088;6880;0.26746844802281677;6880;7.5267799920651877;6880;7.50022888882107
6890;170.69612720114748;6890;81.3501388592181;6890;8.6062196722312088;6890;0.26774519541556496;6890;7.5267799920651877;6890;7.50022888882107
6900;170.7327494125187;6900;81.289101840266113;6900;8.691671498764;6900;0.26798240746649205;6900;7.5261696218756677;6900;7.50022888882107
6910;170.65950498977628;6910;81.203650013733323;6910;8.7160863063447991;6910;0.26814054883377675;6910;7.5276955473494676;6910;7.50022888882107
6920;170.7693716238899;6920;81.240272225104519;6920;8.6672566911832032;6920;0.26837776088470378;6920;7.5258644367809078;6920;7.50022888882107
6930;170.89144566179388;6930;81.252479628894918;6930;8.5207678456984173;6930;0.26853590225198848;6930;7.5283059175389875;6930;7.50022888882107
6940;170.7083346049379;6940;81.240272225104519;6940;8.5695974608600132;6940;0.26861497293563086;6940;7.524338511307108;6940;7.50022888882107
6950;170.62288277840508;6950;81.276894436475715;6950;8.5818048646504117;6950;0.26885218498655794;6950;7.5267799920651877;6950;7.50022888882107
6960;170.7449568163091;6960;81.191442609942925;6960;8.5818048646504117;6960;0.26901032635384275;6960;7.5261696218756677;6960;7.50022888882107
6970;170.83040864284189;6970;81.252479628894918;6970;8.6184270760216073;6970;0.26920800306294868;6970;7.5276955473494676;6970;7.50022888882107
6980;170.64729758598588;6980;81.276894436475715;6980;8.6062196722312088;6980;0.26936614443023338;6980;7.5270851771599476;6980;7.50022888882107
6990;170.7571642200995;6990;81.215857417523722;6990;8.6550492873928029;6990;0.26956382113933924;6990;7.5246436964018679;6990;7.50022888882107
7000;170.7327494125187;7000;81.191442609942925;7000;8.6794640949736017;7000;0.26976149784844511;7000;7.5267799920651877;7000;7.50022888882107
7010;170.64729758598588;7010;81.337931455427707;7010;8.6062196722312088;7010;0.26995917455755103;7010;7.5283059175389875;7010;7.50022888882107
7020;170.61067537461469;7020;81.325724051637309;7020;8.5573900570696129;7020;0.27015685126665689;7020;7.5289162877285074;7020;7.50022888882107
7030;170.57405316324349;7030;81.276894436475715;7030;8.5573900570696129;7030;0.2703149926339416;7030;7.5225074007385482;7030;7.50022888882107
7040;170.58626056703389;7040;81.276894436475715;7040;8.5695974608600132;7040;0.2704731340012263;7040;7.5261696218756677;7040;7.50022888882107
7050;170.67171239356668;7050;81.264687032685316;7050;8.5695974608600132;7050;0.27067081071033222;7050;7.5276955473494676;7050;7.50022888882107
7060;170.7205420087283;7060;81.3623462630085;7060;8.5573900570696129;7060;0.27086848741943809;7060;7.5283059175389875;7060;7.50022888882107
7070;170.63509018219548;7070;81.264687032685316;7070;8.508560441908017;7070;0.27106616412854395;7070;7.5255592516861478;7070;7.50022888882107
7080;170.7205420087283;7080;81.337931455427707;7080;8.5207678456984173;7080;0.27130337617947103;7080;7.5258644367809078;7080;7.50022888882107
7090;170.57405316324349;7090;81.289101840266113;7090;8.6062196722312088;7090;0.27154058823039817;7090;7.5283059175389875;7090;7.50022888882107
7100;170.65950498977628;7100;81.215857417523722;7100;8.6428418836024044;7100;0.27169872959768288;7100;7.5280007324442275;7100;7.50022888882107
7110;170.64729758598588;7110;81.301309244056512;7110;8.7038789025543988;7110;0.2718964063067888;7110;7.5286111026337474;7110;7.50022888882107
7120;170.7205420087283;7120;81.240272225104519;7120;8.6550492873928029;7120;0.2720545476740735;7120;7.5246436964018679;7120;7.50022888882107
7130;170.7693716238899;7130;81.240272225104519;7130;8.59401226844081;7130;0.27229175972500053;7130;7.5267799920651877;7130;7.50022888882107
7140;170.67171239356668;7140;81.203650013733323;7140;8.5695974608600132;7140;0.27244990109228523;7140;7.5261696218756677;7140;7.50022888882107
7150;170.65950498977628;7150;81.264687032685316;7150;8.5695974608600132;7150;0.27264757780139109;7150;7.5295266579180273;7150;7.50022888882107
7160;170.54963835566269;7160;81.3501388592181;7160;8.6428418836024044;7160;0.272845254510497;7160;7.5261696218756677;7160;7.50022888882107
7170;170.7693716238899;7170;81.3501388592181;7170;8.6062196722312088;7170;0.27312200190324526;7170;7.5249488814966279;7170;7.50022888882107
7180;170.81820123905149;7180;81.4111758781701;7180;8.5573900570696129;7180;0.27339874929599345;7180;7.5270851771599476;7180;7.50022888882107
7190;170.80599383526109;7190;81.3501388592181;7190;8.5818048646504117;7190;0.27351735532145705;7190;7.5276955473494676;7190;7.50022888882107
7200;170.7083346049379;7200;81.301309244056512;7200;8.6062196722312088;7200;0.27371503203056285;7200;7.5280007324442275;7200;7.50022888882107
7210;170.7327494125187;7210;81.276894436475715;7210;8.7038789025543988;7210;0.27395224408148994;7210;7.5246436964018679;7210;7.50022888882107
7220;170.7693716238899;7220;81.325724051637309;7220;8.7038789025543988;7220;0.27407085010695353;7220;7.5267799920651877;7220;7.50022888882107
7230;170.7083346049379;7230;81.4111758781701;7230;8.5695974608600132;7230;0.27430806215788062;7230;7.5270851771599476;7230;7.50022888882107
7240;170.7327494125187;7240;81.3623462630085;7240;8.4231086153752255;7240;0.27454527420880764;7240;7.5292214728232674;7240;7.50022888882107
7250;170.7083346049379;7250;81.301309244056512;7250;8.508560441908017;7250;0.27458480955062886;7250;7.524338511307108;7250;7.50022888882107
7260;170.7449568163091;7260;81.337931455427707;7260;8.6672566911832032;7260;0.27486155694337711;7260;7.5280007324442275;7260;7.50022888882107
7270;170.65950498977628;7270;81.337931455427707;7270;8.6428418836024044;7270;0.27509876899430413;7270;7.5280007324442275;7270;7.50022888882107
7280;170.7083346049379;7280;81.337931455427707;7280;8.5695974608600132;7280;0.27529644570341005;7280;7.5283059175389875;7280;7.50022888882107
7290;170.61067537461469;7290;81.3501388592181;7290;8.5573900570696129;7290;0.27541505172887354;7290;7.5283059175389875;7290;7.50022888882107
7300;170.69612720114748;7300;81.3867610705893;7300;8.59401226844081;7300;0.27557319309615824;7300;7.5264748069704277;7300;7.50022888882107
7310;170.7083346049379;7310;81.3745536667989;7310;8.6062196722312088;7310;0.27584994048890649;7310;7.5283059175389875;7310;7.50022888882107
7320;170.67171239356668;7320;81.3623462630085;7320;8.6550492873928029;7320;0.27604761719801241;7320;7.5270851771599476;7320;7.50022888882107
7330;170.7449568163091;7330;81.3745536667989;7330;8.691671498764;7330;0.27628482924893949;7330;7.5289162877285074;7330;7.50022888882107
7340;170.7327494125187;7340;81.3501388592181;7340;8.6672566911832032;7340;0.276403435274403;7340;7.5264748069704277;7340;7.50022888882107
7350;170.7205420087283;7350;81.4233832819605;7350;8.6428418836024044;7350;0.27664064732533011;7350;7.5295266579180273;7350;7.50022888882107
7360;170.69612720114748;7360;81.4233832819605;7360;8.5573900570696129;7360;0.27675925335079365;7360;7.5258644367809078;7360;7.50022888882107
7370;170.80599383526109;7370;81.4355906857509;7370;8.59401226844081;7370;0.27699646540172074;7370;7.5264748069704277;7370;7.50022888882107
7380;170.81820123905149;7380;81.4233832819605;7380;8.6062196722312088;7380;0.27715460676900544;7380;7.5270851771599476;7380;7.50022888882107
7390;170.7571642200995;7390;81.4111758781701;7390;8.6062196722312088;7390;0.27731274813629014;7390;7.5261696218756677;7390;7.50022888882107
7400;170.5374309518723;7400;81.4355906857509;7400;8.6428418836024044;7400;0.27754996018721717;7400;7.5276955473494676;7400;7.50022888882107
7410;170.64729758598588;7410;81.447798089541322;7410;8.5818048646504117;7410;0.27778717223814425;7410;7.5280007324442275;7410;7.50022888882107
7420;170.80599383526109;7420;81.325724051637309;7420;8.5818048646504117;7420;0.27794531360542896;7420;7.5292214728232674;7420;7.50022888882107
7430;170.7205420087283;7430;81.252479628894918;7430;8.59401226844081;7430;0.2780639196308925;7430;7.5283059175389875;7430;7.50022888882107
7440;170.67171239356668;7440;81.3745536667989;7440;8.6184270760216073;7440;0.27830113168181958;7440;7.5313577684865871;7440;7.50022888882107
7450;170.65950498977628;7450;81.4111758781701;7450;8.6184270760216073;7450;0.27849880839092539;7450;7.5255592516861478;7450;7.50022888882107
7460;170.7449568163091;7460;81.460005493331721;7460;8.5573900570696129;7460;0.27873602044185247;7460;7.5276955473494676;7460;7.50022888882107
7470;170.69612720114748;7470;81.460005493331721;7470;8.6428418836024044;7470;0.27901276783460072;7470;7.5283059175389875;7470;7.50022888882107
7480;170.7083346049379;7480;81.3501388592181;7480;8.7405011139255961;7480;0.27917090920188553;7480;7.5286111026337474;7480;7.50022888882107
7490;170.7205420087283;7490;81.337931455427707;7490;8.6428418836024044;7490;0.27924997988552785;7490;7.5292214728232674;7490;7.50022888882107
7500;170.92806787316508;7500;81.460005493331721;7500;8.5818048646504117;7500;0.2793685859109914;7500;7.5264748069704277;7500;7.50022888882107
7510;170.85482345042269;7510;81.4355906857509;7510;8.5695974608600132;7510;0.27964533330373964;7510;7.5283059175389875;7510;7.50022888882107
7520;170.67171239356668;7520;81.4111758781701;7520;8.59401226844081;7520;0.27984301001284551;7520;7.5276955473494676;7520;7.50022888882107
7530;170.7571642200995;7530;81.4355906857509;7530;8.59401226844081;7530;0.28000115138013021;7530;7.5289162877285074;7530;7.50022888882107
7540;170.85482345042269;7540;81.3867610705893;7540;8.4963530381176184;7540;0.28015929274741491;7540;7.5280007324442275;7540;7.50022888882107
7550;170.90365306558428;7550;81.4111758781701;7550;8.435316019165624;7550;0.28031743411469967;7550;7.5316629535813471;7550;7.50022888882107
7560;170.7571642200995;7560;81.447798089541322;7560;8.4719382305368214;7560;0.28043604014016316;7560;7.5270851771599476;7560;7.50022888882107
7570;170.79378643147069;7570;81.508835108493315;7570;8.5818048646504117;7570;0.28063371684926908;7570;7.5270851771599476;7570;7.50022888882107
7580;170.7693716238899;7580;81.521042512283714;7580;8.6550492873928029;7580;0.2808709289001961;7580;7.5292214728232674;7580;7.50022888882107
7590;170.89144566179388;7590;81.5942869350261;7590;8.5695974608600132;7590;0.28110814095112319;7590;7.5295266579180273;7590;7.50022888882107
7600;170.84261604663229;7600;81.508835108493315;7600;8.5695974608600132;7600;0.28134535300205021;7600;7.5301370281075473;7600;7.50022888882107
7610;170.7327494125187;7610;81.3745536667989;7610;8.6062196722312088;7610;0.28154302971115613;7610;7.5276955473494676;7610;7.50022888882107
7620;170.86703085421308;7620;81.508835108493315;7620;8.5818048646504117;7620;0.28178024176208333;7620;7.5301370281075473;7620;7.50022888882107
7630;170.89144566179388;7630;81.557664723654909;7630;8.5451826532792143;7630;0.28185931244572571;7630;7.5261696218756677;7630;7.50022888882107
7640;170.7449568163091;7640;81.533249916074112;7640;8.5695974608600132;7640;0.2821360598384739;7640;7.5292214728232674;7640;7.50022888882107
7650;170.69612720114748;7650;81.4233832819605;7650;8.5695974608600132;7650;0.28233373654757982;7650;7.5301370281075473;7650;7.50022888882107
7660;170.81820123905149;7660;81.4355906857509;7660;8.6672566911832032;7660;0.2824523425730433;7660;7.5316629535813471;7660;7.50022888882107
7670;170.7571642200995;7670;81.4233832819605;7670;8.7405011139255961;7670;0.28265001928214922;7670;7.5295266579180273;7670;7.50022888882107
7680;170.85482345042269;7680;81.3745536667989;7680;8.5695974608600132;7680;0.28284769599125509;7680;7.5283059175389875;7680;7.50022888882107
7690;170.84261604663229;7690;81.496627704702917;7690;8.5207678456984173;7690;0.28300583735853979;7690;7.5286111026337474;7690;7.50022888882107
7700;170.90365306558428;7700;81.521042512283714;7700;8.5573900570696129;7700;0.28324304940946687;7700;7.5270851771599476;7700;7.50022888882107
7710;170.80599383526109;7710;81.508835108493315;7710;8.5695974608600132;7710;0.28351979680221506;7710;7.5292214728232674;7710;7.50022888882107
7720;170.7205420087283;7720;81.496627704702917;7720;8.6062196722312088;7720;0.28351979680221506;7720;7.5301370281075473;7720;7.50022888882107
7730;170.7571642200995;7730;81.508835108493315;7730;8.5573900570696129;7730;0.28375700885314215;7730;7.5328836939603869;7730;7.50022888882107
7740;170.64729758598588;7740;81.4233832819605;7740;8.5451826532792143;7740;0.28403375624589039;7740;7.5270851771599476;7740;7.50022888882107
7750;170.7571642200995;7750;81.521042512283714;7750;8.6184270760216073;7750;0.28419189761317515;7750;7.5292214728232674;7750;7.50022888882107
7760;170.79378643147069;7760;81.6187017426069;7760;8.6184270760216073;7760;0.284389574322281;7760;7.5286111026337474;7760;7.50022888882107
7770;170.94027527695548;7770;81.533249916074112;7770;8.6184270760216073;7770;0.28466632171502931;7770;7.5283059175389875;7770;7.50022888882107
7780;170.91586046937468;7780;81.447798089541322;7780;8.6428418836024044;7780;0.28490353376595634;7780;7.5304422132023072;7780;7.50022888882107
7790;170.7571642200995;7790;81.3745536667989;7790;8.59401226844081;7790;0.28502213979141988;7790;7.5313577684865871;7790;7.50022888882107
7800;170.64729758598588;7800;81.301309244056512;7800;8.5695974608600132;7800;0.28521981650052575;7800;7.532273323770867;7800;7.50022888882107
7810;170.7327494125187;7810;81.337931455427707;7810;8.5451826532792143;7810;0.28537795786781045;7810;7.5280007324442275;7810;7.50022888882107
7820;170.85482345042269;7820;81.4233832819605;7820;8.59401226844081;7820;0.28561516991873753;7820;7.5304422132023072;7820;7.50022888882107
7830;170.79378643147069;7830;81.4355906857509;7830;8.6794640949736017;7830;0.2858128466278434;7830;7.5283059175389875;7830;7.50022888882107
7840;170.7693716238899;7840;81.533249916074112;7840;8.6672566911832032;7840;0.28597098799512816;7840;7.5304422132023072;7840;7.50022888882107
7850;170.84261604663229;7850;81.521042512283714;7850;8.5207678456984173;7850;0.286168664704234;7850;7.5304422132023072;7850;7.50022888882107
7860;170.95248268074587;7860;81.496627704702917;7860;8.5451826532792143;7860;0.28632680607151872;7860;7.532273323770867;7860;7.50022888882107
7870;170.7571642200995;7870;81.533249916074112;7870;8.5818048646504117;7870;0.28656401812244581;7870;7.5313577684865871;7870;7.50022888882107
7880;170.83040864284189;7880;81.4233832819605;7880;8.6062196722312088;7880;0.28684076551519405;7880;7.5310525833918271;7880;7.50022888882107
7890;170.86703085421308;7890;81.337931455427707;7890;8.6672566911832032;7890;0.2870384422243;7890;7.5313577684865871;7890;7.50022888882107
7900;170.7693716238899;7900;81.4233832819605;7900;8.5695974608600132;7900;0.28715704824976346;7900;7.5289162877285074;7900;7.50022888882107
7910;170.7571642200995;7910;81.460005493331721;7910;8.48414563432722;7910;0.28739426030069054;7910;7.5316629535813471;7910;7.50022888882107
7920;170.84261604663229;7920;81.4233832819605;7920;8.508560441908017;7920;0.28759193700979646;7920;7.5280007324442275;7920;7.50022888882107
EOF
