Name;YT Scope Project;
File;C:\Users\Tobno\Desktop\Kv Tester\JibOpp180bar\55prosent.csv;
Starttime of export;134213157378930000;onsdag 22. april 2026;09:15:37.893
Endtime of export;134213157461186014;onsdag 22. april 2026;09:15:46.118


Name;fPresSupply_bar;Name;fPres1A_bar;Name;fPres1B_bar;Name;fCylinder1_m;Name;fSensor1_V;Name;fValve1_V

0;168.30347605822928;0;81.3745536667989;0;10.559404278695029;0;0.12620867169574709;0;7.7974791711172831;0;7.750175481429487
10;168.40113528855252;10;81.3745536667989;10;10.339671010467848;10;0.12648541908849534;10;7.7968688009277631;10;7.750175481429487
20;168.43775749992372;20;81.557664723654909;20;10.229804376354259;20;0.12676216648124364;20;7.798089541306803;20;7.750175481429487
30;168.53541673024691;30;81.6797387615589;30;10.278633991515855;30;0.12692030784852834;30;7.7971739860225231;30;7.750175481429487
40;168.65749076815089;40;81.47221289712212;40;10.400708029419842;40;0.12723659058309775;40;7.8002258369701227;40;7.750175481429487
50;168.51100192266611;50;81.4233832819605;50;10.498367259743032;50;0.1274738026340248;50;7.7953428754539633;50;7.750175481429487
60;168.51100192266611;60;81.521042512283714;60;10.510574663533431;60;0.12767147934313069;60;7.797784356212043;60;7.750175481429487
70;168.41334269234292;70;81.460005493331721;70;10.473952452162235;70;0.12786915605223656;70;7.7993102816858428;70;7.750175481429487
80;168.37672048097173;80;81.533249916074112;80;10.43733024079104;80;0.12810636810316367;80;7.7974791711172831;80;7.750175481429487
90;168.41334269234292;90;81.533249916074112;90;10.412915433210241;90;0.12830404481226956;90;7.797784356212043;90;7.750175481429487
100;168.43775749992372;100;81.460005493331721;100;10.364085818048645;100;0.12846218617955427;100;7.7974791711172831;100;7.750175481429487
110;168.37672048097173;110;81.460005493331721;110;10.339671010467848;110;0.12865986288866016;110;7.7996154667806028;110;7.750175481429487
120;168.40113528855252;120;81.47221289712212;120;10.412915433210241;120;0.1289366102814084;120;7.7956480605487233;120;7.750175481429487
130;168.47437971129492;130;81.447798089541322;130;10.473952452162235;130;0.12917382233233549;130;7.797784356212043;130;7.750175481429487
140;168.38892788476213;140;81.4355906857509;140;10.376293221839045;140;0.12933196369962019;140;7.7974791711172831;140;7.750175481429487
150;168.38892788476213;150;81.496627704702917;150;10.278633991515855;150;0.1296482464341896;150;7.8008362071596427;150;7.750175481429487
160;168.40113528855252;160;81.301309244056512;160;10.351878414258247;160;0.12988545848511668;160;7.7965636158330032;160;7.750175481429487
170;168.53541673024691;170;81.215857417523722;170;10.400708029419842;170;0.13008313519422257;170;7.7965636158330032;170;7.750175481429487
180;168.31568346201968;180;81.3745536667989;180;10.315256202887051;180;0.13024127656150727;180;7.798089541306803;180;7.750175481429487
190;168.41334269234292;190;81.496627704702917;190;10.339671010467848;190;0.13051802395425557;190;7.7956480605487233;190;7.750175481429487
200;168.52320932645651;200;81.533249916074112;200;10.254219183935056;200;0.13075523600518263;200;7.7986999114963229;200;7.750175481429487
210;168.40113528855252;210;81.533249916074112;210;10.205389568773462;210;0.13095291271428852;210;7.7996154667806028;210;7.750175481429487
220;168.42555009613332;220;81.6064943388165;220;10.327463606677449;220;0.13122966010703674;220;7.8020569475386825;220;7.750175481429487
230;168.35230567339087;230;81.6064943388165;230;10.364085818048645;230;0.13138780147432144;230;7.7962584307382432;230;7.750175481429487
240;168.43775749992372;240;81.6064943388165;240;10.351878414258247;240;0.13166454886706971;240;7.7986999114963229;240;7.750175481429487
250;168.47437971129492;250;81.545457319864511;250;10.315256202887051;250;0.13186222557617558;250;7.7986999114963229;250;7.750175481429487
260;168.5720389416181;260;81.6187017426069;260;10.425122837000641;260;0.13213897296892382;260;7.798089541306803;260;7.750175481429487
270;168.49879451887571;270;81.6675313577685;270;10.351878414258247;270;0.13237618501985088;270;7.7968688009277631;270;7.750175481429487
280;168.48658711508531;280;81.6797387615589;280;10.242011780144658;280;0.13253432638713558;280;7.7953428754539633;280;7.750175481429487
290;168.43775749992372;290;81.6675313577685;290;10.303048799096652;290;0.13273200309624147;290;7.797784356212043;290;7.750175481429487
300;168.48658711508531;300;81.545457319864511;300;10.315256202887051;300;0.13296921514716858;300;7.797784356212043;300;7.750175481429487
310;168.51100192266611;310;81.545457319864511;310;10.351878414258247;310;0.13328549788173802;310;7.8002258369701227;310;7.750175481429487
320;168.52320932645651;320;81.47221289712212;320;10.315256202887051;320;0.13340410390720156;320;7.7962584307382432;320;7.750175481429487
330;168.42555009613332;330;81.521042512283714;330;10.266426587725455;330;0.13368085129994978;330;7.797784356212043;330;7.750175481429487
340;168.35230567339087;340;81.6187017426069;340;10.339671010467848;340;0.13391806335087686;340;7.7971739860225231;340;7.750175481429487
350;168.52320932645651;350;81.5942869350261;350;10.315256202887051;350;0.13415527540180391;350;7.7990050965910829;350;7.750175481429487
360;168.55983153782771;360;81.557664723654909;360;10.327463606677449;360;0.13431341676908867;360;7.7968688009277631;360;7.750175481429487
370;168.5964537491989;370;81.521042512283714;370;10.339671010467848;370;0.13459016416183692;370;7.7956480605487233;370;7.750175481429487
380;168.37672048097173;380;81.533249916074112;380;10.364085818048645;380;0.13486691155458513;380;7.797784356212043;380;7.750175481429487
390;168.48658711508531;390;81.6064943388165;390;10.339671010467848;390;0.13510412360551222;390;7.7956480605487233;390;7.750175481429487
400;168.55983153782771;400;81.521042512283714;400;10.180974761192665;400;0.13526226497279695;400;7.7971739860225231;400;7.750175481429487
410;168.48658711508531;410;81.3745536667989;410;10.156559953611865;410;0.13553901236554516;410;7.7962584307382432;410;7.750175481429487
420;168.48658711508531;420;81.4111758781701;420;10.180974761192665;420;0.13581575975829341;420;7.7968688009277631;420;7.750175481429487
430;168.52320932645651;430;81.508835108493315;430;10.266426587725455;430;0.13601343646739927;430;7.7932065797906436;430;7.750175481429487
440;168.65749076815089;440;81.545457319864511;440;10.254219183935056;440;0.13629018386014752;440;7.7971739860225231;440;7.750175481429487
450;168.44996490371412;450;81.557664723654909;450;10.180974761192665;450;0.13644832522743225;450;7.7968688009277631;450;7.750175481429487
460;168.44996490371412;460;81.6919461653493;460;10.278633991515855;460;0.13664600193653814;460;7.7956480605487233;460;7.750175481429487
470;168.40113528855252;470;81.6064943388165;470;10.339671010467848;470;0.13688321398746525;470;7.7953428754539633;470;7.750175481429487
480;168.43775749992372;480;81.4355906857509;480;10.364085818048645;480;0.1371599613802135;480;7.7947325052644434;480;7.750175481429487
490;168.49879451887571;490;81.4111758781701;490;10.351878414258247;490;0.13735763808931936;490;7.797784356212043;490;7.750175481429487
500;168.31568346201968;500;81.533249916074112;500;10.339671010467848;500;0.13759485014024642;500;7.7947325052644434;500;7.750175481429487
510;168.30347605822928;510;81.71636097293009;510;10.180974761192665;510;0.13783206219117347;510;7.7953428754539633;510;7.750175481429487
520;168.41334269234292;520;81.6797387615589;520;10.156559953611865;520;0.13802973890027936;520;7.7956480605487233;520;7.750175481429487
530;168.48658711508531;530;81.6675313577685;530;10.254219183935056;530;0.13826695095120645;530;7.7986999114963229;530;7.750175481429487
540;168.44996490371412;540;81.6187017426069;540;10.217596972563861;540;0.13842509231849115;540;7.7929013946958827;540;7.750175481429487
550;168.48658711508531;550;81.5820795312357;550;10.205389568773462;550;0.13854369834395469;550;7.7950376903592034;550;7.750175481429487
560;168.44996490371412;560;81.545457319864511;560;10.205389568773462;560;0.13882044573670291;560;7.7968688009277631;560;7.750175481429487
570;168.47437971129492;570;81.545457319864511;570;10.180974761192665;570;0.13905765778762996;570;7.7944273201696834;570;7.750175481429487
580;168.31568346201968;580;81.5820795312357;580;10.168767357402263;580;0.13925533449673586;580;7.7950376903592034;580;7.750175481429487
590;168.40113528855252;590;81.533249916074112;590;10.168767357402263;590;0.13941347586402061;590;7.7953428754539633;590;7.750175481429487
600;168.42555009613332;600;81.47221289712212;600;10.278633991515855;600;0.1396506879149477;600;7.7986999114963229;600;7.750175481429487
610;168.40113528855252;610;81.533249916074112;610;10.278633991515855;610;0.13988789996587475;610;7.7932065797906436;610;7.750175481429487
620;168.6086611529893;620;81.6797387615589;620;10.168767357402263;620;0.14012511201680183;620;7.7935117648854035;620;7.750175481429487
630;168.49879451887571;630;81.6064943388165;630;10.217596972563861;630;0.1403227887259077;630;7.7935117648854035;630;7.750175481429487
640;168.40113528855252;640;81.47221289712212;640;10.266426587725455;640;0.140599536118656;640;7.7965636158330032;640;7.750175481429487
650;168.40113528855252;650;81.47221289712212;650;10.266426587725455;650;0.14079721282776189;650;7.7929013946958827;650;7.750175481429487
660;168.52320932645651;660;81.496627704702917;660;10.217596972563861;660;0.14107396022051014;660;7.7929013946958827;660;7.750175481429487
670;168.44996490371412;670;81.496627704702917;670;10.119937742240667;670;0.14123210158779484;670;7.7962584307382432;670;7.750175481429487
680;168.52320932645651;680;81.557664723654909;680;10.107730338450269;680;0.14146931363872189;680;7.7932065797906436;680;7.750175481429487
690;168.49879451887571;690;81.6919461653493;690;10.156559953611865;690;0.14174606103147014;690;7.7953428754539633;690;7.750175481429487
700;168.51100192266611;700;81.728568376720489;700;10.327463606677449;700;0.14190420239875484;700;7.7953428754539633;700;7.750175481429487
710;168.5842463454085;710;81.6919461653493;710;10.315256202887051;710;0.1421414144496819;710;7.7968688009277631;710;7.750175481429487
720;168.5720389416181;720;81.704153569139692;720;10.254219183935056;720;0.14233909115878779;720;7.7916806543168429;720;7.750175481429487
730;168.51100192266611;730;81.728568376720489;730;10.242011780144658;730;0.14257630320971484;730;7.7941221350749235;730;7.750175481429487
740;168.37672048097173;740;81.6064943388165;740;10.156559953611865;740;0.1428135152606419;740;7.7944273201696834;740;7.750175481429487
750;168.47437971129492;750;81.521042512283714;750;10.229804376354259;750;0.1430902626533902;750;7.7953428754539633;750;7.750175481429487
760;168.52320932645651;760;81.533249916074112;760;10.205389568773462;760;0.1432484040206749;760;7.7947325052644434;760;7.750175481429487
770;168.53541673024691;770;81.6064943388165;770;10.083315530869472;770;0.14348561607160198;770;7.7935117648854035;770;7.750175481429487
780;168.44996490371412;780;81.6431165501877;780;10.083315530869472;780;0.14372282812252904;780;7.7953428754539633;780;7.750175481429487
790;168.55983153782771;790;81.6675313577685;790;10.180974761192665;790;0.14388096948981377;790;7.7910702841273229;790;7.750175481429487
800;168.5720389416181;800;81.765190588091684;800;10.278633991515855;800;0.14407864619891964;800;7.7929013946958827;800;7.750175481429487
810;168.53541673024691;810;81.6675313577685;810;10.242011780144658;810;0.14431585824984669;810;7.7929013946958827;810;7.750175481429487
820;168.5964537491989;820;81.6309091463973;820;10.205389568773462;820;0.14463214098441618;820;7.7962584307382432;820;7.750175481429487
830;168.51100192266611;830;81.777397991882083;830;10.132145146031068;830;0.14475074700987969;830;7.790765099032563;830;7.750175481429487
840;168.6086611529893;840;81.6064943388165;840;10.132145146031068;840;0.14498795906080675;840;7.7922910245063628;840;7.750175481429487
850;168.5964537491989;850;81.533249916074112;850;10.144352549821466;850;0.14522517111173383;850;7.7941221350749235;850;7.750175481429487
860;168.55983153782771;860;81.765190588091684;860;10.205389568773462;860;0.14550191850448208;860;7.7916806543168429;860;7.750175481429487
870;168.48658711508531;870;81.752983184301286;870;10.168767357402263;870;0.14569959521358797;870;7.7932065797906436;870;7.750175481429487
880;168.5720389416181;880;81.704153569139692;880;10.058900723288675;880;0.14589727192269383;880;7.7916806543168429;880;7.750175481429487
890;168.51100192266611;890;81.6431165501877;890;10.083315530869472;890;0.14617401931544208;890;7.7932065797906436;890;7.750175481429487
900;168.52320932645651;900;81.6797387615589;900;10.058900723288675;900;0.14645076670819032;900;7.7916806543168429;900;7.750175481429487
910;168.55983153782771;910;81.752983184301286;910;10.046693319498276;910;0.1466879787591174;910;7.7944273201696834;910;7.750175481429487
920;168.52320932645651;920;81.6675313577685;920;10.156559953611865;920;0.14680658478458092;920;7.7898495437482831;920;7.750175481429487
930;168.65749076815089;930;81.6797387615589;930;10.266426587725455;930;0.14708333217732922;930;7.7916806543168429;930;7.750175481429487
940;168.5842463454085;940;81.6797387615589;940;10.327463606677449;940;0.14732054422825627;940;7.7935117648854035;940;7.750175481429487
950;168.53541673024691;950;81.6431165501877;950;10.180974761192665;950;0.14759729162100452;950;7.7916806543168429;950;7.750175481429487
960;168.55983153782771;960;81.6187017426069;960;10.132145146031068;960;0.14787403901375273;960;7.7932065797906436;960;7.750175481429487
970;168.5720389416181;970;81.6431165501877;970;10.071108127079073;970;0.14807171572285863;970;7.7932065797906436;970;7.750175481429487
980;168.47437971129492;980;81.777397991882083;980;10.034485915707878;980;0.14826939243196458;980;7.7947325052644434;980;7.750175481429487
990;168.49879451887571;990;81.862849818414873;990;10.058900723288675;990;0.14846706914107047;990;7.7919858394116028;990;7.750175481429487
1000;168.49879451887571;1000;81.814020203253278;1000;10.010071108127079;1000;0.14866474585017633;1000;7.7932065797906436;1000;7.750175481429487
1010;168.6330759605701;1010;81.765190588091684;1010;10.083315530869472;1010;0.14882288721746106;1010;7.790765099032563;1010;7.750175481429487
1020;168.70632038331249;1020;81.71636097293009;1020;10.180974761192665;1020;0.14906009926838812;1020;7.7935117648854035;1020;7.750175481429487
1030;168.53541673024691;1030;81.6675313577685;1030;10.180974761192665;1030;0.149257775977494;1030;7.7922910245063628;1030;7.750175481429487
1040;168.49879451887571;1040;81.765190588091684;1040;10.217596972563861;1040;0.14961359405388461;1040;7.7916806543168429;1040;7.750175481429487
1050;168.40113528855252;1050;81.765190588091684;1050;10.168767357402263;1050;0.14977173542116931;1050;7.7925962096011228;1050;7.750175481429487
1060;168.53541673024691;1060;81.6797387615589;1060;10.083315530869472;1060;0.14996941213027518;1060;7.790459913937803;1060;7.750175481429487
1070;168.47437971129492;1070;81.5942869350261;1070;10.168767357402263;1070;0.1501670888393811;1070;7.7925962096011228;1070;7.750175481429487
1080;168.48658711508531;1080;81.6797387615589;1080;10.217596972563861;1080;0.15040430089030815;1080;7.7935117648854035;1080;7.750175481429487
1090;168.6086611529893;1090;81.777397991882083;1090;10.083315530869472;1090;0.15068104828305645;1090;7.7953428754539633;1090;7.750175481429487
1100;168.6330759605701;1100;81.704153569139692;1100;10.058900723288675;1100;0.15083918965034115;1100;7.7886288033692432;1100;7.750175481429487
1110;168.55983153782771;1110;81.6309091463973;1110;10.144352549821466;1110;0.15103686635944702;1110;7.790765099032563;1110;7.750175481429487
1120;168.53541673024691;1120;81.6187017426069;1120;10.022278511917477;1120;0.1512740784103741;1120;7.7925962096011228;1120;7.750175481429487
1130;168.6330759605701;1130;81.728568376720489;1130;10.071108127079073;1130;0.15151129046130116;1130;7.7919858394116028;1130;7.750175481429487
1140;168.6086611529893;1140;81.777397991882083;1140;10.034485915707878;1140;0.15159036114494351;1140;7.7898495437482831;1140;7.750175481429487
1150;168.6330759605701;1150;81.80181279946288;1150;10.058900723288675;1150;0.15182757319587059;1150;7.7886288033692432;1150;7.750175481429487
1160;168.5964537491989;1160;81.765190588091684;1160;10.205389568773462;1160;0.15210432058861881;1160;7.7925962096011228;1160;7.750175481429487
1170;168.6086611529893;1170;81.6919461653493;1170;10.168767357402263;1170;0.15234153263954586;1170;7.7916806543168429;1170;7.750175481429487
1180;168.53541673024691;1180;81.752983184301286;1180;10.107730338450269;1180;0.15253920934865176;1180;7.7935117648854035;1180;7.750175481429487
1190;168.5720389416181;1190;81.728568376720489;1190;10.034485915707878;1190;0.15273688605775765;1190;7.7898495437482831;1190;7.750175481429487
1200;168.55983153782771;1200;81.765190588091684;1200;10.107730338450269;1200;0.1529740981086847;1200;7.7910702841273229;1200;7.750175481429487
1210;168.51100192266611;1210;81.777397991882083;1210;10.132145146031068;1210;0.15321131015961181;1210;7.7889339884640032;1210;7.750175481429487
1220;168.5720389416181;1220;81.814020203253278;1220;10.144352549821466;1220;0.15348805755236006;1220;7.7916806543168429;1220;7.750175481429487
1230;168.6208685567797;1230;81.838435010834075;1230;10.144352549821466;1230;0.15364619891964479;1230;7.7916806543168429;1230;7.750175481429487
1240;168.75514999847408;1240;81.814020203253278;1240;10.119937742240667;1240;0.15384387562875068;1240;7.790765099032563;1240;7.750175481429487
1250;168.6208685567797;1250;81.838435010834075;1250;10.010071108127079;1250;0.1541206230214989;1250;7.7922910245063628;1250;7.750175481429487
1260;168.55983153782771;1260;81.838435010834075;1260;10.022278511917477;1260;0.15439737041424714;1260;7.7895443586535231;1260;7.750175481429487
1270;168.47437971129492;1270;81.850642414624474;1270;10.071108127079073;1270;0.15459504712335309;1270;7.790459913937803;1270;7.750175481429487
1280;168.48658711508531;1280;81.862849818414873;1280;10.022278511917477;1280;0.15483225917428015;1280;7.7901547288430431;1280;7.750175481429487
1290;168.42555009613332;1290;81.850642414624474;1290;10.022278511917477;1290;0.155029935883386;1290;7.7935117648854035;1290;7.750175481429487
1300;168.37672048097173;1300;81.765190588091684;1300;9.9612414929654829;1300;0.15518807725067071;1300;7.7883236182744833;1300;7.750175481429487
1310;168.55983153782771;1310;81.728568376720489;1310;9.9368266853846858;1310;0.155464824643419;1310;7.790459913937803;1310;7.750175481429487
1320;168.5720389416181;1320;81.704153569139692;1320;10.022278511917477;1320;0.15566250135252488;1320;7.7919858394116028;1320;7.750175481429487
1330;168.5720389416181;1330;81.838435010834075;1330;9.9734488967558814;1330;0.1559392487452731;1330;7.7910702841273229;1330;7.750175481429487
1340;168.53541673024691;1340;81.88726462599567;1340;9.9124118778038888;1340;0.15617646079620015;1340;7.7895443586535231;1340;7.750175481429487
1350;168.49879451887571;1350;81.752983184301286;1350;10.058900723288675;1350;0.15633460216348485;1350;7.7898495437482831;1350;7.750175481429487
1360;168.44996490371412;1360;81.765190588091684;1360;10.083315530869472;1360;0.15657181421441194;1360;7.7916806543168429;1360;7.750175481429487
1370;168.5842463454085;1370;81.752983184301286;1370;10.034485915707878;1370;0.15684856160716018;1370;7.7886288033692432;1370;7.750175481429487
1380;168.48658711508531;1380;81.80181279946288;1380;10.058900723288675;1380;0.15708577365808729;1380;7.790765099032563;1380;7.750175481429487
1390;168.47437971129492;1390;81.765190588091684;1390;10.046693319498276;1390;0.15720437968355083;1390;7.790765099032563;1390;7.750175481429487
1400;168.6208685567797;1400;81.777397991882083;1400;9.9856563005462817;1400;0.15744159173447789;1400;7.7941221350749235;1400;7.750175481429487
1410;168.5842463454085;1410;81.789605395672481;1410;9.9856563005462817;1410;0.15767880378540494;1410;7.7883236182744833;1410;7.750175481429487
1420;168.5842463454085;1420;81.814020203253278;1420;10.022278511917477;1420;0.15799508651997435;1420;7.7898495437482831;1420;7.750175481429487
1430;168.53541673024691;1430;81.960509048738061;1430;9.9856563005462817;1430;0.15811369254543789;1430;7.7922910245063628;1430;7.750175481429487
1440;168.6208685567797;1440;81.984923856318858;1440;10.046693319498276;1440;0.15839043993818613;1440;7.7898495437482831;1440;7.750175481429487
1450;168.6330759605701;1450;81.80181279946288;1450;10.071108127079073;1450;0.15862765198911322;1450;7.7916806543168429;1450;7.750175481429487
1460;168.6330759605701;1460;81.752983184301286;1460;10.046693319498276;1460;0.15886486404004027;1460;7.7910702841273229;1460;7.750175481429487
1470;168.47437971129492;1470;81.875057222205271;1470;10.046693319498276;1470;0.15906254074914614;1470;7.7929013946958827;1470;7.750175481429487
1480;168.51100192266611;1480;82.033753471480452;1480;10.119937742240667;1480;0.15933928814189438;1480;7.7877132480849633;1480;7.750175481429487
1490;168.69411297952209;1490;82.033753471480452;1490;10.058900723288675;1490;0.15961603553464268;1490;7.7895443586535231;1490;7.750175481429487
1500;168.66969817194129;1500;81.875057222205271;1500;10.010071108127079;1500;0.15985324758556974;1500;7.7910702841273229;1500;7.750175481429487
1510;168.69411297952209;1510;81.948301644947662;1510;10.107730338450269;1510;0.16009045963649679;1510;7.7932065797906436;1510;7.750175481429487
1520;168.5964537491989;1520;81.948301644947662;1520;10.071108127079073;1520;0.16020906566196036;1520;7.7886288033692432;1520;7.750175481429487
1530;168.68190557573169;1530;81.875057222205271;1530;10.046693319498276;1530;0.16044627771288741;1530;7.7889339884640032;1530;7.750175481429487
1540;168.69411297952209;1540;81.862849818414873;1540;10.156559953611865;1540;0.16068348976381447;1540;7.7922910245063628;1540;7.750175481429487
1550;168.74294259468368;1550;81.80181279946288;1550;10.119937742240667;1550;0.16092070181474158;1550;7.7889339884640032;1550;7.750175481429487
1560;168.6330759605701;1560;81.838435010834075;1560;10.022278511917477;1560;0.16111837852384747;1560;7.7901547288430431;1560;7.750175481429487
1570;168.5720389416181;1570;81.88726462599567;1570;10.010071108127079;1570;0.16143466125841688;1570;7.790459913937803;1570;7.750175481429487
1580;168.49879451887571;1580;81.936094241157264;1580;9.9246192815942873;1580;0.16163233796752277;1580;7.7925962096011228;1580;7.750175481429487
1590;168.51100192266611;1590;81.936094241157264;1590;10.022278511917477;1590;0.16171140865116512;1590;7.7871028778954434;1590;7.750175481429487
1600;168.52320932645651;1600;81.984923856318858;1600;10.144352549821466;1600;0.16198815604391337;1600;7.7898495437482831;1600;7.750175481429487
1610;168.5720389416181;1610;81.972716452528459;1610;10.144352549821466;1610;0.16222536809484042;1610;7.7895443586535231;1610;7.750175481429487
1620;168.6330759605701;1620;81.936094241157264;1620;10.071108127079073;1620;0.16250211548758867;1620;7.7898495437482831;1620;7.750175481429487
1630;168.5964537491989;1630;81.948301644947662;1630;10.119937742240667;1630;0.16262072151305221;1630;7.7901547288430431;1630;7.750175481429487
1640;168.6086611529893;1640;81.984923856318858;1640;10.144352549821466;1640;0.16277886288033691;1640;7.7895443586535231;1640;7.750175481429487
1650;168.51100192266611;1650;81.88726462599567;1650;10.022278511917477;1650;0.16289746890580042;1650;7.7916806543168429;1650;7.750175481429487
1660;168.74294259468368;1660;81.960509048738061;1660;9.9856563005462817;1660;0.16309514561490632;1660;7.7880184331797233;1660;7.750175481429487
1670;168.80397961363568;1670;82.058168279061249;1670;10.107730338450269;1670;0.16337189300765462;1670;7.7901547288430431;1670;7.750175481429487
1680;168.77956480605488;1680;82.119205298013242;1680;10.119937742240667;1680;0.16360910505858167;1680;7.7874080629902034;1680;7.750175481429487
1690;168.65749076815089;1690;82.033753471480452;1690;9.9734488967558814;1690;0.16388585245132992;1690;7.7898495437482831;1690;7.750175481429487
1700;168.48658711508531;1700;81.911679433576467;1700;9.9856563005462817;1700;0.16404399381861465;1700;7.7883236182744833;1700;7.750175481429487
1710;168.52320932645651;1710;81.984923856318858;1710;10.046693319498276;1710;0.1642812058695417;1710;7.790459913937803;1710;7.750175481429487
1720;168.49879451887571;1720;81.911679433576467;1720;10.083315530869472;1720;0.16455795326228992;1720;7.7886288033692432;1720;7.750175481429487
1730;168.6086611529893;1730;81.936094241157264;1730;10.156559953611865;1730;0.16483470065503822;1730;7.7871028778954434;1730;7.750175481429487
1740;168.5842463454085;1740;81.948301644947662;1740;10.132145146031068;1740;0.16503237736414411;1740;7.7901547288430431;1740;7.750175481429487
1750;168.6330759605701;1750;82.04596087527085;1750;10.058900723288675;1750;0.16526958941507117;1750;7.7889339884640032;1750;7.750175481429487
1760;168.66969817194129;1760;82.021546067690053;1760;10.058900723288675;1760;0.16546726612417706;1760;7.790459913937803;1760;7.750175481429487
1770;168.69411297952209;1770;81.960509048738061;1770;9.9490340891750844;1770;0.16570447817510414;1770;7.7895443586535231;1770;7.750175481429487
1780;168.71852778710289;1780;81.997131260109256;1780;9.9612414929654829;1780;0.16598122556785236;1780;7.7916806543168429;1780;7.750175481429487
1790;168.66969817194129;1790;82.04596087527085;1790;10.119937742240667;1790;0.16613936693513706;1790;7.7858821375164036;1790;7.750175481429487
1800;168.5842463454085;1800;82.070375682851648;1800;10.132145146031068;1800;0.16637657898606412;1800;7.7886288033692432;1800;7.750175481429487
1810;168.5720389416181;1810;82.021546067690053;1810;10.132145146031068;1810;0.16657425569517;1810;7.7901547288430431;1810;7.750175481429487
1820;168.68190557573169;1820;82.058168279061249;1820;10.132145146031068;1820;0.1667719324042759;1820;7.7901547288430431;1820;7.750175481429487
1830;168.69411297952209;1830;82.070375682851648;1830;10.010071108127079;1830;0.16700914445520298;1830;7.7895443586535231;1830;7.750175481429487
1840;168.75514999847408;1840;81.911679433576467;1840;9.9246192815942873;1840;0.16724635650613009;1840;7.7880184331797233;1840;7.750175481429487
1850;168.6208685567797;1850;81.862849818414873;1850;9.9856563005462817;1850;0.16752310389887834;1850;7.7901547288430431;1850;7.750175481429487
1860;168.6086611529893;1860;81.948301644947662;1860;10.144352549821466;1860;0.16776031594980539;1860;7.7874080629902034;1860;7.750175481429487
1870;168.52320932645651;1870;81.948301644947662;1870;10.071108127079073;1870;0.16783938663344775;1870;7.790459913937803;1870;7.750175481429487
1880;168.5842463454085;1880;81.997131260109256;1880;9.9246192815942873;1880;0.16799752800073245;1880;7.790765099032563;1880;7.750175481429487
1890;168.6330759605701;1890;81.984923856318858;1890;9.9490340891750844;1890;0.16835334607712304;1890;7.7929013946958827;1890;7.750175481429487
1900;168.6330759605701;1900;81.948301644947662;1900;9.9246192815942873;1900;0.168551022786229;1900;7.7864925077059235;1900;7.750175481429487
1910;168.75514999847408;1910;82.04596087527085;1910;9.9734488967558814;1910;0.16882777017897721;1910;7.7877132480849633;1910;7.750175481429487
1920;168.69411297952209;1920;82.04596087527085;1920;10.034485915707878;1920;0.16906498222990429;1920;7.7901547288430431;1920;7.750175481429487
1930;168.74294259468368;1930;82.13141270180364;1930;9.9246192815942873;1930;0.16930219428083135;1930;7.7883236182744833;1930;7.750175481429487
1940;168.6208685567797;1940;82.119205298013242;1940;9.8635822626422929;1940;0.16946033564811605;1940;7.7895443586535231;1940;7.750175481429487
1950;168.65749076815089;1950;82.119205298013242;1950;10.022278511917477;1950;0.16969754769904313;1950;7.7895443586535231;1950;7.750175481429487
1960;168.6086611529893;1960;82.106997894222843;1960;10.010071108127079;1960;0.16997429509179135;1960;7.7916806543168429;1960;7.750175481429487
1970;168.68190557573169;1970;82.082583086642046;1970;10.010071108127079;1970;0.1702115071427184;1970;7.7880184331797233;1970;7.750175481429487
1980;168.77956480605488;1980;82.033753471480452;1980;10.083315530869472;1980;0.17048825453546668;1980;7.7889339884640032;1980;7.750175481429487
1990;168.81618701742607;1990;81.936094241157264;1990;10.083315530869472;1990;0.17060686056093019;1990;7.7877132480849633;1990;7.750175481429487
2000;168.71852778710289;2000;82.143620105594039;2000;10.034485915707878;2000;0.17084407261185725;2000;7.790765099032563;2000;7.750175481429487
2010;168.49879451887571;2010;82.155827509384437;2010;9.9368266853846858;2010;0.17108128466278438;2010;7.7895443586535231;2010;7.750175481429487
2020;168.6086611529893;2020;82.13141270180364;2020;9.9612414929654829;2020;0.17135803205553263;2020;7.7889339884640032;2020;7.750175481429487
2030;168.6086611529893;2030;82.192449720755633;2030;10.010071108127079;2030;0.17147663808099614;2030;7.7898495437482831;2030;7.750175481429487
2040;168.6330759605701;2040;82.082583086642046;2040;9.9490340891750844;2040;0.17167431479010203;2040;7.7877132480849633;2040;7.750175481429487
2050;168.65749076815089;2050;82.04596087527085;2050;9.9612414929654829;2050;0.17195106218285025;2050;7.7898495437482831;2050;7.750175481429487
2060;168.80397961363568;2060;82.021546067690053;2060;10.107730338450269;2060;0.17222780957559852;2060;7.7883236182744833;2060;7.750175481429487
2070;168.75514999847408;2070;81.936094241157264;2070;10.034485915707878;2070;0.17242548628470439;2070;7.7910702841273229;2070;7.750175481429487
2080;168.71852778710289;2080;81.948301644947662;2080;9.9368266853846858;2080;0.17262316299381028;2080;7.7886288033692432;2080;7.750175481429487
2090;168.79177220984528;2090;82.082583086642046;2090;10.010071108127079;2090;0.17289991038655853;2090;7.7910702841273229;2090;7.750175481429487
2100;168.65749076815089;2100;82.119205298013242;2100;10.034485915707878;2100;0.17305805175384323;2100;7.7880184331797233;2100;7.750175481429487
2110;168.66969817194129;2110;82.106997894222843;2110;10.071108127079073;2110;0.17329526380477028;2110;7.7883236182744833;2110;7.750175481429487
2120;168.66969817194129;2120;82.168034913174836;2120;10.034485915707878;2120;0.17357201119751858;2120;7.7901547288430431;2120;7.750175481429487
2130;168.76735740226448;2130;82.21686452833643;2130;10.022278511917477;2130;0.17384875859026683;2130;7.7886288033692432;2130;7.750175481429487
2140;168.66969817194129;2140;82.119205298013242;2140;10.034485915707878;2140;0.17400689995755156;2140;7.7901547288430431;2140;7.750175481429487
2150;168.69411297952209;2150;82.082583086642046;2150;10.010071108127079;2150;0.17424411200847861;2150;7.7895443586535231;2150;7.750175481429487
2160;168.69411297952209;2160;82.155827509384437;2160;10.046693319498276;2160;0.17452085940122683;2160;7.7919858394116028;2160;7.750175481429487
2170;168.70632038331249;2170;82.058168279061249;2170;10.119937742240667;2170;0.17467900076851153;2170;7.7861873226111635;2170;7.750175481429487
2180;168.69411297952209;2180;82.021546067690053;2180;10.119937742240667;2180;0.17491621281943867;2180;7.7883236182744833;2180;7.750175481429487
2190;168.5842463454085;2190;82.13141270180364;2190;10.034485915707878;2190;0.17511388952854454;2190;7.7880184331797233;2190;7.750175481429487
2200;168.71852778710289;2200;82.155827509384437;2200;10.071108127079073;2200;0.17539063692129278;2200;7.790459913937803;2200;7.750175481429487
2210;168.6086611529893;2210;81.960509048738061;2210;10.034485915707878;2210;0.17554877828857748;2210;7.7895443586535231;2210;7.750175481429487
2220;168.55983153782771;2220;81.948301644947662;2220;9.9734488967558814;2220;0.17578599033950457;2220;7.7886288033692432;2220;7.750175481429487
2230;168.76735740226448;2230;82.033753471480452;2230;10.010071108127079;2230;0.17598366704861046;2230;7.7910702841273229;2230;7.750175481429487
2240;168.86501663258767;2240;82.119205298013242;2240;9.9490340891750844;2240;0.17626041444135868;2240;7.7895443586535231;2240;7.750175481429487
2250;168.70632038331249;2250;82.204657124546031;2250;9.9368266853846858;2250;0.17645809115046457;2250;7.790765099032563;2250;7.750175481429487
2260;168.70632038331249;2260;82.192449720755633;2260;9.9856563005462817;2260;0.17669530320139162;2260;7.7877132480849633;2260;7.750175481429487
2270;168.69411297952209;2270;82.13141270180364;2270;10.010071108127079;2270;0.17689297991049752;2270;7.790765099032563;2270;7.750175481429487
2280;168.5964537491989;2280;82.143620105594039;2280;9.9246192815942873;2280;0.17709065661960341;2280;7.7889339884640032;2280;7.750175481429487
2290;168.68190557573169;2290;82.106997894222843;2290;9.8635822626422929;2290;0.17736740401235171;2290;7.790459913937803;2290;7.750175481429487
2300;168.85280922879727;2300;81.948301644947662;2300;9.8635822626422929;2300;0.17760461606327876;2300;7.7874080629902034;2300;7.750175481429487
2310;168.86501663258767;2310;81.997131260109256;2310;9.8757896664326914;2310;0.177881363456027;2310;7.7877132480849633;2310;7.750175481429487
2320;168.70632038331249;2320;82.04596087527085;2320;9.9490340891750844;2320;0.17803950482331171;2320;7.7901547288430431;2320;7.750175481429487
2330;168.68190557573169;2330;82.106997894222843;2330;10.034485915707878;2330;0.17831625221605996;2330;7.7880184331797233;2330;7.750175481429487
2340;168.71852778710289;2340;82.04596087527085;2340;10.022278511917477;2340;0.17859299960880817;2340;7.7898495437482831;2340;7.750175481429487
2350;168.80397961363568;2350;81.984923856318858;2350;10.107730338450269;2350;0.17883021165973526;2350;7.7880184331797233;2350;7.750175481429487
2360;168.68190557573169;2360;82.033753471480452;2360;10.156559953611865;2360;0.17906742371066231;2360;7.7889339884640032;2360;7.750175481429487
2370;168.75514999847408;2370;81.972716452528459;2370;10.132145146031068;2370;0.179225565077947;2370;7.7871028778954434;2370;7.750175481429487
2380;168.75514999847408;2380;82.033753471480452;2380;10.046693319498276;2380;0.17946277712887407;2380;7.7916806543168429;2380;7.750175481429487
2390;168.71852778710289;2390;82.04596087527085;2390;9.9612414929654829;2390;0.17969998917980115;2390;7.7877132480849633;2390;7.750175481429487
2400;168.75514999847408;2400;82.070375682851648;2400;10.010071108127079;2400;0.1798976658889071;2400;7.7880184331797233;2400;7.750175481429487
2410;168.74294259468368;2410;82.021546067690053;2410;10.022278511917477;2410;0.18009534259801296;2410;7.7901547288430431;2410;7.750175481429487
2420;168.81618701742607;2420;82.04596087527085;2420;9.9612414929654829;2420;0.18037208999076121;2420;7.7886288033692432;2420;7.750175481429487
2430;168.69411297952209;2430;81.997131260109256;2430;9.9368266853846858;2430;0.18060930204168829;2430;7.7889339884640032;2430;7.750175481429487
2440;168.76735740226448;2440;81.948301644947662;2440;9.9246192815942873;2440;0.180767443408973;2440;7.7883236182744833;2440;7.750175481429487
2450;168.70632038331249;2450;82.04596087527085;2450;9.9124118778038888;2450;0.18100465545990005;2450;7.790765099032563;2450;7.750175481429487
2460;168.6330759605701;2460;82.021546067690053;2460;9.9734488967558814;2460;0.181202332169006;2460;7.7874080629902034;2460;7.750175481429487
2470;168.6208685567797;2470;81.997131260109256;2470;9.9124118778038888;2470;0.1813604735362907;2470;7.7895443586535231;2470;7.750175481429487
2480;168.6086611529893;2480;82.143620105594039;2480;9.8757896664326914;2480;0.18155815024539659;2480;7.7889339884640032;2480;7.750175481429487
2490;168.74294259468368;2490;82.21686452833643;2490;9.9124118778038888;2490;0.18183489763814481;2490;7.7916806543168429;2490;7.750175481429487
2500;168.80397961363568;2500;82.155827509384437;2500;9.9856563005462817;2500;0.1820325743472507;2500;7.7877132480849633;2500;7.750175481429487
2510;168.71852778710289;2510;82.192449720755633;2510;10.144352549821466;2510;0.18226978639817779;2510;7.7877132480849633;2510;7.750175481429487
2520;168.5720389416181;2520;82.119205298013242;2520;10.046693319498276;2520;0.18254653379092603;2520;7.790459913937803;2520;7.750175481429487
2530;168.69411297952209;2530;82.106997894222843;2530;9.9490340891750844;2530;0.18282328118367425;2530;7.7895443586535231;2530;7.750175481429487
2540;168.69411297952209;2540;82.155827509384437;2540;9.9734488967558814;2540;0.18302095789278014;2540;7.790459913937803;2540;7.750175481429487
2550;168.74294259468368;2550;82.204657124546031;2550;10.010071108127079;2550;0.18325816994370719;2550;7.7880184331797233;2550;7.750175481429487
2560;168.74294259468368;2560;82.277901547288437;2560;9.9734488967558814;2560;0.18345584665281309;2560;7.7895443586535231;2560;7.750175481429487
2570;168.70632038331249;2570;82.290108951078835;2570;9.9124118778038888;2570;0.1836930587037402;2570;7.7864925077059235;2570;7.750175481429487
2580;168.69411297952209;2580;82.25348673970764;2580;10.010071108127079;2580;0.18396980609648844;2580;7.7901547288430431;2580;7.750175481429487
2590;168.76735740226448;2590;82.290108951078835;2590;9.9612414929654829;2590;0.18412794746377317;2590;7.7880184331797233;2590;7.750175481429487
2600;168.84060182500687;2600;82.375560777611625;2600;9.9734488967558814;2600;0.18444423019834258;2600;7.7883236182744833;2600;7.750175481429487
2610;168.68190557573169;2610;82.25348673970764;2610;10.119937742240667;2610;0.18460237156562728;2610;7.7898495437482831;2610;7.750175481429487
2620;168.70632038331249;2620;82.204657124546031;2620;10.046693319498276;2620;0.18476051293291199;2620;7.7883236182744833;2620;7.750175481429487
2630;168.77956480605488;2630;82.204657124546031;2630;9.9246192815942873;2630;0.1849977249838391;2630;7.7898495437482831;2630;7.750175481429487
2640;168.85280922879727;2640;82.106997894222843;2640;9.9368266853846858;2640;0.18523493703476615;2640;7.7883236182744833;2640;7.750175481429487
2650;168.76735740226448;2650;81.972716452528459;2650;9.9490340891750844;2650;0.18543261374387204;2650;7.7901547288430431;2650;7.750175481429487
2660;168.84060182500687;2660;82.058168279061249;2660;9.9734488967558814;2660;0.18563029045297794;2660;7.7871028778954434;2660;7.750175481429487
2670;168.84060182500687;2670;82.192449720755633;2670;10.107730338450269;2670;0.18582796716208383;2670;7.7901547288430431;2670;7.750175481429487
2680;168.77956480605488;2680;82.168034913174836;2680;10.034485915707878;2680;0.18602564387118972;2680;7.7877132480849633;2680;7.750175481429487
2690;168.95046845912046;2690;82.229071932126843;2690;9.9124118778038888;2690;0.18626285592211678;2690;7.7898495437482831;2690;7.750175481429487
2700;168.87722403637807;2700;82.192449720755633;2700;9.9124118778038888;2700;0.18638146194758029;2700;7.7898495437482831;2700;7.750175481429487
2710;168.76735740226448;2710;82.229071932126843;2710;9.9734488967558814;2710;0.18657913865668618;2710;7.7877132480849633;2710;7.750175481429487
2720;168.87722403637807;2720;82.277901547288437;2720;9.9856563005462817;2720;0.18677681536579205;2720;7.7886288033692432;2720;7.750175481429487
2730;168.96267586291086;2730;82.363353373821226;2730;9.9368266853846858;2730;0.18701402741671913;2730;7.7886288033692432;2730;7.750175481429487
2740;168.81618701742607;2740;82.363353373821226;2740;9.9490340891750844;2740;0.18725123946764621;2740;7.790765099032563;2740;7.750175481429487
2750;168.88943144016847;2750;82.229071932126843;2750;9.9734488967558814;2750;0.18748845151857332;2750;7.7874080629902034;2750;7.750175481429487
2760;168.90163884395886;2760;82.143620105594039;2760;10.058900723288675;2760;0.18768612822767922;2760;7.790765099032563;2760;7.750175481429487
2770;168.79177220984528;2770;82.143620105594039;2770;10.022278511917477;2770;0.18780473425314273;2770;7.7883236182744833;2770;7.750175481429487
2780;168.81618701742607;2780;82.314523758659632;2780;9.9856563005462817;2780;0.18812101698771214;2780;7.7901547288430431;2780;7.750175481429487
2790;168.81618701742607;2790;82.326731162450031;2790;10.034485915707878;2790;0.18839776438046038;2790;7.7886288033692432;2790;7.750175481429487
2800;168.87722403637807;2800;82.277901547288437;2800;10.022278511917477;2800;0.18863497643138752;2800;7.7889339884640032;2800;7.750175481429487
2810;168.80397961363568;2810;82.241279335917241;2810;9.9490340891750844;2810;0.18887218848231457;2810;7.7895443586535231;2810;7.750175481429487
2820;168.97488326670126;2820;82.21686452833643;2820;9.9368266853846858;2820;0.18903032984959928;2820;7.7864925077059235;2820;7.750175481429487
2830;169.02371288186285;2830;82.155827509384437;2830;10.083315530869472;2830;0.18926754190052633;2830;7.7886288033692432;2830;7.750175481429487
2840;168.93826105533006;2840;82.143620105594039;2840;10.119937742240667;2840;0.18958382463509577;2840;7.7880184331797233;2840;7.750175481429487
2850;168.90163884395886;2850;82.277901547288437;2850;9.9856563005462817;2850;0.18982103668602282;2850;7.790459913937803;2850;7.750175481429487
2860;168.91384624774926;2860;82.363353373821226;2860;9.9734488967558814;2860;0.18997917805330752;2860;7.7864925077059235;2860;7.750175481429487
2870;168.86501663258767;2870;82.338938566240429;2870;9.9490340891750844;2870;0.19021639010423458;2870;7.790459913937803;2870;7.750175481429487
2880;168.85280922879727;2880;82.448805200354016;2880;9.9490340891750844;2880;0.19037453147151928;2880;7.7886288033692432;2880;7.750175481429487
2890;168.84060182500687;2890;82.5586718344676;2890;10.022278511917477;2890;0.19057220818062517;2890;7.7886288033692432;2890;7.750175481429487
2900;168.70632038331249;2900;82.399975585192422;2900;10.010071108127079;2900;0.19080942023155226;2900;7.7889339884640032;2900;7.750175481429487
2910;168.85280922879727;2910;82.314523758659632;2910;9.9856563005462817;2910;0.19104663228247931;2910;7.7889339884640032;2910;7.750175481429487
2920;168.91384624774926;2920;82.375560777611625;2920;9.9612414929654829;2920;0.19124430899158526;2920;7.7901547288430431;2920;7.750175481429487
2930;168.90163884395886;2930;82.363353373821226;2930;9.9246192815942873;2930;0.19140245035886996;2930;7.7861873226111635;2930;7.750175481429487
2940;168.77956480605488;2940;82.387768181402024;2940;9.9246192815942873;2940;0.19167919775161821;2940;7.7889339884640032;2940;7.750175481429487
2950;168.79177220984528;2950;82.375560777611625;2950;10.058900723288675;2950;0.19199548048618761;2950;7.7898495437482831;2950;7.750175481429487
2960;168.84060182500687;2960;82.302316354869234;2960;10.010071108127079;2960;0.19219315719529348;2960;7.7922910245063628;2960;7.750175481429487
2970;168.93826105533006;2970;82.302316354869234;2970;9.8757896664326914;2970;0.19231176322075702;2970;7.7858821375164036;2970;7.750175481429487
2980;168.99929807428205;2980;82.314523758659632;2980;9.9856563005462817;2980;0.19262804595532645;2980;7.7886288033692432;2980;7.750175481429487
2990;168.86501663258767;2990;82.204657124546031;2990;10.022278511917477;2990;0.19278618732261116;2990;7.7895443586535231;2990;7.750175481429487
3000;168.91384624774926;3000;82.241279335917241;3000;10.071108127079073;3000;0.19294432868989586;3000;7.7874080629902034;3000;7.750175481429487
3010;168.91384624774926;3010;82.387768181402024;3010;10.083315530869472;3010;0.19322107608264411;3010;7.7883236182744833;3010;7.750175481429487
3020;168.87722403637807;3020;82.461012604144415;3020;9.9856563005462817;3020;0.19345828813357116;3020;7.7886288033692432;3020;7.750175481429487
3030;168.85280922879727;3030;82.412182988982821;3030;9.8635822626422929;3030;0.19369550018449827;3030;7.790765099032563;3030;7.750175481429487
3040;168.91384624774926;3040;82.375560777611625;3040;9.9612414929654829;3040;0.19385364155178297;3040;7.7861873226111635;3040;7.750175481429487
3050;168.81618701742607;3050;82.375560777611625;3050;10.058900723288675;3050;0.19413038894453125;3050;7.7886288033692432;3050;7.750175481429487
3060;168.87722403637807;3060;82.375560777611625;3060;9.9490340891750844;3060;0.1943676009954583;3060;7.7886288033692432;3060;7.750175481429487
3070;168.96267586291086;3070;82.412182988982821;3070;9.9246192815942873;3070;0.19464434838820655;3070;7.7910702841273229;3070;7.750175481429487
3080;168.85280922879727;3080;82.290108951078835;3080;9.9734488967558814;3080;0.19484202509731241;3080;7.7874080629902034;3080;7.750175481429487
3090;168.86501663258767;3090;82.363353373821226;3090;10.119937742240667;3090;0.19500016646459711;3090;7.7889339884640032;3090;7.750175481429487
3100;168.65749076815089;3100;82.399975585192422;3100;10.034485915707878;3100;0.195197843173703;3100;7.790459913937803;3100;7.750175481429487
3110;168.81618701742607;3110;82.387768181402024;3110;9.9856563005462817;3110;0.19543505522463009;3110;7.7864925077059235;3110;7.750175481429487
3120;169.07254249702444;3120;82.399975585192422;3120;10.107730338450269;3120;0.195632731933736;3120;7.7880184331797233;3120;7.750175481429487
3130;169.04812768944365;3130;82.338938566240429;3130;10.071108127079073;3130;0.19594901466830544;3130;7.7889339884640032;3130;7.750175481429487
3140;168.88943144016847;3140;82.375560777611625;3140;10.058900723288675;3140;0.19614669137741134;3140;7.7919858394116028;3140;7.750175481429487
3150;168.79177220984528;3150;82.387768181402024;3150;10.058900723288675;3150;0.1963443680865172;3150;7.7864925077059235;3150;7.750175481429487
3160;168.85280922879727;3160;82.412182988982821;3160;10.034485915707878;3160;0.1967001861629078;3160;7.7889339884640032;3160;7.750175481429487
3170;168.90163884395886;3170;82.363353373821226;3170;9.9734488967558814;3170;0.19693739821383485;3170;7.7889339884640032;3170;7.750175481429487
3180;168.91384624774926;3180;82.338938566240429;3180;9.9856563005462817;3180;0.1972141456065831;3180;7.7910702841273229;3180;7.750175481429487
3190;168.84060182500687;3190;82.399975585192422;3190;9.9734488967558814;3190;0.19733275163204664;3190;7.7886288033692432;3190;7.750175481429487
3200;168.86501663258767;3200;82.424390392773219;3200;9.9246192815942873;3200;0.19749089299933134;3200;7.7877132480849633;3200;7.750175481429487
3210;168.88943144016847;3210;82.49763481551561;3210;9.9490340891750844;3210;0.19768856970843723;3210;7.7898495437482831;3210;7.750175481429487
3220;168.91384624774926;3220;82.461012604144415;3220;9.9734488967558814;3220;0.19792578175936429;3220;7.7864925077059235;3220;7.750175481429487
3230;168.79177220984528;3230;82.375560777611625;3230;9.9856563005462817;3230;0.19812345846847024;3230;7.7886288033692432;3230;7.750175481429487
3240;168.86501663258767;3240;82.399975585192422;3240;9.9612414929654829;3240;0.1983211351775761;3240;7.7895443586535231;3240;7.750175481429487
3250;168.95046845912046;3250;82.473220007934813;3250;9.9368266853846858;3250;0.198518811886682;3250;7.7925962096011228;3250;7.750175481429487
3260;168.96267586291086;3260;82.473220007934813;3260;9.9490340891750844;3260;0.19871648859578789;3260;7.7861873226111635;3260;7.750175481429487
3270;168.88943144016847;3270;82.49763481551561;3270;9.8635822626422929;3270;0.19907230667217848;3270;7.7883236182744833;3270;7.750175481429487
3280;168.86501663258767;3280;82.448805200354016;3280;9.9734488967558814;3280;0.19919091269764203;3280;7.7898495437482831;3280;7.750175481429487
3290;168.97488326670126;3290;82.424390392773219;3290;10.046693319498276;3290;0.19942812474856908;3290;7.7895443586535231;3290;7.750175481429487
3300;168.87722403637807;3300;82.338938566240429;3300;9.9734488967558814;3300;0.19966533679949613;3300;7.7886288033692432;3300;7.750175481429487
3310;168.79177220984528;3310;82.485427411725212;3310;10.010071108127079;3310;0.19990254885042319;3310;7.7871028778954434;3310;7.750175481429487
3320;168.74294259468368;3320;82.63191625721;3320;9.9856563005462817;3320;0.20010022555952908;3320;7.7901547288430431;3320;7.750175481429487
3330;168.81618701742607;3330;82.448805200354016;3330;9.8757896664326914;3330;0.20033743761045616;3330;7.7883236182744833;3330;7.750175481429487
3340;168.80397961363568;3340;82.314523758659632;3340;9.9124118778038888;3340;0.20065372034502568;3340;7.7901547288430431;3340;7.750175481429487
3350;168.87722403637807;3350;82.326731162450031;3350;9.9124118778038888;3350;0.2009304677377739;3350;7.7880184331797233;3350;7.750175481429487
3360;168.87722403637807;3360;82.399975585192422;3360;9.8757896664326914;3360;0.20116767978870098;3360;7.790459913937803;3360;7.750175481429487
3370;168.88943144016847;3370;82.570879238258;3370;9.9856563005462817;3370;0.20136535649780687;3370;7.7864925077059235;3370;7.750175481429487
3380;168.99929807428205;3380;82.5952940458388;3380;9.9856563005462817;3380;0.20156303320691277;3380;7.7877132480849633;3380;7.750175481429487
3390;169.04812768944365;3390;82.473220007934813;3390;9.9124118778038888;3390;0.20180024525783982;3390;7.7895443586535231;3390;7.750175481429487
3400;169.15799432355726;3400;82.5586718344676;3400;9.8391674550614958;3400;0.20203745730876688;3400;7.7886288033692432;3400;7.750175481429487
3410;168.98709067049165;3410;82.49763481551561;3410;9.8391674550614958;3410;0.20231420470151509;3410;7.7901547288430431;3410;7.750175481429487
3420;168.93826105533006;3420;82.448805200354016;3420;9.9856563005462817;3420;0.20259095209426337;3420;7.7883236182744833;3420;7.750175481429487
3430;168.96267586291086;3430;82.473220007934813;3430;10.010071108127079;3430;0.20274909346154807;3430;7.7898495437482831;3430;7.750175481429487
3440;168.97488326670126;3440;82.485427411725212;3440;9.814752647480697;3440;0.20294677017065396;3440;7.7871028778954434;3440;7.750175481429487
3450;168.90163884395886;3450;82.5464644306772;3450;9.8391674550614958;3450;0.20326305290522342;3450;7.7895443586535231;3450;7.750175481429487
3460;168.81618701742607;3460;82.473220007934813;3460;9.9734488967558814;3460;0.20346072961432932;3460;7.7874080629902034;3460;7.750175481429487
3470;168.93826105533006;3470;82.509842219306009;3470;10.010071108127079;3470;0.20365840632343518;3470;7.790459913937803;3470;7.750175481429487
3480;168.97488326670126;3480;82.49763481551561;3480;9.9612414929654829;3480;0.20385608303254107;3480;7.7883236182744833;3480;7.750175481429487
3490;168.99929807428205;3490;82.509842219306009;3490;10.010071108127079;3490;0.20409329508346813;3490;7.7871028778954434;3490;7.750175481429487
3500;168.91384624774926;3500;82.509842219306009;3500;9.9856563005462817;3500;0.20433050713439521;3500;7.7895443586535231;3500;7.750175481429487
3510;168.90163884395886;3510;82.473220007934813;3510;9.9612414929654829;3510;0.2045281838435011;3510;7.7880184331797233;3510;7.750175481429487
3520;168.79177220984528;3520;82.5464644306772;3520;9.8757896664326914;3520;0.20476539589442816;3520;7.7898495437482831;3520;7.750175481429487
3530;168.86501663258767;3530;82.570879238258;3530;9.8635822626422929;3530;0.20496307260353402;3530;7.7880184331797233;3530;7.750175481429487
3540;168.91384624774926;3540;82.473220007934813;3540;9.8757896664326914;3540;0.20512121397081873;3540;7.790459913937803;3540;7.750175481429487
3550;168.93826105533006;3550;82.424390392773219;3550;9.8391674550614958;3550;0.20543749670538816;3550;7.7855769524216436;3550;7.750175481429487
3560;168.93826105533006;3560;82.5952940458388;3560;10.010071108127079;3560;0.20571424409813646;3560;7.7880184331797233;3560;7.750175481429487
3570;168.86501663258767;3570;82.5830866420484;3570;9.9856563005462817;3570;0.20591192080724233;3570;7.7889339884640032;3570;7.750175481429487
3580;168.93826105533006;3580;82.5830866420484;3580;9.8513748588518943;3580;0.20622820354181176;3580;7.7895443586535231;3580;7.750175481429487
3590;168.86501663258767;3590;82.509842219306009;3590;9.8635822626422929;3590;0.20646541559273882;3590;7.7886288033692432;3590;7.750175481429487
3600;168.97488326670126;3600;82.412182988982821;3600;9.9612414929654829;3600;0.20670262764366587;3600;7.7880184331797233;3600;7.750175481429487
3610;168.98709067049165;3610;82.412182988982821;3610;9.9246192815942873;3610;0.20690030435277176;3610;7.7910702841273229;3610;7.750175481429487
3620;169.02371288186285;3620;82.49763481551561;3620;9.9124118778038888;3620;0.20709798106187766;3620;7.7883236182744833;3620;7.750175481429487
3630;168.93826105533006;3630;82.5830866420484;3630;9.9490340891750844;3630;0.20733519311280471;3630;7.7889339884640032;3630;7.750175481429487
3640;168.84060182500687;3640;82.570879238258;3640;9.9856563005462817;3640;0.20761194050555296;3640;7.7895443586535231;3640;7.750175481429487
3650;168.88943144016847;3650;82.5952940458388;3650;10.046693319498276;3650;0.2078886878983012;3650;7.7929013946958827;3650;7.750175481429487
3660;168.93826105533006;3660;82.63191625721;3660;9.9490340891750844;3660;0.20808636460740706;3660;7.7864925077059235;3660;7.750175481429487
3670;169.06033509323404;3670;82.570879238258;3670;9.9612414929654829;3670;0.20840264734197661;3670;7.7877132480849633;3670;7.750175481429487
3680;169.04812768944365;3680;82.473220007934813;3680;10.071108127079073;3680;0.2086003240510825;3680;7.7889339884640032;3680;7.750175481429487
3690;168.93826105533006;3690;82.485427411725212;3690;10.071108127079073;3690;0.20883753610200956;3690;7.7883236182744833;3690;7.750175481429487
3700;168.77956480605488;3700;82.49763481551561;3700;10.034485915707878;3700;0.20899567746929426;3700;7.7895443586535231;3700;7.750175481429487
3710;168.91384624774926;3710;82.5342570268868;3710;10.034485915707878;3710;0.20915381883657896;3710;7.7877132480849633;3710;7.750175481429487
3720;168.85280922879727;3720;82.5586718344676;3720;10.083315530869472;3720;0.20939103088750602;3720;7.7889339884640032;3720;7.750175481429487
3730;168.88943144016847;3730;82.473220007934813;3730;10.132145146031068;3730;0.20954917225479075;3730;7.7886288033692432;3730;7.750175481429487
3740;169.07254249702444;3740;82.399975585192422;3740;10.046693319498276;3740;0.2097863843057178;3740;7.7922910245063628;3740;7.750175481429487
3750;168.98709067049165;3750;82.448805200354016;3750;10.010071108127079;3750;0.2099840610148237;3750;7.7864925077059235;3750;7.750175481429487
3760;168.96267586291086;3760;82.5952940458388;3760;9.9856563005462817;3760;0.2101422023821084;3760;7.7889339884640032;3760;7.750175481429487
3770;169.02371288186285;3770;82.6197088534196;3770;9.9246192815942873;3770;0.2103003437493931;3770;7.7895443586535231;3770;7.750175481429487
3780;169.06033509323404;3780;82.5586718344676;3780;9.9490340891750844;3780;0.21069569716760486;3780;7.7889339884640032;3780;7.750175481429487
3790;168.95046845912046;3790;82.49763481551561;3790;10.010071108127079;3790;0.210932909218532;3790;7.7889339884640032;3790;7.750175481429487
3800;168.98709067049165;3800;82.570879238258;3800;9.9490340891750844;3800;0.2110910505858167;3800;7.7874080629902034;3800;7.750175481429487
3810;168.95046845912046;3810;82.5830866420484;3810;9.9490340891750844;3810;0.21132826263674379;3810;7.7898495437482831;3810;7.750175481429487
3820;168.91384624774926;3820;82.5952940458388;3820;10.071108127079073;3820;0.21160501002949203;3820;7.7886288033692432;3820;7.750175481429487
3830;168.91384624774926;3830;82.5830866420484;3830;10.022278511917477;3830;0.2118026867385979;3830;7.7910702841273229;3830;7.750175481429487
3840;169.03592028565325;3840;82.49763481551561;3840;10.034485915707878;3840;0.21192129276406144;3840;7.7880184331797233;3840;7.750175481429487
3850;169.02371288186285;3850;82.680745872371588;3850;10.156559953611865;3850;0.21223757549863084;3850;7.7910702841273229;3850;7.750175481429487
3860;168.87722403637807;3860;82.680745872371588;3860;10.071108127079073;3860;0.2124747875495579;3860;7.7883236182744833;3860;7.750175481429487
3870;168.96267586291086;3870;82.5952940458388;3870;9.9368266853846858;3870;0.21275153494230617;3870;7.7886288033692432;3870;7.750175481429487
3880;169.03592028565325;3880;82.5464644306772;3880;9.8879970702230917;3880;0.21302828233505439;3880;7.7895443586535231;3880;7.750175481429487
3890;169.02371288186285;3890;82.5586718344676;3890;9.9734488967558814;3890;0.21326549438598144;3890;7.7889339884640032;3890;7.750175481429487
3900;168.90163884395886;3900;82.5586718344676;3900;10.034485915707878;3900;0.21342363575326623;3900;7.7916806543168429;3900;7.750175481429487
3910;168.88943144016847;3910;82.63191625721;3910;10.010071108127079;3910;0.21362131246237209;3910;7.7877132480849633;3910;7.750175481429487
3920;168.81618701742607;3920;82.705160679952385;3920;10.022278511917477;3920;0.21385852451329915;3920;7.7895443586535231;3920;7.750175481429487
3930;168.86501663258767;3930;82.66853846858119;3930;10.022278511917477;3930;0.21405620122240504;3930;7.7898495437482831;3930;7.750175481429487
3940;168.98709067049165;3940;82.570879238258;3940;9.9734488967558814;3940;0.21429341327333212;3940;7.7922910245063628;3940;7.750175481429487
3950;168.91384624774926;3950;82.5464644306772;3950;9.9368266853846858;3950;0.21445155464061683;3950;7.7855769524216436;3950;7.750175481429487
3960;168.97488326670126;3960;82.6197088534196;3960;9.8879970702230917;3960;0.21472830203336507;3960;7.7883236182744833;3960;7.750175481429487
3970;169.04812768944365;3970;82.5830866420484;3970;9.8513748588518943;3970;0.21492597874247096;3970;7.7895443586535231;3970;7.750175481429487
3980;169.02371288186285;3980;82.656331064790791;3980;9.7659230323191011;3980;0.21520272613521918;3980;7.7883236182744833;3980;7.750175481429487
3990;168.95046845912046;3990;82.6197088534196;3990;9.814752647480697;3990;0.21540040284432507;3990;7.7898495437482831;3990;7.750175481429487
4000;169.03592028565325;4000;82.66853846858119;4000;9.9490340891750844;4000;0.21555854421160978;4000;7.7889339884640032;4000;7.750175481429487
4010;168.98709067049165;4010;82.717368083742784;4010;9.9612414929654829;4010;0.21579575626253683;4010;7.790459913937803;4010;7.750175481429487
4020;168.97488326670126;4020;82.5952940458388;4020;10.022278511917477;4020;0.21607250365528513;4020;7.7861873226111635;4020;7.750175481429487
4030;168.97488326670126;4030;82.656331064790791;4030;10.071108127079073;4030;0.21630971570621219;4030;7.7889339884640032;4030;7.750175481429487
4040;168.98709067049165;4040;82.741782891323581;4040;9.9612414929654829;4040;0.21654692775713927;4040;7.7889339884640032;4040;7.750175481429487
4050;168.93826105533006;4050;82.729575487533182;4050;9.8757896664326914;4050;0.21682367514988748;4050;7.7916806543168429;4050;7.750175481429487
4060;168.93826105533006;4060;82.63191625721;4060;9.8635822626422929;4060;0.21698181651717219;4060;7.7871028778954434;4060;7.750175481429487
4070;169.09695730460524;4070;82.63191625721;4070;9.8879970702230917;4070;0.21725856390992046;4070;7.7877132480849633;4070;7.750175481429487
4080;169.03592028565325;4080;82.5830866420484;4080;9.8391674550614958;4080;0.21745624061902633;4080;7.7895443586535231;4080;7.750175481429487
4090;168.90163884395886;4090;82.5464644306772;4090;9.8635822626422929;4090;0.2177329880117746;4090;7.7871028778954434;4090;7.750175481429487
4100;168.95046845912046;4100;82.644123661000393;4100;9.9490340891750844;4100;0.2178911293790593;4100;7.7889339884640032;4100;7.750175481429487
4110;169.06033509323404;4110;82.790612506485175;4110;9.9490340891750844;4110;0.21808880608816514;4110;7.7895443586535231;4110;7.750175481429487
4120;168.91384624774926;4120;82.790612506485175;4120;9.8879970702230917;4120;0.21840508882273466;4120;7.790765099032563;4120;7.750175481429487
4130;168.93826105533006;4130;82.656331064790791;4130;9.9368266853846858;4130;0.21860276553184055;4130;7.7858821375164036;4130;7.750175481429487
4140;168.98709067049165;4140;82.717368083742784;4140;9.9612414929654829;4140;0.21880044224094639;4140;7.7898495437482831;4140;7.750175481429487
4150;168.96267586291086;4150;82.802819910275574;4150;9.9368266853846858;4150;0.21895858360823109;4150;7.7886288033692432;4150;7.750175481429487
4160;169.04812768944365;4160;82.766197698904378;4160;10.034485915707878;4160;0.21923533100097936;4160;7.7895443586535231;4160;7.750175481429487
4170;169.07254249702444;4170;82.753990295113979;4170;10.022278511917477;4170;0.21943300771008523;4170;7.7880184331797233;4170;7.750175481429487
4180;169.15799432355726;4180;82.790612506485175;4180;9.9490340891750844;4180;0.2197097551028335;4180;7.7874080629902034;4180;7.750175481429487
4190;169.06033509323404;4190;82.753990295113979;4190;9.8879970702230917;4190;0.21990743181193939;4190;7.7901547288430431;4190;7.750175481429487
4200;169.12137211218604;4200;82.753990295113979;4200;9.9734488967558814;4200;0.22014464386286642;4200;7.7886288033692432;4200;7.750175481429487
4210;169.04812768944365;4210;82.827234717856371;4210;9.9612414929654829;4210;0.22046092659743585;4210;7.7901547288430431;4210;7.750175481429487
4220;168.97488326670126;4220;82.790612506485175;4220;10.022278511917477;4220;0.22069813864836293;4220;7.7889339884640032;4220;7.750175481429487
4230;169.02371288186285;4230;82.790612506485175;4230;10.156559953611865;4230;0.22097488604111123;4230;7.7910702841273229;4230;7.750175481429487
4240;168.98709067049165;4240;82.680745872371588;4240;10.156559953611865;4240;0.22113302740839594;4240;7.7855769524216436;4240;7.750175481429487
4250;169.03592028565325;4250;82.656331064790791;4250;10.058900723288675;4250;0.22137023945932302;4250;7.7889339884640032;4250;7.750175481429487
4260;168.91384624774926;4260;82.753990295113979;4260;9.9246192815942873;4260;0.22156791616842894;4260;7.7898495437482831;4260;7.750175481429487
4270;168.88943144016847;4270;82.839442121646769;4270;9.9490340891750844;4270;0.22176559287753483;4270;7.7889339884640032;4270;7.750175481429487
4280;168.86501663258767;4280;82.802819910275574;4280;9.9612414929654829;4280;0.22196326958664067;4280;7.7889339884640032;4280;7.750175481429487
4290;169.07254249702444;4290;82.741782891323581;4290;9.9246192815942873;4290;0.22220048163756775;4290;7.7877132480849633;4290;7.750175481429487
4300;169.06033509323404;4300;82.741782891323581;4300;9.8513748588518943;4300;0.22239815834667365;4300;7.7895443586535231;4300;7.750175481429487
4310;168.95046845912046;4310;82.741782891323581;4310;9.9368266853846858;4310;0.22255629971395835;4310;7.7880184331797233;4310;7.750175481429487
4320;169.07254249702444;4320;82.717368083742784;4320;9.9246192815942873;4320;0.22283304710670659;4320;7.790765099032563;4320;7.750175481429487
4330;169.07254249702444;4330;82.66853846858119;4330;9.9124118778038888;4330;0.22310979449945481;4330;7.7874080629902034;4330;7.750175481429487
4340;169.03592028565325;4340;82.741782891323581;4340;9.9246192815942873;4340;0.22338654189220308;4340;7.7901547288430431;4340;7.750175481429487
4350;168.99929807428205;4350;82.729575487533182;4350;9.814752647480697;4350;0.22350514791766665;4350;7.7883236182744833;4350;7.750175481429487
4360;168.98709067049165;4360;82.729575487533182;4360;9.8757896664326914;4360;0.22378189531041487;4360;7.7880184331797233;4360;7.750175481429487
4370;168.90163884395886;4370;82.66853846858119;4370;9.9612414929654829;4370;0.22401910736134195;4370;7.7889339884640032;4370;7.750175481429487
4380;168.86501663258767;4380;82.6197088534196;4380;10.034485915707878;4380;0.22417724872862665;4380;7.7886288033692432;4380;7.750175481429487
4390;168.84060182500687;4390;82.705160679952385;4390;10.022278511917477;4390;0.2244539961213749;4390;7.7898495437482831;4390;7.750175481429487
4400;168.91384624774926;4400;82.790612506485175;4400;9.9734488967558814;4400;0.22465167283048079;4400;7.7889339884640032;4400;7.750175481429487
4410;168.96267586291086;4410;82.766197698904378;4410;9.9124118778038888;4410;0.22488888488140787;4410;7.7919858394116028;4410;7.750175481429487
4420;169.08474990081484;4420;82.827234717856371;4420;9.8879970702230917;4420;0.22516563227415609;4420;7.7874080629902034;4420;7.750175481429487
4430;169.14578691976686;4430;82.888271736808363;4430;9.9246192815942873;4430;0.22544237966690431;4430;7.7898495437482831;4430;7.750175481429487
4440;169.04812768944365;4440;82.741782891323581;4440;9.9246192815942873;4440;0.2256400563760102;4440;7.7898495437482831;4440;7.750175481429487
4450;169.06033509323404;4450;82.741782891323581;4450;9.8757896664326914;4450;0.22591680376875845;4450;7.7919858394116028;4450;7.750175481429487
4460;168.98709067049165;4460;82.827234717856371;4460;9.7903378398999;4460;0.22615401581968556;4460;7.7886288033692432;4460;7.750175481429487
4470;169.04812768944365;4470;82.827234717856371;4470;9.9246192815942873;4470;0.2264307632124338;4470;7.7874080629902034;4470;7.750175481429487
4480;169.12137211218604;4480;82.839442121646769;4480;9.9612414929654829;4480;0.22666797526336088;4480;7.7898495437482831;4480;7.750175481429487
4490;169.15799432355726;4490;82.802819910275574;4490;9.8879970702230917;4490;0.2267865812888244;4490;7.7883236182744833;4490;7.750175481429487
4500;168.97488326670126;4500;82.790612506485175;4500;9.8635822626422929;4500;0.22706332868157261;4500;7.7901547288430431;4500;7.750175481429487
4510;168.99929807428205;4510;82.876064333017965;4510;9.9246192815942873;4510;0.2273005407324997;4510;7.7889339884640032;4510;7.750175481429487
4520;169.03592028565325;4520;82.766197698904378;4520;9.9368266853846858;4520;0.2274586820997844;4520;7.7916806543168429;4520;7.750175481429487
4530;169.04812768944365;4530;82.753990295113979;4530;9.9368266853846858;4530;0.22765635880889032;4530;7.7871028778954434;4530;7.750175481429487
4540;169.06033509323404;4540;82.827234717856371;4540;10.022278511917477;4540;0.22789357085981735;4540;7.7889339884640032;4540;7.750175481429487
4550;168.96267586291086;4550;82.717368083742784;4550;10.034485915707878;4550;0.22805171222710205;4550;7.7886288033692432;4550;7.750175481429487
4560;169.02371288186285;4560;82.766197698904378;4560;10.083315530869472;4560;0.22832845961985032;4560;7.7889339884640032;4560;7.750175481429487
4570;168.99929807428205;4570;82.802819910275574;4570;10.058900723288675;4570;0.22848660098713514;4570;7.7901547288430431;4570;7.750175481429487
4580;169.07254249702444;4580;82.753990295113979;4580;9.9612414929654829;4580;0.22872381303806222;4580;7.7895443586535231;4580;7.750175481429487
4590;168.98709067049165;4590;82.827234717856371;4590;10.022278511917477;4590;0.22900056043081043;4590;7.790459913937803;4590;7.750175481429487
4600;168.96267586291086;4600;82.876064333017965;4600;10.083315530869472;4600;0.22919823713991633;4600;7.7877132480849633;4600;7.750175481429487
4610;168.98709067049165;4610;82.900479140598762;4610;10.010071108127079;4610;0.22947498453266454;4610;7.7883236182744833;4610;7.750175481429487
4620;169.08474990081484;4620;82.900479140598762;4620;9.9124118778038888;4620;0.22967266124177044;4620;7.7874080629902034;4620;7.750175481429487
4630;169.02371288186285;4630;82.900479140598762;4630;9.9246192815942873;4630;0.22983080260905517;4630;7.7919858394116028;4630;7.750175481429487
4640;168.93826105533006;4640;82.839442121646769;4640;9.9734488967558814;4640;0.23006801465998225;4640;7.7883236182744833;4640;7.750175481429487
4650;169.15799432355726;4650;82.815027314065972;4650;9.9246192815942873;4650;0.23038429739455166;4650;7.7889339884640032;4650;7.750175481429487
4660;169.08474990081484;4660;82.802819910275574;4660;9.9246192815942873;4660;0.23062150944547868;4660;7.7886288033692432;4660;7.750175481429487
4670;169.02371288186285;4670;82.753990295113979;4670;9.9124118778038888;4670;0.2308982568382269;4670;7.7880184331797233;4670;7.750175481429487
4680;169.02371288186285;4680;82.729575487533182;4680;9.7903378398999;4680;0.23113546888915404;4680;7.7898495437482831;4680;7.750175481429487
4690;169.09695730460524;4690;82.802819910275574;4690;9.9734488967558814;4690;0.23129361025643874;4690;7.7889339884640032;4690;7.750175481429487
4700;169.08474990081484;4700;82.888271736808363;4700;9.9856563005462817;4700;0.23145175162372345;4700;7.7910702841273229;4700;7.750175481429487
4710;169.04812768944365;4710;82.888271736808363;4710;9.9734488967558814;4710;0.23168896367465056;4710;7.7880184331797233;4710;7.750175481429487
4720;168.99929807428205;4720;82.888271736808363;4720;9.9490340891750844;4720;0.23204478175104115;4720;7.7901547288430431;4720;7.750175481429487
4730;169.03592028565325;4730;82.815027314065972;4730;9.9124118778038888;4730;0.23232152914378937;4730;7.7880184331797233;4730;7.750175481429487
4740;169.08474990081484;4740;82.790612506485175;4740;10.022278511917477;4740;0.2325587411947164;4740;7.790765099032563;4740;7.750175481429487
4750;169.08474990081484;4750;82.729575487533182;4750;10.058900723288675;4750;0.23271688256200113;4750;7.7886288033692432;4750;7.750175481429487
4760;169.09695730460524;4760;82.815027314065972;4760;10.010071108127079;4760;0.23291455927110702;4760;7.7883236182744833;4760;7.750175481429487
4770;169.14578691976686;4770;82.888271736808363;4770;9.9612414929654829;4770;0.23303316529657059;4770;7.7898495437482831;4770;7.750175481429487
4780;169.23123874629965;4780;83.010345774712363;4780;10.034485915707878;4780;0.23323084200567643;4780;7.7877132480849633;4780;7.750175481429487
4790;169.06033509323404;4790;83.108005005035551;4790;9.9734488967558814;4790;0.23346805405660351;4790;7.7895443586535231;4790;7.750175481429487
4800;169.08474990081484;4800;82.99813837092195;4800;9.9246192815942873;4800;0.23366573076570946;4800;7.790765099032563;4800;7.750175481429487
4810;169.03592028565325;4810;82.937101351969957;4810;9.9246192815942873;4810;0.23386340747481535;4810;7.7929013946958827;4810;7.750175481429487
4820;169.03592028565325;4820;82.815027314065972;4820;9.9368266853846858;4820;0.23410061952574238;4820;7.7861873226111635;4820;7.750175481429487
4830;169.09695730460524;4830;82.802819910275574;4830;9.9612414929654829;4830;0.23441690226031178;4830;7.7895443586535231;4830;7.750175481429487
4840;169.08474990081484;4840;82.827234717856371;4840;9.8879970702230917;4840;0.23453550828577535;4840;7.790459913937803;4840;7.750175481429487
4850;169.24344615009005;4850;82.815027314065972;4850;9.9124118778038888;4850;0.23473318499488122;4850;7.790765099032563;4850;7.750175481429487
4860;169.28006836146125;4860;82.766197698904378;4860;9.9734488967558814;4860;0.2349703970458083;4860;7.7889339884640032;4860;7.750175481429487
4870;169.28006836146125;4870;82.839442121646769;4870;10.022278511917477;4870;0.23524714443855652;4870;7.7883236182744833;4870;7.750175481429487
4880;169.19461653492846;4880;82.961516159550754;4880;9.9368266853846858;4880;0.23544482114766241;4880;7.7910702841273229;4880;7.750175481429487
4890;169.30448316904204;4890;82.91268654438916;4890;9.8757896664326914;4890;0.23568203319858949;4890;7.7895443586535231;4890;7.750175481429487
4900;169.15799432355726;4900;82.790612506485175;4900;9.9368266853846858;4900;0.23591924524951655;4900;7.790765099032563;4900;7.750175481429487
4910;169.19461653492846;4910;82.815027314065972;4910;9.8391674550614958;4910;0.23607738661680128;4910;7.7895443586535231;4910;7.750175481429487
4920;169.09695730460524;4920;82.851649525437168;4920;9.7781304361095;4920;0.23631459866772836;4920;7.7919858394116028;4920;7.750175481429487
4930;169.02371288186285;4930;82.924893948179559;4930;9.8391674550614958;4930;0.23655181071865541;4930;7.7855769524216436;4930;7.750175481429487
4940;169.18240913113806;4940;82.973723563341153;4940;9.9612414929654829;4940;0.2367890227695825;4940;7.7889339884640032;4940;7.750175481429487
4950;169.17020172734766;4950;82.91268654438916;4950;10.046693319498276;4950;0.23702623482050952;4950;7.790765099032563;4950;7.750175481429487
4960;169.24344615009005;4960;82.900479140598762;4960;10.022278511917477;4960;0.23726344687143661;4960;7.7886288033692432;4960;7.750175481429487
4970;169.14578691976686;4970;82.900479140598762;4970;9.8635822626422929;4970;0.2374611235805425;4970;7.7889339884640032;4970;7.750175481429487
4980;169.18240913113806;4980;82.876064333017965;4980;9.9246192815942873;4980;0.23773787097329074;4980;7.7889339884640032;4980;7.750175481429487
4990;169.12137211218604;4990;82.827234717856371;4990;9.9612414929654829;4990;0.23797508302421783;4990;7.7910702841273229;4990;7.750175481429487
5000;169.13357951597644;5000;82.900479140598762;5000;9.8757896664326914;5000;0.23821229507514485;5000;7.7861873226111635;5000;7.750175481429487
5010;169.18240913113806;5010;82.851649525437168;5010;9.9124118778038888;5010;0.23852857780971426;5010;7.7886288033692432;5010;7.750175481429487
5020;169.12137211218604;5020;82.790612506485175;5020;9.9368266853846858;5020;0.23860764849335669;5020;7.7883236182744833;5020;7.750175481429487
5030;169.12137211218604;5030;82.851649525437168;5030;9.9490340891750844;5030;0.23888439588610491;5030;7.7910702841273229;5030;7.750175481429487
5040;169.15799432355726;5040;82.790612506485175;5040;9.8879970702230917;5040;0.239121607937032;5040;7.7883236182744833;5040;7.750175481429487
5050;169.14578691976686;5050;82.851649525437168;5050;9.9246192815942873;5050;0.23931928464613789;5050;7.7889339884640032;5050;7.750175481429487
5060;169.09695730460524;5060;82.985930967131551;5060;10.022278511917477;5060;0.23951696135524375;5060;7.7898495437482831;5060;7.750175481429487
5070;169.24344615009005;5070;82.961516159550754;5070;9.9856563005462817;5070;0.23979370874799202;5070;7.7871028778954434;5070;7.750175481429487
5080;169.09695730460524;5080;83.010345774712363;5080;9.8757896664326914;5080;0.24003092079891905;5080;7.7889339884640032;5080;7.750175481429487
5090;169.03592028565325;5090;83.083590197454754;5090;9.9124118778038888;5090;0.24022859750802494;5090;7.7901547288430431;5090;7.750175481429487
5100;169.09695730460524;5100;83.083590197454754;5100;10.010071108127079;5100;0.24046580955895203;5100;7.7916806543168429;5100;7.750175481429487
5110;169.12137211218604;5110;82.99813837092195;5110;10.034485915707878;5110;0.24054488024259435;5110;7.7858821375164036;5110;7.750175481429487
5120;169.06033509323404;5120;82.91268654438916;5120;9.9734488967558814;5120;0.24090069831898497;5120;7.7895443586535231;5120;7.750175481429487
5130;169.09695730460524;5130;82.937101351969957;5130;9.9612414929654829;5130;0.24109837502809087;5130;7.7895443586535231;5130;7.750175481429487
5140;169.17020172734766;5140;82.99813837092195;5140;9.9856563005462817;5140;0.24125651639537565;5140;7.790459913937803;5140;7.750175481429487
5150;169.02371288186285;5150;82.961516159550754;5150;10.010071108127079;5150;0.24141465776266036;5150;7.7889339884640032;5150;7.750175481429487
5160;169.06033509323404;5160;82.961516159550754;5160;10.010071108127079;5160;0.24173094049722979;5160;7.7886288033692432;5160;7.750175481429487
5170;169.06033509323404;5170;82.937101351969957;5170;9.9490340891750844;5170;0.24196815254815687;5170;7.7901547288430431;5170;7.750175481429487
5180;169.17020172734766;5180;82.91268654438916;5180;10.010071108127079;5180;0.24212629391544158;5180;7.7877132480849633;5180;7.750175481429487
5190;169.14578691976686;5190;82.937101351969957;5190;10.046693319498276;5190;0.24240304130818979;5190;7.7898495437482831;5190;7.750175481429487
5200;169.03592028565325;5200;83.071382793664355;5200;9.9612414929654829;5200;0.242679788700938;5200;7.7895443586535231;5200;7.750175481429487
5210;169.06033509323404;5210;83.108005005035551;5210;9.9734488967558814;5210;0.24291700075186509;5210;7.7919858394116028;5210;7.750175481429487
5220;169.12137211218604;5220;83.071382793664355;5220;9.9856563005462817;5220;0.243114677460971;5220;7.7874080629902034;5220;7.750175481429487
5230;169.15799432355726;5230;83.083590197454754;5230;9.9856563005462817;5230;0.24343096019554042;5230;7.7901547288430431;5230;7.750175481429487
5240;169.14578691976686;5240;82.937101351969957;5240;10.010071108127079;5240;0.24362863690464631;5240;7.7886288033692432;5240;7.750175481429487
5250;169.26786095767085;5250;82.937101351969957;5250;9.9612414929654829;5250;0.24386584895557339;5250;7.7883236182744833;5250;7.750175481429487
5260;169.19461653492846;5260;82.985930967131551;5260;9.9490340891750844;5260;0.24410306100650048;5260;7.7901547288430431;5260;7.750175481429487
5270;169.15799432355726;5270;82.924893948179559;5270;10.058900723288675;5270;0.2443402730574275;5270;7.7886288033692432;5270;7.750175481429487
5280;168.98709067049165;5280;82.900479140598762;5280;9.9490340891750844;5280;0.2445379497665334;5280;7.790765099032563;5280;7.750175481429487
5290;168.98709067049165;5290;82.924893948179559;5290;9.9246192815942873;5290;0.24469609113381813;5290;7.7898495437482831;5290;7.750175481429487
5300;169.12137211218604;5300;82.973723563341153;5300;9.8879970702230917;5300;0.24489376784292402;5300;7.7910702841273229;5300;7.750175481429487
5310;169.14578691976686;5310;82.851649525437168;5310;9.8391674550614958;5310;0.24509144455202991;5310;7.7877132480849633;5310;7.750175481429487
5320;169.15799432355726;5320;82.900479140598762;5320;9.9612414929654829;5320;0.24540772728659932;5320;7.7910702841273229;5320;7.750175481429487
5330;169.06033509323404;5330;82.937101351969957;5330;9.9612414929654829;5330;0.24556586865388402;5330;7.7883236182744833;5330;7.750175481429487
5340;169.15799432355726;5340;82.985930967131551;5340;9.9856563005462817;5340;0.24580308070481111;5340;7.7883236182744833;5340;7.750175481429487
5350;169.15799432355726;5350;82.973723563341153;5350;9.9734488967558814;5350;0.24600075741391697;5350;7.7886288033692432;5350;7.750175481429487
5360;169.14578691976686;5360;82.985930967131551;5360;9.9246192815942873;5360;0.24623796946484408;5360;7.7877132480849633;5360;7.750175481429487
5370;169.04812768944365;5370;83.059175389873957;5370;9.9856563005462817;5370;0.24639611083212878;5370;7.7901547288430431;5370;7.750175481429487
5380;169.15799432355726;5380;83.046967986083558;5380;10.022278511917477;5380;0.24667285822487703;5380;7.7895443586535231;5380;7.750175481429487
5390;169.23123874629965;5390;83.022553178502761;5390;9.9856563005462817;5390;0.2469496056176253;5390;7.7916806543168429;5390;7.750175481429487
5400;169.13357951597644;5400;83.059175389873957;5400;10.022278511917477;5400;0.24706821164308881;5400;7.7880184331797233;5400;7.750175481429487
5410;169.06033509323404;5410;83.071382793664355;5410;9.9490340891750844;5410;0.2473054236940159;5410;7.7901547288430431;5410;7.750175481429487
5420;169.04812768944365;5420;82.985930967131551;5420;9.9612414929654829;5420;0.24754263574494292;5420;7.7880184331797233;5420;7.750175481429487
5430;169.14578691976686;5430;82.937101351969957;5430;10.022278511917477;5430;0.24777984779587;5430;7.7910702841273229;5430;7.750175481429487
5440;169.21903134250925;5440;82.91268654438916;5440;9.9124118778038888;5440;0.24797752450497587;5440;7.790459913937803;5440;7.750175481429487
5450;169.28006836146125;5450;83.046967986083558;5450;9.9246192815942873;5450;0.24821473655590295;5450;7.7889339884640032;5450;7.750175481429487
5460;169.13357951597644;5460;83.083590197454754;5460;9.9612414929654829;5460;0.24845194860682998;5460;7.790459913937803;5460;7.750175481429487
5470;169.23123874629965;5470;83.022553178502761;5470;9.9368266853846858;5470;0.24872869599957836;5470;7.7880184331797233;5470;7.750175481429487
5480;169.23123874629965;5480;82.937101351969957;5480;9.8757896664326914;5480;0.24896590805050545;5480;7.7889339884640032;5480;7.750175481429487
5490;169.18240913113806;5490;83.010345774712363;5490;9.8757896664326914;5490;0.24916358475961134;5490;7.7880184331797233;5490;7.750175481429487
5500;169.18240913113806;5500;83.108005005035551;5500;9.9124118778038888;5500;0.24944033215235956;5500;7.7910702841273229;5500;7.750175481429487
5510;169.15799432355726;5510;83.083590197454754;5510;9.9490340891750844;5510;0.24963800886146545;5510;7.7883236182744833;5510;7.750175481429487
5520;169.14578691976686;5520;83.083590197454754;5520;9.9734488967558814;5520;0.24991475625421367;5520;7.7901547288430431;5520;7.750175481429487
5530;169.02371288186285;5530;83.059175389873957;5530;9.9246192815942873;5530;0.25011243296331959;5530;7.7877132480849633;5530;7.750175481429487
5540;169.15799432355726;5540;83.181249427777942;5540;9.8757896664326914;5540;0.25031010967242545;5540;7.7883236182744833;5540;7.750175481429487
5550;169.18240913113806;5550;83.181249427777942;5550;9.9612414929654829;5550;0.25050778638153132;5550;7.7901547288430431;5550;7.750175481429487
5560;169.21903134250925;5560;83.156834620197145;5560;9.9612414929654829;5560;0.25070546309063724;5560;7.7880184331797233;5560;7.750175481429487
5570;169.09695730460524;5570;83.083590197454754;5570;9.9124118778038888;5570;0.25102174582520664;5570;7.7889339884640032;5570;7.750175481429487
5580;169.06033509323404;5580;83.071382793664355;5580;10.071108127079073;5580;0.25121942253431251;5580;7.7886288033692432;5580;7.750175481429487
5590;169.08474990081484;5590;83.083590197454754;5590;10.168767357402263;5590;0.25137756390159727;5590;7.7910702841273229;5590;7.750175481429487
5600;169.12137211218604;5600;83.046967986083558;5600;10.132145146031068;5600;0.25165431129434551;5600;7.7861873226111635;5600;7.750175481429487
5610;169.24344615009005;5610;82.99813837092195;5610;9.9734488967558814;5610;0.25189152334527259;5610;7.7886288033692432;5610;7.750175481429487
5620;169.21903134250925;5620;83.046967986083558;5620;9.9490340891750844;5620;0.2520496647125573;5620;7.7889339884640032;5620;7.750175481429487
5630;169.19461653492846;5630;83.083590197454754;5630;10.034485915707878;5630;0.25232641210530554;5630;7.7901547288430431;5630;7.750175481429487
5640;169.08474990081484;5640;82.985930967131551;5640;9.9734488967558814;5640;0.25256362415623262;5640;7.7886288033692432;5640;7.750175481429487
5650;169.06033509323404;5650;83.059175389873957;5650;9.9124118778038888;5650;0.25280083620715965;5650;7.7886288033692432;5650;7.750175481429487
5660;169.07254249702444;5660;83.071382793664355;5660;10.034485915707878;5660;0.25299851291626552;5660;7.7910702841273229;5660;7.750175481429487
5670;169.23123874629965;5670;83.095797601245152;5670;10.034485915707878;5670;0.25327526030901382;5670;7.7889339884640032;5670;7.750175481429487
5680;169.24344615009005;5680;83.083590197454754;5680;9.8757896664326914;5680;0.25351247235994084;5680;7.7901547288430431;5680;7.750175481429487
5690;169.23123874629965;5690;83.083590197454754;5690;9.9856563005462817;5690;0.25371014906904671;5690;7.7889339884640032;5690;7.750175481429487
5700;169.15799432355726;5700;83.059175389873957;5700;10.022278511917477;5700;0.253986896461795;5700;7.7916806543168429;5700;7.750175481429487
5710;169.07254249702444;5710;83.010345774712363;5710;9.9246192815942873;5710;0.25426364385454325;5710;7.7874080629902034;5710;7.750175481429487
5720;169.08474990081484;5720;83.144627216406747;5720;9.8879970702230917;5720;0.25446132056364917;5720;7.790765099032563;5720;7.750175481429487
5730;169.09695730460524;5730;83.144627216406747;5730;9.9246192815942873;5730;0.25465899727275504;5730;7.7895443586535231;5730;7.750175481429487
5740;169.26786095767085;5740;83.156834620197145;5740;9.9368266853846858;5740;0.25493574466550328;5740;7.7880184331797233;5740;7.750175481429487
5750;169.21903134250925;5750;83.181249427777942;5750;9.9246192815942873;5750;0.255093886032788;5750;7.7889339884640032;5750;7.750175481429487
5760;169.25565355388045;5760;83.169042023987544;5760;9.9124118778038888;5760;0.25537063342553623;5760;7.7877132480849633;5760;7.750175481429487
5770;169.23123874629965;5770;83.156834620197145;5770;9.9368266853846858;5770;0.25560784547646326;5770;7.7898495437482831;5770;7.750175481429487
5780;169.19461653492846;5780;83.095797601245152;5780;10.010071108127079;5780;0.25580552218556918;5780;7.7883236182744833;5780;7.750175481429487
5790;169.21903134250925;5790;83.095797601245152;5790;10.022278511917477;5790;0.25596366355285388;5790;7.7889339884640032;5790;7.750175481429487
5800;169.26786095767085;5800;83.071382793664355;5800;10.058900723288675;5800;0.25616134026195975;5800;7.7864925077059235;5800;7.750175481429487
5810;169.15799432355726;5810;83.046967986083558;5810;9.9734488967558814;5810;0.25639855231288688;5810;7.790765099032563;5810;7.750175481429487
5820;169.17020172734766;5820;83.156834620197145;5820;9.8513748588518943;5820;0.25655669368017159;5820;7.7895443586535231;5820;7.750175481429487
5830;169.35331278420364;5830;83.254493850520333;5830;9.9734488967558814;5830;0.25683344107291983;5830;7.7886288033692432;5830;7.750175481429487
5840;169.28006836146125;5840;83.059175389873957;5840;9.9856563005462817;5840;0.25707065312384692;5840;7.7883236182744833;5840;7.750175481429487
5850;169.28006836146125;5850;83.059175389873957;5850;9.9246192815942873;5850;0.25730786517477394;5850;7.7877132480849633;5850;7.750175481429487
5860;169.25565355388045;5860;83.132419812616348;5860;9.8269600512710955;5860;0.25746600654205865;5860;7.7901547288430431;5860;7.750175481429487
5870;169.30448316904204;5870;83.144627216406747;5870;9.8391674550614958;5870;0.25770321859298573;5870;7.7889339884640032;5870;7.750175481429487
5880;169.21903134250925;5880;83.059175389873957;5880;9.9734488967558814;5880;0.25794043064391275;5880;7.7916806543168429;5880;7.750175481429487
5890;169.23123874629965;5890;83.132419812616348;5890;9.9490340891750844;5890;0.25817764269483984;5890;7.7895443586535231;5890;7.750175481429487
5900;169.31669057283244;5900;83.339945677053123;5900;10.034485915707878;5900;0.25845439008758808;5900;7.790459913937803;5900;7.750175481429487
5910;169.31669057283244;5910;83.230079042939536;5910;10.107730338450269;5910;0.25861253145487278;5910;7.7861873226111635;5910;7.750175481429487
5920;169.31669057283244;5920;83.132419812616348;5920;10.010071108127079;5920;0.25884974350579992;5920;7.7895443586535231;5920;7.750175481429487
5930;169.25565355388045;5930;83.132419812616348;5930;10.022278511917477;5930;0.25904742021490579;5930;7.7901547288430431;5930;7.750175481429487
5940;169.37772759178443;5940;83.132419812616348;5940;10.058900723288675;5940;0.25924509692401171;5940;7.7886288033692432;5940;7.750175481429487
5950;169.28006836146125;5950;83.132419812616348;5950;10.046693319498276;5950;0.25952184431675995;5950;7.7898495437482831;5950;7.750175481429487
5960;169.18240913113806;5960;83.156834620197145;5960;9.9734488967558814;5960;0.259759056367687;5960;7.7874080629902034;5960;7.750175481429487
5970;169.19461653492846;5970;83.169042023987544;5970;9.9246192815942873;5970;0.25999626841861406;5970;7.7895443586535231;5970;7.750175481429487
5980;169.28006836146125;5980;83.217871639149138;5980;9.9368266853846858;5980;0.26031255115318347;5980;7.7901547288430431;5980;7.750175481429487
5990;169.26786095767085;5990;83.303323465681927;5990;9.9124118778038888;5990;0.26054976320411055;5990;7.7922910245063628;5990;7.750175481429487
6000;169.21903134250925;6000;83.217871639149138;6000;9.9124118778038888;6000;0.26062883388775288;6000;7.7880184331797233;6000;7.750175481429487
6010;169.31669057283244;6010;83.254493850520333;6010;9.9490340891750844;6010;0.26090558128050112;6010;7.790459913937803;6010;7.750175481429487
6020;169.24344615009005;6020;83.217871639149138;6020;9.9246192815942873;6020;0.261103257989607;6020;7.7886288033692432;6020;7.750175481429487
6030;169.23123874629965;6030;83.132419812616348;6030;9.9124118778038888;6030;0.26130093469871291;6030;7.7886288033692432;6030;7.750175481429487
6040;169.14578691976686;6040;83.144627216406747;6040;9.9246192815942873;6040;0.26157768209146126;6040;7.7901547288430431;6040;7.750175481429487
6050;169.24344615009005;6050;83.108005005035551;6050;9.9368266853846858;6050;0.26181489414238829;6050;7.7898495437482831;6050;7.750175481429487
6060;169.30448316904204;6060;83.254493850520333;6060;9.9490340891750844;6060;0.26209164153513659;6060;7.7916806543168429;6060;7.750175481429487
6070;169.28006836146125;6070;83.327738273262725;6070;10.010071108127079;6070;0.26236838892788478;6070;7.7880184331797233;6070;7.750175481429487
6080;169.14578691976686;6080;83.352153080843522;6080;9.9734488967558814;6080;0.26252653029516948;6080;7.7889339884640032;6080;7.750175481429487
6090;169.21903134250925;6090;83.315530869472326;6090;9.9246192815942873;6090;0.26276374234609656;6090;7.7883236182744833;6090;7.750175481429487
6100;169.42655720694603;6100;83.254493850520333;6100;9.9368266853846858;6100;0.26304048973884481;6100;7.7916806543168429;6100;7.750175481429487
6110;169.26786095767085;6110;83.315530869472326;6110;9.9734488967558814;6110;0.26323816644795073;6110;7.7880184331797233;6110;7.750175481429487
6120;169.19461653492846;6120;83.303323465681927;6120;9.9734488967558814;6120;0.26339630781523543;6120;7.7886288033692432;6120;7.750175481429487
6130;169.14578691976686;6130;83.217871639149138;6130;9.8635822626422929;6130;0.26371259054980484;6130;7.7883236182744833;6130;7.750175481429487
6140;169.30448316904204;6140;83.217871639149138;6140;9.8513748588518943;6140;0.26394980260073192;6140;7.7874080629902034;6140;7.750175481429487
6150;169.21903134250925;6150;83.254493850520333;6150;9.9246192815942873;6150;0.26414747930983778;6150;7.7901547288430431;6150;7.750175481429487
6160;169.21903134250925;6160;83.230079042939536;6160;9.9612414929654829;6160;0.26430562067712254;6160;7.7889339884640032;6160;7.750175481429487
6170;169.31669057283244;6170;83.181249427777942;6170;9.9856563005462817;6170;0.26454283272804963;6170;7.790459913937803;6170;7.750175481429487
6180;169.36552018799404;6180;83.193456831568341;6180;10.010071108127079;6180;0.26478004477897665;6180;7.7874080629902034;6180;7.750175481429487
6190;169.30448316904204;6190;83.217871639149138;6190;10.010071108127079;6190;0.26497772148808252;6190;7.7895443586535231;6190;7.750175481429487
6200;169.26786095767085;6200;83.193456831568341;6200;10.034485915707878;6200;0.26513586285536722;6200;7.7877132480849633;6200;7.750175481429487
6210;169.35331278420364;6210;83.303323465681927;6210;10.010071108127079;6210;0.2653730749062943;6210;7.790459913937803;6210;7.750175481429487
6220;169.24344615009005;6220;83.266701254310732;6220;9.9490340891750844;6220;0.26557075161540017;6220;7.7889339884640032;6220;7.750175481429487
6230;169.19461653492846;6230;83.27890865810113;6230;9.9246192815942873;6230;0.26580796366632725;6230;7.7886288033692432;6230;7.750175481429487
6240;169.15799432355726;6240;83.242286446729935;6240;9.8879970702230917;6240;0.26616378174271788;6240;7.7898495437482831;6240;7.750175481429487
6250;169.23123874629965;6250;83.181249427777942;6250;9.9856563005462817;6250;0.26636145845182374;6250;7.7886288033692432;6250;7.750175481429487
6260;169.21903134250925;6260;83.230079042939536;6260;9.9856563005462817;6260;0.2665195998191085;6260;7.7901547288430431;6260;7.750175481429487
6270;169.19461653492846;6270;83.242286446729935;6270;9.9368266853846858;6270;0.26675681187003553;6270;7.7901547288430431;6270;7.750175481429487
6280;169.17020172734766;6280;83.230079042939536;6280;9.8879970702230917;6280;0.26707309460460493;6280;7.7922910245063628;6280;7.750175481429487
6290;169.24344615009005;6290;83.169042023987544;6290;9.8879970702230917;6290;0.26719170063006853;6290;7.7858821375164036;6290;7.750175481429487
6300;169.28006836146125;6300;83.242286446729935;6300;10.022278511917477;6300;0.26746844802281677;6300;7.7886288033692432;6300;7.750175481429487
6310;169.14578691976686;6310;83.266701254310732;6310;10.046693319498276;6310;0.26774519541556496;6310;7.7898495437482831;6310;7.750175481429487
6320;169.18240913113806;6320;83.266701254310732;6320;9.9246192815942873;6320;0.26798240746649205;6320;7.790459913937803;6320;7.750175481429487
6330;169.21903134250925;6330;83.217871639149138;6330;9.8757896664326914;6330;0.26814054883377675;6330;7.7889339884640032;6330;7.750175481429487
6340;169.40214239936523;6340;83.254493850520333;6340;9.9856563005462817;6340;0.26837776088470378;6340;7.7883236182744833;6340;7.750175481429487
6350;169.34110538041324;6350;83.193456831568341;6350;9.9734488967558814;6350;0.2685754375938097;6350;7.7910702841273229;6350;7.750175481429487
6360;169.25565355388045;6360;83.181249427777942;6360;9.9246192815942873;6360;0.26877311430291562;6360;7.7889339884640032;6360;7.750175481429487
6370;169.19461653492846;6370;83.254493850520333;6370;10.022278511917477;6370;0.26901032635384275;6370;7.7895443586535231;6370;7.750175481429487
6380;169.17020172734766;6380;83.315530869472326;6380;10.010071108127079;6380;0.26924753840476984;6380;7.7889339884640032;6380;7.750175481429487
6390;169.26786095767085;6390;83.36436048463392;6390;9.9246192815942873;6390;0.26952428579751808;6390;7.7922910245063628;6390;7.750175481429487
6400;169.40214239936523;6400;83.315530869472326;6400;9.9368266853846858;6400;0.26972196250662395;6400;7.7861873226111635;6400;7.750175481429487
6410;169.41434980315563;6410;83.303323465681927;6410;9.8757896664326914;6410;0.26995917455755103;6410;7.7886288033692432;6410;7.750175481429487
6420;169.28006836146125;6420;83.266701254310732;6420;9.8513748588518943;6420;0.27015685126665689;6420;7.790765099032563;6420;7.750175481429487
6430;169.35331278420364;6430;83.303323465681927;6430;9.8879970702230917;6430;0.27035452797576282;6430;7.7889339884640032;6430;7.750175481429487
6440;169.23123874629965;6440;83.315530869472326;6440;9.8757896664326914;6440;0.27055220468486868;6440;7.7889339884640032;6440;7.750175481429487
6450;169.24344615009005;6450;83.36436048463392;6450;9.9246192815942873;6450;0.27078941673579571;6450;7.7880184331797233;6450;7.750175481429487
6460;169.31669057283244;6460;83.352153080843522;6460;9.9246192815942873;6460;0.27102662878672279;6460;7.7895443586535231;6460;7.750175481429487
6470;169.28006836146125;6470;83.254493850520333;6470;9.8513748588518943;6470;0.27130337617947103;6470;7.7895443586535231;6470;7.750175481429487
6480;169.28006836146125;6480;83.352153080843522;6480;9.8757896664326914;6480;0.27146151754675574;6480;7.7925962096011228;6480;7.750175481429487
6490;169.24344615009005;6490;83.327738273262725;6490;9.9246192815942873;6490;0.27165919425586171;6490;7.7877132480849633;6490;7.750175481429487
6500;169.34110538041324;6500;83.254493850520333;6500;9.9246192815942873;6500;0.27197547699043112;6500;7.7901547288430431;6500;7.750175481429487
6510;169.23123874629965;6510;83.27890865810113;6510;9.8757896664326914;6510;0.2722126890413582;6510;7.7898495437482831;6510;7.750175481429487
6520;169.28006836146125;6520;83.169042023987544;6520;9.8391674550614958;6520;0.27248943643410639;6520;7.7898495437482831;6520;7.750175481429487
6530;169.21903134250925;6530;83.230079042939536;6530;9.8879970702230917;6530;0.27272664848503347;6530;7.7901547288430431;6530;7.750175481429487
6540;169.15799432355726;6540;83.40098269600513;6540;9.9490340891750844;6540;0.27292432519413934;6540;7.7880184331797233;6540;7.750175481429487
6550;169.15799432355726;6550;83.40098269600513;6550;9.9856563005462817;6550;0.27316153724506642;6550;7.7898495437482831;6550;7.750175481429487
6560;169.30448316904204;6560;83.388775292214717;6560;9.9490340891750844;6560;0.27335921395417234;6560;7.7883236182744833;6560;7.750175481429487
6570;169.23123874629965;6570;83.327738273262725;6570;9.7659230323191011;6570;0.27367549668874175;6570;7.7901547288430431;6570;7.750175481429487
6580;169.24344615009005;6580;83.303323465681927;6580;9.814752647480697;6580;0.27391270873966878;6580;7.7874080629902034;6580;7.750175481429487
6590;169.34110538041324;6590;83.303323465681927;6590;9.9124118778038888;6590;0.27418945613241708;6590;7.7910702841273229;6590;7.750175481429487
6600;169.21903134250925;6600;83.315530869472326;6600;9.9246192815942873;6600;0.27434759749970178;6600;7.7889339884640032;6600;7.750175481429487
6610;169.23123874629965;6610;83.327738273262725;6610;9.9490340891750844;6610;0.27454527420880764;6610;7.7895443586535231;6610;7.750175481429487
6620;169.28006836146125;6620;83.217871639149138;6620;9.9490340891750844;6620;0.2747034155760924;6620;7.7901547288430431;6620;7.750175481429487
6630;169.31669057283244;6630;83.27890865810113;6630;10.022278511917477;6630;0.27501969831066181;6630;7.7889339884640032;6630;7.750175481429487
6640;169.07254249702444;6640;83.327738273262725;6640;10.022278511917477;6640;0.27525691036158884;6640;7.7898495437482831;6640;7.750175481429487
6650;169.15799432355726;6650;83.266701254310732;6650;9.9368266853846858;6650;0.27545458707069476;6650;7.7883236182744833;6650;7.750175481429487
6660;169.30448316904204;6660;83.254493850520333;6660;9.9490340891750844;6660;0.27557319309615824;6660;7.7910702841273229;6660;7.750175481429487
6670;169.31669057283244;6670;83.339945677053123;6670;9.9612414929654829;6670;0.27581040514708532;6670;7.7889339884640032;6670;7.750175481429487
6680;169.25565355388045;6680;83.413190099795528;6680;9.9490340891750844;6680;0.27608715253983357;6680;7.790765099032563;6680;7.750175481429487
6690;169.19461653492846;6690;83.339945677053123;6690;9.8635822626422929;6690;0.27620575856529711;6690;7.7874080629902034;6690;7.750175481429487
6700;169.30448316904204;6700;83.36436048463392;6700;9.8269600512710955;6700;0.27644297061622419;6700;7.7895443586535231;6700;7.750175481429487
6710;169.28006836146125;6710;83.339945677053123;6710;9.9368266853846858;6710;0.27675925335079365;6710;7.7883236182744833;6710;7.750175481429487
6720;169.32889797662284;6720;83.254493850520333;6720;9.9612414929654829;6720;0.27703600074354184;6720;7.7880184331797233;6720;7.750175481429487
6730;169.30448316904204;6730;83.254493850520333;6730;9.9368266853846858;6730;0.27719414211082655;6730;7.7901547288430431;6730;7.750175481429487
6740;169.35331278420364;6740;83.388775292214717;6740;9.9246192815942873;6740;0.27739181881993247;6740;7.7895443586535231;6740;7.750175481429487
6750;169.24344615009005;6750;83.449812311166724;6750;9.9246192815942873;6750;0.27766856621268071;6750;7.790459913937803;6750;7.750175481429487
6760;169.17020172734766;6760;83.36436048463392;6760;9.9124118778038888;6760;0.27786624292178658;6760;7.7889339884640032;6760;7.750175481429487
6770;169.25565355388045;6770;83.413190099795528;6770;9.8879970702230917;6770;0.27810345497271366;6770;7.7910702841273229;6770;7.750175481429487
6780;169.31669057283244;6780;83.523056733909115;6780;9.9368266853846858;6780;0.27830113168181958;6780;7.7861873226111635;6780;7.750175481429487
6790;169.36552018799404;6790;83.498641926328318;6790;9.8757896664326914;6790;0.27857787907456777;6790;7.7889339884640032;6790;7.750175481429487
6800;169.35331278420364;6800;83.388775292214717;6800;9.8269600512710955;6800;0.27877555578367369;6800;7.7898495437482831;6800;7.750175481429487
6810;169.37772759178443;6810;83.303323465681927;6810;9.8879970702230917;6810;0.27901276783460072;6810;7.7901547288430431;6810;7.750175481429487
6820;169.41434980315563;6820;83.266701254310732;6820;9.9612414929654829;6820;0.27924997988552785;6820;7.7889339884640032;6820;7.750175481429487
6830;169.43876461073643;6830;83.36436048463392;6830;9.9856563005462817;6830;0.27940812125281256;6830;7.7883236182744833;6830;7.750175481429487
6840;169.31669057283244;6840;83.40098269600513;6840;9.9612414929654829;6840;0.27960579796191848;6840;7.7910702841273229;6840;7.750175481429487
6850;169.32889797662284;6850;83.449812311166724;6850;9.8635822626422929;6850;0.27976393932920318;6850;7.7895443586535231;6850;7.750175481429487
6860;169.30448316904204;6860;83.388775292214717;6860;9.8879970702230917;6860;0.28000115138013021;6860;7.790459913937803;6860;7.750175481429487
6870;169.34110538041324;6870;83.352153080843522;6870;9.8879970702230917;6870;0.28019882808923607;6870;7.7880184331797233;6870;7.750175481429487
6880;169.32889797662284;6880;83.437604907376326;6880;9.8757896664326914;6880;0.28047557548198437;6880;7.7910702841273229;6880;7.750175481429487
6890;169.21903134250925;6890;83.535264137699514;6890;9.8757896664326914;6890;0.28063371684926908;6890;7.7883236182744833;6890;7.750175481429487
6900;169.30448316904204;6900;83.559678945280311;6900;9.8513748588518943;6900;0.28091046424201732;6900;7.7889339884640032;6900;7.750175481429487
6910;169.26786095767085;6910;83.40098269600513;6910;9.8879970702230917;6910;0.28114767629294435;6910;7.7880184331797233;6910;7.750175481429487
6920;169.34110538041324;6920;83.40098269600513;6920;9.9734488967558814;6920;0.28142442368569259;6920;7.7871028778954434;6920;7.750175481429487
6930;169.37772759178443;6930;83.388775292214717;6930;10.010071108127079;6930;0.28162210039479862;6930;7.7898495437482831;6930;7.750175481429487
6940;169.40214239936523;6940;83.327738273262725;6940;10.046693319498276;6940;0.28181977710390449;6940;7.7901547288430431;6940;7.750175481429487
6950;169.21903134250925;6950;83.327738273262725;6950;10.022278511917477;6950;0.28201745381301041;6950;7.790765099032563;6950;7.750175481429487
6960;169.17020172734766;6960;83.388775292214717;6960;9.9734488967558814;6960;0.28225466586393744;6960;7.7883236182744833;6960;7.750175481429487
6970;169.23123874629965;6970;83.474227118747521;6970;9.9490340891750844;6970;0.28257094859850684;6970;7.790765099032563;6970;7.750175481429487
6980;169.32889797662284;6980;83.413190099795528;6980;9.8391674550614958;6980;0.28280816064943393;6980;7.7864925077059235;6980;7.750175481429487
6990;169.31669057283244;6990;83.48643452253792;6990;9.8391674550614958;6990;0.28300583735853979;6990;7.7895443586535231;6990;7.750175481429487
7000;169.26786095767085;7000;83.559678945280311;7000;9.8879970702230917;7000;0.28324304940946687;7000;7.7895443586535231;7000;7.750175481429487
7010;169.40214239936523;7010;83.437604907376326;7010;9.9856563005462817;7010;0.28344072611857274;7010;7.7895443586535231;7010;7.750175481429487
7020;169.23123874629965;7020;83.413190099795528;7020;9.9856563005462817;7020;0.28355933214403628;7020;7.7895443586535231;7020;7.750175481429487
7030;169.21903134250925;7030;83.559678945280311;7030;9.9368266853846858;7030;0.28379654419496336;7030;7.7877132480849633;7030;7.750175481429487
7040;169.26786095767085;7040;83.584093752861108;7040;9.9246192815942873;7040;0.28411282692953277;7040;7.7898495437482831;7040;7.750175481429487
7050;169.37772759178443;7050;83.510849330118717;7050;9.9734488967558814;7050;0.28435003898045985;7050;7.7883236182744833;7050;7.750175481429487
7060;169.34110538041324;7060;83.498641926328318;7060;9.9856563005462817;7060;0.28458725103138693;7060;7.7898495437482831;7060;7.750175481429487
7070;169.35331278420364;7070;83.584093752861108;7070;9.9734488967558814;7070;0.28474539239867164;7070;7.7877132480849633;7070;7.750175481429487
7080;169.45097201452683;7080;83.6085085604419;7080;10.010071108127079;7080;0.28494306910777756;7080;7.7916806543168429;7080;7.750175481429487
7090;169.32889797662284;7090;83.498641926328318;7090;9.8757896664326914;7090;0.28518028115870458;7090;7.7886288033692432;7090;7.750175481429487
7100;169.37772759178443;7100;83.437604907376326;7100;9.8513748588518943;7100;0.285496563893274;7100;7.7889339884640032;7100;7.750175481429487
7110;169.40214239936523;7110;83.425397503585927;7110;9.9490340891750844;7110;0.28573377594420107;7110;7.7895443586535231;7110;7.750175481429487
7120;169.42655720694603;7120;83.449812311166724;7120;9.9734488967558814;7120;0.28601052333694932;7120;7.7883236182744833;7120;7.750175481429487
7130;169.30448316904204;7130;83.510849330118717;7130;9.9368266853846858;7130;0.28620820004605518;7130;7.7901547288430431;7130;7.750175481429487
7140;169.34110538041324;7140;83.6695455793939;7140;9.9856563005462817;7140;0.2864058767551611;7140;7.7871028778954434;7140;7.750175481429487
7150;169.35331278420364;7150;83.523056733909115;7150;10.022278511917477;7150;0.28660355346426697;7150;7.7895443586535231;7150;7.750175481429487
7160;169.34110538041324;7160;83.5963011566515;7160;9.9856563005462817;7160;0.28688030085701527;7160;7.7901547288430431;7160;7.750175481429487
7170;169.35331278420364;7170;83.6695455793939;7170;9.9612414929654829;7170;0.28719658359158468;7170;7.7919858394116028;7170;7.750175481429487
7180;169.36552018799404;7180;83.498641926328318;7180;9.8879970702230917;7180;0.28735472495886938;7180;7.7874080629902034;7180;7.750175481429487
7190;169.35331278420364;7190;83.449812311166724;7190;9.9246192815942873;7190;0.28763147235161762;7190;7.7901547288430431;7190;7.750175481429487
7200;169.30448316904204;7200;83.498641926328318;7200;9.8757896664326914;7200;0.28778961371890233;7200;7.7898495437482831;7200;7.750175481429487
7210;169.46317941831722;7210;83.523056733909115;7210;9.9490340891750844;7210;0.28802682576982941;7210;7.7895443586535231;7210;7.750175481429487
7220;169.40214239936523;7220;83.48643452253792;7220;9.9856563005462817;7220;0.28826403782075649;7220;7.790459913937803;7220;7.750175481429487
7230;169.28006836146125;7230;83.559678945280311;7230;9.9124118778038888;7230;0.28850124987168352;7230;7.7895443586535231;7230;7.750175481429487
7240;169.30448316904204;7240;83.559678945280311;7240;9.9246192815942873;7240;0.28869892658078938;7240;7.790765099032563;7240;7.750175481429487
7250;169.42655720694603;7250;83.474227118747521;7250;9.8879970702230917;7250;0.2888966032898953;7250;7.7874080629902034;7250;7.750175481429487
7260;169.34110538041324;7260;83.48643452253792;7260;9.9124118778038888;7260;0.28909427999900117;7260;7.7901547288430431;7260;7.750175481429487
7270;169.24344615009005;7270;83.413190099795528;7270;9.9734488967558814;7270;0.2892919567081072;7270;7.7901547288430431;7270;7.750175481429487
7280;169.26786095767085;7280;83.48643452253792;7280;9.9612414929654829;7280;0.28952916875903423;7280;7.7919858394116028;7280;7.750175481429487
7290;169.23123874629965;7290;83.6573381756035;7290;9.9368266853846858;7290;0.28972684546814009;7290;7.7874080629902034;7290;7.750175481429487
7300;169.30448316904204;7300;83.5963011566515;7300;9.9368266853846858;7300;0.29008266354453072;7300;7.7880184331797233;7300;7.750175481429487
7310;169.36552018799404;7310;83.40098269600513;7310;9.9368266853846858;7310;0.29035941093727896;7310;7.7895443586535231;7310;7.750175481429487
7320;169.51200903347882;7320;83.474227118747521;7320;9.9246192815942873;7320;0.2904780169627425;7320;7.7883236182744833;7320;7.750175481429487
7330;169.37772759178443;7330;83.571886349070709;7330;9.8635822626422929;7330;0.29071522901366953;7330;7.7898495437482831;7330;7.750175481429487
7340;169.36552018799404;7340;83.6451307718131;7340;9.9124118778038888;7340;0.29095244106459661;7340;7.7886288033692432;7340;7.750175481429487
7350;169.26786095767085;7350;83.6573381756035;7350;9.9124118778038888;7350;0.29122918845734486;7350;7.790459913937803;7350;7.750175481429487
7360;169.24344615009005;7360;83.559678945280311;7360;9.8757896664326914;7360;0.29142686516645078;7360;7.7883236182744833;7360;7.750175481429487
7370;169.26786095767085;7370;83.6085085604419;7370;9.9490340891750844;7370;0.29162454187555659;7370;7.7919858394116028;7370;7.750175481429487
7380;169.34110538041324;7380;83.584093752861108;7380;9.9612414929654829;7380;0.29182221858466256;7380;7.7886288033692432;7380;7.750175481429487
7390;169.40214239936523;7390;83.523056733909115;7390;10.034485915707878;7390;0.29201989529376843;7390;7.790459913937803;7390;7.750175481429487
7400;169.26786095767085;7400;83.510849330118717;7400;9.9734488967558814;7400;0.292138501319232;7400;7.7898495437482831;7400;7.750175481429487
7410;169.36552018799404;7410;83.571886349070709;7410;9.9368266853846858;7410;0.29241524871198021;7410;7.7877132480849633;7410;7.750175481429487
7420;169.40214239936523;7420;83.6085085604419;7420;9.9368266853846858;7420;0.29269199610472846;7420;7.7898495437482831;7420;7.750175481429487
7430;169.49980162968842;7430;83.5963011566515;7430;9.9246192815942873;7430;0.2929687434974767;7430;7.7895443586535231;7430;7.750175481429487
7440;169.37772759178443;7440;83.559678945280311;7440;9.9490340891750844;7440;0.29316642020658257;7440;7.790765099032563;7440;7.750175481429487
7450;169.42655720694603;7450;83.559678945280311;7450;9.9612414929654829;7450;0.29340363225750965;7450;7.7871028778954434;7450;7.750175481429487
7460;169.42655720694603;7460;83.584093752861108;7460;9.9612414929654829;7460;0.29364084430843668;7460;7.7895443586535231;7460;7.750175481429487
7470;169.34110538041324;7470;83.437604907376326;7470;9.8757896664326914;7470;0.29387805635936376;7470;7.7880184331797233;7470;7.750175481429487
7480;169.40214239936523;7480;83.474227118747521;7480;10.034485915707878;7480;0.294154803752112;7480;7.790459913937803;7480;7.750175481429487
7490;169.31669057283244;7490;83.559678945280311;7490;10.058900723288675;7490;0.2942734097775756;7490;7.7883236182744833;7490;7.750175481429487
7500;169.35331278420364;7500;83.48643452253792;7500;9.9490340891750844;7500;0.29451062182850263;7500;7.7886288033692432;7500;7.750175481429487
7510;169.36552018799404;7510;83.535264137699514;7510;9.9490340891750844;7510;0.29462922785396617;7510;7.7895443586535231;7510;7.750175481429487
7520;169.42655720694603;7520;83.535264137699514;7520;9.9124118778038888;7520;0.29486643990489325;7520;7.7861873226111635;7520;7.750175481429487
7530;169.26786095767085;7530;83.535264137699514;7530;9.9368266853846858;7530;0.2951431872976415;7530;7.7883236182744833;7530;7.750175481429487
7540;169.25565355388045;7540;83.559678945280311;7540;9.9490340891750844;7540;0.29538039934856858;7540;7.7895443586535231;7540;7.750175481429487
7550;169.43876461073643;7550;83.498641926328318;7550;9.9124118778038888;7550;0.29565714674131677;7550;7.7922910245063628;7550;7.750175481429487
7560;169.48759422589802;7560;83.474227118747521;7560;9.9368266853846858;7560;0.29581528810860147;7560;7.7864925077059235;7560;7.750175481429487
7570;169.32889797662284;7570;83.48643452253792;7570;9.9734488967558814;7570;0.29613157084317093;7570;7.7895443586535231;7570;7.750175481429487
7580;169.24344615009005;7580;83.474227118747521;7580;9.9490340891750844;7580;0.29640831823591918;7580;7.7898495437482831;7580;7.750175481429487
7590;169.34110538041324;7590;83.6085085604419;7590;9.9368266853846858;7590;0.29660599494502504;7590;7.7889339884640032;7590;7.750175481429487
7600;169.24344615009005;7600;83.571886349070709;7600;9.8635822626422929;7600;0.29684320699595218;7600;7.7877132480849633;7600;7.750175481429487
7610;169.28006836146125;7610;83.559678945280311;7610;9.8269600512710955;7610;0.29715948973052159;7610;7.7880184331797233;7610;7.750175481429487
7620;169.30448316904204;7620;83.559678945280311;7620;9.8513748588518943;7620;0.29727809575598507;7620;7.790459913937803;7620;7.750175481429487
7630;169.31669057283244;7630;83.437604907376326;7630;9.8513748588518943;7630;0.29751530780691215;7630;7.7880184331797233;7630;7.750175481429487
7640;169.21903134250925;7640;83.48643452253792;7640;9.9124118778038888;7640;0.29775251985783924;7640;7.7895443586535231;7640;7.750175481429487
7650;169.26786095767085;7650;83.474227118747521;7650;9.9368266853846858;7650;0.29787112588330278;7650;7.7895443586535231;7650;7.750175481429487
7660;169.42655720694603;7660;83.437604907376326;7660;9.9368266853846858;7660;0.29818740861787218;7660;7.7919858394116028;7660;7.750175481429487
7670;169.36552018799404;7670;83.48643452253792;7670;10.010071108127079;7670;0.29842462066879921;7670;7.7861873226111635;7670;7.750175481429487
7680;169.42655720694603;7680;83.510849330118717;7680;10.022278511917477;7680;0.29866183271972629;7680;7.7898495437482831;7680;7.750175481429487
7690;169.31669057283244;7690;83.437604907376326;7690;9.8879970702230917;7690;0.29878043874518984;7690;7.790459913937803;7690;7.750175481429487
7700;169.31669057283244;7700;83.6207159642323;7700;9.9124118778038888;7700;0.29905718613793808;7700;7.7883236182744833;7700;7.750175481429487
7710;169.25565355388045;7710;83.6573381756035;7710;10.046693319498276;7710;0.29933393353068638;7710;7.7898495437482831;7710;7.750175481429487
7720;169.32889797662284;7720;83.523056733909115;7720;10.022278511917477;7720;0.29957114558161346;7720;7.7895443586535231;7720;7.750175481429487
7730;169.32889797662284;7730;83.571886349070709;7730;9.9246192815942873;7730;0.29980835763254049;7730;7.7910702841273229;7730;7.750175481429487
7740;169.34110538041324;7740;83.48643452253792;7740;9.8513748588518943;7740;0.30004556968346757;7740;7.7877132480849633;7740;7.750175481429487
7750;169.32889797662284;7750;83.48643452253792;7750;9.9734488967558814;7750;0.30020371105075228;7750;7.7901547288430431;7750;7.750175481429487
7760;169.34110538041324;7760;83.523056733909115;7760;10.010071108127079;7760;0.3004409231016793;7760;7.7889339884640032;7760;7.750175481429487
7770;169.42655720694603;7770;83.6573381756035;7770;9.9856563005462817;7770;0.30067813515260639;7770;7.7919858394116028;7770;7.750175481429487
7780;169.26786095767085;7780;83.6573381756035;7780;10.071108127079073;7780;0.30087581186171231;7780;7.7886288033692432;7780;7.750175481429487
7790;169.28006836146125;7790;83.584093752861108;7790;10.022278511917477;7790;0.30115255925446055;7790;7.7889339884640032;7790;7.750175481429487
7800;169.26786095767085;7800;83.6451307718131;7800;9.8757896664326914;7800;0.30131070062174525;7800;7.790459913937803;7800;7.750175481429487
7810;169.51200903347882;7810;83.6573381756035;7810;9.9246192815942873;7810;0.30158744801449344;7810;7.7880184331797233;7810;7.750175481429487
7820;169.48759422589802;7820;83.6085085604419;7820;9.9612414929654829;7820;0.30178512472359936;7820;7.7898495437482831;7820;7.750175481429487
7830;169.48759422589802;7830;83.6207159642323;7830;9.9124118778038888;7830;0.30202233677452656;7830;7.7889339884640032;7830;7.750175481429487
7840;169.53642384105962;7840;83.6817529831843;7840;10.034485915707878;7840;0.30225954882545364;7840;7.790765099032563;7840;7.750175481429487
7850;169.53642384105962;7850;83.559678945280311;7850;10.071108127079073;7850;0.30237815485091712;7850;7.7898495437482831;7850;7.750175481429487
7860;169.37772759178443;7860;83.449812311166724;7860;10.022278511917477;7860;0.30261536690184415;7860;7.7922910245063628;7860;7.750175481429487
7870;169.28006836146125;7870;83.5963011566515;7870;9.9612414929654829;7870;0.30281304361095007;7870;7.7864925077059235;7870;7.750175481429487
7880;169.41434980315563;7880;83.6207159642323;7880;9.8757896664326914;7880;0.30305025566187715;7880;7.7886288033692432;7880;7.750175481429487
7890;169.32889797662284;7890;83.5963011566515;7890;9.9368266853846858;7890;0.30320839702916186;7890;7.7910702841273229;7890;7.750175481429487
7900;169.42655720694603;7900;83.73058259834589;7900;9.9246192815942873;7900;0.3034851444219101;7900;7.7889339884640032;7900;7.750175481429487
7910;169.46317941831722;7910;83.6939603869747;7910;9.8269600512710955;7910;0.30376189181465829;7910;7.7895443586535231;7910;7.750175481429487
7920;169.40214239936523;7920;83.5963011566515;7920;9.8757896664326914;7920;0.30399910386558537;7920;7.7889339884640032;7920;7.750175481429487
7930;169.41434980315563;7930;83.5963011566515;7930;9.9124118778038888;7930;0.30427585125833362;7930;7.7916806543168429;7930;7.750175481429487
7940;169.37772759178443;7940;83.6085085604419;7940;10.071108127079073;7940;0.30443399262561838;7940;7.7871028778954434;7940;7.750175481429487
7950;169.28006836146125;7950;83.584093752861108;7950;10.071108127079073;7950;0.30471074001836662;7950;7.7895443586535231;7950;7.750175481429487
7960;169.36552018799404;7960;83.6207159642323;7960;9.8879970702230917;7960;0.3049479520692937;7960;7.7901547288430431;7960;7.750175481429487
7970;169.56083864864041;7970;83.73058259834589;7970;9.9490340891750844;7970;0.30530377014568427;7970;7.7922910245063628;7970;7.750175481429487
7980;169.49980162968842;7980;83.6085085604419;7980;9.9246192815942873;7980;0.30554098219661135;7980;7.7883236182744833;7980;7.750175481429487
7990;169.36552018799404;7990;83.5963011566515;7990;9.8879970702230917;7990;0.30569912356389606;7990;7.7886288033692432;7990;7.750175481429487
8000;169.23123874629965;8000;83.6573381756035;8000;9.8879970702230917;8000;0.30589680027300192;8000;7.790765099032563;8000;7.750175481429487
8010;169.28006836146125;8010;83.73058259834589;8010;9.9490340891750844;8010;0.30617354766575017;8010;7.7880184331797233;8010;7.750175481429487
8020;169.30448316904204;8020;83.779412213507484;8020;9.9124118778038888;8020;0.30633168903303493;8020;7.7898495437482831;8020;7.750175481429487
8030;169.37772759178443;8030;83.767204809717086;8030;9.9734488967558814;8030;0.30648983040031963;8030;7.790459913937803;8030;7.750175481429487
8040;169.30448316904204;8040;83.767204809717086;8040;10.022278511917477;8040;0.30672704245124666;8040;7.7925962096011228;8040;7.750175481429487
8050;169.30448316904204;8050;83.754997405926687;8050;9.9124118778038888;8050;0.30696425450217379;8050;7.7871028778954434;8050;7.750175481429487
8060;169.43876461073643;8060;83.754997405926687;8060;9.9490340891750844;8060;0.30720146655310088;8060;7.7889339884640032;8060;7.750175481429487
8070;169.42655720694603;8070;83.6573381756035;8070;9.9734488967558814;8070;0.30735960792038558;8070;7.7883236182744833;8070;7.750175481429487
8080;169.42655720694603;8080;83.6573381756035;8080;10.010071108127079;8080;0.30759681997131261;8080;7.7895443586535231;8080;7.750175481429487
8090;169.24344615009005;8090;83.742790002136289;8090;9.9246192815942873;8090;0.30783403202223969;8090;7.7901547288430431;8090;7.750175481429487
8100;169.28006836146125;8100;83.840449232459477;8100;9.9124118778038888;8100;0.30807124407316672;8100;7.7898495437482831;8100;7.750175481429487
8110;169.35331278420364;8110;83.6817529831843;8110;9.9246192815942873;8110;0.3083084561240938;8110;7.790765099032563;8110;7.750175481429487
8120;169.36552018799404;8120;83.5963011566515;8120;9.9368266853846858;8120;0.30854566817502083;8120;7.7883236182744833;8120;7.750175481429487
8130;169.31669057283244;8130;83.6695455793939;8130;9.9246192815942873;8130;0.30878288022594791;8130;7.7898495437482831;8130;7.750175481429487
8140;169.31669057283244;8140;83.584093752861108;8140;9.8757896664326914;8140;0.309020092276875;8140;7.7886288033692432;8140;7.750175481429487
8150;169.30448316904204;8150;83.6451307718131;8150;9.8635822626422929;8150;0.30921776898598086;8150;7.790765099032563;8150;7.750175481429487
8160;169.30448316904204;8160;83.6695455793939;8160;9.8513748588518943;8160;0.30945498103690805;8160;7.7880184331797233;8160;7.750175481429487
8170;169.37772759178443;8170;83.6573381756035;8170;10.010071108127079;8170;0.30977126377147746;8170;7.790765099032563;8170;7.750175481429487
8180;169.36552018799404;8180;83.742790002136289;8180;10.010071108127079;8180;0.30996894048058332;8180;7.7886288033692432;8180;7.750175481429487
8190;169.43876461073643;8190;83.864864040040274;8190;9.9612414929654829;8190;0.31016661718968924;8190;7.7880184331797233;8190;7.750175481429487
8200;169.32889797662284;8200;83.938108462782665;8200;10.119937742240667;8200;0.31036429389879516;8200;7.7910702841273229;8200;7.750175481429487
8210;169.45097201452683;8210;83.877071443830673;8210;10.010071108127079;8210;0.31064104129154335;8210;7.7889339884640032;8210;7.750175481429487
8220;169.41434980315563;8220;83.913693655201868;8220;9.8513748588518943;8220;0.31087825334247043;8220;7.7895443586535231;8220;7.750175481429487
EOF
