Name;YT Scope Project;
File;C:\Users\Tobno\Desktop\Kv Tester\JibNed180bar\-55prosent.csv;
Starttime of export;134213180172230000;onsdag 22. april 2026;09:53:37.223
Endtime of export;134213180248514020;onsdag 22. april 2026;09:53:44.851


Name;fPresSupply_bar;Name;fPres1A_bar;Name;fPres1B_bar;Name;fCylinder1_m;Name;fSensor1_V;Name;fValve1_V

0;176.06738486892303;0;27.112643818475906;0;139.73815118869595;0;0.71761784999875144;0;2.2208319345683156;0;2.250129703665273
10;176.17725150303662;10;27.051606799523913;10;139.77477340006715;10;0.717301567264182;10;2.226325266273995;10;2.250129703665273
20;176.04297006134223;20;27.014984588152714;20;139.82360301522874;20;0.71694574918779153;20;2.2190008239997558;20;2.250129703665273
30;176.22608111819821;30;27.063814203314312;30;139.92126224555193;30;0.7165899311114009;30;2.2232734153263953;30;2.250129703665273
40;176.15283669545582;40;27.088229010895109;40;139.89684743797113;40;0.7162736483768315;40;2.2202215643787957;40;2.250129703665273
50;176.11621448408462;50;27.1614734336375;50;139.83581041901914;50;0.71591783030044087;50;2.2226630451368754;50;2.250129703665273
60;176.22608111819821;60;27.1736808374279;60;139.83581041901914;60;0.71560154756587147;60;2.2217474898525955;60;2.250129703665273
70;176.20166631061741;70;27.1736808374279;70;139.79918820764794;70;0.71520619414765974;70;2.2235786004211553;70;2.250129703665273
80;176.2871181371502;80;27.246925260170297;80;139.83581041901914;80;0.71496898209673265;80;2.2269356364635149;80;2.250129703665273
90;176.21387371440781;90;27.222510452589493;90;139.84801782280954;90;0.71457362867852092;90;2.2229682302316354;90;2.250129703665273
100;176.21387371440781;100;27.320169682912688;100;139.89684743797113;100;0.7142573459439514;100;2.2254097109897151;100;2.250129703665273
110;176.12842188787502;110;27.259132663960695;110;139.99450666829432;110;0.71402013389302432;110;2.218085268715476;110;2.250129703665273
120;176.22608111819821;120;27.1492660298471;120;140.01892147587512;120;0.71374338650027613;120;2.2229682302316354;120;2.250129703665273
130;176.22608111819821;130;27.222510452589493;130;139.78698080385755;130;0.71330849774024319;130;2.2186956389049959;130;2.250129703665273
140;176.2871181371502;140;27.271340067751094;140;139.71373638111515;140;0.71291314432203123;140;2.2241889706106752;140;2.250129703665273
150;176.250495925779;150;27.246925260170297;150;139.67711416974396;150;0.71271546761292548;150;2.2211371196630756;150;2.250129703665273
160;176.22608111819821;160;27.1736808374279;160;139.54283272804958;160;0.71232011419471364;160;2.2214423047578356;160;2.250129703665273
170;176.20166631061741;170;27.1492660298471;170;139.56724753563037;170;0.71200383146014423;170;2.2235786004211553;170;2.250129703665273
180;176.14062929166542;180;27.1492660298471;180;139.76256599627675;180;0.71160847804193239;180;2.2205267494735557;180;2.250129703665273
190;176.189458906827;190;27.002777184362316;190;139.86022522659994;190;0.711292195307363;190;2.2241889706106752;190;2.250129703665273
200;176.05517746513263;200;26.905117954039127;200;139.65269936216316;200;0.71093637723097247;200;2.2211371196630756;200;2.250129703665273
210;176.189458906827;210;27.063814203314312;210;139.66490676595356;210;0.71046195312911831;210;2.226325266273995;210;2.250129703665273
220;176.09179967650383;220;27.100436414685507;220;139.67711416974396;220;0.71022474107819134;220;2.2193060090945158;220;2.250129703665273
230;176.03076265755183;230;27.1614734336375;230;139.57945493942077;230;0.71002706436908536;230;2.2229682302316354;230;2.250129703665273
240;176.06738486892303;240;27.332377086703087;240;139.50621051667838;240;0.70963171095087363;240;2.2208319345683156;240;2.250129703665273
250;176.15283669545582;250;27.283547471541493;250;139.48179570909758;250;0.70919682219084068;250;2.2217474898525955;250;2.250129703665273
260;176.12842188787502;260;27.1736808374279;260;139.49400311288798;260;0.70892007479809249;260;2.2208319345683156;260;2.250129703665273
270;176.00634784997104;270;27.1736808374279;270;139.55504013183997;270;0.70860379206352309;270;2.2229682302316354;270;2.250129703665273
280;176.10400708029422;280;27.222510452589493;280;139.57945493942077;280;0.70828750932895368;280;2.2272408215582749;280;2.250129703665273
290;176.09179967650383;290;27.100436414685507;290;139.54283272804958;290;0.70797122659438427;290;2.2196111941892758;290;2.250129703665273
300;176.11621448408462;300;27.063814203314312;300;139.56724753563037;300;0.70769447920163575;300;2.2235786004211553;300;2.250129703665273
310;175.92089602343825;310;27.185888241218297;310;139.55504013183997;310;0.70733866112524513;310;2.2193060090945158;310;2.250129703665273
320;176.15283669545582;320;27.222510452589493;320;139.59166234321117;320;0.70694330770703329;320;2.225714896084475;320;2.250129703665273
330;176.06738486892303;330;27.234717856379891;330;139.57945493942077;330;0.70662702497246388;330;2.2193060090945158;330;2.250129703665273
340;176.03076265755183;340;27.222510452589493;340;139.60386974700157;340;0.70623167155425215;340;2.2226630451368754;340;2.250129703665273
350;176.05517746513263;350;27.1736808374279;350;139.60386974700157;350;0.70591538881968274;350;2.2226630451368754;350;2.250129703665273
360;176.17725150303662;360;27.198095645008696;360;139.60386974700157;360;0.7054805000596498;360;2.2193060090945158;360;2.250129703665273
370;176.2871181371502;370;27.234717856379891;370;139.70152897732476;370;0.70512468198325917;370;2.2217474898525955;370;2.250129703665273
380;176.09179967650383;380;27.185888241218297;380;139.65269936216316;380;0.70480839924868977;380;2.2217474898525955;380;2.250129703665273
390;176.09179967650383;390;27.1614734336375;390;139.67711416974396;390;0.70449211651412036;390;2.225714896084475;390;2.250129703665273
400;176.03076265755183;400;27.198095645008696;400;139.65269936216316;400;0.70425490446319339;400;2.2208319345683156;400;2.250129703665273
410;176.14062929166542;410;27.246925260170297;410;139.60386974700157;410;0.70393862172862387;410;2.226325266273995;410;2.250129703665273
420;176.04297006134223;420;27.1492660298471;420;139.66490676595356;420;0.70350373296859092;420;2.2190008239997558;420;2.250129703665273
430;176.14062929166542;430;27.100436414685507;430;139.66490676595356;430;0.70310837955037919;430;2.2217474898525955;430;2.250129703665273
440;176.06738486892303;440;27.185888241218297;440;139.61607715079197;440;0.70295023818309454;440;2.2202215643787957;440;2.250129703665273
450;176.01855525376143;450;27.1492660298471;450;139.60386974700157;450;0.7025944201067037;450;2.2217474898525955;450;2.250129703665273
460;176.2871181371502;460;27.088229010895109;460;139.71373638111515;460;0.70223860203031307;460;2.2226630451368754;460;2.250129703665273
470;176.3359477523118;470;27.014984588152714;470;139.66490676595356;470;0.70188278395392267;470;2.2229682302316354;470;2.250129703665273
480;176.3237403485214;480;27.137058626056703;480;139.73815118869595;480;0.70160603656117426;480;2.225714896084475;480;2.250129703665273
490;176.2871181371502;490;27.271340067751094;490;139.73815118869595;490;0.70121068314296264;490;2.2186956389049959;490;2.250129703665273
500;176.2993255409406;500;27.283547471541493;500;139.64049195837276;500;0.700854865066572;500;2.2235786004211553;500;2.250129703665273
510;176.00634784997104;510;27.1736808374279;510;139.66490676595356;510;0.70053858233200261;510;2.2190008239997558;510;2.250129703665273
520;176.10400708029422;520;26.905117954039127;520;139.65269936216316;520;0.70026183493925431;520;2.225714896084475;520;2.250129703665273
530;176.10400708029422;530;26.844080935087128;530;139.59166234321117;530;0.699985087546506;530;2.2202215643787957;530;2.250129703665273
540;176.11621448408462;540;27.027191991943113;540;139.57945493942077;540;0.69962926947011539;540;2.2223578600421154;540;2.250129703665273
550;176.17725150303662;550;27.100436414685507;550;139.49400311288798;550;0.6993525220773672;550;2.2223578600421154;550;2.250129703665273
560;176.10400708029422;560;27.1614734336375;560;139.40855128635516;560;0.69903623934279779;560;2.2190008239997558;560;2.250129703665273
570;176.14062929166542;570;27.344584490493485;570;139.49400311288798;570;0.6987594919500496;570;2.2226630451368754;570;2.250129703665273
580;176.09179967650383;580;27.332377086703087;580;139.48179570909758;580;0.69832460319001655;580;2.2208319345683156;580;2.250129703665273
590;176.12842188787502;590;27.198095645008696;590;139.56724753563037;590;0.69800832045544714;590;2.2254097109897151;590;2.250129703665273
600;176.05517746513263;600;27.198095645008696;600;139.49400311288798;600;0.69765250237905652;600;2.2186956389049959;600;2.250129703665273
610;176.20166631061741;610;27.063814203314312;610;139.42075869014556;610;0.69733621964448711;610;2.2235786004211553;610;2.250129703665273
620;176.189458906827;620;27.002777184362316;620;139.46958830530718;620;0.6970199369099177;620;2.2186956389049959;620;2.250129703665273
630;176.17725150303662;630;27.1736808374279;630;139.39634388256476;630;0.69666411883352708;630;2.2217474898525955;630;2.250129703665273
640;176.09179967650383;640;27.222510452589493;640;139.42075869014556;640;0.6964269067826;640;2.2208319345683156;640;2.250129703665273
650;176.04297006134223;650;27.246925260170297;650;139.42075869014556;650;0.69611062404803059;650;2.2232734153263953;650;2.250129703665273
660;176.12842188787502;660;27.259132663960695;660;139.57945493942077;660;0.69587341199710362;660;2.2251045258949551;660;2.250129703665273
670;176.12842188787502;670;27.259132663960695;670;139.61607715079197;670;0.69555712926253421;670;2.2205267494735557;670;2.250129703665273
680;176.14062929166542;680;27.295754875331891;680;139.54283272804958;680;0.6952408465279647;680;2.2254097109897151;680;2.250129703665273
690;176.14062929166542;690;27.320169682912688;690;139.42075869014556;690;0.69492456379339529;690;2.2196111941892758;690;2.250129703665273
700;176.250495925779;700;27.246925260170297;700;139.44517349772636;700;0.69448967503336234;700;2.2232734153263953;700;2.250129703665273
710;176.14062929166542;710;27.222510452589493;710;139.55504013183997;710;0.69413385695697172;710;2.218085268715476;710;2.250129703665273
720;176.23828852198861;720;27.1736808374279;720;139.55504013183997;720;0.69381757422240231;720;2.226325266273995;720;2.250129703665273
730;176.10400708029422;730;27.222510452589493;730;139.54283272804958;730;0.6935012914878329;730;2.2223578600421154;730;2.250129703665273
740;176.15283669545582;740;27.332377086703087;740;139.45738090151679;740;0.69310593806962117;740;2.2202215643787957;740;2.250129703665273
750;176.17725150303662;750;27.234717856379891;750;139.46958830530718;750;0.69282919067687287;750;2.2226630451368754;750;2.250129703665273
760;176.10400708029422;760;27.246925260170297;760;139.45738090151679;760;0.69247337260048214;760;2.2205267494735557;760;2.250129703665273
770;176.3359477523118;770;27.344584490493485;770;139.44517349772636;770;0.69219662520773384;770;2.2229682302316354;770;2.250129703665273
780;176.2993255409406;780;27.356791894283884;780;139.50621051667838;780;0.69188034247316443;780;2.2214423047578356;780;2.250129703665273
790;176.21387371440781;790;27.381206701864681;790;139.55504013183997;790;0.69160359508041613;790;2.2275460066530348;790;2.250129703665273
800;176.09179967650383;800;27.368999298074282;800;139.45738090151679;800;0.69120824166220451;800;2.2196111941892758;800;2.250129703665273
810;176.189458906827;810;27.491073335978271;810;139.46958830530718;810;0.69085242358581389;810;2.2238837855159153;810;2.250129703665273
820;176.01855525376143;820;27.491073335978271;820;139.54283272804958;820;0.6906152115348867;820;2.2205267494735557;820;2.250129703665273
830;176.05517746513263;830;27.259132663960695;830;139.51841792046878;830;0.69021985811667508;830;2.2226630451368754;830;2.250129703665273
840;176.15283669545582;840;27.246925260170297;840;139.45738090151679;840;0.68998264606574788;840;2.2217474898525955;840;2.250129703665273
850;176.06738486892303;850;27.381206701864681;850;139.40855128635516;850;0.6897058986729997;850;2.2235786004211553;850;2.250129703665273
860;176.21387371440781;860;27.344584490493485;860;139.55504013183997;860;0.68935008059660907;860;2.226020081179235;860;2.250129703665273
870;176.21387371440781;870;27.259132663960695;870;139.51841792046878;870;0.68899426252021845;870;2.2190008239997558;870;2.250129703665273
880;176.189458906827;880;27.332377086703087;880;139.59166234321117;880;0.688677979785649;880;2.2232734153263953;880;2.250129703665273
890;176.21387371440781;890;27.320169682912688;890;139.51841792046878;890;0.68832216170925853;890;2.2202215643787957;890;2.250129703665273
900;176.23828852198861;900;27.246925260170297;900;139.44517349772636;900;0.6879663436328679;900;2.226020081179235;900;2.250129703665273
910;176.06738486892303;910;27.417828913235876;910;139.45738090151679;910;0.68772913158194082;910;2.2202215643787957;910;2.250129703665273
920;176.250495925779;920;27.454451124607075;920;139.40855128635516;920;0.68737331350555009;920;2.2226630451368754;920;2.250129703665273
930;176.3359477523118;930;27.356791894283884;930;139.38413647877437;930;0.68705703077098068;930;2.2205267494735557;930;2.250129703665273
940;176.17725150303662;940;27.283547471541493;940;139.37192907498397;940;0.68670121269459006;940;2.2226630451368754;940;2.250129703665273
950;176.06738486892303;950;27.222510452589493;950;139.35972167119357;950;0.68638492996002065;950;2.2238837855159153;950;2.250129703665273
960;176.10400708029422;960;27.1614734336375;960;139.32309945982237;960;0.68606864722545124;960;2.2214423047578356;960;2.250129703665273
970;176.189458906827;970;27.271340067751094;970;139.38413647877437;970;0.68583143517452427;970;2.2254097109897151;970;2.250129703665273
980;176.06738486892303;980;27.381206701864681;980;139.15219580675679;980;0.68551515243995487;980;2.2186956389049959;980;2.250129703665273
990;176.11621448408462;990;27.368999298074282;990;139.20102542191839;990;0.68515933436356424;990;2.2226630451368754;990;2.250129703665273
1000;175.99414044618064;1000;27.332377086703087;1000;139.34751426740317;1000;0.684882586970816;1000;2.218085268715476;1000;2.250129703665273
1010;176.06738486892303;1010;27.295754875331891;1010;139.38413647877437;1010;0.68456630423624654;1010;2.225714896084475;1010;2.250129703665273
1020;176.10400708029422;1020;27.295754875331891;1020;139.37192907498397;1020;0.684210486159856;1020;2.2211371196630756;1020;2.250129703665273
1030;176.189458906827;1030;27.320169682912688;1030;139.34751426740317;1030;0.6838546680834654;1030;2.2214423047578356;1030;2.250129703665273
1040;176.22608111819821;1040;27.417828913235876;1040;139.42075869014556;1040;0.68349885000707478;1040;2.2235786004211553;1040;2.250129703665273
1050;176.189458906827;1050;27.417828913235876;1050;139.42075869014556;1050;0.68310349658886294;1050;2.2208319345683156;1050;2.250129703665273
1060;176.23828852198861;1060;27.381206701864681;1060;139.49400311288798;1060;0.68282674919611475;1060;2.2232734153263953;1060;2.250129703665273
1070;176.09179967650383;1070;27.320169682912688;1070;139.46958830530718;1070;0.682470931119724;1070;2.2202215643787957;1070;2.250129703665273
1080;176.15283669545582;1080;27.417828913235876;1080;139.45738090151679;1080;0.6821151130433335;1080;2.2254097109897151;1080;2.250129703665273
1090;176.03076265755183;1090;27.356791894283884;1090;139.34751426740317;1090;0.6818383656505852;1090;2.2190008239997558;1090;2.250129703665273
1100;176.17725150303662;1100;27.332377086703087;1100;139.29868465224158;1100;0.68152208291601579;1100;2.2238837855159153;1100;2.250129703665273
1110;176.14062929166542;1110;27.320169682912688;1110;139.35972167119357;1110;0.68112672949780406;1110;2.2193060090945158;1110;2.250129703665273
1120;176.23828852198861;1120;27.368999298074282;1120;139.44517349772636;1120;0.68073137607959222;1120;2.2211371196630756;1120;2.250129703665273
1130;176.22608111819821;1130;27.417828913235876;1130;139.42075869014556;1130;0.68041509334502281;1130;2.2208319345683156;1130;2.250129703665273
1140;176.23828852198861;1140;27.320169682912688;1140;139.27426984466078;1140;0.68013834595227463;1140;2.2226630451368754;1140;2.250129703665273
1150;176.3237403485214;1150;27.405621509445478;1150;139.27426984466078;1150;0.67986159855952633;1150;2.2241889706106752;1150;2.250129703665273
1160;176.2871181371502;1160;27.466658528397474;1160;139.28647724845118;1160;0.67950578048313581;1160;2.2217474898525955;1160;2.250129703665273
1170;176.250495925779;1170;27.430036317026275;1170;139.32309945982237;1170;0.67918949774856641;1170;2.226020081179235;1170;2.250129703665273
1180;176.14062929166542;1180;27.368999298074282;1180;139.38413647877437;1180;0.67883367967217578;1180;2.2186956389049959;1180;2.250129703665273
1190;176.23828852198861;1190;27.295754875331891;1190;139.46958830530718;1190;0.67851739693760638;1190;2.2235786004211553;1190;2.250129703665273
1200;176.09179967650383;1200;27.259132663960695;1200;139.46958830530718;1200;0.67816157886121575;1200;2.2193060090945158;1200;2.250129703665273
1210;176.17725150303662;1210;27.332377086703087;1210;139.42075869014556;1210;0.67776622544300391;1210;2.2251045258949551;1210;2.250129703665273
1220;176.17725150303662;1220;27.417828913235876;1220;139.48179570909758;1220;0.67748947805025561;1220;2.2211371196630756;1220;2.250129703665273
1230;176.15283669545582;1230;27.417828913235876;1230;139.40855128635516;1230;0.6771731953156862;1230;2.2214423047578356;1230;2.250129703665273
1240;176.21387371440781;1240;27.344584490493485;1240;139.38413647877437;1240;0.6768569125811168;1240;2.2247993408001951;1240;2.250129703665273
1250;176.15283669545582;1250;27.271340067751094;1250;139.27426984466078;1250;0.67650109450472617;1250;2.2211371196630756;1250;2.250129703665273
1260;176.11621448408462;1260;27.283547471541493;1260;139.26206244087038;1260;0.67618481177015677;1260;2.2238837855159153;1260;2.250129703665273
1270;176.01855525376143;1270;27.381206701864681;1270;139.31089205603197;1270;0.67590806437740858;1270;2.2217474898525955;1270;2.250129703665273
1280;176.22608111819821;1280;27.454451124607075;1280;139.32309945982237;1280;0.6756708523264815;1280;2.2272408215582749;1280;2.250129703665273
1290;176.17725150303662;1290;27.442243720816677;1290;139.32309945982237;1290;0.67535456959191209;1290;2.2193060090945158;1290;2.250129703665273
1300;176.250495925779;1300;27.454451124607075;1300;139.29868465224158;1300;0.67488014549005793;1300;2.2254097109897151;1300;2.250129703665273
1310;176.2993255409406;1310;27.356791894283884;1310;139.1155735953856;1310;0.6745243274136673;1310;2.2217474898525955;1310;2.250129703665273
1320;176.2871181371502;1320;27.381206701864681;1320;139.0789513840144;1320;0.67416850933727679;1320;2.2214423047578356;1320;2.250129703665273
1330;176.3237403485214;1330;27.442243720816677;1330;139.27426984466078;1330;0.67385222660270738;1330;2.2214423047578356;1330;2.250129703665273
1340;176.3237403485214;1340;27.417828913235876;1340;139.34751426740317;1340;0.67357547920995908;1340;2.2235786004211553;1340;2.250129703665273
1350;176.2993255409406;1350;27.368999298074282;1350;139.27426984466078;1350;0.67325919647538968;1350;2.2269356364635149;1350;2.250129703665273
1360;176.15283669545582;1360;27.381206701864681;1360;139.127780999176;1360;0.672903378398999;1360;2.2223578600421154;1360;2.250129703665273
1370;176.250495925779;1370;27.405621509445478;1370;139.26206244087038;1370;0.67258709566442965;1370;2.2254097109897151;1370;2.250129703665273
1380;176.10400708029422;1380;27.295754875331891;1380;139.39634388256476;1380;0.67227081292986013;1380;2.2193060090945158;1380;2.250129703665273
1390;176.23828852198861;1390;27.430036317026275;1390;139.26206244087038;1390;0.67191499485346962;1390;2.2238837855159153;1390;2.250129703665273
1400;176.189458906827;1400;27.552110354930264;1400;139.22544022949918;1400;0.6715987121189001;1400;2.2171697134311961;1400;2.250129703665273
1410;176.15283669545582;1410;27.515488143559068;1410;139.35972167119357;1410;0.67128242938433069;1410;2.2241889706106752;1410;2.250129703665273
1420;176.2749107333598;1420;27.417828913235876;1420;139.28647724845118;1420;0.67108475267522494;1420;2.2232734153263953;1420;2.250129703665273
1430;176.22608111819821;1430;27.442243720816677;1430;139.20102542191839;1430;0.67064986391519188;1430;2.2202215643787957;1430;2.250129703665273
1440;176.17725150303662;1440;27.442243720816677;1440;139.26206244087038;1440;0.67029404583880126;1440;2.2217474898525955;1440;2.250129703665273
1450;176.10400708029422;1450;27.332377086703087;1450;139.27426984466078;1450;0.66997776310423185;1450;2.2202215643787957;1450;2.250129703665273
1460;176.20166631061741;1460;27.417828913235876;1460;139.32309945982237;1460;0.66962194502784134;1460;2.2247993408001951;1460;2.250129703665273
1470;176.15283669545582;1470;27.430036317026275;1470;139.29868465224158;1470;0.66930566229327193;1470;2.2208319345683156;1470;2.250129703665273
1480;176.20166631061741;1480;27.442243720816677;1480;139.29868465224158;1480;0.66902891490052363;1480;2.225714896084475;1480;2.250129703665273
1490;176.10400708029422;1490;27.50328073976867;1490;139.22544022949918;1490;0.6686335614823119;1490;2.2186956389049959;1490;2.250129703665273
1500;176.22608111819821;1500;27.454451124607075;1500;139.15219580675679;1500;0.66827774340592128;1500;2.2223578600421154;1500;2.250129703665273
1510;176.21387371440781;1510;27.552110354930264;1510;139.17661061433759;1510;0.66796146067135187;1510;2.2186956389049959;1510;2.250129703665273
1520;176.23828852198861;1520;27.515488143559068;1520;139.188818018128;1520;0.66768471327860368;1520;2.2229682302316354;1520;2.250129703665273
1530;176.23828852198861;1530;27.50328073976867;1530;139.17661061433759;1530;0.66744750122767627;1530;2.2247993408001951;1530;2.250129703665273
1540;176.21387371440781;1540;27.600939970091858;1540;139.17661061433759;1540;0.66705214780946454;1540;2.2223578600421154;1540;2.250129703665273
1550;176.3237403485214;1550;27.442243720816677;1550;139.24985503707998;1550;0.66673586507489513;1550;2.226020081179235;1550;2.250129703665273
1560;176.22608111819821;1560;27.356791894283884;1560;139.21323282570879;1560;0.6663800469985045;1560;2.2208319345683156;1560;2.250129703665273
1570;176.189458906827;1570;27.442243720816677;1570;139.28647724845118;1570;0.66594515823847167;1570;2.2247993408001951;1570;2.250129703665273
1580;176.12842188787502;1580;27.442243720816677;1580;139.28647724845118;1580;0.665589340162081;1580;2.2193060090945158;1580;2.250129703665273
1590;176.2871181371502;1590;27.539902951139865;1590;139.26206244087038;1590;0.66531259276933274;1590;2.2272408215582749;1590;2.250129703665273
1600;176.23828852198861;1600;27.588732566301459;1600;139.24985503707998;1600;0.66503584537658456;1600;2.2211371196630756;1600;2.250129703665273
1610;176.23828852198861;1610;27.454451124607075;1610;139.20102542191839;1610;0.66475909798383626;1610;2.2208319345683156;1610;2.250129703665273
1620;176.11621448408462;1620;27.442243720816677;1620;139.21323282570879;1620;0.66444281524926685;1620;2.2217474898525955;1620;2.250129703665273
1630;176.15283669545582;1630;27.491073335978271;1630;139.15219580675679;1630;0.66404746183105512;1630;2.2223578600421154;1630;2.250129703665273
1640;176.21387371440781;1640;27.539902951139865;1640;139.17661061433759;1640;0.66373117909648571;1640;2.2241889706106752;1640;2.250129703665273
1650;176.05517746513263;1650;27.588732566301459;1650;139.17661061433759;1650;0.66329629033645277;1650;2.2208319345683156;1650;2.250129703665273
1660;176.23828852198861;1660;27.50328073976867;1660;139.24985503707998;1660;0.66298000760188336;1660;2.2251045258949551;1660;2.250129703665273
1670;176.12842188787502;1670;27.527695547349467;1670;139.24985503707998;1670;0.66262418952549273;1670;2.2190008239997558;1670;2.250129703665273
1680;176.22608111819821;1680;27.539902951139865;1680;139.22544022949918;1680;0.66238697747456554;1680;2.226325266273995;1680;2.250129703665273
1690;176.2749107333598;1690;27.454451124607075;1690;139.17661061433759;1690;0.66207069473999614;1690;2.2217474898525955;1690;2.250129703665273
1700;176.34815515610219;1700;27.454451124607075;1700;139.1155735953856;1700;0.66175441200542662;1700;2.2232734153263953;1700;2.250129703665273
1710;176.250495925779;1710;27.405621509445478;1710;139.1155735953856;1710;0.66139859392903622;1710;2.2211371196630756;1710;2.250129703665273
1720;176.17725150303662;1720;27.50328073976867;1720;139.066743980224;1720;0.6610823111944667;1720;2.2238837855159153;1720;2.250129703665273
1730;176.2993255409406;1730;27.527695547349467;1730;139.21323282570879;1730;0.66084509914353962;1730;2.2251045258949551;1730;2.250129703665273
1740;176.21387371440781;1740;27.588732566301459;1740;139.29868465224158;1740;0.66044974572532777;1740;2.2202215643787957;1740;2.250129703665273
1750;176.21387371440781;1750;27.637562181463061;1750;139.27426984466078;1750;0.66013346299075837;1750;2.2238837855159153;1750;2.250129703665273
1760;176.189458906827;1760;27.50328073976867;1760;139.22544022949918;1760;0.65977764491436786;1760;2.2205267494735557;1760;2.250129703665273
1770;176.311532944731;1770;27.454451124607075;1770;139.24985503707998;1770;0.65942182683797734;1770;2.226020081179235;1770;2.250129703665273
1780;176.17725150303662;1780;27.50328073976867;1780;139.21323282570879;1780;0.65910554410340794;1780;2.2193060090945158;1780;2.250129703665273
1790;176.2871181371502;1790;27.576525162511061;1790;139.188818018128;1790;0.65882879671065953;1790;2.2229682302316354;1790;2.250129703665273
1800;176.311532944731;1800;27.466658528397474;1800;139.0789513840144;1800;0.65851251397609012;1800;2.2190008239997558;1800;2.250129703665273
1810;176.311532944731;1810;27.417828913235876;1810;139.066743980224;1810;0.65807762521605728;1810;2.2235786004211553;1810;2.250129703665273
1820;176.2993255409406;1820;27.539902951139865;1820;139.22544022949918;1820;0.65780087782330909;1820;2.2241889706106752;1820;2.250129703665273
1830;176.06738486892303;1830;27.613147373882256;1830;139.24985503707998;1830;0.65744505974691847;1830;2.2217474898525955;1830;2.250129703665273
1840;176.10400708029422;1840;27.552110354930264;1840;139.29868465224158;1840;0.65704970632870652;1840;2.225714896084475;1840;2.250129703665273
1850;176.10400708029422;1850;27.381206701864681;1850;139.26206244087038;1850;0.656693888252316;1850;2.2202215643787957;1850;2.250129703665273
1860;176.189458906827;1860;27.381206701864681;1860;139.127780999176;1860;0.65645667620138881;1860;2.2238837855159153;1860;2.250129703665273
1870;176.11621448408462;1870;27.515488143559068;1870;139.0789513840144;1870;0.6561403934668194;1870;2.2202215643787957;1870;2.250129703665273
1880;176.17725150303662;1880;27.491073335978271;1880;139.15219580675679;1880;0.65582411073225;1880;2.226325266273995;1880;2.250129703665273
1890;176.14062929166542;1890;27.405621509445478;1890;139.21323282570879;1890;0.65550782799768059;1890;2.2196111941892758;1890;2.250129703665273
1900;176.2749107333598;1900;27.454451124607075;1900;139.17661061433759;1900;0.65519154526311119;1900;2.2223578600421154;1900;2.250129703665273
1910;176.250495925779;1910;27.442243720816677;1910;139.17661061433759;1910;0.65487526252854178;1910;2.2229682302316354;1910;2.250129703665273
1920;176.23828852198861;1920;27.454451124607075;1920;139.1155735953856;1920;0.65447990911033;1920;2.2217474898525955;1920;2.250129703665273
1930;176.22608111819821;1930;27.539902951139865;1930;139.16440321054719;1930;0.65420316171758175;1930;2.2247993408001951;1930;2.250129703665273
1940;176.10400708029422;1940;27.600939970091858;1940;139.15219580675679;1940;0.65388687898301234;1940;2.2241889706106752;1940;2.250129703665273
1950;176.23828852198861;1950;27.625354777672655;1950;139.1155735953856;1950;0.65353106090662172;1950;2.2269356364635149;1950;2.250129703665273
1960;176.20166631061741;1960;27.527695547349467;1960;139.127780999176;1960;0.65329384885569464;1960;2.2190008239997558;1960;2.250129703665273
1970;176.250495925779;1970;27.491073335978271;1970;139.1033661915952;1970;0.65305663680476767;1970;2.2241889706106752;1970;2.250129703665273
1980;176.17725150303662;1980;27.466658528397474;1980;139.0911587878048;1980;0.65274035407019826;1980;2.2196111941892758;1980;2.250129703665273
1990;176.3237403485214;1990;27.600939970091858;1990;139.0911587878048;1990;0.65238453599380763;1990;2.2247993408001951;1990;2.250129703665273
2000;176.23828852198861;2000;27.637562181463061;2000;139.127780999176;2000;0.65194964723377447;2000;2.2214423047578356;2000;2.250129703665273
2010;176.11621448408462;2010;27.454451124607075;2010;139.127780999176;2010;0.65163336449920506;2010;2.2241889706106752;2010;2.250129703665273
2020;176.189458906827;2020;27.442243720816677;2020;139.15219580675679;2020;0.65135661710645687;2020;2.2251045258949551;2020;2.250129703665273
2030;176.2993255409406;2030;27.552110354930264;2030;139.1033661915952;2030;0.650961263688245;2030;2.2193060090945158;2030;2.250129703665273
2040;176.34815515610219;2040;27.576525162511061;2040;139.1033661915952;2040;0.6506054456118544;2040;2.2232734153263953;2040;2.250129703665273
2050;176.20166631061741;2050;27.527695547349467;2050;139.03012176885281;2050;0.650289162877285;2050;2.2208319345683156;2050;2.250129703665273
2060;176.311532944731;2060;27.466658528397474;2060;139.03012176885281;2060;0.650051950826358;2060;2.226020081179235;2060;2.250129703665273
2070;176.23828852198861;2070;27.515488143559068;2070;139.03012176885281;2070;0.649617062066325;2070;2.2196111941892758;2070;2.250129703665273
2080;176.250495925779;2080;27.625354777672655;2080;139.1033661915952;2080;0.64922170864811324;2080;2.226020081179235;2080;2.250129703665273
2090;176.17725150303662;2090;27.539902951139865;2090;139.1033661915952;2090;0.64890542591354383;2090;2.2223578600421154;2090;2.250129703665273
2100;176.23828852198861;2100;27.527695547349467;2100;139.01791436506241;2100;0.64858914317897443;2100;2.2208319345683156;2100;2.250129703665273
2110;176.311532944731;2110;27.625354777672655;2110;139.1155735953856;2110;0.64831239578622613;2110;2.2208319345683156;2110;2.250129703665273
2120;176.34815515610219;2120;27.747428815576647;2120;139.1033661915952;2120;0.64803564839347794;2120;2.2238837855159153;2120;2.250129703665273
2130;176.39698477126379;2130;27.674184392834256;2130;139.188818018128;2130;0.64779843634255085;2130;2.226020081179235;2130;2.250129703665273
2140;176.23828852198861;2140;27.600939970091858;2140;139.127780999176;2140;0.64740308292433912;2140;2.2190008239997558;2140;2.250129703665273
2150;176.2993255409406;2150;27.686391796624655;2150;139.005706961272;2150;0.64704726484794839;2150;2.2235786004211553;2150;2.250129703665273
2160;176.21387371440781;2160;27.661976989043858;2160;139.03012176885281;2160;0.646730982113379;2160;2.2193060090945158;2160;2.250129703665273
2170;176.22608111819821;2170;27.552110354930264;2170;139.188818018128;2170;0.64641469937880958;2170;2.226020081179235;2170;2.250129703665273
2180;176.04297006134223;2180;27.50328073976867;2180;139.188818018128;2180;0.64601934596059785;2180;2.2190008239997558;2180;2.250129703665273
2190;176.06738486892303;2190;27.588732566301459;2190;139.1033661915952;2190;0.645623992542386;2190;2.2229682302316354;2190;2.250129703665273
2200;176.15283669545582;2200;27.625354777672655;2200;139.0911587878048;2200;0.64526817446599538;2200;2.2229682302316354;2200;2.250129703665273
2210;176.189458906827;2210;27.552110354930264;2210;139.0789513840144;2210;0.644951891731426;2210;2.2211371196630756;2210;2.250129703665273
2220;176.21387371440781;2220;27.600939970091858;2220;139.066743980224;2220;0.64467514433867779;2220;2.2226630451368754;2220;2.250129703665273
2230;176.11621448408462;2230;27.625354777672655;2230;139.05453657643361;2230;0.64431932626228716;2230;2.2226630451368754;2230;2.250129703665273
2240;176.189458906827;2240;27.625354777672655;2240;139.16440321054719;2240;0.64396350818589654;2240;2.226325266273995;2240;2.250129703665273
2250;176.20166631061741;2250;27.588732566301459;2250;139.0789513840144;2250;0.64356815476768481;2250;2.2190008239997558;2250;2.250129703665273
2260;176.3359477523118;2260;27.466658528397474;2260;138.95687734611042;2260;0.6432518720331154;2260;2.2238837855159153;2260;2.250129703665273
2270;176.2749107333598;2270;27.491073335978271;2270;138.96908474990082;2270;0.64301465998218832;2270;2.2196111941892758;2270;2.250129703665273
2280;176.3237403485214;2280;27.625354777672655;2280;139.1155735953856;2280;0.64273791258944013;2280;2.2254097109897151;2280;2.250129703665273
2290;176.311532944731;2290;27.674184392834256;2290;139.16440321054719;2290;0.64238209451304951;2290;2.2208319345683156;2290;2.250129703665273
2300;176.3237403485214;2300;27.698599200415053;2300;139.127780999176;2300;0.64202627643665877;2300;2.2238837855159153;2300;2.250129703665273
2310;176.3237403485214;2310;27.698599200415053;2310;139.066743980224;2310;0.64170999370208937;2310;2.225714896084475;2310;2.250129703665273
2320;176.20166631061741;2320;27.588732566301459;2320;138.98129215369121;2320;0.64135417562569874;2320;2.2208319345683156;2320;2.250129703665273
2330;176.2871181371502;2330;27.576525162511061;2330;138.96908474990082;2330;0.64107742823295055;2330;2.2241889706106752;2330;2.250129703665273
2340;176.2749107333598;2340;27.588732566301459;2340;138.87142551957763;2340;0.64068207481473882;2340;2.2208319345683156;2340;2.250129703665273
2350;176.3359477523118;2350;27.674184392834256;2350;139.03012176885281;2350;0.6403657920801693;2350;2.2247993408001951;2350;2.250129703665273
2360;176.22608111819821;2360;27.661976989043858;2360;138.96908474990082;2360;0.6400495093455999;2360;2.2183904538102359;2360;2.250129703665273
2370;176.3237403485214;2370;27.600939970091858;2370;138.92025513473922;2370;0.63969369126920939;2370;2.2254097109897151;2370;2.250129703665273
2380;176.2749107333598;2380;27.576525162511061;2380;139.0911587878048;2380;0.63937740853464;2380;2.2193060090945158;2380;2.250129703665273
2390;176.38477736747339;2390;27.613147373882256;2390;139.05453657643361;2390;0.63906112580007046;2390;2.2202215643787957;2390;2.250129703665273
2400;176.3237403485214;2400;27.747428815576647;2400;139.005706961272;2400;0.63866577238185873;2400;2.2217474898525955;2400;2.250129703665273
2410;176.23828852198861;2410;27.698599200415053;2410;138.99349955748161;2410;0.63830995430546811;2410;2.2208319345683156;2410;2.250129703665273
2420;176.3359477523118;2420;27.72301400799585;2420;139.03012176885281;2420;0.63807274225454114;2420;2.2247993408001951;2420;2.250129703665273
2430;176.189458906827;2430;27.784051026947843;2430;139.0789513840144;2430;0.6376773888363293;2430;2.2238837855159153;2430;2.250129703665273
2440;176.21387371440781;2440;27.674184392834256;2440;139.066743980224;2440;0.63740064144358111;2440;2.2269356364635149;2440;2.250129703665273
2450;176.12842188787502;2450;27.686391796624655;2450;139.01791436506241;2450;0.63708435870901159;2450;2.2183904538102359;2450;2.250129703665273
2460;176.20166631061741;2460;27.845088045899839;2460;138.98129215369121;2460;0.63680761131626329;2460;2.2247993408001951;2460;2.250129703665273
2470;176.17725150303662;2470;27.881710257271035;2470;138.89584032715842;2470;0.63641225789805156;2470;2.2193060090945158;2470;2.250129703665273
2480;176.2871181371502;2480;27.784051026947843;2480;139.01791436506241;2480;0.63609597516348215;2480;2.2214423047578356;2480;2.250129703665273
2490;176.34815515610219;2490;27.613147373882256;2490;139.0911587878048;2490;0.63577969242891275;2490;2.2196111941892758;2490;2.250129703665273
2500;176.3237403485214;2500;27.588732566301459;2500;139.0911587878048;2500;0.63534480366887969;2500;2.2235786004211553;2500;2.250129703665273
2510;176.2749107333598;2510;27.710806604205452;2510;139.16440321054719;2510;0.63510759161795272;2510;2.2254097109897151;2510;2.250129703665273
2520;176.20166631061741;2520;27.674184392834256;2520;139.0789513840144;2520;0.63471223819974087;2520;2.2208319345683156;2520;2.250129703665273
2530;176.2993255409406;2530;27.539902951139865;2530;139.1155735953856;2530;0.63443549080699269;2530;2.225714896084475;2530;2.250129703665273
2540;176.2749107333598;2540;27.588732566301459;2540;139.05453657643361;2540;0.63407967273060206;2540;2.2205267494735557;2540;2.250129703665273
2550;176.42139957884459;2550;27.674184392834256;2550;138.93246253852962;2550;0.63376338999603266;2550;2.2238837855159153;2550;2.250129703665273
2560;176.2749107333598;2560;27.710806604205452;2560;138.96908474990082;2560;0.633407571919642;2560;2.2183904538102359;2560;2.250129703665273
2570;176.2871181371502;2570;27.698599200415053;2570;138.95687734611042;2570;0.63297268315960908;2570;2.2272408215582749;2570;2.250129703665273
2580;176.3359477523118;2580;27.613147373882256;2580;138.96908474990082;2580;0.63265640042503968;2580;2.2223578600421154;2580;2.250129703665273
2590;176.2749107333598;2590;27.686391796624655;2590;139.03012176885281;2590;0.632300582348649;2590;2.2208319345683156;2590;2.250129703665273
2600;176.250495925779;2600;27.72301400799585;2600;138.98129215369121;2600;0.63198429961407954;2600;2.2229682302316354;2600;2.250129703665273
2610;176.250495925779;2610;27.613147373882256;2610;138.95687734611042;2610;0.63162848153768891;2610;2.2208319345683156;2610;2.250129703665273
2620;176.3359477523118;2620;27.637562181463061;2620;138.95687734611042;2620;0.63135173414494072;2620;2.2232734153263953;2620;2.250129703665273
2630;176.3237403485214;2630;27.710806604205452;2630;138.99349955748161;2630;0.63103545141037132;2630;2.2211371196630756;2630;2.250129703665273
2640;176.34815515610219;2640;27.625354777672655;2640;139.05453657643361;2640;0.63075870401762313;2640;2.2269356364635149;2640;2.250129703665273
2650;176.2749107333598;2650;27.515488143559068;2650;138.99349955748161;2650;0.63036335059941129;2650;2.2193060090945158;2650;2.250129703665273
2660;176.40919217505419;2660;27.588732566301459;2660;139.005706961272;2660;0.63004706786484188;2660;2.2235786004211553;2660;2.250129703665273
2670;176.2993255409406;2670;27.72301400799585;2670;139.0789513840144;2670;0.62977032047209369;2670;2.2186956389049959;2670;2.250129703665273
2680;176.2749107333598;2680;27.661976989043858;2680;139.03012176885281;2680;0.62949357307934539;2680;2.2226630451368754;2680;2.250129703665273
2690;176.2749107333598;2690;27.576525162511061;2690;138.92025513473922;2690;0.62909821966113366;2690;2.2214423047578356;2690;2.250129703665273
2700;176.2871181371502;2700;27.576525162511061;2700;138.89584032715842;2700;0.628742401584743;2700;2.2229682302316354;2700;2.250129703665273
2710;176.43360698263498;2710;27.576525162511061;2710;139.01791436506241;2710;0.62842611885017363;2710;2.225714896084475;2710;2.250129703665273
2720;176.3359477523118;2720;27.710806604205452;2720;138.98129215369121;2720;0.62810983611560423;2720;2.2196111941892758;2720;2.250129703665273
2730;176.34815515610219;2730;27.710806604205452;2730;138.93246253852962;2730;0.6277540180392136;2730;2.2235786004211553;2730;2.250129703665273
2740;176.2749107333598;2740;27.637562181463061;2740;138.99349955748161;2740;0.6274377353046442;2740;2.2186956389049959;2740;2.250129703665273
2750;176.3237403485214;2750;27.72301400799585;2750;139.03012176885281;2750;0.62712145257007479;2750;2.226020081179235;2750;2.250129703665273
2760;176.06738486892303;2760;27.674184392834256;2760;138.92025513473922;2760;0.62680516983550516;2760;2.2205267494735557;2760;2.250129703665273
2770;176.2871181371502;2770;27.674184392834256;2770;138.83480330820643;2770;0.62640981641729343;2770;2.2247993408001951;2770;2.250129703665273
2780;176.47022919400618;2780;27.771843623157444;2780;138.89584032715842;2780;0.62605399834090281;2780;2.2223578600421154;2780;2.250129703665273
2790;176.45802179021578;2790;27.686391796624655;2790;138.83480330820643;2790;0.6257377156063334;2790;2.2211371196630756;2790;2.250129703665273
2800;176.23828852198861;2800;27.747428815576647;2800;138.99349955748161;2800;0.62550050355540632;2800;2.2229682302316354;2800;2.250129703665273
2810;176.12842188787502;2810;27.80846583452864;2810;138.90804773094882;2810;0.62510515013719459;2810;2.2226630451368754;2810;2.250129703665273
2820;176.34815515610219;2820;27.600939970091858;2820;138.82259590441603;2820;0.6248679380862675;2820;2.226020081179235;2820;2.250129703665273
2830;176.311532944731;2830;27.454451124607075;2830;138.81038850062563;2830;0.6245516553516981;2830;2.2196111941892758;2830;2.250129703665273
2840;176.40919217505419;2840;27.552110354930264;2840;138.77376628925444;2840;0.62419583727530747;2840;2.2251045258949551;2840;2.250129703665273
2850;176.2871181371502;2850;27.686391796624655;2850;138.76155888546404;2850;0.62384001919891685;2850;2.2190008239997558;2850;2.250129703665273
2860;176.3359477523118;2860;27.72301400799585;2860;138.79818109683524;2860;0.62356327180616866;2860;2.2254097109897151;2860;2.250129703665273
2870;176.250495925779;2870;27.796258430738241;2870;138.89584032715842;2870;0.62324698907159926;2870;2.2202215643787957;2870;2.250129703665273
2880;176.2749107333598;2880;27.784051026947843;2880;138.83480330820643;2880;0.62277256496974509;2880;2.2202215643787957;2880;2.250129703665273
2890;176.2749107333598;2890;27.759636219367046;2890;138.82259590441603;2890;0.62245628223517568;2890;2.2214423047578356;2890;2.250129703665273
2900;176.20166631061741;2900;27.771843623157444;2900;138.88363292336803;2900;0.62213999950060628;2900;2.2217474898525955;2900;2.250129703665273
2910;176.21387371440781;2910;27.771843623157444;2910;139.005706961272;2910;0.62178418142421554;2910;2.225714896084475;2910;2.250129703665273
2920;176.11621448408462;2920;27.674184392834256;2920;138.83480330820643;2920;0.62142836334782492;2920;2.2223578600421154;2920;2.250129703665273
2930;176.20166631061741;2930;27.600939970091858;2930;138.90804773094882;2930;0.62115161595507673;2930;2.2254097109897151;2930;2.250129703665273
2940;176.21387371440781;2940;27.80846583452864;2940;139.03012176885281;2940;0.62083533322050732;2940;2.2190008239997558;2940;2.250129703665273
2950;176.47022919400618;2950;27.930539872432629;2950;138.98129215369121;2950;0.6204795151441167;2950;2.2241889706106752;2950;2.250129703665273
2960;176.2871181371502;2960;27.845088045899839;2960;139.005706961272;2960;0.62012369706772608;2960;2.218085268715476;2960;2.250129703665273
2970;176.17725150303662;2970;27.832880642109441;2970;138.95687734611042;2970;0.61968880830769313;2970;2.2247993408001951;2970;2.250129703665273
2980;176.38477736747339;2980;27.832880642109441;2980;138.82259590441603;2980;0.61937252557312372;2980;2.2235786004211553;2980;2.250129703665273
2990;176.42139957884459;2990;27.72301400799585;2990;138.72493667409285;2990;0.61905624283855432;2990;2.2205267494735557;2990;2.250129703665273
3000;176.3237403485214;3000;27.625354777672655;3000;138.87142551957763;3000;0.61885856612944845;3000;2.2229682302316354;3000;2.250129703665273
3010;176.22608111819821;3010;27.698599200415053;3010;138.95687734611042;3010;0.61858181873670026;3010;2.2205267494735557;3010;2.250129703665273
3020;176.2993255409406;3020;27.796258430738241;3020;138.99349955748161;3020;0.61818646531848842;3020;2.2238837855159153;3020;2.250129703665273
3030;176.34815515610219;3030;27.857295449690238;3030;138.92025513473922;3030;0.617870182583919;3030;2.2202215643787957;3030;2.250129703665273
3040;176.39698477126379;3040;27.91833246864223;3040;138.87142551957763;3040;0.61755389984934961;3040;2.2272408215582749;3040;2.250129703665273
3050;176.250495925779;3050;27.759636219367046;3050;138.92025513473922;3050;0.61715854643113788;3050;2.2190008239997558;3050;2.250129703665273
3060;176.38477736747339;3060;27.72301400799585;3060;139.005706961272;3060;0.61684226369656836;3060;2.2232734153263953;3060;2.250129703665273
3070;176.2993255409406;3070;27.72301400799585;3070;139.005706961272;3070;0.61656551630382006;3070;2.2217474898525955;3070;2.250129703665273
3080;176.23828852198861;3080;27.674184392834256;3080;138.87142551957763;3080;0.61624923356925065;3080;2.2211371196630756;3080;2.250129703665273
3090;176.22608111819821;3090;27.784051026947843;3090;138.82259590441603;3090;0.61593295083468125;3090;2.2223578600421154;3090;2.250129703665273
3100;176.2993255409406;3100;27.857295449690238;3100;138.89584032715842;3100;0.6154980620746483;3100;2.2235786004211553;3100;2.250129703665273
3110;176.56788842432937;3110;27.857295449690238;3110;138.96908474990082;3110;0.61518177934007889;3110;2.226325266273995;3110;2.250129703665273
3120;176.45802179021578;3120;27.832880642109441;3120;138.85921811578723;3120;0.6149050319473307;3120;2.2196111941892758;3120;2.250129703665273
3130;176.40919217505419;3130;27.80846583452864;3130;138.89584032715842;3130;0.61450967852911886;3130;2.2254097109897151;3130;2.250129703665273
3140;176.2871181371502;3140;27.80846583452864;3140;138.87142551957763;3140;0.61415386045272824;3140;2.2193060090945158;3140;2.250129703665273
3150;176.2993255409406;3150;27.80846583452864;3150;138.92025513473922;3150;0.61391664840180127;3150;2.2247993408001951;3150;2.250129703665273
3160;176.20166631061741;3160;27.796258430738241;3160;138.93246253852962;3160;0.61352129498358943;3160;2.2196111941892758;3160;2.250129703665273
3170;176.250495925779;3170;27.881710257271035;3170;138.82259590441603;3170;0.61320501224902;3170;2.2238837855159153;3170;2.250129703665273
3180;176.2871181371502;3180;27.869502853480636;3180;138.85921811578723;3180;0.61296780019809294;3180;2.2235786004211553;3180;2.250129703665273
3190;176.3359477523118;3190;27.832880642109441;3190;138.77376628925444;3190;0.61265151746352353;3190;2.2196111941892758;3190;2.250129703665273
3200;176.372569963683;3200;27.832880642109441;3200;138.79818109683524;3200;0.61233523472895413;3200;2.2235786004211553;3200;2.250129703665273
3210;176.2993255409406;3210;27.80846583452864;3210;138.85921811578723;3210;0.6119398813107424;3210;2.2214423047578356;3210;2.250129703665273
3220;176.34815515610219;3220;27.784051026947843;3220;138.83480330820643;3220;0.61162359857617266;3220;2.2251045258949551;3220;2.250129703665273
3230;176.3237403485214;3230;27.832880642109441;3230;138.70052186651205;3230;0.611267780499782;3230;2.2202215643787957;3230;2.250129703665273
3240;176.40919217505419;3240;27.954954680013426;3240;138.77376628925444;3240;0.61095149776521263;3240;2.2269356364635149;3240;2.250129703665273
3250;176.20166631061741;3250;27.881710257271035;3250;138.88363292336803;3250;0.61059567968882211;3250;2.2208319345683156;3250;2.250129703665273
3260;176.38477736747339;3260;27.759636219367046;3260;138.89584032715842;3260;0.6102793969542526;3260;2.2235786004211553;3260;2.250129703665273
3270;176.47022919400618;3270;27.661976989043858;3270;138.85921811578723;3270;0.61000264956150441;3270;2.2223578600421154;3270;2.250129703665273
3280;176.372569963683;3280;27.674184392834256;3280;138.77376628925444;3280;0.60960729614329268;3280;2.2229682302316354;3280;2.250129703665273
3290;176.39698477126379;3290;27.72301400799585;3290;138.76155888546404;3290;0.60925147806690216;3290;2.2241889706106752;3290;2.250129703665273
3300;176.372569963683;3300;27.796258430738241;3300;138.82259590441603;3300;0.60885612464869032;3300;2.2241889706106752;3300;2.250129703665273
3310;176.3359477523118;3310;27.857295449690238;3310;138.99349955748161;3310;0.60857937725594213;3310;2.2275460066530348;3310;2.250129703665273
3320;176.23828852198861;3320;27.771843623157444;3320;138.85921811578723;3320;0.60822355917955151;3320;2.2196111941892758;3320;2.250129703665273
3330;176.2993255409406;3330;27.710806604205452;3330;138.77376628925444;3330;0.6079072764449821;3330;2.2254097109897151;3330;2.250129703665273
3340;176.20166631061741;3340;27.784051026947843;3340;138.82259590441603;3340;0.6075909937104127;3340;2.2196111941892758;3340;2.250129703665273
3350;176.372569963683;3350;27.893917661061433;3350;138.77376628925444;3350;0.60723517563402207;3350;2.2229682302316354;3350;2.250129703665273
3360;176.3237403485214;3360;27.796258430738241;3360;138.77376628925444;3360;0.60687935755763145;3360;2.2186956389049959;3360;2.250129703665273
3370;176.42139957884459;3370;27.698599200415053;3370;138.81038850062563;3370;0.60656307482306193;3370;2.2229682302316354;3370;2.250129703665273
3380;176.42139957884459;3380;27.857295449690238;3380;138.83480330820643;3380;0.60628632743031374;3380;2.2232734153263953;3380;2.250129703665273
3390;176.3237403485214;3390;27.930539872432629;3390;138.79818109683524;3390;0.60600958003756544;3390;2.2208319345683156;3390;2.250129703665273
3400;176.43360698263498;3400;27.91833246864223;3400;138.81038850062563;3400;0.60573283264481714;3400;2.2251045258949551;3400;2.250129703665273
3410;176.311532944731;3410;27.832880642109441;3410;138.87142551957763;3410;0.60529794388478431;3410;2.2202215643787957;3410;2.250129703665273
3420;176.34815515610219;3420;27.80846583452864;3420;138.82259590441603;3420;0.6049816611502149;3420;2.2238837855159153;3420;2.250129703665273
3430;176.2749107333598;3430;27.832880642109441;3430;138.82259590441603;3430;0.6047049137574666;3430;2.2205267494735557;3430;2.250129703665273
3440;176.38477736747339;3440;27.771843623157444;3440;138.90804773094882;3440;0.604349095681076;3440;2.2278511917477948;3440;2.250129703665273
3450;176.3359477523118;3450;27.771843623157444;3450;138.81038850062563;3450;0.60399327760468546;3450;2.2205267494735557;3450;2.250129703665273
3460;176.23828852198861;3460;27.784051026947843;3460;138.71272927030245;3460;0.60363745952829484;3460;2.2211371196630756;3460;2.250129703665273
3470;176.189458906827;3470;27.784051026947843;3470;138.70052186651205;3470;0.60332117679372543;3470;2.2214423047578356;3470;2.250129703665273
3480;176.23828852198861;3480;27.771843623157444;3480;138.79818109683524;3480;0.603004894059156;3480;2.2226630451368754;3480;2.250129703665273
3490;176.38477736747339;3490;27.832880642109441;3490;138.99349955748161;3490;0.60276768200822894;3490;2.2247993408001951;3490;2.250129703665273
3500;176.3237403485214;3500;27.832880642109441;3500;138.77376628925444;3500;0.60229325790637478;3500;2.2217474898525955;3500;2.250129703665273
3510;176.372569963683;3510;27.80846583452864;3510;138.68831446272165;3510;0.60197697517180537;3510;2.226020081179235;3510;2.250129703665273
3520;176.2749107333598;3520;27.869502853480636;3520;138.81038850062563;3520;0.60166069243723586;3520;2.2193060090945158;3520;2.250129703665273
3530;176.3359477523118;3530;27.845088045899839;3530;138.89584032715842;3530;0.60130487436084534;3530;2.2235786004211553;3530;2.250129703665273
3540;176.311532944731;3540;27.796258430738241;3540;138.89584032715842;3540;0.60098859162627594;3540;2.217780083620716;3540;2.250129703665273
3550;176.43360698263498;3550;27.881710257271035;3550;138.78597369304484;3550;0.60071184423352753;3550;2.2251045258949551;3550;2.250129703665273
3560;176.2871181371502;3560;27.930539872432629;3560;138.76155888546404;3560;0.60039556149895812;3560;2.2223578600421154;3560;2.250129703665273
3570;176.250495925779;3570;27.832880642109441;3570;138.88363292336803;3570;0.60003974342256761;3570;2.2205267494735557;3570;2.250129703665273
3580;176.38477736747339;3580;27.832880642109441;3580;138.92025513473922;3580;0.59972346068799809;3580;2.2238837855159153;3580;2.250129703665273
3590;176.3359477523118;3590;27.845088045899839;3590;138.82259590441603;3590;0.59932810726978647;3590;2.2214423047578356;3590;2.250129703665273
3600;176.3237403485214;3600;27.784051026947843;3600;138.85921811578723;3600;0.59905135987703817;3600;2.2235786004211553;3600;2.250129703665273
3610;176.250495925779;3610;27.771843623157444;3610;138.85921811578723;3610;0.59865600645882644;3610;2.2208319345683156;3610;2.250129703665273
3620;176.3237403485214;3620;27.784051026947843;3620;138.92025513473922;3620;0.59830018838243582;3620;2.226325266273995;3620;2.250129703665273
3630;176.21387371440781;3630;27.784051026947843;3630;138.82259590441603;3630;0.59802344098968763;3630;2.2193060090945158;3630;2.250129703665273
3640;176.47022919400618;3640;27.771843623157444;3640;138.73714407788324;3640;0.59770715825511822;3640;2.2235786004211553;3640;2.250129703665273
3650;176.48243659779658;3650;27.784051026947843;3650;138.72493667409285;3650;0.5973513401787276;3650;2.2196111941892758;3650;2.250129703665273
3660;176.49464400158698;3660;27.930539872432629;3660;138.76155888546404;3660;0.59695598676051576;3660;2.2238837855159153;3660;2.250129703665273
3670;176.47022919400618;3670;27.967162083803824;3670;138.96908474990082;3670;0.59667923936776757;3670;2.2235786004211553;3670;2.250129703665273
3680;176.372569963683;3680;27.869502853480636;3680;138.90804773094882;3680;0.59628388594955573;3680;2.2208319345683156;3680;2.250129703665273
3690;176.42139957884459;3690;27.832880642109441;3690;138.95687734611042;3690;0.59596760321498632;3690;2.2251045258949551;3690;2.250129703665273
3700;176.34815515610219;3700;27.857295449690238;3700;139.03012176885281;3700;0.59565132048041691;3700;2.2211371196630756;3700;2.250129703665273
3710;176.372569963683;3710;27.784051026947843;3710;138.92025513473922;3710;0.5953350377458474;3710;2.2254097109897151;3710;2.250129703665273
3720;176.3237403485214;3720;27.771843623157444;3720;138.83480330820643;3720;0.59497921966945688;3720;2.2208319345683156;3720;2.250129703665273
3730;176.47022919400618;3730;27.857295449690238;3730;138.85921811578723;3730;0.59474200761852969;3730;2.2269356364635149;3730;2.250129703665273
3740;176.2749107333598;3740;27.857295449690238;3740;138.73714407788324;3740;0.5944652602257815;3740;2.2193060090945158;3740;2.250129703665273
3750;176.372569963683;3750;27.857295449690238;3750;138.70052186651205;3750;0.59414897749121209;3750;2.2214423047578356;3750;2.250129703665273
3760;176.43360698263498;3760;27.893917661061433;3760;138.68831446272165;3760;0.59383269475664269;3760;2.2223578600421154;3760;2.250129703665273
3770;176.34815515610219;3770;27.881710257271035;3770;138.77376628925444;3770;0.59335827065478863;3770;2.2232734153263953;3770;2.250129703665273
3780;176.43360698263498;3780;27.869502853480636;3780;138.79818109683524;3780;0.59312105860386144;3780;2.2251045258949551;3780;2.250129703665273
3790;176.43360698263498;3790;27.869502853480636;3790;138.67610705893125;3790;0.592804775869292;3790;2.2211371196630756;3790;2.250129703665273
3800;176.47022919400618;3800;27.710806604205452;3800;138.88363292336803;3800;0.59244895779290152;3800;2.2251045258949551;3800;2.250129703665273
3810;176.34815515610219;3810;27.759636219367046;3810;138.88363292336803;3810;0.59205360437468979;3810;2.2190008239997558;3810;2.250129703665273
3820;176.45802179021578;3820;27.893917661061433;3820;138.77376628925444;3820;0.59177685698194149;3820;2.2241889706106752;3820;2.250129703665273
3830;176.34815515610219;3830;27.796258430738241;3830;138.87142551957763;3830;0.59146057424737186;3830;2.2190008239997558;3830;2.250129703665273
3840;176.40919217505419;3840;27.80846583452864;3840;138.88363292336803;3840;0.59110475617098135;3840;2.226020081179235;3840;2.250129703665273
3850;176.40919217505419;3850;27.869502853480636;3850;138.59065523239843;3850;0.5906698674109484;3850;2.2226630451368754;3850;2.250129703665273
3860;176.40919217505419;3860;27.771843623157444;3860;138.60286263618883;3860;0.59027451399273667;3860;2.2208319345683156;3860;2.250129703665273
3870;176.40919217505419;3870;27.832880642109441;3870;138.82259590441603;3870;0.58995823125816726;3870;2.2226630451368754;3870;2.250129703665273
3880;176.311532944731;3880;27.930539872432629;3880;138.82259590441603;3880;0.58964194852359786;3880;2.2226630451368754;3880;2.250129703665273
3890;176.39698477126379;3890;27.930539872432629;3890;138.89584032715842;3890;0.58940473647267078;3890;2.2254097109897151;3890;2.250129703665273
3900;176.34815515610219;3900;27.979369487594223;3900;138.95687734611042;3900;0.58896984771263783;3900;2.2193060090945158;3900;2.250129703665273
3910;176.372569963683;3910;27.845088045899839;3910;138.96908474990082;3910;0.58865356497806842;3910;2.2241889706106752;3910;2.250129703665273
3920;176.2993255409406;3920;27.710806604205452;3920;138.92025513473922;3920;0.58837681758532012;3920;2.2190008239997558;3920;2.250129703665273
3930;176.45802179021578;3930;27.857295449690238;3930;138.98129215369121;3930;0.58806053485075072;3930;2.226020081179235;3930;2.250129703665273
3940;176.3359477523118;3940;27.869502853480636;3940;138.88363292336803;3940;0.587665181432539;3940;2.2208319345683156;3940;2.250129703665273
3950;176.47022919400618;3950;27.869502853480636;3950;138.87142551957763;3950;0.58730936335614836;3950;2.2211371196630756;3950;2.250129703665273
3960;176.51905880916777;3960;27.845088045899839;3960;138.88363292336803;3960;0.58707215130522128;3960;2.2214423047578356;3960;2.250129703665273
3970;176.40919217505419;3970;27.91833246864223;3970;138.77376628925444;3970;0.58671633322883077;3970;2.2235786004211553;3970;2.250129703665273
3980;176.372569963683;3980;27.881710257271035;3980;138.77376628925444;3980;0.586400050494261;3980;2.226020081179235;3980;2.250129703665273
3990;176.372569963683;3990;27.759636219367046;3990;138.67610705893125;3990;0.58608376775969162;3990;2.2208319345683156;3990;2.250129703665273
4000;176.372569963683;4000;27.857295449690238;4000;138.71272927030245;4000;0.58568841434147989;4000;2.2251045258949551;4000;2.250129703665273
4010;176.21387371440781;4010;27.91833246864223;4010;138.81038850062563;4010;0.58525352558144694;4010;2.2208319345683156;4010;2.250129703665273
4020;176.34815515610219;4020;27.954954680013426;4020;138.81038850062563;4020;0.58493724284687754;4020;2.226325266273995;4020;2.250129703665273
4030;176.2871181371502;4030;27.869502853480636;4030;138.73714407788324;4030;0.58462096011230813;4030;2.2186956389049959;4030;2.250129703665273
4040;176.34815515610219;4040;27.91833246864223;4040;138.81038850062563;4040;0.58426514203591751;4040;2.2229682302316354;4040;2.250129703665273
4050;176.34815515610219;4050;27.954954680013426;4050;138.77376628925444;4050;0.58390932395952688;4050;2.2226630451368754;4050;2.250129703665273
4060;176.34815515610219;4060;27.930539872432629;4060;138.71272927030245;4060;0.58351397054131515;4060;2.2208319345683156;4060;2.250129703665273
4070;176.2871181371502;4070;27.91833246864223;4070;138.87142551957763;4070;0.58327675849038807;4070;2.2217474898525955;4070;2.250129703665273
4080;176.22608111819821;4080;27.91833246864223;4080;138.90804773094882;4080;0.5830790817812822;4080;2.2229682302316354;4080;2.250129703665273
4090;176.3359477523118;4090;28.015991698965419;4090;138.82259590441603;4090;0.5828023343885339;4090;2.226325266273995;4090;2.250129703665273
4100;176.372569963683;4100;27.930539872432629;4100;138.66389965514082;4100;0.58252558699578572;4100;2.2196111941892758;4100;2.250129703665273
4110;176.43360698263498;4110;27.881710257271035;4110;138.77376628925444;4110;0.58224883960303742;4110;2.2241889706106752;4110;2.250129703665273
4120;176.2993255409406;4120;27.942747276223027;4120;138.87142551957763;4120;0.58181395084300447;4120;2.2193060090945158;4120;2.250129703665273
4130;176.42139957884459;4130;27.967162083803824;4130;138.83480330820643;4130;0.58149766810843506;4130;2.2254097109897151;4130;2.250129703665273
4140;176.311532944731;4140;27.91833246864223;4140;138.83480330820643;4140;0.58114185003204433;4140;2.2190008239997558;4140;2.250129703665273
4150;176.23828852198861;4150;27.893917661061433;4150;138.76155888546404;4150;0.58082556729747492;4150;2.2235786004211553;4150;2.250129703665273
4160;176.2993255409406;4160;27.881710257271035;4160;138.92025513473922;4160;0.58050928456290551;4160;2.2226630451368754;4160;2.250129703665273
4170;176.23828852198861;4170;27.893917661061433;4170;138.88363292336803;4170;0.58011393114469378;4170;2.2223578600421154;4170;2.250129703665273
4180;176.2993255409406;4180;28.00378429517502;4180;138.68831446272165;4180;0.57979764841012438;4180;2.2229682302316354;4180;2.250129703665273
4190;176.372569963683;4190;27.954954680013426;4190;138.71272927030245;4190;0.57932322430827021;4190;2.2229682302316354;4190;2.250129703665273
4200;176.40919217505419;4200;27.954954680013426;4200;138.85921811578723;4200;0.57900694157370081;4200;2.226325266273995;4200;2.250129703665273
4210;176.17725150303662;4210;27.930539872432629;4210;138.77376628925444;4210;0.57873019418095262;4210;2.2186956389049959;4210;2.250129703665273
4220;176.3359477523118;4220;27.967162083803824;4220;138.77376628925444;4220;0.57845344678820443;4220;2.2247993408001951;4220;2.250129703665273
4230;176.372569963683;4230;27.979369487594223;4230;138.87142551957763;4230;0.578137164053635;4230;2.2190008239997558;4230;2.250129703665273
4240;176.39698477126379;4240;28.00378429517502;4240;138.72493667409285;4240;0.5777813459772444;4240;2.2241889706106752;4240;2.250129703665273
4250;176.45802179021578;4250;28.089236121707817;4250;138.68831446272165;4250;0.5775045985844961;4250;2.2196111941892758;4250;2.250129703665273
4260;176.3237403485214;4260;27.979369487594223;4260;138.68831446272165;4260;0.57714878050810559;4260;2.2232734153263953;4260;2.250129703665273
4270;176.3359477523118;4270;27.845088045899839;4270;138.79818109683524;4270;0.57687203311535717;4270;2.2247993408001951;4270;2.250129703665273
4280;176.38477736747339;4280;27.869502853480636;4280;138.85921811578723;4280;0.57643714435532434;4280;2.2214423047578356;4280;2.250129703665273
4290;176.45802179021578;4290;27.893917661061433;4290;138.79818109683524;4290;0.57612086162075482;4290;2.2247993408001951;4290;2.250129703665273
4300;176.45802179021578;4300;27.759636219367046;4300;138.71272927030245;4300;0.57584411422800652;4300;2.2214423047578356;4300;2.250129703665273
4310;176.47022919400618;4310;27.759636219367046;4310;138.68831446272165;4310;0.57552783149343711;4310;2.226325266273995;4310;2.250129703665273
4320;176.250495925779;4320;27.857295449690238;4320;138.71272927030245;4320;0.57513247807522538;4320;2.2193060090945158;4320;2.250129703665273
4330;176.43360698263498;4330;27.869502853480636;4330;138.71272927030245;4330;0.574816195340656;4330;2.2238837855159153;4330;2.250129703665273
4340;176.42139957884459;4340;27.881710257271035;4340;138.70052186651205;4340;0.57453944794790768;4340;2.2193060090945158;4340;2.250129703665273
4350;176.43360698263498;4350;27.942747276223027;4350;138.77376628925444;4350;0.57406502384605362;4350;2.2235786004211553;4350;2.250129703665273
4360;176.48243659779658;4360;27.869502853480636;4360;138.81038850062563;4360;0.57374874111148422;4360;2.2208319345683156;4360;2.250129703665273
4370;176.372569963683;4370;27.91833246864223;4370;138.71272927030245;4370;0.57343245837691481;4370;2.2217474898525955;4370;2.250129703665273
4380;176.34815515610219;4380;28.028199102755824;4380;138.78597369304484;4380;0.5731161756423454;4380;2.2247993408001951;4380;2.250129703665273
4390;176.2993255409406;4390;28.06482131412702;4390;138.71272927030245;4390;0.57276035756595478;4390;2.2196111941892758;4390;2.250129703665273
4400;176.3237403485214;4400;27.942747276223027;4400;138.73714407788324;4400;0.57248361017320648;4400;2.2241889706106752;4400;2.250129703665273
4410;176.22608111819821;4410;27.869502853480636;4410;138.82259590441603;4410;0.572127792096816;4410;2.2202215643787957;4410;2.250129703665273
4420;176.48243659779658;4420;27.954954680013426;4420;138.79818109683524;4420;0.57181150936224656;4420;2.226325266273995;4420;2.250129703665273
4430;176.49464400158698;4430;27.954954680013426;4430;138.73714407788324;4430;0.57149522662767716;4430;2.2202215643787957;4430;2.250129703665273
4440;176.47022919400618;4440;27.893917661061433;4440;138.70052186651205;4440;0.57121847923492863;4440;2.2223578600421154;4440;2.250129703665273
4450;176.45802179021578;4450;27.857295449690238;4450;138.73714407788324;4450;0.57102080252582277;4450;2.2190008239997558;4450;2.250129703665273
4460;176.43360698263498;4460;27.881710257271035;4460;138.78597369304484;4460;0.57062544910761093;4460;2.2247993408001951;4460;2.250129703665273
4470;176.40919217505419;4470;27.869502853480636;4470;138.85921811578723;4470;0.57030916637304152;4470;2.226020081179235;4470;2.250129703665273
4480;176.3359477523118;4480;27.857295449690238;4480;138.71272927030245;4480;0.56991381295482979;4480;2.2205267494735557;4480;2.250129703665273
4490;176.47022919400618;4490;27.930539872432629;4490;138.54182561723684;4490;0.569518459536618;4490;2.2241889706106752;4490;2.250129703665273
4500;176.42139957884459;4500;27.869502853480636;4500;138.68831446272165;4500;0.56924171214386976;4500;2.2214423047578356;4500;2.250129703665273
4510;176.51905880916777;4510;27.845088045899839;4510;138.92025513473922;4510;0.56896496475112146;4510;2.226020081179235;4510;2.250129703665273
4520;176.372569963683;4520;27.857295449690238;4520;138.83480330820643;4520;0.568609146674731;4520;2.2183904538102359;4520;2.250129703665273
4530;176.40919217505419;4530;27.881710257271035;4530;138.81038850062563;4530;0.56829286394016154;4530;2.2241889706106752;4530;2.250129703665273
4540;176.39698477126379;4540;27.857295449690238;4540;138.83480330820643;4540;0.56793704586377092;4540;2.2193060090945158;4540;2.250129703665273
4550;176.2749107333598;4550;27.784051026947843;4550;138.83480330820643;4550;0.56754169244555908;4550;2.2235786004211553;4550;2.250129703665273
4560;176.2749107333598;4560;27.893917661061433;4560;138.85921811578723;4560;0.56722540971098967;4560;2.2232734153263953;4560;2.250129703665273
4570;176.372569963683;4570;27.954954680013426;4570;138.76155888546404;4570;0.56683005629277794;4570;2.2202215643787957;4570;2.250129703665273
4580;176.58009582811977;4580;27.967162083803824;4580;138.76155888546404;4580;0.56643470287456621;4580;2.2241889706106752;4580;2.250129703665273
4590;176.50685140537738;4590;27.967162083803824;4590;138.76155888546404;4590;0.56607888479817547;4590;2.2229682302316354;4590;2.250129703665273
4600;176.60451063570056;4600;27.91833246864223;4600;138.76155888546404;4600;0.56588120808906961;4600;2.226325266273995;4600;2.250129703665273
4610;176.38477736747339;4610;28.040406506546223;4610;138.72493667409285;4610;0.56560446069632131;4610;2.2183904538102359;4610;2.250129703665273
4620;176.3359477523118;4620;28.125858333079012;4620;138.76155888546404;4620;0.56524864261993069;4620;2.2235786004211553;4620;2.250129703665273
4630;176.43360698263498;4630;28.040406506546223;4630;138.77376628925444;4630;0.564853289201719;4630;2.218085268715476;4630;2.250129703665273
4640;176.59230323191017;4640;28.015991698965419;4640;138.77376628925444;4640;0.56449747112532844;4640;2.2241889706106752;4640;2.250129703665273
4650;176.65334025086216;4650;28.00378429517502;4650;138.77376628925444;4650;0.56422072373258014;4650;2.2229682302316354;4650;2.250129703665273
4660;176.47022919400618;4660;27.942747276223027;4660;138.82259590441603;4660;0.56390444099801074;4660;2.2205267494735557;4660;2.250129703665273
4670;176.48243659779658;4670;27.954954680013426;4670;138.83480330820643;4670;0.56358815826344133;4670;2.2229682302316354;4670;2.250129703665273
4680;176.43360698263498;4680;27.91833246864223;4680;138.62727744376963;4680;0.5631928048452296;4680;2.2232734153263953;4680;2.250129703665273
4690;176.3237403485214;4690;27.91833246864223;4690;138.68831446272165;4690;0.56287652211066008;4690;2.225714896084475;4690;2.250129703665273
4700;176.38477736747339;4700;28.00378429517502;4700;138.70052186651205;4700;0.56248116869244835;4700;2.218085268715476;4700;2.250129703665273
4710;176.62892544328136;4710;28.028199102755824;4710;138.81038850062563;4710;0.56220442129970016;4710;2.2235786004211553;4710;2.250129703665273
4720;176.3359477523118;4720;27.893917661061433;4720;138.81038850062563;4720;0.56188813856513076;4720;2.2183904538102359;4720;2.250129703665273
4730;176.39698477126379;4730;27.869502853480636;4730;138.78597369304484;4730;0.56149278514691892;4730;2.226020081179235;4730;2.250129703665273
4740;176.50685140537738;4740;28.06482131412702;4740;138.83480330820643;4740;0.5611765024123494;4740;2.2214423047578356;4740;2.250129703665273
4750;176.47022919400618;4750;28.028199102755824;4750;138.76155888546404;4750;0.56082068433595889;4750;2.2214423047578356;4750;2.250129703665273
4760;176.48243659779658;4760;28.00378429517502;4760;138.79818109683524;4760;0.56054393694321047;4760;2.2241889706106752;4760;2.250129703665273
4770;176.47022919400618;4770;27.979369487594223;4770;138.78597369304484;4770;0.56018811886682;4770;2.2226630451368754;4770;2.250129703665273
4780;176.42139957884459;4780;27.91833246864223;4780;138.87142551957763;4780;0.55983230079042945;4780;2.2254097109897151;4780;2.250129703665273
4790;176.311532944731;4790;28.015991698965419;4790;138.72493667409285;4790;0.55963462408132347;4790;2.2223578600421154;4790;2.250129703665273
4800;176.49464400158698;4800;27.967162083803824;4800;138.62727744376963;4800;0.55939741203039639;4800;2.2275460066530348;4800;2.250129703665273
4810;176.42139957884459;4810;27.942747276223027;4810;138.72493667409285;4810;0.55900205861218466;4810;2.2205267494735557;4810;2.250129703665273
4820;176.39698477126379;4820;28.015991698965419;4820;138.78597369304484;4820;0.558646240535794;4820;2.2247993408001951;4820;2.250129703665273
4830;176.3359477523118;4830;27.979369487594223;4830;138.79818109683524;4830;0.55832995780122463;4830;2.2196111941892758;4830;2.250129703665273
4840;176.42139957884459;4840;28.052613910336621;4840;138.73714407788324;4840;0.55801367506665522;4840;2.2238837855159153;4840;2.250129703665273
4850;176.49464400158698;4850;27.967162083803824;4850;138.68831446272165;4850;0.55769739233208582;4850;2.2223578600421154;4850;2.250129703665273
4860;176.40919217505419;4860;27.91833246864223;4860;138.66389965514082;4860;0.557302038913874;4860;2.2217474898525955;4860;2.250129703665273
4870;176.38477736747339;4870;28.00378429517502;4870;138.78597369304484;4870;0.55702529152112579;4870;2.2254097109897151;4870;2.250129703665273
4880;176.3237403485214;4880;27.979369487594223;4880;138.81038850062563;4880;0.5567485441283776;4880;2.2214423047578356;4880;2.250129703665273
4890;176.45802179021578;4890;27.954954680013426;4890;138.79818109683524;4890;0.55635319071016576;4890;2.225714896084475;4890;2.250129703665273
4900;176.3237403485214;4900;27.967162083803824;4900;138.76155888546404;4900;0.55595783729195392;4900;2.2205267494735557;4900;2.250129703665273
4910;176.49464400158698;4910;28.06482131412702;4910;138.68831446272165;4910;0.55572062524102683;4910;2.2254097109897151;4910;2.250129703665273
4920;176.51905880916777;4920;27.954954680013426;4920;138.66389965514082;4920;0.55528573648099389;4920;2.2196111941892758;4920;2.250129703665273
4930;176.45802179021578;4930;27.91833246864223;4930;138.73714407788324;4930;0.55492991840460326;4930;2.2235786004211553;4930;2.250129703665273
4940;176.45802179021578;4940;27.881710257271035;4940;138.76155888546404;4940;0.55461363567003386;4940;2.2196111941892758;4940;2.250129703665273
4950;176.53126621295817;4950;27.930539872432629;4950;138.67610705893125;4950;0.55425781759364323;4950;2.2214423047578356;4950;2.250129703665273
4960;176.51905880916777;4960;28.089236121707817;4960;138.67610705893125;4960;0.553981070200895;4960;2.2241889706106752;4960;2.250129703665273
4970;176.311532944731;4970;28.028199102755824;4970;138.54182561723684;4970;0.55366478746632564;4970;2.2211371196630756;4970;2.250129703665273
4980;176.34815515610219;4980;27.869502853480636;4980;138.52961821344644;4980;0.55334850473175623;4980;2.2247993408001951;4980;2.250129703665273
4990;176.34815515610219;4990;27.80846583452864;4990;138.66389965514082;4990;0.55291361597172328;4990;2.2202215643787957;4990;2.250129703665273
5000;176.61671803949096;5000;27.979369487594223;5000;138.85921811578723;5000;0.552636868578975;5000;2.2247993408001951;5000;2.250129703665273
5010;176.51905880916777;5010;27.979369487594223;5010;138.83480330820643;5010;0.55232058584440558;5010;2.2183904538102359;5010;2.250129703665273
5020;176.42139957884459;5020;27.930539872432629;5020;138.67610705893125;5020;0.551964767768015;5020;2.226020081179235;5020;2.250129703665273
5030;176.48243659779658;5030;27.979369487594223;5030;138.70052186651205;5030;0.55168802037526676;5030;2.2211371196630756;5030;2.250129703665273
5040;176.42139957884459;5040;28.052613910336621;5040;138.66389965514082;5040;0.55133220229887614;5040;2.2205267494735557;5040;2.250129703665273
5050;176.372569963683;5050;27.979369487594223;5050;138.72493667409285;5050;0.55101591956430662;5050;2.2223578600421154;5050;2.250129703665273
5060;176.38477736747339;5060;27.967162083803824;5060;138.73714407788324;5060;0.55062056614609489;5060;2.2238837855159153;5060;2.250129703665273
5070;176.55568102053897;5070;28.028199102755824;5070;138.72493667409285;5070;0.55038335409516781;5070;2.226020081179235;5070;2.250129703665273
5080;176.48243659779658;5080;28.028199102755824;5080;138.79818109683524;5080;0.55002753601877719;5080;2.2196111941892758;5080;2.250129703665273
5090;176.40919217505419;5090;28.06482131412702;5090;138.76155888546404;5090;0.54971125328420778;5090;2.225714896084475;5090;2.250129703665273
5100;176.2871181371502;5100;28.040406506546223;5100;138.76155888546404;5100;0.549315899865996;5100;2.2202215643787957;5100;2.250129703665273
5110;176.45802179021578;5110;28.028199102755824;5110;138.82259590441603;5110;0.54892054644778432;5110;2.2235786004211553;5110;2.250129703665273
5120;176.43360698263498;5120;28.052613910336621;5120;138.81038850062563;5120;0.548643799055036;5120;2.218085268715476;5120;2.250129703665273
5130;176.372569963683;5130;28.015991698965419;5130;138.78597369304484;5130;0.54828798097864551;5130;2.226020081179235;5130;2.250129703665273
5140;176.3359477523118;5140;27.942747276223027;5140;138.67610705893125;5140;0.54805076892771831;5140;2.2251045258949551;5140;2.250129703665273
5150;176.38477736747339;5150;28.06482131412702;5150;138.61507003997923;5150;0.54773448619314891;5150;2.2217474898525955;5150;2.250129703665273
5160;176.47022919400618;5160;28.015991698965419;5160;138.68831446272165;5160;0.5474182034585795;5160;2.2232734153263953;5160;2.250129703665273
5170;176.34815515610219;5170;27.91833246864223;5170;138.70052186651205;5170;0.54698331469854666;5170;2.2202215643787957;5170;2.250129703665273
5180;176.47022919400618;5180;27.930539872432629;5180;138.72493667409285;5180;0.546627496622156;5180;2.2235786004211553;5180;2.250129703665273
5190;176.47022919400618;5190;28.00378429517502;5190;138.70052186651205;5190;0.54635074922940774;5190;2.2193060090945158;5190;2.250129703665273
5200;176.59230323191017;5200;28.028199102755824;5200;138.78597369304484;5200;0.54611353717848066;5200;2.2254097109897151;5200;2.250129703665273
5210;176.50685140537738;5210;27.942747276223027;5210;138.71272927030245;5210;0.54579725444391114;5210;2.2193060090945158;5210;2.250129703665273
5220;176.45802179021578;5220;27.930539872432629;5220;138.62727744376963;5220;0.54544143636752052;5220;2.2247993408001951;5220;2.250129703665273
5230;176.48243659779658;5230;27.893917661061433;5230;138.71272927030245;5230;0.54508561829112989;5230;2.2202215643787957;5230;2.250129703665273
5240;176.48243659779658;5240;27.967162083803824;5240;138.82259590441603;5240;0.54465072953109694;5240;2.2205267494735557;5240;2.250129703665273
5250;176.47022919400618;5250;28.015991698965419;5250;138.88363292336803;5250;0.54429491145470632;5250;2.2232734153263953;5250;2.250129703665273
5260;176.48243659779658;5260;27.942747276223027;5260;138.83480330820643;5260;0.5439390933783157;5260;2.2226630451368754;5260;2.250129703665273
5270;176.59230323191017;5270;28.052613910336621;5270;138.87142551957763;5270;0.54366234598556751;5270;2.2254097109897151;5270;2.250129703665273
5280;176.49464400158698;5280;28.052613910336621;5280;138.88363292336803;5280;0.54330652790917688;5280;2.2205267494735557;5280;2.250129703665273
5290;176.61671803949096;5290;27.930539872432629;5290;138.82259590441603;5290;0.54299024517460748;5290;2.2254097109897151;5290;2.250129703665273
5300;176.48243659779658;5300;28.015991698965419;5300;138.73714407788324;5300;0.54259489175639575;5300;2.2196111941892758;5300;2.250129703665273
5310;176.48243659779658;5310;28.040406506546223;5310;138.73714407788324;5310;0.54223907368000512;5310;2.2269356364635149;5310;2.250129703665273
5320;176.372569963683;5320;27.930539872432629;5320;138.72493667409285;5320;0.54188325560361461;5320;2.2214423047578356;5320;2.250129703665273
5330;176.38477736747339;5330;28.00378429517502;5330;138.71272927030245;5330;0.541527437527224;5330;2.2208319345683156;5330;2.250129703665273
5340;176.42139957884459;5340;28.052613910336621;5340;138.81038850062563;5340;0.54125069013447569;5340;2.2202215643787957;5340;2.250129703665273
5350;176.38477736747339;5350;28.00378429517502;5350;138.79818109683524;5350;0.5409739427417275;5350;2.2235786004211553;5350;2.250129703665273
5360;176.55568102053897;5360;28.040406506546223;5360;138.87142551957763;5360;0.54065766000715787;5360;2.226325266273995;5360;2.250129703665273
5370;176.34815515610219;5370;28.015991698965419;5370;138.88363292336803;5370;0.54026230658894625;5370;2.2205267494735557;5370;2.250129703665273
5380;176.43360698263498;5380;27.979369487594223;5380;138.79818109683524;5380;0.53990648851255563;5380;2.2247993408001951;5380;2.250129703665273
5390;176.45802179021578;5390;28.06482131412702;5390;138.72493667409285;5390;0.53966927646162843;5390;2.2193060090945158;5390;2.250129703665273
5400;176.58009582811977;5400;28.00378429517502;5400;138.72493667409285;5400;0.53931345838523792;5400;2.2269356364635149;5400;2.250129703665273
5410;176.53126621295817;5410;27.979369487594223;5410;138.77376628925444;5410;0.53895764030884741;5410;2.2211371196630756;5410;2.250129703665273
5420;176.40919217505419;5420;28.052613910336621;5420;138.78597369304484;5420;0.53856228689063557;5420;2.2226630451368754;5420;2.250129703665273
5430;176.39698477126379;5430;28.00378429517502;5430;138.79818109683524;5430;0.53824600415606616;5430;2.2196111941892758;5430;2.250129703665273
5440;176.49464400158698;5440;27.832880642109441;5440;138.82259590441603;5440;0.53781111539603321;5440;2.2241889706106752;5440;2.250129703665273
5450;176.60451063570056;5450;27.893917661061433;5450;138.78597369304484;5450;0.53749483266146381;5450;2.225714896084475;5450;2.250129703665273
5460;176.66554765465256;5460;27.954954680013426;5460;138.76155888546404;5460;0.53705994390143075;5460;2.2202215643787957;5460;2.250129703665273
5470;176.68996246223335;5470;27.942747276223027;5470;138.78597369304484;5470;0.53674366116686134;5470;2.2247993408001951;5470;2.250129703665273
5480;176.51905880916777;5480;28.06482131412702;5480;138.71272927030245;5480;0.53646691377411315;5480;2.2217474898525955;5480;2.250129703665273
5490;176.53126621295817;5490;28.015991698965419;5490;138.72493667409285;5490;0.53622970172318607;5490;2.2272408215582749;5490;2.250129703665273
5500;176.372569963683;5500;27.930539872432629;5500;138.76155888546404;5500;0.53595295433043788;5500;2.2193060090945158;5500;2.250129703665273
5510;176.47022919400618;5510;27.893917661061433;5510;138.81038850062563;5510;0.535557600912226;5510;2.2235786004211553;5510;2.250129703665273
5520;176.50685140537738;5520;27.845088045899839;5520;138.71272927030245;5520;0.53528085351947774;5520;2.2186956389049959;5520;2.250129703665273
5530;176.42139957884459;5530;27.869502853480636;5530;138.63948484756003;5530;0.53492503544308723;5530;2.2226630451368754;5530;2.250129703665273
5540;176.43360698263498;5540;27.893917661061433;5540;138.85921811578723;5540;0.5345692173666966;5540;2.2238837855159153;5540;2.250129703665273
5550;176.49464400158698;5550;27.967162083803824;5550;139.005706961272;5550;0.5342529346321272;5550;2.2211371196630756;5550;2.250129703665273
5560;176.38477736747339;5560;27.979369487594223;5560;139.005706961272;5560;0.53389711655573657;5560;2.2247993408001951;5560;2.250129703665273
5570;176.311532944731;5570;27.967162083803824;5570;138.81038850062563;5570;0.53358083382116717;5570;2.2208319345683156;5570;2.250129703665273
5580;176.50685140537738;5580;28.040406506546223;5580;138.73714407788324;5580;0.53322501574477654;5580;2.226020081179235;5580;2.250129703665273
5590;176.3359477523118;5590;27.942747276223027;5590;138.82259590441603;5590;0.53286919766838592;5590;2.2196111941892758;5590;2.250129703665273
5600;176.45802179021578;5600;27.942747276223027;5600;138.82259590441603;5600;0.53259245027563773;5600;2.2238837855159153;5600;2.250129703665273
5610;176.43360698263498;5610;27.979369487594223;5610;138.77376628925444;5610;0.53223663219924711;5610;2.2183904538102359;5610;2.250129703665273
5620;176.47022919400618;5620;27.967162083803824;5620;138.70052186651205;5620;0.53180174343921416;5620;2.2254097109897151;5620;2.250129703665273
5630;176.56788842432937;5630;28.125858333079012;5630;138.77376628925444;5630;0.53148546070464475;5630;2.2251045258949551;5630;2.250129703665273
5640;176.43360698263498;5640;28.052613910336621;5640;138.79818109683524;5640;0.53120871331189645;5640;2.2205267494735557;5640;2.250129703665273
5650;176.42139957884459;5650;27.942747276223027;5650;138.77376628925444;5650;0.53093196591914826;5650;2.2235786004211553;5650;2.250129703665273
5660;176.40919217505419;5660;28.00378429517502;5660;138.63948484756003;5660;0.53057614784275753;5660;2.2217474898525955;5660;2.250129703665273
5670;176.38477736747339;5670;27.942747276223027;5670;138.67610705893125;5670;0.530259865108188;5670;2.2247993408001951;5670;2.250129703665273
5680;176.311532944731;5680;28.052613910336621;5680;138.82259590441603;5680;0.5299435823736186;5680;2.218085268715476;5680;2.250129703665273
5690;176.51905880916777;5690;28.089236121707817;5690;138.81038850062563;5690;0.52950869361358566;5690;2.2251045258949551;5690;2.250129703665273
5700;176.45802179021578;5700;27.954954680013426;5700;138.72493667409285;5700;0.52927148156265869;5700;2.2205267494735557;5700;2.250129703665273
5710;176.51905880916777;5710;27.979369487594223;5710;138.71272927030245;5710;0.52903426951173149;5710;2.2229682302316354;5710;2.250129703665273
5720;176.55568102053897;5720;28.015991698965419;5720;138.87142551957763;5720;0.52871798677716209;5720;2.2202215643787957;5720;2.250129703665273
5730;176.43360698263498;5730;28.052613910336621;5730;138.93246253852962;5730;0.52832263335895024;5730;2.2247993408001951;5730;2.250129703665273
5740;176.48243659779658;5740;28.113650929288614;5740;138.79818109683524;5740;0.52800635062438084;5740;2.2251045258949551;5740;2.250129703665273
5750;176.53126621295817;5750;28.052613910336621;5750;138.68831446272165;5750;0.52765053254799033;5750;2.2193060090945158;5750;2.250129703665273
5760;176.49464400158698;5760;28.052613910336621;5760;138.71272927030245;5760;0.52741332049706324;5760;2.2235786004211553;5760;2.250129703665273
5770;176.2749107333598;5770;28.101443525498215;5770;138.76155888546404;5770;0.52705750242067262;5770;2.2211371196630756;5770;2.250129703665273
5780;176.48243659779658;5780;28.00378429517502;5780;138.81038850062563;5780;0.526662149002461;5780;2.2272408215582749;5780;2.250129703665273
5790;176.43360698263498;5790;27.930539872432629;5790;138.70052186651205;5790;0.52642493695153381;5790;2.2193060090945158;5790;2.250129703665273
5800;176.47022919400618;5800;28.101443525498215;5800;138.70052186651205;5800;0.52606911887514318;5800;2.2241889706106752;5800;2.250129703665273
5810;176.45802179021578;5810;28.138065736869411;5810;138.79818109683524;5810;0.52563423011511023;5810;2.2205267494735557;5810;2.250129703665273
5820;176.40919217505419;5820;28.06482131412702;5820;138.87142551957763;5820;0.52523887669689839;5820;2.2226630451368754;5820;2.250129703665273
5830;176.51905880916777;5830;28.052613910336621;5830;138.89584032715842;5830;0.5249621293041502;5830;2.2226630451368754;5830;2.250129703665273
5840;176.50685140537738;5840;28.052613910336621;5840;138.83480330820643;5840;0.5246458465695808;5840;2.2226630451368754;5840;2.250129703665273
5850;176.65334025086216;5850;27.979369487594223;5850;138.78597369304484;5850;0.5243690991768325;5850;2.2254097109897151;5850;2.250129703665273
5860;176.60451063570056;5860;27.954954680013426;5860;138.66389965514082;5860;0.52409235178408431;5860;2.2202215643787957;5860;2.250129703665273
5870;176.53126621295817;5870;27.930539872432629;5870;138.83480330820643;5870;0.5237760690495149;5870;2.2238837855159153;5870;2.250129703665273
5880;176.43360698263498;5880;27.930539872432629;5880;138.93246253852962;5880;0.52345978631494539;5880;2.2183904538102359;5880;2.250129703665273
5890;176.68996246223335;5890;28.028199102755824;5890;138.82259590441603;5890;0.523143503580376;5890;2.2235786004211553;5890;2.250129703665273
5900;176.48243659779658;5900;28.00378429517502;5900;138.79818109683524;5900;0.52278768550398547;5900;2.2183904538102359;5900;2.250129703665273
5910;176.38477736747339;5910;28.015991698965419;5910;138.87142551957763;5910;0.52243186742759484;5910;2.2232734153263953;5910;2.250129703665273
5920;176.45802179021578;5920;28.101443525498215;5920;138.87142551957763;5920;0.52215512003484654;5920;2.2217474898525955;5920;2.250129703665273
5930;176.372569963683;5930;28.101443525498215;5930;138.82259590441603;5930;0.52183883730027714;5930;2.2205267494735557;5930;2.250129703665273
5940;176.42139957884459;5940;28.138065736869411;5940;138.88363292336803;5940;0.52164116059117138;5940;2.2232734153263953;5940;2.250129703665273
5950;176.34815515610219;5950;28.113650929288614;5950;138.77376628925444;5950;0.52128534251478076;5950;2.2229682302316354;5950;2.250129703665273
5960;176.45802179021578;5960;28.052613910336621;5960;138.79818109683524;5960;0.5208504537547477;5960;2.2254097109897151;5960;2.250129703665273
5970;176.45802179021578;5970;28.211310159611802;5970;138.83480330820643;5970;0.52053417102017829;5970;2.218085268715476;5970;2.250129703665273
5980;176.53126621295817;5980;28.150273140659809;5980;138.72493667409285;5980;0.52021788828560878;5980;2.2229682302316354;5980;2.250129703665273
5990;176.34815515610219;5990;27.930539872432629;5990;138.70052186651205;5990;0.51986207020921826;5990;2.2183904538102359;5990;2.250129703665273
6000;176.43360698263498;6000;27.954954680013426;6000;138.78597369304484;6000;0.51946671679100642;6000;2.2269356364635149;6000;2.250129703665273
6010;176.60451063570056;6010;28.00378429517502;6010;138.87142551957763;6010;0.51922950474007945;6010;2.2223578600421154;6010;2.250129703665273
6020;176.61671803949096;6020;28.06482131412702;6020;138.85921811578723;6020;0.51891322200550993;6020;2.2208319345683156;6020;2.250129703665273
6030;176.61671803949096;6030;28.113650929288614;6030;138.98129215369121;6030;0.51859693927094053;6030;2.2226630451368754;6030;2.250129703665273
6040;176.48243659779658;6040;28.028199102755824;6040;138.90804773094882;6040;0.5182015858527288;6040;2.2226630451368754;6040;2.250129703665273
6050;176.49464400158698;6050;27.979369487594223;6050;138.76155888546404;6050;0.51788530311815939;6050;2.2238837855159153;6050;2.250129703665273
6060;176.39698477126379;6060;27.967162083803824;6060;138.83480330820643;6060;0.51756902038359;6060;2.2183904538102359;6060;2.250129703665273
6070;176.39698477126379;6070;27.893917661061433;6070;138.87142551957763;6070;0.51725273764902058;6070;2.2238837855159153;6070;2.250129703665273
6080;176.39698477126379;6080;27.857295449690238;6080;138.78597369304484;6080;0.51693645491445117;6080;2.2196111941892758;6080;2.250129703665273
6090;176.59230323191017;6090;27.967162083803824;6090;138.89584032715842;6090;0.51662017217988165;6090;2.226325266273995;6090;2.250129703665273
6100;176.53126621295817;6100;28.028199102755824;6100;138.72493667409285;6100;0.51630388944531225;6100;2.2193060090945158;6100;2.250129703665273
6110;176.43360698263498;6110;27.91833246864223;6110;138.61507003997923;6110;0.51598760671074284;6110;2.2211371196630756;6110;2.250129703665273
6120;176.43360698263498;6120;27.942747276223027;6120;138.83480330820643;6120;0.51567132397617332;6120;2.2217474898525955;6120;2.250129703665273
6130;176.42139957884459;6130;28.015991698965419;6130;138.77376628925444;6130;0.51523643521614038;6130;2.2211371196630756;6130;2.250129703665273
6140;176.39698477126379;6140;27.967162083803824;6140;138.72493667409285;6140;0.514920152481571;6140;2.2235786004211553;6140;2.250129703665273
6150;176.34815515610219;6150;27.942747276223027;6150;138.76155888546404;6150;0.51460386974700156;6150;2.2208319345683156;6150;2.250129703665273
6160;176.56788842432937;6160;28.06482131412702;6160;138.81038850062563;6160;0.51428758701243216;6160;2.2247993408001951;6160;2.250129703665273
6170;176.40919217505419;6170;28.052613910336621;6170;138.72493667409285;6170;0.51397130427786275;6170;2.2190008239997558;6170;2.250129703665273
6180;176.48243659779658;6180;27.954954680013426;6180;138.76155888546404;6180;0.51357595085965091;6180;2.226325266273995;6180;2.250129703665273
6190;176.58009582811977;6190;27.967162083803824;6190;138.76155888546404;6190;0.51329920346690272;6190;2.2211371196630756;6190;2.250129703665273
6200;176.61671803949096;6200;27.893917661061433;6200;138.77376628925444;6200;0.51302245607415453;6200;2.2226630451368754;6200;2.250129703665273
6210;176.48243659779658;6210;27.845088045899839;6210;138.83480330820643;6210;0.51274570868140623;6210;2.2196111941892758;6210;2.250129703665273
6220;176.42139957884459;6220;27.91833246864223;6220;138.76155888546404;6220;0.51238989060501572;6220;2.2238837855159153;6220;2.250129703665273
6230;176.53126621295817;6230;27.91833246864223;6230;138.70052186651205;6230;0.51203407252862509;6230;2.2251045258949551;6230;2.250129703665273
6240;176.47022919400618;6240;28.015991698965419;6240;138.68831446272165;6240;0.51171778979405558;6240;2.2196111941892758;6240;2.250129703665273
6250;176.49464400158698;6250;28.052613910336621;6250;138.77376628925444;6250;0.51132243637584374;6250;2.2232734153263953;6250;2.250129703665273
6260;176.43360698263498;6260;27.954954680013426;6260;138.72493667409285;6260;0.51100615364127433;6260;2.2208319345683156;6260;2.250129703665273
6270;176.60451063570056;6270;28.028199102755824;6270;138.79818109683524;6270;0.51072940624852614;6270;2.2254097109897151;6270;2.250129703665273
6280;176.55568102053897;6280;28.040406506546223;6280;138.72493667409285;6280;0.51037358817213552;6280;2.2183904538102359;6280;2.250129703665273
6290;176.62892544328136;6290;27.930539872432629;6290;138.67610705893125;6290;0.51005730543756611;6290;2.2241889706106752;6290;2.250129703665273
6300;176.42139957884459;6300;27.930539872432629;6300;138.87142551957763;6300;0.5097410227029967;6300;2.2190008239997558;6300;2.250129703665273
6310;176.43360698263498;6310;27.979369487594223;6310;138.92025513473922;6310;0.5094247399684273;6310;2.2223578600421154;6310;2.250129703665273
6320;176.51905880916777;6320;27.942747276223027;6320;138.85921811578723;6320;0.50910845723385789;6320;2.2232734153263953;6320;2.250129703665273
6330;176.45802179021578;6330;28.015991698965419;6330;138.76155888546404;6330;0.50863403313200373;6330;2.2196111941892758;6330;2.250129703665273
6340;176.50685140537738;6340;28.174687948240607;6340;138.83480330820643;6340;0.50831775039743432;6340;2.2229682302316354;6340;2.250129703665273
6350;176.59230323191017;6350;28.101443525498215;6350;138.93246253852962;6350;0.508041003004686;6350;2.2229682302316354;6350;2.250129703665273
6360;176.71437726981415;6360;27.930539872432629;6360;138.85921811578723;6360;0.50772472027011661;6360;2.2272408215582749;6360;2.250129703665273
6370;176.47022919400618;6370;27.954954680013426;6370;138.71272927030245;6370;0.5073689021937261;6370;2.2183904538102359;6370;2.250129703665273
6380;176.53126621295817;6380;28.015991698965419;6380;138.76155888546404;6380;0.5070921548009778;6380;2.2238837855159153;6380;2.250129703665273
6390;176.53126621295817;6390;28.015991698965419;6390;138.78597369304484;6390;0.50677587206640817;6390;2.2186956389049959;6390;2.250129703665273
6400;176.53126621295817;6400;28.015991698965419;6400;138.72493667409285;6400;0.50638051864819655;6400;2.2251045258949551;6400;2.250129703665273
6410;176.45802179021578;6410;28.040406506546223;6410;138.89584032715842;6410;0.50602470057180593;6410;2.2235786004211553;6410;2.250129703665273
6420;176.48243659779658;6420;28.028199102755824;6420;138.90804773094882;6420;0.50566888249541531;6420;2.2208319345683156;6420;2.250129703665273
6430;176.68996246223335;6430;28.00378429517502;6430;138.78597369304484;6430;0.50531306441902468;6430;2.2232734153263953;6430;2.250129703665273
6440;176.51905880916777;6440;28.040406506546223;6440;138.85921811578723;6440;0.50499678168445528;6440;2.2235786004211553;6440;2.250129703665273
6450;176.47022919400618;6450;28.028199102755824;6450;138.88363292336803;6450;0.50468049894988587;6450;2.2269356364635149;6450;2.250129703665273
6460;176.39698477126379;6460;27.979369487594223;6460;138.81038850062563;6460;0.50436421621531646;6460;2.2202215643787957;6460;2.250129703665273
6470;176.59230323191017;6470;28.028199102755824;6470;138.87142551957763;6470;0.504047933480747;6470;2.226325266273995;6470;2.250129703665273
6480;176.61671803949096;6480;28.089236121707817;6480;138.83480330820643;6480;0.50373165074617754;6480;2.2208319345683156;6480;2.250129703665273
6490;176.58009582811977;6490;28.040406506546223;6490;138.78597369304484;6490;0.50345490335342924;6490;2.2247993408001951;6490;2.250129703665273
6500;176.60451063570056;6500;27.979369487594223;6500;138.83480330820643;6500;0.503178155960681;6500;2.2211371196630756;6500;2.250129703665273
6510;176.62892544328136;6510;27.942747276223027;6510;138.83480330820643;6510;0.502703731858827;6510;2.2226630451368754;6510;2.250129703665273
6520;176.70216986602375;6520;28.00378429517502;6520;138.87142551957763;6520;0.50234791378243637;6520;2.2235786004211553;6520;2.250129703665273
6530;176.59230323191017;6530;28.101443525498215;6530;138.93246253852962;6530;0.50199209570604575;6530;2.2229682302316354;6530;2.250129703665273
6540;176.55568102053897;6540;28.089236121707817;6540;138.96908474990082;6540;0.50167581297147634;6540;2.226325266273995;6540;2.250129703665273
6550;176.39698477126379;6550;28.040406506546223;6550;138.81038850062563;6550;0.50139906557872815;6550;2.2214423047578356;6550;2.250129703665273
6560;176.43360698263498;6560;27.91833246864223;6560;138.90804773094882;6560;0.50112231818597985;6560;2.226325266273995;6560;2.250129703665273
6570;176.38477736747339;6570;27.80846583452864;6570;139.005706961272;6570;0.50080603545141045;6570;2.2205267494735557;6570;2.250129703665273
6580;176.53126621295817;6580;28.028199102755824;6580;138.89584032715842;6580;0.5003711466913775;6580;2.2247993408001951;6580;2.250129703665273
6590;176.61671803949096;6590;28.138065736869411;6590;138.88363292336803;6590;0.50001532861498688;6590;2.2186956389049959;6590;2.250129703665273
6600;176.56788842432937;6600;28.015991698965419;6600;138.90804773094882;6600;0.49977811656405985;6600;2.2241889706106752;6600;2.250129703665273
6610;176.55568102053897;6610;27.942747276223027;6610;138.89584032715842;6610;0.49946183382949044;6610;2.2247993408001951;6610;2.250129703665273
6620;176.48243659779658;6620;27.967162083803824;6620;138.78597369304484;6620;0.49914555109492081;6620;2.2211371196630756;6620;2.250129703665273
6630;176.59230323191017;6630;28.089236121707817;6630;138.78597369304484;6630;0.49886880370217263;6630;2.2247993408001951;6630;2.250129703665273
6640;176.60451063570056;6640;28.113650929288614;6640;138.78597369304484;6640;0.49847345028396084;6640;2.2232734153263953;6640;2.250129703665273
6650;176.66554765465256;6650;28.00378429517502;6650;138.77376628925444;6650;0.49819670289121259;6650;2.226020081179235;6650;2.250129703665273
6660;176.53126621295817;6660;27.942747276223027;6660;138.79818109683524;6660;0.49791995549846435;6660;2.2186956389049959;6660;2.250129703665273
6670;176.73879207739495;6670;28.028199102755824;6670;138.82259590441603;6670;0.49760367276389494;6670;2.226020081179235;6670;2.250129703665273
6680;176.68996246223335;6680;28.101443525498215;6680;138.77376628925444;6680;0.49724785468750432;6680;2.2205267494735557;6680;2.250129703665273
6690;176.67775505844295;6690;28.089236121707817;6690;138.81038850062563;6690;0.49681296592747148;6690;2.2223578600421154;6690;2.250129703665273
6700;176.59230323191017;6700;28.06482131412702;6700;138.93246253852962;6700;0.49649668319290186;6700;2.2205267494735557;6700;2.250129703665273
6710;176.45802179021578;6710;28.113650929288614;6710;138.83480330820643;6710;0.49618040045833245;6710;2.2247993408001951;6710;2.250129703665273
6720;176.56788842432937;6720;28.015991698965419;6720;138.76155888546404;6720;0.49586411772376304;6720;2.225714896084475;6720;2.250129703665273
6730;176.61671803949096;6730;27.881710257271035;6730;138.81038850062563;6730;0.49550829964737242;6730;2.2196111941892758;6730;2.250129703665273
6740;176.59230323191017;6740;27.930539872432629;6740;138.90804773094882;6740;0.49511294622916074;6740;2.2247993408001951;6740;2.250129703665273
6750;176.47022919400618;6750;27.967162083803824;6750;138.81038850062563;6750;0.49471759281094896;6750;2.2214423047578356;6750;2.250129703665273
6760;176.66554765465256;6760;27.954954680013426;6760;138.81038850062563;6760;0.49448038076002193;6760;2.225714896084475;6760;2.250129703665273
6770;176.47022919400618;6770;28.00378429517502;6770;138.79818109683524;6770;0.49420363336727358;6770;2.2186956389049959;6770;2.250129703665273
6780;176.42139957884459;6780;28.00378429517502;6780;138.71272927030245;6780;0.49388735063270417;6780;2.226020081179235;6780;2.250129703665273
6790;176.55568102053897;6790;28.028199102755824;6790;138.70052186651205;6790;0.49353153255631355;6790;2.2226630451368754;6790;2.250129703665273
6800;176.55568102053897;6800;28.125858333079012;6800;138.77376628925444;6800;0.49313617913810187;6800;2.2211371196630756;6800;2.250129703665273
6810;176.43360698263498;6810;28.052613910336621;6810;138.85921811578723;6810;0.49278036106171125;6810;2.2214423047578356;6810;2.250129703665273
6820;176.3237403485214;6820;28.028199102755824;6820;138.79818109683524;6820;0.49246407832714184;6820;2.2235786004211553;6820;2.250129703665273
6830;176.40919217505419;6830;28.113650929288614;6830;138.99349955748161;6830;0.49218733093439365;6830;2.226325266273995;6830;2.250129703665273
6840;176.3237403485214;6840;28.040406506546223;6840;138.95687734611042;6840;0.49183151285800303;6840;2.2196111941892758;6840;2.250129703665273
6850;176.42139957884459;6850;27.954954680013426;6850;138.88363292336803;6850;0.49151523012343346;6850;2.2247993408001951;6850;2.250129703665273
6860;176.53126621295817;6860;27.930539872432629;6860;138.85921811578723;6860;0.49115941204704283;6860;2.2193060090945158;6860;2.250129703665273
6870;176.73879207739495;6870;27.954954680013426;6870;138.83480330820643;6870;0.4909221999961158;6870;2.2241889706106752;6870;2.250129703665273
6880;176.59230323191017;6880;28.052613910336621;6880;138.85921811578723;6880;0.49056638191972518;6880;2.2193060090945158;6880;2.250129703665273
6890;176.51905880916777;6890;28.101443525498215;6890;138.79818109683524;6890;0.49017102850151351;6890;2.2241889706106752;6890;2.250129703665273
6900;176.53126621295817;6900;27.954954680013426;6900;138.85921811578723;6900;0.48993381645058637;6900;2.2229682302316354;6900;2.250129703665273
6910;176.51905880916777;6910;27.881710257271035;6910;138.89584032715842;6910;0.48961753371601696;6910;2.2208319345683156;6910;2.250129703665273
6920;176.55568102053897;6920;27.91833246864223;6920;138.90804773094882;6920;0.48938032166508993;6920;2.2229682302316354;6920;2.250129703665273
6930;176.55568102053897;6930;27.954954680013426;6930;138.85921811578723;6930;0.4890245035886992;6930;2.2226630451368754;6930;2.250129703665273
6940;176.61671803949096;6940;27.954954680013426;6940;138.78597369304484;6940;0.48866868551230863;6940;2.226325266273995;6940;2.250129703665273
6950;176.49464400158698;6950;27.967162083803824;6950;138.72493667409285;6950;0.48835240277773923;6950;2.2196111941892758;6950;2.250129703665273
6960;176.67775505844295;6960;28.040406506546223;6960;138.85921811578723;6960;0.4879965847013486;6960;2.2247993408001951;6960;2.250129703665273
6970;176.51905880916777;6970;28.015991698965419;6970;138.88363292336803;6970;0.48771983730860036;6970;2.2193060090945158;6970;2.250129703665273
6980;176.48243659779658;6980;28.089236121707817;6980;138.87142551957763;6980;0.48740355457403095;6980;2.2254097109897151;6980;2.250129703665273
6990;176.51905880916777;6990;28.235724967192606;6990;138.90804773094882;6990;0.48708727183946154;6990;2.2217474898525955;6990;2.250129703665273
7000;176.55568102053897;7000;28.186895352031005;7000;138.88363292336803;7000;0.48677098910489214;7000;2.2214423047578356;7000;2.250129703665273
7010;176.60451063570056;7010;28.06482131412702;7010;138.95687734611042;7010;0.48649424171214389;7010;2.2235786004211553;7010;2.250129703665273
7020;176.53126621295817;7020;28.00378429517502;7020;138.90804773094882;7020;0.48601981761028973;7020;2.2223578600421154;7020;2.250129703665273
7030;176.58009582811977;7030;28.028199102755824;7030;138.89584032715842;7030;0.48574307021754154;7030;2.2251045258949551;7030;2.250129703665273
7040;176.40919217505419;7040;28.113650929288614;7040;138.81038850062563;7040;0.48546632282479329;7040;2.2217474898525955;7040;2.250129703665273
7050;176.40919217505419;7050;28.06482131412702;7050;138.79818109683524;7050;0.48511050474840267;7050;2.226325266273995;7050;2.250129703665273
7060;176.38477736747339;7060;28.00378429517502;7060;138.90804773094882;7060;0.48479422201383326;7060;2.2205267494735557;7060;2.250129703665273
7070;176.58009582811977;7070;28.00378429517502;7070;138.96908474990082;7070;0.48447793927926386;7070;2.2275460066530348;7070;2.250129703665273
7080;176.53126621295817;7080;28.089236121707817;7080;138.92025513473922;7080;0.48408258586105207;7080;2.2211371196630756;7080;2.250129703665273
7090;176.58009582811977;7090;28.040406506546223;7090;138.90804773094882;7090;0.48368723244284018;7090;2.2241889706106752;7090;2.250129703665273
7100;176.55568102053897;7100;27.881710257271035;7100;138.90804773094882;7100;0.48348955573373431;7100;2.2238837855159153;7100;2.250129703665273
7110;176.50685140537738;7110;27.857295449690238;7110;138.93246253852962;7110;0.48309420231552253;7110;2.2205267494735557;7110;2.250129703665273
7120;176.66554765465256;7120;27.979369487594223;7120;138.89584032715842;7120;0.48273838423913196;7120;2.2238837855159153;7120;2.250129703665273
7130;176.59230323191017;7130;28.028199102755824;7130;138.78597369304484;7130;0.48238256616274133;7130;2.2223578600421154;7130;2.250129703665273
7140;176.65334025086216;7140;28.040406506546223;7140;138.85921811578723;7140;0.48206628342817193;7140;2.226325266273995;7140;2.250129703665273
7150;176.47022919400618;7150;28.089236121707817;7150;138.87142551957763;7150;0.48178953603542368;7150;2.2205267494735557;7150;2.250129703665273
7160;176.62892544328136;7160;28.028199102755824;7160;138.89584032715842;7160;0.4813941826172119;7160;2.226325266273995;7160;2.250129703665273
7170;176.58009582811977;7170;28.101443525498215;7170;138.92025513473922;7170;0.48099882919900011;7170;2.2186956389049959;7170;2.250129703665273
7180;176.60451063570056;7180;28.040406506546223;7180;138.88363292336803;7180;0.48072208180625192;7180;2.2205267494735557;7180;2.250129703665273
7190;176.67775505844295;7190;27.979369487594223;7190;138.92025513473922;7190;0.48044533441350368;7190;2.2202215643787957;7190;2.250129703665273
7200;176.51905880916777;7200;28.052613910336621;7200;138.79818109683524;7200;0.48004998099529189;7200;2.2254097109897151;7200;2.250129703665273
7210;176.58009582811977;7210;28.101443525498215;7210;138.82259590441603;7210;0.47973369826072249;7210;2.2254097109897151;7210;2.250129703665273
7220;176.40919217505419;7220;28.040406506546223;7220;138.93246253852962;7220;0.47945695086797424;7220;2.2193060090945158;7220;2.250129703665273
7230;176.49464400158698;7230;28.00378429517502;7230;138.93246253852962;7230;0.47921973881704721;7230;2.2254097109897151;7230;2.250129703665273
7240;176.53126621295817;7240;28.089236121707817;7240;138.95687734611042;7240;0.47878485005701416;7240;2.2223578600421154;7240;2.250129703665273
7250;176.61671803949096;7250;28.089236121707817;7250;139.01791436506241;7250;0.47842903198062353;7250;2.226020081179235;7250;2.250129703665273
7260;176.61671803949096;7260;28.028199102755824;7260;138.93246253852962;7260;0.47807321390423291;7260;2.2183904538102359;7260;2.250129703665273
7270;176.62892544328136;7270;28.052613910336621;7270;138.83480330820643;7270;0.4777569311696635;7270;2.2254097109897151;7270;2.250129703665273
7280;176.59230323191017;7280;28.06482131412702;7280;138.73714407788324;7280;0.47744064843509409;7280;2.2217474898525955;7280;2.250129703665273
7290;176.55568102053897;7290;28.040406506546223;7290;138.71272927030245;7290;0.47712436570052469;7290;2.2214423047578356;7290;2.250129703665273
7300;176.49464400158698;7300;28.00378429517502;7300;138.88363292336803;7300;0.47684761830777644;7300;2.2226630451368754;7300;2.250129703665273
7310;176.58009582811977;7310;28.00378429517502;7310;138.90804773094882;7310;0.47649180023138588;7310;2.2235786004211553;7310;2.250129703665273
7320;176.61671803949096;7320;28.089236121707817;7320;138.96908474990082;7320;0.47621505283863746;7320;2.226020081179235;7320;2.250129703665273
7330;176.47022919400618;7330;28.06482131412702;7330;138.93246253852962;7330;0.475898770104068;7330;2.2202215643787957;7330;2.250129703665273
7340;176.61671803949096;7340;28.101443525498215;7340;138.96908474990082;7340;0.47554295202767755;7340;2.2235786004211553;7340;2.250129703665273
7350;176.50685140537738;7350;28.052613910336621;7350;139.005706961272;7350;0.47518713395128692;7350;2.2186956389049959;7350;2.250129703665273
7360;176.71437726981415;7360;27.979369487594223;7360;138.95687734611042;7360;0.47487085121671752;7360;2.2254097109897151;7360;2.250129703665273
7370;176.65334025086216;7370;27.967162083803824;7370;138.83480330820643;7370;0.47451503314032689;7370;2.2202215643787957;7370;2.250129703665273
7380;176.48243659779658;7380;28.040406506546223;7380;138.78597369304484;7380;0.47415921506393632;7380;2.2223578600421154;7380;2.250129703665273
7390;176.50685140537738;7390;28.113650929288614;7390;138.76155888546404;7390;0.47388246767118808;7390;2.2202215643787957;7390;2.250129703665273
7400;176.53126621295817;7400;28.06482131412702;7400;138.78597369304484;7400;0.47356618493661867;7400;2.2217474898525955;7400;2.250129703665273
7410;176.67775505844295;7410;28.089236121707817;7410;138.87142551957763;7410;0.47321036686022805;7410;2.2247993408001951;7410;2.250129703665273
7420;176.53126621295817;7420;28.028199102755824;7420;138.88363292336803;7420;0.47281501344201626;7420;2.2205267494735557;7420;2.250129703665273
7430;176.60451063570056;7430;28.015991698965419;7430;138.88363292336803;7430;0.47249873070744686;7430;2.2254097109897151;7430;2.250129703665273
7440;176.45802179021578;7440;28.028199102755824;7440;138.81038850062563;7440;0.47218244797287745;7440;2.2196111941892758;7440;2.250129703665273
7450;176.60451063570056;7450;27.967162083803824;7450;138.90804773094882;7450;0.47182662989648683;7450;2.2247993408001951;7450;2.250129703665273
7460;176.59230323191017;7460;27.942747276223027;7460;138.92025513473922;7460;0.47151034716191742;7460;2.2193060090945158;7460;2.250129703665273
7470;176.60451063570056;7470;28.015991698965419;7470;138.89584032715842;7470;0.4711940644273479;7470;2.226325266273995;7470;2.250129703665273
7480;176.66554765465256;7480;28.015991698965419;7480;138.88363292336803;7480;0.4708777816927785;7480;2.2238837855159153;7480;2.250129703665273
7490;176.71437726981415;7490;27.930539872432629;7490;138.83480330820643;7490;0.47052196361638793;7490;2.2214423047578356;7490;2.250129703665273
7500;176.65334025086216;7500;27.979369487594223;7500;138.93246253852962;7500;0.47020568088181847;7500;2.2229682302316354;7500;2.250129703665273
7510;176.59230323191017;7510;27.942747276223027;7510;138.98129215369121;7510;0.4697312567799643;7510;2.2232734153263953;7510;2.250129703665273
7520;176.66554765465256;7520;27.893917661061433;7520;139.03012176885281;7520;0.46941497404539489;7520;2.226020081179235;7520;2.250129703665273
7530;176.49464400158698;7530;27.967162083803824;7530;139.03012176885281;7530;0.46913822665264671;7530;2.2205267494735557;7530;2.250129703665273
7540;176.65334025086216;7540;27.942747276223027;7540;138.93246253852962;7540;0.46886147925989846;7540;2.226325266273995;7540;2.250129703665273
7550;176.65334025086216;7550;27.954954680013426;7550;138.82259590441603;7550;0.46854519652532906;7550;2.2193060090945158;7550;2.250129703665273
7560;176.70216986602375;7560;27.942747276223027;7560;138.87142551957763;7560;0.46811030776529605;7560;2.2226630451368754;7560;2.250129703665273
7570;176.55568102053897;7570;27.91833246864223;7570;138.98129215369121;7570;0.46783356037254786;7570;2.2183904538102359;7570;2.250129703665273
7580;176.55568102053897;7580;27.942747276223027;7580;138.96908474990082;7580;0.46755681297979962;7580;2.2235786004211553;7580;2.250129703665273
7590;176.58009582811977;7590;27.979369487594223;7590;138.88363292336803;7590;0.467200994903409;7590;2.2241889706106752;7590;2.250129703665273
7600;176.56788842432937;7600;27.979369487594223;7600;138.90804773094882;7600;0.46676610614337605;7600;2.2214423047578356;7600;2.250129703665273
7610;176.68996246223335;7610;27.979369487594223;7610;139.0789513840144;7610;0.46656842943427018;7610;2.2241889706106752;7610;2.250129703665273
7620;176.68996246223335;7620;27.91833246864223;7620;139.005706961272;7620;0.46629168204152177;7620;2.2223578600421154;7620;2.250129703665273
EOF
