Name;Scope Project1;
File;C:\Users\Tobno\Desktop\VentilDeadband\MainNed\-21-2.csv;
Starttime of export;134214175299400000;torsdag 23. april 2026;13:32:09.940
Endtime of export;134214175453795314;torsdag 23. april 2026;13:32:25.379


Name;fPresSupply_bar (1);Name;fPres2A_bar;Name;fPres2B_bar;Name;fCylinder2_mm;Name;fValve2_V;Name;fSensor2_V

0;153.06863612781152;0;0;0;3.2593768120365003;0;504.81973121632592;0;3.9402447584459974;0;4.0446180608539075
10;153.00759910885952;10;0;10;3.2471694082461013;10;504.9383601402742;10;3.9402447584459974;10;4.0397350993377481
20;152.94656208990753;20;0;20;3.2959990234076968;20;504.89881716562479;20;3.9402447584459974;20;4.032410657063509
30;152.87331766716514;30;0.012207403790398877;30;3.3082064271980958;30;504.89881716562479;30;3.9402447584459974;30;4.0452284310434274
40;152.73903622547076;40;0;40;3.3448286385692922;40;504.89881716562479;40;3.9402447584459974;40;4.0418713950010678
50;152.97097689748833;50;0;50;3.4669026764732811;50;504.81973121632592;50;3.9402447584459974;50;4.0357676931058686
60;153.10525833918271;60;0;60;3.5157322916348765;60;504.9383601402742;60;3.9402447584459974;60;4.0375988036744284
70;153.08084353160191;70;0;70;3.4424878688924831;70;504.9383601402742;70;3.9402447584459974;70;4.0458388012329474
80;152.95876949369793;80;0;80;3.4424878688924831;80;504.9383601402742;80;3.9402447584459974;80;4.040650654622028
90;152.95876949369793;90;0;90;3.3936582537308877;90;504.9383601402742;90;3.9402447584459974;90;4.032105471968749
100;153.06863612781152;100;0;100;3.4180730613116856;100;504.89881716562479;100;3.9402447584459974;100;4.0433973204748677
110;152.87331766716514;110;0;110;3.4669026764732811;110;504.89881716562479;110;3.9402447584459974;110;4.0430921353801077
120;152.89773247474594;120;0;120;3.503524887844478;120;504.97790311492355;120;3.9402447584459974;120;4.0375988036744284
130;152.98318430127873;130;0;130;3.58897671437727;130;504.89881716562479;130;3.9402447584459974;130;4.0327158421582689
140;152.97097689748833;140;0;140;3.527939695425276;140;504.89881716562479;140;3.9402447584459974;140;4.0452284310434274
150;152.94656208990753;150;0;150;3.58897671437727;150;504.9383601402742;150;3.9402447584459974;150;4.040345469527268
160;153.11746574297311;160;0;160;3.7354655598620563;160;504.89881716562479;160;3.9402447584459974;160;4.0348521378215887
170;153.09305093539231;170;0;170;3.6500137333292644;170;504.89881716562479;170;3.9402447584459974;170;4.040345469527268
180;152.86111026337474;180;0;180;3.5401470992156745;180;504.89881716562479;180;3.9402447584459974;180;4.0458388012329474
190;152.71462141788993;190;0;190;3.6133915219580675;190;504.89881716562479;190;3.9402447584459974;190;4.0400402844325081
200;152.82448805200355;200;0;200;3.6011841181676689;200;504.89881716562479;200;3.9402447584459974;200;4.0308847315897092
210;152.94656208990753;210;0;210;3.6622211371196629;210;504.89881716562479;210;3.9402447584459974;210;4.0449232459486675
220;152.88552507095554;220;0;220;3.7110507522812588;220;504.81973121632592;220;3.9402447584459974;220;4.0430921353801077
230;153.06863612781152;230;0;230;3.7354655598620563;230;504.9383601402742;230;3.9402447584459974;230;4.0369884334849084
240;153.11746574297311;240;0;240;3.8453321939756466;240;504.9383601402742;240;3.9402447584459974;240;4.0333262123477889
250;153.01980651264992;250;0;250;3.7842951750236518;250;504.81973121632592;250;3.9402447584459974;250;4.0458388012329474
260;152.73903622547076;260;0;260;3.8087099826044497;260;504.9383601402742;260;3.9402447584459974;260;4.0394299142429881
270;152.82448805200355;270;0;270;3.7842951750236518;270;504.97790311492355;270;3.9402447584459974;270;4.0311899166844691
280;153.14188055055391;280;0.012207403790398877;280;3.7965025788140512;280;504.97790311492355;280;3.9402447584459974;280;4.040345469527268
290;153.01980651264992;290;0.012207403790398877;290;3.8819544053468427;290;504.89881716562479;290;3.9402447584459974;290;4.0452284310434274
300;152.87331766716514;300;0;300;3.9429914242988375;300;504.9383601402742;300;3.9402447584459974;300;4.0388195440534682
310;152.95876949369793;310;0;310;3.91857661671804;310;504.9383601402742;310;3.9402447584459974;310;4.0299691763054293
320;153.09305093539231;320;0;320;3.8575395977660452;320;504.81973121632592;320;3.9402447584459974;320;4.0440076906643876
330;152.87331766716514;330;0;330;3.91857661671804;330;504.81973121632592;330;3.9402447584459974;330;4.040650654622028
340;152.92214728232673;340;0;340;3.9551988280892361;340;504.89881716562479;340;3.9402447584459974;340;4.0339365825373088
350;152.97097689748833;350;0;350;3.9551988280892361;350;504.9383601402742;350;3.9402447584459974;350;4.0339365825373088
360;153.00759910885952;360;0;360;3.991821039460433;360;504.89881716562479;360;3.9402447584459974;360;4.0458388012329474
370;152.95876949369793;370;0.012207403790398877;370;4.1138950773644218;370;504.9383601402742;370;3.9402447584459974;370;4.0394299142429881
380;152.92214728232673;380;0.024414807580797754;380;4.1505172887356183;380;504.9383601402742;380;3.9402447584459974;380;4.0299691763054293
390;153.10525833918271;390;0.012207403790398877;390;4.1871395001068148;390;504.9383601402742;390;3.9402447584459974;390;4.0418713950010678
400;152.98318430127873;400;0;400;4.12610248115482;400;504.9383601402742;400;3.9402447584459974;400;4.0440076906643876
410;152.82448805200355;410;0.012207403790398877;410;4.0772728659932245;410;504.9383601402742;410;3.9402447584459974;410;4.0369884334849084
420;152.82448805200355;420;0;420;4.12610248115482;420;504.97790311492355;420;3.9402447584459974;420;4.0299691763054293
430;152.98318430127873;430;0;430;4.12610248115482;430;504.97790311492355;430;3.9402447584459974;430;4.0449232459486675
440;152.81228064821315;440;0;440;4.12610248115482;440;504.97790311492355;440;3.9402447584459974;440;4.040345469527268
450;152.88552507095554;450;0;450;4.2115543076876127;450;504.9383601402742;450;3.9402447584459974;450;4.0330210272530289
460;153.09305093539231;460;0;460;4.3214209418012022;460;504.89881716562479;460;3.9402447584459974;460;4.0351573229163487
470;153.01980651264992;470;0;470;4.2603839228492086;470;504.89881716562479;470;3.9402447584459974;470;4.0449232459486675
480;152.86111026337474;480;0;480;4.2481765190588092;480;504.97790311492355;480;3.9402447584459974;480;4.0388195440534682
490;152.81228064821315;490;0;490;4.2603839228492086;490;504.89881716562479;490;3.9402447584459974;490;4.0296639912106693
500;153.01980651264992;500;0;500;4.3092135380108036;500;504.89881716562479;500;3.9402447584459974;500;4.0424817651905878
510;152.87331766716514;510;0;510;4.3336283455916016;510;504.89881716562479;510;3.9402447584459974;510;4.0424817651905878
520;152.80007324442275;520;0;520;4.394665364543596;520;504.89881716562479;520;3.9402447584459974;520;4.0354625080111086
530;152.82448805200355;530;0.012207403790398877;530;4.4190801721243931;530;504.9383601402742;530;3.9402447584459974;530;4.0305795464949492
540;152.95876949369793;540;0.012207403790398877;540;4.3336283455916016;540;504.9383601402742;540;3.9402447584459974;540;4.0458388012329474
550;152.87331766716514;550;0;550;4.3214209418012022;550;504.9383601402742;550;3.9402447584459974;550;4.040955839716788
560;152.90993987853633;560;0;560;4.3824579607531975;560;504.9383601402742;560;3.9402447584459974;560;4.032105471968749
570;153.09305093539231;570;0;570;4.4312875759147925;570;504.97790311492355;570;3.9402447584459974;570;4.0369884334849084
580;152.98318430127873;580;0;580;4.4923245948667869;580;504.89881716562479;580;3.9402447584459974;580;4.0455336161381874
590;152.90993987853633;590;0;590;4.4801171910763884;590;504.89881716562479;590;3.9402447584459974;590;4.0394299142429881
600;152.92214728232673;600;0;600;4.5045319986571863;600;504.89881716562479;600;3.9402447584459974;600;4.0284432508316295
610;152.88552507095554;610;0.012207403790398877;610;4.5777764213995793;610;504.9383601402742;610;3.9402447584459974;610;4.0430921353801077
620;152.71462141788993;620;0;620;4.5167394024475849;620;504.97790311492355;620;3.9402447584459974;620;4.0412610248115479
630;152.78786584063235;630;0.012207403790398877;630;4.6021912289803772;630;504.9383601402742;630;3.9402447584459974;630;4.0345469527268287
640;152.94656208990753;640;0.012207403790398877;640;4.5777764213995793;640;504.81973121632592;640;3.9402447584459974;640;4.032105471968749
650;152.98318430127873;650;0;650;4.5289468062379834;650;504.81973121632592;650;3.9402447584459974;650;4.0449232459486675
660;152.77565843684195;660;0;660;4.6266060365611743;660;504.9383601402742;660;3.9402447584459974;660;4.0388195440534682
670;152.90993987853633;670;0;670;4.6021912289803772;670;504.89881716562479;670;3.9402447584459974;670;4.0299691763054293
680;153.11746574297311;680;0;680;4.7120578630939667;680;504.89881716562479;680;3.9402447584459974;680;4.0388195440534682
690;153.04422132023072;690;0;690;4.6876430555131687;690;504.9383601402742;690;3.9402447584459974;690;4.0449232459486675
700;152.94656208990753;700;0;700;4.7242652668843661;700;504.9383601402742;700;3.9402447584459974;700;4.0379039887691883
710;152.99539170506912;710;0;710;4.7975096896267591;710;504.89881716562479;710;3.9402447584459974;710;4.0284432508316295
720;153.14188055055391;720;0;720;4.821924497207557;720;504.89881716562479;720;3.9402447584459974;720;4.0437025055696276
730;152.88552507095554;730;0;730;4.9073763237403485;730;504.9383601402742;730;3.9402447584459974;730;4.0412610248115479
740;152.95876949369793;740;0;740;4.821924497207557;740;504.9383601402742;740;3.9402447584459974;740;4.0345469527268287
750;153.00759910885952;750;0.012207403790398877;750;4.8829615161595505;750;504.89881716562479;750;3.9402447584459974;750;4.0333262123477889
760;152.95876949369793;760;0.012207403790398877;760;4.9073763237403485;760;504.89881716562479;760;3.9402447584459974;760;4.0437025055696276
770;152.95876949369793;770;0;770;4.8585467085787526;770;504.9383601402742;770;3.9402447584459974;770;4.0388195440534682
780;153.00759910885952;780;0;780;4.8097170934171576;780;504.89881716562479;780;3.9402447584459974;780;4.0299691763054293
790;153.09305093539231;790;0;790;4.8585467085787526;790;504.89881716562479;790;3.9402447584459974;790;4.0397350993377481
800;153.01980651264992;800;0;800;4.8585467085787526;800;504.89881716562479;800;3.9402447584459974;800;4.0427869502853477
810;152.99539170506912;810;0;810;4.8341319009979555;810;504.89881716562479;810;3.9402447584459974;810;4.0375988036744284
820;152.99539170506912;820;0;820;4.8463393047883541;820;504.89881716562479;820;3.9402447584459974;820;4.0302743614001892
830;153.05642872402112;830;0;830;4.89516891994995;830;504.89881716562479;830;3.9402447584459974;830;4.0440076906643876
840;152.90993987853633;840;0;840;4.9928281502731409;840;504.89881716562479;840;3.9402447584459974;840;4.0400402844325081
850;153.00759910885952;850;0;850;4.9928281502731409;850;504.89881716562479;850;3.9402447584459974;850;4.0330210272530289
860;153.11746574297311;860;0;860;5.0782799768059323;860;504.9383601402742;860;3.9402447584459974;860;4.0351573229163487
870;153.15408795434431;870;0;870;5.1026947843867312;870;504.89881716562479;870;3.9402447584459974;870;4.0440076906643876
880;153.00759910885952;880;0;880;5.1271095919675282;880;504.89881716562479;880;3.9402447584459974;880;4.0388195440534682
890;152.87331766716514;890;0;890;5.0538651692251344;890;504.89881716562479;890;3.9402447584459974;890;4.0299691763054293
900;153.06863612781152;900;0;900;5.1026947843867312;900;504.9383601402742;900;3.9402447584459974;900;4.0418713950010678
910;152.90993987853633;910;0;910;5.298013245033113;910;504.81973121632592;910;3.9402447584459974;910;4.0430921353801077
920;152.82448805200355;920;0;920;5.2858058412427145;920;504.89881716562479;920;3.9402447584459974;920;4.0369884334849084
930;152.99539170506912;930;0.024414807580797754;930;5.2003540147099212;930;504.97790311492355;930;3.9402447584459974;930;4.0296639912106693
940;152.98318430127873;940;0.012207403790398877;940;5.1759392071291233;940;504.89881716562479;940;3.9402447584459974;940;4.0433973204748677
950;152.87331766716514;950;0.012207403790398877;950;5.1393169957579277;950;504.89881716562479;950;3.9402447584459974;950;4.040345469527268
960;152.99539170506912;960;0;960;5.1881466109195227;960;504.89881716562479;960;3.9402447584459974;960;4.0327158421582689
970;152.94656208990753;970;0;970;5.2247688222907192;970;504.9383601402742;970;3.9402447584459974;970;4.0372936185796684
980;152.97097689748833;980;0;980;5.1759392071291233;980;504.89881716562479;980;3.9402447584459974;980;4.0433973204748677
990;153.05642872402112;990;0;990;5.273598437452315;990;504.89881716562479;990;3.9402447584459974;990;4.0385143589587083
1000;153.09305093539231;1000;0;1000;5.3956724753563039;1000;504.89881716562479;1000;3.9402447584459974;1000;4.0299691763054293
1010;153.1662953581347;1010;0;1010;5.3712576677755068;1010;504.89881716562479;1010;3.9402447584459974;1010;4.0427869502853477
1020;152.95876949369793;1020;0;1020;5.3834650715659054;1020;504.81973121632592;1020;3.9402447584459974;1020;4.0418713950010678
1030;152.86111026337474;1030;0;1030;5.5299539170506913;1030;504.81973121632592;1030;3.9402447584459974;1030;4.0360728782006285
1040;152.94656208990753;1040;0;1040;5.5177465132602928;1040;504.9383601402742;1040;3.9402447584459974;1040;4.032105471968749
1050;153.06863612781152;1050;0;1050;5.420087282937101;1050;504.9383601402742;1050;3.9402447584459974;1050;4.0433973204748677
1060;152.97097689748833;1060;0;1060;5.444502090517898;1060;504.81973121632592;1060;3.9402447584459974;1060;4.040345469527268
1070;153.06863612781152;1070;0;1070;5.420087282937101;1070;504.78018824167657;1070;3.9402447584459974;1070;4.0327158421582689
1080;153.09305093539231;1080;0;1080;5.444502090517898;1080;504.89881716562479;1080;3.9402447584459974;1080;4.0382091738639483
1090;153.01980651264992;1090;0;1090;5.4689168980986969;1090;504.89881716562479;1090;3.9402447584459974;1090;4.0424817651905878
1100;153.00759910885952;1100;0;1100;5.4933317056794957;1100;504.9383601402742;1100;3.9402447584459974;1100;4.0388195440534682
1110;152.97097689748833;1110;0;1110;5.6031983397930851;1110;504.9383601402742;1110;3.9402447584459974;1110;4.0302743614001892
1120;152.98318430127873;1120;0;1120;5.6154057435834837;1120;504.89881716562479;1120;3.9402447584459974;1120;4.0418713950010678
1130;152.81228064821315;1130;0;1130;5.4933317056794957;1130;504.89881716562479;1130;3.9402447584459974;1130;4.0397350993377481
1140;153.01980651264992;1140;0;1140;5.5177465132602928;1140;504.89881716562479;1140;3.9402447584459974;1140;4.0351573229163487
1150;153.11746574297311;1150;0;1150;5.676442762535479;1150;504.89881716562479;1150;3.9402447584459974;1150;4.0336313974425488
1160;153.01980651264992;1160;0;1160;5.676442762535479;1160;504.81973121632592;1160;3.9402447584459974;1160;4.0430921353801077
1170;152.95876949369793;1170;0;1170;5.5909909360026857;1170;504.81973121632592;1170;3.9402447584459974;1170;4.0397350993377481
1180;153.01980651264992;1180;0;1180;5.5909909360026857;1180;504.78018824167657;1180;3.9402447584459974;1180;4.0314951017792291
1190;153.1662953581347;1190;0.012207403790398877;1190;5.6886501663258775;1190;504.9383601402742;1190;3.9402447584459974;1190;4.0397350993377481
1200;152.98318430127873;1200;0;1200;5.725272377697074;1200;504.89881716562479;1200;3.9402447584459974;1200;4.0421765800958278
1210;152.99539170506912;1210;0;1210;5.7130649739066746;1210;504.81973121632592;1210;3.9402447584459974;1210;4.0388195440534682
1220;153.04422132023072;1220;0;1220;5.700857570116276;1220;504.89881716562479;1220;3.9402447584459974;1220;4.0308847315897092
1230;153.06863612781152;1230;0.012207403790398877;1230;5.700857570116276;1230;504.89881716562479;1230;3.9402447584459974;1230;4.0421765800958278
1240;153.05642872402112;1240;0.024414807580797754;1240;5.7985168004394669;1240;504.89881716562479;1240;3.9402447584459974;1240;4.040650654622028
1250;153.05642872402112;1250;0;1250;5.8961760307626578;1250;504.89881716562479;1250;3.9402447584459974;1250;4.0357676931058686
1260;153.06863612781152;1260;0;1260;5.8839686269722593;1260;504.9383601402742;1260;3.9402447584459974;1260;4.0360728782006285
1270;153.11746574297311;1270;0.012207403790398877;1270;5.7985168004394669;1270;504.89881716562479;1270;3.9402447584459974;1270;4.0430921353801077
1280;152.95876949369793;1280;0;1280;5.8839686269722593;1280;504.81973121632592;1280;3.9402447584459974;1280;4.040345469527268
1290;152.89773247474594;1290;0;1290;5.9327982421338543;1290;504.81973121632592;1290;3.9402447584459974;1290;4.0327158421582689
1300;153.09305093539231;1300;0.012207403790398877;1300;5.9450056459242528;1300;504.78018824167657;1300;3.9402447584459974;1300;4.040650654622028
1310;152.89773247474594;1310;0.012207403790398877;1310;6.0304574724570443;1310;504.74064526702711;1310;3.9402447584459974;1310;4.0421765800958278
1320;152.98318430127873;1320;0;1320;6.0182500686666458;1320;504.78018824167657;1320;3.9402447584459974;1320;4.0388195440534682
1330;153.15408795434431;1330;0;1330;5.9205908383434558;1330;504.81973121632592;1330;3.9402447584459974;1330;4.032105471968749
1340;153.1785027619251;1340;0;1340;5.9938352610858487;1340;504.81973121632592;1340;3.9402447584459974;1340;4.0421765800958278
1350;152.98318430127873;1350;0;1350;6.0670796838282426;1350;504.81973121632592;1350;3.9402447584459974;1350;4.0400402844325081
1360;152.99539170506912;1360;0;1360;5.9450056459242528;1360;504.78018824167657;1360;3.9402447584459974;1360;4.0360728782006285
1370;153.15408795434431;1370;0;1370;6.0304574724570443;1370;504.89881716562479;1370;3.9402447584459974;1370;4.0363780632953885
1380;153.08084353160191;1380;0;1380;6.2013611255226291;1380;504.89881716562479;1380;3.9402447584459974;1380;4.0427869502853477
1390;153.05642872402112;1390;0.012207403790398877;1390;6.1403241065706364;1390;504.89881716562479;1390;3.9402447584459974;1390;4.0397350993377481
1400;153.09305093539231;1400;0.012207403790398877;1400;6.0792870876186411;1400;504.89881716562479;1400;3.9402447584459974;1400;4.032410657063509
1410;153.10525833918271;1410;0;1410;6.1159092989898376;1410;504.81973121632592;1410;3.9402447584459974;1410;4.040955839716788
1420;153.00759910885952;1420;0;1420;6.1037018951994382;1420;504.89881716562479;1420;3.9402447584459974;1420;4.0424817651905878
1430;153.01980651264992;1430;0;1430;6.1891537217322306;1430;504.89881716562479;1430;3.9402447584459974;1430;4.0397350993377481
1440;152.95876949369793;1440;0;1440;6.2013611255226291;1440;504.81973121632592;1440;3.9402447584459974;1440;4.032410657063509
1450;153.08084353160191;1450;0.012207403790398877;1450;6.176946317941832;1450;504.81973121632592;1450;3.9402447584459974;1450;4.0418713950010678
1460;152.99539170506912;1460;0.012207403790398877;1460;6.2379833368938264;1460;504.9383601402742;1460;3.9402447584459974;1460;4.0397350993377481
1470;152.99539170506912;1470;0;1470;6.2257759331034261;1470;504.81973121632592;1470;3.9402447584459974;1470;4.0351573229163487
1480;153.2029175695059;1480;0.012207403790398877;1480;6.2257759331034261;1480;504.81973121632592;1480;3.9402447584459974;1480;4.0372936185796684
1490;153.09305093539231;1490;0;1490;6.176946317941832;1490;504.89881716562479;1490;3.9402447584459974;1490;4.0424817651905878
1500;152.95876949369793;1500;0;1500;6.2135685293130276;1500;504.9383601402742;1500;3.9402447584459974;1500;4.0400402844325081
1510;153.00759910885952;1510;0;1510;6.3112277596362194;1510;504.9383601402742;1510;3.9402447584459974;1510;4.032410657063509
1520;153.1662953581347;1520;0;1520;6.3356425672170174;1520;504.89881716562479;1520;3.9402447584459974;1520;4.040955839716788
1530;153.00759910885952;1530;0;1530;6.3478499710074159;1530;504.89881716562479;1530;3.9402447584459974;1530;4.0397350993377481
1540;152.98318430127873;1540;0;1540;6.3356425672170174;1540;504.89881716562479;1540;3.9402447584459974;1540;4.0375988036744284
1550;152.99539170506912;1550;0;1550;6.3966795861690118;1550;504.89881716562479;1550;3.9402447584459974;1550;4.0333262123477889
1560;152.98318430127873;1560;0.012207403790398877;1560;6.42109439374981;1560;504.81973121632592;1560;3.9402447584459974;1560;4.0424817651905878
1570;152.92214728232673;1570;0.012207403790398877;1570;6.3844721823786132;1570;504.81973121632592;1570;3.9402447584459974;1570;4.040345469527268
1580;152.98318430127873;1580;0.012207403790398877;1580;6.2746055482650238;1580;504.78018824167657;1580;3.9402447584459974;1580;4.0351573229163487
1590;153.01980651264992;1590;0.012207403790398877;1590;6.3234351634266188;1590;504.89881716562479;1590;3.9402447584459974;1590;4.0394299142429881
1600;152.99539170506912;1600;0;1600;6.4333017975402083;1600;504.9383601402742;1600;3.9402447584459974;1600;4.0437025055696276
1610;153.05642872402112;1610;0;1610;6.4821314127018042;1610;504.9383601402742;1610;3.9402447584459974;1610;4.040955839716788
1620;152.99539170506912;1620;0;1620;6.5797906430249951;1620;504.89881716562479;1620;3.9402447584459974;1620;4.032105471968749
1630;153.09305093539231;1630;0;1630;6.5187536240730006;1630;504.81973121632592;1630;3.9402447584459974;1630;4.0412610248115479
1640;153.04422132023072;1640;0;1640;6.5309610278633992;1640;504.89881716562479;1640;3.9402447584459974;1640;4.040345469527268
1650;153.06863612781152;1650;0;1650;6.5797906430249951;1650;504.89881716562479;1650;3.9402447584459974;1650;4.0379039887691883
1660;153.15408795434431;1660;0.012207403790398877;1660;6.6042054506057921;1660;504.81973121632592;1660;3.9402447584459974;1660;4.0348521378215887
1670;153.10525833918271;1670;0;1670;6.5797906430249951;1670;504.78018824167657;1670;3.9402447584459974;1670;4.0427869502853477
1680;152.97097689748833;1680;0.012207403790398877;1680;6.6042054506057921;1680;504.89881716562479;1680;3.9402447584459974;1680;4.0400402844325081
1690;152.95876949369793;1690;0;1690;6.6408276619769886;1690;504.81973121632592;1690;3.9402447584459974;1690;4.0339365825373088
1700;153.08084353160191;1700;0;1700;6.6164128543961915;1700;504.78018824167657;1700;3.9402447584459974;1700;4.040955839716788
1710;153.04422132023072;1710;0;1710;6.6896572771385845;1710;504.81973121632592;1710;3.9402447584459974;1710;4.0424817651905878
1720;152.97097689748833;1720;0.012207403790398877;1720;6.7751091036713769;1720;504.89881716562479;1720;3.9402447584459974;1720;4.0397350993377481
1730;152.90993987853633;1730;0.024414807580797754;1730;6.7629016998809783;1730;504.81973121632592;1730;3.9402447584459974;1730;4.0330210272530289
1740;153.00759910885952;1740;0;1740;6.677449873348186;1740;504.81973121632592;1740;3.9402447584459974;1740;4.0424817651905878
1750;152.86111026337474;1750;0;1750;6.7140720847193833;1750;504.89881716562479;1750;3.9402447584459974;1750;4.0397350993377481
1760;152.89773247474594;1760;0;1760;6.7140720847193833;1760;504.81973121632592;1760;3.9402447584459974;1760;4.0369884334849084
1770;153.15408795434431;1770;0;1770;6.73848689230018;1770;504.89881716562479;1770;3.9402447584459974;1770;4.0357676931058686
1780;153.14188055055391;1780;0;1780;6.7629016998809783;1780;504.81973121632592;1780;3.9402447584459974;1780;4.0421765800958278
1790;153.10525833918271;1790;0.012207403790398877;1790;6.7751091036713769;1790;504.81973121632592;1790;3.9402447584459974;1790;4.0400402844325081
1800;153.14188055055391;1800;0;1800;6.7995239112521739;1800;504.78018824167657;1800;3.9402447584459974;1800;4.0345469527268287
1810;153.04422132023072;1810;0;1810;6.73848689230018;1810;504.78018824167657;1810;3.9402447584459974;1810;4.0421765800958278
1820;152.78786584063235;1820;0;1820;6.8117313150425742;1820;504.89881716562479;1820;3.9402447584459974;1820;4.0418713950010678
1830;153.04422132023072;1830;0;1830;6.8971831415753648;1830;504.89881716562479;1830;3.9402447584459974;1830;4.0397350993377481
1840;153.1785027619251;1840;0.012207403790398877;1840;6.84835352641377;1840;504.89881716562479;1840;3.9402447584459974;1840;4.0327158421582689
1850;153.08084353160191;1850;0;1850;6.8849757377849663;1850;504.81973121632592;1850;3.9402447584459974;1850;4.0412610248115479
1860;152.98318430127873;1860;0;1860;6.9338053529465622;1860;504.81973121632592;1860;3.9402447584459974;1860;4.0382091738639483
1870;152.92214728232673;1870;0;1870;6.9093905453657651;1870;504.81973121632592;1870;3.9402447584459974;1870;4.0354625080111086
1880;152.99539170506912;1880;0;1880;6.9826349681081572;1880;504.81973121632592;1880;3.9402447584459974;1880;4.0369884334849084
1890;153.00759910885952;1890;0.012207403790398877;1890;7.0314645832697531;1890;504.81973121632592;1890;3.9402447584459974;1890;4.040955839716788
1900;153.06863612781152;1900;0.012207403790398877;1900;7.0436719870601516;1900;504.81973121632592;1900;3.9402447584459974;1900;4.040345469527268
1910;153.04422132023072;1910;0;1910;7.0436719870601516;1910;504.81973121632592;1910;3.9402447584459974;1910;4.0333262123477889
1920;153.10525833918271;1920;0;1920;6.9704275643177587;1920;504.78018824167657;1920;3.9402447584459974;1920;4.0418713950010678
1930;153.08084353160191;1930;0;1930;7.080294198431349;1930;504.78018824167657;1930;3.9402447584459974;1930;4.040345469527268
1940;153.06863612781152;1940;0;1940;7.1657460249641414;1940;504.81973121632592;1940;3.9402447584459974;1940;4.0375988036744284
1950;152.92214728232673;1950;0;1950;7.129123813592944;1950;504.89881716562479;1950;3.9402447584459974;1950;4.0330210272530289
1960;152.94656208990753;1960;0.012207403790398877;1960;7.1169164098025455;1960;504.81973121632592;1960;3.9402447584459974;1960;4.040955839716788
1970;152.97097689748833;1970;0.012207403790398877;1970;7.1413312173833425;1970;504.78018824167657;1970;3.9402447584459974;1970;4.0394299142429881
1980;153.00759910885952;1980;0;1980;7.17795342875454;1980;504.81973121632592;1980;3.9402447584459974;1980;4.0354625080111086
1990;152.97097689748833;1990;0;1990;7.1413312173833425;1990;504.89881716562479;1990;3.9402447584459974;1990;4.0388195440534682
2000;152.94656208990753;2000;0;2000;7.1169164098025455;2000;504.81973121632592;2000;3.9402447584459974;2000;4.0421765800958278
2010;153.06863612781152;2010;0;2010;7.2145756401257364;2010;504.89881716562479;2010;3.9402447584459974;2010;4.0400402844325081
2020;153.09305093539231;2020;0.012207403790398877;2020;7.2267830439161349;2020;504.78018824167657;2020;3.9402447584459974;2020;4.032410657063509
2030;153.1662953581347;2030;0.012207403790398877;2030;7.1413312173833425;2030;504.74064526702711;2030;3.9402447584459974;2030;4.0418713950010678
2040;153.01980651264992;2040;0;2040;7.1413312173833425;2040;504.81973121632592;2040;3.9402447584459974;2040;4.0400402844325081
2050;153.14188055055391;2050;0.012207403790398877;2050;7.2389904477065334;2050;504.81973121632592;2050;3.9402447584459974;2050;4.0379039887691883
2060;153.08084353160191;2060;0;2060;7.3000274666585288;2060;504.81973121632592;2060;3.9402447584459974;2060;4.0348521378215887
2070;152.94656208990753;2070;0;2070;7.2389904477065334;2070;504.78018824167657;2070;3.9402447584459974;2070;4.0418713950010678
2080;153.08084353160191;2080;0.012207403790398877;2080;7.3366496780297243;2080;504.89881716562479;2080;3.9402447584459974;2080;4.0400402844325081
2090;153.15408795434431;2090;0;2090;7.3366496780297243;2090;504.9383601402742;2090;3.9402447584459974;2090;4.0348521378215887
2100;153.11746574297311;2100;0.024414807580797754;2100;7.3610644856105232;2100;504.81973121632592;2100;3.9402447584459974;2100;4.040955839716788
2110;152.99539170506912;2110;0.036622211371196631;2110;7.4343089083529161;2110;504.81973121632592;2110;3.9402447584459974;2110;4.0424817651905878
2120;153.04422132023072;2120;0.012207403790398877;2120;7.4831385235145111;2120;504.81973121632592;2120;3.9402447584459974;2120;4.040345469527268
2130;152.94656208990753;2130;0;2130;7.4953459273049114;2130;504.89881716562479;2130;3.9402447584459974;2130;4.0330210272530289
2140;152.87331766716514;2140;0;2140;7.4343089083529161;2140;504.81973121632592;2140;3.9402447584459974;2140;4.0418713950010678
2150;152.87331766716514;2150;0;2150;7.38547929319132;2150;504.81973121632592;2150;3.9402447584459974;2150;4.0397350993377481
2160;152.94656208990753;2160;0;2160;7.3244422742393258;2160;504.9383601402742;2160;3.9402447584459974;2160;4.0375988036744284
2170;152.95876949369793;2170;0;2170;7.4098941007721191;2170;504.89881716562479;2170;3.9402447584459974;2170;4.0363780632953885
2180;153.06863612781152;2180;0;2180;7.50755333109531;2180;504.81973121632592;2180;3.9402447584459974;2180;4.0418713950010678
2190;153.1662953581347;2190;0;2190;7.531968138676107;2190;504.89881716562479;2190;3.9402447584459974;2190;4.0400402844325081
2200;152.97097689748833;2200;0;2200;7.5197607348857085;2200;504.89881716562479;2200;3.9402447584459974;2200;4.0345469527268287
2210;152.87331766716514;2210;0;2210;7.50755333109531;2210;504.81973121632592;2210;3.9402447584459974;2210;4.0418713950010678
2220;152.87331766716514;2220;0;2220;7.5441755424665065;2220;504.81973121632592;2220;3.9402447584459974;2220;4.0412610248115479
2230;153.01980651264992;2230;0;2230;7.6052125614185009;2230;504.81973121632592;2230;3.9402447584459974;2230;4.0400402844325081
2240;153.01980651264992;2240;0.012207403790398877;2240;7.6296273689992979;2240;504.81973121632592;2240;3.9402447584459974;2240;4.0339365825373088
2250;153.00759910885952;2250;0;2250;7.6052125614185009;2250;504.89881716562479;2250;3.9402447584459974;2250;4.0424817651905878
2260;152.98318430127873;2260;0;2260;7.6296273689992979;2260;504.89881716562479;2260;3.9402447584459974;2260;4.040650654622028
2270;152.92214728232673;2270;0;2270;7.6418347727896974;2270;504.81973121632592;2270;3.9402447584459974;2270;4.0372936185796684
2280;153.00759910885952;2280;0;2280;7.71507919553209;2280;504.81973121632592;2280;3.9402447584459974;2280;4.0379039887691883
2290;153.04422132023072;2290;0;2290;7.71507919553209;2290;504.81973121632592;2290;3.9402447584459974;2290;4.040955839716788
2300;152.98318430127873;2300;0;2300;7.6906643879512933;2300;504.81973121632592;2300;3.9402447584459974;2300;4.040345469527268
2310;152.98318430127873;2310;0;2310;7.71507919553209;2310;504.89881716562479;2310;3.9402447584459974;2310;4.0348521378215887
2320;153.00759910885952;2320;0;2320;7.678456984160893;2320;504.89881716562479;2320;3.9402447584459974;2320;4.0421765800958278
2330;152.92214728232673;2330;0;2330;7.7639088106936853;2330;504.81973121632592;2330;3.9402447584459974;2330;4.040345469527268
2340;152.98318430127873;2340;0;2340;7.8005310220648827;2340;504.78018824167657;2340;3.9402447584459974;2340;4.0400402844325081
2350;152.95876949369793;2350;0;2350;7.7272865993224888;2350;504.81973121632592;2350;3.9402447584459974;2350;4.0351573229163487
2360;153.00759910885952;2360;0.012207403790398877;2360;7.7028717917416918;2360;504.81973121632592;2360;3.9402447584459974;2360;4.0418713950010678
2370;153.05642872402112;2370;0.048829615161595508;2370;7.83715323343608;2370;504.89881716562479;2370;3.9402447584459974;2370;4.040650654622028
2380;153.00759910885952;2380;0.036622211371196631;2380;7.934812463759271;2380;504.81973121632592;2380;3.9402447584459974;2380;4.0372936185796684
2390;153.00759910885952;2390;0;2390;7.8859828485976751;2390;504.81973121632592;2390;3.9402447584459974;2390;4.0400402844325081
2400;152.95876949369793;2400;0;2400;7.8737754448072756;2400;504.78018824167657;2400;3.9402447584459974;2400;4.040955839716788
2410;152.95876949369793;2410;0;2410;7.8859828485976751;2410;504.81973121632592;2410;3.9402447584459974;2410;4.0400402844325081
2420;153.00759910885952;2420;0.024414807580797754;2420;7.8859828485976751;2420;504.78018824167657;2420;3.9402447584459974;2420;4.0339365825373088
2430;153.11746574297311;2430;0.012207403790398877;2430;7.959227271340068;2430;504.78018824167657;2430;3.9402447584459974;2430;4.0418713950010678
2440;152.95876949369793;2440;0;2440;7.9226050599688707;2440;504.74064526702711;2440;3.9402447584459974;2440;4.0394299142429881
2450;152.99539170506912;2450;0;2450;7.8859828485976751;2450;504.78018824167657;2450;3.9402447584459974;2450;4.0379039887691883
2460;153.05642872402112;2460;0.012207403790398877;2460;7.9226050599688707;2460;504.81973121632592;2460;3.9402447584459974;2460;4.0351573229163487
2470;152.99539170506912;2470;0;2470;7.8859828485976751;2470;504.78018824167657;2470;3.9402447584459974;2470;4.040955839716788
2480;152.95876949369793;2480;0.012207403790398877;2480;7.983642078920866;2480;504.81973121632592;2480;3.9402447584459974;2480;4.0400402844325081
2490;152.95876949369793;2490;0.012207403790398877;2490;8.0568865016632589;2490;504.81973121632592;2490;3.9402447584459974;2490;4.0363780632953885
2500;152.99539170506912;2500;0;2500;7.9958494827112645;2500;504.81973121632592;2500;3.9402447584459974;2500;4.040955839716788
2510;152.88552507095554;2510;0;2510;7.8981902523880736;2510;504.78018824167657;2510;3.9402447584459974;2510;4.0400402844325081
2520;152.90993987853633;2520;0.024414807580797754;2520;7.8737754448072756;2520;504.78018824167657;2520;3.9402447584459974;2520;4.040650654622028
2530;152.95876949369793;2530;0.024414807580797754;2530;7.934812463759271;2530;504.81973121632592;2530;3.9402447584459974;2530;4.0354625080111086
2540;152.97097689748833;2540;0.012207403790398877;2540;8.0324716940824619;2540;504.81973121632592;2540;3.9402447584459974;2540;4.0421765800958278
2550;152.83669545579394;2550;0.012207403790398877;2550;8.1789605395672478;2550;504.78018824167657;2550;3.9402447584459974;2550;4.0388195440534682
2560;152.94656208990753;2560;0;2560;8.1301309244056519;2560;504.74064526702711;2560;3.9402447584459974;2560;4.0388195440534682
2570;153.01980651264992;2570;0;2570;8.0690939054536575;2570;504.78018824167657;2570;3.9402447584459974;2570;4.0379039887691883
2580;152.98318430127873;2580;0;2580;8.0324716940824619;2580;504.81973121632592;2580;3.9402447584459974;2580;4.040955839716788
2590;153.01980651264992;2590;0;2590;8.0935087130344563;2590;504.81973121632592;2590;3.9402447584459974;2590;4.040955839716788
2600;153.05642872402112;2600;0;2600;8.1911679433576463;2600;504.81973121632592;2600;3.9402447584459974;2600;4.0360728782006285
2610;153.14188055055391;2610;0;2610;8.3010345774712366;2610;504.89881716562479;2610;3.9402447584459974;2610;4.040955839716788
2620;152.89773247474594;2620;0;2620;8.26441236610004;2620;504.81973121632592;2620;3.9402447584459974;2620;4.0397350993377481
2630;152.90993987853633;2630;0.036622211371196631;2630;8.1789605395672478;2630;504.81973121632592;2630;3.9402447584459974;2630;4.0400402844325081
2640;153.10525833918271;2640;0.036622211371196631;2640;8.1301309244056519;2640;504.81973121632592;2640;3.9402447584459974;2640;4.0348521378215887
2650;153.2273323770867;2650;0.012207403790398877;2650;8.1179235206152534;2650;504.81973121632592;2650;3.9402447584459974;2650;4.040955839716788
2660;153.08084353160191;2660;0;2660;8.3132419812616352;2660;504.89881716562479;2660;3.9402447584459974;2660;4.0388195440534682
2670;152.99539170506912;2670;0;2670;8.3864864040040281;2670;504.81973121632592;2670;3.9402447584459974;2670;4.0379039887691883
2680;153.09305093539231;2680;0;2680;8.3864864040040281;2680;504.81973121632592;2680;3.9402447584459974;2680;4.0385143589587083
2690;152.98318430127873;2690;0;2690;8.3864864040040281;2690;504.81973121632592;2690;3.9402447584459974;2690;4.040650654622028
2700;152.98318430127873;2700;0.012207403790398877;2700;8.3254493850520355;2700;504.81973121632592;2700;3.9402447584459974;2700;4.040650654622028
2710;152.99539170506912;2710;0.012207403790398877;2710;8.3132419812616352;2710;504.81973121632592;2710;3.9402447584459974;2710;4.0360728782006285
2720;153.01980651264992;2720;0;2720;8.3010345774712366;2720;504.9383601402742;2720;3.9402447584459974;2720;4.0421765800958278
2730;152.87331766716514;2730;0;2730;8.2888271736808381;2730;504.9383601402742;2730;3.9402447584459974;2730;4.0397350993377481
2740;152.97097689748833;2740;0;2740;8.37427900021363;2740;504.81973121632592;2740;3.9402447584459974;2740;4.040345469527268
2750;153.06863612781152;2750;0.036622211371196631;2750;8.3864864040040281;2750;504.81973121632592;2750;3.9402447584459974;2750;4.0360728782006285
2760;153.06863612781152;2760;0.024414807580797754;2760;8.37427900021363;2760;504.89881716562479;2760;3.9402447584459974;2760;4.040955839716788
2770;153.05642872402112;2770;0;2770;8.48414563432722;2770;504.81973121632592;2770;3.9402447584459974;2770;4.0394299142429881
2780;152.95876949369793;2780;0;2780;8.4109012115848252;2780;504.78018824167657;2780;3.9402447584459974;2780;4.0372936185796684
2790;153.05642872402112;2790;0;2790;8.3986938077944266;2790;504.81973121632592;2790;3.9402447584459974;2790;4.0397350993377481
2800;153.14188055055391;2800;0;2800;8.5695974608600132;2800;504.81973121632592;2800;3.9402447584459974;2800;4.0400402844325081
2810;153.10525833918271;2810;0.012207403790398877;2810;8.5695974608600132;2810;504.81973121632592;2810;3.9402447584459974;2810;4.040955839716788
2820;153.04422132023072;2820;0;2820;8.4719382305368214;2820;504.89881716562479;2820;3.9402447584459974;2820;4.0357676931058686
2830;153.00759910885952;2830;0;2830;8.5207678456984173;2830;504.89881716562479;2830;3.9402447584459974;2830;4.0418713950010678
2840;152.97097689748833;2840;0;2840;8.5329752494888158;2840;504.78018824167657;2840;3.9402447584459974;2840;4.0385143589587083
2850;153.14188055055391;2850;0;2850;8.6184270760216073;2850;504.74064526702711;2850;3.9402447584459974;2850;4.0394299142429881
2860;153.15408795434431;2860;0;2860;8.6184270760216073;2860;504.74064526702711;2860;3.9402447584459974;2860;4.0369884334849084
2870;153.09305093539231;2870;0;2870;8.5818048646504117;2870;504.74064526702711;2870;3.9402447584459974;2870;4.040345469527268
2880;152.97097689748833;2880;0.012207403790398877;2880;8.691671498764;2880;504.81973121632592;2880;3.9402447584459974;2880;4.040345469527268
2890;152.94656208990753;2890;0.036622211371196631;2890;8.6550492873928029;2890;504.81973121632592;2890;3.9402447584459974;2890;4.0379039887691883
2900;153.06863612781152;2900;0.036622211371196631;2900;8.7038789025543988;2900;504.78018824167657;2900;3.9402447584459974;2900;4.040955839716788
2910;153.01980651264992;2910;0;2910;8.8137455366679891;2910;504.78018824167657;2910;3.9402447584459974;2910;4.0397350993377481
2920;153.04422132023072;2920;0;2920;8.7527085177159947;2920;504.78018824167657;2920;3.9402447584459974;2920;4.040650654622028
2930;152.99539170506912;2930;0;2930;8.8503677480391847;2930;504.78018824167657;2930;3.9402447584459974;2930;4.0360728782006285
2940;153.00759910885952;2940;0.012207403790398877;2940;8.8259529404583876;2940;504.81973121632592;2940;3.9402447584459974;2940;4.0421765800958278
2950;152.92214728232673;2950;0.012207403790398877;2950;8.691671498764;2950;504.81973121632592;2950;3.9402447584459974;2950;4.0382091738639483
2960;152.98318430127873;2960;0;2960;8.7038789025543988;2960;504.81973121632592;2960;3.9402447584459974;2960;4.0385143589587083
2970;153.04422132023072;2970;0;2970;8.7160863063447991;2970;504.81973121632592;2970;3.9402447584459974;2970;4.0385143589587083
2980;153.05642872402112;2980;0;2980;8.7038789025543988;2980;504.78018824167657;2980;3.9402447584459974;2980;4.040650654622028
2990;153.1907101657155;2990;0;2990;8.80153813287759;2990;504.81973121632592;2990;3.9402447584459974;2990;4.040650654622028
3000;153.09305093539231;3000;0;3000;8.8137455366679891;3000;504.78018824167657;3000;3.9402447584459974;3000;4.0360728782006285
3010;152.98318430127873;3010;0;3010;8.80153813287759;3010;504.78018824167657;3010;3.9402447584459974;3010;4.040345469527268
3020;152.94656208990753;3020;0.012207403790398877;3020;8.862575151829585;3020;504.74064526702711;3020;3.9402447584459974;3020;4.0394299142429881
3030;153.00759910885952;3030;0.012207403790398877;3030;8.8747825556199835;3030;504.74064526702711;3030;3.9402447584459974;3030;4.040345469527268
3040;153.05642872402112;3040;0;3040;8.862575151829585;3040;504.81973121632592;3040;3.9402447584459974;3040;4.0345469527268287
3050;153.15408795434431;3050;0;3050;8.935819574571978;3050;504.89881716562479;3050;3.9402447584459974;3050;4.0400402844325081
3060;153.11746574297311;3060;0;3060;9.03347880489517;3060;504.89881716562479;3060;3.9402447584459974;3060;4.0382091738639483
3070;153.10525833918271;3070;0.012207403790398877;3070;8.9968565935239724;3070;504.81973121632592;3070;3.9402447584459974;3070;4.0375988036744284
3080;153.00759910885952;3080;0.024414807580797754;3080;8.9846491897335738;3080;504.78018824167657;3080;3.9402447584459974;3080;4.0382091738639483
3090;152.94656208990753;3090;0;3090;8.9724417859431753;3090;504.78018824167657;3090;3.9402447584459974;3090;4.0394299142429881
3100;152.92214728232673;3100;0;3100;8.9724417859431753;3100;504.78018824167657;3100;3.9402447584459974;3100;4.040345469527268
3110;152.92214728232673;3110;0;3110;8.9602343821527768;3110;504.74064526702711;3110;3.9402447584459974;3110;4.0357676931058686
3120;153.04422132023072;3120;0;3120;8.935819574571978;3120;504.74064526702711;3120;3.9402447584459974;3120;4.0412610248115479
3130;153.05642872402112;3130;0.012207403790398877;3130;8.92361217078158;3130;504.78018824167657;3130;3.9402447584459974;3130;4.0385143589587083
3140;153.1662953581347;3140;0;3140;8.935819574571978;3140;504.78018824167657;3140;3.9402447584459974;3140;4.0397350993377481
3150;153.09305093539231;3150;0;3150;8.9114047669911809;3150;504.78018824167657;3150;3.9402447584459974;3150;4.0351573229163487
3160;153.05642872402112;3160;0;3160;8.92361217078158;3160;504.74064526702711;3160;3.9402447584459974;3160;4.0400402844325081
3170;153.01980651264992;3170;0.012207403790398877;3170;9.0701010162663653;3170;504.81973121632592;3170;3.9402447584459974;3170;4.0394299142429881
3180;153.01980651264992;3180;0.024414807580797754;3180;9.1189306314279612;3180;504.89881716562479;3180;3.9402447584459974;3180;4.0382091738639483
3190;153.11746574297311;3190;0.036622211371196631;3190;9.0823084200567639;3190;504.89881716562479;3190;3.9402447584459974;3190;4.0397350993377481
3200;153.14188055055391;3200;0;3200;9.1067232276375627;3200;504.78018824167657;3200;3.9402447584459974;3200;4.0397350993377481
3210;153.10525833918271;3210;0;3210;9.1067232276375627;3210;504.74064526702711;3210;3.9402447584459974;3210;4.0418713950010678
3220;152.99539170506912;3220;0;3220;9.0823084200567639;3220;504.78018824167657;3220;3.9402447584459974;3220;4.0360728782006285
3230;153.05642872402112;3230;0;3230;9.2287972655415516;3230;504.89881716562479;3230;3.9402447584459974;3230;4.040955839716788
3240;152.94656208990753;3240;0.012207403790398877;3240;9.2898342844935442;3240;504.81973121632592;3240;3.9402447584459974;3240;4.0379039887691883
3250;152.97097689748833;3250;0;3250;9.2898342844935442;3250;504.89881716562479;3250;3.9402447584459974;3250;4.0397350993377481
3260;153.06863612781152;3260;0;3260;9.314249092074343;3260;504.89881716562479;3260;3.9402447584459974;3260;4.0372936185796684
3270;153.06863612781152;3270;0;3270;9.1799676503799557;3270;504.78018824167657;3270;3.9402447584459974;3270;4.040650654622028
3280;153.01980651264992;3280;0;3280;9.1921750541703542;3280;504.9383601402742;3280;3.9402447584459974;3280;4.040345469527268
3290;152.99539170506912;3290;0;3290;9.35087130344554;3290;504.89881716562479;3290;3.9402447584459974;3290;4.0375988036744284
3300;153.1907101657155;3300;0;3300;9.4485305337687322;3300;504.81973121632592;3300;3.9402447584459974;3300;4.040650654622028
3310;153.15408795434431;3310;0;3310;9.35087130344554;3310;504.81973121632592;3310;3.9402447584459974;3310;4.0394299142429881
3320;153.09305093539231;3320;0;3320;9.314249092074343;3320;504.81973121632592;3320;3.9402447584459974;3320;4.040955839716788
3330;153.04422132023072;3330;0;3330;9.314249092074343;3330;504.81973121632592;3330;3.9402447584459974;3330;4.0357676931058686
3340;153.01980651264992;3340;0.012207403790398877;3340;9.3264564958647416;3340;504.78018824167657;3340;3.9402447584459974;3340;4.040955839716788
3350;153.05642872402112;3350;0.012207403790398877;3350;9.387493514816736;3350;504.78018824167657;3350;3.9402447584459974;3350;4.0379039887691883
3360;153.1785027619251;3360;0;3360;9.2898342844935442;3360;504.89881716562479;3360;3.9402447584459974;3360;4.0388195440534682
3370;153.06863612781152;3370;0.024414807580797754;3370;9.387493514816736;3370;504.89881716562479;3370;3.9402447584459974;3370;4.0375988036744284
3380;152.97097689748833;3380;0;3380;9.55839716788232;3380;504.81973121632592;3380;3.9402447584459974;3380;4.0394299142429881
3390;153.04422132023072;3390;0;3390;9.47294534134953;3390;504.89881716562479;3390;3.9402447584459974;3390;4.040345469527268
3400;152.97097689748833;3400;0;3400;9.4241157261879334;3400;504.81973121632592;3400;3.9402447584459974;3400;4.0372936185796684
3410;153.10525833918271;3410;0.012207403790398877;3410;9.4241157261879334;3410;504.81973121632592;3410;3.9402447584459974;3410;4.0418713950010678
3420;153.01980651264992;3420;0.012207403790398877;3420;9.4485305337687322;3420;504.81973121632592;3420;3.9402447584459974;3420;4.0388195440534682
3430;153.05642872402112;3430;0;3430;9.5461897640919222;3430;504.81973121632592;3430;3.9402447584459974;3430;4.0400402844325081
3440;153.1907101657155;3440;0;3440;9.4973601489303263;3440;504.81973121632592;3440;3.9402447584459974;3440;4.0363780632953885
3450;153.25174718466749;3450;0;3450;9.4485305337687322;3450;504.74064526702711;3450;3.9402447584459974;3450;4.0421765800958278
3460;153.11746574297311;3460;0;3460;9.5095675527207248;3460;504.78018824167657;3460;3.9402447584459974;3460;4.0388195440534682
3470;153.06863612781152;3470;0.024414807580797754;3470;9.4851527451399278;3470;504.81973121632592;3470;3.9402447584459974;3470;4.0382091738639483
3480;153.06863612781152;3480;0.024414807580797754;3480;9.4973601489303263;3480;504.78018824167657;3480;3.9402447584459974;3480;4.0394299142429881
3490;152.99539170506912;3490;0;3490;9.6316415906247137;3490;504.78018824167657;3490;3.9402447584459974;3490;4.040345469527268
3500;153.10525833918271;3500;0;3500;9.7170934171575052;3500;504.89881716562479;3500;3.9402447584459974;3500;4.0418713950010678
3510;153.00759910885952;3510;0;3510;9.6926786095767081;3510;504.89881716562479;3510;3.9402447584459974;3510;4.0372936185796684
3520;153.01980651264992;3520;0;3520;9.6926786095767081;3520;504.89881716562479;3520;3.9402447584459974;3520;4.0412610248115479
3530;153.01980651264992;3530;0;3530;9.6926786095767081;3530;504.89881716562479;3530;3.9402447584459974;3530;4.0385143589587083
3540;152.97097689748833;3540;0;3540;9.7170934171575052;3540;504.78018824167657;3540;3.9402447584459974;3540;4.040345469527268
3550;152.94656208990753;3550;0;3550;9.7048860133671067;3550;504.74064526702711;3550;3.9402447584459974;3550;4.0369884334849084
3560;153.00759910885952;3560;0;3560;9.6926786095767081;3560;504.78018824167657;3560;3.9402447584459974;3560;4.0412610248115479
3570;152.97097689748833;3570;0.012207403790398877;3570;9.6926786095767081;3570;504.81973121632592;3570;3.9402447584459974;3570;4.0388195440534682
3580;152.94656208990753;3580;0;3580;9.7048860133671067;3580;504.81973121632592;3580;3.9402447584459974;3580;4.0385143589587083
3590;152.98318430127873;3590;0;3590;9.7659230323191011;3590;504.78018824167657;3590;3.9402447584459974;3590;4.040650654622028
3600;152.94656208990753;3600;0;3600;9.7537156285287026;3600;504.74064526702711;3600;3.9402447584459974;3600;4.0397350993377481
3610;152.99539170506912;3610;0;3610;9.8269600512710955;3610;504.81973121632592;3610;3.9402447584459974;3610;4.0412610248115479
3620;152.95876949369793;3620;0;3620;9.8879970702230917;3620;504.89881716562479;3620;3.9402447584459974;3620;4.0360728782006285
3630;152.99539170506912;3630;0;3630;9.8025452436902984;3630;504.89881716562479;3630;3.9402447584459974;3630;4.0418713950010678
3640;153.09305093539231;3640;0;3640;9.8879970702230917;3640;504.78018824167657;3640;3.9402447584459974;3640;4.0382091738639483
3650;153.2029175695059;3650;0.012207403790398877;3650;9.8757896664326914;3650;504.78018824167657;3650;3.9402447584459974;3650;4.0397350993377481
3660;153.08084353160191;3660;0;3660;9.7903378398999;3660;504.81973121632592;3660;3.9402447584459974;3660;4.0372936185796684
3670;152.90993987853633;3670;0.012207403790398877;3670;9.814752647480697;3670;504.74064526702711;3670;3.9402447584459974;3670;4.040345469527268
3680;152.90993987853633;3680;0.024414807580797754;3680;9.8635822626422929;3680;504.74064526702711;3680;3.9402447584459974;3680;4.0397350993377481
3690;152.97097689748833;3690;0;3690;9.8269600512710955;3690;504.74064526702711;3690;3.9402447584459974;3690;4.0372936185796684
3700;153.04422132023072;3700;0.012207403790398877;3700;9.8025452436902984;3700;504.78018824167657;3700;3.9402447584459974;3700;4.040345469527268
3710;152.98318430127873;3710;0.024414807580797754;3710;9.90020447401349;3710;504.78018824167657;3710;3.9402447584459974;3710;4.0394299142429881
3720;153.04422132023072;3720;0.012207403790398877;3720;10.022278511917477;3720;504.78018824167657;3720;3.9402447584459974;3720;4.040955839716788
3730;153.01980651264992;3730;0;3730;10.046693319498276;3730;504.78018824167657;3730;3.9402447584459974;3730;4.0357676931058686
3740;153.05642872402112;3740;0.012207403790398877;3740;9.99786370433668;3740;504.81973121632592;3740;3.9402447584459974;3740;4.0412610248115479
3750;153.06863612781152;3750;0.012207403790398877;3750;9.9856563005462817;3750;504.89881716562479;3750;3.9402447584459974;3750;4.0379039887691883
3760;153.09305093539231;3760;0;3760;10.046693319498276;3760;504.81973121632592;3760;3.9402447584459974;3760;4.0385143589587083
3770;153.15408795434431;3770;0;3770;10.119937742240667;3770;504.78018824167657;3770;3.9402447584459974;3770;4.0375988036744284
3780;153.00759910885952;3780;0;3780;10.107730338450269;3780;504.74064526702711;3780;3.9402447584459974;3780;4.0400402844325081
3790;152.97097689748833;3790;0;3790;10.09552293465987;3790;504.78018824167657;3790;3.9402447584459974;3790;4.040345469527268
3800;152.99539170506912;3800;0.024414807580797754;3800;9.99786370433668;3800;504.81973121632592;3800;3.9402447584459974;3800;4.0363780632953885
3810;153.04422132023072;3810;0.024414807580797754;3810;10.010071108127079;3810;504.78018824167657;3810;3.9402447584459974;3810;4.0412610248115479
3820;152.99539170506912;3820;0;3820;9.99786370433668;3820;504.81973121632592;3820;3.9402447584459974;3820;4.0385143589587083
3830;153.08084353160191;3830;0;3830;10.010071108127079;3830;504.89881716562479;3830;3.9402447584459974;3830;4.0397350993377481
3840;153.10525833918271;3840;0;3840;10.107730338450269;3840;504.81973121632592;3840;3.9402447584459974;3840;4.0345469527268287
3850;153.15408795434431;3850;0;3850;10.180974761192665;3850;504.81973121632592;3850;3.9402447584459974;3850;4.0400402844325081
3860;153.09305093539231;3860;0.012207403790398877;3860;10.193182164983064;3860;504.78018824167657;3860;3.9402447584459974;3860;4.0385143589587083
3870;153.11746574297311;3870;0.012207403790398877;3870;10.156559953611865;3870;504.74064526702711;3870;3.9402447584459974;3870;4.0372936185796684
3880;153.06863612781152;3880;0.036622211371196631;3880;10.180974761192665;3880;504.74064526702711;3880;3.9402447584459974;3880;4.0379039887691883
3890;153.00759910885952;3890;0.012207403790398877;3890;10.168767357402263;3890;504.78018824167657;3890;3.9402447584459974;3890;4.0388195440534682
3900;153.09305093539231;3900;0;3900;10.242011780144658;3900;504.81973121632592;3900;3.9402447584459974;3900;4.040345469527268
3910;153.04422132023072;3910;0;3910;10.278633991515855;3910;504.89881716562479;3910;3.9402447584459974;3910;4.0360728782006285
3920;153.06863612781152;3920;0.012207403790398877;3920;10.364085818048645;3920;504.89881716562479;3920;3.9402447584459974;3920;4.040955839716788
3930;153.05642872402112;3930;0.012207403790398877;3930;10.400708029419842;3930;504.81973121632592;3930;3.9402447584459974;3930;4.0372936185796684
3940;153.08084353160191;3940;0;3940;10.364085818048645;3940;504.81973121632592;3940;3.9402447584459974;3940;4.0388195440534682
3950;153.04422132023072;3950;0;3950;10.388500625629444;3950;504.81973121632592;3950;3.9402447584459974;3950;4.0363780632953885
3960;153.01980651264992;3960;0;3960;10.351878414258247;3960;504.78018824167657;3960;3.9402447584459974;3960;4.040955839716788
3970;153.01980651264992;3970;0;3970;10.290841395306254;3970;504.78018824167657;3970;3.9402447584459974;3970;4.0385143589587083
3980;153.05642872402112;3980;0;3980;10.315256202887051;3980;504.78018824167657;3980;3.9402447584459974;3980;4.0360728782006285
3990;153.10525833918271;3990;0;3990;10.449537644581438;3990;504.78018824167657;3990;3.9402447584459974;3990;4.0385143589587083
4000;153.11746574297311;4000;0;4000;10.486159855952634;4000;504.74064526702711;4000;3.9402447584459974;4000;4.0388195440534682
4010;153.10525833918271;4010;0;4010;10.473952452162235;4010;504.74064526702711;4010;3.9402447584459974;4010;4.0400402844325081
4020;152.99539170506912;4020;0.012207403790398877;4020;10.473952452162235;4020;504.78018824167657;4020;3.9402447584459974;4020;4.0351573229163487
4030;153.01980651264992;4030;0.048829615161595508;4030;10.522782067323833;4030;504.78018824167657;4030;3.9402447584459974;4030;4.040650654622028
4040;152.94656208990753;4040;0.048829615161595508;4040;10.583819086275827;4040;504.81973121632592;4040;3.9402447584459974;4040;4.0372936185796684
4050;152.94656208990753;4050;0.012207403790398877;4050;10.473952452162235;4050;504.78018824167657;4050;3.9402447584459974;4050;4.0388195440534682
4060;152.99539170506912;4060;0;4060;10.486159855952634;4060;504.78018824167657;4060;3.9402447584459974;4060;4.0363780632953885
4070;152.98318430127873;4070;0;4070;10.596026490066226;4070;504.78018824167657;4070;3.9402447584459974;4070;4.040345469527268
4080;153.06863612781152;4080;0;4080;10.583819086275827;4080;504.78018824167657;4080;3.9402447584459974;4080;4.0400402844325081
4090;153.11746574297311;4090;0;4090;10.559404278695029;4090;504.78018824167657;4090;3.9402447584459974;4090;4.0372936185796684
4100;153.04422132023072;4100;0;4100;10.522782067323833;4100;504.81973121632592;4100;3.9402447584459974;4100;4.0400402844325081
4110;153.01980651264992;4110;0;4110;10.461745048371837;4110;504.78018824167657;4110;3.9402447584459974;4110;4.0379039887691883
4120;153.08084353160191;4120;0.012207403790398877;4120;10.425122837000641;4120;504.74064526702711;4120;3.9402447584459974;4120;4.0397350993377481
4130;152.95876949369793;4130;0;4130;10.571611682485429;4130;504.78018824167657;4130;3.9402447584459974;4130;4.0351573229163487
4140;153.00759910885952;4140;0;4140;10.620441297647023;4140;504.78018824167657;4140;3.9402447584459974;4140;4.040650654622028
4150;153.04422132023072;4150;0.012207403790398877;4150;10.705893124179815;4150;504.78018824167657;4150;3.9402447584459974;4150;4.0379039887691883
4160;153.10525833918271;4160;0;4160;10.864589373454999;4160;504.81973121632592;4160;3.9402447584459974;4160;4.0382091738639483
4170;153.1785027619251;4170;0;4170;10.779137546922209;4170;504.81973121632592;4170;3.9402447584459974;4170;4.0379039887691883
4180;153.08084353160191;4180;0;4180;10.669270912808619;4180;504.78018824167657;4180;3.9402447584459974;4180;4.040345469527268
4190;153.04422132023072;4190;0.024414807580797754;4190;10.718100527970217;4190;504.81973121632592;4190;3.9402447584459974;4190;4.0397350993377481
4200;153.08084353160191;4200;0.024414807580797754;4200;10.8523819696646;4200;504.78018824167657;4200;3.9402447584459974;4200;4.0354625080111086
4210;153.14188055055391;4210;0;4210;10.8523819696646;4210;504.7011022923777;4210;3.9402447584459974;4210;4.0400402844325081
4220;153.06863612781152;4220;0;4220;10.766930143131811;4220;504.7011022923777;4220;3.9402447584459974;4220;4.0375988036744284
4230;153.10525833918271;4230;0;4230;10.840174565874202;4230;504.74064526702711;4230;3.9402447584459974;4230;4.040345469527268
4240;152.98318430127873;4240;0;4240;10.815759758293405;4240;504.78018824167657;4240;3.9402447584459974;4240;4.0357676931058686
4250;152.98318430127873;4250;0;4250;10.815759758293405;4250;504.78018824167657;4250;3.9402447584459974;4250;4.0400402844325081
4260;152.92214728232673;4260;0;4260;10.901211584826195;4260;504.78018824167657;4260;3.9402447584459974;4260;4.0379039887691883
4270;152.95876949369793;4270;0;4270;10.99887081514939;4270;504.74064526702711;4270;3.9402447584459974;4270;4.0379039887691883
4280;153.09305093539231;4280;0;4280;10.913418988616597;4280;504.78018824167657;4280;3.9402447584459974;4280;4.0375988036744284
4290;153.11746574297311;4290;0.012207403790398877;4290;10.864589373454999;4290;504.78018824167657;4290;3.9402447584459974;4290;4.0379039887691883
4300;152.99539170506912;4300;0;4300;10.950041199987792;4300;504.78018824167657;4300;3.9402447584459974;4300;4.040345469527268
4310;152.92214728232673;4310;0;4310;10.913418988616597;4310;504.78018824167657;4310;3.9402447584459974;4310;4.0360728782006285
4320;152.99539170506912;4320;0.012207403790398877;4320;10.901211584826195;4320;504.89881716562479;4320;3.9402447584459974;4320;4.040955839716788
4330;153.00759910885952;4330;0.012207403790398877;4330;10.962248603778194;4330;504.89881716562479;4330;3.9402447584459974;4330;4.0372936185796684
4340;153.10525833918271;4340;0;4340;10.950041199987792;4340;504.81973121632592;4340;3.9402447584459974;4340;4.0397350993377481
4350;152.95876949369793;4350;0;4350;10.950041199987792;4350;504.81973121632592;4350;3.9402447584459974;4350;4.0360728782006285
4360;152.97097689748833;4360;0;4360;10.950041199987792;4360;504.78018824167657;4360;3.9402447584459974;4360;4.040650654622028
4370;153.06863612781152;4370;0;4370;10.974456007568593;4370;504.78018824167657;4370;3.9402447584459974;4370;4.0397350993377481
4380;153.05642872402112;4380;0.012207403790398877;4380;10.950041199987792;4380;504.78018824167657;4380;3.9402447584459974;4380;4.0372936185796684
4390;153.08084353160191;4390;0;4390;11.023285622730187;4390;504.78018824167657;4390;3.9402447584459974;4390;4.0397350993377481
4400;153.08084353160191;4400;0;4400;11.120944853053375;4400;504.74064526702711;4400;3.9402447584459974;4400;4.0388195440534682
4410;152.99539170506912;4410;0;4410;11.145359660634172;4410;504.74064526702711;4410;3.9402447584459974;4410;4.040650654622028
4420;152.92214728232673;4420;0;4420;11.169774468214973;4420;504.74064526702711;4420;3.9402447584459974;4420;4.0360728782006285
4430;153.04422132023072;4430;0;4430;11.096530045472578;4430;504.78018824167657;4430;3.9402447584459974;4430;4.040650654622028
4440;152.99539170506912;4440;0;4440;11.08432264168218;4440;504.78018824167657;4440;3.9402447584459974;4440;4.0372936185796684
4450;153.14188055055391;4450;0.036622211371196631;4450;11.120944853053375;4450;504.78018824167657;4450;3.9402447584459974;4450;4.0397350993377481
4460;153.01980651264992;4460;0.024414807580797754;4460;11.19418927579577;4460;504.81973121632592;4460;3.9402447584459974;4460;4.0375988036744284
4470;152.87331766716514;4470;0;4470;11.218604083376569;4470;504.78018824167657;4470;3.9402447584459974;4470;4.040345469527268
4480;153.01980651264992;4480;0;4480;11.181981872005371;4480;504.81973121632592;4480;3.9402447584459974;4480;4.0400402844325081
4490;153.06863612781152;4490;0;4490;11.157567064424574;4490;504.78018824167657;4490;3.9402447584459974;4490;4.0372936185796684
4500;153.09305093539231;4500;0;4500;11.19418927579577;4500;504.74064526702711;4500;3.9402447584459974;4500;4.040650654622028
4510;152.98318430127873;4510;0;4510;11.29184850611896;4510;504.78018824167657;4510;3.9402447584459974;4510;4.0397350993377481
4520;153.04422132023072;4520;0;4520;11.30405590990936;4520;504.74064526702711;4520;3.9402447584459974;4520;4.040955839716788
4530;152.99539170506912;4530;0;4530;11.340678121280556;4530;504.7011022923777;4530;3.9402447584459974;4530;4.0351573229163487
4540;153.06863612781152;4540;0.012207403790398877;4540;11.352885525070958;4540;504.74064526702711;4540;3.9402447584459974;4540;4.040955839716788
4550;153.08084353160191;4550;0;4550;11.29184850611896;4550;504.78018824167657;4550;3.9402447584459974;4550;4.0385143589587083
4560;153.08084353160191;4560;0;4560;11.255226294747764;4560;504.78018824167657;4560;3.9402447584459974;4560;4.0385143589587083
4570;153.04422132023072;4570;0;4570;11.352885525070958;4570;504.78018824167657;4570;3.9402447584459974;4570;4.0372936185796684
4580;152.89773247474594;4580;0;4580;11.401715140232552;4580;504.78018824167657;4580;3.9402447584459974;4580;4.0400402844325081
4590;152.97097689748833;4590;0;4590;11.316263313699759;4590;504.81973121632592;4590;3.9402447584459974;4590;4.040955839716788
4600;153.01980651264992;4600;0;4600;11.340678121280556;4600;504.78018824167657;4600;3.9402447584459974;4600;4.0363780632953885
4610;153.04422132023072;4610;0;4610;11.401715140232552;4610;504.74064526702711;4610;3.9402447584459974;4610;4.040955839716788
4620;152.97097689748833;4620;0;4620;11.389507736442154;4620;504.78018824167657;4620;3.9402447584459974;4620;4.0388195440534682
4630;152.94656208990753;4630;0.012207403790398877;4630;11.377300332651755;4630;504.78018824167657;4630;3.9402447584459974;4630;4.040345469527268
4640;152.98318430127873;4640;0.024414807580797754;4640;11.548203985717338;4640;504.74064526702711;4640;3.9402447584459974;4640;4.0357676931058686
4650;153.1785027619251;4650;0.024414807580797754;4650;11.560411389507737;4650;504.78018824167657;4650;3.9402447584459974;4650;4.0412610248115479
4660;153.10525833918271;4660;0;4660;11.548203985717338;4660;504.78018824167657;4660;3.9402447584459974;4660;4.0394299142429881
4670;153.00759910885952;4670;0;4670;11.597033600878934;4670;504.78018824167657;4670;3.9402447584459974;4670;4.0385143589587083
4680;152.97097689748833;4680;0;4680;11.560411389507737;4680;504.81973121632592;4680;3.9402447584459974;4680;4.0388195440534682
4690;152.98318430127873;4690;0;4690;11.548203985717338;4690;504.81973121632592;4690;3.9402447584459974;4690;4.0394299142429881
4700;153.01980651264992;4700;0;4700;11.560411389507737;4700;504.78018824167657;4700;3.9402447584459974;4700;4.0412610248115479
4710;153.01980651264992;4710;0;4710;11.597033600878934;4710;504.74064526702711;4710;3.9402447584459974;4710;4.0360728782006285
4720;153.11746574297311;4720;0.012207403790398877;4720;11.572618793298135;4720;504.74064526702711;4720;3.9402447584459974;4720;4.040650654622028
4730;153.01980651264992;4730;0.024414807580797754;4730;11.597033600878934;4730;504.74064526702711;4730;3.9402447584459974;4730;4.0382091738639483
4740;152.98318430127873;4740;0;4740;11.633655812250129;4740;504.7011022923777;4740;3.9402447584459974;4740;4.040345469527268
4750;152.89773247474594;4750;0;4750;11.548203985717338;4750;504.74064526702711;4750;3.9402447584459974;4750;4.0363780632953885
4760;152.92214728232673;4760;0.012207403790398877;4760;11.609241004669332;4760;504.74064526702711;4760;3.9402447584459974;4760;4.040955839716788
4770;152.92214728232673;4770;0;4770;11.658070619830927;4770;504.74064526702711;4770;3.9402447584459974;4770;4.0394299142429881
4780;153.00759910885952;4780;0;4780;11.597033600878934;4780;504.78018824167657;4780;3.9402447584459974;4780;4.0385143589587083
4790;153.01980651264992;4790;0;4790;11.682485427411724;4790;504.81973121632592;4790;3.9402447584459974;4790;4.040650654622028
4800;152.97097689748833;4800;0;4800;11.694692831202126;4800;504.78018824167657;4800;3.9402447584459974;4800;4.0388195440534682
4810;153.00759910885952;4810;0;4810;11.719107638782923;4810;504.78018824167657;4810;3.9402447584459974;4810;4.040955839716788
4820;153.01980651264992;4820;0;4820;11.706900234992524;4820;504.78018824167657;4820;3.9402447584459974;4820;4.0360728782006285
4830;153.09305093539231;4830;0;4830;11.633655812250129;4830;504.74064526702711;4830;3.9402447584459974;4830;4.0418713950010678
4840;153.04422132023072;4840;0;4840;11.706900234992524;4840;504.7011022923777;4840;3.9402447584459974;4840;4.0379039887691883
4850;153.01980651264992;4850;0.012207403790398877;4850;11.767937253944519;4850;504.74064526702711;4850;3.9402447584459974;4850;4.0388195440534682
4860;152.99539170506912;4860;0.012207403790398877;4860;11.767937253944519;4860;504.74064526702711;4860;3.9402447584459974;4860;4.0372936185796684
4870;153.05642872402112;4870;0;4870;11.816766869106113;4870;504.7011022923777;4870;3.9402447584459974;4870;4.0412610248115479
4880;153.01980651264992;4880;0.024414807580797754;4880;11.85338908047731;4880;504.74064526702711;4880;3.9402447584459974;4880;4.040345469527268
4890;153.05642872402112;4890;0.012207403790398877;4890;11.877803888058107;4890;504.78018824167657;4890;3.9402447584459974;4890;4.0369884334849084
4900;153.06863612781152;4900;0;4900;11.902218695638904;4900;504.74064526702711;4900;3.9402447584459974;4900;4.040345469527268
4910;152.92214728232673;4910;0;4910;11.865596484267709;4910;504.74064526702711;4910;3.9402447584459974;4910;4.0385143589587083
4920;152.95876949369793;4920;0;4920;11.877803888058107;4920;504.78018824167657;4920;3.9402447584459974;4920;4.040345469527268
4930;153.04422132023072;4930;0.012207403790398877;4930;11.987670522171697;4930;504.74064526702711;4930;3.9402447584459974;4930;4.0348521378215887
4940;153.1785027619251;4940;0;4940;11.987670522171697;4940;504.74064526702711;4940;3.9402447584459974;4940;4.040955839716788
4950;153.04422132023072;4950;0;4950;11.841181676686912;4950;504.78018824167657;4950;3.9402447584459974;4950;4.0388195440534682
4960;153.04422132023072;4960;0;4960;11.792352061525316;4960;504.78018824167657;4960;3.9402447584459974;4960;4.0388195440534682
4970;153.09305093539231;4970;0.012207403790398877;4970;11.877803888058107;4970;504.74064526702711;4970;3.9402447584459974;4970;4.0375988036744284
4980;153.04422132023072;4980;0.024414807580797754;4980;11.877803888058107;4980;504.74064526702711;4980;3.9402447584459974;4980;4.0400402844325081
4990;153.00759910885952;4990;0;4990;11.963255714590899;4990;504.78018824167657;4990;3.9402447584459974;4990;4.040955839716788
5000;153.00759910885952;5000;0;5000;12.036500137333292;5000;504.78018824167657;5000;3.9402447584459974;5000;4.0363780632953885
5010;153.04422132023072;5010;0.012207403790398877;5010;12.036500137333292;5010;504.81973121632592;5010;3.9402447584459974;5010;4.0412610248115479
5020;153.05642872402112;5020;0.012207403790398877;5020;12.060914944914089;5020;504.78018824167657;5020;3.9402447584459974;5020;4.0385143589587083
5030;153.08084353160191;5030;0.012207403790398877;5030;12.060914944914089;5030;504.78018824167657;5030;3.9402447584459974;5030;4.040650654622028
5040;152.98318430127873;5040;0;5040;12.146366771446884;5040;504.74064526702711;5040;3.9402447584459974;5040;4.0354625080111086
5050;153.11746574297311;5050;0;5050;12.146366771446884;5050;504.74064526702711;5050;3.9402447584459974;5050;4.040345469527268
5060;153.09305093539231;5060;0;5060;12.182988982818079;5060;504.78018824167657;5060;3.9402447584459974;5060;4.0385143589587083
5070;153.04422132023072;5070;0;5070;12.207403790398876;5070;504.81973121632592;5070;3.9402447584459974;5070;4.0382091738639483
5080;153.04422132023072;5080;0;5080;12.146366771446884;5080;504.78018824167657;5080;3.9402447584459974;5080;4.0397350993377481
5090;153.04422132023072;5090;0;5090;12.097537156285288;5090;504.7011022923777;5090;3.9402447584459974;5090;4.0397350993377481
5100;153.14188055055391;5100;0.012207403790398877;5100;12.073122348704487;5100;504.74064526702711;5100;3.9402447584459974;5100;4.040345469527268
5110;152.99539170506912;5110;0.012207403790398877;5110;12.073122348704487;5110;504.74064526702711;5110;3.9402447584459974;5110;4.0351573229163487
5120;152.95876949369793;5120;0;5120;12.085329752494889;5120;504.74064526702711;5120;3.9402447584459974;5120;4.040345469527268
5130;152.99539170506912;5130;0;5130;12.158574175237282;5130;504.74064526702711;5130;3.9402447584459974;5130;4.0372936185796684
5140;153.06863612781152;5140;0;5140;12.317270424512468;5140;504.74064526702711;5140;3.9402447584459974;5140;4.0397350993377481
5150;153.04422132023072;5150;0;5150;12.366100039674063;5150;504.74064526702711;5150;3.9402447584459974;5150;4.0372936185796684
5160;153.11746574297311;5160;0;5160;12.231818597979675;5160;504.7011022923777;5160;3.9402447584459974;5160;4.040650654622028
5170;153.05642872402112;5170;0;5170;12.30506302072207;5170;504.74064526702711;5170;3.9402447584459974;5170;4.0397350993377481
5180;152.99539170506912;5180;0;5180;12.39051484725486;5180;504.78018824167657;5180;3.9402447584459974;5180;4.0372936185796684
5190;153.11746574297311;5190;0;5190;12.341685232093266;5190;504.78018824167657;5190;3.9402447584459974;5190;4.0397350993377481
5200;153.09305093539231;5200;0;5200;12.30506302072207;5200;504.74064526702711;5200;3.9402447584459974;5200;4.0397350993377481
5210;153.11746574297311;5210;0;5210;12.353892635883664;5210;504.78018824167657;5210;3.9402447584459974;5210;4.0412610248115479
5220;153.04422132023072;5220;0.012207403790398877;5220;12.341685232093266;5220;504.7011022923777;5220;3.9402447584459974;5220;4.0357676931058686
5230;153.04422132023072;5230;0.036622211371196631;5230;12.366100039674063;5230;504.7011022923777;5230;3.9402447584459974;5230;4.0412610248115479
5240;152.99539170506912;5240;0.048829615161595508;5240;12.402722251045258;5240;504.74064526702711;5240;3.9402447584459974;5240;4.0385143589587083
5250;153.06863612781152;5250;0.012207403790398877;5250;12.39051484725486;5250;504.7011022923777;5250;3.9402447584459974;5250;4.0397350993377481
5260;153.05642872402112;5260;0;5260;12.463759269997251;5260;504.7011022923777;5260;3.9402447584459974;5260;4.0375988036744284
5270;153.09305093539231;5270;0;5270;12.585833307901243;5270;504.74064526702711;5270;3.9402447584459974;5270;4.040955839716788
5280;153.14188055055391;5280;0.024414807580797754;5280;12.634662923062837;5280;504.74064526702711;5280;3.9402447584459974;5280;4.040650654622028
5290;153.10525833918271;5290;0.012207403790398877;5290;12.451551866206852;5290;504.78018824167657;5290;3.9402447584459974;5290;4.0372936185796684
5300;153.10525833918271;5300;0;5300;12.439344462416454;5300;504.81973121632592;5300;3.9402447584459974;5300;4.0412610248115479
5310;153.10525833918271;5310;0;5310;12.512588885158848;5310;504.74064526702711;5310;3.9402447584459974;5310;4.0394299142429881
5320;153.06863612781152;5320;0;5320;12.488174077578051;5320;504.78018824167657;5320;3.9402447584459974;5320;4.040955839716788
5330;153.01980651264992;5330;0;5330;12.50038148136845;5330;504.78018824167657;5330;3.9402447584459974;5330;4.0357676931058686
5340;153.11746574297311;5340;0.024414807580797754;5340;12.573625904110845;5340;504.78018824167657;5340;3.9402447584459974;5340;4.0412610248115479
5350;153.00759910885952;5350;0.024414807580797754;5350;12.488174077578051;5350;504.78018824167657;5350;3.9402447584459974;5350;4.0385143589587083
5360;153.11746574297311;5360;0;5360;12.439344462416454;5360;504.74064526702711;5360;3.9402447584459974;5360;4.0385143589587083
5370;153.11746574297311;5370;0;5370;12.475966673787653;5370;504.66155931772829;5370;3.9402447584459974;5370;4.0382091738639483
5380;152.94656208990753;5380;0;5380;12.488174077578051;5380;504.7011022923777;5380;3.9402447584459974;5380;4.040650654622028
5390;153.06863612781152;5390;0;5390;12.573625904110845;5390;504.78018824167657;5390;3.9402447584459974;5390;4.0412610248115479
5400;153.11746574297311;5400;0.012207403790398877;5400;12.61024811548204;5400;504.78018824167657;5400;3.9402447584459974;5400;4.0360728782006285
5410;153.11746574297311;5410;0;5410;12.598040711691642;5410;504.78018824167657;5410;3.9402447584459974;5410;4.040955839716788
5420;153.1907101657155;5420;0;5420;12.573625904110845;5420;504.74064526702711;5420;3.9402447584459974;5420;4.0382091738639483
5430;153.1662953581347;5430;0;5430;12.659077730643636;5430;504.7011022923777;5430;3.9402447584459974;5430;4.040650654622028
5440;153.08084353160191;5440;0;5440;12.781151768547625;5440;504.7011022923777;5440;3.9402447584459974;5440;4.0360728782006285
5450;153.1907101657155;5450;0.012207403790398877;5450;12.781151768547625;5450;504.74064526702711;5450;3.9402447584459974;5450;4.0412610248115479
5460;153.11746574297311;5460;0;5460;12.695699942014832;5460;504.7011022923777;5460;3.9402447584459974;5460;4.040345469527268
5470;153.01980651264992;5470;0;5470;12.634662923062837;5470;504.7011022923777;5470;3.9402447584459974;5470;4.0388195440534682
5480;153.04422132023072;5480;0;5480;12.70790734580523;5480;504.78018824167657;5480;3.9402447584459974;5480;4.0397350993377481
5490;153.01980651264992;5490;0;5490;12.793359172338024;5490;504.74064526702711;5490;3.9402447584459974;5490;4.0397350993377481
5500;153.06863612781152;5500;0.012207403790398877;5500;12.768944364757226;5500;504.66155931772829;5500;3.9402447584459974;5500;4.040650654622028
5510;153.01980651264992;5510;0.012207403790398877;5510;12.756736960966828;5510;504.74064526702711;5510;3.9402447584459974;5510;4.0360728782006285
5520;153.01980651264992;5520;0;5520;12.805566576128422;5520;504.78018824167657;5520;3.9402447584459974;5520;4.0424817651905878
5530;153.00759910885952;5530;0;5530;12.891018402661214;5530;504.74064526702711;5530;3.9402447584459974;5530;4.0385143589587083
5540;153.04422132023072;5540;0.012207403790398877;5540;12.891018402661214;5540;504.74064526702711;5540;3.9402447584459974;5540;4.0397350993377481
5550;152.92214728232673;5550;0.012207403790398877;5550;12.866603595080417;5550;504.7011022923777;5550;3.9402447584459974;5550;4.0363780632953885
5560;152.90993987853633;5560;0;5560;12.891018402661214;5560;504.7011022923777;5560;3.9402447584459974;5560;4.040650654622028
5570;152.87331766716514;5570;0;5570;12.903225806451612;5570;504.78018824167657;5570;3.9402447584459974;5570;4.0394299142429881
5580;152.97097689748833;5580;0;5580;12.903225806451612;5580;504.7011022923777;5580;3.9402447584459974;5580;4.0369884334849084
5590;153.11746574297311;5590;0.012207403790398877;5590;12.903225806451612;5590;504.74064526702711;5590;3.9402447584459974;5590;4.0394299142429881
5600;153.05642872402112;5600;0;5600;12.95205542161321;5600;504.7011022923777;5600;3.9402447584459974;5600;4.0400402844325081
5610;153.01980651264992;5610;0;5610;12.927640614032409;5610;504.66155931772829;5610;3.9402447584459974;5610;4.0418713950010678
5620;153.11746574297311;5620;0;5620;12.939848017822811;5620;504.7011022923777;5620;3.9402447584459974;5620;4.0345469527268287
5630;153.25174718466749;5630;0;5630;13.037507248146001;5630;504.74064526702711;5630;3.9402447584459974;5630;4.040650654622028
5640;153.01980651264992;5640;0;5640;13.037507248146001;5640;504.74064526702711;5640;3.9402447584459974;5640;4.0385143589587083
5650;153.05642872402112;5650;0;5650;13.000885036774804;5650;504.78018824167657;5650;3.9402447584459974;5650;4.0388195440534682
5660;153.08084353160191;5660;0;5660;13.086336863307595;5660;504.78018824167657;5660;3.9402447584459974;5660;4.0369884334849084
5670;153.06863612781152;5670;0;5670;13.074129459517197;5670;504.66155931772829;5670;3.9402447584459974;5670;4.0400402844325081
5680;153.05642872402112;5680;0;5680;12.988677632984405;5680;504.74064526702711;5680;3.9402447584459974;5680;4.040650654622028
5690;153.04422132023072;5690;0;5690;13.013092440565202;5690;504.78018824167657;5690;3.9402447584459974;5690;4.0379039887691883
5700;153.10525833918271;5700;0;5700;13.098544267097994;5700;504.74064526702711;5700;3.9402447584459974;5700;4.0421765800958278
5710;153.15408795434431;5710;0;5710;13.086336863307595;5710;504.74064526702711;5710;3.9402447584459974;5710;4.0385143589587083
5720;153.04422132023072;5720;0;5720;13.086336863307595;5720;504.74064526702711;5720;3.9402447584459974;5720;4.0400402844325081
5730;152.97097689748833;5730;0;5730;13.15958128604999;5730;504.7011022923777;5730;3.9402447584459974;5730;4.0363780632953885
5740;153.1662953581347;5740;0;5740;13.171788689840389;5740;504.7011022923777;5740;3.9402447584459974;5740;4.0424817651905878
5750;153.04422132023072;5750;0;5750;13.15958128604999;5750;504.7011022923777;5750;3.9402447584459974;5750;4.0385143589587083
5760;152.99539170506912;5760;0;5760;13.15958128604999;5760;504.74064526702711;5760;3.9402447584459974;5760;4.0382091738639483
5770;152.98318430127873;5770;0;5770;13.183996093630787;5770;504.78018824167657;5770;3.9402447584459974;5770;4.0379039887691883
5780;153.08084353160191;5780;0;5780;13.171788689840389;5780;504.78018824167657;5780;3.9402447584459974;5780;4.0397350993377481
5790;153.09305093539231;5790;0;5790;13.183996093630787;5790;504.74064526702711;5790;3.9402447584459974;5790;4.040650654622028
5800;152.99539170506912;5800;0;5800;13.196203497421186;5800;504.7011022923777;5800;3.9402447584459974;5800;4.0372936185796684
5810;153.01980651264992;5810;0;5810;13.245033112582782;5810;504.74064526702711;5810;3.9402447584459974;5810;4.0424817651905878
5820;152.94656208990753;5820;0;5820;13.281655323953977;5820;504.74064526702711;5820;3.9402447584459974;5820;4.0394299142429881
5830;153.00759910885952;5830;0;5830;13.245033112582782;5830;504.74064526702711;5830;3.9402447584459974;5830;4.0418713950010678
5840;152.98318430127873;5840;0;5840;13.281655323953977;5840;504.78018824167657;5840;3.9402447584459974;5840;4.0369884334849084
5850;152.98318430127873;5850;0;5850;13.342692342905973;5850;504.78018824167657;5850;3.9402447584459974;5850;4.040650654622028
5860;152.90993987853633;5860;0;5860;13.208410901211584;5860;504.74064526702711;5860;3.9402447584459974;5860;4.0394299142429881
5870;152.98318430127873;5870;0;5870;13.232825708792383;5870;504.7011022923777;5870;3.9402447584459974;5870;4.0388195440534682
5880;153.09305093539231;5880;0;5880;13.428144169438767;5880;504.74064526702711;5880;3.9402447584459974;5880;4.0400402844325081
5890;153.05642872402112;5890;0;5890;13.428144169438767;5890;504.74064526702711;5890;3.9402447584459974;5890;4.0394299142429881
5900;153.08084353160191;5900;0;5900;13.342692342905973;5900;504.78018824167657;5900;3.9402447584459974;5900;4.040955839716788
5910;153.1662953581347;5910;0;5910;13.281655323953977;5910;504.74064526702711;5910;3.9402447584459974;5910;4.0363780632953885
5920;153.2273323770867;5920;0;5920;13.306070131534774;5920;504.7011022923777;5920;3.9402447584459974;5920;4.0421765800958278
5930;153.01980651264992;5930;0;5930;13.403729361857966;5930;504.74064526702711;5930;3.9402447584459974;5930;4.0379039887691883
5940;153.06863612781152;5940;0;5940;13.476973784600361;5940;504.74064526702711;5940;3.9402447584459974;5940;4.0400402844325081
5950;153.04422132023072;5950;0.012207403790398877;5950;13.489181188390759;5950;504.74064526702711;5950;3.9402447584459974;5950;4.0369884334849084
5960;153.06863612781152;5960;0.036622211371196631;5960;13.501388592181158;5960;504.66155931772829;5960;3.9402447584459974;5960;4.040345469527268
5970;153.09305093539231;5970;0.024414807580797754;5970;13.525803399761957;5970;504.66155931772829;5970;3.9402447584459974;5970;4.0400402844325081
5980;153.08084353160191;5980;0;5980;13.489181188390759;5980;504.7011022923777;5980;3.9402447584459974;5980;4.0379039887691883
5990;153.10525833918271;5990;0;5990;13.501388592181158;5990;504.7011022923777;5990;3.9402447584459974;5990;4.0400402844325081
6000;152.94656208990753;6000;0;6000;13.525803399761957;6000;504.7011022923777;6000;3.9402447584459974;6000;4.0388195440534682
6010;152.98318430127873;6010;0;6010;13.538010803552355;6010;504.66155931772829;6010;3.9402447584459974;6010;4.040650654622028
6020;153.00759910885952;6020;0.012207403790398877;6020;13.586840418713949;6020;504.7011022923777;6020;3.9402447584459974;6020;4.0363780632953885
6030;153.10525833918271;6030;0.012207403790398877;6030;13.599047822504348;6030;504.74064526702711;6030;3.9402447584459974;6030;4.0421765800958278
6040;153.08084353160191;6040;0;6040;13.562425611133152;6040;504.74064526702711;6040;3.9402447584459974;6040;4.0394299142429881
6050;153.10525833918271;6050;0;6050;13.586840418713949;6050;504.7011022923777;6050;3.9402447584459974;6050;4.040650654622028
6060;153.10525833918271;6060;0.012207403790398877;6060;13.586840418713949;6060;504.74064526702711;6060;3.9402447584459974;6060;4.0369884334849084
6070;153.06863612781152;6070;0;6070;13.586840418713949;6070;504.74064526702711;6070;3.9402447584459974;6070;4.040650654622028
6080;153.00759910885952;6080;0;6080;13.69670705282754;6080;504.7011022923777;6080;3.9402447584459974;6080;4.0385143589587083
6090;152.98318430127873;6090;0;6090;13.684499649037141;6090;504.7011022923777;6090;3.9402447584459974;6090;4.0375988036744284
6100;152.94656208990753;6100;0;6100;13.708914456617938;6100;504.78018824167657;6100;3.9402447584459974;6100;4.040345469527268
6110;152.89773247474594;6110;0;6110;13.635670033875547;6110;504.74064526702711;6110;3.9402447584459974;6110;4.0397350993377481
6120;152.99539170506912;6120;0;6120;13.623462630085148;6120;504.74064526702711;6120;3.9402447584459974;6120;4.0412610248115479
6130;152.95876949369793;6130;0;6130;13.757744071779534;6130;504.74064526702711;6130;3.9402447584459974;6130;4.0360728782006285
6140;153.06863612781152;6140;0;6140;13.757744071779534;6140;504.74064526702711;6140;3.9402447584459974;6140;4.0421765800958278
6150;152.95876949369793;6150;0;6150;13.830988494521929;6150;504.74064526702711;6150;3.9402447584459974;6150;4.0385143589587083
6160;152.97097689748833;6160;0;6160;13.79436628315073;6160;504.7011022923777;6160;3.9402447584459974;6160;4.0397350993377481
6170;153.01980651264992;6170;0;6170;13.69670705282754;6170;504.74064526702711;6170;3.9402447584459974;6170;4.0372936185796684
6180;153.05642872402112;6180;0;6180;13.757744071779534;6180;504.66155931772829;6180;3.9402447584459974;6180;4.040345469527268
6190;153.05642872402112;6190;0;6190;13.855403302102726;6190;504.7011022923777;6190;3.9402447584459974;6190;4.0397350993377481
6200;153.00759910885952;6200;0;6200;13.745536667989136;6200;504.74064526702711;6200;3.9402447584459974;6200;4.0375988036744284
6210;153.11746574297311;6210;0.036622211371196631;6210;13.69670705282754;6210;504.74064526702711;6210;3.9402447584459974;6210;4.0412610248115479
6220;153.14188055055391;6220;0.012207403790398877;6220;13.708914456617938;6220;504.7011022923777;6220;3.9402447584459974;6220;4.0388195440534682
6230;153.11746574297311;6230;0;6230;13.843195898312327;6230;504.74064526702711;6230;3.9402447584459974;6230;4.0412610248115479
6240;153.05642872402112;6240;0;6240;13.830988494521929;6240;504.74064526702711;6240;3.9402447584459974;6240;4.0360728782006285
6250;153.15408795434431;6250;0;6250;13.806573686941128;6250;504.7011022923777;6250;3.9402447584459974;6250;4.0418713950010678
6260;153.14188055055391;6260;0;6260;13.855403302102726;6260;504.7011022923777;6260;3.9402447584459974;6260;4.0385143589587083
6270;153.08084353160191;6270;0;6270;13.806573686941128;6270;504.7011022923777;6270;3.9402447584459974;6270;4.0394299142429881
6280;153.1662953581347;6280;0;6280;13.90423291726432;6280;504.7011022923777;6280;3.9402447584459974;6280;4.0388195440534682
6290;153.15408795434431;6290;0;6290;13.843195898312327;6290;504.66155931772829;6290;3.9402447584459974;6290;4.040650654622028
6300;152.98318430127873;6300;0;6300;13.867610705893124;6300;504.7011022923777;6300;3.9402447584459974;6300;4.0412610248115479
6310;153.04422132023072;6310;0;6310;13.940855128635517;6310;504.74064526702711;6310;3.9402447584459974;6310;4.0372936185796684
6320;153.1785027619251;6320;0.012207403790398877;6320;13.953062532425916;6320;504.7011022923777;6320;3.9402447584459974;6320;4.0421765800958278
6330;153.15408795434431;6330;0.012207403790398877;6330;14.038514358958709;6330;504.74064526702711;6330;3.9402447584459974;6330;4.0394299142429881
6340;153.2029175695059;6340;0;6340;14.087343974120303;6340;504.74064526702711;6340;3.9402447584459974;6340;4.0412610248115479
6350;153.08084353160191;6350;0;6350;14.075136570329905;6350;504.74064526702711;6350;3.9402447584459974;6350;4.0363780632953885
6360;152.99539170506912;6360;0;6360;14.062929166539506;6360;504.7011022923777;6360;3.9402447584459974;6360;4.0418713950010678
6370;153.04422132023072;6370;0;6370;14.062929166539506;6370;504.74064526702711;6370;3.9402447584459974;6370;4.0394299142429881
6380;153.14188055055391;6380;0;6380;14.075136570329905;6380;504.74064526702711;6380;3.9402447584459974;6380;4.0382091738639483
6390;153.10525833918271;6390;0;6390;14.160588396862698;6390;504.7011022923777;6390;3.9402447584459974;6390;4.0400402844325081
6400;152.99539170506912;6400;0;6400;14.1483809930723;6400;504.7011022923777;6400;3.9402447584459974;6400;4.040650654622028
6410;153.08084353160191;6410;0;6410;14.136173589281901;6410;504.78018824167657;6410;3.9402447584459974;6410;4.040955839716788
6420;153.05642872402112;6420;0.012207403790398877;6420;14.160588396862698;6420;504.7011022923777;6420;3.9402447584459974;6420;4.0360728782006285
6430;152.95876949369793;6430;0.012207403790398877;6430;14.172795800653097;6430;504.7011022923777;6430;3.9402447584459974;6430;4.0427869502853477
6440;152.94656208990753;6440;0;6440;14.185003204443495;6440;504.66155931772829;6440;3.9402447584459974;6440;4.0400402844325081
6450;153.10525833918271;6450;0.012207403790398877;6450;14.123966185491502;6450;504.66155931772829;6450;3.9402447584459974;6450;4.040345469527268
6460;153.10525833918271;6460;0.012207403790398877;6460;14.197210608233894;6460;504.74064526702711;6460;3.9402447584459974;6460;4.0360728782006285
6470;153.08084353160191;6470;0;6470;14.233832819605091;6470;504.7011022923777;6470;3.9402447584459974;6470;4.040955839716788
6480;152.97097689748833;6480;0;6480;14.185003204443495;6480;504.74064526702711;6480;3.9402447584459974;6480;4.0400402844325081
6490;152.90993987853633;6490;0;6490;14.160588396862698;6490;504.74064526702711;6490;3.9402447584459974;6490;4.0379039887691883
6500;153.04422132023072;6500;0;6500;14.246040223395489;6500;504.78018824167657;6500;3.9402447584459974;6500;4.0418713950010678
6510;153.05642872402112;6510;0.024414807580797754;6510;14.404736472670676;6510;504.7011022923777;6510;3.9402447584459974;6510;4.0412610248115479
6520;153.06863612781152;6520;0.012207403790398877;6520;14.319284646137884;6520;504.7011022923777;6520;3.9402447584459974;6520;4.0418713950010678
6530;153.05642872402112;6530;0;6530;14.270455030976287;6530;504.74064526702711;6530;3.9402447584459974;6530;4.0360728782006285
6540;153.1662953581347;6540;0;6540;14.35590685750908;6540;504.66155931772829;6540;3.9402447584459974;6540;4.0430921353801077
6550;153.04422132023072;6550;0;6550;14.35590685750908;6550;504.7011022923777;6550;3.9402447584459974;6550;4.0397350993377481
6560;153.08084353160191;6560;0;6560;14.368114261299478;6560;504.78018824167657;6560;3.9402447584459974;6560;4.0385143589587083
6570;153.09305093539231;6570;0;6570;14.380321665089877;6570;504.74064526702711;6570;3.9402447584459974;6570;4.0363780632953885
6580;153.08084353160191;6580;0;6580;14.331492049928283;6580;504.7011022923777;6580;3.9402447584459974;6580;4.0412610248115479
6590;152.95876949369793;6590;0.012207403790398877;6590;14.343699453718681;6590;504.7011022923777;6590;3.9402447584459974;6590;4.040345469527268
6600;152.82448805200355;6600;0;6600;14.392529068880275;6600;504.7011022923777;6600;3.9402447584459974;6600;4.0357676931058686
6610;153.00759910885952;6610;0;6610;14.368114261299478;6610;504.74064526702711;6610;3.9402447584459974;6610;4.0418713950010678
6620;153.06863612781152;6620;0.012207403790398877;6620;14.404736472670676;6620;504.74064526702711;6620;3.9402447584459974;6620;4.040650654622028
6630;153.01980651264992;6630;0.012207403790398877;6630;14.465773491622668;6630;504.78018824167657;6630;3.9402447584459974;6630;4.040345469527268
6640;153.04422132023072;6640;0;6640;14.441358684041871;6640;504.74064526702711;6640;3.9402447584459974;6640;4.0336313974425488
6650;153.14188055055391;6650;0.024414807580797754;6650;14.441358684041871;6650;504.66155931772829;6650;3.9402447584459974;6650;4.0418713950010678
6660;152.98318430127873;6660;0.012207403790398877;6660;14.429151280251473;6660;504.7011022923777;6660;3.9402447584459974;6660;4.0397350993377481
6670;152.99539170506912;6670;0;6670;14.404736472670676;6670;504.7011022923777;6670;3.9402447584459974;6670;4.0375988036744284
6680;153.04422132023072;6680;0.036622211371196631;6680;14.45356608783227;6680;504.74064526702711;6680;3.9402447584459974;6680;4.0379039887691883
6690;152.99539170506912;6690;0.024414807580797754;6690;14.539017914365063;6690;504.74064526702711;6690;3.9402447584459974;6690;4.0418713950010678
6700;152.95876949369793;6700;0;6700;14.600054933317058;6700;504.7011022923777;6700;3.9402447584459974;6700;4.040650654622028
6710;152.95876949369793;6710;0;6710;14.600054933317058;6710;504.7011022923777;6710;3.9402447584459974;6710;4.0345469527268287
6720;153.15408795434431;6720;0;6720;14.648884548478652;6720;504.74064526702711;6720;3.9402447584459974;6720;4.0418713950010678
6730;153.01980651264992;6730;0;6730;14.600054933317058;6730;504.74064526702711;6730;3.9402447584459974;6730;4.0397350993377481
6740;153.08084353160191;6740;0;6740;14.624469740897855;6740;504.74064526702711;6740;3.9402447584459974;6740;4.0397350993377481
6750;153.14188055055391;6750;0;6750;14.648884548478652;6750;504.74064526702711;6750;3.9402447584459974;6750;4.0351573229163487
6760;153.05642872402112;6760;0;6760;14.66109195226905;6760;504.7011022923777;6760;3.9402447584459974;6760;4.0418713950010678
6770;152.97097689748833;6770;0;6770;14.600054933317058;6770;504.74064526702711;6770;3.9402447584459974;6770;4.0397350993377481
6780;153.00759910885952;6780;0;6780;14.56343272194586;6780;504.7011022923777;6780;3.9402447584459974;6780;4.0360728782006285
6790;153.14188055055391;6790;0;6790;14.56343272194586;6790;504.7011022923777;6790;3.9402447584459974;6790;4.0388195440534682
6800;153.04422132023072;6800;0.048829615161595508;6800;14.600054933317058;6800;504.66155931772829;6800;3.9402447584459974;6800;4.0418713950010678
6810;152.98318430127873;6810;0.048829615161595508;6810;14.746543778801843;6810;504.74064526702711;6810;3.9402447584459974;6810;4.040955839716788
6820;153.05642872402112;6820;0;6820;14.66109195226905;6820;504.7011022923777;6820;3.9402447584459974;6820;4.0339365825373088
6830;153.1662953581347;6830;0;6830;14.673299356059449;6830;504.74064526702711;6830;3.9402447584459974;6830;4.0427869502853477
6840;153.00759910885952;6840;0.012207403790398877;6840;14.746543778801843;6840;504.74064526702711;6840;3.9402447584459974;6840;4.040955839716788
6850;153.11746574297311;6850;0.024414807580797754;6850;14.722128971221046;6850;504.7011022923777;6850;3.9402447584459974;6850;4.0397350993377481
6860;153.05642872402112;6860;0;6860;14.795373393963441;6860;504.7011022923777;6860;3.9402447584459974;6860;4.0357676931058686
6870;152.92214728232673;6870;0;6870;14.819788201544238;6870;504.66155931772829;6870;3.9402447584459974;6870;4.0421765800958278
6880;152.90993987853633;6880;0;6880;14.856410412915434;6880;504.7011022923777;6880;3.9402447584459974;6880;4.0394299142429881
6890;152.82448805200355;6890;0;6890;14.893032624286631;6890;504.7011022923777;6890;3.9402447584459974;6890;4.0348521378215887
6900;152.98318430127873;6900;0.012207403790398877;6900;14.758751182592242;6900;504.7011022923777;6900;3.9402447584459974;6900;4.040955839716788
6910;152.99539170506912;6910;0.024414807580797754;6910;14.795373393963441;6910;504.7011022923777;6910;3.9402447584459974;6910;4.0421765800958278
6920;152.90993987853633;6920;0.024414807580797754;6920;15.01510666219062;6920;504.74064526702711;6920;3.9402447584459974;6920;4.040650654622028
6930;152.95876949369793;6930;0.012207403790398877;6930;15.027314065981018;6930;504.7011022923777;6930;3.9402447584459974;6930;4.0336313974425488
6940;153.11746574297311;6940;0;6940;14.929654835657827;6940;504.74064526702711;6940;3.9402447584459974;6940;4.0421765800958278
6950;153.00759910885952;6950;0;6950;14.917447431867428;6950;504.7011022923777;6950;3.9402447584459974;6950;4.0394299142429881
6960;153.00759910885952;6960;0.012207403790398877;6960;14.917447431867428;6960;504.66155931772829;6960;3.9402447584459974;6960;4.0379039887691883
6970;152.97097689748833;6970;0.012207403790398877;6970;14.893032624286631;6970;504.7011022923777;6970;3.9402447584459974;6970;4.0357676931058686
6980;153.04422132023072;6980;0;6980;14.941862239448225;6980;504.66155931772829;6980;3.9402447584459974;6980;4.040955839716788
6990;153.04422132023072;6990;0.036622211371196631;6990;14.966277047029022;6990;504.7011022923777;6990;3.9402447584459974;6990;4.0400402844325081
7000;152.95876949369793;7000;0.024414807580797754;7000;14.966277047029022;7000;504.66155931772829;7000;3.9402447584459974;7000;4.0348521378215887
7010;153.04422132023072;7010;0;7010;14.990691854609823;7010;504.66155931772829;7010;3.9402447584459974;7010;4.040955839716788
7020;153.04422132023072;7020;0;7020;15.100558488723411;7020;504.7011022923777;7020;3.9402447584459974;7020;4.040345469527268
7030;153.11746574297311;7030;0.012207403790398877;7030;15.161595507675404;7030;504.74064526702711;7030;3.9402447584459974;7030;4.040345469527268
7040;153.05642872402112;7040;0;7040;14.978484450819421;7040;504.74064526702711;7040;3.9402447584459974;7040;4.0333262123477889
7050;153.01980651264992;7050;0;7050;14.954069643238624;7050;504.74064526702711;7050;3.9402447584459974;7050;4.0412610248115479
7060;152.89773247474594;7060;0;7060;14.941862239448225;7060;504.74064526702711;7060;3.9402447584459974;7060;4.0388195440534682
7070;152.94656208990753;7070;0;7070;14.978484450819421;7070;504.66155931772829;7070;3.9402447584459974;7070;4.0369884334849084
7080;152.92214728232673;7080;0;7080;15.161595507675404;7080;504.7011022923777;7080;3.9402447584459974;7080;4.0379039887691883
7090;152.88552507095554;7090;0;7090;15.149388103885006;7090;504.66155931772829;7090;3.9402447584459974;7090;4.0418713950010678
7100;152.99539170506912;7100;0;7100;15.137180700094607;7100;504.74064526702711;7100;3.9402447584459974;7100;4.040955839716788
7110;153.01980651264992;7110;0;7110;15.186010315256205;7110;504.7011022923777;7110;3.9402447584459974;7110;4.0339365825373088
7120;152.98318430127873;7120;0;7120;15.173802911465803;7120;504.7011022923777;7120;3.9402447584459974;7120;4.040955839716788
7130;153.06863612781152;7130;0;7130;15.161595507675404;7130;504.7011022923777;7130;3.9402447584459974;7130;4.0397350993377481
7140;153.11746574297311;7140;0;7140;15.198217719046603;7140;504.7011022923777;7140;3.9402447584459974;7140;4.0400402844325081
7150;152.98318430127873;7150;0;7150;15.356913968321786;7150;504.74064526702711;7150;3.9402447584459974;7150;4.0351573229163487
7160;153.00759910885952;7160;0;7160;15.393536179692985;7160;504.74064526702711;7160;3.9402447584459974;7160;4.0412610248115479
7170;152.99539170506912;7170;0;7170;15.283669545579395;7170;504.74064526702711;7170;3.9402447584459974;7170;4.0394299142429881
7180;152.98318430127873;7180;0.012207403790398877;7180;15.271462141788994;7180;504.78018824167657;7180;3.9402447584459974;7180;4.0369884334849084
7190;152.92214728232673;7190;0.012207403790398877;7190;15.32029175695059;7190;504.74064526702711;7190;3.9402447584459974;7190;4.0397350993377481
7200;152.87331766716514;7200;0;7200;15.295876949369793;7200;504.66155931772829;7200;3.9402447584459974;7200;4.040955839716788
7210;152.88552507095554;7210;0;7210;15.283669545579395;7210;504.7011022923777;7210;3.9402447584459974;7210;4.0418713950010678
7220;152.98318430127873;7220;0;7220;15.283669545579395;7220;504.7011022923777;7220;3.9402447584459974;7220;4.0354625080111086
7230;153.06863612781152;7230;0.024414807580797754;7230;15.344706564531387;7230;504.74064526702711;7230;3.9402447584459974;7230;4.0418713950010678
7240;152.97097689748833;7240;0.024414807580797754;7240;15.344706564531387;7240;504.74064526702711;7240;3.9402447584459974;7240;4.0388195440534682
7250;153.10525833918271;7250;0.012207403790398877;7250;15.344706564531387;7250;504.7011022923777;7250;3.9402447584459974;7250;4.0394299142429881
7260;153.04422132023072;7260;0;7260;15.393536179692985;7260;504.62201634307894;7260;3.9402447584459974;7260;4.0357676931058686
7270;152.94656208990753;7270;0;7270;15.442365794854579;7270;504.58247336842948;7270;3.9402447584459974;7270;4.0400402844325081
7280;153.04422132023072;7280;0.012207403790398877;7280;15.442365794854579;7280;504.66155931772829;7280;3.9402447584459974;7280;4.0394299142429881
7290;153.05642872402112;7290;0;7290;15.442365794854579;7290;504.66155931772829;7290;3.9402447584459974;7290;4.0369884334849084
7300;153.04422132023072;7300;0;7300;15.515610217596972;7300;504.7011022923777;7300;3.9402447584459974;7300;4.040955839716788
7310;152.98318430127873;7310;0;7310;15.454573198644978;7310;504.66155931772829;7310;3.9402447584459974;7310;4.0394299142429881
7320;152.88552507095554;7320;0;7320;15.466780602435376;7320;504.66155931772829;7320;3.9402447584459974;7320;4.040650654622028
7330;152.95876949369793;7330;0;7330;15.491195410016175;7330;504.7011022923777;7330;3.9402447584459974;7330;4.0354625080111086
7340;153.15408795434431;7340;0.012207403790398877;7340;15.540025025177769;7340;504.74064526702711;7340;3.9402447584459974;7340;4.0418713950010678
7350;153.00759910885952;7350;0;7350;15.527817621387371;7350;504.7011022923777;7350;3.9402447584459974;7350;4.0394299142429881
7360;152.97097689748833;7360;0;7360;15.466780602435376;7360;504.66155931772829;7360;3.9402447584459974;7360;4.0394299142429881
7370;152.97097689748833;7370;0;7370;15.527817621387371;7370;504.66155931772829;7370;3.9402447584459974;7370;4.0372936185796684
7380;153.06863612781152;7380;0;7380;15.491195410016175;7380;504.66155931772829;7380;3.9402447584459974;7380;4.0400402844325081
7390;153.1785027619251;7390;0;7390;15.540025025177769;7390;504.74064526702711;7390;3.9402447584459974;7390;4.040345469527268
7400;153.05642872402112;7400;0;7400;15.686513870662559;7400;504.66155931772829;7400;3.9402447584459974;7400;4.0372936185796684
7410;153.05642872402112;7410;0;7410;15.710928678243356;7410;504.66155931772829;7410;3.9402447584459974;7410;4.0421765800958278
7420;153.04422132023072;7420;0;7420;15.540025025177769;7420;504.7011022923777;7420;3.9402447584459974;7420;4.0394299142429881
7430;153.05642872402112;7430;0;7430;15.613269447920164;7430;504.74064526702711;7430;3.9402447584459974;7430;4.040345469527268
7440;152.99539170506912;7440;0.012207403790398877;7440;15.637684255500961;7440;504.74064526702711;7440;3.9402447584459974;7440;4.0351573229163487
7450;153.00759910885952;7450;0.012207403790398877;7450;15.625476851710562;7450;504.66155931772829;7450;3.9402447584459974;7450;4.0412610248115479
7460;152.94656208990753;7460;0;7460;15.576647236548968;7460;504.66155931772829;7460;3.9402447584459974;7460;4.0388195440534682
7470;152.88552507095554;7470;0;7470;15.576647236548968;7470;504.66155931772829;7470;3.9402447584459974;7470;4.0379039887691883
7480;152.87331766716514;7480;0;7480;15.686513870662559;7480;504.62201634307894;7480;3.9402447584459974;7480;4.0385143589587083
7490;152.95876949369793;7490;0;7490;15.686513870662559;7490;504.62201634307894;7490;3.9402447584459974;7490;4.040345469527268
7500;153.01980651264992;7500;0.012207403790398877;7500;15.723136082033754;7500;504.74064526702711;7500;3.9402447584459974;7500;4.0412610248115479
7510;153.01980651264992;7510;0;7510;15.735343485824153;7510;504.7011022923777;7510;3.9402447584459974;7510;4.0357676931058686
7520;153.09305093539231;7520;0;7520;15.75975829340495;7520;504.66155931772829;7520;3.9402447584459974;7520;4.040955839716788
7530;152.99539170506912;7530;0;7530;15.784173100985749;7530;504.66155931772829;7530;3.9402447584459974;7530;4.0394299142429881
7540;152.97097689748833;7540;0;7540;15.77196569719535;7540;504.66155931772829;7540;3.9402447584459974;7540;4.040650654622028
7550;152.97097689748833;7550;0;7550;15.75975829340495;7550;504.7011022923777;7550;3.9402447584459974;7550;4.0357676931058686
7560;153.1662953581347;7560;0;7560;15.747550889614551;7560;504.66155931772829;7560;3.9402447584459974;7560;4.0412610248115479
7570;153.1662953581347;7570;0;7570;15.88183233130894;7570;504.62201634307894;7570;3.9402447584459974;7570;4.0397350993377481
7580;153.09305093539231;7580;0;7580;15.967284157841732;7580;504.66155931772829;7580;3.9402447584459974;7580;4.0385143589587083
7590;153.05642872402112;7590;0;7590;15.820795312356944;7590;504.7011022923777;7590;3.9402447584459974;7590;4.040345469527268
7600;153.08084353160191;7600;0;7600;15.784173100985749;7600;504.7011022923777;7600;3.9402447584459974;7600;4.040345469527268
7610;153.1785027619251;7610;0;7610;15.930661946470535;7610;504.7011022923777;7610;3.9402447584459974;7610;4.0418713950010678
7620;153.09305093539231;7620;0.012207403790398877;7620;15.894039735099339;7620;504.66155931772829;7620;3.9402447584459974;7620;4.0357676931058686
7630;153.11746574297311;7630;0;7630;15.85741752372814;7630;504.7011022923777;7630;3.9402447584459974;7630;4.0421765800958278
7640;153.04422132023072;7640;0;7640;15.955076754051332;7640;504.7011022923777;7640;3.9402447584459974;7640;4.0394299142429881
7650;153.08084353160191;7650;0;7650;16.040528580584123;7650;504.7011022923777;7650;3.9402447584459974;7650;4.0397350993377481
7660;153.14188055055391;7660;0;7660;16.028321176793725;7660;504.7011022923777;7660;3.9402447584459974;7660;4.0363780632953885
7670;153.04422132023072;7670;0;7670;15.942869350260933;7670;504.66155931772829;7670;3.9402447584459974;7670;4.040650654622028
7680;152.94656208990753;7680;0;7680;15.967284157841732;7680;504.7011022923777;7680;3.9402447584459974;7680;4.040345469527268
7690;153.05642872402112;7690;0;7690;15.967284157841732;7690;504.66155931772829;7690;3.9402447584459974;7690;4.0379039887691883
7700;153.11746574297311;7700;0.012207403790398877;7700;15.942869350260933;7700;504.7011022923777;7700;3.9402447584459974;7700;4.040955839716788
7710;152.97097689748833;7710;0.012207403790398877;7710;15.97949156163213;7710;504.7011022923777;7710;3.9402447584459974;7710;4.0394299142429881
7720;152.97097689748833;7720;0.012207403790398877;7720;15.97949156163213;7720;504.66155931772829;7720;3.9402447584459974;7720;4.040955839716788
7730;152.90993987853633;7730;0;7730;16.077150791955322;7730;504.62201634307894;7730;3.9402447584459974;7730;4.0360728782006285
7740;152.94656208990753;7740;0;7740;16.077150791955322;7740;504.62201634307894;7740;3.9402447584459974;7740;4.0418713950010678
7750;152.95876949369793;7750;0;7750;15.894039735099339;7750;504.62201634307894;7750;3.9402447584459974;7750;4.0375988036744284
7760;153.06863612781152;7760;0;7760;15.967284157841732;7760;504.66155931772829;7760;3.9402447584459974;7760;4.0379039887691883
7770;153.06863612781152;7770;0;7770;16.113773003326518;7770;504.7011022923777;7770;3.9402447584459974;7770;4.0385143589587083
7780;152.97097689748833;7780;0;7780;16.089358195745721;7780;504.66155931772829;7780;3.9402447584459974;7780;4.0412610248115479
7790;152.98318430127873;7790;0;7790;16.089358195745721;7790;504.74064526702711;7790;3.9402447584459974;7790;4.040345469527268
7800;152.88552507095554;7800;0;7800;16.113773003326518;7800;504.7011022923777;7800;3.9402447584459974;7800;4.0372936185796684
7810;153.01980651264992;7810;0;7810;16.223639637440108;7810;504.66155931772829;7810;3.9402447584459974;7810;4.0430921353801077
7820;153.04422132023072;7820;0;7820;16.2846766563921;7820;504.62201634307894;7820;3.9402447584459974;7820;4.0397350993377481
7830;153.05642872402112;7830;0;7830;16.21143223364971;7830;504.62201634307894;7830;3.9402447584459974;7830;4.040650654622028
7840;153.11746574297311;7840;0;7840;16.162602618488116;7840;504.62201634307894;7840;3.9402447584459974;7840;4.0354625080111086
7850;153.09305093539231;7850;0;7850;16.150395214697713;7850;504.62201634307894;7850;3.9402447584459974;7850;4.040955839716788
7860;152.99539170506912;7860;0;7860;16.174810022278514;7860;504.66155931772829;7860;3.9402447584459974;7860;4.0385143589587083
7870;152.99539170506912;7870;0;7870;16.248054445020905;7870;504.62201634307894;7870;3.9402447584459974;7870;4.0382091738639483
7880;153.05642872402112;7880;0.012207403790398877;7880;16.309091463972898;7880;504.7011022923777;7880;3.9402447584459974;7880;4.0397350993377481
7890;153.10525833918271;7890;0;7890;16.260261848811304;7890;504.62201634307894;7890;3.9402447584459974;7890;4.040650654622028
7900;153.1785027619251;7900;0;7900;16.235847041230507;7900;504.58247336842948;7900;3.9402447584459974;7900;4.040955839716788
7910;153.10525833918271;7910;0;7910;16.333506271553695;7910;504.58247336842948;7910;3.9402447584459974;7910;4.0360728782006285
7920;153.15408795434431;7920;0.012207403790398877;7920;16.382335886715293;7920;504.66155931772829;7920;3.9402447584459974;7920;4.0418713950010678
7930;153.01980651264992;7930;0.012207403790398877;7930;16.357921079134496;7930;504.7011022923777;7930;3.9402447584459974;7930;4.0385143589587083
7940;152.92214728232673;7940;0;7940;16.40675069429609;7940;504.66155931772829;7940;3.9402447584459974;7940;4.0400402844325081
7950;152.95876949369793;7950;0;7950;16.345713675344093;7950;504.62201634307894;7950;3.9402447584459974;7950;4.0351573229163487
7960;153.15408795434431;7960;0.012207403790398877;7960;16.321298867763296;7960;504.7011022923777;7960;3.9402447584459974;7960;4.0397350993377481
7970;153.15408795434431;7970;0.024414807580797754;7970;16.40675069429609;7970;504.78018824167657;7970;3.9402447584459974;7970;4.0397350993377481
7980;153.14188055055391;7980;0.024414807580797754;7980;16.40675069429609;7980;504.74064526702711;7980;3.9402447584459974;7980;4.0382091738639483
7990;153.11746574297311;7990;0.024414807580797754;7990;16.479995117038484;7990;504.7011022923777;7990;3.9402447584459974;7990;4.0400402844325081
8000;152.94656208990753;8000;0;8000;16.51661732840968;8000;504.66155931772829;8000;3.9402447584459974;8000;4.0394299142429881
8010;152.99539170506912;8010;0;8010;16.479995117038484;8010;504.7011022923777;8010;3.9402447584459974;8010;4.0418713950010678
8020;153.11746574297311;8020;0.024414807580797754;8020;16.467787713248086;8020;504.66155931772829;8020;3.9402447584459974;8020;4.0360728782006285
8030;153.1662953581347;8030;0.012207403790398877;8030;16.479995117038484;8030;504.66155931772829;8030;3.9402447584459974;8030;4.040650654622028
8040;153.04422132023072;8040;0.012207403790398877;8040;16.528824732200079;8040;504.66155931772829;8040;3.9402447584459974;8040;4.0379039887691883
8050;152.95876949369793;8050;0.012207403790398877;8050;16.528824732200079;8050;504.62201634307894;8050;3.9402447584459974;8050;4.0400402844325081
8060;152.98318430127873;8060;0.012207403790398877;8060;16.553239539780879;8060;504.62201634307894;8060;3.9402447584459974;8060;4.0372936185796684
8070;153.1662953581347;8070;0;8070;16.589861751152075;8070;504.66155931772829;8070;3.9402447584459974;8070;4.0400402844325081
8080;153.06863612781152;8080;0;8080;16.62648396252327;8080;504.66155931772829;8080;3.9402447584459974;8080;4.0400402844325081
8090;152.98318430127873;8090;0;8090;16.589861751152075;8090;504.66155931772829;8090;3.9402447584459974;8090;4.0379039887691883
8100;153.06863612781152;8100;0;8100;16.614276558732872;8100;504.66155931772829;8100;3.9402447584459974;8100;4.0418713950010678
8110;152.98318430127873;8110;0;8110;16.687520981475267;8110;504.62201634307894;8110;3.9402447584459974;8110;4.0400402844325081
8120;152.95876949369793;8120;0;8120;16.711935789056064;8120;504.66155931772829;8120;3.9402447584459974;8120;4.0418713950010678
8130;152.86111026337474;8130;0;8130;16.687520981475267;8130;504.66155931772829;8130;3.9402447584459974;8130;4.0357676931058686
8140;153.08084353160191;8140;0;8140;16.687520981475267;8140;504.62201634307894;8140;3.9402447584459974;8140;4.0418713950010678
8150;153.09305093539231;8150;0.012207403790398877;8150;16.748558000427259;8150;504.66155931772829;8150;3.9402447584459974;8150;4.0388195440534682
8160;153.00759910885952;8160;0;8160;16.772972808008056;8160;504.7011022923777;8160;3.9402447584459974;8160;4.0388195440534682
8170;153.00759910885952;8170;0;8170;16.724143192846462;8170;504.78018824167657;8170;3.9402447584459974;8170;4.0382091738639483
8180;153.00759910885952;8180;0.012207403790398877;8180;16.687520981475267;8180;504.7011022923777;8180;3.9402447584459974;8180;4.040650654622028
8190;152.99539170506912;8190;0;8190;16.711935789056064;8190;504.7011022923777;8190;3.9402447584459974;8190;4.0418713950010678
8200;152.98318430127873;8200;0;8200;16.724143192846462;8200;504.7011022923777;8200;3.9402447584459974;8200;4.0379039887691883
8210;153.06863612781152;8210;0;8210;16.748558000427259;8210;504.7011022923777;8210;3.9402447584459974;8210;4.0418713950010678
8220;153.10525833918271;8220;0;8220;16.809595019379252;8220;504.66155931772829;8220;3.9402447584459974;8220;4.0385143589587083
8230;153.05642872402112;8230;0;8230;16.809595019379252;8230;504.62201634307894;8230;3.9402447584459974;8230;4.040650654622028
8240;152.99539170506912;8240;0.012207403790398877;8240;16.772972808008056;8240;504.66155931772829;8240;3.9402447584459974;8240;4.0360728782006285
8250;153.11746574297311;8250;0.012207403790398877;8250;16.82180242316965;8250;504.74064526702711;8250;3.9402447584459974;8250;4.040955839716788
8260;153.14188055055391;8260;0;8260;16.907254249702444;8260;504.7011022923777;8260;3.9402447584459974;8260;4.0388195440534682
8270;153.11746574297311;8270;0;8270;16.907254249702444;8270;504.66155931772829;8270;3.9402447584459974;8270;4.0394299142429881
8280;153.14188055055391;8280;0.012207403790398877;8280;16.846217230750451;8280;504.74064526702711;8280;3.9402447584459974;8280;4.0400402844325081
8290;153.1907101657155;8290;0;8290;16.846217230750451;8290;504.7011022923777;8290;3.9402447584459974;8290;4.0400402844325081
8300;153.10525833918271;8300;0;8300;16.82180242316965;8300;504.7011022923777;8300;3.9402447584459974;8300;4.0418713950010678
8310;152.98318430127873;8310;0;8310;16.834009826960049;8310;504.66155931772829;8310;3.9402447584459974;8310;4.0372936185796684
8320;153.05642872402112;8320;0;8320;16.846217230750451;8320;504.62201634307894;8320;3.9402447584459974;8320;4.0421765800958278
8330;153.01980651264992;8330;0.012207403790398877;8330;16.882839442121647;8330;504.66155931772829;8330;3.9402447584459974;8330;4.0379039887691883
8340;153.01980651264992;8340;0;8340;17.004913480025635;8340;504.7011022923777;8340;3.9402447584459974;8340;4.0394299142429881
8350;153.01980651264992;8350;0;8350;17.017120883816034;8350;504.62201634307894;8350;3.9402447584459974;8350;4.0360728782006285
8360;153.10525833918271;8360;0.012207403790398877;8360;17.017120883816034;8360;504.62201634307894;8360;3.9402447584459974;8360;4.040345469527268
8370;153.00759910885952;8370;0;8370;16.980498672444838;8370;504.74064526702711;8370;3.9402447584459974;8370;4.0388195440534682
8380;153.08084353160191;8380;0;8380;16.980498672444838;8380;504.7011022923777;8380;3.9402447584459974;8380;4.0382091738639483
8390;153.14188055055391;8390;0;8390;17.017120883816034;8390;504.66155931772829;8390;3.9402447584459974;8390;4.040650654622028
8400;153.09305093539231;8400;0;8400;17.017120883816034;8400;504.62201634307894;8400;3.9402447584459974;8400;4.0394299142429881
8410;153.1785027619251;8410;0;8410;17.07815790276803;8410;504.66155931772829;8410;3.9402447584459974;8410;4.0412610248115479
8420;153.01980651264992;8420;0;8420;17.102572710348827;8420;504.74064526702711;8420;3.9402447584459974;8420;4.0360728782006285
8430;152.88552507095554;8430;0;8430;17.102572710348827;8430;504.7011022923777;8430;3.9402447584459974;8430;4.040955839716788
8440;152.99539170506912;8440;0;8440;17.053743095187233;8440;504.62201634307894;8440;3.9402447584459974;8440;4.0385143589587083
8450;153.1907101657155;8450;0;8450;17.053743095187233;8450;504.62201634307894;8450;3.9402447584459974;8450;4.0400402844325081
8460;153.10525833918271;8460;0;8460;17.07815790276803;8460;504.66155931772829;8460;3.9402447584459974;8460;4.0369884334849084
8470;153.01980651264992;8470;0;8470;17.175817133091222;8470;504.66155931772829;8470;3.9402447584459974;8470;4.040650654622028
8480;153.05642872402112;8480;0;8480;17.249061555833613;8480;504.7011022923777;8480;3.9402447584459974;8480;4.040650654622028
8490;153.05642872402112;8490;0;8490;17.163609729300823;8490;504.66155931772829;8490;3.9402447584459974;8490;4.0372936185796684
8500;153.10525833918271;8500;0.024414807580797754;8500;17.224646748252816;8500;504.7011022923777;8500;3.9402447584459974;8500;4.040955839716788
8510;153.04422132023072;8510;0;8510;17.212439344462418;8510;504.66155931772829;8510;3.9402447584459974;8510;4.0397350993377481
8520;153.05642872402112;8520;0;8520;17.163609729300823;8520;504.7011022923777;8520;3.9402447584459974;8520;4.0412610248115479
8530;153.2029175695059;8530;0;8530;17.236854152043215;8530;504.7011022923777;8530;3.9402447584459974;8530;4.0357676931058686
8540;153.1785027619251;8540;0;8540;17.310098574785606;8540;504.66155931772829;8540;3.9402447584459974;8540;4.0418713950010678
8550;153.06863612781152;8550;0.012207403790398877;8550;17.322305978576004;8550;504.7011022923777;8550;3.9402447584459974;8550;4.0388195440534682
8560;153.15408795434431;8560;0;8560;17.27347636341441;8560;504.62201634307894;8560;3.9402447584459974;8560;4.0388195440534682
8570;153.06863612781152;8570;0;8570;17.285683767204809;8570;504.66155931772829;8570;3.9402447584459974;8570;4.0379039887691883
8580;152.99539170506912;8580;0;8580;17.310098574785606;8580;504.7011022923777;8580;3.9402447584459974;8580;4.040650654622028
8590;153.04422132023072;8590;0.012207403790398877;8590;17.334513382366406;8590;504.74064526702711;8590;3.9402447584459974;8590;4.040955839716788
8600;153.01980651264992;8600;0.012207403790398877;8600;17.383342997528;8600;504.66155931772829;8600;3.9402447584459974;8600;4.0363780632953885
8610;153.05642872402112;8610;0;8610;17.456587420270395;8610;504.62201634307894;8610;3.9402447584459974;8610;4.0424817651905878
8620;153.00759910885952;8620;0;8620;17.432172612689598;8620;504.62201634307894;8620;3.9402447584459974;8620;4.0400402844325081
8630;152.95876949369793;8630;0;8630;17.407757805108798;8630;504.66155931772829;8630;3.9402447584459974;8630;4.040650654622028
8640;152.92214728232673;8640;0;8640;17.407757805108798;8640;504.7011022923777;8640;3.9402447584459974;8640;4.0354625080111086
8650;153.09305093539231;8650;0;8650;17.407757805108798;8650;504.66155931772829;8650;3.9402447584459974;8650;4.0412610248115479
8660;153.06863612781152;8660;0;8660;17.371135593737602;8660;504.66155931772829;8660;3.9402447584459974;8660;4.0400402844325081
8670;153.01980651264992;8670;0;8670;17.358928189947203;8670;504.62201634307894;8670;3.9402447584459974;8670;4.0379039887691883
8680;153.10525833918271;8680;0;8680;17.542039246803188;8680;504.66155931772829;8680;3.9402447584459974;8680;4.0385143589587083
8690;153.14188055055391;8690;0;8690;17.505417035431989;8690;504.66155931772829;8690;3.9402447584459974;8690;4.0400402844325081
8700;153.04422132023072;8700;0;8700;17.432172612689598;8700;504.62201634307894;8700;3.9402447584459974;8700;4.040650654622028
8710;152.94656208990753;8710;0;8710;17.554246650593587;8710;504.62201634307894;8710;3.9402447584459974;8710;4.0348521378215887
8720;152.97097689748833;8720;0;8720;17.566454054383986;8720;504.7011022923777;8720;3.9402447584459974;8720;4.0412610248115479
8730;152.99539170506912;8730;0;8730;17.517624439222388;8730;504.74064526702711;8730;3.9402447584459974;8730;4.0394299142429881
8740;153.09305093539231;8740;0;8740;17.456587420270395;8740;504.74064526702711;8740;3.9402447584459974;8740;4.040345469527268
8750;152.98318430127873;8750;0.012207403790398877;8750;17.456587420270395;8750;504.74064526702711;8750;3.9402447584459974;8750;4.0360728782006285
8760;153.09305093539231;8760;0.012207403790398877;8760;17.603076265755181;8760;504.7011022923777;8760;3.9402447584459974;8760;4.040345469527268
8770;153.1662953581347;8770;0.048829615161595508;8770;17.712942899868768;8770;504.62201634307894;8770;3.9402447584459974;8770;4.0397350993377481
8780;153.01980651264992;8780;0.024414807580797754;8780;17.627491073335978;8780;504.62201634307894;8780;3.9402447584459974;8780;4.0375988036744284
8790;153.08084353160191;8790;0.012207403790398877;8790;17.627491073335978;8790;504.7011022923777;8790;3.9402447584459974;8790;4.040650654622028
8800;153.05642872402112;8800;0;8800;17.700735496078369;8800;504.66155931772829;8800;3.9402447584459974;8800;4.0394299142429881
8810;152.99539170506912;8810;0;8810;17.627491073335978;8810;504.66155931772829;8810;3.9402447584459974;8810;4.040345469527268
8820;153.01980651264992;8820;0;8820;17.61528366954558;8820;504.62201634307894;8820;3.9402447584459974;8820;4.0354625080111086
8830;153.15408795434431;8830;0;8830;17.639698477126377;8830;504.62201634307894;8830;3.9402447584459974;8830;4.040345469527268
8840;152.90993987853633;8840;0;8840;17.737357707449569;8840;504.74064526702711;8840;3.9402447584459974;8840;4.0375988036744284
8850;152.99539170506912;8850;0;8850;17.737357707449569;8850;504.7011022923777;8850;3.9402447584459974;8850;4.0388195440534682
8860;153.14188055055391;8860;0;8860;17.664113284707174;8860;504.62201634307894;8860;3.9402447584459974;8860;4.0369884334849084
8870;153.09305093539231;8870;0;8870;17.676320688497572;8870;504.66155931772829;8870;3.9402447584459974;8870;4.040650654622028
8880;153.04422132023072;8880;0.012207403790398877;8880;17.761772515030366;8880;504.66155931772829;8880;3.9402447584459974;8880;4.040650654622028
8890;153.01980651264992;8890;0;8890;17.798394726401561;8890;504.66155931772829;8890;3.9402447584459974;8890;4.0369884334849084
8900;152.99539170506912;8900;0;8900;17.83501693777276;8900;504.66155931772829;8900;3.9402447584459974;8900;4.040345469527268
8910;152.88552507095554;8910;0;8910;17.761772515030366;8910;504.66155931772829;8910;3.9402447584459974;8910;4.0388195440534682
8920;153.01980651264992;8920;0;8920;17.737357707449569;8920;504.7011022923777;8920;3.9402447584459974;8920;4.040345469527268
8930;153.08084353160191;8930;0;8930;17.847224341563159;8930;504.66155931772829;8930;3.9402447584459974;8930;4.0354625080111086
8940;153.14188055055391;8940;0;8940;17.83501693777276;8940;504.62201634307894;8940;3.9402447584459974;8940;4.0412610248115479
8950;153.08084353160191;8950;0;8950;17.773979918820764;8950;504.58247336842948;8950;3.9402447584459974;8950;4.0385143589587083
8960;153.00759910885952;8960;0.012207403790398877;8960;17.847224341563159;8960;504.58247336842948;8960;3.9402447584459974;8960;4.0388195440534682
8970;153.09305093539231;8970;0;8970;17.920468764305554;8970;504.66155931772829;8970;3.9402447584459974;8970;4.0385143589587083
8980;153.08084353160191;8980;0;8980;17.871639149143956;8980;504.66155931772829;8980;3.9402447584459974;8980;4.0400402844325081
8990;153.01980651264992;8990;0.024414807580797754;8990;17.883846552934354;8990;504.66155931772829;8990;3.9402447584459974;8990;4.0400402844325081
9000;153.15408795434431;9000;0.024414807580797754;9000;17.871639149143956;9000;504.66155931772829;9000;3.9402447584459974;9000;4.0363780632953885
9010;153.1662953581347;9010;0;9010;17.944883571886351;9010;504.66155931772829;9010;3.9402447584459974;9010;4.0397350993377481
9020;153.09305093539231;9020;0;9020;17.908261360515151;9020;504.62201634307894;9020;3.9402447584459974;9020;4.0363780632953885
9030;153.2395397808771;9030;0;9030;17.883846552934354;9030;504.62201634307894;9030;3.9402447584459974;9030;4.0437025055696276
9040;153.14188055055391;9040;0.012207403790398877;9040;18.018127994628745;9040;504.62201634307894;9040;3.9402447584459974;9040;4.0412610248115479
9050;153.08084353160191;9050;0;9050;17.981505783257546;9050;504.62201634307894;9050;3.9402447584459974;9050;4.0418713950010678
9060;153.11746574297311;9060;0;9060;18.030335398419144;9060;504.7011022923777;9060;3.9402447584459974;9060;4.040650654622028
9070;153.15408795434431;9070;0;9070;18.018127994628745;9070;504.66155931772829;9070;3.9402447584459974;9070;4.0437025055696276
9080;153.09305093539231;9080;0;9080;17.969298379467148;9080;504.7011022923777;9080;3.9402447584459974;9080;4.0440076906643876
9090;153.15408795434431;9090;0.012207403790398877;9090;17.920468764305554;9090;504.7011022923777;9090;3.9402447584459974;9090;4.040650654622028
9100;153.25174718466749;9100;0.012207403790398877;9100;17.932676168095952;9100;504.66155931772829;9100;3.9402447584459974;9100;4.0446180608539075
9110;153.1662953581347;9110;0;9110;17.981505783257546;9110;504.66155931772829;9110;3.9402447584459974;9110;4.0430921353801077
9120;153.09305093539231;9120;0.012207403790398877;9120;18.005920590838343;9120;504.66155931772829;9120;3.9402447584459974;9120;4.0437025055696276
9130;153.01980651264992;9130;0.024414807580797754;9130;17.969298379467148;9130;504.66155931772829;9130;3.9402447584459974;9130;4.0382091738639483
9140;152.94656208990753;9140;0.012207403790398877;9140;17.981505783257546;9140;504.66155931772829;9140;3.9402447584459974;9140;4.0418713950010678
9150;152.86111026337474;9150;0.024414807580797754;9150;18.054750205999941;9150;504.66155931772829;9150;3.9402447584459974;9150;4.0388195440534682
9160;153.06863612781152;9160;0.061037018951994385;9160;18.042542802209542;9160;504.62201634307894;9160;3.9402447584459974;9160;4.0397350993377481
9170;153.14188055055391;9170;0.048829615161595508;9170;18.018127994628745;9170;504.62201634307894;9170;3.9402447584459974;9170;4.0379039887691883
9180;153.15408795434431;9180;0;9180;18.005920590838343;9180;504.58247336842948;9180;3.9402447584459974;9180;4.0394299142429881
9190;153.10525833918271;9190;0;9190;18.030335398419144;9190;504.62201634307894;9190;3.9402447584459974;9190;4.0394299142429881
9200;153.11746574297311;9200;0;9200;17.981505783257546;9200;504.66155931772829;9200;3.9402447584459974;9200;4.0354625080111086
9210;153.14188055055391;9210;0;9210;18.042542802209542;9210;504.62201634307894;9210;3.9402447584459974;9210;4.0400402844325081
9220;152.92214728232673;9220;0;9220;18.152409436323129;9220;504.62201634307894;9220;3.9402447584459974;9220;4.0369884334849084
9230;153.00759910885952;9230;0;9230;18.201239051484723;9230;504.66155931772829;9230;3.9402447584459974;9230;4.0385143589587083
9240;153.04422132023072;9240;0;9240;18.176824243903926;9240;504.62201634307894;9240;3.9402447584459974;9240;4.0345469527268287
9250;153.08084353160191;9250;0;9250;18.152409436323129;9250;504.62201634307894;9250;3.9402447584459974;9250;4.0394299142429881
9260;153.04422132023072;9260;0.012207403790398877;9260;18.176824243903926;9260;504.66155931772829;9260;3.9402447584459974;9260;4.0375988036744284
9270;152.99539170506912;9270;0;9270;18.152409436323129;9270;504.66155931772829;9270;3.9402447584459974;9270;4.0372936185796684
9280;153.06863612781152;9280;0;9280;18.237861262855922;9280;504.7011022923777;9280;3.9402447584459974;9280;4.0375988036744284
9290;153.06863612781152;9290;0;9290;18.250068666646321;9290;504.66155931772829;9290;3.9402447584459974;9290;4.0372936185796684
9300;153.1785027619251;9300;0;9300;18.274483474227118;9300;504.62201634307894;9300;3.9402447584459974;9300;4.0397350993377481
9310;153.10525833918271;9310;0;9310;18.274483474227118;9310;504.62201634307894;9310;3.9402447584459974;9310;4.0363780632953885
9320;153.01980651264992;9320;0.012207403790398877;9320;18.26227607043672;9320;504.62201634307894;9320;3.9402447584459974;9320;4.040650654622028
9330;152.98318430127873;9330;0.012207403790398877;9330;18.274483474227118;9330;504.62201634307894;9330;3.9402447584459974;9330;4.0375988036744284
9340;153.08084353160191;9340;0;9340;18.250068666646321;9340;504.7011022923777;9340;3.9402447584459974;9340;4.0397350993377481
9350;153.00759910885952;9350;0;9350;18.225653859065524;9350;504.7011022923777;9350;3.9402447584459974;9350;4.0360728782006285
9360;153.05642872402112;9360;0.012207403790398877;9360;18.237861262855922;9360;504.66155931772829;9360;3.9402447584459974;9360;4.0394299142429881
9370;153.10525833918271;9370;0;9370;18.225653859065524;9370;504.66155931772829;9370;3.9402447584459974;9370;4.0385143589587083
9380;153.08084353160191;9380;0.012207403790398877;9380;18.298898281807915;9380;504.58247336842948;9380;3.9402447584459974;9380;4.0382091738639483
9390;153.14188055055391;9390;0.024414807580797754;9390;18.323313089388716;9390;504.62201634307894;9390;3.9402447584459974;9390;4.0397350993377481
9400;153.11746574297311;9400;0;9400;18.396557512131107;9400;504.62201634307894;9400;3.9402447584459974;9400;4.0372936185796684
9410;153.09305093539231;9410;0.012207403790398877;9410;18.4820093386639;9410;504.62201634307894;9410;3.9402447584459974;9410;4.0397350993377481
9420;153.09305093539231;9420;0.012207403790398877;9420;18.37214270455031;9420;504.66155931772829;9420;3.9402447584459974;9420;4.0360728782006285
9430;153.09305093539231;9430;0.024414807580797754;9430;18.347727896969513;9430;504.7011022923777;9430;3.9402447584459974;9430;4.0400402844325081
9440;152.97097689748833;9440;0.024414807580797754;9440;18.37214270455031;9440;504.66155931772829;9440;3.9402447584459974;9440;4.0375988036744284
9450;153.09305093539231;9450;0;9450;18.396557512131107;9450;504.62201634307894;9450;3.9402447584459974;9450;4.040345469527268
9460;153.04422132023072;9460;0.012207403790398877;9460;18.420972319711908;9460;504.62201634307894;9460;3.9402447584459974;9460;4.0363780632953885
9470;153.09305093539231;9470;0;9470;18.457594531083103;9470;504.62201634307894;9470;3.9402447584459974;9470;4.0397350993377481
9480;153.11746574297311;9480;0;9480;18.530838953825494;9480;504.7011022923777;9480;3.9402447584459974;9480;4.0379039887691883
9490;153.10525833918271;9490;0;9490;18.530838953825494;9490;504.58247336842948;9490;3.9402447584459974;9490;4.0382091738639483
9500;153.25174718466749;9500;0;9500;18.4698019348735;9500;504.62201634307894;9500;3.9402447584459974;9500;4.040345469527268
9510;153.06863612781152;9510;0;9510;18.4698019348735;9510;504.66155931772829;9510;3.9402447584459974;9510;4.0385143589587083
9520;152.94656208990753;9520;0.012207403790398877;9520;18.4698019348735;9520;504.66155931772829;9520;3.9402447584459974;9520;4.0412610248115479
9530;153.05642872402112;9530;0;9530;18.396557512131107;9530;504.66155931772829;9530;3.9402447584459974;9530;4.0379039887691883
9540;153.2029175695059;9540;0;9540;18.4820093386639;9540;504.66155931772829;9540;3.9402447584459974;9540;4.0412610248115479
9550;153.2273323770867;9550;0;9550;18.56746116519669;9550;504.62201634307894;9550;3.9402447584459974;9550;4.0379039887691883
9560;153.25174718466749;9560;0;9560;18.56746116519669;9560;504.58247336842948;9560;3.9402447584459974;9560;4.040650654622028
9570;153.15408795434431;9570;0.024414807580797754;9570;18.628498184148686;9570;504.58247336842948;9570;3.9402447584459974;9570;4.0385143589587083
9580;153.08084353160191;9580;0.012207403790398877;9580;18.555253761406291;9580;504.62201634307894;9580;3.9402447584459974;9580;4.040650654622028
9590;152.99539170506912;9590;0.012207403790398877;9590;18.543046357615893;9590;504.66155931772829;9590;3.9402447584459974;9590;4.0400402844325081
9600;152.97097689748833;9600;0.012207403790398877;9600;18.579668568987088;9600;504.58247336842948;9600;3.9402447584459974;9600;4.0382091738639483
9610;153.08084353160191;9610;0.012207403790398877;9610;18.616290780358288;9610;504.58247336842948;9610;3.9402447584459974;9610;4.040955839716788
9620;152.98318430127873;9620;0.012207403790398877;9620;18.555253761406291;9620;504.62201634307894;9620;3.9402447584459974;9620;4.0388195440534682
9630;153.01980651264992;9630;0;9630;18.543046357615893;9630;504.66155931772829;9630;3.9402447584459974;9630;4.0418713950010678
9640;153.04422132023072;9640;0;9640;18.640705587939085;9640;504.7011022923777;9640;3.9402447584459974;9640;4.0375988036744284
9650;153.06863612781152;9650;0.012207403790398877;9650;18.604083376567889;9650;504.7011022923777;9650;3.9402447584459974;9650;4.040955839716788
9660;153.01980651264992;9660;0.012207403790398877;9660;18.665120395519882;9660;504.7011022923777;9660;3.9402447584459974;9660;4.0382091738639483
9670;153.04422132023072;9670;0;9670;18.738364818262276;9670;504.62201634307894;9670;3.9402447584459974;9670;4.040345469527268
9680;153.04422132023072;9680;0.012207403790398877;9680;18.713950010681479;9680;504.58247336842948;9680;3.9402447584459974;9680;4.0394299142429881
9690;153.11746574297311;9690;0.036622211371196631;9690;18.738364818262276;9690;504.7011022923777;9690;3.9402447584459974;9690;4.0400402844325081
9700;153.14188055055391;9700;0.012207403790398877;9700;18.713950010681479;9700;504.74064526702711;9700;3.9402447584459974;9700;4.0400402844325081
9710;153.04422132023072;9710;0;9710;18.628498184148686;9710;504.62201634307894;9710;3.9402447584459974;9710;4.0379039887691883
9720;153.00759910885952;9720;0.012207403790398877;9720;18.67732779931028;9720;504.62201634307894;9720;3.9402447584459974;9720;4.0412610248115479
9730;152.90993987853633;9730;0.024414807580797754;9730;18.774987029633472;9730;504.62201634307894;9730;3.9402447584459974;9730;4.0385143589587083
9740;153.00759910885952;9740;0.012207403790398877;9740;18.82381664479507;9740;504.62201634307894;9740;3.9402447584459974;9740;4.0418713950010678
9750;152.92214728232673;9750;0;9750;18.750572222052675;9750;504.62201634307894;9750;3.9402447584459974;9750;4.0379039887691883
9760;153.09305093539231;9760;0;9760;18.713950010681479;9760;504.62201634307894;9760;3.9402447584459974;9760;4.0412610248115479
9770;153.01980651264992;9770;0;9770;18.811609241004671;9770;504.62201634307894;9770;3.9402447584459974;9770;4.0394299142429881
9780;152.97097689748833;9780;0;9780;18.738364818262276;9780;504.62201634307894;9780;3.9402447584459974;9780;4.040650654622028
9790;153.10525833918271;9790;0;9790;18.799401837214273;9790;504.66155931772829;9790;3.9402447584459974;9790;4.0412610248115479
9800;153.08084353160191;9800;0;9800;18.836024048585468;9800;504.62201634307894;9800;3.9402447584459974;9800;4.040650654622028
9810;153.08084353160191;9810;0;9810;18.848231452375867;9810;504.62201634307894;9810;3.9402447584459974;9810;4.0418713950010678
9820;153.09305093539231;9820;0.012207403790398877;9820;18.921475875118261;9820;504.58247336842948;9820;3.9402447584459974;9820;4.0382091738639483
9830;153.09305093539231;9830;0;9830;18.811609241004671;9830;504.66155931772829;9830;3.9402447584459974;9830;4.0421765800958278
9840;153.09305093539231;9840;0.012207403790398877;9840;18.848231452375867;9840;504.66155931772829;9840;3.9402447584459974;9840;4.0394299142429881
9850;153.27616199224829;9850;0;9850;18.909268471327863;9850;504.66155931772829;9850;3.9402447584459974;9850;4.0412610248115479
9860;153.14188055055391;9860;0;9860;18.860438856166265;9860;504.62201634307894;9860;3.9402447584459974;9860;4.0379039887691883
9870;152.97097689748833;9870;0;9870;18.897061067537464;9870;504.62201634307894;9870;3.9402447584459974;9870;4.0418713950010678
9880;153.05642872402112;9880;0;9880;18.848231452375867;9880;504.62201634307894;9880;3.9402447584459974;9880;4.0400402844325081
9890;153.1662953581347;9890;0;9890;18.909268471327863;9890;504.58247336842948;9890;3.9402447584459974;9890;4.0400402844325081
9900;153.1785027619251;9900;0.012207403790398877;9900;18.945890682699059;9900;504.62201634307894;9900;3.9402447584459974;9900;4.0412610248115479
9910;153.11746574297311;9910;0;9910;18.909268471327863;9910;504.66155931772829;9910;3.9402447584459974;9910;4.040345469527268
9920;153.09305093539231;9920;0;9920;18.958098086489457;9920;504.58247336842948;9920;3.9402447584459974;9920;4.0433973204748677
9930;152.95876949369793;9930;0.012207403790398877;9930;18.93368327890866;9930;504.58247336842948;9930;3.9402447584459974;9930;4.0388195440534682
9940;153.00759910885952;9940;0.036622211371196631;9940;18.897061067537464;9940;504.62201634307894;9940;3.9402447584459974;9940;4.0418713950010678
9950;153.01980651264992;9950;0.024414807580797754;9950;18.970305490279856;9950;504.66155931772829;9950;3.9402447584459974;9950;4.0382091738639483
9960;153.06863612781152;9960;0;9960;19.006927701651051;9960;504.62201634307894;9960;3.9402447584459974;9960;4.040650654622028
9970;153.04422132023072;9970;0;9970;18.909268471327863;9970;504.62201634307894;9970;3.9402447584459974;9970;4.0382091738639483
9980;153.04422132023072;9980;0;9980;18.93368327890866;9980;504.58247336842948;9980;3.9402447584459974;9980;4.0400402844325081
9990;153.09305093539231;9990;0;9990;19.104586931974243;9990;504.66155931772829;9990;3.9402447584459974;9990;4.0397350993377481
10000;152.99539170506912;10000;0;10000;19.092379528183844;10000;504.66155931772829;10000;3.9402447584459974;10000;4.0388195440534682
10010;153.04422132023072;10010;0;10010;19.104586931974243;10010;504.66155931772829;10010;3.9402447584459974;10010;4.040955839716788
10020;153.01980651264992;10020;0;10020;19.12900173955504;10020;504.62201634307894;10020;3.9402447584459974;10020;4.0385143589587083
10030;152.99539170506912;10030;0;10030;19.01913510544145;10030;504.58247336842948;10030;3.9402447584459974;10030;4.0418713950010678
10040;152.97097689748833;10040;0;10040;19.01913510544145;10040;504.66155931772829;10040;3.9402447584459974;10040;4.0382091738639483
10050;153.04422132023072;10050;0;10050;19.067964720603044;10050;504.7011022923777;10050;3.9402447584459974;10050;4.040955839716788
10060;153.14188055055391;10060;0;10060;19.055757316812645;10060;504.7011022923777;10060;3.9402447584459974;10060;4.0375988036744284
10070;153.1785027619251;10070;0;10070;19.12900173955504;10070;504.58247336842948;10070;3.9402447584459974;10070;4.040345469527268
10080;153.08084353160191;10080;0;10080;19.153416547135837;10080;504.58247336842948;10080;3.9402447584459974;10080;4.0385143589587083
10090;153.08084353160191;10090;0;10090;19.214453566087833;10090;504.58247336842948;10090;3.9402447584459974;10090;4.0397350993377481
10100;153.08084353160191;10100;0;10100;19.299905392620627;10100;504.62201634307894;10100;3.9402447584459974;10100;4.040345469527268
10110;153.05642872402112;10110;0.012207403790398877;10110;19.226660969878232;10110;504.62201634307894;10110;3.9402447584459974;10110;4.0382091738639483
10120;153.06863612781152;10120;0.036622211371196631;10120;19.153416547135837;10120;504.50338741913066;10120;3.9402447584459974;10120;4.0412610248115479
10130;152.95876949369793;10130;0.012207403790398877;10130;19.12900173955504;10130;504.58247336842948;10130;3.9402447584459974;10130;4.0379039887691883
10140;153.06863612781152;10140;0;10140;19.226660969878232;10140;504.66155931772829;10140;3.9402447584459974;10140;4.0400402844325081
10150;153.04422132023072;10150;0;10150;19.214453566087833;10150;504.66155931772829;10150;3.9402447584459974;10150;4.0360728782006285
10160;153.05642872402112;10160;0;10160;19.177831354716634;10160;504.58247336842948;10160;3.9402447584459974;10160;4.0400402844325081
10170;153.01980651264992;10170;0.012207403790398877;10170;19.348735007782221;10170;504.62201634307894;10170;3.9402447584459974;10170;4.0379039887691883
10180;152.99539170506912;10180;0;10180;19.348735007782221;10180;504.62201634307894;10180;3.9402447584459974;10180;4.0394299142429881
10190;153.11746574297311;10190;0;10190;19.299905392620627;10190;504.62201634307894;10190;3.9402447584459974;10190;4.0385143589587083
10200;153.10525833918271;10200;0.024414807580797754;10200;19.275490585039826;10200;504.58247336842948;10200;3.9402447584459974;10200;4.0388195440534682
10210;153.1785027619251;10210;0.024414807580797754;10210;19.251075777459029;10210;504.58247336842948;10210;3.9402447584459974;10210;4.040345469527268
10220;153.05642872402112;10220;0;10220;19.312112796411025;10220;504.58247336842948;10220;3.9402447584459974;10220;4.0375988036744284
10230;152.97097689748833;10230;0;10230;19.421979430524612;10230;504.62201634307894;10230;3.9402447584459974;10230;4.040650654622028
10240;153.00759910885952;10240;0;10240;19.373149815363018;10240;504.66155931772829;10240;3.9402447584459974;10240;4.0372936185796684
10250;153.10525833918271;10250;0;10250;19.324320200201424;10250;504.62201634307894;10250;3.9402447584459974;10250;4.040345469527268
10260;153.1785027619251;10260;0;10260;19.348735007782221;10260;504.62201634307894;10260;3.9402447584459974;10260;4.0369884334849084
10270;153.1907101657155;10270;0;10270;19.421979430524612;10270;504.62201634307894;10270;3.9402447584459974;10270;4.040345469527268
10280;153.11746574297311;10280;0;10280;19.446394238105409;10280;504.62201634307894;10280;3.9402447584459974;10280;4.0388195440534682
10290;153.05642872402112;10290;0.012207403790398877;10290;19.421979430524612;10290;504.50338741913066;10290;3.9402447584459974;10290;4.0382091738639483
10300;153.01980651264992;10300;0;10300;19.531846064638202;10300;504.62201634307894;10300;3.9402447584459974;10300;4.0394299142429881
10310;153.04422132023072;10310;0;10310;19.458601641895807;10310;504.58247336842948;10310;3.9402447584459974;10310;4.0382091738639483
10320;153.00759910885952;10320;0.024414807580797754;10320;19.397564622943815;10320;504.58247336842948;10320;3.9402447584459974;10320;4.0400402844325081
10330;152.90993987853633;10330;0.024414807580797754;10330;19.43418683431501;10330;504.66155931772829;10330;3.9402447584459974;10330;4.0372936185796684
10340;153.01980651264992;10340;0;10340;19.531846064638202;10340;504.62201634307894;10340;3.9402447584459974;10340;4.040955839716788
10350;153.00759910885952;10350;0;10350;19.653920102542191;10350;504.62201634307894;10350;3.9402447584459974;10350;4.0369884334849084
10360;153.05642872402112;10360;0;10360;19.568468276009398;10360;504.66155931772829;10360;3.9402447584459974;10360;4.0400402844325081
10370;153.10525833918271;10370;0.012207403790398877;10370;19.568468276009398;10370;504.66155931772829;10370;3.9402447584459974;10370;4.0372936185796684
10380;153.05642872402112;10380;0;10380;19.5440534684286;10380;504.62201634307894;10380;3.9402447584459974;10380;4.0394299142429881
10390;152.99539170506912;10390;0.012207403790398877;10390;19.531846064638202;10390;504.7011022923777;10390;3.9402447584459974;10390;4.0394299142429881
10400;152.94656208990753;10400;0;10400;19.5440534684286;10400;504.62201634307894;10400;3.9402447584459974;10400;4.0379039887691883
10410;153.05642872402112;10410;0;10410;19.653920102542191;10410;504.58247336842948;10410;3.9402447584459974;10410;4.0397350993377481
10420;153.08084353160191;10420;0;10420;19.69054231391339;10420;504.58247336842948;10420;3.9402447584459974;10420;4.0369884334849084
10430;153.06863612781152;10430;0.012207403790398877;10430;19.629505294961394;10430;504.58247336842948;10430;3.9402447584459974;10430;4.0397350993377481
10440;152.95876949369793;10440;0.012207403790398877;10440;19.605090487380597;10440;504.62201634307894;10440;3.9402447584459974;10440;4.0360728782006285
10450;153.04422132023072;10450;0;10450;19.69054231391339;10450;504.58247336842948;10450;3.9402447584459974;10450;4.0397350993377481
10460;153.01980651264992;10460;0.024414807580797754;10460;19.727164525284586;10460;504.58247336842948;10460;3.9402447584459974;10460;4.0369884334849084
10470;153.01980651264992;10470;0.024414807580797754;10470;19.714957121494187;10470;504.50338741913066;10470;3.9402447584459974;10470;4.0397350993377481
10480;153.06863612781152;10480;0.012207403790398877;10480;19.80040894802698;10480;504.50338741913066;10480;3.9402447584459974;10480;4.0379039887691883
10490;153.00759910885952;10490;0.012207403790398877;10490;19.714957121494187;10490;504.58247336842948;10490;3.9402447584459974;10490;4.0385143589587083
10500;153.06863612781152;10500;0.024414807580797754;10500;19.763786736655781;10500;504.58247336842948;10500;3.9402447584459974;10500;4.0394299142429881
10510;153.14188055055391;10510;0.012207403790398877;10510;19.837031159398176;10510;504.58247336842948;10510;3.9402447584459974;10510;4.0369884334849084
10520;153.11746574297311;10520;0.012207403790398877;10520;19.824823755607778;10520;504.58247336842948;10520;3.9402447584459974;10520;4.040345469527268
10530;153.04422132023072;10530;0;10530;19.849238563188575;10530;504.7011022923777;10530;3.9402447584459974;10530;4.0379039887691883
10540;153.09305093539231;10540;0;10540;19.824823755607778;10540;504.74064526702711;10540;3.9402447584459974;10540;4.040650654622028
10550;152.97097689748833;10550;0;10550;19.849238563188575;10550;504.66155931772829;10550;3.9402447584459974;10550;4.0360728782006285
10560;153.04422132023072;10560;0;10560;19.849238563188575;10560;504.58247336842948;10560;3.9402447584459974;10560;4.0394299142429881
10570;153.06863612781152;10570;0;10570;19.80040894802698;10570;504.50338741913066;10570;3.9402447584459974;10570;4.0369884334849084
10580;153.05642872402112;10580;0;10580;19.849238563188575;10580;504.46384444448131;10580;3.9402447584459974;10580;4.0382091738639483
10590;153.01980651264992;10590;0.012207403790398877;10590;19.898068178350169;10590;504.58247336842948;10590;3.9402447584459974;10590;4.0385143589587083
10600;152.95876949369793;10600;0.036622211371196631;10600;19.812616351817379;10600;504.62201634307894;10600;3.9402447584459974;10600;4.0385143589587083
10610;153.01980651264992;10610;0.036622211371196631;10610;19.812616351817379;10610;504.58247336842948;10610;3.9402447584459974;10610;4.040345469527268
10620;152.94656208990753;10620;0.024414807580797754;10620;19.898068178350169;10620;504.58247336842948;10620;3.9402447584459974;10620;4.0369884334849084
10630;152.95876949369793;10630;0;10630;19.910275582140567;10630;504.62201634307894;10630;3.9402447584459974;10630;4.0400402844325081
10640;152.89773247474594;10640;0;10640;19.861445966978973;10640;504.66155931772829;10640;3.9402447584459974;10640;4.0363780632953885
10650;152.95876949369793;10650;0;10650;19.873653370769372;10650;504.58247336842948;10650;3.9402447584459974;10650;4.0397350993377481
10660;153.00759910885952;10660;0;10660;20.007934812463759;10660;504.58247336842948;10660;3.9402447584459974;10660;4.0360728782006285
10670;153.09305093539231;10670;0;10670;20.007934812463759;10670;504.58247336842948;10670;3.9402447584459974;10670;4.0394299142429881
10680;153.09305093539231;10680;0;10680;20.007934812463759;10680;504.62201634307894;10680;3.9402447584459974;10680;4.0379039887691883
10690;153.11746574297311;10690;0;10690;20.007934812463759;10690;504.58247336842948;10690;3.9402447584459974;10690;4.0375988036744284
10700;153.2273323770867;10700;0;10700;20.044557023834955;10700;504.58247336842948;10700;3.9402447584459974;10700;4.0394299142429881
10710;153.08084353160191;10710;0;10710;20.044557023834955;10710;504.62201634307894;10710;3.9402447584459974;10710;4.0382091738639483
10720;153.00759910885952;10720;0;10720;20.032349620044556;10720;504.62201634307894;10720;3.9402447584459974;10720;4.0400402844325081
10730;152.98318430127873;10730;0;10730;20.142216254158146;10730;504.62201634307894;10730;3.9402447584459974;10730;4.0363780632953885
10740;152.99539170506912;10740;0;10740;20.117801446577349;10740;504.66155931772829;10740;3.9402447584459974;10740;4.040955839716788
10750;152.95876949369793;10750;0.012207403790398877;10750;20.020142216254158;10750;504.62201634307894;10750;3.9402447584459974;10750;4.0369884334849084
10760;152.95876949369793;10760;0;10760;19.971312601092563;10760;504.66155931772829;10760;3.9402447584459974;10760;4.0400402844325081
10770;152.99539170506912;10770;0;10770;20.007934812463759;10770;504.7011022923777;10770;3.9402447584459974;10770;4.0382091738639483
10780;152.99539170506912;10780;0;10780;20.130008850367748;10780;504.62201634307894;10780;3.9402447584459974;10780;4.0394299142429881
10790;152.99539170506912;10790;0;10790;20.166631061738943;10790;504.58247336842948;10790;3.9402447584459974;10790;4.0385143589587083
10800;153.10525833918271;10800;0;10800;20.093386638996552;10800;504.58247336842948;10800;3.9402447584459974;10800;4.0382091738639483
10810;153.06863612781152;10810;0;10810;20.166631061738943;10810;504.62201634307894;10810;3.9402447584459974;10810;4.040345469527268
10820;153.00759910885952;10820;0;10820;20.203253273110139;10820;504.62201634307894;10820;3.9402447584459974;10820;4.0363780632953885
10830;153.01980651264992;10830;0;10830;20.142216254158146;10830;504.58247336842948;10830;3.9402447584459974;10830;4.0400402844325081
10840;152.94656208990753;10840;0.012207403790398877;10840;20.166631061738943;10840;504.58247336842948;10840;3.9402447584459974;10840;4.0360728782006285
10850;153.08084353160191;10850;0.036622211371196631;10850;20.288705099642932;10850;504.58247336842948;10850;3.9402447584459974;10850;4.0397350993377481
10860;153.05642872402112;10860;0.024414807580797754;10860;20.337534714804526;10860;504.62201634307894;10860;3.9402447584459974;10860;4.0363780632953885
10870;153.06863612781152;10870;0;10870;20.325327311014128;10870;504.58247336842948;10870;3.9402447584459974;10870;4.0388195440534682
10880;153.09305093539231;10880;0;10880;20.252082888271733;10880;504.58247336842948;10880;3.9402447584459974;10880;4.0382091738639483
10890;153.15408795434431;10890;0;10890;20.252082888271733;10890;504.58247336842948;10890;3.9402447584459974;10890;4.0388195440534682
10900;153.14188055055391;10900;0;10900;20.337534714804526;10900;504.66155931772829;10900;3.9402447584459974;10900;4.0400402844325081
10910;152.98318430127873;10910;0;10910;20.227668080690936;10910;504.66155931772829;10910;3.9402447584459974;10910;4.0382091738639483
10920;152.95876949369793;10920;0;10920;20.227668080690936;10920;504.62201634307894;10920;3.9402447584459974;10920;4.040650654622028
10930;152.97097689748833;10930;0;10930;20.349742118594925;10930;504.58247336842948;10930;3.9402447584459974;10930;4.0372936185796684
10940;153.00759910885952;10940;0;10940;20.410779137546925;10940;504.62201634307894;10940;3.9402447584459974;10940;4.0418713950010678
10950;152.87331766716514;10950;0;10950;20.386364329966128;10950;504.66155931772829;10950;3.9402447584459974;10950;4.0379039887691883
10960;152.95876949369793;10960;0;10960;20.361949522385331;10960;504.58247336842948;10960;3.9402447584459974;10960;4.0394299142429881
10970;153.05642872402112;10970;0;10970;20.361949522385331;10970;504.58247336842948;10970;3.9402447584459974;10970;4.0369884334849084
10980;153.06863612781152;10980;0.012207403790398877;10980;20.410779137546925;10980;504.62201634307894;10980;3.9402447584459974;10980;4.0388195440534682
10990;153.06863612781152;10990;0.012207403790398877;10990;20.44740134891812;10990;504.66155931772829;10990;3.9402447584459974;10990;4.0385143589587083
11000;153.08084353160191;11000;0;11000;20.398571733756526;11000;504.58247336842948;11000;3.9402447584459974;11000;4.0372936185796684
11010;153.08084353160191;11010;0.012207403790398877;11010;20.44740134891812;11010;504.50338741913066;11010;3.9402447584459974;11010;4.040955839716788
11020;153.04422132023072;11020;0;11020;20.459608752708519;11020;504.62201634307894;11020;3.9402447584459974;11020;4.0379039887691883
11030;153.01980651264992;11030;0;11030;20.44740134891812;11030;504.66155931772829;11030;3.9402447584459974;11030;4.0397350993377481
11040;152.94656208990753;11040;0.012207403790398877;11040;20.44740134891812;11040;504.62201634307894;11040;3.9402447584459974;11040;4.0360728782006285
11050;153.09305093539231;11050;0;11050;20.435193945127722;11050;504.50338741913066;11050;3.9402447584459974;11050;4.040955839716788
11060;153.09305093539231;11060;0;11060;20.459608752708519;11060;504.58247336842948;11060;3.9402447584459974;11060;4.0375988036744284
11070;153.08084353160191;11070;0;11070;20.53285317545091;11070;504.62201634307894;11070;3.9402447584459974;11070;4.0385143589587083
11080;153.14188055055391;11080;0;11080;20.618305001983703;11080;504.62201634307894;11080;3.9402447584459974;11080;4.0379039887691883
11090;153.2395397808771;11090;0;11090;20.496230964079714;11090;504.58247336842948;11090;3.9402447584459974;11090;4.0394299142429881
11100;153.30057679982909;11100;0;11100;20.484023560289316;11100;504.58247336842948;11100;3.9402447584459974;11100;4.040345469527268
11110;153.2273323770867;11110;0;11110;20.53285317545091;11110;504.62201634307894;11110;3.9402447584459974;11110;4.0375988036744284
11120;153.2029175695059;11120;0;11120;20.593890194402906;11120;504.58247336842948;11120;3.9402447584459974;11120;4.040955839716788
11130;153.08084353160191;11130;0.012207403790398877;11130;20.569475386822109;11130;504.58247336842948;11130;3.9402447584459974;11130;4.0379039887691883
11140;153.09305093539231;11140;0.024414807580797754;11140;20.545060579241309;11140;504.62201634307894;11140;3.9402447584459974;11140;4.040650654622028
11150;153.09305093539231;11150;0.024414807580797754;11150;20.557267983031711;11150;504.62201634307894;11150;3.9402447584459974;11150;4.0369884334849084
11160;153.05642872402112;11160;0.012207403790398877;11160;20.606097598193305;11160;504.62201634307894;11160;3.9402447584459974;11160;4.040650654622028
11170;152.95876949369793;11170;0.012207403790398877;11170;20.630512405774102;11170;504.62201634307894;11170;3.9402447584459974;11170;4.0382091738639483
11180;152.99539170506912;11180;0.012207403790398877;11180;20.667134617145297;11180;504.62201634307894;11180;3.9402447584459974;11180;4.0375988036744284
11190;153.15408795434431;11190;0;11190;20.72817163609729;11190;504.62201634307894;11190;3.9402447584459974;11190;4.0388195440534682
11200;153.11746574297311;11200;0;11200;20.740379039887689;11200;504.58247336842948;11200;3.9402447584459974;11200;4.0400402844325081
11210;153.06863612781152;11210;0;11210;20.72817163609729;11210;504.62201634307894;11210;3.9402447584459974;11210;4.040955839716788
11220;153.10525833918271;11220;0.012207403790398877;11220;20.667134617145297;11220;504.62201634307894;11220;3.9402447584459974;11220;4.0372936185796684
11230;153.01980651264992;11230;0;11230;20.72817163609729;11230;504.62201634307894;11230;3.9402447584459974;11230;4.040650654622028
11240;152.81228064821315;11240;0;11240;20.691549424726094;11240;504.66155931772829;11240;3.9402447584459974;11240;4.0372936185796684
11250;153.08084353160191;11250;0;11250;20.691549424726094;11250;504.62201634307894;11250;3.9402447584459974;11250;4.0400402844325081
11260;153.15408795434431;11260;0;11260;20.72817163609729;11260;504.58247336842948;11260;3.9402447584459974;11260;4.0363780632953885
11270;153.00759910885952;11270;0;11270;20.752586443678091;11270;504.58247336842948;11270;3.9402447584459974;11270;4.0397350993377481
11280;152.94656208990753;11280;0;11280;20.83803827021088;11280;504.62201634307894;11280;3.9402447584459974;11280;4.0382091738639483
11290;153.04422132023072;11290;0;11290;20.886867885372478;11290;504.62201634307894;11290;3.9402447584459974;11290;4.0379039887691883
11300;153.11746574297311;11300;0;11300;20.886867885372478;11300;504.58247336842948;11300;3.9402447584459974;11300;4.040345469527268
11310;153.08084353160191;11310;0;11310;20.83803827021088;11310;504.58247336842948;11310;3.9402447584459974;11310;4.0394299142429881
11320;153.06863612781152;11320;0;11320;20.825830866420482;11320;504.58247336842948;11320;3.9402447584459974;11320;4.040955839716788
11330;153.00759910885952;11330;0;11330;20.862453077791681;11330;504.50338741913066;11330;3.9402447584459974;11330;4.0372936185796684
11340;153.10525833918271;11340;0.012207403790398877;11340;20.911282692953275;11340;504.50338741913066;11340;3.9402447584459974;11340;4.0412610248115479
11350;153.06863612781152;11350;0.012207403790398877;11350;20.935697500534072;11350;504.58247336842948;11350;3.9402447584459974;11350;4.0379039887691883
11360;153.10525833918271;11360;0;11360;20.923490096743674;11360;504.62201634307894;11360;3.9402447584459974;11360;4.0397350993377481
11370;153.09305093539231;11370;0;11370;20.862453077791681;11370;504.58247336842948;11370;3.9402447584459974;11370;4.0375988036744284
11380;153.10525833918271;11380;0;11380;20.899075289162877;11380;504.58247336842948;11380;3.9402447584459974;11380;4.040345469527268
11390;153.15408795434431;11390;0.012207403790398877;11390;20.947904904324471;11390;504.66155931772829;11390;3.9402447584459974;11390;4.0400402844325081
11400;153.08084353160191;11400;0;11400;20.923490096743674;11400;504.62201634307894;11400;3.9402447584459974;11400;4.0379039887691883
11410;153.01980651264992;11410;0.012207403790398877;11410;20.996734519486065;11410;504.58247336842948;11410;3.9402447584459974;11410;4.040345469527268
11420;152.89773247474594;11420;0;11420;20.996734519486065;11420;504.62201634307894;11420;3.9402447584459974;11420;4.0382091738639483
11430;152.95876949369793;11430;0;11430;21.008941923276463;11430;504.66155931772829;11430;3.9402447584459974;11430;4.0412610248115479
11440;152.92214728232673;11440;0;11440;21.021149327066862;11440;504.66155931772829;11440;3.9402447584459974;11440;4.0369884334849084
11450;152.95876949369793;11450;0;11450;20.947904904324471;11450;504.62201634307894;11450;3.9402447584459974;11450;4.040345469527268
11460;152.99539170506912;11460;0;11460;21.008941923276463;11460;504.58247336842948;11460;3.9402447584459974;11460;4.0379039887691883
11470;153.11746574297311;11470;0;11470;21.03335673085726;11470;504.62201634307894;11470;3.9402447584459974;11470;4.0397350993377481
11480;153.11746574297311;11480;0;11480;21.03335673085726;11480;504.62201634307894;11480;3.9402447584459974;11480;4.0388195440534682
11490;153.05642872402112;11490;0;11490;20.996734519486065;11490;504.58247336842948;11490;3.9402447584459974;11490;4.0400402844325081
11500;153.04422132023072;11500;0;11500;21.03335673085726;11500;504.62201634307894;11500;3.9402447584459974;11500;4.040955839716788
11510;152.97097689748833;11510;0.012207403790398877;11510;21.155430768761256;11510;504.62201634307894;11510;3.9402447584459974;11510;4.0379039887691883
11520;153.08084353160191;11520;0;11520;21.155430768761256;11520;504.62201634307894;11520;3.9402447584459974;11520;4.0421765800958278
11530;153.08084353160191;11530;0;11530;21.131015961180456;11530;504.58247336842948;11530;3.9402447584459974;11530;4.0385143589587083
11540;152.99539170506912;11540;0.012207403790398877;11540;21.106601153599659;11540;504.58247336842948;11540;3.9402447584459974;11540;4.040650654622028
11550;152.99539170506912;11550;0.012207403790398877;11550;21.057771538438065;11550;504.58247336842948;11550;3.9402447584459974;11550;4.0372936185796684
11560;153.10525833918271;11560;0;11560;21.143223364970858;11560;504.50338741913066;11560;3.9402447584459974;11560;4.040955839716788
11570;153.10525833918271;11570;0.012207403790398877;11570;21.240882595294046;11570;504.62201634307894;11570;3.9402447584459974;11570;4.0394299142429881
11580;153.1662953581347;11580;0.012207403790398877;11580;21.28971221045564;11580;504.58247336842948;11580;3.9402447584459974;11580;4.0388195440534682
11590;153.15408795434431;11590;0;11590;21.28971221045564;11590;504.50338741913066;11590;3.9402447584459974;11590;4.0394299142429881
11600;153.08084353160191;11600;0;11600;21.204260383922851;11600;504.50338741913066;11600;3.9402447584459974;11600;4.0397350993377481
11610;153.06863612781152;11610;0;11610;21.155430768761256;11610;504.58247336842948;11610;3.9402447584459974;11610;4.0412610248115479
11620;153.05642872402112;11620;0;11620;21.301919614246039;11620;504.58247336842948;11620;3.9402447584459974;11620;4.0372936185796684
11630;153.08084353160191;11630;0;11630;21.338541825617238;11630;504.62201634307894;11630;3.9402447584459974;11630;4.0412610248115479
11640;152.99539170506912;11640;0.012207403790398877;11640;21.314127018036437;11640;504.62201634307894;11640;3.9402447584459974;11640;4.0379039887691883
11650;153.14188055055391;11650;0;11650;21.326334421826836;11650;504.62201634307894;11650;3.9402447584459974;11650;4.040345469527268
11660;153.1662953581347;11660;0;11660;21.28971221045564;11660;504.62201634307894;11660;3.9402447584459974;11660;4.0372936185796684
11670;153.06863612781152;11670;0;11670;21.362956633198035;11670;504.58247336842948;11670;3.9402447584459974;11670;4.040345469527268
11680;152.98318430127873;11680;0.012207403790398877;11680;21.399578844569231;11680;504.58247336842948;11680;3.9402447584459974;11680;4.0385143589587083
11690;152.90993987853633;11690;0;11690;21.399578844569231;11690;504.62201634307894;11690;3.9402447584459974;11690;4.0379039887691883
11700;152.95876949369793;11700;0.012207403790398877;11700;21.362956633198035;11700;504.62201634307894;11700;3.9402447584459974;11700;4.040345469527268
11710;153.04422132023072;11710;0.012207403790398877;11710;21.265297402874843;11710;504.58247336842948;11710;3.9402447584459974;11710;4.0388195440534682
11720;153.06863612781152;11720;0;11720;21.314127018036437;11720;504.58247336842948;11720;3.9402447584459974;11720;4.0418713950010678
11730;152.99539170506912;11730;0;11730;21.301919614246039;11730;504.58247336842948;11730;3.9402447584459974;11730;4.0372936185796684
11740;153.08084353160191;11740;0;11740;21.28971221045564;11740;504.50338741913066;11740;3.9402447584459974;11740;4.0412610248115479
11750;152.95876949369793;11750;0;11750;21.423993652150028;11750;504.50338741913066;11750;3.9402447584459974;11750;4.0385143589587083
11760;153.00759910885952;11760;0;11760;21.46061586352123;11760;504.58247336842948;11760;3.9402447584459974;11760;4.0400402844325081
11770;153.05642872402112;11770;0.024414807580797754;11770;21.436201055940433;11770;504.66155931772829;11770;3.9402447584459974;11770;4.0375988036744284
11780;153.00759910885952;11780;0.024414807580797754;11780;21.423993652150028;11780;504.58247336842948;11780;3.9402447584459974;11780;4.040345469527268
11790;153.09305093539231;11790;0.012207403790398877;11790;21.558275093844419;11790;504.62201634307894;11790;3.9402447584459974;11790;4.040650654622028
11800;153.10525833918271;11800;0;11800;21.521652882473223;11800;504.62201634307894;11800;3.9402447584459974;11800;4.0382091738639483
11810;153.09305093539231;11810;0;11810;21.436201055940433;11810;504.62201634307894;11810;3.9402447584459974;11810;4.0418713950010678
11820;152.98318430127873;11820;0;11820;21.521652882473223;11820;504.58247336842948;11820;3.9402447584459974;11820;4.0394299142429881
11830;153.08084353160191;11830;0;11830;21.533860286263621;11830;504.46384444448131;11830;3.9402447584459974;11830;4.0412610248115479
11840;153.00759910885952;11840;0;11840;21.582689901425216;11840;504.50338741913066;11840;3.9402447584459974;11840;4.0363780632953885
11850;152.95876949369793;11850;0;11850;21.582689901425216;11850;504.58247336842948;11850;3.9402447584459974;11850;4.040955839716788
11860;152.92214728232673;11860;0.012207403790398877;11860;21.509445478682824;11860;504.62201634307894;11860;3.9402447584459974;11860;4.0382091738639483
11870;152.99539170506912;11870;0;11870;21.533860286263621;11870;504.62201634307894;11870;3.9402447584459974;11870;4.0388195440534682
11880;152.97097689748833;11880;0;11880;21.619312112796411;11880;504.62201634307894;11880;3.9402447584459974;11880;4.0388195440534682
11890;152.88552507095554;11890;0.012207403790398877;11890;21.643726920377208;11890;504.58247336842948;11890;3.9402447584459974;11890;4.0397350993377481
11900;152.99539170506912;11900;0.024414807580797754;11900;21.521652882473223;11900;504.62201634307894;11900;3.9402447584459974;11900;4.040650654622028
11910;153.06863612781152;11910;0;11910;21.509445478682824;11910;504.66155931772829;11910;3.9402447584459974;11910;4.0375988036744284
11920;153.08084353160191;11920;0.036622211371196631;11920;21.63151951658681;11920;504.62201634307894;11920;3.9402447584459974;11920;4.0418713950010678
11930;152.99539170506912;11930;0.048829615161595508;11930;21.607104709006013;11930;504.58247336842948;11930;3.9402447584459974;11930;4.0388195440534682
11940;153.05642872402112;11940;0;11940;21.619312112796411;11940;504.50338741913066;11940;3.9402447584459974;11940;4.0412610248115479
11950;152.98318430127873;11950;0;11950;21.680349131748404;11950;504.58247336842948;11950;3.9402447584459974;11950;4.0369884334849084
11960;153.06863612781152;11960;0;11960;21.741386150700396;11960;504.66155931772829;11960;3.9402447584459974;11960;4.0412610248115479
11970;153.10525833918271;11970;0;11970;21.790215765861991;11970;504.66155931772829;11970;3.9402447584459974;11970;4.0394299142429881
11980;153.04422132023072;11980;0;11980;21.778008362071592;11980;504.50338741913066;11980;3.9402447584459974;11980;4.0385143589587083
11990;153.10525833918271;11990;0;11990;21.778008362071592;11990;504.50338741913066;11990;3.9402447584459974;11990;4.040345469527268
12000;153.05642872402112;12000;0;12000;21.741386150700396;12000;504.58247336842948;12000;3.9402447584459974;12000;4.0397350993377481
12010;152.94656208990753;12010;0.012207403790398877;12010;21.753593554490795;12010;504.58247336842948;12010;3.9402447584459974;12010;4.0412610248115479
12020;153.04422132023072;12020;0.024414807580797754;12020;21.741386150700396;12020;504.50338741913066;12020;3.9402447584459974;12020;4.0379039887691883
12030;153.05642872402112;12030;0.024414807580797754;12030;21.7169713431196;12030;504.46384444448131;12030;3.9402447584459974;12030;4.0424817651905878
12040;152.90993987853633;12040;0.036622211371196631;12040;21.790215765861991;12040;504.46384444448131;12040;3.9402447584459974;12040;4.0388195440534682
12050;152.98318430127873;12050;0;12050;21.85125278481399;12050;504.46384444448131;12050;3.9402447584459974;12050;4.040650654622028
12060;153.00759910885952;12060;0;12060;21.875667592394787;12060;504.58247336842948;12060;3.9402447584459974;12060;4.0379039887691883
12070;153.14188055055391;12070;0;12070;21.802423169652389;12070;504.46384444448131;12070;3.9402447584459974;12070;4.0418713950010678
12080;153.06863612781152;12080;0;12080;21.778008362071592;12080;504.46384444448131;12080;3.9402447584459974;12080;4.0400402844325081
12090;152.99539170506912;12090;0;12090;21.839045381023592;12090;504.50338741913066;12090;3.9402447584459974;12090;4.0382091738639483
12100;153.04422132023072;12100;0;12100;21.900082399975584;12100;504.58247336842948;12100;3.9402447584459974;12100;4.0412610248115479
12110;153.00759910885952;12110;0;12110;21.912289803765983;12110;504.50338741913066;12110;3.9402447584459974;12110;4.040345469527268
12120;153.09305093539231;12120;0;12120;21.936704611346787;12120;504.46384444448131;12120;3.9402447584459974;12120;4.0418713950010678
12130;153.09305093539231;12130;0;12130;21.900082399975584;12130;504.58247336842948;12130;3.9402447584459974;12130;4.0357676931058686
12140;153.01980651264992;12140;0;12140;21.875667592394787;12140;504.66155931772829;12140;3.9402447584459974;12140;4.0421765800958278
12150;152.92214728232673;12150;0;12150;21.887874996185186;12150;504.66155931772829;12150;3.9402447584459974;12150;4.0397350993377481
12160;153.08084353160191;12160;0;12160;21.99774163029878;12160;504.58247336842948;12160;3.9402447584459974;12160;4.040345469527268
12170;153.26395458845789;12170;0;12170;22.046571245460374;12170;504.50338741913066;12170;3.9402447584459974;12170;4.0379039887691883
12180;153.28836939603869;12180;0;12180;21.99774163029878;12180;504.46384444448131;12180;3.9402447584459974;12180;4.0412610248115479
12190;153.1662953581347;12190;0;12190;22.08319345683157;12190;504.50338741913066;12190;3.9402447584459974;12190;4.040955839716788
12200;153.09305093539231;12200;0;12200;22.046571245460374;12200;504.58247336842948;12200;3.9402447584459974;12200;4.0363780632953885
12210;153.14188055055391;12210;0.012207403790398877;12210;21.985534226508381;12210;504.50338741913066;12210;3.9402447584459974;12210;4.0418713950010678
12220;153.14188055055391;12220;0;12220;22.034363841669975;12220;504.50338741913066;12220;3.9402447584459974;12220;4.040650654622028
12230;153.2029175695059;12230;0.012207403790398877;12230;22.022156437879577;12230;504.50338741913066;12230;3.9402447584459974;12230;4.040955839716788
12240;153.1662953581347;12240;0.012207403790398877;12240;22.058778649250772;12240;504.50338741913066;12240;3.9402447584459974;12240;4.0363780632953885
12250;153.11746574297311;12250;0;12250;22.046571245460374;12250;504.62201634307894;12250;3.9402447584459974;12250;4.0424817651905878
12260;152.95876949369793;12260;0;12260;22.034363841669975;12260;504.62201634307894;12260;3.9402447584459974;12260;4.0394299142429881
12270;153.08084353160191;12270;0;12270;22.034363841669975;12270;504.58247336842948;12270;3.9402447584459974;12270;4.0385143589587083
12280;153.15408795434431;12280;0;12280;22.095400860621968;12280;504.58247336842948;12280;3.9402447584459974;12280;4.0382091738639483
12290;153.14188055055391;12290;0.012207403790398877;12290;22.205267494735555;12290;504.58247336842948;12290;3.9402447584459974;12290;4.040345469527268
12300;153.09305093539231;12300;0.024414807580797754;12300;22.205267494735555;12300;504.50338741913066;12300;3.9402447584459974;12300;4.0412610248115479
12310;152.89773247474594;12310;0;12310;22.217474898525953;12310;504.42430146983185;12310;3.9402447584459974;12310;4.0375988036744284
12320;152.98318430127873;12320;0;12320;22.229682302316352;12320;504.50338741913066;12320;3.9402447584459974;12320;4.0424817651905878
12330;153.05642872402112;12330;0;12330;22.24188970610675;12330;504.50338741913066;12330;3.9402447584459974;12330;4.0394299142429881
12340;153.15408795434431;12340;0;12340;22.205267494735555;12340;504.50338741913066;12340;3.9402447584459974;12340;4.040650654622028
12350;153.01980651264992;12350;0;12350;22.132023071993164;12350;504.50338741913066;12350;3.9402447584459974;12350;4.0360728782006285
12360;153.01980651264992;12360;0;12360;22.144230475783562;12360;504.50338741913066;12360;3.9402447584459974;12360;4.040345469527268
12370;152.97097689748833;12370;0;12370;22.205267494735555;12370;504.50338741913066;12370;3.9402447584459974;12370;4.0379039887691883
12380;153.05642872402112;12380;0;12380;22.24188970610675;12380;504.46384444448131;12380;3.9402447584459974;12380;4.0379039887691883
12390;153.10525833918271;12390;0;12390;22.24188970610675;12390;504.46384444448131;12390;3.9402447584459974;12390;4.0400402844325081
12400;152.97097689748833;12400;0;12400;22.254097109897149;12400;504.50338741913066;12400;3.9402447584459974;12400;4.040345469527268
12410;153.01980651264992;12410;0.012207403790398877;12410;22.278511917477946;12410;504.58247336842948;12410;3.9402447584459974;12410;4.040955839716788
12420;153.10525833918271;12420;0.012207403790398877;12420;22.327341532639547;12420;504.58247336842948;12420;3.9402447584459974;12420;4.0357676931058686
12430;153.00759910885952;12430;0.012207403790398877;12430;22.24188970610675;12430;504.50338741913066;12430;3.9402447584459974;12430;4.0418713950010678
12440;152.86111026337474;12440;0;12440;22.180852687154758;12440;504.50338741913066;12440;3.9402447584459974;12440;4.0388195440534682
12450;153.10525833918271;12450;0;12450;22.24188970610675;12450;504.50338741913066;12450;3.9402447584459974;12450;4.040345469527268
12460;153.06863612781152;12460;0;12460;22.302926725058743;12460;504.50338741913066;12460;3.9402447584459974;12460;4.0372936185796684
12470;153.01980651264992;12470;0.012207403790398877;12470;22.315134128849149;12470;504.58247336842948;12470;3.9402447584459974;12470;4.040955839716788
12480;153.04422132023072;12480;0;12480;22.315134128849149;12480;504.58247336842948;12480;3.9402447584459974;12480;4.0397350993377481
12490;153.05642872402112;12490;0;12490;22.425000762962739;12490;504.50338741913066;12490;3.9402447584459974;12490;4.0363780632953885
12500;153.09305093539231;12500;0;12500;22.437208166753138;12500;504.58247336842948;12500;3.9402447584459974;12500;4.0400402844325081
12510;153.08084353160191;12510;0;12510;22.376171147801141;12510;504.58247336842948;12510;3.9402447584459974;12510;4.0397350993377481
12520;153.14188055055391;12520;0;12520;22.412793359172341;12520;504.66155931772829;12520;3.9402447584459974;12520;4.0424817651905878
12530;152.98318430127873;12530;0;12530;22.412793359172341;12530;504.62201634307894;12530;3.9402447584459974;12530;4.0379039887691883
12540;152.95876949369793;12540;0;12540;22.449415570543536;12540;504.58247336842948;12540;3.9402447584459974;12540;4.0427869502853477
12550;152.95876949369793;12550;0;12550;22.49824518570513;12550;504.62201634307894;12550;3.9402447584459974;12550;4.0394299142429881
12560;153.06863612781152;12560;0;12560;22.437208166753138;12560;504.62201634307894;12560;3.9402447584459974;12560;4.0400402844325081
12570;153.08084353160191;12570;0;12570;22.486037781914732;12570;504.62201634307894;12570;3.9402447584459974;12570;4.0388195440534682
12580;153.06863612781152;12580;0;12580;22.58369701223792;12580;504.50338741913066;12580;3.9402447584459974;12580;4.040955839716788
12590;153.14188055055391;12590;0;12590;22.595904416028318;12590;504.50338741913066;12590;3.9402447584459974;12590;4.040345469527268
12600;152.98318430127873;12600;0;12600;22.571489608447521;12600;504.46384444448131;12600;3.9402447584459974;12600;4.0382091738639483
12610;153.01980651264992;12610;0.012207403790398877;12610;22.571489608447521;12610;504.42430146983185;12610;3.9402447584459974;12610;4.0424817651905878
12620;153.11746574297311;12620;0;12620;22.510452589495529;12620;504.46384444448131;12620;3.9402447584459974;12620;4.0397350993377481
12630;153.01980651264992;12630;0;12630;22.534867397076326;12630;504.50338741913066;12630;3.9402447584459974;12630;4.0412610248115479
12640;153.06863612781152;12640;0;12640;22.571489608447521;12640;504.58247336842948;12640;3.9402447584459974;12640;4.0363780632953885
12650;153.09305093539231;12650;0;12650;22.58369701223792;12650;504.50338741913066;12650;3.9402447584459974;12650;4.0412610248115479
12660;152.88552507095554;12660;0;12660;22.608111819818721;12660;504.50338741913066;12660;3.9402447584459974;12660;4.0382091738639483
12670;152.95876949369793;12670;0.012207403790398877;12670;22.547074800866724;12670;504.50338741913066;12670;3.9402447584459974;12670;4.0385143589587083
12680;153.04422132023072;12680;0.024414807580797754;12680;22.608111819818721;12680;504.62201634307894;12680;3.9402447584459974;12680;4.0394299142429881
12690;153.05642872402112;12690;0;12690;22.681356242561112;12690;504.58247336842948;12690;3.9402447584459974;12690;4.0412610248115479
12700;153.14188055055391;12700;0;12700;22.644734031189916;12700;504.50338741913066;12700;3.9402447584459974;12700;4.0418713950010678
12710;153.09305093539231;12710;0;12710;22.656941434980315;12710;504.50338741913066;12710;3.9402447584459974;12710;4.0372936185796684
12720;153.11746574297311;12720;0.012207403790398877;12720;22.730185857722713;12720;504.50338741913066;12720;3.9402447584459974;12720;4.0418713950010678
12730;153.06863612781152;12730;0.012207403790398877;12730;22.8522598956267;12730;504.50338741913066;12730;3.9402447584459974;12730;4.0382091738639483
12740;153.08084353160191;12740;0;12740;22.8522598956267;12740;504.46384444448131;12740;3.9402447584459974;12740;4.040345469527268
12750;153.10525833918271;12750;0;12750;22.8278450880459;12750;504.46384444448131;12750;3.9402447584459974;12750;4.0369884334849084
12760;153.2029175695059;12760;0;12760;22.8278450880459;12760;504.58247336842948;12760;3.9402447584459974;12760;4.040955839716788
12770;153.09305093539231;12770;0.012207403790398877;12770;22.803430280465104;12770;504.66155931772829;12770;3.9402447584459974;12770;4.0388195440534682
12780;153.05642872402112;12780;0.012207403790398877;12780;22.730185857722713;12780;504.58247336842948;12780;3.9402447584459974;12780;4.0379039887691883
12790;153.10525833918271;12790;0.012207403790398877;12790;22.8278450880459;12790;504.46384444448131;12790;3.9402447584459974;12790;4.0394299142429881
12800;153.01980651264992;12800;0;12800;22.888882106997894;12800;504.46384444448131;12800;3.9402447584459974;12800;4.0400402844325081
12810;153.11746574297311;12810;0;12810;22.8522598956267;12810;504.50338741913066;12810;3.9402447584459974;12810;4.0418713950010678
12820;153.09305093539231;12820;0.012207403790398877;12820;22.803430280465104;12820;504.50338741913066;12820;3.9402447584459974;12820;4.0363780632953885
12830;152.98318430127873;12830;0.012207403790398877;12830;22.888882106997894;12830;504.46384444448131;12830;3.9402447584459974;12830;4.0418713950010678
12840;152.95876949369793;12840;0;12840;22.925504318369093;12840;504.46384444448131;12840;3.9402447584459974;12840;4.0385143589587083
12850;153.1907101657155;12850;0;12850;22.876674703207495;12850;504.58247336842948;12850;3.9402447584459974;12850;4.0397350993377481
12860;153.2273323770867;12860;0;12860;22.998748741111488;12860;504.58247336842948;12860;3.9402447584459974;12860;4.0363780632953885
12870;153.04422132023072;12870;0;12870;23.035370952482683;12870;504.58247336842948;12870;3.9402447584459974;12870;4.040650654622028
12880;152.99539170506912;12880;0;12880;22.998748741111488;12880;504.58247336842948;12880;3.9402447584459974;12880;4.0400402844325081
12890;153.08084353160191;12890;0;12890;22.937711722159492;12890;504.50338741913066;12890;3.9402447584459974;12890;4.0372936185796684
12900;153.09305093539231;12900;0;12900;22.925504318369093;12900;504.62201634307894;12900;3.9402447584459974;12900;4.0400402844325081
12910;153.08084353160191;12910;0;12910;22.986541337321086;12910;504.58247336842948;12910;3.9402447584459974;12910;4.0388195440534682
12920;153.11746574297311;12920;0;12920;23.084200567644277;12920;504.50338741913066;12920;3.9402447584459974;12920;4.040650654622028
12930;153.00759910885952;12930;0;12930;23.047578356273082;12930;504.50338741913066;12930;3.9402447584459974;12930;4.0357676931058686
12940;152.99539170506912;12940;0.036622211371196631;12940;23.096407971434676;12940;504.50338741913066;12940;3.9402447584459974;12940;4.0418713950010678
12950;152.94656208990753;12950;0.012207403790398877;12950;23.169652394177067;12950;504.50338741913066;12950;3.9402447584459974;12950;4.0388195440534682
12960;152.98318430127873;12960;0;12960;23.108615375225074;12960;504.50338741913066;12960;3.9402447584459974;12960;4.0394299142429881
12970;153.01980651264992;12970;0;12970;23.084200567644277;12970;504.50338741913066;12970;3.9402447584459974;12970;4.0375988036744284
12980;153.11746574297311;12980;0;12980;23.120822779015473;12980;504.58247336842948;12980;3.9402447584459974;12980;4.040345469527268
12990;153.10525833918271;12990;0.024414807580797754;12990;23.230689413129063;12990;504.50338741913066;12990;3.9402447584459974;12990;4.040345469527268
13000;152.97097689748833;13000;0.012207403790398877;13000;23.181859797967466;13000;504.42430146983185;13000;3.9402447584459974;13000;4.0372936185796684
13010;153.06863612781152;13010;0.012207403790398877;13010;23.181859797967466;13010;504.46384444448131;13010;3.9402447584459974;13010;4.0412610248115479
13020;153.10525833918271;13020;0.012207403790398877;13020;23.169652394177067;13020;504.50338741913066;13020;3.9402447584459974;13020;4.0394299142429881
13030;153.00759910885952;13030;0;13030;23.169652394177067;13030;504.50338741913066;13030;3.9402447584459974;13030;4.0412610248115479
13040;152.95876949369793;13040;0;13040;23.194067201757868;13040;504.58247336842948;13040;3.9402447584459974;13040;4.0363780632953885
13050;153.05642872402112;13050;0;13050;23.14523758659627;13050;504.58247336842948;13050;3.9402447584459974;13050;4.0418713950010678
13060;153.04422132023072;13060;0;13060;23.242896816919462;13060;504.46384444448131;13060;3.9402447584459974;13060;4.0388195440534682
13070;153.10525833918271;13070;0;13070;23.242896816919462;13070;504.50338741913066;13070;3.9402447584459974;13070;4.0385143589587083
13080;153.04422132023072;13080;0.012207403790398877;13080;23.279519028290657;13080;504.50338741913066;13080;3.9402447584459974;13080;4.0388195440534682
13090;153.06863612781152;13090;0.012207403790398877;13090;23.291726432081056;13090;504.42430146983185;13090;3.9402447584459974;13090;4.040345469527268
13100;153.11746574297311;13100;0;13100;23.377178258613846;13100;504.42430146983185;13100;3.9402447584459974;13100;4.040650654622028
13110;153.08084353160191;13110;0;13110;23.523667104098639;13110;504.46384444448131;13110;3.9402447584459974;13110;4.0369884334849084
13120;153.1662953581347;13120;0.012207403790398877;13120;23.426007873775447;13120;504.58247336842948;13120;3.9402447584459974;13120;4.0421765800958278
13130;153.04422132023072;13130;0;13130;23.328348643452252;13130;504.58247336842948;13130;3.9402447584459974;13130;4.0382091738639483
13140;152.99539170506912;13140;0;13140;23.352763451033049;13140;504.62201634307894;13140;3.9402447584459974;13140;4.0400402844325081
13150;152.94656208990753;13150;0;13150;23.389385662404251;13150;504.50338741913066;13150;3.9402447584459974;13150;4.0360728782006285
13160;152.97097689748833;13160;0.012207403790398877;13160;23.291726432081056;13160;504.50338741913066;13160;3.9402447584459974;13160;4.040955839716788
13170;152.90993987853633;13170;0.012207403790398877;13170;23.303933835871455;13170;504.58247336842948;13170;3.9402447584459974;13170;4.0388195440534682
13180;153.01980651264992;13180;0;13180;23.40159306619465;13180;504.50338741913066;13180;3.9402447584459974;13180;4.0375988036744284
13190;153.09305093539231;13190;0;13190;23.413800469985048;13190;504.50338741913066;13190;3.9402447584459974;13190;4.0394299142429881
13200;152.98318430127873;13200;0;13200;23.40159306619465;13200;504.50338741913066;13200;3.9402447584459974;13200;4.0388195440534682
13210;153.05642872402112;13210;0;13210;23.450422681356244;13210;504.58247336842948;13210;3.9402447584459974;13210;4.040345469527268
13220;153.00759910885952;13220;0;13220;23.499252296517842;13220;504.50338741913066;13220;3.9402447584459974;13220;4.0354625080111086
13230;153.00759910885952;13230;0;13230;23.487044892727443;13230;504.58247336842948;13230;3.9402447584459974;13230;4.0412610248115479
13240;153.04422132023072;13240;0.012207403790398877;13240;23.487044892727443;13240;504.58247336842948;13240;3.9402447584459974;13240;4.0385143589587083
13250;153.11746574297311;13250;0.024414807580797754;13250;23.450422681356244;13250;504.50338741913066;13250;3.9402447584459974;13250;4.0397350993377481
13260;152.98318430127873;13260;0.012207403790398877;13260;23.487044892727443;13260;504.50338741913066;13260;3.9402447584459974;13260;4.0357676931058686
13270;152.97097689748833;13270;0;13270;23.535874507889037;13270;504.50338741913066;13270;3.9402447584459974;13270;4.040650654622028
13280;153.06863612781152;13280;0;13280;23.633533738212225;13280;504.50338741913066;13280;3.9402447584459974;13280;4.0394299142429881
13290;153.05642872402112;13290;0;13290;23.621326334421827;13290;504.46384444448131;13290;3.9402447584459974;13290;4.0372936185796684
13300;153.10525833918271;13300;0;13300;23.584704123050631;13300;504.50338741913066;13300;3.9402447584459974;13300;4.040650654622028
13310;153.10525833918271;13310;0;13310;23.572496719260233;13310;504.50338741913066;13310;3.9402447584459974;13310;4.0400402844325081
13320;153.04422132023072;13320;0.012207403790398877;13320;23.670155949583421;13320;504.50338741913066;13320;3.9402447584459974;13320;4.040345469527268
13330;153.01980651264992;13330;0;13330;23.780022583697011;13330;504.50338741913066;13330;3.9402447584459974;13330;4.0354625080111086
13340;153.1907101657155;13340;0;13340;23.816644795068207;13340;504.46384444448131;13340;3.9402447584459974;13340;4.0412610248115479
13350;152.98318430127873;13350;0;13350;23.828852198858606;13350;504.46384444448131;13350;3.9402447584459974;13350;4.0379039887691883
13360;153.01980651264992;13360;0;13360;23.743400372325816;13360;504.46384444448131;13360;3.9402447584459974;13360;4.0394299142429881
13370;153.1907101657155;13370;0.024414807580797754;13370;23.718985564745019;13370;504.50338741913066;13370;3.9402447584459974;13370;4.0369884334849084
13380;153.05642872402112;13380;0.024414807580797754;13380;23.767815179906613;13380;504.46384444448131;13380;3.9402447584459974;13380;4.040955839716788
13390;152.95876949369793;13390;0.012207403790398877;13390;23.804437391277808;13390;504.46384444448131;13390;3.9402447584459974;13390;4.0397350993377481
13400;153.04422132023072;13400;0.012207403790398877;13400;23.743400372325816;13400;504.50338741913066;13400;3.9402447584459974;13400;4.0379039887691883
13410;153.1662953581347;13410;0;13410;23.767815179906613;13410;504.58247336842948;13410;3.9402447584459974;13410;4.040955839716788
13420;153.10525833918271;13420;0;13420;23.718985564745019;13420;504.46384444448131;13420;3.9402447584459974;13420;4.0397350993377481
13430;152.99539170506912;13430;0;13430;23.767815179906613;13430;504.42430146983185;13430;3.9402447584459974;13430;4.040650654622028
13440;152.83669545579394;13440;0.012207403790398877;13440;23.9143040253914;13440;504.42430146983185;13440;3.9402447584459974;13440;4.0351573229163487
13450;152.88552507095554;13450;0;13450;23.963133640552993;13450;504.50338741913066;13450;3.9402447584459974;13450;4.040955839716788
13460;152.86111026337474;13460;0;13460;23.9143040253914;13460;504.50338741913066;13460;3.9402447584459974;13460;4.0379039887691883
13470;152.90993987853633;13470;0.012207403790398877;13470;23.938718832972196;13470;504.46384444448131;13470;3.9402447584459974;13470;4.0379039887691883
13480;152.97097689748833;13480;0.012207403790398877;13480;23.8898892178106;13480;504.50338741913066;13480;3.9402447584459974;13480;4.0363780632953885
13490;153.01980651264992;13490;0;13490;23.8654744102298;13490;504.46384444448131;13490;3.9402447584459974;13490;4.040345469527268
13500;153.00759910885952;13500;0;13500;23.975341044343395;13500;504.46384444448131;13500;3.9402447584459974;13500;4.0388195440534682
13510;153.01980651264992;13510;0;13510;23.987548448133793;13510;504.50338741913066;13510;3.9402447584459974;13510;4.0351573229163487
13520;153.01980651264992;13520;0;13520;23.987548448133793;13520;504.58247336842948;13520;3.9402447584459974;13520;4.040345469527268
13530;152.88552507095554;13530;0;13530;24.036378063295388;13530;504.62201634307894;13530;3.9402447584459974;13530;4.0385143589587083
13540;152.97097689748833;13540;0;13540;24.109622486037779;13540;504.58247336842948;13540;3.9402447584459974;13540;4.040650654622028
13550;152.94656208990753;13550;0;13550;24.085207678456982;13550;504.58247336842948;13550;3.9402447584459974;13550;4.0357676931058686
13560;153.05642872402112;13560;0;13560;24.121829889828177;13560;504.50338741913066;13560;3.9402447584459974;13560;4.0412610248115479
13570;152.99539170506912;13570;0.012207403790398877;13570;24.109622486037779;13570;504.46384444448131;13570;3.9402447584459974;13570;4.0388195440534682
13580;152.95876949369793;13580;0;13580;23.999755851924192;13580;504.46384444448131;13580;3.9402447584459974;13580;4.0375988036744284
13590;153.00759910885952;13590;0;13590;24.146244697408974;13590;504.46384444448131;13590;3.9402447584459974;13590;4.0372936185796684
13600;152.98318430127873;13600;0;13600;24.121829889828177;13600;504.46384444448131;13600;3.9402447584459974;13600;4.0400402844325081
13610;153.06863612781152;13610;0;13610;24.073000274666583;13610;504.50338741913066;13610;3.9402447584459974;13610;4.040650654622028
13620;153.11746574297311;13620;0;13620;24.219489120151373;13620;504.42430146983185;13620;3.9402447584459974;13620;4.0357676931058686
13630;153.1785027619251;13630;0.012207403790398877;13630;24.24390392773217;13630;504.42430146983185;13630;3.9402447584459974;13630;4.0412610248115479
13640;152.99539170506912;13640;0;13640;24.195074312570576;13640;504.46384444448131;13640;3.9402447584459974;13640;4.0385143589587083
13650;153.10525833918271;13650;0;13650;24.219489120151373;13650;504.46384444448131;13650;3.9402447584459974;13650;4.0397350993377481
13660;153.11746574297311;13660;0;13660;24.207281716360974;13660;504.50338741913066;13660;3.9402447584459974;13660;4.0357676931058686
13670;153.09305093539231;13670;0;13670;24.207281716360974;13670;504.46384444448131;13670;3.9402447584459974;13670;4.0412610248115479
13680;153.04422132023072;13680;0;13680;24.280526139103369;13680;504.50338741913066;13680;3.9402447584459974;13680;4.0388195440534682
13690;153.04422132023072;13690;0;13690;24.292733542893767;13690;504.50338741913066;13690;3.9402447584459974;13690;4.0375988036744284
13700;153.1907101657155;13700;0;13700;24.317148350474564;13700;504.62201634307894;13700;3.9402447584459974;13700;4.0394299142429881
13710;153.14188055055391;13710;0.012207403790398877;13710;24.292733542893767;13710;504.58247336842948;13710;3.9402447584459974;13710;4.0394299142429881
13720;153.1662953581347;13720;0.012207403790398877;13720;24.26831873531297;13720;504.46384444448131;13720;3.9402447584459974;13720;4.0400402844325081
13730;153.14188055055391;13730;0.024414807580797754;13730;24.280526139103369;13730;504.46384444448131;13730;3.9402447584459974;13730;4.0354625080111086
13740;153.09305093539231;13740;0;13740;24.329355754264963;13740;504.50338741913066;13740;3.9402447584459974;13740;4.0418713950010678
13750;152.94656208990753;13750;0;13750;24.390392773216956;13750;504.46384444448131;13750;3.9402447584459974;13750;4.0379039887691883
13760;152.95876949369793;13760;0;13760;24.365977965636159;13760;504.42430146983185;13760;3.9402447584459974;13760;4.0385143589587083
13770;153.10525833918271;13770;0;13770;24.341563158055362;13770;504.50338741913066;13770;3.9402447584459974;13770;4.0357676931058686
13780;153.1907101657155;13780;0;13780;24.378185369426557;13780;504.58247336842948;13780;3.9402447584459974;13780;4.0400402844325081
13790;153.11746574297311;13790;0;13790;24.378185369426557;13790;504.58247336842948;13790;3.9402447584459974;13790;4.0397350993377481
13800;153.04422132023072;13800;0;13800;24.341563158055362;13800;504.42430146983185;13800;3.9402447584459974;13800;4.0369884334849084
13810;153.00759910885952;13810;0;13810;24.46363719595935;13810;504.42430146983185;13810;3.9402447584459974;13810;4.0397350993377481
13820;152.99539170506912;13820;0;13820;24.512466811120944;13820;504.46384444448131;13820;3.9402447584459974;13820;4.0385143589587083
13830;153.08084353160191;13830;0;13830;24.488052003540147;13830;504.46384444448131;13830;3.9402447584459974;13830;4.040955839716788
13840;153.04422132023072;13840;0;13840;24.524674214911343;13840;504.46384444448131;13840;3.9402447584459974;13840;4.0354625080111086
13850;153.01980651264992;13850;0;13850;24.573503830072944;13850;504.46384444448131;13850;3.9402447584459974;13850;4.040955839716788
13860;152.98318430127873;13860;0;13860;24.512466811120944;13860;504.50338741913066;13860;3.9402447584459974;13860;4.0388195440534682
13870;153.08084353160191;13870;0;13870;24.500259407330546;13870;504.46384444448131;13870;3.9402447584459974;13870;4.0400402844325081
13880;153.08084353160191;13880;0;13880;24.561296426282546;13880;504.42430146983185;13880;3.9402447584459974;13880;4.0385143589587083
13890;153.00759910885952;13890;0;13890;24.646748252815335;13890;504.42430146983185;13890;3.9402447584459974;13890;4.040955839716788
13900;152.89773247474594;13900;0;13900;24.707785271767328;13900;504.50338741913066;13900;3.9402447584459974;13900;4.040650654622028
13910;152.92214728232673;13910;0;13910;24.671163060396132;13910;504.58247336842948;13910;3.9402447584459974;13910;4.0360728782006285
13920;153.09305093539231;13920;0;13920;24.634540849024937;13920;504.58247336842948;13920;3.9402447584459974;13920;4.0400402844325081
13930;153.06863612781152;13930;0;13930;24.622333445234538;13930;504.50338741913066;13930;3.9402447584459974;13930;4.0385143589587083
13940;153.05642872402112;13940;0;13940;24.61012604144414;13940;504.50338741913066;13940;3.9402447584459974;13940;4.040955839716788
13950;152.89773247474594;13950;0;13950;24.634540849024937;13950;504.50338741913066;13950;3.9402447584459974;13950;4.0354625080111086
13960;152.87331766716514;13960;0;13960;24.585711233863343;13960;504.46384444448131;13960;3.9402447584459974;13960;4.0418713950010678
13970;152.90993987853633;13970;0;13970;24.573503830072944;13970;504.46384444448131;13970;3.9402447584459974;13970;4.0388195440534682
13980;152.92214728232673;13980;0;13980;24.69557786797693;13980;504.46384444448131;13980;3.9402447584459974;13980;4.0369884334849084
13990;152.97097689748833;13990;0;13990;24.69557786797693;13990;504.46384444448131;13990;3.9402447584459974;13990;4.0375988036744284
14000;152.98318430127873;14000;0;14000;24.69557786797693;14000;504.46384444448131;14000;3.9402447584459974;14000;4.040650654622028
14010;153.08084353160191;14010;0;14010;24.805444502090516;14010;504.42430146983185;14010;3.9402447584459974;14010;4.040955839716788
14020;153.14188055055391;14020;0;14020;24.768822290719321;14020;504.46384444448131;14020;3.9402447584459974;14020;4.0354625080111086
14030;153.09305093539231;14030;0;14030;24.732200079348125;14030;504.42430146983185;14030;3.9402447584459974;14030;4.040650654622028
14040;153.00759910885952;14040;0;14040;24.890896328623306;14040;504.46384444448131;14040;3.9402447584459974;14040;4.0385143589587083
14050;153.05642872402112;14050;0;14050;24.866481521042509;14050;504.50338741913066;14050;3.9402447584459974;14050;4.0397350993377481
14060;152.95876949369793;14060;0;14060;24.829859309671313;14060;504.50338741913066;14060;3.9402447584459974;14060;4.0351573229163487
14070;153.10525833918271;14070;0;14070;24.915311136204103;14070;504.46384444448131;14070;3.9402447584459974;14070;4.040650654622028
14080;153.10525833918271;14080;0;14080;24.903103732413705;14080;504.46384444448131;14080;3.9402447584459974;14080;4.0394299142429881
14090;153.01980651264992;14090;0;14090;24.890896328623306;14090;504.46384444448131;14090;3.9402447584459974;14090;4.0369884334849084
14100;153.01980651264992;14100;0;14100;24.903103732413705;14100;504.46384444448131;14100;3.9402447584459974;14100;4.0388195440534682
14110;152.87331766716514;14110;0;14110;24.890896328623306;14110;504.42430146983185;14110;3.9402447584459974;14110;4.0397350993377481
14120;152.94656208990753;14120;0.036622211371196631;14120;24.878688924832908;14120;504.42430146983185;14120;3.9402447584459974;14120;4.0400402844325081
14130;152.94656208990753;14130;0.048829615161595508;14130;24.890896328623306;14130;504.42430146983185;14130;3.9402447584459974;14130;4.0351573229163487
14140;152.90993987853633;14140;0;14140;24.903103732413705;14140;504.46384444448131;14140;3.9402447584459974;14140;4.0421765800958278
14150;152.78786584063235;14150;0;14150;24.903103732413705;14150;504.46384444448131;14150;3.9402447584459974;14150;4.0388195440534682
14160;152.89773247474594;14160;0.012207403790398877;14160;24.976348155156103;14160;504.46384444448131;14160;3.9402447584459974;14160;4.0385143589587083
14170;152.99539170506912;14170;0.012207403790398877;14170;25.0129703665273;14170;504.50338741913066;14170;3.9402447584459974;14170;4.0357676931058686
14180;152.97097689748833;14180;0;14180;24.915311136204103;14180;504.50338741913066;14180;3.9402447584459974;14180;4.040345469527268
14190;153.04422132023072;14190;0;14190;24.964140751365704;14190;504.50338741913066;14190;3.9402447584459974;14190;4.0397350993377481
14200;152.99539170506912;14200;0;14200;25.074007385479291;14200;504.46384444448131;14200;3.9402447584459974;14200;4.0360728782006285
14210;153.01980651264992;14210;0;14210;25.025177770317697;14210;504.46384444448131;14210;3.9402447584459974;14210;4.040345469527268
14220;153.09305093539231;14220;0;14220;25.122837000640892;14220;504.42430146983185;14220;3.9402447584459974;14220;4.040345469527268
14230;153.06863612781152;14230;0;14230;25.257118442335276;14230;504.46384444448131;14230;3.9402447584459974;14230;4.040345469527268
14240;152.95876949369793;14240;0;14240;25.220496230964081;14240;504.42430146983185;14240;3.9402447584459974;14240;4.0339365825373088
14250;152.94656208990753;14250;0;14250;25.220496230964081;14250;504.42430146983185;14250;3.9402447584459974;14250;4.040955839716788
14260;152.92214728232673;14260;0;14260;25.196081423383283;14260;504.50338741913066;14260;3.9402447584459974;14260;4.0379039887691883
14270;153.00759910885952;14270;0;14270;25.220496230964081;14270;504.46384444448131;14270;3.9402447584459974;14270;4.0372936185796684
14280;152.99539170506912;14280;0;14280;25.293740653706475;14280;504.42430146983185;14280;3.9402447584459974;14280;4.0360728782006285
14290;153.01980651264992;14290;0;14290;25.220496230964081;14290;504.42430146983185;14290;3.9402447584459974;14290;4.0400402844325081
14300;153.04422132023072;14300;0;14300;25.232703634754479;14300;504.46384444448131;14300;3.9402447584459974;14300;4.0397350993377481
14310;152.98318430127873;14310;0;14310;25.257118442335276;14310;504.46384444448131;14310;3.9402447584459974;14310;4.0351573229163487
14320;153.01980651264992;14320;0;14320;25.220496230964081;14320;504.46384444448131;14320;3.9402447584459974;14320;4.040345469527268
14330;152.99539170506912;14330;0;14330;25.281533249916073;14330;504.38475849518244;14330;3.9402447584459974;14330;4.0394299142429881
14340;153.09305093539231;14340;0;14340;25.366985076448866;14340;504.38475849518244;14340;3.9402447584459974;14340;4.040345469527268
14350;153.14188055055391;14350;0;14350;25.342570268868069;14350;504.38475849518244;14350;3.9402447584459974;14350;4.0351573229163487
14360;153.15408795434431;14360;0;14360;25.415814691610461;14360;504.38475849518244;14360;3.9402447584459974;14360;4.0412610248115479
14370;153.05642872402112;14370;0;14370;25.440229499191258;14370;504.46384444448131;14370;3.9402447584459974;14370;4.0385143589587083
14380;153.11746574297311;14380;0;14380;25.391399884029664;14380;504.46384444448131;14380;3.9402447584459974;14380;4.0369884334849084
14390;153.09305093539231;14390;0.012207403790398877;14390;25.428022095400859;14390;504.50338741913066;14390;3.9402447584459974;14390;4.0382091738639483
14400;152.89773247474594;14400;0;14400;25.403607287820062;14400;504.50338741913066;14400;3.9402447584459974;14400;4.040955839716788
14410;152.99539170506912;14410;0;14410;25.489059114352859;14410;504.42430146983185;14410;3.9402447584459974;14410;4.0412610248115479
14420;153.08084353160191;14420;0;14420;25.525681325724054;14420;504.38475849518244;14420;3.9402447584459974;14420;4.0345469527268287
14430;153.00759910885952;14430;0.024414807580797754;14430;25.440229499191258;14430;504.42430146983185;14430;3.9402447584459974;14430;4.040650654622028
14440;152.94656208990753;14440;0;14440;25.489059114352859;14440;504.42430146983185;14440;3.9402447584459974;14440;4.0388195440534682
14450;153.05642872402112;14450;0;14450;25.513473921933656;14450;504.46384444448131;14450;3.9402447584459974;14450;4.0397350993377481
14460;152.97097689748833;14460;0;14460;25.489059114352859;14460;504.50338741913066;14460;3.9402447584459974;14460;4.0351573229163487
14470;153.00759910885952;14470;0;14470;25.513473921933656;14470;504.46384444448131;14470;3.9402447584459974;14470;4.040650654622028
14480;153.01980651264992;14480;0;14480;25.574510940885649;14480;504.50338741913066;14480;3.9402447584459974;14480;4.0394299142429881
14490;152.95876949369793;14490;0;14490;25.537888729514453;14490;504.50338741913066;14490;3.9402447584459974;14490;4.0369884334849084
14500;153.04422132023072;14500;0;14500;25.513473921933656;14500;504.50338741913066;14500;3.9402447584459974;14500;4.0394299142429881
14510;152.97097689748833;14510;0;14510;25.611133152256844;14510;504.46384444448131;14510;3.9402447584459974;14510;4.0400402844325081
14520;152.98318430127873;14520;0.012207403790398877;14520;25.684377574999239;14520;504.38475849518244;14520;3.9402447584459974;14520;4.040955839716788
14530;153.05642872402112;14530;0;14530;25.635547959837641;14530;504.38475849518244;14530;3.9402447584459974;14530;4.0351573229163487
14540;153.10525833918271;14540;0;14540;25.672170171208837;14540;504.46384444448131;14540;3.9402447584459974;14540;4.0412610248115479
14550;153.08084353160191;14550;0;14550;25.684377574999239;14550;504.42430146983185;14550;3.9402447584459974;14550;4.0385143589587083
14560;153.10525833918271;14560;0;14560;25.672170171208837;14560;504.46384444448131;14560;3.9402447584459974;14560;4.0394299142429881
14570;153.11746574297311;14570;0;14570;25.708792382580036;14570;504.46384444448131;14570;3.9402447584459974;14570;4.0372936185796684
14580;153.11746574297311;14580;0.024414807580797754;14580;25.720999786370434;14580;504.42430146983185;14580;3.9402447584459974;14580;4.040650654622028
14590;152.98318430127873;14590;0.012207403790398877;14590;25.696584978789637;14590;504.46384444448131;14590;3.9402447584459974;14590;4.0388195440534682
14600;152.95876949369793;14600;0;14600;25.720999786370434;14600;504.42430146983185;14600;3.9402447584459974;14600;4.0354625080111086
14610;152.98318430127873;14610;0;14610;25.806451612903224;14610;504.42430146983185;14610;3.9402447584459974;14610;4.0397350993377481
14620;152.98318430127873;14620;0;14620;25.75762199774163;14620;504.42430146983185;14620;3.9402447584459974;14620;4.0382091738639483
14630;153.09305093539231;14630;0;14630;25.708792382580036;14630;504.50338741913066;14630;3.9402447584459974;14630;4.0394299142429881
14640;153.01980651264992;14640;0;14640;25.782036805322427;14640;504.58247336842948;14640;3.9402447584459974;14640;4.0348521378215887
14650;153.01980651264992;14650;0.012207403790398877;14650;25.794244209112826;14650;504.46384444448131;14650;3.9402447584459974;14650;4.0412610248115479
14660;153.00759910885952;14660;0.012207403790398877;14660;25.818659016693623;14660;504.46384444448131;14660;3.9402447584459974;14660;4.0379039887691883
14670;153.08084353160191;14670;0;14670;25.818659016693623;14670;504.42430146983185;14670;3.9402447584459974;14670;4.0375988036744284
14680;152.98318430127873;14680;0;14680;25.806451612903224;14680;504.46384444448131;14680;3.9402447584459974;14680;4.0369884334849084
14690;152.97097689748833;14690;0;14690;25.830866420484021;14690;504.42430146983185;14690;3.9402447584459974;14690;4.0400402844325081
14700;152.99539170506912;14700;0;14700;25.879696035645622;14700;504.50338741913066;14700;3.9402447584459974;14700;4.0397350993377481
14710;152.88552507095554;14710;0;14710;25.830866420484021;14710;504.50338741913066;14710;3.9402447584459974;14710;4.0354625080111086
14720;152.94656208990753;14720;0;14720;25.867488631855217;14720;504.42430146983185;14720;3.9402447584459974;14720;4.0412610248115479
14730;152.90993987853633;14730;0;14730;25.891903439436021;14730;504.38475849518244;14730;3.9402447584459974;14730;4.0385143589587083
14740;153.05642872402112;14740;0;14740;25.977355265968811;14740;504.42430146983185;14740;3.9402447584459974;14740;4.0397350993377481
14750;153.1662953581347;14750;0;14750;26.026184881130405;14750;504.46384444448131;14750;3.9402447584459974;14750;4.0354625080111086
14760;153.2273323770867;14760;0;14760;25.989562669759209;14760;504.46384444448131;14760;3.9402447584459974;14760;4.040955839716788
14770;153.10525833918271;14770;0;14770;26.038392284920803;14770;504.46384444448131;14770;3.9402447584459974;14770;4.0372936185796684
14780;153.06863612781152;14780;0.012207403790398877;14780;26.038392284920803;14780;504.42430146983185;14780;3.9402447584459974;14780;4.0360728782006285
14790;153.06863612781152;14790;0;14790;25.977355265968811;14790;504.46384444448131;14790;3.9402447584459974;14790;4.0382091738639483
14800;153.10525833918271;14800;0;14800;26.001770073549608;14800;504.46384444448131;14800;3.9402447584459974;14800;4.040955839716788
14810;153.00759910885952;14810;0.012207403790398877;14810;26.0872219000824;14810;504.46384444448131;14810;3.9402447584459974;14810;4.0412610248115479
14820;152.81228064821315;14820;0.012207403790398877;14820;26.136051515243995;14820;504.38475849518244;14820;3.9402447584459974;14820;4.0351573229163487
14830;153.01980651264992;14830;0.012207403790398877;14830;26.075014496292003;14830;504.42430146983185;14830;3.9402447584459974;14830;4.040650654622028
14840;153.00759910885952;14840;0.012207403790398877;14840;26.0872219000824;14840;504.42430146983185;14840;3.9402447584459974;14840;4.0382091738639483
14850;152.97097689748833;14850;0;14850;26.184881130405589;14850;504.38475849518244;14850;3.9402447584459974;14850;4.0388195440534682
14860;152.94656208990753;14860;0;14860;26.0994293038728;14860;504.42430146983185;14860;3.9402447584459974;14860;4.0351573229163487
14870;152.97097689748833;14870;0;14870;26.111636707663198;14870;504.42430146983185;14870;3.9402447584459974;14870;4.040345469527268
14880;152.98318430127873;14880;0;14880;26.25812555314798;14880;504.46384444448131;14880;3.9402447584459974;14880;4.0394299142429881
14890;153.08084353160191;14890;0;14890;26.184881130405589;14890;504.42430146983185;14890;3.9402447584459974;14890;4.0369884334849084
14900;153.2029175695059;14900;0;14900;26.172673726615191;14900;504.42430146983185;14900;3.9402447584459974;14900;4.0394299142429881
14910;153.14188055055391;14910;0;14910;26.221503341776785;14910;504.42430146983185;14910;3.9402447584459974;14910;4.0400402844325081
14920;152.99539170506912;14920;0;14920;26.197088534195988;14920;504.42430146983185;14920;3.9402447584459974;14920;4.040650654622028
14930;152.83669545579394;14930;0;14930;26.233710745567183;14930;504.42430146983185;14930;3.9402447584459974;14930;4.0354625080111086
14940;152.94656208990753;14940;0;14940;26.294747764519183;14940;504.38475849518244;14940;3.9402447584459974;14940;4.0412610248115479
14950;152.97097689748833;14950;0.012207403790398877;14950;26.392406994842371;14950;504.38475849518244;14950;3.9402447584459974;14950;4.0379039887691883
14960;153.04422132023072;14960;0;14960;26.40461439863277;14960;504.42430146983185;14960;3.9402447584459974;14960;4.0385143589587083
14970;153.00759910885952;14970;0;14970;26.355784783471176;14970;504.46384444448131;14970;3.9402447584459974;14970;4.0360728782006285
14980;153.05642872402112;14980;0;14980;26.380199591051973;14980;504.46384444448131;14980;3.9402447584459974;14980;4.0400402844325081
14990;153.09305093539231;14990;0.012207403790398877;14990;26.416821802423168;14990;504.42430146983185;14990;3.9402447584459974;14990;4.0388195440534682
15000;152.95876949369793;15000;0.012207403790398877;15000;26.31916257209998;15000;504.38475849518244;15000;3.9402447584459974;15000;4.0360728782006285
15010;152.94656208990753;15010;0;15010;26.367992187261574;15010;504.38475849518244;15010;3.9402447584459974;15010;4.040345469527268
15020;152.92214728232673;15020;0;15020;26.429029206213567;15020;504.38475849518244;15020;3.9402447584459974;15020;4.0394299142429881
15030;153.04422132023072;15030;0.012207403790398877;15030;26.51448103274636;15030;504.42430146983185;15030;3.9402447584459974;15030;4.040650654622028
15040;152.99539170506912;15040;0.012207403790398877;15040;26.502273628955962;15040;504.42430146983185;15040;3.9402447584459974;15040;4.0351573229163487
15050;153.10525833918271;15050;0;15050;26.416821802423168;15050;504.38475849518244;15050;3.9402447584459974;15050;4.040650654622028
15060;153.06863612781152;15060;0;15060;26.490066225165563;15060;504.38475849518244;15060;3.9402447584459974;15060;4.0375988036744284
15070;152.98318430127873;15070;0;15070;26.526688436536759;15070;504.42430146983185;15070;3.9402447584459974;15070;4.0379039887691883
15080;153.05642872402112;15080;0;15080;26.624347666859947;15080;504.46384444448131;15080;3.9402447584459974;15080;4.0369884334849084
15090;153.06863612781152;15090;0;15090;26.648762474440744;15090;504.46384444448131;15090;3.9402447584459974;15090;4.0388195440534682
15100;153.06863612781152;15100;0;15100;26.59993285927915;15100;504.46384444448131;15100;3.9402447584459974;15100;4.0394299142429881
15110;153.05642872402112;15110;0;15110;26.59993285927915;15110;504.42430146983185;15110;3.9402447584459974;15110;4.0351573229163487
15120;153.10525833918271;15120;0;15120;26.563310647907954;15120;504.42430146983185;15120;3.9402447584459974;15120;4.040955839716788
15130;152.92214728232673;15130;0;15130;26.587725455488751;15130;504.42430146983185;15130;3.9402447584459974;15130;4.0388195440534682
15140;152.97097689748833;15140;0;15140;26.612140263069548;15140;504.42430146983185;15140;3.9402447584459974;15140;4.0400402844325081
15150;153.09305093539231;15150;0;15150;26.624347666859947;15150;504.42430146983185;15150;3.9402447584459974;15150;4.0357676931058686
15160;153.14188055055391;15160;0;15160;26.624347666859947;15160;504.46384444448131;15160;3.9402447584459974;15160;4.040345469527268
15170;153.10525833918271;15170;0.024414807580797754;15170;26.648762474440744;15170;504.50338741913066;15170;3.9402447584459974;15170;4.0372936185796684
15180;153.15408795434431;15180;0;15180;26.66096987823115;15180;504.42430146983185;15180;3.9402447584459974;15180;4.0375988036744284
15190;153.08084353160191;15190;0;15190;26.709799493392744;15190;504.46384444448131;15190;3.9402447584459974;15190;4.0382091738639483
15200;152.98318430127873;15200;0;15200;26.734214300973541;15200;504.42430146983185;15200;3.9402447584459974;15200;4.0394299142429881
15210;152.98318430127873;15210;0;15210;26.831873531296729;15210;504.42430146983185;15210;3.9402447584459974;15210;4.040955839716788
15220;152.98318430127873;15220;0;15220;26.807458723715932;15220;504.42430146983185;15220;3.9402447584459974;15220;4.0363780632953885
15230;153.10525833918271;15230;0.012207403790398877;15230;26.807458723715932;15230;504.42430146983185;15230;3.9402447584459974;15230;4.0424817651905878
15240;153.01980651264992;15240;0;15240;26.819666127506331;15240;504.46384444448131;15240;3.9402447584459974;15240;4.0397350993377481
15250;152.95876949369793;15250;0;15250;26.831873531296729;15250;504.46384444448131;15250;3.9402447584459974;15250;4.0400402844325081
15260;152.90993987853633;15260;0;15260;26.868495742667932;15260;504.42430146983185;15260;3.9402447584459974;15260;4.0357676931058686
15270;152.90993987853633;15270;0.012207403790398877;15270;26.795251319925534;15270;504.42430146983185;15270;3.9402447584459974;15270;4.040955839716788
15280;152.80007324442275;15280;0.012207403790398877;15280;26.795251319925534;15280;504.42430146983185;15280;3.9402447584459974;15280;4.0394299142429881
15290;152.90993987853633;15290;0;15290;26.868495742667932;15290;504.38475849518244;15290;3.9402447584459974;15290;4.0375988036744284
15300;153.08084353160191;15300;0;15300;26.905117954039127;15300;504.42430146983185;15300;3.9402447584459974;15300;4.0397350993377481
15310;153.04422132023072;15310;0;15310;26.770836512344736;15310;504.42430146983185;15310;3.9402447584459974;15310;4.0394299142429881
15320;153.04422132023072;15320;0;15320;26.831873531296729;15320;504.46384444448131;15320;3.9402447584459974;15320;4.040955839716788
15330;153.01980651264992;15330;0.012207403790398877;15330;27.051606799523913;15330;504.46384444448131;15330;3.9402447584459974;15330;4.0351573229163487
15340;153.14188055055391;15340;0;15340;27.088229010895109;15340;504.46384444448131;15340;3.9402447584459974;15340;4.040955839716788
15350;152.94656208990753;15350;0;15350;27.027191991943113;15350;504.50338741913066;15350;3.9402447584459974;15350;4.0382091738639483
15360;152.92214728232673;15360;0;15360;27.112643818475906;15360;504.50338741913066;15360;3.9402447584459974;15360;4.0385143589587083
15370;153.06863612781152;15370;0;15370;27.100436414685507;15370;504.50338741913066;15370;3.9402447584459974;15370;4.0354625080111086
15380;153.04422132023072;15380;0;15380;26.978362376781519;15380;504.42430146983185;15380;3.9402447584459974;15380;4.0400402844325081
15390;152.88552507095554;15390;0;15390;27.027191991943113;15390;504.42430146983185;15390;3.9402447584459974;15390;4.0400402844325081
15400;152.90993987853633;15400;0.024414807580797754;15400;27.051606799523913;15400;504.38475849518244;15400;3.9402447584459974;15400;4.0369884334849084
15410;153.05642872402112;15410;0.036622211371196631;15410;27.088229010895109;15410;504.42430146983185;15410;3.9402447584459974;15410;4.040345469527268
15420;153.01980651264992;15420;0;15420;27.112643818475906;15420;504.46384444448131;15420;3.9402447584459974;15420;4.0385143589587083
15430;152.98318430127873;15430;0;15430;27.100436414685507;15430;504.46384444448131;15430;3.9402447584459974;15430;4.040345469527268
EOF
