Name;Scope Project1;
File;C:\Users\Tobno\Desktop\VentilDeadband\MainNed\-21-4prosent.csv;
Starttime of export;134214179036100000;torsdag 23. april 2026;13:38:23.610
Endtime of export;134214179199156395;torsdag 23. april 2026;13:38:39.915


Name;fPresSupply_bar (1);Name;fPres2A_bar;Name;fPres2B_bar;Name;fCylinder2_mm;Name;fValve2_V;Name;fSensor2_V

0;153.04422132023072;0;0;0;6.09149449140904;0;504.9383601402742;0;3.9301736503189182;0;4.0287484359263894
10;153.14188055055391;10;0;10;6.1281167027802361;10;504.81973121632592;10;3.9301736503189182;10;4.032105471968749
20;153.09305093539231;20;0.012207403790398877;20;6.152531510361035;20;504.89881716562479;20;3.9301736503189182;20;4.0296639912106693
30;153.05642872402112;30;0.012207403790398877;30;6.152531510361035;30;504.81973121632592;30;3.9301736503189182;30;4.0305795464949492
40;152.95876949369793;40;0.024414807580797754;40;6.2135685293130276;40;504.9383601402742;40;3.9301736503189182;40;4.0299691763054293
50;153.05642872402112;50;0.012207403790398877;50;6.2746055482650238;50;504.89881716562479;50;3.9301736503189182;50;4.0296639912106693
60;153.11746574297311;60;0;60;6.3356425672170174;60;504.89881716562479;60;3.9301736503189182;60;4.0314951017792291
70;152.98318430127873;70;0;70;6.3478499710074159;70;504.81973121632592;70;3.9301736503189182;70;4.0296639912106693
80;153.08084353160191;80;0;80;6.3356425672170174;80;504.81973121632592;80;3.9301736503189182;80;4.0314951017792291
90;152.99539170506912;90;0;90;6.2746055482650238;90;504.81973121632592;90;3.9301736503189182;90;4.0281380657368695
100;152.94656208990753;100;0;100;6.3478499710074159;100;504.78018824167657;100;3.9301736503189182;100;4.0330210272530289
110;152.90993987853633;110;0;110;6.4821314127018042;110;504.81973121632592;110;3.9301736503189182;110;4.0302743614001892
120;152.90993987853633;120;0;120;6.4699240089114056;120;504.89881716562479;120;3.9301736503189182;120;4.032105471968749
130;152.92214728232673;130;0;130;6.5065462202826012;130;504.9383601402742;130;3.9301736503189182;130;4.0299691763054293
140;153.05642872402112;140;0;140;6.4943388164922027;140;504.9383601402742;140;3.9301736503189182;140;4.0311899166844691
150;153.06863612781152;150;0.012207403790398877;150;6.5187536240730006;150;504.97790311492355;150;3.9301736503189182;150;4.0308847315897092
160;153.00759910885952;160;0.024414807580797754;160;6.5797906430249951;160;504.89881716562479;160;3.9301736503189182;160;4.0290536210211494
170;153.11746574297311;170;0.012207403790398877;170;6.62862025818659;170;504.89881716562479;170;3.9301736503189182;170;4.0314951017792291
180;153.05642872402112;180;0;180;6.6652424695577874;180;504.81973121632592;180;3.9301736503189182;180;4.0284432508316295
190;152.94656208990753;190;0;190;6.6652424695577874;190;504.81973121632592;190;3.9301736503189182;190;4.032105471968749
200;152.80007324442275;200;0;200;6.701864680928983;200;504.9383601402742;200;3.9301736503189182;200;4.0281380657368695
210;152.86111026337474;210;0.012207403790398877;210;6.6652424695577874;210;504.89881716562479;210;3.9301736503189182;210;4.032410657063509
220;152.83669545579394;220;0;220;6.677449873348186;220;504.89881716562479;220;3.9301736503189182;220;4.0299691763054293
230;153.06863612781152;230;0;230;6.62862025818659;230;504.89881716562479;230;3.9301736503189182;230;4.0311899166844691
240;153.14188055055391;240;0.012207403790398877;240;6.6408276619769886;240;504.89881716562479;240;3.9301736503189182;240;4.0308847315897092
250;152.99539170506912;250;0;250;6.7751091036713769;250;504.89881716562479;250;3.9301736503189182;250;4.0305795464949492
260;153.14188055055391;260;0;260;6.8239387188329728;260;504.81973121632592;260;3.9301736503189182;260;4.0314951017792291
270;152.99539170506912;270;0;270;6.84835352641377;270;504.81973121632592;270;3.9301736503189182;270;4.0287484359263894
280;152.97097689748833;280;0;280;6.84835352641377;280;504.81973121632592;280;3.9301736503189182;280;4.0330210272530289
290;152.97097689748833;290;0;290;6.8239387188329728;290;504.81973121632592;290;3.9301736503189182;290;4.0299691763054293
300;153.04422132023072;300;0;300;6.84835352641377;300;504.89881716562479;300;3.9301736503189182;300;4.032105471968749
310;153.06863612781152;310;0;310;6.8727683339945678;310;504.97790311492355;310;3.9301736503189182;310;4.0281380657368695
320;152.92214728232673;320;0;320;6.84835352641377;320;504.9383601402742;320;3.9301736503189182;320;4.0311899166844691
330;152.86111026337474;330;0.012207403790398877;330;6.84835352641377;330;504.9383601402742;330;3.9301736503189182;330;4.0299691763054293
340;152.97097689748833;340;0.012207403790398877;340;6.8727683339945678;340;504.89881716562479;340;3.9301736503189182;340;4.0296639912106693
350;153.04422132023072;350;0;350;6.9826349681081572;350;504.81973121632592;350;3.9301736503189182;350;4.0302743614001892
360;152.98318430127873;360;0;360;7.0314645832697531;360;504.81973121632592;360;3.9301736503189182;360;4.0305795464949492
370;152.99539170506912;370;0;370;7.0192571794793546;370;504.81973121632592;370;3.9301736503189182;370;4.032410657063509
380;152.90993987853633;380;0;380;7.0192571794793546;380;504.78018824167657;380;3.9301736503189182;380;4.0281380657368695
390;152.97097689748833;390;0;390;7.0680867946409505;390;504.81973121632592;390;3.9301736503189182;390;4.032410657063509
400;152.87331766716514;400;0;400;7.2145756401257364;400;504.89881716562479;400;3.9301736503189182;400;4.0290536210211494
410;152.89773247474594;410;0;410;7.17795342875454;410;504.81973121632592;410;3.9301736503189182;410;4.0311899166844691
420;153.01980651264992;420;0.012207403790398877;420;7.1413312173833425;420;504.81973121632592;420;3.9301736503189182;420;4.0284432508316295
430;153.01980651264992;430;0.012207403790398877;430;7.1657460249641414;430;504.81973121632592;430;3.9301736503189182;430;4.0308847315897092
440;152.95876949369793;440;0.024414807580797754;440;7.2023682363353378;440;504.81973121632592;440;3.9301736503189182;440;4.0302743614001892
450;153.00759910885952;450;0;450;7.129123813592944;450;504.81973121632592;450;3.9301736503189182;450;4.0296639912106693
460;153.14188055055391;460;0;460;7.129123813592944;460;504.81973121632592;460;3.9301736503189182;460;4.0314951017792291
470;153.05642872402112;470;0.012207403790398877;470;7.2389904477065334;470;504.74064526702711;470;3.9301736503189182;470;4.0305795464949492
480;152.97097689748833;480;0;480;7.2634052552873323;480;504.81973121632592;480;3.9301736503189182;480;4.0330210272530289
490;152.92214728232673;490;0;490;7.3244422742393258;490;504.9383601402742;490;3.9301736503189182;490;4.0278328806421095
500;153.04422132023072;500;0.036622211371196631;500;7.2878200628681293;500;504.89881716562479;500;3.9301736503189182;500;4.032410657063509
510;153.01980651264992;510;0.024414807580797754;510;7.3366496780297243;510;504.81973121632592;510;3.9301736503189182;510;4.0299691763054293
520;153.06863612781152;520;0.012207403790398877;520;7.4221015045625176;520;504.81973121632592;520;3.9301736503189182;520;4.0305795464949492
530;153.08084353160191;530;0.012207403790398877;530;7.4709311197241126;530;504.89881716562479;530;3.9301736503189182;530;4.0281380657368695
540;153.06863612781152;540;0;540;7.4343089083529161;540;504.78018824167657;540;3.9301736503189182;540;4.0308847315897092
550;152.90993987853633;550;0.012207403790398877;550;7.4221015045625176;550;504.81973121632592;550;3.9301736503189182;550;4.0314951017792291
560;152.87331766716514;560;0;560;7.5197607348857085;560;504.78018824167657;560;3.9301736503189182;560;4.0284432508316295
570;152.92214728232673;570;0;570;7.50755333109531;570;504.89881716562479;570;3.9301736503189182;570;4.0314951017792291
580;152.99539170506912;580;0;580;7.4831385235145111;580;504.89881716562479;580;3.9301736503189182;580;4.0299691763054293
590;153.09305093539231;590;0;590;7.5197607348857085;590;504.81973121632592;590;3.9301736503189182;590;4.032105471968749
600;153.00759910885952;600;0.012207403790398877;600;7.50755333109531;600;504.81973121632592;600;3.9301736503189182;600;4.0278328806421095
610;153.10525833918271;610;0;610;7.4587237159337141;610;504.81973121632592;610;3.9301736503189182;610;4.032105471968749
620;153.01980651264992;620;0;620;7.5685903500473035;620;504.81973121632592;620;3.9301736503189182;620;4.0290536210211494
630;152.99539170506912;630;0;630;7.678456984160893;630;504.81973121632592;630;3.9301736503189182;630;4.0302743614001892
640;153.01980651264992;640;0.024414807580797754;640;7.6906643879512933;640;504.9383601402742;640;3.9301736503189182;640;4.0305795464949492
650;153.00759910885952;650;0.012207403790398877;650;7.580797753837702;650;504.81973121632592;650;3.9301736503189182;650;4.0311899166844691
660;152.99539170506912;660;0;660;7.580797753837702;660;504.81973121632592;660;3.9301736503189182;660;4.0314951017792291
670;153.00759910885952;670;0;670;7.6174199652088994;670;504.89881716562479;670;3.9301736503189182;670;4.0287484359263894
680;153.11746574297311;680;0;680;7.7028717917416918;680;504.78018824167657;680;3.9301736503189182;680;4.0327158421582689
690;153.00759910885952;690;0;690;7.7272865993224888;690;504.81973121632592;690;3.9301736503189182;690;4.0299691763054293
700;152.97097689748833;700;0;700;7.6418347727896974;700;504.89881716562479;700;3.9301736503189182;700;4.0314951017792291
710;152.97097689748833;710;0;710;7.8127384258552812;710;504.89881716562479;710;3.9301736503189182;710;4.0278328806421095
720;152.98318430127873;720;0;720;7.8737754448072756;720;504.81973121632592;720;3.9301736503189182;720;4.032105471968749
730;152.81228064821315;730;0;730;7.8127384258552812;730;504.81973121632592;730;3.9301736503189182;730;4.0305795464949492
740;152.83669545579394;740;0;740;7.82494582964568;740;504.81973121632592;740;3.9301736503189182;740;4.0296639912106693
750;152.95876949369793;750;0;750;7.83715323343608;750;504.89881716562479;750;3.9301736503189182;750;4.0305795464949492
760;152.99539170506912;760;0;760;7.7761162144840839;760;504.81973121632592;760;3.9301736503189182;760;4.0311899166844691
770;153.06863612781152;770;0.012207403790398877;770;7.8615680410168771;770;504.89881716562479;770;3.9301736503189182;770;4.032410657063509
780;152.95876949369793;780;0.012207403790398877;780;7.8127384258552812;780;504.81973121632592;780;3.9301736503189182;780;4.0278328806421095
790;153.04422132023072;790;0;790;7.8005310220648827;790;504.78018824167657;790;3.9301736503189182;790;4.0330210272530289
800;152.98318430127873;800;0;800;7.9103976561784721;800;504.78018824167657;800;3.9301736503189182;800;4.0299691763054293
810;152.94656208990753;810;0;810;8.0202642902920616;810;504.78018824167657;810;3.9301736503189182;810;4.0311899166844691
820;152.89773247474594;820;0;820;8.0324716940824619;820;504.89881716562479;820;3.9301736503189182;820;4.0281380657368695
830;152.83669545579394;830;0;830;7.983642078920866;830;504.81973121632592;830;3.9301736503189182;830;4.032105471968749
840;152.89773247474594;840;0;840;8.0813013092440578;840;504.89881716562479;840;3.9301736503189182;840;4.032105471968749
850;153.05642872402112;850;0;850;8.1545457319864489;850;504.81973121632592;850;3.9301736503189182;850;4.0302743614001892
860;153.00759910885952;860;0;860;8.1179235206152534;860;504.81973121632592;860;3.9301736503189182;860;4.0327158421582689
870;152.88552507095554;870;0;870;8.0935087130344563;870;504.89881716562479;870;3.9301736503189182;870;4.0308847315897092
880;153.00759910885952;880;0;880;8.2399975585192422;880;504.9383601402742;880;3.9301736503189182;880;4.0327158421582689
890;152.99539170506912;890;0;890;8.2888271736808381;890;504.9383601402742;890;3.9301736503189182;890;4.02752769554735
900;152.95876949369793;900;0;900;8.2155827509384434;900;504.89881716562479;900;3.9301736503189182;900;4.032410657063509
910;152.86111026337474;910;0;910;8.1301309244056519;910;504.89881716562479;910;3.9301736503189182;910;4.0299691763054293
920;153.04422132023072;920;0;920;8.1789605395672478;920;504.81973121632592;920;3.9301736503189182;920;4.0305795464949492
930;152.99539170506912;930;0;930;8.37427900021363;930;504.81973121632592;930;3.9301736503189182;930;4.0290536210211494
940;153.06863612781152;940;0;940;8.3132419812616352;940;504.78018824167657;940;3.9301736503189182;940;4.032105471968749
950;153.10525833918271;950;0;950;8.2277901547288437;950;504.81973121632592;950;3.9301736503189182;950;4.032410657063509
960;152.98318430127873;960;0;960;8.3254493850520355;960;504.81973121632592;960;3.9301736503189182;960;4.0290536210211494
970;153.04422132023072;970;0;970;8.37427900021363;970;504.89881716562479;970;3.9301736503189182;970;4.0333262123477889
980;152.98318430127873;980;0.012207403790398877;980;8.337656788842434;980;504.81973121632592;980;3.9301736503189182;980;4.0308847315897092
990;152.94656208990753;990;0.024414807580797754;990;8.3986938077944266;990;504.81973121632592;990;3.9301736503189182;990;4.032105471968749
1000;152.90993987853633;1000;0.024414807580797754;1000;8.48414563432722;1000;504.89881716562479;1000;3.9301736503189182;1000;4.02752769554735
1010;153.04422132023072;1010;0.012207403790398877;1010;8.4597308267464211;1010;504.89881716562479;1010;3.9301736503189182;1010;4.0327158421582689
1020;152.98318430127873;1020;0;1020;8.4109012115848252;1020;504.89881716562479;1020;3.9301736503189182;1020;4.0308847315897092
1030;152.90993987853633;1030;0;1030;8.4963530381176184;1030;504.78018824167657;1030;3.9301736503189182;1030;4.0305795464949492
1040;152.97097689748833;1040;0;1040;8.4963530381176184;1040;504.81973121632592;1040;3.9301736503189182;1040;4.0302743614001892
1050;153.01980651264992;1050;0;1050;8.435316019165624;1050;504.81973121632592;1050;3.9301736503189182;1050;4.0308847315897092
1060;153.04422132023072;1060;0;1060;8.5573900570696129;1060;504.78018824167657;1060;3.9301736503189182;1060;4.032105471968749
1070;152.98318430127873;1070;0;1070;8.5818048646504117;1070;504.81973121632592;1070;3.9301736503189182;1070;4.02752769554735
1080;152.99539170506912;1080;0;1080;8.6062196722312088;1080;504.9383601402742;1080;3.9301736503189182;1080;4.032105471968749
1090;152.97097689748833;1090;0;1090;8.7527085177159947;1090;504.97790311492355;1090;3.9301736503189182;1090;4.0302743614001892
1100;152.98318430127873;1100;0;1100;8.7771233252967935;1100;504.89881716562479;1100;3.9301736503189182;1100;4.0311899166844691
1110;152.90993987853633;1110;0;1110;8.691671498764;1110;504.89881716562479;1110;3.9301736503189182;1110;4.02752769554735
1120;153.08084353160191;1120;0;1120;8.691671498764;1120;504.89881716562479;1120;3.9301736503189182;1120;4.0314951017792291
1130;153.08084353160191;1130;0;1130;8.7527085177159947;1130;504.9383601402742;1130;3.9301736503189182;1130;4.0299691763054293
1140;152.98318430127873;1140;0;1140;8.7038789025543988;1140;504.81973121632592;1140;3.9301736503189182;1140;4.0290536210211494
1150;153.01980651264992;1150;0;1150;8.7282937101351976;1150;504.81973121632592;1150;3.9301736503189182;1150;4.0308847315897092
1160;153.04422132023072;1160;0;1160;8.764915921506395;1160;504.81973121632592;1160;3.9301736503189182;1160;4.0305795464949492
1170;153.01980651264992;1170;0;1170;8.789330729087192;1170;504.78018824167657;1170;3.9301736503189182;1170;4.032105471968749
1180;152.95876949369793;1180;0;1180;8.8747825556199835;1180;504.78018824167657;1180;3.9301736503189182;1180;4.02722251045259
1190;153.01980651264992;1190;0;1190;8.935819574571978;1190;504.78018824167657;1190;3.9301736503189182;1190;4.032105471968749
1200;152.88552507095554;1200;0;1200;8.935819574571978;1200;504.81973121632592;1200;3.9301736503189182;1200;4.0299691763054293
1210;152.94656208990753;1210;0;1210;8.92361217078158;1210;504.78018824167657;1210;3.9301736503189182;1210;4.0314951017792291
1220;153.05642872402112;1220;0;1220;8.9968565935239724;1220;504.81973121632592;1220;3.9301736503189182;1220;4.0284432508316295
1230;153.04422132023072;1230;0;1230;9.03347880489517;1230;504.81973121632592;1230;3.9301736503189182;1230;4.0314951017792291
1240;152.99539170506912;1240;0;1240;9.0090639973143727;1240;504.81973121632592;1240;3.9301736503189182;1240;4.0308847315897092
1250;152.98318430127873;1250;0;1250;8.935819574571978;1250;504.78018824167657;1250;3.9301736503189182;1250;4.0284432508316295
1260;153.08084353160191;1260;0;1260;8.9968565935239724;1260;504.78018824167657;1260;3.9301736503189182;1260;4.0314951017792291
1270;153.01980651264992;1270;0;1270;9.0701010162663653;1270;504.78018824167657;1270;3.9301736503189182;1270;4.0302743614001892
1280;152.99539170506912;1280;0;1280;9.1189306314279612;1280;504.81973121632592;1280;3.9301736503189182;1280;4.032105471968749
1290;153.01980651264992;1290;0;1290;9.0701010162663653;1290;504.81973121632592;1290;3.9301736503189182;1290;4.02752769554735
1300;153.1785027619251;1300;0;1300;9.0090639973143727;1300;504.81973121632592;1300;3.9301736503189182;1300;4.0327158421582689
1310;153.11746574297311;1310;0;1310;9.0945158238471624;1310;504.89881716562479;1310;3.9301736503189182;1310;4.0302743614001892
1320;153.08084353160191;1320;0;1320;9.0578936124759668;1320;504.81973121632592;1320;3.9301736503189182;1320;4.0311899166844691
1330;153.01980651264992;1330;0.024414807580797754;1330;9.0823084200567639;1330;504.81973121632592;1330;3.9301736503189182;1330;4.0296639912106693
1340;152.95876949369793;1340;0;1340;9.2654194769127471;1340;504.78018824167657;1340;3.9301736503189182;1340;4.032105471968749
1350;152.95876949369793;1350;0;1350;9.3020416882839445;1350;504.81973121632592;1350;3.9301736503189182;1350;4.0314951017792291
1360;152.89773247474594;1360;0;1360;9.2898342844935442;1360;504.78018824167657;1360;3.9301736503189182;1360;4.0284432508316295
1370;152.99539170506912;1370;0;1370;9.314249092074343;1370;504.74064526702711;1370;3.9301736503189182;1370;4.0327158421582689
1380;152.94656208990753;1380;0;1380;9.2654194769127471;1380;504.74064526702711;1380;3.9301736503189182;1380;4.0296639912106693
1390;152.94656208990753;1390;0;1390;9.2776268807031457;1390;504.78018824167657;1390;3.9301736503189182;1390;4.0314951017792291
1400;152.90993987853633;1400;0;1400;9.3020416882839445;1400;504.81973121632592;1400;3.9301736503189182;1400;4.02752769554735
1410;152.97097689748833;1410;0;1410;9.35087130344554;1410;504.89881716562479;1410;3.9301736503189182;1410;4.0327158421582689
1420;152.94656208990753;1420;0;1420;9.3997009186071363;1420;504.89881716562479;1420;3.9301736503189182;1420;4.0305795464949492
1430;152.97097689748833;1430;0;1430;9.3752861110263375;1430;504.81973121632592;1430;3.9301736503189182;1430;4.0302743614001892
1440;152.94656208990753;1440;0;1440;9.4119083223975348;1440;504.89881716562479;1440;3.9301736503189182;1440;4.0308847315897092
1450;152.97097689748833;1450;0;1450;9.3997009186071363;1450;504.81973121632592;1450;3.9301736503189182;1450;4.0314951017792291
1460;152.99539170506912;1460;0;1460;9.4119083223975348;1460;504.78018824167657;1460;3.9301736503189182;1460;4.032410657063509
1470;152.81228064821315;1470;0;1470;9.4241157261879334;1470;504.81973121632592;1470;3.9301736503189182;1470;4.02752769554735
1480;152.83669545579394;1480;0;1480;9.5217749565111234;1480;504.78018824167657;1480;3.9301736503189182;1480;4.032410657063509
1490;152.77565843684195;1490;0;1490;9.5828119754631178;1490;504.78018824167657;1490;3.9301736503189182;1490;4.0296639912106693
1500;152.94656208990753;1500;0;1500;9.5217749565111234;1500;504.74064526702711;1500;3.9301736503189182;1500;4.0311899166844691
1510;153.04422132023072;1510;0;1510;9.47294534134953;1510;504.78018824167657;1510;3.9301736503189182;1510;4.02752769554735
1520;152.92214728232673;1520;0;1520;9.47294534134953;1520;504.81973121632592;1520;3.9301736503189182;1520;4.0314951017792291
1530;152.94656208990753;1530;0;1530;9.5461897640919222;1530;504.81973121632592;1530;3.9301736503189182;1530;4.0305795464949492
1540;153.04422132023072;1540;0;1540;9.4973601489303263;1540;504.81973121632592;1540;3.9301736503189182;1540;4.0290536210211494
1550;153.05642872402112;1550;0;1550;9.6316415906247137;1550;504.89881716562479;1550;3.9301736503189182;1550;4.032105471968749
1560;153.00759910885952;1560;0.012207403790398877;1560;9.7170934171575052;1560;504.81973121632592;1560;3.9301736503189182;1560;4.0311899166844691
1570;153.05642872402112;1570;0.012207403790398877;1570;9.7170934171575052;1570;504.78018824167657;1570;3.9301736503189182;1570;4.0311899166844691
1580;152.95876949369793;1580;0;1580;9.7293008209479037;1580;504.78018824167657;1580;3.9301736503189182;1580;4.02600177007355
1590;152.92214728232673;1590;0;1590;9.7659230323191011;1590;504.81973121632592;1590;3.9301736503189182;1590;4.0327158421582689
1600;152.89773247474594;1600;0;1600;9.7781304361095;1600;504.89881716562479;1600;3.9301736503189182;1600;4.0296639912106693
1610;152.97097689748833;1610;0;1610;9.7781304361095;1610;504.81973121632592;1610;3.9301736503189182;1610;4.0299691763054293
1620;152.97097689748833;1620;0;1620;9.90020447401349;1620;504.78018824167657;1620;3.9301736503189182;1620;4.02752769554735
1630;153.00759910885952;1630;0;1630;9.9246192815942873;1630;504.78018824167657;1630;3.9301736503189182;1630;4.0311899166844691
1640;152.94656208990753;1640;0.024414807580797754;1640;9.9246192815942873;1640;504.81973121632592;1640;3.9301736503189182;1640;4.0308847315897092
1650;152.97097689748833;1650;0.036622211371196631;1650;9.9490340891750844;1650;504.78018824167657;1650;3.9301736503189182;1650;4.0278328806421095
1660;153.08084353160191;1660;0.024414807580797754;1660;9.9856563005462817;1660;504.78018824167657;1660;3.9301736503189182;1660;4.0311899166844691
1670;152.81228064821315;1670;0;1670;9.9734488967558814;1670;504.78018824167657;1670;3.9301736503189182;1670;4.0305795464949492
1680;152.88552507095554;1680;0;1680;9.9612414929654829;1680;504.81973121632592;1680;3.9301736503189182;1680;4.0314951017792291
1690;153.11746574297311;1690;0;1690;10.010071108127079;1690;504.81973121632592;1690;3.9301736503189182;1690;4.02569658497879
1700;153.15408795434431;1700;0;1700;10.144352549821466;1700;504.81973121632592;1700;3.9301736503189182;1700;4.0314951017792291
1710;153.00759910885952;1710;0.024414807580797754;1710;10.168767357402263;1710;504.78018824167657;1710;3.9301736503189182;1710;4.0290536210211494
1720;153.01980651264992;1720;0.012207403790398877;1720;10.09552293465987;1720;504.78018824167657;1720;3.9301736503189182;1720;4.0296639912106693
1730;153.08084353160191;1730;0;1730;10.083315530869472;1730;504.81973121632592;1730;3.9301736503189182;1730;4.0290536210211494
1740;153.06863612781152;1740;0;1740;10.168767357402263;1740;504.81973121632592;1740;3.9301736503189182;1740;4.032410657063509
1750;153.01980651264992;1750;0;1750;10.278633991515855;1750;504.78018824167657;1750;3.9301736503189182;1750;4.032410657063509
1760;152.94656208990753;1760;0;1760;10.242011780144658;1760;504.74064526702711;1760;3.9301736503189182;1760;4.02752769554735
1770;153.01980651264992;1770;0;1770;10.290841395306254;1770;504.78018824167657;1770;3.9301736503189182;1770;4.0311899166844691
1780;152.92214728232673;1780;0.012207403790398877;1780;10.278633991515855;1780;504.74064526702711;1780;3.9301736503189182;1780;4.0296639912106693
1790;152.95876949369793;1790;0;1790;10.193182164983064;1790;504.7011022923777;1790;3.9301736503189182;1790;4.0314951017792291
1800;152.97097689748833;1800;0;1800;10.351878414258247;1800;504.78018824167657;1800;3.9301736503189182;1800;4.02722251045259
1810;153.00759910885952;1810;0;1810;10.400708029419842;1810;504.78018824167657;1810;3.9301736503189182;1810;4.0330210272530289
1820;152.92214728232673;1820;0;1820;10.351878414258247;1820;504.78018824167657;1820;3.9301736503189182;1820;4.0308847315897092
1830;152.90993987853633;1830;0;1830;10.290841395306254;1830;504.78018824167657;1830;3.9301736503189182;1830;4.0299691763054293
1840;152.88552507095554;1840;0;1840;10.327463606677449;1840;504.89881716562479;1840;3.9301736503189182;1840;4.0305795464949492
1850;152.94656208990753;1850;0;1850;10.400708029419842;1850;504.81973121632592;1850;3.9301736503189182;1850;4.0311899166844691
1860;153.00759910885952;1860;0;1860;10.412915433210241;1860;504.74064526702711;1860;3.9301736503189182;1860;4.0314951017792291
1870;152.98318430127873;1870;0;1870;10.388500625629444;1870;504.78018824167657;1870;3.9301736503189182;1870;4.02691732535783
1880;152.95876949369793;1880;0;1880;10.608233893856625;1880;504.89881716562479;1880;3.9301736503189182;1880;4.032410657063509
1890;152.95876949369793;1890;0;1890;10.596026490066226;1890;504.89881716562479;1890;3.9301736503189182;1890;4.0299691763054293
1900;152.99539170506912;1900;0;1900;10.510574663533431;1900;504.81973121632592;1900;3.9301736503189182;1900;4.0308847315897092
1910;152.82448805200355;1910;0;1910;10.583819086275827;1910;504.81973121632592;1910;3.9301736503189182;1910;4.02752769554735
1920;152.82448805200355;1920;0;1920;10.559404278695029;1920;504.78018824167657;1920;3.9301736503189182;1920;4.0330210272530289
1930;152.80007324442275;1930;0;1930;10.620441297647023;1930;504.81973121632592;1930;3.9301736503189182;1930;4.0308847315897092
1940;152.88552507095554;1940;0;1940;10.64485610522782;1940;504.78018824167657;1940;3.9301736503189182;1940;4.02752769554735
1950;152.89773247474594;1950;0;1950;10.620441297647023;1950;504.78018824167657;1950;3.9301736503189182;1950;4.0302743614001892
1960;152.88552507095554;1960;0;1960;10.583819086275827;1960;504.74064526702711;1960;3.9301736503189182;1960;4.0314951017792291
1970;152.99539170506912;1970;0.012207403790398877;1970;10.681478316599017;1970;504.78018824167657;1970;3.9301736503189182;1970;4.032105471968749
1980;152.88552507095554;1980;0.012207403790398877;1980;10.815759758293405;1980;504.81973121632592;1980;3.9301736503189182;1980;4.02569658497879
1990;152.98318430127873;1990;0;1990;10.766930143131811;1990;504.78018824167657;1990;3.9301736503189182;1990;4.0333262123477889
2000;153.05642872402112;2000;0.024414807580797754;2000;10.693685720389416;2000;504.78018824167657;2000;3.9301736503189182;2000;4.0311899166844691
2010;153.05642872402112;2010;0.012207403790398877;2010;10.779137546922209;2010;504.78018824167657;2010;3.9301736503189182;2010;4.0299691763054293
2020;152.99539170506912;2020;0;2020;10.876796777245398;2020;504.78018824167657;2020;3.9301736503189182;2020;4.02752769554735
2030;153.04422132023072;2030;0;2030;10.864589373454999;2030;504.81973121632592;2030;3.9301736503189182;2030;4.032410657063509
2040;152.98318430127873;2040;0;2040;10.986663411358991;2040;504.81973121632592;2040;3.9301736503189182;2040;4.0314951017792291
2050;153.01980651264992;2050;0;2050;11.023285622730187;2050;504.74064526702711;2050;3.9301736503189182;2050;4.02600177007355
2060;153.11746574297311;2060;0;2060;10.99887081514939;2060;504.78018824167657;2060;3.9301736503189182;2060;4.0314951017792291
2070;152.97097689748833;2070;0;2070;10.974456007568593;2070;504.74064526702711;2070;3.9301736503189182;2070;4.032105471968749
2080;152.90993987853633;2080;0;2080;10.962248603778194;2080;504.78018824167657;2080;3.9301736503189182;2080;4.0311899166844691
2090;152.97097689748833;2090;0;2090;11.047700430310984;2090;504.78018824167657;2090;3.9301736503189182;2090;4.02539139988403
2100;153.08084353160191;2100;0;2100;11.072115237891781;2100;504.78018824167657;2100;3.9301736503189182;2100;4.0336313974425488
2110;153.04422132023072;2110;0.012207403790398877;2110;11.047700430310984;2110;504.78018824167657;2110;3.9301736503189182;2110;4.0311899166844691
2120;152.97097689748833;2120;0;2120;11.096530045472578;2120;504.74064526702711;2120;3.9301736503189182;2120;4.0290536210211494
2130;153.04422132023072;2130;0;2130;11.120944853053375;2130;504.78018824167657;2130;3.9301736503189182;2130;4.0290536210211494
2140;153.10525833918271;2140;0.012207403790398877;2140;11.108737449262977;2140;504.78018824167657;2140;3.9301736503189182;2140;4.0327158421582689
2150;152.99539170506912;2150;0.024414807580797754;2150;11.181981872005371;2150;504.78018824167657;2150;3.9301736503189182;2150;4.032105471968749
2160;152.98318430127873;2160;0.012207403790398877;2160;11.19418927579577;2160;504.78018824167657;2160;3.9301736503189182;2160;4.02600177007355
2170;153.14188055055391;2170;0.012207403790398877;2170;11.157567064424574;2170;504.81973121632592;2170;3.9301736503189182;2170;4.0327158421582689
2180;152.95876949369793;2180;0.012207403790398877;2180;11.279641102328561;2180;504.74064526702711;2180;3.9301736503189182;2180;4.0311899166844691
2190;152.94656208990753;2190;0.012207403790398877;2190;11.389507736442154;2190;504.7011022923777;2190;3.9301736503189182;2190;4.0305795464949492
2200;153.11746574297311;2200;0.012207403790398877;2200;11.255226294747764;2200;504.78018824167657;2200;3.9301736503189182;2200;4.02539139988403
2210;153.09305093539231;2210;0.012207403790398877;2210;11.255226294747764;2210;504.78018824167657;2210;3.9301736503189182;2210;4.0333262123477889
2220;152.88552507095554;2220;0;2220;11.340678121280556;2220;504.74064526702711;2220;3.9301736503189182;2220;4.0308847315897092
2230;152.99539170506912;2230;0;2230;11.365092928861356;2230;504.74064526702711;2230;3.9301736503189182;2230;4.0281380657368695
2240;153.14188055055391;2240;0;2240;11.438337351603748;2240;504.78018824167657;2240;3.9301736503189182;2240;4.0278328806421095
2250;153.05642872402112;2250;0;2250;11.413922544022951;2250;504.7011022923777;2250;3.9301736503189182;2250;4.0327158421582689
2260;152.92214728232673;2260;0;2260;11.401715140232552;2260;504.7011022923777;2260;3.9301736503189182;2260;4.0314951017792291
2270;152.95876949369793;2270;0;2270;11.401715140232552;2270;504.78018824167657;2270;3.9301736503189182;2270;4.02569658497879
2280;153.09305093539231;2280;0;2280;11.462752159184546;2280;504.81973121632592;2280;3.9301736503189182;2280;4.0333262123477889
2290;152.89773247474594;2290;0;2290;11.560411389507737;2290;504.81973121632592;2290;3.9301736503189182;2290;4.032410657063509
2300;152.97097689748833;2300;0.012207403790398877;2300;11.499374370555744;2300;504.78018824167657;2300;3.9301736503189182;2300;4.0296639912106693
2310;152.88552507095554;2310;0.024414807580797754;2310;11.658070619830927;2310;504.78018824167657;2310;3.9301736503189182;2310;4.02356028931547
2320;152.94656208990753;2320;0;2320;11.816766869106113;2320;504.74064526702711;2320;3.9301736503189182;2320;4.0333262123477889
2330;152.90993987853633;2330;0;2330;11.694692831202126;2330;504.74064526702711;2330;3.9301736503189182;2330;4.032105471968749
2340;152.89773247474594;2340;0;2340;11.658070619830927;2340;504.78018824167657;2340;3.9301736503189182;2340;4.02752769554735
2350;153.01980651264992;2350;0;2350;11.645863216040528;2350;504.81973121632592;2350;3.9301736503189182;2350;4.0302743614001892
2360;152.98318430127873;2360;0.012207403790398877;2360;11.597033600878934;2360;504.81973121632592;2360;3.9301736503189182;2360;4.0339365825373088
2370;152.95876949369793;2370;0.036622211371196631;2370;11.633655812250129;2370;504.74064526702711;2370;3.9301736503189182;2370;4.0311899166844691
2380;152.88552507095554;2380;0;2380;11.584826197088534;2380;504.74064526702711;2380;3.9301736503189182;2380;4.02386547441023
2390;152.90993987853633;2390;0;2390;11.694692831202126;2390;504.78018824167657;2390;3.9301736503189182;2390;4.0333262123477889
2400;152.90993987853633;2400;0;2400;11.719107638782923;2400;504.74064526702711;2400;3.9301736503189182;2400;4.032105471968749
2410;152.99539170506912;2410;0;2410;11.670278023621325;2410;504.74064526702711;2410;3.9301736503189182;2410;4.0299691763054293
2420;152.98318430127873;2420;0;2420;11.841181676686912;2420;504.78018824167657;2420;3.9301736503189182;2420;4.02569658497879
2430;152.95876949369793;2430;0;2430;11.902218695638904;2430;504.74064526702711;2430;3.9301736503189182;2430;4.0345469527268287
2440;152.86111026337474;2440;0;2440;11.999877925962096;2440;504.78018824167657;2440;3.9301736503189182;2440;4.032105471968749
2450;152.98318430127873;2450;0.012207403790398877;2450;12.012085329752495;2450;504.74064526702711;2450;3.9301736503189182;2450;4.02569658497879
2460;153.05642872402112;2460;0;2460;11.9510483108005;2460;504.74064526702711;2460;3.9301736503189182;2460;4.0311899166844691
2470;152.94656208990753;2470;0;2470;11.890011291848506;2470;504.78018824167657;2470;3.9301736503189182;2470;4.0345469527268287
2480;152.97097689748833;2480;0.012207403790398877;2480;11.877803888058107;2480;504.78018824167657;2480;3.9301736503189182;2480;4.0308847315897092
2490;152.89773247474594;2490;0;2490;12.012085329752495;2490;504.74064526702711;2490;3.9301736503189182;2490;4.02294991912595
2500;152.97097689748833;2500;0;2500;12.073122348704487;2500;504.78018824167657;2500;3.9301736503189182;2500;4.0339365825373088
2510;152.87331766716514;2510;0;2510;12.012085329752495;2510;504.78018824167657;2510;3.9301736503189182;2510;4.032105471968749
2520;152.97097689748833;2520;0;2520;12.109744560075686;2520;504.78018824167657;2520;3.9301736503189182;2520;4.0287484359263894
2530;152.98318430127873;2530;0;2530;12.182988982818079;2530;504.78018824167657;2530;3.9301736503189182;2530;4.0278328806421095
2540;152.94656208990753;2540;0;2540;12.097537156285288;2540;504.74064526702711;2540;3.9301736503189182;2540;4.0351573229163487
2550;152.97097689748833;2550;0;2550;12.097537156285288;2550;504.74064526702711;2550;3.9301736503189182;2550;4.0311899166844691
2560;152.86111026337474;2560;0;2560;12.170781579027681;2560;504.74064526702711;2560;3.9301736503189182;2560;4.02386547441023
2570;152.94656208990753;2570;0;2570;12.280648213141273;2570;504.78018824167657;2570;3.9301736503189182;2570;4.0333262123477889
2580;152.92214728232673;2580;0;2580;12.292855616931671;2580;504.74064526702711;2580;3.9301736503189182;2580;4.0339365825373088
2590;153.04422132023072;2590;0;2590;12.256233405560472;2590;504.74064526702711;2590;3.9301736503189182;2590;4.0296639912106693
2600;153.05642872402112;2600;0;2600;12.268440809350871;2600;504.7011022923777;2600;3.9301736503189182;2600;4.02233954893643
2610;153.01980651264992;2610;0;2610;12.292855616931671;2610;504.7011022923777;2610;3.9301736503189182;2610;4.0348521378215887
2620;152.90993987853633;2620;0;2620;12.317270424512468;2620;504.74064526702711;2620;3.9301736503189182;2620;4.0314951017792291
2630;152.87331766716514;2630;0;2630;12.39051484725486;2630;504.7011022923777;2630;3.9301736503189182;2630;4.02569658497879
2640;152.95876949369793;2640;0;2640;12.488174077578051;2640;504.78018824167657;2640;3.9301736503189182;2640;4.0281380657368695
2650;152.92214728232673;2650;0;2650;12.463759269997251;2650;504.81973121632592;2650;3.9301736503189182;2650;4.0348521378215887
2660;152.94656208990753;2660;0;2660;12.463759269997251;2660;504.78018824167657;2660;3.9301736503189182;2660;4.0290536210211494
2670;152.89773247474594;2670;0;2670;12.512588885158848;2670;504.78018824167657;2670;3.9301736503189182;2670;4.02111880855739
2680;152.83669545579394;2680;0;2680;12.50038148136845;2680;504.78018824167657;2680;3.9301736503189182;2680;4.0336313974425488
2690;152.69020661030913;2690;0.024414807580797754;2690;12.573625904110845;2690;504.81973121632592;2690;3.9301736503189182;2690;4.0330210272530289
2700;152.87331766716514;2700;0.024414807580797754;2700;12.646870326853238;2700;504.78018824167657;2700;3.9301736503189182;2700;4.02752769554735
2710;152.98318430127873;2710;0;2710;12.598040711691642;2710;504.74064526702711;2710;3.9301736503189182;2710;4.02264473403119
2720;152.97097689748833;2720;0.012207403790398877;2720;12.671285134434035;2720;504.78018824167657;2720;3.9301736503189182;2720;4.0351573229163487
2730;152.77565843684195;2730;0;2730;12.793359172338024;2730;504.74064526702711;2730;3.9301736503189182;2730;4.0308847315897092
2740;152.80007324442275;2740;0;2740;12.854396191290018;2740;504.74064526702711;2740;3.9301736503189182;2740;4.02356028931547
2750;152.98318430127873;2750;0.012207403790398877;2750;12.927640614032409;2750;504.89881716562479;2750;3.9301736503189182;2750;4.0287484359263894
2760;152.98318430127873;2760;0;2760;12.866603595080417;2760;504.78018824167657;2760;3.9301736503189182;2760;4.0354625080111086
2770;152.92214728232673;2770;0;2770;12.854396191290018;2770;504.7011022923777;2770;3.9301736503189182;2770;4.0308847315897092
2780;152.89773247474594;2780;0;2780;12.878810998870815;2780;504.74064526702711;2780;3.9301736503189182;2780;4.02081362346263
2790;152.92214728232673;2790;0;2790;12.878810998870815;2790;504.78018824167657;2790;3.9301736503189182;2790;4.0333262123477889
2800;152.72682882168033;2800;0;2800;12.927640614032409;2800;504.81973121632592;2800;3.9301736503189182;2800;4.032105471968749
2810;152.80007324442275;2810;0;2810;13.000885036774804;2810;504.74064526702711;2810;3.9301736503189182;2810;4.02722251045259
2820;152.98318430127873;2820;0.036622211371196631;2820;13.061922055726798;2820;504.7011022923777;2820;3.9301736503189182;2820;4.02386547441023
2830;153.01980651264992;2830;0.012207403790398877;2830;13.086336863307595;2830;504.74064526702711;2830;3.9301736503189182;2830;4.0351573229163487
2840;152.94656208990753;2840;0;2840;13.098544267097994;2840;504.7011022923777;2840;3.9301736503189182;2840;4.0305795464949492
2850;152.97097689748833;2850;0;2850;13.135166478469193;2850;504.74064526702711;2850;3.9301736503189182;2850;4.02233954893643
2860;152.98318430127873;2860;0;2860;13.171788689840389;2860;504.81973121632592;2860;3.9301736503189182;2860;4.0311899166844691
2870;152.86111026337474;2870;0;2870;13.086336863307595;2870;504.74064526702711;2870;3.9301736503189182;2870;4.0348521378215887
2880;152.87331766716514;2880;0;2880;13.15958128604999;2880;504.7011022923777;2880;3.9301736503189182;2880;4.0296639912106693
2890;152.90993987853633;2890;0;2890;13.269447920163579;2890;504.7011022923777;2890;3.9301736503189182;2890;4.02081362346263
2900;152.99539170506912;2900;0;2900;13.183996093630787;2900;504.66155931772829;2900;3.9301736503189182;2900;4.0345469527268287
2910;152.77565843684195;2910;0;2910;13.232825708792383;2910;504.66155931772829;2910;3.9301736503189182;2910;4.0311899166844691
2920;152.86111026337474;2920;0;2920;13.342692342905973;2920;504.7011022923777;2920;3.9301736503189182;2920;4.02539139988403
2930;152.99539170506912;2930;0;2930;13.293862727744376;2930;504.7011022923777;2930;3.9301736503189182;2930;4.02600177007355
2940;152.94656208990753;2940;0;2940;13.306070131534774;2940;504.74064526702711;2940;3.9301736503189182;2940;4.0354625080111086
2950;152.83669545579394;2950;0;2950;13.403729361857966;2950;504.74064526702711;2950;3.9301736503189182;2950;4.0314951017792291
2960;152.89773247474594;2960;0.012207403790398877;2960;13.403729361857966;2960;504.74064526702711;2960;3.9301736503189182;2960;4.02233954893643
2970;152.97097689748833;2970;0;2970;13.391521958067568;2970;504.7011022923777;2970;3.9301736503189182;2970;4.032410657063509
2980;152.77565843684195;2980;0.012207403790398877;2980;13.403729361857966;2980;504.62201634307894;2980;3.9301736503189182;2980;4.0336313974425488
2990;152.87331766716514;2990;0;2990;13.525803399761957;2990;504.66155931772829;2990;3.9301736503189182;2990;4.0296639912106693
3000;152.95876949369793;3000;0;3000;13.623462630085148;3000;504.74064526702711;3000;3.9301736503189182;3000;4.02233954893643
3010;153.04422132023072;3010;0;3010;13.574633014923551;3010;504.78018824167657;3010;3.9301736503189182;3010;4.0345469527268287
3020;152.82448805200355;3020;0;3020;13.599047822504348;3020;504.74064526702711;3020;3.9301736503189182;3020;4.0308847315897092
3030;152.87331766716514;3030;0;3030;13.69670705282754;3030;504.66155931772829;3030;3.9301736503189182;3030;4.02508621478927
3040;152.95876949369793;3040;0;3040;13.69670705282754;3040;504.74064526702711;3040;3.9301736503189182;3040;4.0281380657368695
3050;152.80007324442275;3050;0;3050;13.599047822504348;3050;504.74064526702711;3050;3.9301736503189182;3050;4.0348521378215887
3060;152.87331766716514;3060;0;3060;13.672292245246743;3060;504.7011022923777;3060;3.9301736503189182;3060;4.0311899166844691
3070;152.99539170506912;3070;0;3070;13.733329264198737;3070;504.7011022923777;3070;3.9301736503189182;3070;4.02203436384167
3080;153.10525833918271;3080;0;3080;13.733329264198737;3080;504.74064526702711;3080;3.9301736503189182;3080;4.0336313974425488
3090;152.87331766716514;3090;0;3090;13.757744071779534;3090;504.74064526702711;3090;3.9301736503189182;3090;4.0336313974425488
3100;152.98318430127873;3100;0;3100;13.757744071779534;3100;504.7011022923777;3100;3.9301736503189182;3100;4.0290536210211494
3110;153.00759910885952;3110;0;3110;13.830988494521929;3110;504.74064526702711;3110;3.9301736503189182;3110;4.02386547441023
3120;152.99539170506912;3120;0;3120;13.843195898312327;3120;504.7011022923777;3120;3.9301736503189182;3120;4.0357676931058686
3130;152.99539170506912;3130;0.012207403790398877;3130;13.940855128635517;3130;504.7011022923777;3130;3.9301736503189182;3130;4.032105471968749
3140;152.92214728232673;3140;0.012207403790398877;3140;13.940855128635517;3140;504.74064526702711;3140;3.9301736503189182;3140;4.02478102969451
3150;153.00759910885952;3150;0;3150;13.965269936216314;3150;504.74064526702711;3150;3.9301736503189182;3150;4.0305795464949492
3160;152.94656208990753;3160;0;3160;13.953062532425916;3160;504.74064526702711;3160;3.9301736503189182;3160;4.0354625080111086
3170;152.82448805200355;3170;0;3170;13.977477340006713;3170;504.74064526702711;3170;3.9301736503189182;3170;4.032105471968749
3180;152.81228064821315;3180;0;3180;14.038514358958709;3180;504.7011022923777;3180;3.9301736503189182;3180;4.02233954893643
3190;152.99539170506912;3190;0;3190;14.00189214758751;3190;504.74064526702711;3190;3.9301736503189182;3190;4.0345469527268287
3200;152.88552507095554;3200;0;3200;14.00189214758751;3200;504.81973121632592;3200;3.9301736503189182;3200;4.0333262123477889
3210;152.94656208990753;3210;0.012207403790398877;3210;14.038514358958709;3210;504.74064526702711;3210;3.9301736503189182;3210;4.0284432508316295
3220;152.95876949369793;3220;0;3220;14.136173589281901;3220;504.66155931772829;3220;3.9301736503189182;3220;4.02569658497879
3230;152.95876949369793;3230;0;3230;14.185003204443495;3230;504.7011022923777;3230;3.9301736503189182;3230;4.0357676931058686
3240;152.90993987853633;3240;0;3240;14.185003204443495;3240;504.74064526702711;3240;3.9301736503189182;3240;4.032105471968749
3250;152.97097689748833;3250;0.024414807580797754;3250;14.123966185491502;3250;504.74064526702711;3250;3.9301736503189182;3250;4.02386547441023
3260;153.06863612781152;3260;0.024414807580797754;3260;14.221625415814692;3260;504.74064526702711;3260;3.9301736503189182;3260;4.032105471968749
3270;152.88552507095554;3270;0;3270;14.246040223395489;3270;504.7011022923777;3270;3.9301736503189182;3270;4.0351573229163487
3280;152.97097689748833;3280;0;3280;14.270455030976287;3280;504.74064526702711;3280;3.9301736503189182;3280;4.0314951017792291
3290;153.09305093539231;3290;0;3290;14.282662434766685;3290;504.7011022923777;3290;3.9301736503189182;3290;4.02325510422071
3300;153.10525833918271;3300;0;3300;14.246040223395489;3300;504.7011022923777;3300;3.9301736503189182;3300;4.0351573229163487
3310;152.89773247474594;3310;0.012207403790398877;3310;14.35590685750908;3310;504.7011022923777;3310;3.9301736503189182;3310;4.0330210272530289
3320;152.90993987853633;3320;0;3320;14.465773491622668;3320;504.7011022923777;3320;3.9301736503189182;3320;4.0281380657368695
3330;152.92214728232673;3330;0;3330;14.465773491622668;3330;504.7011022923777;3330;3.9301736503189182;3330;4.0281380657368695
3340;152.88552507095554;3340;0;3340;14.343699453718681;3340;504.66155931772829;3340;3.9301736503189182;3340;4.0360728782006285
3350;152.86111026337474;3350;0.012207403790398877;3350;14.404736472670676;3350;504.66155931772829;3350;3.9301736503189182;3350;4.0333262123477889
3360;152.89773247474594;3360;0.012207403790398877;3360;14.490188299203465;3360;504.7011022923777;3360;3.9301736503189182;3360;4.02325510422071
3370;153.04422132023072;3370;0;3370;14.587847529526657;3370;504.7011022923777;3370;3.9301736503189182;3370;4.0330210272530289
3380;152.92214728232673;3380;0;3380;14.624469740897855;3380;504.7011022923777;3380;3.9301736503189182;3380;4.0351573229163487
3390;152.94656208990753;3390;0;3390;14.551225318155462;3390;504.7011022923777;3390;3.9301736503189182;3390;4.0311899166844691
3400;152.87331766716514;3400;0.012207403790398877;3400;14.673299356059449;3400;504.7011022923777;3400;3.9301736503189182;3400;4.02447584459975
3410;152.98318430127873;3410;0;3410;14.697714163640249;3410;504.66155931772829;3410;3.9301736503189182;3410;4.0357676931058686
3420;152.98318430127873;3420;0;3420;14.722128971221046;3420;504.66155931772829;3420;3.9301736503189182;3420;4.0333262123477889
3430;152.89773247474594;3430;0;3430;14.673299356059449;3430;504.7011022923777;3430;3.9301736503189182;3430;4.02722251045259
3440;152.98318430127873;3440;0;3440;14.624469740897855;3440;504.7011022923777;3440;3.9301736503189182;3440;4.0290536210211494
3450;152.97097689748833;3450;0;3450;14.66109195226905;3450;504.7011022923777;3450;3.9301736503189182;3450;4.0348521378215887
3460;152.98318430127873;3460;0;3460;14.685506759849847;3460;504.66155931772829;3460;3.9301736503189182;3460;4.0327158421582689
3470;152.92214728232673;3470;0;3470;14.673299356059449;3470;504.62201634307894;3470;3.9301736503189182;3470;4.02478102969451
3480;152.89773247474594;3480;0.036622211371196631;3480;14.722128971221046;3480;504.66155931772829;3480;3.9301736503189182;3480;4.0354625080111086
3490;152.83669545579394;3490;0.012207403790398877;3490;14.758751182592242;3490;504.74064526702711;3490;3.9301736503189182;3490;4.0345469527268287
3500;152.92214728232673;3500;0;3500;14.844203009125035;3500;504.74064526702711;3500;3.9301736503189182;3500;4.0305795464949492
3510;152.97097689748833;3510;0;3510;14.856410412915434;3510;504.74064526702711;3510;3.9301736503189182;3510;4.02600177007355
3520;152.99539170506912;3520;0;3520;14.831995605334637;3520;504.7011022923777;3520;3.9301736503189182;3520;4.0351573229163487
3530;152.88552507095554;3530;0;3530;14.929654835657827;3530;504.74064526702711;3530;3.9301736503189182;3530;4.032410657063509
3540;152.90993987853633;3540;0;3540;14.917447431867428;3540;504.74064526702711;3540;3.9301736503189182;3540;4.02600177007355
3550;153.04422132023072;3550;0;3550;14.917447431867428;3550;504.7011022923777;3550;3.9301736503189182;3550;4.0311899166844691
3560;152.98318430127873;3560;0;3560;14.978484450819421;3560;504.62201634307894;3560;3.9301736503189182;3560;4.0354625080111086
3570;153.01980651264992;3570;0;3570;14.990691854609823;3570;504.66155931772829;3570;3.9301736503189182;3570;4.0330210272530289
3580;152.98318430127873;3580;0;3580;14.954069643238624;3580;504.66155931772829;3580;3.9301736503189182;3580;4.02325510422071
3590;152.95876949369793;3590;0;3590;14.954069643238624;3590;504.62201634307894;3590;3.9301736503189182;3590;4.0348521378215887
3600;152.81228064821315;3600;0;3600;15.063936277352214;3600;504.66155931772829;3600;3.9301736503189182;3600;4.0339365825373088
3610;152.82448805200355;3610;0;3610;15.100558488723411;3610;504.7011022923777;3610;3.9301736503189182;3610;4.0299691763054293
3620;152.95876949369793;3620;0;3620;15.076143681142613;3620;504.74064526702711;3620;3.9301736503189182;3620;4.02752769554735
3630;153.04422132023072;3630;0;3630;15.088351084933013;3630;504.7011022923777;3630;3.9301736503189182;3630;4.0351573229163487
3640;152.98318430127873;3640;0;3640;15.137180700094607;3640;504.74064526702711;3640;3.9301736503189182;3640;4.032410657063509
3650;153.01980651264992;3650;0.024414807580797754;3650;15.198217719046603;3650;504.78018824167657;3650;3.9301736503189182;3650;4.02539139988403
3660;153.09305093539231;3660;0.012207403790398877;3660;15.283669545579395;3660;504.74064526702711;3660;3.9301736503189182;3660;4.0336313974425488
3670;153.04422132023072;3670;0;3670;15.295876949369793;3670;504.66155931772829;3670;3.9301736503189182;3670;4.0345469527268287
3680;152.97097689748833;3680;0.036622211371196631;3680;15.32029175695059;3680;504.7011022923777;3680;3.9301736503189182;3680;4.0314951017792291
3690;152.88552507095554;3690;0.036622211371196631;3690;15.283669545579395;3690;504.74064526702711;3690;3.9301736503189182;3690;4.02478102969451
3700;152.95876949369793;3700;0.024414807580797754;3700;15.259254737998596;3700;504.7011022923777;3700;3.9301736503189182;3700;4.0351573229163487
3710;152.89773247474594;3710;0;3710;15.369121372112184;3710;504.66155931772829;3710;3.9301736503189182;3710;4.0327158421582689
3720;152.95876949369793;3720;0.012207403790398877;3720;15.442365794854579;3720;504.66155931772829;3720;3.9301736503189182;3720;4.0287484359263894
3730;153.01980651264992;3730;0.024414807580797754;3730;15.430158391064181;3730;504.7011022923777;3730;3.9301736503189182;3730;4.0290536210211494
3740;153.04422132023072;3740;0;3740;15.478988006225777;3740;504.74064526702711;3740;3.9301736503189182;3740;4.0351573229163487
3750;152.97097689748833;3750;0.012207403790398877;3750;15.515610217596972;3750;504.7011022923777;3750;3.9301736503189182;3750;4.0333262123477889
3760;152.97097689748833;3760;0.024414807580797754;3760;15.515610217596972;3760;504.66155931772829;3760;3.9301736503189182;3760;4.02569658497879
3770;153.01980651264992;3770;0.024414807580797754;3770;15.613269447920164;3770;504.78018824167657;3770;3.9301736503189182;3770;4.0351573229163487
3780;152.83669545579394;3780;0;3780;15.637684255500961;3780;504.7011022923777;3780;3.9301736503189182;3780;4.0339365825373088
3790;152.88552507095554;3790;0;3790;15.625476851710562;3790;504.66155931772829;3790;3.9301736503189182;3790;4.0311899166844691
3800;152.95876949369793;3800;0;3800;15.576647236548968;3800;504.74064526702711;3800;3.9301736503189182;3800;4.02569658497879
3810;152.97097689748833;3810;0;3810;15.527817621387371;3810;504.7011022923777;3810;3.9301736503189182;3810;4.0351573229163487
3820;152.78786584063235;3820;0;3820;15.64989165929136;3820;504.66155931772829;3820;3.9301736503189182;3820;4.032410657063509
3830;152.80007324442275;3830;0;3830;15.723136082033754;3830;504.7011022923777;3830;3.9301736503189182;3830;4.02691732535783
3840;152.98318430127873;3840;0;3840;15.637684255500961;3840;504.7011022923777;3840;3.9301736503189182;3840;4.0302743614001892
3850;152.92214728232673;3850;0;3850;15.625476851710562;3850;504.7011022923777;3850;3.9301736503189182;3850;4.0345469527268287
3860;152.88552507095554;3860;0;3860;15.735343485824153;3860;504.74064526702711;3860;3.9301736503189182;3860;4.032410657063509
3870;152.83669545579394;3870;0;3870;15.77196569719535;3870;504.7011022923777;3870;3.9301736503189182;3870;4.02386547441023
3880;152.94656208990753;3880;0;3880;15.77196569719535;3880;504.7011022923777;3880;3.9301736503189182;3880;4.0348521378215887
3890;153.00759910885952;3890;0;3890;15.77196569719535;3890;504.66155931772829;3890;3.9301736503189182;3890;4.0333262123477889
3900;153.01980651264992;3900;0;3900;15.75975829340495;3900;504.7011022923777;3900;3.9301736503189182;3900;4.0296639912106693
3910;152.94656208990753;3910;0;3910;15.784173100985749;3910;504.74064526702711;3910;3.9301736503189182;3910;4.02569658497879
3920;152.92214728232673;3920;0;3920;15.85741752372814;3920;504.7011022923777;3920;3.9301736503189182;3920;4.0351573229163487
3930;152.87331766716514;3930;0;3930;15.97949156163213;3930;504.74064526702711;3930;3.9301736503189182;3930;4.0327158421582689
3940;152.89773247474594;3940;0;3940;15.942869350260933;3940;504.66155931772829;3940;3.9301736503189182;3940;4.02600177007355
3950;152.92214728232673;3950;0;3950;15.930661946470535;3950;504.66155931772829;3950;3.9301736503189182;3950;4.032410657063509
3960;152.92214728232673;3960;0;3960;15.955076754051332;3960;504.66155931772829;3960;3.9301736503189182;3960;4.0351573229163487
3970;152.99539170506912;3970;0;3970;15.955076754051332;3970;504.7011022923777;3970;3.9301736503189182;3970;4.0327158421582689
3980;152.86111026337474;3980;0;3980;16.052735984374522;3980;504.74064526702711;3980;3.9301736503189182;3980;4.02447584459975
3990;152.92214728232673;3990;0;3990;16.138187810907315;3990;504.7011022923777;3990;3.9301736503189182;3990;4.0339365825373088
4000;152.94656208990753;4000;0.036622211371196631;4000;16.113773003326518;4000;504.7011022923777;4000;3.9301736503189182;4000;4.0333262123477889
4010;153.05642872402112;4010;0.048829615161595508;4010;16.089358195745721;4010;504.66155931772829;4010;3.9301736503189182;4010;4.0308847315897092
4020;153.04422132023072;4020;0.012207403790398877;4020;16.162602618488116;4020;504.66155931772829;4020;3.9301736503189182;4020;4.02630695516831
4030;152.92214728232673;4030;0;4030;16.21143223364971;4030;504.66155931772829;4030;3.9301736503189182;4030;4.0351573229163487
4040;152.92214728232673;4040;0;4040;16.309091463972898;4040;504.7011022923777;4040;3.9301736503189182;4040;4.0330210272530289
4050;152.88552507095554;4050;0;4050;16.357921079134496;4050;504.66155931772829;4050;3.9301736503189182;4050;4.02691732535783
4060;152.95876949369793;4060;0;4060;16.333506271553695;4060;504.62201634307894;4060;3.9301736503189182;4060;4.0308847315897092
4070;153.00759910885952;4070;0;4070;16.2846766563921;4070;504.58247336842948;4070;3.9301736503189182;4070;4.0345469527268287
4080;153.05642872402112;4080;0;4080;16.272469252601702;4080;504.62201634307894;4080;3.9301736503189182;4080;4.0333262123477889
4090;153.00759910885952;4090;0;4090;16.272469252601702;4090;504.66155931772829;4090;3.9301736503189182;4090;4.02478102969451
4100;153.00759910885952;4100;0;4100;16.321298867763296;4100;504.66155931772829;4100;3.9301736503189182;4100;4.0339365825373088
4110;152.92214728232673;4110;0;4110;16.382335886715293;4110;504.74064526702711;4110;3.9301736503189182;4110;4.0327158421582689
4120;153.09305093539231;4120;0;4120;16.467787713248086;4120;504.7011022923777;4120;3.9301736503189182;4120;4.0305795464949492
4130;153.11746574297311;4130;0;4130;16.51661732840968;4130;504.7011022923777;4130;3.9301736503189182;4130;4.0281380657368695
4140;153.01980651264992;4140;0;4140;16.479995117038484;4140;504.74064526702711;4140;3.9301736503189182;4140;4.0351573229163487
4150;152.95876949369793;4150;0;4150;16.553239539780879;4150;504.74064526702711;4150;3.9301736503189182;4150;4.0330210272530289
4160;152.88552507095554;4160;0;4160;16.565446943571278;4160;504.62201634307894;4160;3.9301736503189182;4160;4.02600177007355
4170;153.01980651264992;4170;0;4170;16.589861751152075;4170;504.66155931772829;4170;3.9301736503189182;4170;4.0339365825373088
4180;153.05642872402112;4180;0;4180;16.663106173894469;4180;504.66155931772829;4180;3.9301736503189182;4180;4.0345469527268287
4190;152.94656208990753;4190;0.012207403790398877;4190;16.650898770104071;4190;504.66155931772829;4190;3.9301736503189182;4190;4.032105471968749
4200;152.82448805200355;4200;0.012207403790398877;4200;16.663106173894469;4200;504.7011022923777;4200;3.9301736503189182;4200;4.02508621478927
4210;153.04422132023072;4210;0;4210;16.675313577684868;4210;504.62201634307894;4210;3.9301736503189182;4210;4.0345469527268287
4220;152.94656208990753;4220;0;4220;16.724143192846462;4220;504.62201634307894;4220;3.9301736503189182;4220;4.0308847315897092
4230;152.81228064821315;4230;0;4230;16.724143192846462;4230;504.66155931772829;4230;3.9301736503189182;4230;4.02752769554735
4240;152.83669545579394;4240;0;4240;16.675313577684868;4240;504.7011022923777;4240;3.9301736503189182;4240;4.0287484359263894
4250;152.87331766716514;4250;0;4250;16.711935789056064;4250;504.7011022923777;4250;3.9301736503189182;4250;4.0351573229163487
4260;152.89773247474594;4260;0;4260;16.785180211798455;4260;504.66155931772829;4260;3.9301736503189182;4260;4.032410657063509
4270;152.89773247474594;4270;0;4270;16.858424634540849;4270;504.7011022923777;4270;3.9301736503189182;4270;4.02386547441023
4280;153.04422132023072;4280;0;4280;16.882839442121647;4280;504.7011022923777;4280;3.9301736503189182;4280;4.0336313974425488
4290;152.98318430127873;4290;0;4290;16.870632038331248;4290;504.7011022923777;4290;3.9301736503189182;4290;4.0327158421582689
4300;153.01980651264992;4300;0;4300;16.870632038331248;4300;504.7011022923777;4300;3.9301736503189182;4300;4.0299691763054293
4310;153.01980651264992;4310;0;4310;16.919461653492842;4310;504.7011022923777;4310;3.9301736503189182;4310;4.02478102969451
4320;153.04422132023072;4320;0;4320;16.943876461073643;4320;504.66155931772829;4320;3.9301736503189182;4320;4.0351573229163487
4330;152.94656208990753;4330;0;4330;17.004913480025635;4330;504.7011022923777;4330;3.9301736503189182;4330;4.032410657063509
4340;152.99539170506912;4340;0;4340;17.004913480025635;4340;504.7011022923777;4340;3.9301736503189182;4340;4.02630695516831
4350;153.14188055055391;4350;0;4350;17.053743095187233;4350;504.7011022923777;4350;3.9301736503189182;4350;4.0299691763054293
4360;152.95876949369793;4360;0;4360;17.175817133091222;4360;504.62201634307894;4360;3.9301736503189182;4360;4.0351573229163487
4370;152.92214728232673;4370;0;4370;17.249061555833613;4370;504.62201634307894;4370;3.9301736503189182;4370;4.032410657063509
4380;153.01980651264992;4380;0;4380;17.139194921720026;4380;504.58247336842948;4380;3.9301736503189182;4380;4.02356028931547
4390;153.06863612781152;4390;0;4390;17.126987517929624;4390;504.62201634307894;4390;3.9301736503189182;4390;4.0351573229163487
4400;152.81228064821315;4400;0;4400;17.212439344462418;4400;504.7011022923777;4400;3.9301736503189182;4400;4.0339365825373088
4410;152.86111026337474;4410;0;4410;17.18802453688162;4410;504.66155931772829;4410;3.9301736503189182;4410;4.0299691763054293
4420;152.90993987853633;4420;0;4420;17.285683767204809;4420;504.66155931772829;4420;3.9301736503189182;4420;4.02569658497879
4430;152.81228064821315;4430;0;4430;17.371135593737602;4430;504.66155931772829;4430;3.9301736503189182;4430;4.0345469527268287
4440;152.78786584063235;4440;0;4440;17.407757805108798;4440;504.66155931772829;4440;3.9301736503189182;4440;4.0314951017792291
4450;152.77565843684195;4450;0;4450;17.334513382366406;4450;504.62201634307894;4450;3.9301736503189182;4450;4.02539139988403
4460;152.88552507095554;4460;0;4460;17.334513382366406;4460;504.7011022923777;4460;3.9301736503189182;4460;4.0314951017792291
4470;152.88552507095554;4470;0;4470;17.358928189947203;4470;504.7011022923777;4470;3.9301736503189182;4470;4.0345469527268287
4480;152.94656208990753;4480;0;4480;17.371135593737602;4480;504.7011022923777;4480;3.9301736503189182;4480;4.0311899166844691
4490;152.88552507095554;4490;0;4490;17.444380016479997;4490;504.66155931772829;4490;3.9301736503189182;4490;4.02264473403119
4500;152.92214728232673;4500;0;4500;17.432172612689598;4500;504.62201634307894;4500;3.9301736503189182;4500;4.0345469527268287
4510;152.76345103305155;4510;0;4510;17.419965208899196;4510;504.62201634307894;4510;3.9301736503189182;4510;4.032105471968749
4520;152.81228064821315;4520;0;4520;17.383342997528;4520;504.62201634307894;4520;3.9301736503189182;4520;4.0278328806421095
4530;152.88552507095554;4530;0;4530;17.505417035431989;4530;504.66155931772829;4530;3.9301736503189182;4530;4.02722251045259
4540;152.78786584063235;4540;0;4540;17.505417035431989;4540;504.62201634307894;4540;3.9301736503189182;4540;4.0351573229163487
4550;152.78786584063235;4550;0;4550;17.61528366954558;4550;504.62201634307894;4550;3.9301736503189182;4550;4.032410657063509
4560;152.90993987853633;4560;0;4560;17.61528366954558;4560;504.66155931772829;4560;3.9301736503189182;4560;4.02447584459975
4570;153.06863612781152;4570;0;4570;17.578661458174384;4570;504.7011022923777;4570;3.9301736503189182;4570;4.0330210272530289
4580;153.08084353160191;4580;0;4580;17.72515030365917;4580;504.66155931772829;4580;3.9301736503189182;4580;4.0339365825373088
4590;153.05642872402112;4590;0;4590;17.773979918820764;4590;504.66155931772829;4590;3.9301736503189182;4590;4.0302743614001892
4600;152.97097689748833;4600;0.012207403790398877;4600;17.773979918820764;4600;504.66155931772829;4600;3.9301736503189182;4600;4.02325510422071
4610;152.99539170506912;4610;0;4610;17.737357707449569;4610;504.62201634307894;4610;3.9301736503189182;4610;4.0351573229163487
4620;152.86111026337474;4620;0;4620;17.700735496078369;4620;504.66155931772829;4620;3.9301736503189182;4620;4.032105471968749
4630;152.90993987853633;4630;0;4630;17.712942899868768;4630;504.62201634307894;4630;3.9301736503189182;4630;4.02630695516831
4640;152.99539170506912;4640;0;4640;17.798394726401561;4640;504.62201634307894;4640;3.9301736503189182;4640;4.0290536210211494
4650;152.92214728232673;4650;0.012207403790398877;4650;17.859431745353557;4650;504.62201634307894;4650;3.9301736503189182;4650;4.0354625080111086
4660;152.94656208990753;4660;0.012207403790398877;4660;17.83501693777276;4660;504.62201634307894;4660;3.9301736503189182;4660;4.0314951017792291
4670;152.98318430127873;4670;0;4670;17.822809533982362;4670;504.66155931772829;4670;3.9301736503189182;4670;4.02294991912595
4680;153.08084353160191;4680;0.012207403790398877;4680;17.847224341563159;4680;504.7011022923777;4680;3.9301736503189182;4680;4.0339365825373088
4690;152.92214728232673;4690;0;4690;17.932676168095952;4690;504.66155931772829;4690;3.9301736503189182;4690;4.0336313974425488
4700;152.97097689748833;4700;0;4700;18.066957609790339;4700;504.58247336842948;4700;3.9301736503189182;4700;4.0287484359263894
4710;153.05642872402112;4710;0;4710;18.201239051484723;4710;504.58247336842948;4710;3.9301736503189182;4710;4.02386547441023
4720;153.09305093539231;4720;0;4720;18.152409436323129;4720;504.58247336842948;4720;3.9301736503189182;4720;4.0360728782006285
4730;152.98318430127873;4730;0;4730;18.115787224951934;4730;504.58247336842948;4730;3.9301736503189182;4730;4.032410657063509
4740;152.98318430127873;4740;0;4740;18.066957609790339;4740;504.58247336842948;4740;3.9301736503189182;4740;4.02478102969451
4750;153.08084353160191;4750;0.024414807580797754;4750;18.140202032532731;4750;504.66155931772829;4750;3.9301736503189182;4750;4.0305795464949492
4760;152.94656208990753;4760;0.036622211371196631;4760;18.201239051484723;4760;504.62201634307894;4760;3.9301736503189182;4760;4.0360728782006285
4770;152.95876949369793;4770;0;4770;18.201239051484723;4770;504.62201634307894;4770;3.9301736503189182;4770;4.0314951017792291
4780;152.95876949369793;4780;0;4780;18.164616840113528;4780;504.62201634307894;4780;3.9301736503189182;4780;4.02203436384167
4790;152.97097689748833;4790;0;4790;18.201239051484723;4790;504.62201634307894;4790;3.9301736503189182;4790;4.0354625080111086
4800;152.87331766716514;4800;0;4800;18.311105685598317;4800;504.66155931772829;4800;3.9301736503189182;4800;4.0333262123477889
4810;152.88552507095554;4810;0;4810;18.359935300759911;4810;504.62201634307894;4810;3.9301736503189182;4810;4.02722251045259
4820;152.98318430127873;4820;0.012207403790398877;4820;18.347727896969513;4820;504.66155931772829;4820;3.9301736503189182;4820;4.02508621478927
4830;153.05642872402112;4830;0;4830;18.274483474227118;4830;504.62201634307894;4830;3.9301736503189182;4830;4.0360728782006285
4840;152.89773247474594;4840;0;4840;18.408764915921509;4840;504.58247336842948;4840;3.9301736503189182;4840;4.0308847315897092
4850;152.83669545579394;4850;0;4850;18.408764915921509;4850;504.58247336842948;4850;3.9301736503189182;4850;4.02233954893643
4860;152.99539170506912;4860;0;4860;18.420972319711908;4860;504.58247336842948;4860;3.9301736503189182;4860;4.0327158421582689
4870;152.88552507095554;4870;0;4870;18.396557512131107;4870;504.62201634307894;4870;3.9301736503189182;4870;4.0357676931058686
4880;152.88552507095554;4880;0;4880;18.359935300759911;4880;504.66155931772829;4880;3.9301736503189182;4880;4.0299691763054293
4890;153.01980651264992;4890;0;4890;18.543046357615893;4890;504.62201634307894;4890;3.9301736503189182;4890;4.02203436384167
4900;153.08084353160191;4900;0;4900;18.543046357615893;4900;504.50338741913066;4900;3.9301736503189182;4900;4.0360728782006285
4910;152.83669545579394;4910;0.024414807580797754;4910;18.530838953825494;4910;504.50338741913066;4910;3.9301736503189182;4910;4.032410657063509
4920;152.98318430127873;4920;0;4920;18.530838953825494;4920;504.62201634307894;4920;3.9301736503189182;4920;4.02600177007355
4930;153.14188055055391;4930;0;4930;18.56746116519669;4930;504.66155931772829;4930;3.9301736503189182;4930;4.02691732535783
4940;152.94656208990753;4940;0;4940;18.652912991729483;4940;504.62201634307894;4940;3.9301736503189182;4940;4.0363780632953885
4950;152.89773247474594;4950;0.024414807580797754;4950;18.665120395519882;4950;504.66155931772829;4950;3.9301736503189182;4950;4.0314951017792291
4960;152.87331766716514;4960;0.012207403790398877;4960;18.665120395519882;4960;504.58247336842948;4960;3.9301736503189182;4960;4.02203436384167
4970;152.95876949369793;4970;0.012207403790398877;4970;18.750572222052675;4970;504.58247336842948;4970;3.9301736503189182;4970;4.0336313974425488
4980;152.88552507095554;4980;0.012207403790398877;4980;18.738364818262276;4980;504.66155931772829;4980;3.9301736503189182;4980;4.0339365825373088
4990;152.94656208990753;4990;0.012207403790398877;4990;18.774987029633472;4990;504.66155931772829;4990;3.9301736503189182;4990;4.0287484359263894
5000;152.95876949369793;5000;0.012207403790398877;5000;18.860438856166265;5000;504.66155931772829;5000;3.9301736503189182;5000;4.02264473403119
5010;152.97097689748833;5010;0.012207403790398877;5010;18.762779625843073;5010;504.62201634307894;5010;3.9301736503189182;5010;4.0357676931058686
5020;152.83669545579394;5020;0;5020;18.811609241004671;5020;504.58247336842948;5020;3.9301736503189182;5020;4.032105471968749
5030;152.88552507095554;5030;0;5030;18.93368327890866;5030;504.62201634307894;5030;3.9301736503189182;5030;4.02508621478927
5040;153.00759910885952;5040;0.012207403790398877;5040;19.006927701651051;5040;504.66155931772829;5040;3.9301736503189182;5040;4.0290536210211494
5050;152.89773247474594;5050;0.012207403790398877;5050;19.006927701651051;5050;504.58247336842948;5050;3.9301736503189182;5050;4.0369884334849084
5060;152.89773247474594;5060;0;5060;19.104586931974243;5060;504.7011022923777;5060;3.9301736503189182;5060;4.0311899166844691
5070;153.01980651264992;5070;0;5070;19.031342509231848;5070;504.66155931772829;5070;3.9301736503189182;5070;4.02142399365215
5080;153.09305093539231;5080;0;5080;18.970305490279856;5080;504.62201634307894;5080;3.9301736503189182;5080;4.0348521378215887
5090;152.88552507095554;5090;0;5090;19.165623950926236;5090;504.62201634307894;5090;3.9301736503189182;5090;4.0333262123477889
5100;152.95876949369793;5100;0;5100;19.165623950926236;5100;504.58247336842948;5100;3.9301736503189182;5100;4.02752769554735
5110;153.06863612781152;5110;0;5110;19.141209143345439;5110;504.62201634307894;5110;3.9301736503189182;5110;4.02356028931547
5120;153.04422132023072;5120;0;5120;19.165623950926236;5120;504.62201634307894;5120;3.9301736503189182;5120;4.0363780632953885
5130;152.88552507095554;5130;0;5130;19.226660969878232;5130;504.58247336842948;5130;3.9301736503189182;5130;4.032105471968749
5140;152.86111026337474;5140;0;5140;19.23886837366863;5140;504.62201634307894;5140;3.9301736503189182;5140;4.02294991912595
5150;153.04422132023072;5150;0;5150;19.251075777459029;5150;504.7011022923777;5150;3.9301736503189182;5150;4.0305795464949492
5160;153.00759910885952;5160;0;5160;19.336527603991822;5160;504.66155931772829;5160;3.9301736503189182;5160;4.0369884334849084
5170;152.87331766716514;5170;0;5170;19.409772026734213;5170;504.62201634307894;5170;3.9301736503189182;5170;4.0305795464949492
5180;152.81228064821315;5180;0;5180;19.373149815363018;5180;504.62201634307894;5180;3.9301736503189182;5180;4.02081362346263
5190;153.04422132023072;5190;0;5190;19.324320200201424;5190;504.62201634307894;5190;3.9301736503189182;5190;4.0354625080111086
5200;152.86111026337474;5200;0.012207403790398877;5200;19.348735007782221;5200;504.58247336842948;5200;3.9301736503189182;5200;4.032410657063509
5210;152.82448805200355;5210;0;5210;19.458601641895807;5210;504.62201634307894;5210;3.9301736503189182;5210;4.02600177007355
5220;152.99539170506912;5220;0;5220;19.5440534684286;5220;504.62201634307894;5220;3.9301736503189182;5220;4.02539139988403
5230;152.99539170506912;5230;0;5230;19.507431257057405;5230;504.58247336842948;5230;3.9301736503189182;5230;4.0357676931058686
5240;152.94656208990753;5240;0;5240;19.556260872219;5240;504.62201634307894;5240;3.9301736503189182;5240;4.0311899166844691
5250;153.00759910885952;5250;0.012207403790398877;5250;19.605090487380597;5250;504.62201634307894;5250;3.9301736503189182;5250;4.02233954893643
5260;153.14188055055391;5260;0.012207403790398877;5260;19.5440534684286;5260;504.7011022923777;5260;3.9301736503189182;5260;4.0327158421582689
5270;152.98318430127873;5270;0;5270;19.5928830835902;5270;504.62201634307894;5270;3.9301736503189182;5270;4.0363780632953885
5280;153.00759910885952;5280;0;5280;19.5440534684286;5280;504.58247336842948;5280;3.9301736503189182;5280;4.0311899166844691
5290;153.00759910885952;5290;0;5290;19.629505294961394;5290;504.58247336842948;5290;3.9301736503189182;5290;4.02233954893643
5300;152.98318430127873;5300;0;5300;19.69054231391339;5300;504.66155931772829;5300;3.9301736503189182;5300;4.0357676931058686
5310;152.87331766716514;5310;0.012207403790398877;5310;19.653920102542191;5310;504.66155931772829;5310;3.9301736503189182;5310;4.0327158421582689
5320;152.90993987853633;5320;0;5320;19.763786736655781;5320;504.58247336842948;5320;3.9301736503189182;5320;4.02569658497879
5330;152.95876949369793;5330;0;5330;19.824823755607778;5330;504.58247336842948;5330;3.9301736503189182;5330;4.0281380657368695
5340;152.95876949369793;5340;0;5340;19.80040894802698;5340;504.58247336842948;5340;3.9301736503189182;5340;4.0372936185796684
5350;152.88552507095554;5350;0;5350;19.849238563188575;5350;504.58247336842948;5350;3.9301736503189182;5350;4.032105471968749
5360;152.73903622547076;5360;0;5360;19.837031159398176;5360;504.58247336842948;5360;3.9301736503189182;5360;4.02294991912595
5370;152.92214728232673;5370;0.012207403790398877;5370;19.849238563188575;5370;504.58247336842948;5370;3.9301736503189182;5370;4.0351573229163487
5380;152.97097689748833;5380;0.012207403790398877;5380;19.946897793511763;5380;504.50338741913066;5380;3.9301736503189182;5380;4.0351573229163487
5390;153.06863612781152;5390;0.012207403790398877;5390;20.032349620044556;5390;504.58247336842948;5390;3.9301736503189182;5390;4.0299691763054293
5400;153.06863612781152;5400;0;5400;20.068971831415755;5400;504.62201634307894;5400;3.9301736503189182;5400;4.02356028931547
5410;153.06863612781152;5410;0;5410;20.093386638996552;5410;504.62201634307894;5410;3.9301736503189182;5410;4.0363780632953885
5420;152.95876949369793;5420;0;5420;20.117801446577349;5420;504.58247336842948;5420;3.9301736503189182;5420;4.0330210272530289
5430;153.04422132023072;5430;0;5430;20.105594042786951;5430;504.58247336842948;5430;3.9301736503189182;5430;4.02569658497879
5440;153.09305093539231;5440;0.012207403790398877;5440;20.056764427625353;5440;504.66155931772829;5440;3.9301736503189182;5440;4.0302743614001892
5450;153.06863612781152;5450;0.024414807580797754;5450;19.995727408673361;5450;504.66155931772829;5450;3.9301736503189182;5450;4.0363780632953885
5460;152.95876949369793;5460;0;5460;20.154423657948545;5460;504.66155931772829;5460;3.9301736503189182;5460;4.032410657063509
5470;152.89773247474594;5470;0;5470;20.264290292062135;5470;504.58247336842948;5470;3.9301736503189182;5470;4.02356028931547
5480;153.06863612781152;5480;0;5480;20.227668080690936;5480;504.58247336842948;5480;3.9301736503189182;5480;4.0360728782006285
5490;152.98318430127873;5490;0;5490;20.154423657948545;5490;504.62201634307894;5490;3.9301736503189182;5490;4.0348521378215887
5500;153.00759910885952;5500;0;5500;20.203253273110139;5500;504.62201634307894;5500;3.9301736503189182;5500;4.0287484359263894
5510;152.95876949369793;5510;0;5510;20.252082888271733;5510;504.62201634307894;5510;3.9301736503189182;5510;4.02508621478927
5520;152.90993987853633;5520;0;5520;20.264290292062135;5520;504.58247336842948;5520;3.9301736503189182;5520;4.0357676931058686
5530;152.83669545579394;5530;0;5530;20.325327311014128;5530;504.62201634307894;5530;3.9301736503189182;5530;4.032105471968749
5540;152.88552507095554;5540;0;5540;20.349742118594925;5540;504.58247336842948;5540;3.9301736503189182;5540;4.02478102969451
5550;152.99539170506912;5550;0;5550;20.410779137546925;5550;504.62201634307894;5550;3.9301736503189182;5550;4.032410657063509
5560;152.98318430127873;5560;0;5560;20.386364329966128;5560;504.62201634307894;5560;3.9301736503189182;5560;4.0369884334849084
5570;153.00759910885952;5570;0;5570;20.435193945127722;5570;504.62201634307894;5570;3.9301736503189182;5570;4.032105471968749
5580;153.04422132023072;5580;0;5580;20.496230964079714;5580;504.58247336842948;5580;3.9301736503189182;5580;4.02264473403119
5590;153.09305093539231;5590;0.012207403790398877;5590;20.508438367870113;5590;504.50338741913066;5590;3.9301736503189182;5590;4.0348521378215887
5600;152.86111026337474;5600;0;5600;20.557267983031711;5600;504.58247336842948;5600;3.9301736503189182;5600;4.0330210272530289
5610;152.87331766716514;5610;0;5610;20.53285317545091;5610;504.62201634307894;5610;3.9301736503189182;5610;4.0278328806421095
5620;152.98318430127873;5620;0.012207403790398877;5620;20.593890194402906;5620;504.66155931772829;5620;3.9301736503189182;5620;4.02630695516831
5630;153.08084353160191;5630;0;5630;20.72817163609729;5630;504.58247336842948;5630;3.9301736503189182;5630;4.0357676931058686
5640;153.00759910885952;5640;0;5640;20.618305001983703;5640;504.58247336842948;5640;3.9301736503189182;5640;4.032410657063509
5650;153.08084353160191;5650;0.012207403790398877;5650;20.557267983031711;5650;504.58247336842948;5650;3.9301736503189182;5650;4.02356028931547
5660;153.1907101657155;5660;0.012207403790398877;5660;20.6427198095645;5660;504.62201634307894;5660;3.9301736503189182;5660;4.0333262123477889
5670;152.92214728232673;5670;0;5670;20.630512405774102;5670;504.50338741913066;5670;3.9301736503189182;5670;4.0354625080111086
5680;152.92214728232673;5680;0;5680;20.715964232306892;5680;504.46384444448131;5680;3.9301736503189182;5680;4.0314951017792291
5690;153.00759910885952;5690;0;5690;20.825830866420482;5690;504.50338741913066;5690;3.9301736503189182;5690;4.02447584459975
5700;153.05642872402112;5700;0;5700;20.850245674001282;5700;504.50338741913066;5700;3.9301736503189182;5700;4.0360728782006285
5710;152.98318430127873;5710;0.012207403790398877;5710;20.850245674001282;5710;504.58247336842948;5710;3.9301736503189182;5710;4.0327158421582689
5720;152.95876949369793;5720;0;5720;20.789208655049286;5720;504.50338741913066;5720;3.9301736503189182;5720;4.02722251045259
5730;153.05642872402112;5730;0;5730;20.789208655049286;5730;504.50338741913066;5730;3.9301736503189182;5730;4.0287484359263894
5740;153.04422132023072;5740;0;5740;20.899075289162877;5740;504.46384444448131;5740;3.9301736503189182;5740;4.0369884334849084
5750;152.88552507095554;5750;0;5750;21.021149327066862;5750;504.62201634307894;5750;3.9301736503189182;5750;4.0330210272530289
5760;152.88552507095554;5760;0;5760;21.03335673085726;5760;504.58247336842948;5760;3.9301736503189182;5760;4.02447584459975
5770;152.99539170506912;5770;0;5770;21.008941923276463;5770;504.50338741913066;5770;3.9301736503189182;5770;4.0354625080111086
5780;152.87331766716514;5780;0;5780;21.082186346018862;5780;504.50338741913066;5780;3.9301736503189182;5780;4.0339365825373088
5790;152.92214728232673;5790;0;5790;21.057771538438065;5790;504.62201634307894;5790;3.9301736503189182;5790;4.0287484359263894
5800;152.89773247474594;5800;0;5800;20.984527115695666;5800;504.62201634307894;5800;3.9301736503189182;5800;4.02447584459975
5810;152.89773247474594;5810;0;5810;20.984527115695666;5810;504.50338741913066;5810;3.9301736503189182;5810;4.0363780632953885
5820;152.94656208990753;5820;0;5820;21.118808557390057;5820;504.58247336842948;5820;3.9301736503189182;5820;4.0327158421582689
5830;153.06863612781152;5830;0;5830;21.143223364970858;5830;504.50338741913066;5830;3.9301736503189182;5830;4.02569658497879
5840;153.10525833918271;5840;0;5840;21.192052980132452;5840;504.50338741913066;5840;3.9301736503189182;5840;4.0302743614001892
5850;152.94656208990753;5850;0;5850;21.240882595294046;5850;504.50338741913066;5850;3.9301736503189182;5850;4.0363780632953885
5860;152.86111026337474;5860;0;5860;21.265297402874843;5860;504.58247336842948;5860;3.9301736503189182;5860;4.0327158421582689
5870;152.95876949369793;5870;0.024414807580797754;5870;21.155430768761256;5870;504.58247336842948;5870;3.9301736503189182;5870;4.02264473403119
5880;153.04422132023072;5880;0.036622211371196631;5880;21.143223364970858;5880;504.58247336842948;5880;3.9301736503189182;5880;4.0351573229163487
5890;152.86111026337474;5890;0.012207403790398877;5890;21.240882595294046;5890;504.58247336842948;5890;3.9301736503189182;5890;4.0339365825373088
5900;152.83669545579394;5900;0;5900;21.314127018036437;5900;504.58247336842948;5900;3.9301736503189182;5900;4.0296639912106693
5910;152.90993987853633;5910;0;5910;21.350749229407636;5910;504.58247336842948;5910;3.9301736503189182;5910;4.02600177007355
5920;152.98318430127873;5920;0;5920;21.423993652150028;5920;504.50338741913066;5920;3.9301736503189182;5920;4.0360728782006285
5930;152.97097689748833;5930;0.012207403790398877;5930;21.497238074892426;5930;504.50338741913066;5930;3.9301736503189182;5930;4.0327158421582689
5940;152.89773247474594;5940;0;5940;21.485030671102027;5940;504.50338741913066;5940;3.9301736503189182;5940;4.02478102969451
5950;152.94656208990753;5950;0;5950;21.399578844569231;5950;504.58247336842948;5950;3.9301736503189182;5950;4.0327158421582689
5960;152.97097689748833;5960;0.012207403790398877;5960;21.423993652150028;5960;504.50338741913066;5960;3.9301736503189182;5960;4.0360728782006285
5970;153.00759910885952;5970;0.024414807580797754;5970;21.594897305215614;5970;504.50338741913066;5970;3.9301736503189182;5970;4.032105471968749
5980;153.04422132023072;5980;0;5980;21.582689901425216;5980;504.58247336842948;5980;3.9301736503189182;5980;4.02264473403119
5990;153.06863612781152;5990;0;5990;21.533860286263621;5990;504.58247336842948;5990;3.9301736503189182;5990;4.0354625080111086
6000;152.88552507095554;6000;0.012207403790398877;6000;21.497238074892426;6000;504.50338741913066;6000;3.9301736503189182;6000;4.0333262123477889
6010;152.95876949369793;6010;0;6010;21.54606769005402;6010;504.50338741913066;6010;3.9301736503189182;6010;4.02752769554735
6020;153.01980651264992;6020;0.012207403790398877;6020;21.655934324167607;6020;504.50338741913066;6020;3.9301736503189182;6020;4.02691732535783
6030;153.04422132023072;6030;0.012207403790398877;6030;21.692556535538802;6030;504.50338741913066;6030;3.9301736503189182;6030;4.0360728782006285
6040;152.86111026337474;6040;0;6040;21.7047639393292;6040;504.58247336842948;6040;3.9301736503189182;6040;4.0330210272530289
6050;152.82448805200355;6050;0;6050;21.692556535538802;6050;504.58247336842948;6050;3.9301736503189182;6050;4.02447584459975
6060;153.09305093539231;6060;0;6060;21.802423169652389;6060;504.62201634307894;6060;3.9301736503189182;6060;4.0345469527268287
6070;153.01980651264992;6070;0;6070;21.839045381023592;6070;504.58247336842948;6070;3.9301736503189182;6070;4.0351573229163487
6080;152.99539170506912;6080;0;6080;21.85125278481399;6080;504.50338741913066;6080;3.9301736503189182;6080;4.0305795464949492
6090;152.90993987853633;6090;0;6090;21.961119418927584;6090;504.58247336842948;6090;3.9301736503189182;6090;4.02386547441023
6100;152.95876949369793;6100;0;6100;21.948912015137186;6100;504.58247336842948;6100;3.9301736503189182;6100;4.0357676931058686
6110;152.97097689748833;6110;0.036622211371196631;6110;21.912289803765983;6110;504.62201634307894;6110;3.9301736503189182;6110;4.032410657063509
6120;153.00759910885952;6120;0.024414807580797754;6120;21.912289803765983;6120;504.62201634307894;6120;3.9301736503189182;6120;4.02600177007355
6130;153.04422132023072;6130;0;6130;21.924497207556389;6130;504.62201634307894;6130;3.9301736503189182;6130;4.0287484359263894
6140;152.98318430127873;6140;0.012207403790398877;6140;21.900082399975584;6140;504.58247336842948;6140;3.9301736503189182;6140;4.0357676931058686
6150;152.95876949369793;6150;0.012207403790398877;6150;21.887874996185186;6150;504.58247336842948;6150;3.9301736503189182;6150;4.032105471968749
6160;153.01980651264992;6160;0;6160;21.912289803765983;6160;504.58247336842948;6160;3.9301736503189182;6160;4.02294991912595
6170;153.08084353160191;6170;0.012207403790398877;6170;21.985534226508381;6170;504.58247336842948;6170;3.9301736503189182;6170;4.0336313974425488
6180;152.80007324442275;6180;0;6180;22.08319345683157;6180;504.50338741913066;6180;3.9301736503189182;6180;4.0333262123477889
6190;152.83669545579394;6190;0;6190;22.205267494735555;6190;504.58247336842948;6190;3.9301736503189182;6190;4.0287484359263894
6200;152.95876949369793;6200;0.012207403790398877;6200;22.24188970610675;6200;504.58247336842948;6200;3.9301736503189182;6200;4.02447584459975
6210;153.06863612781152;6210;0.012207403790398877;6210;22.205267494735555;6210;504.58247336842948;6210;3.9301736503189182;6210;4.0354625080111086
6220;153.05642872402112;6220;0;6220;22.24188970610675;6220;504.62201634307894;6220;3.9301736503189182;6220;4.032410657063509
6230;152.90993987853633;6230;0;6230;22.254097109897149;6230;504.50338741913066;6230;3.9301736503189182;6230;4.02569658497879
6240;152.90993987853633;6240;0;6240;22.24188970610675;6240;504.58247336842948;6240;3.9301736503189182;6240;4.0314951017792291
6250;152.80007324442275;6250;0.012207403790398877;6250;22.24188970610675;6250;504.50338741913066;6250;3.9301736503189182;6250;4.0369884334849084
6260;152.82448805200355;6260;0.024414807580797754;6260;22.24188970610675;6260;504.50338741913066;6260;3.9301736503189182;6260;4.0327158421582689
6270;152.90993987853633;6270;0;6270;22.302926725058743;6270;504.58247336842948;6270;3.9301736503189182;6270;4.02356028931547
6280;152.99539170506912;6280;0;6280;22.302926725058743;6280;504.62201634307894;6280;3.9301736503189182;6280;4.0345469527268287
6290;152.82448805200355;6290;0;6290;22.278511917477946;6290;504.58247336842948;6290;3.9301736503189182;6290;4.032410657063509
6300;152.90993987853633;6300;0;6300;22.38837855159154;6300;504.58247336842948;6300;3.9301736503189182;6300;4.0281380657368695
6310;153.00759910885952;6310;0;6310;22.49824518570513;6310;504.50338741913066;6310;3.9301736503189182;6310;4.02691732535783
6320;153.00759910885952;6320;0;6320;22.522659993285927;6320;504.42430146983185;6320;3.9301736503189182;6320;4.0369884334849084
6330;152.92214728232673;6330;0;6330;22.449415570543536;6330;504.50338741913066;6330;3.9301736503189182;6330;4.0333262123477889
6340;152.89773247474594;6340;0;6340;22.400585955381938;6340;504.58247336842948;6340;3.9301736503189182;6340;4.02630695516831
6350;153.01980651264992;6350;0;6350;22.522659993285927;6350;504.50338741913066;6350;3.9301736503189182;6350;4.0302743614001892
6360;153.05642872402112;6360;0;6360;22.681356242561112;6360;504.50338741913066;6360;3.9301736503189182;6360;4.0357676931058686
6370;153.00759910885952;6370;0;6370;22.705771050141916;6370;504.62201634307894;6370;3.9301736503189182;6370;4.032105471968749
6380;153.01980651264992;6380;0;6380;22.58369701223792;6380;504.58247336842948;6380;3.9301736503189182;6380;4.02294991912595
6390;153.06863612781152;6390;0;6390;22.632526627399518;6390;504.58247336842948;6390;3.9301736503189182;6390;4.0351573229163487
6400;152.80007324442275;6400;0;6400;22.717978453932314;6400;504.58247336842948;6400;3.9301736503189182;6400;4.0339365825373088
6410;152.82448805200355;6410;0;6410;22.681356242561112;6410;504.50338741913066;6410;3.9301736503189182;6410;4.0290536210211494
6420;152.94656208990753;6420;0;6420;22.730185857722713;6420;504.46384444448131;6420;3.9301736503189182;6420;4.02569658497879
6430;153.00759910885952;6430;0;6430;22.75460066530351;6430;504.46384444448131;6430;3.9301736503189182;6430;4.0357676931058686
6440;152.88552507095554;6440;0;6440;22.791222876674706;6440;504.50338741913066;6440;3.9301736503189182;6440;4.032410657063509
6450;152.92214728232673;6450;0;6450;22.815637684255503;6450;504.58247336842948;6450;3.9301736503189182;6450;4.02478102969451
6460;153.1662953581347;6460;0.012207403790398877;6460;22.803430280465104;6460;504.62201634307894;6460;3.9301736503189182;6460;4.0314951017792291
6470;153.00759910885952;6470;0;6470;22.8278450880459;6470;504.58247336842948;6470;3.9301736503189182;6470;4.0354625080111086
6480;152.94656208990753;6480;0.036622211371196631;6480;22.8278450880459;6480;504.50338741913066;6480;3.9301736503189182;6480;4.0314951017792291
6490;152.94656208990753;6490;0.024414807580797754;6490;22.815637684255503;6490;504.50338741913066;6490;3.9301736503189182;6490;4.02264473403119
6500;152.99539170506912;6500;0;6500;22.888882106997894;6500;504.58247336842948;6500;3.9301736503189182;6500;4.0351573229163487
6510;152.88552507095554;6510;0;6510;22.94991912594989;6510;504.58247336842948;6510;3.9301736503189182;6510;4.0330210272530289
6520;152.98318430127873;6520;0;6520;22.998748741111488;6520;504.50338741913066;6520;3.9301736503189182;6520;4.02752769554735
6530;153.06863612781152;6530;0;6530;22.998748741111488;6530;504.62201634307894;6530;3.9301736503189182;6530;4.02630695516831
6540;152.94656208990753;6540;0;6540;22.986541337321086;6540;504.50338741913066;6540;3.9301736503189182;6540;4.0348521378215887
6550;152.90993987853633;6550;0;6550;23.133030182805872;6550;504.50338741913066;6550;3.9301736503189182;6550;4.032105471968749
6560;152.95876949369793;6560;0;6560;23.169652394177067;6560;504.46384444448131;6560;3.9301736503189182;6560;4.02447584459975
6570;152.92214728232673;6570;0;6570;23.071993163853879;6570;504.46384444448131;6570;3.9301736503189182;6570;4.0333262123477889
6580;152.78786584063235;6580;0.012207403790398877;6580;22.974333933530687;6580;504.50338741913066;6580;3.9301736503189182;6580;4.0351573229163487
6590;152.86111026337474;6590;0.012207403790398877;6590;23.010956144901886;6590;504.50338741913066;6590;3.9301736503189182;6590;4.0305795464949492
6600;152.89773247474594;6600;0;6600;23.169652394177067;6600;504.58247336842948;6600;3.9301736503189182;6600;4.02294991912595
6610;152.94656208990753;6610;0;6610;23.242896816919462;6610;504.58247336842948;6610;3.9301736503189182;6610;4.0351573229163487
6620;152.88552507095554;6620;0;6620;23.230689413129063;6620;504.46384444448131;6620;3.9301736503189182;6620;4.0327158421582689
6630;152.97097689748833;6630;0;6630;23.242896816919462;6630;504.46384444448131;6630;3.9301736503189182;6630;4.02691732535783
6640;153.00759910885952;6640;0;6640;23.389385662404251;6640;504.50338741913066;6640;3.9301736503189182;6640;4.0287484359263894
6650;152.87331766716514;6650;0;6650;23.389385662404251;6650;504.50338741913066;6650;3.9301736503189182;6650;4.0360728782006285
6660;152.77565843684195;6660;0;6660;23.389385662404251;6660;504.50338741913066;6660;3.9301736503189182;6660;4.032410657063509
6670;152.86111026337474;6670;0;6670;23.426007873775447;6670;504.46384444448131;6670;3.9301736503189182;6670;4.02294991912595
6680;152.97097689748833;6680;0;6680;23.450422681356244;6680;504.50338741913066;6680;3.9301736503189182;6680;4.0339365825373088
6690;152.81228064821315;6690;0;6690;23.426007873775447;6690;504.50338741913066;6690;3.9301736503189182;6690;4.0345469527268287
6700;152.94656208990753;6700;0;6700;23.499252296517842;6700;504.50338741913066;6700;3.9301736503189182;6700;4.0296639912106693
6710;152.99539170506912;6710;0;6710;23.584704123050631;6710;504.50338741913066;6710;3.9301736503189182;6710;4.02447584459975
6720;153.05642872402112;6720;0;6720;23.584704123050631;6720;504.50338741913066;6720;3.9301736503189182;6720;4.0357676931058686
6730;152.89773247474594;6730;0;6730;23.633533738212225;6730;504.50338741913066;6730;3.9301736503189182;6730;4.0327158421582689
6740;152.88552507095554;6740;0.012207403790398877;6740;23.59691152684103;6740;504.50338741913066;6740;3.9301736503189182;6740;4.02539139988403
6750;153.08084353160191;6750;0.024414807580797754;6750;23.499252296517842;6750;504.58247336842948;6750;3.9301736503189182;6750;4.0305795464949492
6760;153.01980651264992;6760;0;6760;23.51145970030824;6760;504.50338741913066;6760;3.9301736503189182;6760;4.0363780632953885
6770;152.92214728232673;6770;0;6770;23.633533738212225;6770;504.42430146983185;6770;3.9301736503189182;6770;4.032105471968749
6780;152.88552507095554;6780;0;6780;23.767815179906613;6780;504.46384444448131;6780;3.9301736503189182;6780;4.02264473403119
6790;152.98318430127873;6790;0.012207403790398877;6790;23.816644795068207;6790;504.46384444448131;6790;3.9301736503189182;6790;4.0348521378215887
6800;152.82448805200355;6800;0;6800;23.79222998748741;6800;504.42430146983185;6800;3.9301736503189182;6800;4.0339365825373088
6810;152.82448805200355;6810;0;6810;23.780022583697011;6810;504.46384444448131;6810;3.9301736503189182;6810;4.0287484359263894
6820;152.88552507095554;6820;0;6820;23.767815179906613;6820;504.50338741913066;6820;3.9301736503189182;6820;4.02539139988403
6830;152.95876949369793;6830;0;6830;23.804437391277808;6830;504.50338741913066;6830;3.9301736503189182;6830;4.0360728782006285
6840;152.95876949369793;6840;0;6840;23.877681814020203;6840;504.58247336842948;6840;3.9301736503189182;6840;4.0330210272530289
6850;153.00759910885952;6850;0;6850;23.841059602649004;6850;504.58247336842948;6850;3.9301736503189182;6850;4.02447584459975
6860;153.09305093539231;6860;0;6860;23.9143040253914;6860;504.58247336842948;6860;3.9301736503189182;6860;4.032410657063509
6870;153.01980651264992;6870;0;6870;23.963133640552993;6870;504.50338741913066;6870;3.9301736503189182;6870;4.0360728782006285
6880;152.94656208990753;6880;0;6880;23.987548448133793;6880;504.46384444448131;6880;3.9301736503189182;6880;4.0311899166844691
6890;152.82448805200355;6890;0;6890;24.048585467085786;6890;504.46384444448131;6890;3.9301736503189182;6890;4.02233954893643
6900;152.90993987853633;6900;0;6900;23.963133640552993;6900;504.46384444448131;6900;3.9301736503189182;6900;4.0348521378215887
6910;152.78786584063235;6910;0;6910;23.938718832972196;6910;504.58247336842948;6910;3.9301736503189182;6910;4.0330210272530289
6920;152.86111026337474;6920;0;6920;24.048585467085786;6920;504.50338741913066;6920;3.9301736503189182;6920;4.0278328806421095
6930;152.90993987853633;6930;0;6930;24.09741508224738;6930;504.50338741913066;6930;3.9301736503189182;6930;4.0278328806421095
6940;152.92214728232673;6940;0;6940;23.999755851924192;6940;504.50338741913066;6940;3.9301736503189182;6940;4.0360728782006285
6950;153.00759910885952;6950;0;6950;24.182866908780177;6950;504.58247336842948;6950;3.9301736503189182;6950;4.0314951017792291
6960;152.94656208990753;6960;0;6960;24.390392773216956;6960;504.50338741913066;6960;3.9301736503189182;6960;4.02386547441023
6970;153.00759910885952;6970;0;6970;24.304940946684166;6970;504.50338741913066;6970;3.9301736503189182;6970;4.0348521378215887
6980;153.05642872402112;6980;0;6980;24.134037293618576;6980;504.46384444448131;6980;3.9301736503189182;6980;4.0354625080111086
6990;152.98318430127873;6990;0;6990;24.24390392773217;6990;504.42430146983185;6990;3.9301736503189182;6990;4.0302743614001892
7000;152.97097689748833;7000;0;7000;24.390392773216956;7000;504.46384444448131;7000;3.9301736503189182;7000;4.02325510422071
7010;153.00759910885952;7010;0.012207403790398877;7010;24.402600177007354;7010;504.46384444448131;7010;3.9301736503189182;7010;4.0351573229163487
7020;152.87331766716514;7020;0.012207403790398877;7020;24.378185369426557;7020;504.46384444448131;7020;3.9301736503189182;7020;4.032410657063509
7030;152.95876949369793;7030;0;7030;24.317148350474564;7030;504.42430146983185;7030;3.9301736503189182;7030;4.02630695516831
7040;152.92214728232673;7040;0;7040;24.43922238837855;7040;504.50338741913066;7040;3.9301736503189182;7040;4.0296639912106693
7050;152.82448805200355;7050;0;7050;24.475844599749749;7050;504.62201634307894;7050;3.9301736503189182;7050;4.0363780632953885
7060;153.05642872402112;7060;0;7060;24.500259407330546;7060;504.58247336842948;7060;3.9301736503189182;7060;4.0314951017792291
7070;153.15408795434431;7070;0;7070;24.512466811120944;7070;504.50338741913066;7070;3.9301736503189182;7070;4.02264473403119
7080;153.05642872402112;7080;0;7080;24.402600177007354;7080;504.50338741913066;7080;3.9301736503189182;7080;4.0345469527268287
7090;152.80007324442275;7090;0;7090;24.46363719595935;7090;504.46384444448131;7090;3.9301736503189182;7090;4.0327158421582689
7100;152.92214728232673;7100;0;7100;24.561296426282546;7100;504.50338741913066;7100;3.9301736503189182;7100;4.02752769554735
7110;152.99539170506912;7110;0.024414807580797754;7110;24.524674214911343;7110;504.50338741913066;7110;3.9301736503189182;7110;4.02386547441023
7120;152.99539170506912;7120;0.012207403790398877;7120;24.585711233863343;7120;504.50338741913066;7120;3.9301736503189182;7120;4.0360728782006285
7130;152.83669545579394;7130;0.024414807580797754;7130;24.707785271767328;7130;504.50338741913066;7130;3.9301736503189182;7130;4.032105471968749
7140;152.90993987853633;7140;0.036622211371196631;7140;24.69557786797693;7140;504.42430146983185;7140;3.9301736503189182;7140;4.02508621478927
7150;153.09305093539231;7150;0.024414807580797754;7150;24.781029694509719;7150;504.42430146983185;7150;3.9301736503189182;7150;4.0308847315897092
7160;152.88552507095554;7160;0;7160;24.768822290719321;7160;504.42430146983185;7160;3.9301736503189182;7160;4.0360728782006285
7170;152.78786584063235;7170;0.012207403790398877;7170;24.768822290719321;7170;504.46384444448131;7170;3.9301736503189182;7170;4.0314951017792291
7180;152.89773247474594;7180;0.012207403790398877;7180;24.903103732413705;7180;504.42430146983185;7180;3.9301736503189182;7180;4.02233954893643
7190;153.09305093539231;7190;0;7190;24.9397259437849;7190;504.46384444448131;7190;3.9301736503189182;7190;4.0351573229163487
7200;152.88552507095554;7200;0;7200;24.903103732413705;7200;504.46384444448131;7200;3.9301736503189182;7200;4.0339365825373088
7210;152.94656208990753;7210;0;7210;24.890896328623306;7210;504.50338741913066;7210;3.9301736503189182;7210;4.0287484359263894
7220;153.00759910885952;7220;0;7220;24.9275185399945;7220;504.58247336842948;7220;3.9301736503189182;7220;4.02691732535783
7230;152.98318430127873;7230;0;7230;24.964140751365704;7230;504.46384444448131;7230;3.9301736503189182;7230;4.0357676931058686
7240;152.90993987853633;7240;0;7240;25.0007629627369;7240;504.50338741913066;7240;3.9301736503189182;7240;4.0314951017792291
7250;152.92214728232673;7250;0;7250;25.0129703665273;7250;504.58247336842948;7250;3.9301736503189182;7250;4.02447584459975
7260;153.09305093539231;7260;0;7260;25.0129703665273;7260;504.50338741913066;7260;3.9301736503189182;7260;4.0330210272530289
7270;152.95876949369793;7270;0;7270;24.9885555589465;7270;504.46384444448131;7270;3.9301736503189182;7270;4.0360728782006285
7280;152.88552507095554;7280;0;7280;25.098422193060095;7280;504.46384444448131;7280;3.9301736503189182;7280;4.0305795464949492
7290;152.92214728232673;7290;0;7290;25.220496230964081;7290;504.46384444448131;7290;3.9301736503189182;7290;4.02233954893643
7300;153.08084353160191;7300;0;7300;25.135044404431291;7300;504.46384444448131;7300;3.9301736503189182;7300;4.0357676931058686
7310;152.94656208990753;7310;0;7310;25.171666615802486;7310;504.42430146983185;7310;3.9301736503189182;7310;4.0330210272530289
7320;152.89773247474594;7320;0;7320;25.269325846125675;7320;504.38475849518244;7320;3.9301736503189182;7320;4.02691732535783
7330;152.95876949369793;7330;0;7330;25.257118442335276;7330;504.46384444448131;7330;3.9301736503189182;7330;4.02722251045259
7340;152.98318430127873;7340;0;7340;25.232703634754479;7340;504.46384444448131;7340;3.9301736503189182;7340;4.0354625080111086
7350;152.88552507095554;7350;0;7350;25.305948057496874;7350;504.42430146983185;7350;3.9301736503189182;7350;4.0311899166844691
7360;152.86111026337474;7360;0;7360;25.342570268868069;7360;504.42430146983185;7360;3.9301736503189182;7360;4.02294991912595
7370;153.00759910885952;7370;0;7370;25.391399884029664;7370;504.46384444448131;7370;3.9301736503189182;7370;4.0339365825373088
7380;152.82448805200355;7380;0.012207403790398877;7380;25.379192480239265;7380;504.58247336842948;7380;3.9301736503189182;7380;4.0351573229163487
7390;152.77565843684195;7390;0.024414807580797754;7390;25.379192480239265;7390;504.58247336842948;7390;3.9301736503189182;7390;4.0299691763054293
7400;152.95876949369793;7400;0.012207403790398877;7400;25.476851710562453;7400;504.42430146983185;7400;3.9301736503189182;7400;4.02386547441023
7410;153.05642872402112;7410;0;7410;25.525681325724054;7410;504.38475849518244;7410;3.9301736503189182;7410;4.0357676931058686
7420;152.88552507095554;7420;0;7420;25.537888729514453;7420;504.46384444448131;7420;3.9301736503189182;7420;4.032105471968749
7430;153.04422132023072;7430;0;7430;25.525681325724054;7430;504.46384444448131;7430;3.9301736503189182;7430;4.02508621478927
7440;153.1907101657155;7440;0;7440;25.56230353709525;7440;504.42430146983185;7440;3.9301736503189182;7440;4.0284432508316295
7450;153.04422132023072;7450;0;7450;25.525681325724054;7450;504.42430146983185;7450;3.9301736503189182;7450;4.0360728782006285
7460;153.08084353160191;7460;0;7460;25.611133152256844;7460;504.46384444448131;7460;3.9301736503189182;7460;4.0311899166844691
7470;153.04422132023072;7470;0;7470;25.733207190160833;7470;504.42430146983185;7470;3.9301736503189182;7470;4.02233954893643
7480;153.01980651264992;7480;0;7480;25.672170171208837;7480;504.42430146983185;7480;3.9301736503189182;7480;4.0351573229163487
7490;152.83669545579394;7490;0;7490;25.574510940885649;7490;504.46384444448131;7490;3.9301736503189182;7490;4.0345469527268287
7500;152.83669545579394;7500;0;7500;25.598925748466446;7500;504.42430146983185;7500;3.9301736503189182;7500;4.0287484359263894
7510;152.92214728232673;7510;0;7510;25.696584978789637;7510;504.42430146983185;7510;3.9301736503189182;7510;4.02447584459975
7520;152.92214728232673;7520;0;7520;25.782036805322427;7520;504.42430146983185;7520;3.9301736503189182;7520;4.0357676931058686
7530;152.86111026337474;7530;0;7530;25.782036805322427;7530;504.46384444448131;7530;3.9301736503189182;7530;4.032410657063509
7540;152.82448805200355;7540;0.012207403790398877;7540;25.75762199774163;7540;504.46384444448131;7540;3.9301736503189182;7540;4.02478102969451
7550;152.94656208990753;7550;0.024414807580797754;7550;25.818659016693623;7550;504.46384444448131;7550;3.9301736503189182;7550;4.0305795464949492
7560;152.88552507095554;7560;0;7560;25.90411084322642;7560;504.42430146983185;7560;3.9301736503189182;7560;4.0360728782006285
7570;152.90993987853633;7570;0;7570;26.038392284920803;7570;504.42430146983185;7570;3.9301736503189182;7570;4.0314951017792291
7580;152.83669545579394;7580;0;7580;25.977355265968811;7580;504.50338741913066;7580;3.9301736503189182;7580;4.02142399365215
7590;152.88552507095554;7590;0;7590;25.977355265968811;7590;504.58247336842948;7590;3.9301736503189182;7590;4.0339365825373088
7600;152.81228064821315;7600;0;7600;26.038392284920803;7600;504.50338741913066;7600;3.9301736503189182;7600;4.0330210272530289
7610;152.98318430127873;7610;0;7610;26.013977477340006;7610;504.46384444448131;7610;3.9301736503189182;7610;4.02752769554735
7620;153.08084353160191;7620;0;7620;25.977355265968811;7620;504.46384444448131;7620;3.9301736503189182;7620;4.02600177007355
7630;153.00759910885952;7630;0;7630;25.916318247016818;7630;504.46384444448131;7630;3.9301736503189182;7630;4.0369884334849084
7640;152.89773247474594;7640;0.012207403790398877;7640;26.0628070925016;7640;504.50338741913066;7640;3.9301736503189182;7640;4.0327158421582689
7650;152.90993987853633;7650;0;7650;26.0872219000824;7650;504.42430146983185;7650;3.9301736503189182;7650;4.02325510422071
7660;153.05642872402112;7660;0;7660;26.123844111453597;7660;504.46384444448131;7660;3.9301736503189182;7660;4.032410657063509
7670;152.94656208990753;7670;0;7670;26.209295937986386;7670;504.50338741913066;7670;3.9301736503189182;7670;4.0354625080111086
7680;152.94656208990753;7680;0;7680;26.221503341776785;7680;504.46384444448131;7680;3.9301736503189182;7680;4.0305795464949492
7690;152.94656208990753;7690;0;7690;26.209295937986386;7690;504.46384444448131;7690;3.9301736503189182;7690;4.02264473403119
7700;152.97097689748833;7700;0;7700;26.172673726615191;7700;504.42430146983185;7700;3.9301736503189182;7700;4.0357676931058686
7710;152.83669545579394;7710;0;7710;26.25812555314798;7710;504.42430146983185;7710;3.9301736503189182;7710;4.0333262123477889
7720;152.88552507095554;7720;0;7720;26.233710745567183;7720;504.46384444448131;7720;3.9301736503189182;7720;4.02691732535783
7730;153.01980651264992;7730;0;7730;26.209295937986386;7730;504.46384444448131;7730;3.9301736503189182;7730;4.0281380657368695
7740;153.00759910885952;7740;0;7740;26.270332956938386;7740;504.38475849518244;7740;3.9301736503189182;7740;4.0363780632953885
7750;152.90993987853633;7750;0.012207403790398877;7750;26.380199591051973;7750;504.42430146983185;7750;3.9301736503189182;7750;4.032410657063509
7760;152.95876949369793;7760;0;7760;26.429029206213567;7760;504.42430146983185;7760;3.9301736503189182;7760;4.02325510422071
7770;153.00759910885952;7770;0;7770;26.429029206213567;7770;504.38475849518244;7770;3.9301736503189182;7770;4.0336313974425488
7780;152.86111026337474;7780;0.024414807580797754;7780;26.453444013794364;7780;504.38475849518244;7780;3.9301736503189182;7780;4.0339365825373088
7790;152.95876949369793;7790;0.036622211371196631;7790;26.526688436536759;7790;504.42430146983185;7790;3.9301736503189182;7790;4.0299691763054293
7800;152.95876949369793;7800;0;7800;26.526688436536759;7800;504.46384444448131;7800;3.9301736503189182;7800;4.02386547441023
7810;152.90993987853633;7810;0;7810;26.563310647907954;7810;504.42430146983185;7810;3.9301736503189182;7810;4.0357676931058686
7820;152.88552507095554;7820;0;7820;26.66096987823115;7820;504.46384444448131;7820;3.9301736503189182;7820;4.032410657063509
7830;152.87331766716514;7830;0;7830;26.66096987823115;7830;504.42430146983185;7830;3.9301736503189182;7830;4.02539139988403
7840;152.89773247474594;7840;0;7840;26.697592089602345;7840;504.46384444448131;7840;3.9301736503189182;7840;4.0290536210211494
7850;152.97097689748833;7850;0;7850;26.697592089602345;7850;504.46384444448131;7850;3.9301736503189182;7850;4.0357676931058686
7860;152.97097689748833;7860;0;7860;26.648762474440744;7860;504.42430146983185;7860;3.9301736503189182;7860;4.032410657063509
7870;152.88552507095554;7870;0.012207403790398877;7870;26.697592089602345;7870;504.38475849518244;7870;3.9301736503189182;7870;4.02264473403119
7880;152.89773247474594;7880;0;7880;26.770836512344736;7880;504.42430146983185;7880;3.9301736503189182;7880;4.0336313974425488
7890;152.67799920651873;7890;0;7890;26.819666127506331;7890;504.38475849518244;7890;3.9301736503189182;7890;4.0333262123477889
7900;152.87331766716514;7900;0;7900;26.892910550248729;7900;504.42430146983185;7900;3.9301736503189182;7900;4.0287484359263894
7910;153.04422132023072;7910;0;7910;26.831873531296729;7910;504.46384444448131;7910;3.9301736503189182;7910;4.02539139988403
7920;152.98318430127873;7920;0.012207403790398877;7920;26.819666127506331;7920;504.42430146983185;7920;3.9301736503189182;7920;4.0354625080111086
7930;152.88552507095554;7930;0.024414807580797754;7930;26.892910550248729;7930;504.46384444448131;7930;3.9301736503189182;7930;4.0314951017792291
7940;152.86111026337474;7940;0;7940;26.978362376781519;7940;504.46384444448131;7940;3.9301736503189182;7940;4.02508621478927
7950;152.99539170506912;7950;0;7950;27.063814203314312;7950;504.46384444448131;7950;3.9301736503189182;7950;4.0311899166844691
7960;152.87331766716514;7960;0;7960;27.002777184362316;7960;504.46384444448131;7960;3.9301736503189182;7960;4.0354625080111086
7970;152.86111026337474;7970;0;7970;26.96615497299112;7970;504.46384444448131;7970;3.9301736503189182;7970;4.0314951017792291
7980;152.87331766716514;7980;0;7980;27.002777184362316;7980;504.46384444448131;7980;3.9301736503189182;7980;4.02264473403119
7990;152.83669545579394;7990;0;7990;27.002777184362316;7990;504.46384444448131;7990;3.9301736503189182;7990;4.0345469527268287
8000;152.78786584063235;8000;0;8000;27.051606799523913;8000;504.46384444448131;8000;3.9301736503189182;8000;4.0330210272530289
8010;152.95876949369793;8010;0;8010;27.1614734336375;8010;504.50338741913066;8010;3.9301736503189182;8010;4.0284432508316295
8020;153.05642872402112;8020;0;8020;27.246925260170297;8020;504.50338741913066;8020;3.9301736503189182;8020;4.02600177007355
8030;152.97097689748833;8030;0;8030;27.246925260170297;8030;504.50338741913066;8030;3.9301736503189182;8030;4.0345469527268287
8040;152.80007324442275;8040;0;8040;27.185888241218297;8040;504.50338741913066;8040;3.9301736503189182;8040;4.0311899166844691
8050;152.86111026337474;8050;0;8050;27.1492660298471;8050;504.46384444448131;8050;3.9301736503189182;8050;4.02386547441023
8060;152.99539170506912;8060;0.012207403790398877;8060;27.283547471541493;8060;504.50338741913066;8060;3.9301736503189182;8060;4.0330210272530289
8070;152.92214728232673;8070;0;8070;27.454451124607075;8070;504.46384444448131;8070;3.9301736503189182;8070;4.0348521378215887
8080;152.95876949369793;8080;0;8080;27.430036317026275;8080;504.46384444448131;8080;3.9301736503189182;8080;4.0302743614001892
8090;152.99539170506912;8090;0;8090;27.405621509445478;8090;504.46384444448131;8090;3.9301736503189182;8090;4.02325510422071
8100;153.00759910885952;8100;0;8100;27.381206701864681;8100;504.42430146983185;8100;3.9301736503189182;8100;4.0357676931058686
8110;152.89773247474594;8110;0;8110;27.344584490493485;8110;504.42430146983185;8110;3.9301736503189182;8110;4.0333262123477889
8120;152.94656208990753;8120;0;8120;27.344584490493485;8120;504.38475849518244;8120;3.9301736503189182;8120;4.0278328806421095
8130;152.88552507095554;8130;0;8130;27.405621509445478;8130;504.38475849518244;8130;3.9301736503189182;8130;4.0284432508316295
8140;152.95876949369793;8140;0;8140;27.466658528397474;8140;504.38475849518244;8140;3.9301736503189182;8140;4.0354625080111086
8150;152.92214728232673;8150;0.012207403790398877;8150;27.576525162511061;8150;504.42430146983185;8150;3.9301736503189182;8150;4.032410657063509
8160;152.82448805200355;8160;0.012207403790398877;8160;27.527695547349467;8160;504.46384444448131;8160;3.9301736503189182;8160;4.02356028931547
8170;153.04422132023072;8170;0;8170;27.430036317026275;8170;504.46384444448131;8170;3.9301736503189182;8170;4.0336313974425488
8180;152.95876949369793;8180;0;8180;27.50328073976867;8180;504.42430146983185;8180;3.9301736503189182;8180;4.0348521378215887
8190;152.98318430127873;8190;0;8190;27.600939970091858;8190;504.42430146983185;8190;3.9301736503189182;8190;4.0308847315897092
8200;152.98318430127873;8200;0;8200;27.674184392834256;8200;504.46384444448131;8200;3.9301736503189182;8200;4.02447584459975
8210;152.92214728232673;8210;0;8210;27.72301400799585;8210;504.50338741913066;8210;3.9301736503189182;8210;4.0348521378215887
8220;152.83669545579394;8220;0;8220;27.747428815576647;8220;504.58247336842948;8220;3.9301736503189182;8220;4.032410657063509
8230;152.92214728232673;8230;0;8230;27.747428815576647;8230;504.46384444448131;8230;3.9301736503189182;8230;4.02630695516831
8240;153.00759910885952;8240;0;8240;27.784051026947843;8240;504.42430146983185;8240;3.9301736503189182;8240;4.0302743614001892
8250;152.92214728232673;8250;0;8250;27.796258430738241;8250;504.38475849518244;8250;3.9301736503189182;8250;4.0348521378215887
8260;152.89773247474594;8260;0;8260;27.906125064851832;8260;504.42430146983185;8260;3.9301736503189182;8260;4.0314951017792291
8270;152.88552507095554;8270;0;8270;27.80846583452864;8270;504.42430146983185;8270;3.9301736503189182;8270;4.02447584459975
8280;152.97097689748833;8280;0;8280;27.747428815576647;8280;504.42430146983185;8280;3.9301736503189182;8280;4.0351573229163487
8290;152.80007324442275;8290;0;8290;27.771843623157444;8290;504.38475849518244;8290;3.9301736503189182;8290;4.0333262123477889
8300;152.89773247474594;8300;0;8300;27.869502853480636;8300;504.38475849518244;8300;3.9301736503189182;8300;4.0290536210211494
8310;152.97097689748833;8310;0.024414807580797754;8310;27.991576891384621;8310;504.42430146983185;8310;3.9301736503189182;8310;4.02539139988403
8320;152.98318430127873;8320;0;8320;28.015991698965419;8320;504.46384444448131;8320;3.9301736503189182;8320;4.0354625080111086
8330;152.95876949369793;8330;0;8330;28.125858333079012;8330;504.46384444448131;8330;3.9301736503189182;8330;4.0311899166844691
8340;152.87331766716514;8340;0;8340;28.113650929288614;8340;504.42430146983185;8340;3.9301736503189182;8340;4.02356028931547
8350;152.92214728232673;8350;0.012207403790398877;8350;28.077028717917418;8350;504.50338741913066;8350;3.9301736503189182;8350;4.0314951017792291
8360;152.95876949369793;8360;0;8360;28.00378429517502;8360;504.46384444448131;8360;3.9301736503189182;8360;4.0351573229163487
8370;152.98318430127873;8370;0;8370;27.954954680013426;8370;504.42430146983185;8370;3.9301736503189182;8370;4.0308847315897092
8380;152.98318430127873;8380;0;8380;28.040406506546223;8380;504.46384444448131;8380;3.9301736503189182;8380;4.02325510422071
8390;152.95876949369793;8390;0;8390;28.174687948240607;8390;504.46384444448131;8390;3.9301736503189182;8390;4.0354625080111086
8400;152.76345103305155;8400;0;8400;28.211310159611802;8400;504.42430146983185;8400;3.9301736503189182;8400;4.0327158421582689
8410;152.83669545579394;8410;0.012207403790398877;8410;28.186895352031005;8410;504.42430146983185;8410;3.9301736503189182;8410;4.02752769554735
8420;152.95876949369793;8420;0;8420;28.2845545823542;8420;504.42430146983185;8420;3.9301736503189182;8420;4.02752769554735
8430;152.97097689748833;8430;0;8430;28.345591601306193;8430;504.42430146983185;8430;3.9301736503189182;8430;4.0354625080111086
8440;152.99539170506912;8440;0;8440;28.382213812677389;8440;504.46384444448131;8440;3.9301736503189182;8440;4.0314951017792291
8450;153.06863612781152;8450;0;8450;28.455458235419783;8450;504.38475849518244;8450;3.9301736503189182;8450;4.02447584459975
8460;153.11746574297311;8460;0.012207403790398877;8460;28.406628620258186;8460;504.38475849518244;8460;3.9301736503189182;8460;4.0336313974425488
8470;153.05642872402112;8470;0.012207403790398877;8470;28.394421216467787;8470;504.38475849518244;8470;3.9301736503189182;8470;4.0351573229163487
8480;152.94656208990753;8480;0;8480;28.37000640888699;8480;504.34521552053303;8480;3.9301736503189182;8480;4.0308847315897092
8490;152.94656208990753;8490;0;8490;28.321176793725396;8490;504.38475849518244;8490;3.9301736503189182;8490;4.02356028931547
8500;153.06863612781152;8500;0;8500;28.394421216467787;8500;504.42430146983185;8500;3.9301736503189182;8500;4.0351573229163487
8510;152.86111026337474;8510;0;8510;28.47987304300058;8510;504.42430146983185;8510;3.9301736503189182;8510;4.032105471968749
8520;152.99539170506912;8520;0;8520;28.492080446790979;8520;504.38475849518244;8520;3.9301736503189182;8520;4.02600177007355
8530;153.10525833918271;8530;0;8530;28.601947080904566;8530;504.42430146983185;8530;3.9301736503189182;8530;4.0281380657368695
8540;153.00759910885952;8540;0;8540;28.56532486953337;8540;504.38475849518244;8540;3.9301736503189182;8540;4.0354625080111086
8550;152.90993987853633;8550;0;8550;28.516495254371776;8550;504.46384444448131;8550;3.9301736503189182;8550;4.032105471968749
8560;152.88552507095554;8560;0;8560;28.601947080904566;8560;504.42430146983185;8560;3.9301736503189182;8560;4.02356028931547
8570;153.01980651264992;8570;0;8570;28.675191503646964;8570;504.38475849518244;8570;3.9301736503189182;8570;4.0345469527268287
8580;153.00759910885952;8580;0.024414807580797754;8580;28.687398907437363;8580;504.38475849518244;8580;3.9301736503189182;8580;4.0330210272530289
8590;152.92214728232673;8590;0.012207403790398877;8590;28.675191503646964;8590;504.38475849518244;8590;3.9301736503189182;8590;4.0287484359263894
8600;152.97097689748833;8600;0;8600;28.638569292275768;8600;504.38475849518244;8600;3.9301736503189182;8600;4.02508621478927
8610;153.14188055055391;8610;0;8610;28.662984099856565;8610;504.38475849518244;8610;3.9301736503189182;8610;4.0360728782006285
8620;152.97097689748833;8620;0.012207403790398877;8620;28.797265541550949;8620;504.34521552053303;8620;3.9301736503189182;8620;4.0314951017792291
8630;152.89773247474594;8630;0;8630;28.809472945341351;8630;504.38475849518244;8630;3.9301736503189182;8630;4.02447584459975
8640;152.92214728232673;8640;0;8640;28.797265541550949;8640;504.46384444448131;8640;3.9301736503189182;8640;4.0302743614001892
8650;152.87331766716514;8650;0.012207403790398877;8650;28.809472945341351;8650;504.38475849518244;8650;3.9301736503189182;8650;4.0360728782006285
8660;152.95876949369793;8660;0.036622211371196631;8660;28.90713217566454;8660;504.38475849518244;8660;3.9301736503189182;8660;4.032410657063509
8670;152.90993987853633;8670;0.024414807580797754;8670;28.858302560502946;8670;504.34521552053303;8670;3.9301736503189182;8670;4.02294991912595
8680;152.99539170506912;8680;0;8680;28.797265541550949;8680;504.38475849518244;8680;3.9301736503189182;8680;4.0348521378215887
8690;152.94656208990753;8690;0;8690;28.919339579454938;8690;504.42430146983185;8690;3.9301736503189182;8690;4.0333262123477889
8700;152.94656208990753;8700;0;8700;29.078035828730126;8700;504.42430146983185;8700;3.9301736503189182;8700;4.0284432508316295
8710;153.06863612781152;8710;0;8710;29.078035828730126;8710;504.42430146983185;8710;3.9301736503189182;8710;4.02600177007355
8720;153.09305093539231;8720;0;8720;29.065828424939728;8720;504.42430146983185;8720;3.9301736503189182;8720;4.0369884334849084
8730;153.04422132023072;8730;0;8730;29.151280251472517;8730;504.38475849518244;8730;3.9301736503189182;8730;4.0327158421582689
8740;153.01980651264992;8740;0;8740;29.151280251472517;8740;504.34521552053303;8740;3.9301736503189182;8740;4.02478102969451
8750;153.01980651264992;8750;0.012207403790398877;8750;29.236732078005311;8750;504.46384444448131;8750;3.9301736503189182;8750;4.0330210272530289
8760;152.89773247474594;8760;0;8760;29.139072847682119;8760;504.42430146983185;8760;3.9301736503189182;8760;4.0363780632953885
8770;152.86111026337474;8770;0;8770;29.090243232520525;8770;504.38475849518244;8770;3.9301736503189182;8770;4.032105471968749
8780;152.77565843684195;8780;0;8780;29.175695059053314;8780;504.42430146983185;8780;3.9301736503189182;8780;4.02356028931547
8790;152.88552507095554;8790;0;8790;29.187902462843713;8790;504.38475849518244;8790;3.9301736503189182;8790;4.0354625080111086
8800;152.83669545579394;8800;0;8800;29.200109866634115;8800;504.38475849518244;8800;3.9301736503189182;8800;4.032410657063509
8810;152.88552507095554;8810;0;8810;29.297769096957303;8810;504.38475849518244;8810;3.9301736503189182;8810;4.02752769554735
8820;152.98318430127873;8820;0;8820;29.3343913083285;8820;504.38475849518244;8820;3.9301736503189182;8820;4.02752769554735
8830;152.94656208990753;8830;0;8830;29.297769096957303;8830;504.42430146983185;8830;3.9301736503189182;8830;4.0357676931058686
8840;152.90993987853633;8840;0;8840;29.3954283272805;8840;504.46384444448131;8840;3.9301736503189182;8840;4.0330210272530289
8850;152.92214728232673;8850;0;8850;29.3954283272805;8850;504.42430146983185;8850;3.9301736503189182;8850;4.02386547441023
8860;153.00759910885952;8860;0;8860;29.3099765007477;8860;504.42430146983185;8860;3.9301736503189182;8860;4.032105471968749
8870;152.94656208990753;8870;0;8870;29.285561693166905;8870;504.38475849518244;8870;3.9301736503189182;8870;4.0354625080111086
8880;152.81228064821315;8880;0;8880;29.383220923490093;8880;504.38475849518244;8880;3.9301736503189182;8880;4.0308847315897092
8890;152.77565843684195;8890;0;8890;29.493087557603687;8890;504.38475849518244;8890;3.9301736503189182;8890;4.02356028931547
8900;152.90993987853633;8900;0;8900;29.566331980346078;8900;504.38475849518244;8900;3.9301736503189182;8900;4.0354625080111086
8910;152.78786584063235;8910;0;8910;29.554124576555679;8910;504.38475849518244;8910;3.9301736503189182;8910;4.0330210272530289
8920;152.92214728232673;8920;0;8920;29.590746787926882;8920;504.34521552053303;8920;3.9301736503189182;8920;4.0278328806421095
8930;153.06863612781152;8930;0;8930;29.700613422040469;8930;504.38475849518244;8930;3.9301736503189182;8930;4.02722251045259
8940;153.01980651264992;8940;0;8940;29.676198614459672;8940;504.34521552053303;8940;3.9301736503189182;8940;4.0357676931058686
8950;152.90993987853633;8950;0;8950;29.749443037202063;8950;504.34521552053303;8950;3.9301736503189182;8950;4.0327158421582689
8960;152.78786584063235;8960;0.024414807580797754;8960;29.737235633411665;8960;504.34521552053303;8960;3.9301736503189182;8960;4.02447584459975
8970;152.92214728232673;8970;0.048829615161595508;8970;29.663991210669273;8970;504.34521552053303;8970;3.9301736503189182;8970;4.0330210272530289
8980;152.89773247474594;8980;0.012207403790398877;8980;29.749443037202063;8980;504.38475849518244;8980;3.9301736503189182;8980;4.0348521378215887
8990;152.83669545579394;8990;0.012207403790398877;8990;29.737235633411665;8990;504.38475849518244;8990;3.9301736503189182;8990;4.0311899166844691
9000;152.92214728232673;9000;0.012207403790398877;9000;29.786065248573262;9000;504.38475849518244;9000;3.9301736503189182;9000;4.02447584459975
9010;153.05642872402112;9010;0;9010;29.834894863734856;9010;504.42430146983185;9010;3.9301736503189182;9010;4.0354625080111086
9020;152.78786584063235;9020;0;9020;29.895931882686849;9020;504.42430146983185;9020;3.9301736503189182;9020;4.0327158421582689
9030;152.81228064821315;9030;0;9030;29.895931882686849;9030;504.34521552053303;9030;3.9301736503189182;9030;4.02691732535783
9040;153.01980651264992;9040;0;9040;29.871517075106052;9040;504.42430146983185;9040;3.9301736503189182;9040;4.0287484359263894
9050;152.98318430127873;9050;0;9050;29.932554094058045;9050;504.46384444448131;9050;3.9301736503189182;9050;4.0357676931058686
9060;152.95876949369793;9060;0;9060;30.042420728171638;9060;504.42430146983185;9060;3.9301736503189182;9060;4.032105471968749
9070;152.89773247474594;9070;0;9070;29.981383709219646;9070;504.38475849518244;9070;3.9301736503189182;9070;4.02447584459975
9080;153.00759910885952;9080;0;9080;29.932554094058045;9080;504.46384444448131;9080;3.9301736503189182;9080;4.0351573229163487
9090;152.89773247474594;9090;0;9090;30.054628131962037;9090;504.42430146983185;9090;3.9301736503189182;9090;4.0336313974425488
9100;152.95876949369793;9100;0;9100;30.103457747123631;9100;504.34521552053303;9100;3.9301736503189182;9100;4.0287484359263894
9110;152.94656208990753;9110;0;9110;30.164494766075624;9110;504.30567254588368;9110;3.9301736503189182;9110;4.02478102969451
9120;152.87331766716514;9120;0;9120;30.140079958494827;9120;504.30567254588368;9120;3.9301736503189182;9120;4.0357676931058686
9130;152.82448805200355;9130;0;9130;30.249946592608417;9130;504.38475849518244;9130;3.9301736503189182;9130;4.032105471968749
9140;152.76345103305155;9140;0;9140;30.262153996398816;9140;504.38475849518244;9140;3.9301736503189182;9140;4.02478102969451
9150;152.94656208990753;9150;0;9150;30.176702169866026;9150;504.38475849518244;9150;3.9301736503189182;9150;4.0299691763054293
9160;152.98318430127873;9160;0;9160;30.140079958494827;9160;504.38475849518244;9160;3.9301736503189182;9160;4.0357676931058686
9170;152.97097689748833;9170;0;9170;30.176702169866026;9170;504.34521552053303;9170;3.9301736503189182;9170;4.032105471968749
9180;152.95876949369793;9180;0;9180;30.298776207770011;9180;504.26612957123422;9180;3.9301736503189182;9180;4.02294991912595
9190;152.89773247474594;9190;0;9190;30.335398419141207;9190;504.30567254588368;9190;3.9301736503189182;9190;4.0348521378215887
9200;152.67799920651873;9200;0;9200;30.347605822931605;9200;504.38475849518244;9200;3.9301736503189182;9200;4.0333262123477889
9210;152.86111026337474;9210;0;9210;30.372020630512409;9210;504.38475849518244;9210;3.9301736503189182;9210;4.0290536210211494
9220;152.92214728232673;9220;0;9220;30.384228034302808;9220;504.38475849518244;9220;3.9301736503189182;9220;4.02600177007355
9230;152.83669545579394;9230;0.012207403790398877;9230;30.4452650532548;9230;504.34521552053303;9230;3.9301736503189182;9230;4.0354625080111086
9240;152.90993987853633;9240;0;9240;30.579546494949188;9240;504.38475849518244;9240;3.9301736503189182;9240;4.032105471968749
9250;152.97097689748833;9250;0;9250;30.53071687978759;9250;504.38475849518244;9250;3.9301736503189182;9250;4.02478102969451
9260;153.01980651264992;9260;0;9260;30.542924283577989;9260;504.42430146983185;9260;3.9301736503189182;9260;4.032410657063509
9270;152.87331766716514;9270;0;9270;30.542924283577989;9270;504.42430146983185;9270;3.9301736503189182;9270;4.0357676931058686
9280;152.92214728232673;9280;0;9280;30.555131687368387;9280;504.38475849518244;9280;3.9301736503189182;9280;4.0311899166844691
9290;152.99539170506912;9290;0.012207403790398877;9290;30.628376110110782;9290;504.34521552053303;9290;3.9301736503189182;9290;4.02142399365215
9300;152.99539170506912;9300;0;9300;30.603961302529985;9300;504.34521552053303;9300;3.9301736503189182;9300;4.0333262123477889
9310;152.95876949369793;9310;0;9310;30.72603534043397;9310;504.38475849518244;9310;3.9301736503189182;9310;4.0314951017792291
9320;153.04422132023072;9320;0;9320;30.799279763176369;9320;504.34521552053303;9320;3.9301736503189182;9320;4.02630695516831
9330;153.05642872402112;9330;0;9330;30.799279763176369;9330;504.42430146983185;9330;3.9301736503189182;9330;4.02691732535783
9340;152.95876949369793;9340;0;9340;30.799279763176369;9340;504.42430146983185;9340;3.9301736503189182;9340;4.0357676931058686
9350;152.86111026337474;9350;0.024414807580797754;9350;30.811487166966767;9350;504.42430146983185;9350;3.9301736503189182;9350;4.0327158421582689
9360;152.89773247474594;9360;0;9360;30.835901974547564;9360;504.38475849518244;9360;3.9301736503189182;9360;4.02447584459975
9370;153.09305093539231;9370;0;9370;30.860316782128361;9370;504.38475849518244;9370;3.9301736503189182;9370;4.0330210272530289
9380;152.92214728232673;9380;0;9380;30.909146397289955;9380;504.34521552053303;9380;3.9301736503189182;9380;4.0345469527268287
9390;152.87331766716514;9390;0;9390;30.933561204870752;9390;504.34521552053303;9390;3.9301736503189182;9390;4.0302743614001892
9400;152.82448805200355;9400;0;9400;30.909146397289955;9400;504.38475849518244;9400;3.9301736503189182;9400;4.02325510422071
9410;152.95876949369793;9410;0;9410;30.909146397289955;9410;504.34521552053303;9410;3.9301736503189182;9410;4.0339365825373088
9420;152.88552507095554;9420;0;9420;30.945768608661151;9420;504.38475849518244;9420;3.9301736503189182;9420;4.0314951017792291
9430;152.82448805200355;9430;0;9430;31.043427838984343;9430;504.38475849518244;9430;3.9301736503189182;9430;4.02691732535783
9440;153.00759910885952;9440;0;9440;31.141087069307531;9440;504.42430146983185;9440;3.9301736503189182;9440;4.0287484359263894
9450;153.05642872402112;9450;0;9450;31.128879665517132;9450;504.38475849518244;9450;3.9301736503189182;9450;4.0351573229163487
9460;152.81228064821315;9460;0;9460;31.165501876888335;9460;504.34521552053303;9460;3.9301736503189182;9460;4.032105471968749
9470;152.81228064821315;9470;0;9470;31.104464857936335;9470;504.38475849518244;9470;3.9301736503189182;9470;4.02294991912595
9480;153.06863612781152;9480;0;9480;31.092257454145937;9480;504.34521552053303;9480;3.9301736503189182;9480;4.0336313974425488
9490;152.80007324442275;9490;0.012207403790398877;9490;31.128879665517132;9490;504.34521552053303;9490;3.9301736503189182;9490;4.0336313974425488
9500;152.88552507095554;9500;0.024414807580797754;9500;31.189916684469132;9500;504.38475849518244;9500;3.9301736503189182;9500;4.0296639912106693
9510;153.06863612781152;9510;0;9510;31.299783318582719;9510;504.42430146983185;9510;3.9301736503189182;9510;4.02447584459975
9520;152.98318430127873;9520;0;9520;31.324198126163516;9520;504.38475849518244;9520;3.9301736503189182;9520;4.0345469527268287
9530;152.83669545579394;9530;0.012207403790398877;9530;31.373027741325117;9530;504.34521552053303;9530;3.9301736503189182;9530;4.032410657063509
9540;152.87331766716514;9540;0;9540;31.373027741325117;9540;504.34521552053303;9540;3.9301736503189182;9540;4.02722251045259
9550;153.1662953581347;9550;0;9550;31.299783318582719;9550;504.34521552053303;9550;3.9301736503189182;9550;4.0308847315897092
9560;153.1662953581347;9560;0;9560;31.324198126163516;9560;504.38475849518244;9560;3.9301736503189182;9560;4.0345469527268287
9570;153.08084353160191;9570;0;9570;31.421857356486711;9570;504.42430146983185;9570;3.9301736503189182;9570;4.0314951017792291
9580;153.08084353160191;9580;0;9580;31.360820337534719;9580;504.42430146983185;9580;3.9301736503189182;9580;4.02356028931547
9590;153.05642872402112;9590;0;9590;31.397442548905914;9590;504.38475849518244;9590;3.9301736503189182;9590;4.0339365825373088
9600;152.92214728232673;9600;0;9600;31.43406476027711;9600;504.30567254588368;9600;3.9301736503189182;9600;4.032105471968749
9610;153.01980651264992;9610;0;9610;31.385235145115516;9610;504.34521552053303;9610;3.9301736503189182;9610;4.0287484359263894
9620;153.10525833918271;9620;0.024414807580797754;9620;31.495101779229103;9620;504.38475849518244;9620;3.9301736503189182;9620;4.02600177007355
9630;153.08084353160191;9630;0;9630;31.5439313943907;9630;504.38475849518244;9630;3.9301736503189182;9630;4.0345469527268287
9640;152.83669545579394;9640;0;9640;31.604968413342693;9640;504.34521552053303;9640;3.9301736503189182;9640;4.0327158421582689
9650;152.80007324442275;9650;0;9650;31.666005432294686;9650;504.30567254588368;9650;3.9301736503189182;9650;4.02600177007355
9660;153.11746574297311;9660;0;9660;31.62938322092349;9660;504.38475849518244;9660;3.9301736503189182;9660;4.032105471968749
9670;153.01980651264992;9670;0;9670;31.568346201971497;9670;504.38475849518244;9670;3.9301736503189182;9670;4.0345469527268287
9680;152.94656208990753;9680;0;9680;31.690420239875483;9680;504.34521552053303;9680;3.9301736503189182;9680;4.0314951017792291
9690;152.94656208990753;9690;0;9690;31.763664662617881;9690;504.38475849518244;9690;3.9301736503189182;9690;4.02356028931547
9700;153.01980651264992;9700;0;9700;31.763664662617881;9700;504.38475849518244;9700;3.9301736503189182;9700;4.0339365825373088
9710;152.95876949369793;9710;0.012207403790398877;9710;31.751457258827482;9710;504.38475849518244;9710;3.9301736503189182;9710;4.0327158421582689
9720;152.90993987853633;9720;0;9720;31.751457258827482;9720;504.38475849518244;9720;3.9301736503189182;9720;4.0287484359263894
9730;152.98318430127873;9730;0;9730;31.824701681569874;9730;504.38475849518244;9730;3.9301736503189182;9730;4.02752769554735
9740;152.97097689748833;9740;0.012207403790398877;9740;31.824701681569874;9740;504.30567254588368;9740;3.9301736503189182;9740;4.0339365825373088
9750;152.97097689748833;9750;0;9750;31.946775719473862;9750;504.34521552053303;9750;3.9301736503189182;9750;4.032105471968749
9760;152.98318430127873;9760;0;9760;31.922360911893062;9760;504.42430146983185;9760;3.9301736503189182;9760;4.02447584459975
9770;153.09305093539231;9770;0.012207403790398877;9770;31.934568315683464;9770;504.42430146983185;9770;3.9301736503189182;9770;4.0333262123477889
9780;153.00759910885952;9780;0;9780;31.995605334635457;9780;504.38475849518244;9780;3.9301736503189182;9780;4.0348521378215887
9790;152.90993987853633;9790;0;9790;31.897946104312265;9790;504.30567254588368;9790;3.9301736503189182;9790;4.0314951017792291
9800;152.94656208990753;9800;0;9800;31.897946104312265;9800;504.34521552053303;9800;3.9301736503189182;9800;4.02447584459975
9810;153.11746574297311;9810;0;9810;31.958983123264261;9810;504.30567254588368;9810;3.9301736503189182;9810;4.0345469527268287
9820;152.95876949369793;9820;0;9820;31.971190527054659;9820;504.34521552053303;9820;3.9301736503189182;9820;4.0330210272530289
9830;153.00759910885952;9830;0;9830;31.971190527054659;9830;504.34521552053303;9830;3.9301736503189182;9830;4.0281380657368695
9840;153.10525833918271;9840;0;9840;32.142094180120246;9840;504.38475849518244;9840;3.9301736503189182;9840;4.0302743614001892
9850;153.00759910885952;9850;0;9850;32.129886776329847;9850;504.34521552053303;9850;3.9301736503189182;9850;4.0351573229163487
9860;153.05642872402112;9860;0;9860;32.154301583910645;9860;504.34521552053303;9860;3.9301736503189182;9860;4.0333262123477889
9870;153.1785027619251;9870;0;9870;32.251960814233833;9870;504.38475849518244;9870;3.9301736503189182;9870;4.02539139988403
9880;153.1785027619251;9880;0.012207403790398877;9880;32.251960814233833;9880;504.34521552053303;9880;3.9301736503189182;9880;4.0339365825373088
9890;152.89773247474594;9890;0.012207403790398877;9890;32.27637562181463;9890;504.30567254588368;9890;3.9301736503189182;9890;4.0333262123477889
9900;152.95876949369793;9900;0.012207403790398877;9900;32.288583025605028;9900;504.30567254588368;9900;3.9301736503189182;9900;4.0308847315897092
9910;152.98318430127873;9910;0;9910;32.239753410443434;9910;504.34521552053303;9910;3.9301736503189182;9910;4.02569658497879
9920;152.92214728232673;9920;0;9920;32.33741264076663;9920;504.34521552053303;9920;3.9301736503189182;9920;4.0333262123477889
9930;152.92214728232673;9930;0;9930;32.361827448347427;9930;504.38475849518244;9930;3.9301736503189182;9930;4.032105471968749
9940;152.94656208990753;9940;0;9940;32.33741264076663;9940;504.34521552053303;9940;3.9301736503189182;9940;4.02722251045259
9950;152.88552507095554;9950;0.012207403790398877;9950;32.459486678670615;9950;504.34521552053303;9950;3.9301736503189182;9950;4.0311899166844691
9960;152.89773247474594;9960;0;9960;32.435071871089818;9960;504.30567254588368;9960;3.9301736503189182;9960;4.0339365825373088
9970;152.98318430127873;9970;0.024414807580797754;9970;32.435071871089818;9970;504.34521552053303;9970;3.9301736503189182;9970;4.032410657063509
9980;153.01980651264992;9980;0.012207403790398877;9980;32.398449659718622;9980;504.34521552053303;9980;3.9301736503189182;9980;4.02539139988403
9990;153.15408795434431;9990;0;9990;32.386242255928224;9990;504.30567254588368;9990;3.9301736503189182;9990;4.0339365825373088
10000;152.90993987853633;10000;0;10000;32.471694082461013;10000;504.26612957123422;10000;3.9301736503189182;10000;4.0314951017792291
10010;152.92214728232673;10010;0;10010;32.544938505203405;10010;504.26612957123422;10010;3.9301736503189182;10010;4.0296639912106693
10020;152.99539170506912;10020;0;10020;32.593768120365;10020;504.34521552053303;10020;3.9301736503189182;10020;4.0281380657368695
10030;153.04422132023072;10030;0.012207403790398877;10030;32.593768120365;10030;504.38475849518244;10030;3.9301736503189182;10030;4.0354625080111086
10040;153.01980651264992;10040;0.012207403790398877;10040;32.654805139316991;10040;504.38475849518244;10040;3.9301736503189182;10040;4.0333262123477889
10050;152.99539170506912;10050;0;10050;32.66701254310739;10050;504.34521552053303;10050;3.9301736503189182;10050;4.02722251045259
10060;153.05642872402112;10060;0;10060;32.654805139316991;10060;504.38475849518244;10060;3.9301736503189182;10060;4.0333262123477889
10070;153.04422132023072;10070;0;10070;32.72804956205939;10070;504.42430146983185;10070;3.9301736503189182;10070;4.0333262123477889
10080;152.92214728232673;10080;0;10080;32.789086581011382;10080;504.38475849518244;10080;3.9301736503189182;10080;4.0314951017792291
10090;152.83669545579394;10090;0;10090;32.691427350688187;10090;504.34521552053303;10090;3.9301736503189182;10090;4.02508621478927
10100;153.06863612781152;10100;0;10100;32.66701254310739;10100;504.34521552053303;10100;3.9301736503189182;10100;4.0339365825373088
10110;153.00759910885952;10110;0;10110;32.72804956205939;10110;504.30567254588368;10110;3.9301736503189182;10110;4.0314951017792291
10120;152.99539170506912;10120;0;10120;32.691427350688187;10120;504.26612957123422;10120;3.9301736503189182;10120;4.0287484359263894
10130;153.05642872402112;10130;0;10130;32.72804956205939;10130;504.30567254588368;10130;3.9301736503189182;10130;4.0287484359263894
10140;152.90993987853633;10140;0.012207403790398877;10140;32.740256965849788;10140;504.30567254588368;10140;3.9301736503189182;10140;4.0348521378215887
10150;152.82448805200355;10150;0.012207403790398877;10150;32.837916196172976;10150;504.34521552053303;10150;3.9301736503189182;10150;4.0333262123477889
10160;152.86111026337474;10160;0;10160;32.874538407544172;10160;504.34521552053303;10160;3.9301736503189182;10160;4.02539139988403
10170;152.97097689748833;10170;0;10170;32.862331003753773;10170;504.38475849518244;10170;3.9301736503189182;10170;4.0333262123477889
10180;152.87331766716514;10180;0;10180;32.898953215124969;10180;504.38475849518244;10180;3.9301736503189182;10180;4.0330210272530289
10190;152.88552507095554;10190;0;10190;32.94778283028657;10190;504.34521552053303;10190;3.9301736503189182;10190;4.032105471968749
10200;152.90993987853633;10200;0;10200;32.959990234076969;10200;504.34521552053303;10200;3.9301736503189182;10200;4.02630695516831
10210;152.97097689748833;10210;0;10210;33.03323465681936;10210;504.38475849518244;10210;3.9301736503189182;10210;4.0336313974425488
10220;152.88552507095554;10220;0;10220;33.069856868190556;10220;504.38475849518244;10220;3.9301736503189182;10220;4.0311899166844691
10230;152.80007324442275;10230;0;10230;33.045442060609759;10230;504.34521552053303;10230;3.9301736503189182;10230;4.0284432508316295
10240;152.87331766716514;10240;0;10240;33.082064271980954;10240;504.34521552053303;10240;3.9301736503189182;10240;4.0308847315897092
10250;152.90993987853633;10250;0;10250;33.118686483352157;10250;504.30567254588368;10250;3.9301736503189182;10250;4.0336313974425488
10260;152.87331766716514;10260;0;10260;33.179723502304149;10260;504.30567254588368;10260;3.9301736503189182;10260;4.032410657063509
10270;152.87331766716514;10270;0.024414807580797754;10270;33.155308694723352;10270;504.30567254588368;10270;3.9301736503189182;10270;4.02478102969451
10280;153.05642872402112;10280;0;10280;33.191930906094548;10280;504.34521552053303;10280;3.9301736503189182;10280;4.0330210272530289
10290;152.87331766716514;10290;0;10290;33.155308694723352;10290;504.26612957123422;10290;3.9301736503189182;10290;4.032410657063509
10300;152.94656208990753;10300;0;10300;33.130893887142555;10300;504.26612957123422;10300;3.9301736503189182;10300;4.0305795464949492
10310;153.05642872402112;10310;0;10310;33.240760521256142;10310;504.30567254588368;10310;3.9301736503189182;10310;4.02691732535783
10320;153.09305093539231;10320;0;10320;33.265175328836939;10320;504.34521552053303;10320;3.9301736503189182;10320;4.0345469527268287
10330;152.99539170506912;10330;0.012207403790398877;10330;33.387249366740932;10330;504.38475849518244;10330;3.9301736503189182;10330;4.032105471968749
10340;152.88552507095554;10340;0;10340;33.423871578112127;10340;504.34521552053303;10340;3.9301736503189182;10340;4.02691732535783
10350;152.89773247474594;10350;0.012207403790398877;10350;33.387249366740932;10350;504.38475849518244;10350;3.9301736503189182;10350;4.0302743614001892
10360;152.92214728232673;10360;0.012207403790398877;10360;33.436078981902526;10360;504.34521552053303;10360;3.9301736503189182;10360;4.0327158421582689
10370;152.97097689748833;10370;0;10370;33.460493789483323;10370;504.34521552053303;10370;3.9301736503189182;10370;4.0314951017792291
10380;152.98318430127873;10380;0;10380;33.48490859706412;10380;504.34521552053303;10380;3.9301736503189182;10380;4.02508621478927
10390;153.04422132023072;10390;0;10390;33.521530808435315;10390;504.38475849518244;10390;3.9301736503189182;10390;4.0345469527268287
10400;152.98318430127873;10400;0;10400;33.594775231177707;10400;504.34521552053303;10400;3.9301736503189182;10400;4.032105471968749
10410;153.08084353160191;10410;0;10410;33.57036042359691;10410;504.26612957123422;10410;3.9301736503189182;10410;4.0299691763054293
10420;153.08084353160191;10420;0;10420;33.509323404644917;10420;504.30567254588368;10420;3.9301736503189182;10420;4.0278328806421095
10430;153.00759910885952;10430;0;10430;33.509323404644917;10430;504.34521552053303;10430;3.9301736503189182;10430;4.0345469527268287
10440;152.88552507095554;10440;0;10440;33.545945616016112;10440;504.38475849518244;10440;3.9301736503189182;10440;4.032410657063509
10450;152.92214728232673;10450;0;10450;33.594775231177707;10450;504.30567254588368;10450;3.9301736503189182;10450;4.02539139988403
10460;153.05642872402112;10460;0;10460;33.6558122501297;10460;504.26612957123422;10460;3.9301736503189182;10460;4.032105471968749
10470;152.95876949369793;10470;0;10470;33.680227057710496;10470;504.26612957123422;10470;3.9301736503189182;10470;4.0327158421582689
10480;152.95876949369793;10480;0;10480;33.777886288033692;10480;504.34521552053303;10480;3.9301736503189182;10480;4.0311899166844691
10490;152.88552507095554;10490;0;10490;33.863338114566481;10490;504.38475849518244;10490;3.9301736503189182;10490;4.02478102969451
10500;152.90993987853633;10500;0;10500;33.680227057710496;10500;504.34521552053303;10500;3.9301736503189182;10500;4.0333262123477889
10510;152.87331766716514;10510;0;10510;33.680227057710496;10510;504.38475849518244;10510;3.9301736503189182;10510;4.0311899166844691
10520;152.99539170506912;10520;0;10520;33.851130710776083;10520;504.34521552053303;10520;3.9301736503189182;10520;4.0284432508316295
10530;153.04422132023072;10530;0;10530;33.924375133518481;10530;504.34521552053303;10530;3.9301736503189182;10530;4.0287484359263894
10540;152.90993987853633;10540;0.012207403790398877;10540;33.973204748680075;10540;504.34521552053303;10540;3.9301736503189182;10540;4.0339365825373088
10550;152.94656208990753;10550;0.012207403790398877;10550;33.93658253730888;10550;504.30567254588368;10550;3.9301736503189182;10550;4.0330210272530289
10560;153.01980651264992;10560;0;10560;33.973204748680075;10560;504.26612957123422;10560;3.9301736503189182;10560;4.02569658497879
10570;152.98318430127873;10570;0;10570;33.960997344889677;10570;504.30567254588368;10570;3.9301736503189182;10570;4.0330210272530289
10580;152.86111026337474;10580;0;10580;33.948789941099278;10580;504.34521552053303;10580;3.9301736503189182;10580;4.032105471968749
10590;152.94656208990753;10590;0;10590;34.046449171422466;10590;504.34521552053303;10590;3.9301736503189182;10590;4.0299691763054293
10600;152.90993987853633;10600;0.012207403790398877;10600;34.046449171422466;10600;504.30567254588368;10600;3.9301736503189182;10600;4.02447584459975
10610;153.09305093539231;10610;0;10610;34.034241767632068;10610;504.34521552053303;10610;3.9301736503189182;10610;4.0336313974425488
10620;153.00759910885952;10620;0;10620;34.119693594164865;10620;504.38475849518244;10620;3.9301736503189182;10620;4.0314951017792291
10630;152.94656208990753;10630;0;10630;34.217352824488053;10630;504.34521552053303;10630;3.9301736503189182;10630;4.02691732535783
10640;153.09305093539231;10640;0;10640;34.266182439649647;10640;504.34521552053303;10640;3.9301736503189182;10640;4.0305795464949492
10650;152.98318430127873;10650;0;10650;34.253975035859249;10650;504.34521552053303;10650;3.9301736503189182;10650;4.0351573229163487
10660;152.88552507095554;10660;0;10660;34.266182439649647;10660;504.34521552053303;10660;3.9301736503189182;10660;4.0314951017792291
10670;152.87331766716514;10670;0;10670;34.24176763206885;10670;504.30567254588368;10670;3.9301736503189182;10670;4.02325510422071
10680;152.87331766716514;10680;0;10680;34.278389843440053;10680;504.34521552053303;10680;3.9301736503189182;10680;4.0336313974425488
10690;152.71462141788993;10690;0;10690;34.315012054811248;10690;504.34521552053303;10690;3.9301736503189182;10690;4.0314951017792291
10700;152.95876949369793;10700;0;10700;34.339426862392045;10700;504.30567254588368;10700;3.9301736503189182;10700;4.0284432508316295
10710;153.14188055055391;10710;0;10710;34.437086092715234;10710;504.30567254588368;10710;3.9301736503189182;10710;4.02539139988403
10720;153.08084353160191;10720;0;10720;34.424878688924835;10720;504.30567254588368;10720;3.9301736503189182;10720;4.0345469527268287
10730;152.99539170506912;10730;0;10730;34.363841669972842;10730;504.34521552053303;10730;3.9301736503189182;10730;4.0314951017792291
10740;152.86111026337474;10740;0;10740;34.461500900296031;10740;504.30567254588368;10740;3.9301736503189182;10740;4.02478102969451
10750;152.95876949369793;10750;0;10750;34.510330515457625;10750;504.34521552053303;10750;3.9301736503189182;10750;4.0305795464949492
10760;153.05642872402112;10760;0;10760;34.510330515457625;10760;504.30567254588368;10760;3.9301736503189182;10760;4.0336313974425488
10770;152.92214728232673;10770;0;10770;34.583574938200016;10770;504.30567254588368;10770;3.9301736503189182;10770;4.0305795464949492
10780;152.82448805200355;10780;0.012207403790398877;10780;34.54695272682882;10780;504.18704362193535;10780;3.9301736503189182;10780;4.02356028931547
10790;152.90993987853633;10790;0.012207403790398877;10790;34.534745323038422;10790;504.26612957123422;10790;3.9301736503189182;10790;4.0348521378215887
10800;152.80007324442275;10800;0;10800;34.571367534409617;10800;504.30567254588368;10800;3.9301736503189182;10800;4.0314951017792291
10810;152.87331766716514;10810;0;10810;34.63240455336161;10810;504.30567254588368;10810;3.9301736503189182;10810;4.02752769554735
10820;152.95876949369793;10820;0;10820;34.705648976104008;10820;504.34521552053303;10820;3.9301736503189182;10820;4.02630695516831
10830;153.00759910885952;10830;0;10830;34.681234168523211;10830;504.30567254588368;10830;3.9301736503189182;10830;4.0345469527268287
10840;152.88552507095554;10840;0;10840;34.7544785912656;10840;504.30567254588368;10840;3.9301736503189182;10840;4.0314951017792291
10850;152.90993987853633;10850;0;10850;34.742271187475204;10850;504.30567254588368;10850;3.9301736503189182;10850;4.02356028931547
10860;153.14188055055391;10860;0;10860;34.656819360942407;10860;504.30567254588368;10860;3.9301736503189182;10860;4.032410657063509
10870;153.09305093539231;10870;0;10870;34.681234168523211;10870;504.26612957123422;10870;3.9301736503189182;10870;4.0336313974425488
10880;153.00759910885952;10880;0;10880;34.852137821588791;10880;504.26612957123422;10880;3.9301736503189182;10880;4.0299691763054293
10890;152.98318430127873;10890;0;10890;34.876552629169595;10890;504.26612957123422;10890;3.9301736503189182;10890;4.02294991912595
10900;153.05642872402112;10900;0;10900;34.8033082064272;10900;504.26612957123422;10900;3.9301736503189182;10900;4.0348521378215887
10910;152.86111026337474;10910;0;10910;34.864345225379196;10910;504.30567254588368;10910;3.9301736503189182;10910;4.0311899166844691
10920;152.81228064821315;10920;0.024414807580797754;10920;34.91317484054079;10920;504.30567254588368;10920;3.9301736503189182;10920;4.02630695516831
10930;152.97097689748833;10930;0.024414807580797754;10930;34.986419263283182;10930;504.30567254588368;10930;3.9301736503189182;10930;4.0290536210211494
10940;153.06863612781152;10940;0;10940;35.023041474654377;10940;504.30567254588368;10940;3.9301736503189182;10940;4.0348521378215887
10950;153.00759910885952;10950;0;10950;35.071871089815978;10950;504.34521552053303;10950;3.9301736503189182;10950;4.0308847315897092
10960;152.89773247474594;10960;0;10960;35.157322916348768;10960;504.30567254588368;10960;3.9301736503189182;10960;4.02233954893643
10970;153.00759910885952;10970;0;10970;35.120700704977573;10970;504.34521552053303;10970;3.9301736503189182;10970;4.0333262123477889
10980;153.00759910885952;10980;0;10980;35.084078493606377;10980;504.30567254588368;10980;3.9301736503189182;10980;4.0336313974425488
10990;152.94656208990753;10990;0;10990;35.047456282235174;10990;504.30567254588368;10990;3.9301736503189182;10990;4.0287484359263894
11000;153.04422132023072;11000;0;11000;35.084078493606377;11000;504.38475849518244;11000;3.9301736503189182;11000;4.02294991912595
11010;153.11746574297311;11010;0;11010;35.169530320139167;11010;504.34521552053303;11010;3.9301736503189182;11010;4.0348521378215887
11020;152.89773247474594;11020;0;11020;35.279396954252753;11020;504.26612957123422;11020;3.9301736503189182;11020;4.0305795464949492
11030;152.92214728232673;11030;0;11030;35.328226569414348;11030;504.26612957123422;11030;3.9301736503189182;11030;4.02325510422071
11040;153.01980651264992;11040;0;11040;35.279396954252753;11040;504.38475849518244;11040;3.9301736503189182;11040;4.0296639912106693
11050;152.97097689748833;11050;0;11050;35.267189550462355;11050;504.34521552053303;11050;3.9301736503189182;11050;4.0351573229163487
11060;153.01980651264992;11060;0;11060;35.425885799737536;11060;504.26612957123422;11060;3.9301736503189182;11060;4.0299691763054293
11070;153.05642872402112;11070;0;11070;35.438093203527934;11070;504.26612957123422;11070;3.9301736503189182;11070;4.02081362346263
11080;153.09305093539231;11080;0;11080;35.377056184575942;11080;504.26612957123422;11080;3.9301736503189182;11080;4.0339365825373088
11090;152.90993987853633;11090;0;11090;35.462508011108739;11090;504.30567254588368;11090;3.9301736503189182;11090;4.032105471968749
11100;152.83669545579394;11100;0;11100;35.547959837641528;11100;504.30567254588368;11100;3.9301736503189182;11100;4.02691732535783
11110;152.82448805200355;11110;0;11110;35.547959837641528;11110;504.26612957123422;11110;3.9301736503189182;11110;4.02447584459975
11120;152.92214728232673;11120;0;11120;35.523545030060731;11120;504.26612957123422;11120;3.9301736503189182;11120;4.0357676931058686
11130;152.99539170506912;11130;0;11130;35.608996856593521;11130;504.30567254588368;11130;3.9301736503189182;11130;4.0308847315897092
11140;152.94656208990753;11140;0;11140;35.596789452803122;11140;504.30567254588368;11140;3.9301736503189182;11140;4.02264473403119
11150;152.88552507095554;11150;0;11150;35.645619067964724;11150;504.26612957123422;11150;3.9301736503189182;11150;4.0311899166844691
11160;152.82448805200355;11160;0;11160;35.718863490707115;11160;504.18704362193535;11160;3.9301736503189182;11160;4.0351573229163487
11170;152.88552507095554;11170;0;11170;35.779900509659107;11170;504.34521552053303;11170;3.9301736503189182;11170;4.0299691763054293
11180;152.92214728232673;11180;0;11180;35.8165227210303;11180;504.34521552053303;11180;3.9301736503189182;11180;4.02111880855739
11190;153.09305093539231;11190;0.024414807580797754;11190;35.8165227210303;11190;504.30567254588368;11190;3.9301736503189182;11190;4.0351573229163487
11200;152.95876949369793;11200;0.012207403790398877;11200;35.853144932401506;11200;504.26612957123422;11200;3.9301736503189182;11200;4.032105471968749
11210;152.92214728232673;11210;0;11210;35.865352336191904;11210;504.26612957123422;11210;3.9301736503189182;11210;4.02539139988403
11220;152.90993987853633;11220;0;11220;35.9019745475631;11220;504.30567254588368;11220;3.9301736503189182;11220;4.02569658497879
11230;152.95876949369793;11230;0;11230;35.865352336191904;11230;504.26612957123422;11230;3.9301736503189182;11230;4.0354625080111086
11240;152.81228064821315;11240;0;11240;35.938596758934295;11240;504.26612957123422;11240;3.9301736503189182;11240;4.0305795464949492
11250;152.70241401409953;11250;0;11250;35.999633777886288;11250;504.26612957123422;11250;3.9301736503189182;11250;4.02081362346263
11260;152.90993987853633;11260;0;11260;35.975218970305491;11260;504.30567254588368;11260;3.9301736503189182;11260;4.032410657063509
11270;153.01980651264992;11270;0;11270;35.938596758934295;11270;504.26612957123422;11270;3.9301736503189182;11270;4.0336313974425488
11280;152.97097689748833;11280;0.012207403790398877;11280;35.9263893551439;11280;504.18704362193535;11280;3.9301736503189182;11280;4.02722251045259
11290;152.89773247474594;11290;0.024414807580797754;11290;36.072878200628686;11290;504.34521552053303;11290;3.9301736503189182;11290;4.02050843836787
11300;153.04422132023072;11300;0.024414807580797754;11300;36.133915219580679;11300;504.34521552053303;11300;3.9301736503189182;11300;4.0348521378215887
11310;152.92214728232673;11310;0;11310;36.109500411999882;11310;504.30567254588368;11310;3.9301736503189182;11310;4.0305795464949492
11320;152.99539170506912;11320;0;11320;36.133915219580679;11320;504.30567254588368;11320;3.9301736503189182;11320;4.02325510422071
11330;153.00759910885952;11330;0;11330;36.243781853694266;11330;504.30567254588368;11330;3.9301736503189182;11330;4.02691732535783
11340;152.99539170506912;11340;0;11340;36.243781853694266;11340;504.26612957123422;11340;3.9301736503189182;11340;4.0357676931058686
11350;152.94656208990753;11350;0;11350;36.280404065065461;11350;504.26612957123422;11350;3.9301736503189182;11350;4.0305795464949492
11360;152.94656208990753;11360;0;11360;36.353648487807853;11360;504.26612957123422;11360;3.9301736503189182;11360;4.0202032532731105
11370;153.08084353160191;11370;0;11370;36.37806329538865;11370;504.26612957123422;11370;3.9301736503189182;11370;4.0330210272530289
11380;152.82448805200355;11380;0;11380;36.341441084017454;11380;504.30567254588368;11380;3.9301736503189182;11380;4.0333262123477889
11390;152.94656208990753;11390;0;11390;36.317026276436657;11390;504.30567254588368;11390;3.9301736503189182;11390;4.0278328806421095
11400;153.14188055055391;11400;0;11400;36.414685506759845;11400;504.34521552053303;11400;3.9301736503189182;11400;4.02294991912595
11410;153.01980651264992;11410;0;11410;36.426892910550251;11410;504.34521552053303;11410;3.9301736503189182;11410;4.0369884334849084
11420;152.78786584063235;11420;0;11420;36.439100314340649;11420;504.30567254588368;11420;3.9301736503189182;11420;4.032410657063509
11430;152.95876949369793;11430;0;11430;36.475722525711845;11430;504.18704362193535;11430;3.9301736503189182;11430;4.02325510422071
11440;153.14188055055391;11440;0.012207403790398877;11440;36.536759544663838;11440;504.26612957123422;11440;3.9301736503189182;11440;4.0287484359263894
11450;152.99539170506912;11450;0;11450;36.59779656361583;11450;504.18704362193535;11450;3.9301736503189182;11450;4.0354625080111086
11460;152.92214728232673;11460;0;11460;36.634418774987033;11460;504.18704362193535;11460;3.9301736503189182;11460;4.0305795464949492
11470;152.87331766716514;11470;0.012207403790398877;11470;36.59779656361583;11470;504.26612957123422;11470;3.9301736503189182;11470;4.02111880855739
11480;152.98318430127873;11480;0;11480;36.512344737083041;11480;504.26612957123422;11480;3.9301736503189182;11480;4.0351573229163487
11490;152.86111026337474;11490;0;11490;36.561174352244635;11490;504.18704362193535;11490;3.9301736503189182;11490;4.0333262123477889
11500;152.95876949369793;11500;0;11500;36.732078005310221;11500;504.26612957123422;11500;3.9301736503189182;11500;4.02752769554735
11510;153.04422132023072;11510;0;11510;36.719870601519823;11510;504.30567254588368;11510;3.9301736503189182;11510;4.02478102969451
11520;152.94656208990753;11520;0;11520;36.622211371196634;11520;504.26612957123422;11520;3.9301736503189182;11520;4.0357676931058686
11530;152.88552507095554;11530;0;11530;36.695455793939026;11530;504.26612957123422;11530;3.9301736503189182;11530;4.0311899166844691
11540;152.87331766716514;11540;0;11540;36.768700216681417;11540;504.147500647286;11540;3.9301736503189182;11540;4.02294991912595
11550;152.97097689748833;11550;0;11550;36.817529831843018;11550;504.147500647286;11550;3.9301736503189182;11550;4.0314951017792291
11560;152.95876949369793;11560;0.036622211371196631;11560;36.817529831843018;11560;504.18704362193535;11560;3.9301736503189182;11560;4.0351573229163487
11570;152.94656208990753;11570;0.048829615161595508;11570;36.866359447004612;11570;504.26612957123422;11570;3.9301736503189182;11570;4.0299691763054293
11580;152.90993987853633;11580;0.036622211371196631;11580;36.9518112735374;11580;504.26612957123422;11580;3.9301736503189182;11580;4.02203436384167
11590;152.92214728232673;11590;0.036622211371196631;11590;36.927396465956605;11590;504.18704362193535;11590;3.9301736503189182;11590;4.0348521378215887
11600;152.81228064821315;11600;0;11600;36.841944639423815;11600;504.18704362193535;11600;3.9301736503189182;11600;4.032105471968749
11610;152.97097689748833;11610;0;11610;36.890774254585409;11610;504.30567254588368;11610;3.9301736503189182;11610;4.02630695516831
11620;153.15408795434431;11620;0;11620;37.025055696279793;11620;504.26612957123422;11620;3.9301736503189182;11620;4.02630695516831
11630;153.2273323770867;11630;0;11630;37.110507522812583;11630;504.18704362193535;11630;3.9301736503189182;11630;4.0363780632953885
11640;152.97097689748833;11640;0;11640;37.122714926602981;11640;504.26612957123422;11640;3.9301736503189182;11640;4.0327158421582689
11650;152.76345103305155;11650;0;11650;37.061677907650989;11650;504.30567254588368;11650;3.9301736503189182;11650;4.02294991912595
11660;152.97097689748833;11660;0;11660;37.147129734183778;11660;504.34521552053303;11660;3.9301736503189182;11660;4.0327158421582689
11670;153.04422132023072;11670;0;11670;37.256996368297372;11670;504.34521552053303;11670;3.9301736503189182;11670;4.0339365825373088
11680;153.08084353160191;11680;0;11680;37.220374156926177;11680;504.30567254588368;11680;3.9301736503189182;11680;4.0302743614001892
11690;153.06863612781152;11690;0;11690;37.208166753135778;11690;504.18704362193535;11690;3.9301736503189182;11690;4.02325510422071
11700;153.00759910885952;11700;0;11700;37.293618579668568;11700;504.26612957123422;11700;3.9301736503189182;11700;4.0348521378215887
11710;152.81228064821315;11710;0;11710;37.305825983458966;11710;504.26612957123422;11710;3.9301736503189182;11710;4.032105471968749
11720;152.92214728232673;11720;0.024414807580797754;11720;37.342448194830162;11720;504.26612957123422;11720;3.9301736503189182;11720;4.02630695516831
11730;153.04422132023072;11730;0.012207403790398877;11730;37.41569261757256;11730;504.30567254588368;11730;3.9301736503189182;11730;4.0287484359263894
11740;153.01980651264992;11740;0;11740;37.403485213782162;11740;504.26612957123422;11740;3.9301736503189182;11740;4.0354625080111086
11750;152.82448805200355;11750;0;11750;37.488937040314951;11750;504.18704362193535;11750;3.9301736503189182;11750;4.032105471968749
11760;152.80007324442275;11760;0;11760;37.427900021362959;11760;504.18704362193535;11760;3.9301736503189182;11760;4.02294991912595
11770;152.97097689748833;11770;0;11770;37.330240791039763;11770;504.30567254588368;11770;3.9301736503189182;11770;4.0345469527268287
11780;152.97097689748833;11780;0;11780;37.464522232734154;11780;504.30567254588368;11780;3.9301736503189182;11780;4.0345469527268287
11790;153.00759910885952;11790;0;11790;37.549974059266944;11790;504.26612957123422;11790;3.9301736503189182;11790;4.0296639912106693
11800;152.98318430127873;11800;0;11800;37.440107425153357;11800;504.18704362193535;11800;3.9301736503189182;11800;4.02386547441023
11810;152.97097689748833;11810;0;11810;37.537766655476545;11810;504.147500647286;11810;3.9301736503189182;11810;4.0351573229163487
11820;152.82448805200355;11820;0;11820;37.623218482009342;11820;504.147500647286;11820;3.9301736503189182;11820;4.0330210272530289
11830;152.98318430127873;11830;0;11830;37.611011078218944;11830;504.18704362193535;11830;3.9301736503189182;11830;4.0278328806421095
11840;153.1662953581347;11840;0;11840;37.672048097170936;11840;504.26612957123422;11840;3.9301736503189182;11840;4.0284432508316295
11850;152.98318430127873;11850;0;11850;37.708670308542132;11850;504.18704362193535;11850;3.9301736503189182;11850;4.0354625080111086
11860;152.87331766716514;11860;0;11860;37.708670308542132;11860;504.26612957123422;11860;3.9301736503189182;11860;4.032410657063509
11870;152.78786584063235;11870;0;11870;37.720877712332531;11870;504.26612957123422;11870;3.9301736503189182;11870;4.02356028931547
11880;152.90993987853633;11880;0;11880;37.769707327494125;11880;504.26612957123422;11880;3.9301736503189182;11880;4.0345469527268287
11890;152.83669545579394;11890;0;11890;37.745292519913328;11890;504.26612957123422;11890;3.9301736503189182;11890;4.0345469527268287
11900;152.95876949369793;11900;0.012207403790398877;11900;37.818536942655726;11900;504.18704362193535;11900;3.9301736503189182;11900;4.0308847315897092
11910;153.01980651264992;11910;0;11910;37.928403576769313;11910;504.26612957123422;11910;3.9301736503189182;11910;4.02478102969451
11920;152.99539170506912;11920;0;11920;37.928403576769313;11920;504.26612957123422;11920;3.9301736503189182;11920;4.0351573229163487
11930;152.98318430127873;11930;0;11930;37.965025788140508;11930;504.18704362193535;11930;3.9301736503189182;11930;4.0327158421582689
11940;152.90993987853633;11940;0;11940;37.989440595721305;11940;504.147500647286;11940;3.9301736503189182;11940;4.02691732535783
11950;153.10525833918271;11950;0;11950;37.86736655781732;11950;504.18704362193535;11950;3.9301736503189182;11950;4.0302743614001892
11960;152.98318430127873;11960;0.024414807580797754;11960;37.842951750236523;11960;504.26612957123422;11960;3.9301736503189182;11960;4.0354625080111086
11970;152.89773247474594;11970;0.024414807580797754;11970;37.95281838435011;11970;504.26612957123422;11970;3.9301736503189182;11970;4.0336313974425488
11980;152.99539170506912;11980;0;11980;38.0260628070925;11980;504.18704362193535;11980;3.9301736503189182;11980;4.02478102969451
11990;153.05642872402112;11990;0;11990;38.0504776146733;11990;504.147500647286;11990;3.9301736503189182;11990;4.0354625080111086
12000;152.86111026337474;12000;0;12000;38.123722037415689;12000;504.18704362193535;12000;3.9301736503189182;12000;4.0339365825373088
12010;152.86111026337474;12010;0;12010;38.123722037415689;12010;504.18704362193535;12010;3.9301736503189182;12010;4.0302743614001892
12020;153.00759910885952;12020;0;12020;38.062685018463696;12020;504.26612957123422;12020;3.9301736503189182;12020;4.02630695516831
12030;153.04422132023072;12030;0;12030;38.099307229834892;12030;504.26612957123422;12030;3.9301736503189182;12030;4.0348521378215887
12040;152.98318430127873;12040;0.012207403790398877;12040;38.196966460158087;12040;504.30567254588368;12040;3.9301736503189182;12040;4.032105471968749
12050;153.00759910885952;12050;0;12050;38.184759056367689;12050;504.26612957123422;12050;3.9301736503189182;12050;4.02600177007355
12060;153.06863612781152;12060;0;12060;38.196966460158087;12060;504.30567254588368;12060;3.9301736503189182;12060;4.0327158421582689
12070;153.00759910885952;12070;0;12070;38.148136844996486;12070;504.26612957123422;12070;3.9301736503189182;12070;4.0357676931058686
12080;152.94656208990753;12080;0;12080;38.209173863948486;12080;504.18704362193535;12080;3.9301736503189182;12080;4.0330210272530289
12090;152.89773247474594;12090;0;12090;38.294625690481276;12090;504.18704362193535;12090;3.9301736503189182;12090;4.02508621478927
12100;152.94656208990753;12100;0;12100;38.221381267738884;12100;504.147500647286;12100;3.9301736503189182;12100;4.0354625080111086
12110;152.72682882168033;12110;0;12110;38.184759056367689;12110;504.18704362193535;12110;3.9301736503189182;12110;4.0330210272530289
12120;152.92214728232673;12120;0;12120;38.160344248786885;12120;504.18704362193535;12120;3.9301736503189182;12120;4.0287484359263894
12130;153.11746574297311;12130;0.012207403790398877;12130;38.306833094271674;12130;504.18704362193535;12130;3.9301736503189182;12130;4.0278328806421095
12140;153.05642872402112;12140;0.012207403790398877;12140;38.392284920804471;12140;504.26612957123422;12140;3.9301736503189182;12140;4.0348521378215887
12150;152.98318430127873;12150;0.012207403790398877;12150;38.428907132175667;12150;504.18704362193535;12150;3.9301736503189182;12150;4.032410657063509
12160;152.97097689748833;12160;0;12160;38.428907132175667;12160;504.147500647286;12160;3.9301736503189182;12160;4.02600177007355
12170;153.04422132023072;12170;0;12170;38.441114535966065;12170;504.18704362193535;12170;3.9301736503189182;12170;4.0339365825373088
12180;152.92214728232673;12180;0.012207403790398877;12180;38.526566362498855;12180;504.18704362193535;12180;3.9301736503189182;12180;4.0345469527268287
12190;153.00759910885952;12190;0.012207403790398877;12190;38.56318857387005;12190;504.18704362193535;12190;3.9301736503189182;12190;4.0311899166844691
12200;153.05642872402112;12200;0;12200;38.599810785241253;12200;504.147500647286;12200;3.9301736503189182;12200;4.02478102969451
12210;153.01980651264992;12210;0.024414807580797754;12210;38.648640400402847;12210;504.147500647286;12210;3.9301736503189182;12210;4.0354625080111086
12220;152.88552507095554;12220;0;12220;38.685262611774043;12220;504.18704362193535;12220;3.9301736503189182;12220;4.032410657063509
12230;152.89773247474594;12230;0;12230;38.697470015564441;12230;504.18704362193535;12230;3.9301736503189182;12230;4.02722251045259
12240;153.01980651264992;12240;0;12240;38.685262611774043;12240;504.18704362193535;12240;3.9301736503189182;12240;4.0281380657368695
12250;153.00759910885952;12250;0.012207403790398877;12250;38.612018189031652;12250;504.18704362193535;12250;3.9301736503189182;12250;4.0348521378215887
12260;152.95876949369793;12260;0;12260;38.758507034516434;12260;504.18704362193535;12260;3.9301736503189182;12260;4.0327158421582689
12270;152.95876949369793;12270;0;12270;38.831751457258825;12270;504.18704362193535;12270;3.9301736503189182;12270;4.02478102969451
12280;153.05642872402112;12280;0;12280;38.819544053468427;12280;504.18704362193535;12280;3.9301736503189182;12280;4.0336313974425488
12290;152.87331766716514;12290;0;12290;38.843958861049224;12290;504.26612957123422;12290;3.9301736503189182;12290;4.0333262123477889
12300;152.94656208990753;12300;0;12300;38.880581072420419;12300;504.26612957123422;12300;3.9301736503189182;12300;4.0305795464949492
12310;152.90993987853633;12310;0.012207403790398877;12310;38.856166264839622;12310;504.18704362193535;12310;3.9301736503189182;12310;4.02600177007355
12320;152.86111026337474;12320;0;12320;38.856166264839622;12320;504.18704362193535;12320;3.9301736503189182;12320;4.0357676931058686
12330;152.88552507095554;12330;0;12330;38.941618091372412;12330;504.18704362193535;12330;3.9301736503189182;12330;4.0311899166844691
12340;152.90993987853633;12340;0;12340;38.917203283791615;12340;504.18704362193535;12340;3.9301736503189182;12340;4.02569658497879
12350;153.00759910885952;12350;0;12350;38.978240302743615;12350;504.18704362193535;12350;3.9301736503189182;12350;4.0302743614001892
12360;153.01980651264992;12360;0;12360;39.027069917905209;12360;504.147500647286;12360;3.9301736503189182;12360;4.0348521378215887
12370;152.99539170506912;12370;0;12370;39.039277321695607;12370;504.147500647286;12370;3.9301736503189182;12370;4.032410657063509
12380;152.89773247474594;12380;0;12380;39.027069917905209;12380;504.18704362193535;12380;3.9301736503189182;12380;4.02356028931547
12390;153.06863612781152;12390;0;12390;39.027069917905209;12390;504.30567254588368;12390;3.9301736503189182;12390;4.0345469527268287
12400;152.98318430127873;12400;0;12400;39.112521744438;12400;504.30567254588368;12400;3.9301736503189182;12400;4.0330210272530289
12410;152.99539170506912;12410;0;12410;39.0881069368572;12410;504.18704362193535;12410;3.9301736503189182;12410;4.0290536210211494
12420;153.06863612781152;12420;0;12420;39.149143955809194;12420;504.18704362193535;12420;3.9301736503189182;12420;4.02600177007355
12430;152.98318430127873;12430;0;12430;39.222388378551592;12430;504.147500647286;12430;3.9301736503189182;12430;4.0357676931058686
12440;152.94656208990753;12440;0;12440;39.283425397503585;12440;504.147500647286;12440;3.9301736503189182;12440;4.0327158421582689
12450;152.95876949369793;12450;0;12450;39.246803186132389;12450;504.147500647286;12450;3.9301736503189182;12450;4.02539139988403
12460;153.00759910885952;12460;0;12460;39.246803186132389;12460;504.18704362193535;12460;3.9301736503189182;12460;4.032410657063509
12470;152.83669545579394;12470;0;12470;39.332255012665179;12470;504.18704362193535;12470;3.9301736503189182;12470;4.0345469527268287
12480;152.72682882168033;12480;0;12480;39.320047608874781;12480;504.18704362193535;12480;3.9301736503189182;12480;4.0305795464949492
12490;152.76345103305155;12490;0;12490;39.332255012665179;12490;504.147500647286;12490;3.9301736503189182;12490;4.02356028931547
12500;152.88552507095554;12500;0;12500;39.320047608874781;12500;504.147500647286;12500;3.9301736503189182;12500;4.0354625080111086
12510;152.86111026337474;12510;0;12510;39.320047608874781;12510;504.26612957123422;12510;3.9301736503189182;12510;4.0327158421582689
12520;153.04422132023072;12520;0;12520;39.417706839197976;12520;504.147500647286;12520;3.9301736503189182;12520;4.02752769554735
12530;152.99539170506912;12530;0.012207403790398877;12530;39.442121646778773;12530;504.147500647286;12530;3.9301736503189182;12530;4.02722251045259
12540;152.90993987853633;12540;0;12540;39.454329050569171;12540;504.18704362193535;12540;3.9301736503189182;12540;4.0357676931058686
12550;152.99539170506912;12550;0;12550;39.478743858149969;12550;504.26612957123422;12550;3.9301736503189182;12550;4.0314951017792291
12560;152.99539170506912;12560;0;12560;39.454329050569171;12560;504.147500647286;12560;3.9301736503189182;12560;4.02356028931547
12570;152.99539170506912;12570;0;12570;39.454329050569171;12570;504.147500647286;12570;3.9301736503189182;12570;4.0330210272530289
12580;152.86111026337474;12580;0;12580;39.454329050569171;12580;504.147500647286;12580;3.9301736503189182;12580;4.0345469527268287
12590;152.88552507095554;12590;0;12590;39.539780877101961;12590;504.18704362193535;12590;3.9301736503189182;12590;4.0305795464949492
12600;152.94656208990753;12600;0;12600;39.539780877101961;12600;504.26612957123422;12600;3.9301736503189182;12600;4.02356028931547
12610;153.05642872402112;12610;0;12610;39.588610492263562;12610;504.26612957123422;12610;3.9301736503189182;12610;4.0351573229163487
12620;152.94656208990753;12620;0.061037018951994385;12620;39.649647511215555;12620;504.26612957123422;12620;3.9301736503189182;12620;4.032105471968749
12630;152.90993987853633;12630;0.048829615161595508;12630;39.722891933957946;12630;504.18704362193535;12630;3.9301736503189182;12630;4.02691732535783
12640;152.94656208990753;12640;0;12640;39.796136356700337;12640;504.147500647286;12640;3.9301736503189182;12640;4.0290536210211494
12650;153.00759910885952;12650;0.012207403790398877;12650;39.759514145329142;12650;504.10795767263659;12650;3.9301736503189182;12650;4.0354625080111086
12660;153.01980651264992;12660;0;12660;39.783928952909939;12660;504.26612957123422;12660;3.9301736503189182;12660;4.0314951017792291
12670;152.92214728232673;12670;0;12670;39.832758568071533;12670;504.26612957123422;12670;3.9301736503189182;12670;4.02264473403119
12680;152.95876949369793;12680;0;12680;39.881588183233127;12680;504.26612957123422;12680;3.9301736503189182;12680;4.0336313974425488
12690;152.88552507095554;12690;0;12690;39.796136356700337;12690;504.18704362193535;12690;3.9301736503189182;12690;4.0336313974425488
12700;153.08084353160191;12700;0;12700;39.844965971861932;12700;504.18704362193535;12700;3.9301736503189182;12700;4.0290536210211494
12710;153.01980651264992;12710;0;12710;39.979247413556322;12710;504.18704362193535;12710;3.9301736503189182;12710;4.02356028931547
12720;153.04422132023072;12720;0;12720;39.918210394604323;12720;504.18704362193535;12720;3.9301736503189182;12720;4.0348521378215887
12730;153.00759910885952;12730;0;12730;39.954832605975525;12730;504.26612957123422;12730;3.9301736503189182;12730;4.0308847315897092
12740;153.00759910885952;12740;0;12740;40.040284432508315;12740;504.18704362193535;12740;3.9301736503189182;12740;4.02447584459975
12750;153.1785027619251;12750;0.012207403790398877;12750;40.089114047669909;12750;504.147500647286;12750;3.9301736503189182;12750;4.0299691763054293
12760;153.06863612781152;12760;0;12760;40.113528855250706;12760;504.147500647286;12760;3.9301736503189182;12760;4.0354625080111086
12770;152.94656208990753;12770;0.012207403790398877;12770;40.076906643879511;12770;504.18704362193535;12770;3.9301736503189182;12770;4.032105471968749
12780;152.88552507095554;12780;0.012207403790398877;12780;40.089114047669909;12780;504.147500647286;12780;3.9301736503189182;12780;4.02325510422071
12790;152.94656208990753;12790;0;12790;40.174565874202706;12790;504.147500647286;12790;3.9301736503189182;12790;4.0345469527268287
12800;152.81228064821315;12800;0;12800;40.186773277993105;12800;504.147500647286;12800;3.9301736503189182;12800;4.032410657063509
12810;152.92214728232673;12810;0.024414807580797754;12810;40.186773277993105;12810;504.147500647286;12810;3.9301736503189182;12810;4.0284432508316295
12820;152.95876949369793;12820;0.048829615161595508;12820;40.2111880855739;12820;504.147500647286;12820;3.9301736503189182;12820;4.02600177007355
12830;152.97097689748833;12830;0.012207403790398877;12830;40.2233954893643;12830;504.147500647286;12830;3.9301736503189182;12830;4.0357676931058686
12840;152.88552507095554;12840;0;12840;40.272225104525894;12840;504.10795767263659;12840;3.9301736503189182;12840;4.032410657063509
12850;152.81228064821315;12850;0;12850;40.296639912106691;12850;504.06841469798718;12850;3.9301736503189182;12850;4.02447584459975
12860;152.90993987853633;12860;0;12860;40.272225104525894;12860;504.147500647286;12860;3.9301736503189182;12860;4.032105471968749
12870;152.98318430127873;12870;0;12870;40.2478102969451;12870;504.18704362193535;12870;3.9301736503189182;12870;4.0354625080111086
12880;153.08084353160191;12880;0;12880;40.321054719687488;12880;504.18704362193535;12880;3.9301736503189182;12880;4.0308847315897092
12890;152.98318430127873;12890;0;12890;40.406506546220278;12890;504.30567254588368;12890;3.9301736503189182;12890;4.02233954893643
12900;152.94656208990753;12900;0;12900;40.540787987914669;12900;504.26612957123422;12900;3.9301736503189182;12900;4.0339365825373088
12910;152.80007324442275;12910;0;12910;40.577410199285865;12910;504.18704362193535;12910;3.9301736503189182;12910;4.032105471968749
12920;153.04422132023072;12920;0;12920;40.540787987914669;12920;504.147500647286;12920;3.9301736503189182;12920;4.02722251045259
12930;153.1662953581347;12930;0;12930;40.552995391705068;12930;504.10795767263659;12930;3.9301736503189182;12930;4.02630695516831
12940;152.95876949369793;12940;0;12940;40.504165776543466;12940;504.10795767263659;12940;3.9301736503189182;12940;4.0351573229163487
12950;152.80007324442275;12950;0;12950;40.601825006866662;12950;504.10795767263659;12950;3.9301736503189182;12950;4.0314951017792291
12960;152.89773247474594;12960;0.012207403790398877;12960;40.638447218237857;12960;504.10795767263659;12960;3.9301736503189182;12960;4.02325510422071
12970;153.06863612781152;12970;0.012207403790398877;12970;40.577410199285865;12970;504.18704362193535;12970;3.9301736503189182;12970;4.0330210272530289
12980;152.89773247474594;12980;0;12980;40.61403241065706;12980;504.147500647286;12980;3.9301736503189182;12980;4.0339365825373088
12990;152.88552507095554;12990;0;12990;40.687276833399451;12990;504.26612957123422;12990;3.9301736503189182;12990;4.0299691763054293
13000;152.95876949369793;13000;0;13000;40.650654622028256;13000;504.26612957123422;13000;3.9301736503189182;13000;4.02325510422071
13010;152.98318430127873;13010;0;13010;40.638447218237857;13010;504.147500647286;13010;3.9301736503189182;13010;4.0351573229163487
13020;152.83669545579394;13020;0.012207403790398877;13020;40.784936063722654;13020;504.147500647286;13020;3.9301736503189182;13020;4.032105471968749
13030;152.89773247474594;13030;0.012207403790398877;13030;40.784936063722654;13030;504.147500647286;13030;3.9301736503189182;13030;4.02600177007355
13040;152.98318430127873;13040;0.012207403790398877;13040;40.711691640980249;13040;504.18704362193535;13040;3.9301736503189182;13040;4.0287484359263894
13050;152.92214728232673;13050;0;13050;40.797143467513052;13050;504.147500647286;13050;3.9301736503189182;13050;4.0354625080111086
13060;152.89773247474594;13060;0.012207403790398877;13060;40.931424909207436;13060;504.147500647286;13060;3.9301736503189182;13060;4.0311899166844691
13070;153.00759910885952;13070;0;13070;40.931424909207436;13070;504.147500647286;13070;3.9301736503189182;13070;4.02203436384167
13080;153.14188055055391;13080;0;13080;40.907010101626639;13080;504.147500647286;13080;3.9301736503189182;13080;4.0336313974425488
13090;152.88552507095554;13090;0;13090;41.004669331949827;13090;504.147500647286;13090;3.9301736503189182;13090;4.0330210272530289
13100;152.89773247474594;13100;0;13100;41.138950773644218;13100;504.18704362193535;13100;3.9301736503189182;13100;4.0278328806421095
13110;152.92214728232673;13110;0;13110;41.090121158482617;13110;504.147500647286;13110;3.9301736503189182;13110;4.02386547441023
13120;152.95876949369793;13120;0;13120;41.016876735740226;13120;504.18704362193535;13120;3.9301736503189182;13120;4.0354625080111086
13130;152.95876949369793;13130;0;13130;41.041291543321023;13130;504.18704362193535;13130;3.9301736503189182;13130;4.0305795464949492
13140;152.97097689748833;13140;0;13140;41.090121158482617;13140;504.147500647286;13140;3.9301736503189182;13140;4.02386547441023
13150;153.04422132023072;13150;0;13150;41.151158177434617;13150;504.147500647286;13150;3.9301736503189182;13150;4.0299691763054293
13160;153.04422132023072;13160;0;13160;41.114535966063421;13160;504.10795767263659;13160;3.9301736503189182;13160;4.0354625080111086
13170;152.97097689748833;13170;0;13170;41.077913754692219;13170;504.147500647286;13170;3.9301736503189182;13170;4.0311899166844691
13180;152.92214728232673;13180;0;13180;41.175572985015414;13180;504.147500647286;13180;3.9301736503189182;13180;4.02203436384167
13190;152.97097689748833;13190;0;13190;41.21219519638661;13190;504.10795767263659;13190;3.9301736503189182;13190;4.0348521378215887
13200;152.80007324442275;13200;0;13200;41.090121158482617;13200;504.06841469798718;13200;3.9301736503189182;13200;4.032410657063509
13210;152.86111026337474;13210;0;13210;41.236610003967407;13210;504.147500647286;13210;3.9301736503189182;13210;4.02722251045259
13220;152.97097689748833;13220;0;13220;41.383098849452189;13220;504.26612957123422;13220;3.9301736503189182;13220;4.02508621478927
13230;152.99539170506912;13230;0;13230;41.2976470229194;13230;504.18704362193535;13230;3.9301736503189182;13230;4.0360728782006285
13240;152.87331766716514;13240;0;13240;41.334269234290595;13240;504.147500647286;13240;3.9301736503189182;13240;4.032410657063509
13250;152.87331766716514;13250;0;13250;41.346476638080993;13250;504.147500647286;13250;3.9301736503189182;13250;4.02356028931547
13260;153.00759910885952;13260;0;13260;41.37089144566179;13260;504.10795767263659;13260;3.9301736503189182;13260;4.0314951017792291
13270;152.88552507095554;13270;0.024414807580797754;13270;41.395306253242588;13270;504.147500647286;13270;3.9301736503189182;13270;4.0357676931058686
13280;152.90993987853633;13280;0;13280;41.419721060823385;13280;504.18704362193535;13280;3.9301736503189182;13280;4.0302743614001892
13290;152.92214728232673;13290;0;13290;41.505172887356181;13290;504.147500647286;13290;3.9301736503189182;13290;4.02142399365215
13300;152.97097689748833;13300;0;13300;41.541795098727377;13300;504.18704362193535;13300;3.9301736503189182;13300;4.0348521378215887
13310;152.90993987853633;13310;0;13310;41.590624713888971;13310;504.26612957123422;13310;3.9301736503189182;13310;4.0308847315897092
13320;152.90993987853633;13320;0;13320;41.615039521469768;13320;504.26612957123422;13320;3.9301736503189182;13320;4.02569658497879
13330;152.97097689748833;13330;0;13330;41.639454329050565;13330;504.30567254588368;13330;3.9301736503189182;13330;4.02691732535783
13340;153.04422132023072;13340;0;13340;41.60283211767937;13340;504.18704362193535;13340;3.9301736503189182;13340;4.0357676931058686
13350;152.99539170506912;13350;0;13350;41.627246925260167;13350;504.26612957123422;13350;3.9301736503189182;13350;4.0311899166844691
13360;152.94656208990753;13360;0;13360;41.773735770744956;13360;504.18704362193535;13360;3.9301736503189182;13360;4.02233954893643
13370;152.95876949369793;13370;0;13370;41.724906155583362;13370;504.147500647286;13370;3.9301736503189182;13370;4.0333262123477889
13380;152.82448805200355;13380;0;13380;41.737113559373761;13380;504.10795767263659;13380;3.9301736503189182;13380;4.0339365825373088
13390;152.77565843684195;13390;0;13390;41.883602404858543;13390;504.10795767263659;13390;3.9301736503189182;13390;4.0281380657368695
13400;152.80007324442275;13400;0.012207403790398877;13400;41.895809808648941;13400;504.10795767263659;13400;3.9301736503189182;13400;4.02142399365215
13410;153.01980651264992;13410;0;13410;41.846980193487347;13410;504.10795767263659;13410;3.9301736503189182;13410;4.0351573229163487
13420;152.81228064821315;13420;0;13420;41.846980193487347;13420;504.10795767263659;13420;3.9301736503189182;13420;4.0308847315897092
13430;152.95876949369793;13430;0;13430;41.932432020020137;13430;504.147500647286;13430;3.9301736503189182;13430;4.02447584459975
13440;153.11746574297311;13440;0;13440;41.981261635181731;13440;504.26612957123422;13440;3.9301736503189182;13440;4.0287484359263894
13450;153.00759910885952;13450;0;13450;41.944639423810536;13450;504.147500647286;13450;3.9301736503189182;13450;4.0372936185796684
13460;152.90993987853633;13460;0;13460;41.99346903897213;13460;504.147500647286;13460;3.9301736503189182;13460;4.0311899166844691
13470;152.88552507095554;13470;0;13470;42.078920865504919;13470;504.18704362193535;13470;3.9301736503189182;13470;4.02050843836787
13480;152.89773247474594;13480;0;13480;42.042298654133724;13480;504.147500647286;13480;3.9301736503189182;13480;4.0336313974425488
13490;152.80007324442275;13490;0;13490;42.042298654133724;13490;504.18704362193535;13490;3.9301736503189182;13490;4.0333262123477889
13500;152.86111026337474;13500;0;13500;42.176580095828122;13500;504.26612957123422;13500;3.9301736503189182;13500;4.02752769554735
13510;152.95876949369793;13510;0;13510;42.262031922360912;13510;504.26612957123422;13510;3.9301736503189182;13510;4.02356028931547
13520;153.04422132023072;13520;0;13520;42.164372692037723;13520;504.147500647286;13520;3.9301736503189182;13520;4.0363780632953885
13530;152.81228064821315;13530;0;13530;42.200994903408919;13530;504.147500647286;13530;3.9301736503189182;13530;4.0311899166844691
13540;152.80007324442275;13540;0;13540;42.237617114780114;13540;504.10795767263659;13540;3.9301736503189182;13540;4.02203436384167
13550;152.89773247474594;13550;0;13550;42.262031922360912;13550;504.147500647286;13550;3.9301736503189182;13550;4.0290536210211494
13560;152.87331766716514;13560;0;13560;42.27423932615131;13560;504.147500647286;13560;3.9301736503189182;13560;4.0360728782006285
13570;152.94656208990753;13570;0;13570;42.286446729941716;13570;504.147500647286;13570;3.9301736503189182;13570;4.0305795464949492
13580;152.83669545579394;13580;0;13580;42.359691152684107;13580;504.147500647286;13580;3.9301736503189182;13580;4.02142399365215
13590;152.90993987853633;13590;0;13590;42.33527634510331;13590;504.10795767263659;13590;3.9301736503189182;13590;4.0360728782006285
13600;152.83669545579394;13600;0;13600;42.371898556474505;13600;504.147500647286;13600;3.9301736503189182;13600;4.0339365825373088
13610;153.00759910885952;13610;0;13610;42.384105960264904;13610;504.10795767263659;13610;3.9301736503189182;13610;4.02691732535783
13620;152.98318430127873;13620;0;13620;42.384105960264904;13620;504.10795767263659;13620;3.9301736503189182;13620;4.02478102969451
13630;152.97097689748833;13630;0;13630;42.384105960264904;13630;504.10795767263659;13630;3.9301736503189182;13630;4.0360728782006285
13640;152.89773247474594;13640;0;13640;42.4329355754265;13640;504.147500647286;13640;3.9301736503189182;13640;4.0311899166844691
13650;152.77565843684195;13650;0;13650;42.567217017120882;13650;504.147500647286;13650;3.9301736503189182;13650;4.02264473403119
13660;153.08084353160191;13660;0;13660;42.628254036072875;13660;504.147500647286;13660;3.9301736503189182;13660;4.032105471968749
13670;153.05642872402112;13670;0;13670;42.603839228492077;13670;504.10795767263659;13670;3.9301736503189182;13670;4.0354625080111086
13680;152.95876949369793;13680;0.012207403790398877;13680;42.603839228492077;13680;504.147500647286;13680;3.9301736503189182;13680;4.0302743614001892
13690;152.97097689748833;13690;0;13690;42.542802209540085;13690;504.147500647286;13690;3.9301736503189182;13690;4.02111880855739
13700;152.87331766716514;13700;0;13700;42.57942442091128;13700;504.147500647286;13700;3.9301736503189182;13700;4.0348521378215887
13710;152.72682882168033;13710;0;13710;42.603839228492077;13710;504.10795767263659;13710;3.9301736503189182;13710;4.032410657063509
13720;152.92214728232673;13720;0;13720;42.567217017120882;13720;504.06841469798718;13720;3.9301736503189182;13720;4.02691732535783
13730;152.98318430127873;13730;0;13730;42.689291055024874;13730;504.10795767263659;13730;3.9301736503189182;13730;4.0281380657368695
13740;152.88552507095554;13740;0;13740;42.774742881557664;13740;504.10795767263659;13740;3.9301736503189182;13740;4.0369884334849084
13750;152.81228064821315;13750;0.012207403790398877;13750;42.835779900509657;13750;504.10795767263659;13750;3.9301736503189182;13750;4.032105471968749
13760;152.95876949369793;13760;0;13760;42.884609515671265;13760;504.10795767263659;13760;3.9301736503189182;13760;4.02294991912595
13770;153.2029175695059;13770;0;13770;42.921231727042461;13770;504.147500647286;13770;3.9301736503189182;13770;4.0339365825373088
13780;153.05642872402112;13780;0;13780;42.860194708090454;13780;504.147500647286;13780;3.9301736503189182;13780;4.0354625080111086
13790;152.97097689748833;13790;0.024414807580797754;13790;42.872402111880866;13790;504.147500647286;13790;3.9301736503189182;13790;4.0302743614001892
13800;152.86111026337474;13800;0;13800;42.933439130832859;13800;504.147500647286;13800;3.9301736503189182;13800;4.02325510422071
13810;152.92214728232673;13810;0;13810;42.982268745994453;13810;504.147500647286;13810;3.9301736503189182;13810;4.0354625080111086
13820;152.90993987853633;13820;0;13820;42.994476149784852;13820;504.147500647286;13820;3.9301736503189182;13820;4.0314951017792291
13830;152.88552507095554;13830;0;13830;42.933439130832859;13830;504.10795767263659;13830;3.9301736503189182;13830;4.02478102969451
13840;152.95876949369793;13840;0;13840;42.970061342204055;13840;504.18704362193535;13840;3.9301736503189182;13840;4.0287484359263894
13850;152.97097689748833;13850;0;13850;43.00668355357525;13850;504.147500647286;13850;3.9301736503189182;13850;4.0363780632953885
13860;152.95876949369793;13860;0;13860;43.128757591479236;13860;504.18704362193535;13860;3.9301736503189182;13860;4.0314951017792291
13870;152.97097689748833;13870;0;13870;43.140964995269634;13870;504.147500647286;13870;3.9301736503189182;13870;4.02142399365215
13880;153.05642872402112;13880;0;13880;43.128757591479236;13880;504.10795767263659;13880;3.9301736503189182;13880;4.0348521378215887
13890;152.81228064821315;13890;0;13890;43.128757591479236;13890;504.147500647286;13890;3.9301736503189182;13890;4.0345469527268287
13900;152.81228064821315;13900;0;13900;43.226416821802424;13900;504.147500647286;13900;3.9301736503189182;13900;4.0287484359263894
13910;152.89773247474594;13910;0;13910;43.275246436964018;13910;504.10795767263659;13910;3.9301736503189182;13910;4.02447584459975
13920;153.06863612781152;13920;0;13920;43.275246436964018;13920;504.147500647286;13920;3.9301736503189182;13920;4.0357676931058686
13930;152.99539170506912;13930;0;13930;43.226416821802424;13930;504.18704362193535;13930;3.9301736503189182;13930;4.032105471968749
13940;152.94656208990753;13940;0;13940;43.226416821802424;13940;504.10795767263659;13940;3.9301736503189182;13940;4.02508621478927
13950;152.95876949369793;13950;0.012207403790398877;13950;43.275246436964018;13950;504.10795767263659;13950;3.9301736503189182;13950;4.0314951017792291
13960;152.92214728232673;13960;0;13960;43.275246436964018;13960;504.10795767263659;13960;3.9301736503189182;13960;4.0360728782006285
13970;152.89773247474594;13970;0;13970;43.287453840754416;13970;504.18704362193535;13970;3.9301736503189182;13970;4.0308847315897092
13980;152.83669545579394;13980;0.024414807580797754;13980;43.324076052125612;13980;504.147500647286;13980;3.9301736503189182;13980;4.02142399365215
13990;153.00759910885952;13990;0;13990;43.4339426862392;13990;504.147500647286;13990;3.9301736503189182;13990;4.0345469527268287
14000;152.98318430127873;14000;0;14000;43.4339426862392;14000;504.18704362193535;14000;3.9301736503189182;14000;4.0327158421582689
14010;152.97097689748833;14010;0;14010;43.470564897610394;14010;504.10795767263659;14010;3.9301736503189182;14010;4.02722251045259
14020;152.95876949369793;14020;0;14020;43.458357493819996;14020;504.10795767263659;14020;3.9301736503189182;14020;4.02569658497879
14030;153.00759910885952;14030;0;14030;43.4339426862392;14030;504.06841469798718;14030;3.9301736503189182;14030;4.0369884334849084
14040;152.94656208990753;14040;0;14040;43.617053743095177;14040;504.06841469798718;14040;3.9301736503189182;14040;4.032410657063509
14050;152.81228064821315;14050;0;14050;43.604846339304778;14050;504.10795767263659;14050;3.9301736503189182;14050;4.02325510422071
14060;152.97097689748833;14060;0;14060;43.59263893551438;14060;504.147500647286;14060;3.9301736503189182;14060;4.032410657063509
14070;152.98318430127873;14070;0;14070;43.702505569627981;14070;504.18704362193535;14070;3.9301736503189182;14070;4.0357676931058686
14080;152.90993987853633;14080;0;14080;43.763542588579973;14080;504.147500647286;14080;3.9301736503189182;14080;4.0314951017792291
14090;152.83669545579394;14090;0;14090;43.763542588579973;14090;504.10795767263659;14090;3.9301736503189182;14090;4.02264473403119
14100;152.80007324442275;14100;0;14100;43.726920377208778;14100;504.10795767263659;14100;3.9301736503189182;14100;4.0360728782006285
14110;152.78786584063235;14110;0;14110;43.690298165837582;14110;504.147500647286;14110;3.9301736503189182;14110;4.0333262123477889
14120;152.90993987853633;14120;0;14120;43.714712973418379;14120;504.06841469798718;14120;3.9301736503189182;14120;4.02630695516831
14130;152.98318430127873;14130;0;14130;43.824579607531966;14130;504.06841469798718;14130;3.9301736503189182;14130;4.0278328806421095
14140;153.08084353160191;14140;0;14140;43.763542588579973;14140;504.10795767263659;14140;3.9301736503189182;14140;4.0372936185796684
14150;152.98318430127873;14150;0;14150;43.800164799951169;14150;504.147500647286;14150;3.9301736503189182;14150;4.0333262123477889
14160;152.88552507095554;14160;0;14160;43.91003143406477;14160;504.10795767263659;14160;3.9301736503189182;14160;4.02356028931547
14170;153.00759910885952;14170;0;14170;43.861201818903176;14170;504.147500647286;14170;3.9301736503189182;14170;4.0339365825373088
14180;152.90993987853633;14180;0.012207403790398877;14180;43.861201818903176;14180;504.147500647286;14180;3.9301736503189182;14180;4.0345469527268287
14190;152.87331766716514;14190;0.012207403790398877;14190;43.958861049226364;14190;504.147500647286;14190;3.9301736503189182;14190;4.0299691763054293
14200;152.90993987853633;14200;0;14200;44.080935087130349;14200;504.147500647286;14200;3.9301736503189182;14200;4.02447584459975
14210;153.00759910885952;14210;0;14210;43.99548326059756;14210;504.10795767263659;14210;3.9301736503189182;14210;4.0357676931058686
14220;152.87331766716514;14220;0;14220;44.007690664387958;14220;504.147500647286;14220;3.9301736503189182;14220;4.032410657063509
14230;152.92214728232673;14230;0;14230;44.105349894711146;14230;504.10795767263659;14230;3.9301736503189182;14230;4.02569658497879
14240;153.01980651264992;14240;0;14240;44.068727683339951;14240;504.06841469798718;14240;3.9301736503189182;14240;4.0296639912106693
14250;152.92214728232673;14250;0;14250;44.032105471968755;14250;504.06841469798718;14250;3.9301736503189182;14250;4.0369884334849084
14260;152.88552507095554;14260;0;14260;44.117557298501545;14260;504.06841469798718;14260;3.9301736503189182;14260;4.0327158421582689
14270;152.90993987853633;14270;0.024414807580797754;14270;44.190801721243936;14270;504.06841469798718;14270;3.9301736503189182;14270;4.02325510422071
14280;153.00759910885952;14280;0.012207403790398877;14280;44.203009125034335;14280;504.10795767263659;14280;3.9301736503189182;14280;4.0348521378215887
14290;152.92214728232673;14290;0;14290;44.178594317453538;14290;504.10795767263659;14290;3.9301736503189182;14290;4.0336313974425488
14300;152.95876949369793;14300;0;14300;44.215216528824733;14300;504.147500647286;14300;3.9301736503189182;14300;4.0296639912106693
14310;152.94656208990753;14310;0;14310;44.312875759147921;14310;504.147500647286;14310;3.9301736503189182;14310;4.02508621478927
14320;152.95876949369793;14320;0.012207403790398877;14320;44.276253547776726;14320;504.10795767263659;14320;3.9301736503189182;14320;4.0351573229163487
14330;152.90993987853633;14330;0.012207403790398877;14330;44.361705374309516;14330;504.10795767263659;14330;3.9301736503189182;14330;4.0311899166844691
14340;152.90993987853633;14340;0;14340;44.312875759147921;14340;504.06841469798718;14340;3.9301736503189182;14340;4.02478102969451
14350;153.05642872402112;14350;0;14350;44.264046143986327;14350;504.06841469798718;14350;3.9301736503189182;14350;4.032105471968749
14360;153.08084353160191;14360;0;14360;44.349497970519117;14360;504.06841469798718;14360;3.9301736503189182;14360;4.0360728782006285
14370;153.05642872402112;14370;0;14370;44.459364604632704;14370;504.10795767263659;14370;3.9301736503189182;14370;4.032105471968749
14380;153.00759910885952;14380;0;14380;44.4837794122135;14380;504.10795767263659;14380;3.9301736503189182;14380;4.02294991912595
14390;153.06863612781152;14390;0;14390;44.41053498947111;14390;504.06841469798718;14390;3.9301736503189182;14390;4.0339365825373088
14400;152.89773247474594;14400;0;14400;44.422742393261508;14400;504.06841469798718;14400;3.9301736503189182;14400;4.032410657063509
14410;153.05642872402112;14410;0;14410;44.4959868160039;14410;504.147500647286;14410;3.9301736503189182;14410;4.02752769554735
14420;153.04422132023072;14420;0;14420;44.532609027375095;14420;504.147500647286;14420;3.9301736503189182;14420;4.02600177007355
14430;152.89773247474594;14430;0;14430;44.532609027375095;14430;504.147500647286;14430;3.9301736503189182;14430;4.0354625080111086
14440;152.92214728232673;14440;0;14440;44.6302682576983;14440;504.147500647286;14440;3.9301736503189182;14440;4.032410657063509
14450;153.04422132023072;14450;0;14450;44.654683065279094;14450;504.06841469798718;14450;3.9301736503189182;14450;4.02386547441023
14460;153.04422132023072;14460;0;14460;44.581438642536689;14460;504.06841469798718;14460;3.9301736503189182;14460;4.032105471968749
14470;152.88552507095554;14470;0;14470;44.581438642536689;14470;504.06841469798718;14470;3.9301736503189182;14470;4.0339365825373088
14480;152.95876949369793;14480;0;14480;44.703512680440689;14480;504.06841469798718;14480;3.9301736503189182;14480;4.0299691763054293
14490;152.97097689748833;14490;0.012207403790398877;14490;44.679097872859892;14490;504.10795767263659;14490;3.9301736503189182;14490;4.02264473403119
14500;152.98318430127873;14500;0.012207403790398877;14500;44.618060853907885;14500;504.147500647286;14500;3.9301736503189182;14500;4.0354625080111086
14510;152.82448805200355;14510;0.012207403790398877;14510;44.715720084231087;14510;504.10795767263659;14510;3.9301736503189182;14510;4.0336313974425488
14520;153.00759910885952;14520;0;14520;44.727927488021486;14520;504.06841469798718;14520;3.9301736503189182;14520;4.02722251045259
14530;153.08084353160191;14530;0;14530;44.715720084231087;14530;504.06841469798718;14530;3.9301736503189182;14530;4.02752769554735
14540;152.92214728232673;14540;0;14540;44.752342295602283;14540;504.06841469798718;14540;3.9301736503189182;14540;4.0363780632953885
14550;152.86111026337474;14550;0;14550;44.813379314554275;14550;504.06841469798718;14550;3.9301736503189182;14550;4.0330210272530289
14560;152.92214728232673;14560;0;14560;44.813379314554275;14560;504.06841469798718;14560;3.9301736503189182;14560;4.02325510422071
14570;153.10525833918271;14570;0;14570;44.911038544877471;14570;504.10795767263659;14570;3.9301736503189182;14570;4.0336313974425488
14580;152.88552507095554;14580;0;14580;44.923245948667869;14580;504.06841469798718;14580;3.9301736503189182;14580;4.0339365825373088
14590;152.83669545579394;14590;0;14590;45.020905178991057;14590;504.06841469798718;14590;3.9301736503189182;14590;4.0299691763054293
14600;153.01980651264992;14600;0;14600;45.094149601733449;14600;504.147500647286;14600;3.9301736503189182;14600;4.02386547441023
14610;153.10525833918271;14610;0;14610;45.045319986571855;14610;504.10795767263659;14610;3.9301736503189182;14610;4.0357676931058686
14620;152.95876949369793;14620;0;14620;45.069734794152652;14620;504.10795767263659;14620;3.9301736503189182;14620;4.0327158421582689
14630;153.00759910885952;14630;0;14630;45.057527390362253;14630;504.10795767263659;14630;3.9301736503189182;14630;4.02600177007355
14640;153.14188055055391;14640;0;14640;45.057527390362253;14640;504.06841469798718;14640;3.9301736503189182;14640;4.0290536210211494
14650;152.98318430127873;14650;0;14650;45.069734794152652;14650;504.02887172333772;14650;3.9301736503189182;14650;4.0348521378215887
14660;152.89773247474594;14660;0;14660;45.16739402447584;14660;504.06841469798718;14660;3.9301736503189182;14660;4.032410657063509
14670;152.94656208990753;14670;0;14670;45.16739402447584;14670;504.02887172333772;14670;3.9301736503189182;14670;4.02356028931547
14680;152.99539170506912;14680;0;14680;45.16739402447584;14680;504.06841469798718;14680;3.9301736503189182;14680;4.0345469527268287
14690;152.80007324442275;14690;0.012207403790398877;14690;45.204016235847035;14690;504.10795767263659;14690;3.9301736503189182;14690;4.0333262123477889
14700;152.97097689748833;14700;0.012207403790398877;14700;45.265053254799035;14700;504.10795767263659;14700;3.9301736503189182;14700;4.0290536210211494
14710;153.00759910885952;14710;0.012207403790398877;14710;45.289468062379832;14710;504.10795767263659;14710;3.9301736503189182;14710;4.02508621478927
14720;152.94656208990753;14720;0;14720;45.191808832056637;14720;504.147500647286;14720;3.9301736503189182;14720;4.0351573229163487
14730;152.94656208990753;14730;0;14730;45.204016235847035;14730;504.10795767263659;14730;3.9301736503189182;14730;4.0327158421582689
14740;152.94656208990753;14740;0;14740;45.313882869960629;14740;504.06841469798718;14740;3.9301736503189182;14740;4.02539139988403
14750;153.05642872402112;14750;0;14750;45.362712485122223;14750;504.10795767263659;14750;3.9301736503189182;14750;4.032105471968749
14760;152.97097689748833;14760;0;14760;45.362712485122223;14760;504.10795767263659;14760;3.9301736503189182;14760;4.0354625080111086
14770;152.83669545579394;14770;0.012207403790398877;14770;45.38712729270302;14770;504.10795767263659;14770;3.9301736503189182;14770;4.032410657063509
14780;152.88552507095554;14780;0.024414807580797754;14780;45.399334696493419;14780;504.10795767263659;14780;3.9301736503189182;14780;4.02325510422071
14790;153.08084353160191;14790;0;14790;45.42374950407423;14790;504.06841469798718;14790;3.9301736503189182;14790;4.0336313974425488
14800;152.90993987853633;14800;0;14800;45.38712729270302;14800;504.10795767263659;14800;3.9301736503189182;14800;4.0330210272530289
14810;152.95876949369793;14810;0;14810;45.448164311655027;14810;504.147500647286;14810;3.9301736503189182;14810;4.0290536210211494
14820;152.92214728232673;14820;0;14820;45.545823541978216;14820;504.06841469798718;14820;3.9301736503189182;14820;4.02508621478927
14830;152.92214728232673;14830;0.012207403790398877;14830;45.484786523026223;14830;504.02887172333772;14830;3.9301736503189182;14830;4.0348521378215887
14840;152.98318430127873;14840;0.024414807580797754;14840;45.472579119235824;14840;504.02887172333772;14840;3.9301736503189182;14840;4.0311899166844691
14850;153.09305093539231;14850;0;14850;45.484786523026223;14850;504.06841469798718;14850;3.9301736503189182;14850;4.02569658497879
14860;153.08084353160191;14860;0.012207403790398877;14860;45.558030945768614;14860;504.147500647286;14860;3.9301736503189182;14860;4.032105471968749
14870;152.98318430127873;14870;0;14870;45.6678975798822;14870;504.10795767263659;14870;3.9301736503189182;14870;4.0351573229163487
14880;153.06863612781152;14880;0;14880;45.741142002624592;14880;504.06841469798718;14880;3.9301736503189182;14880;4.0314951017792291
14890;153.09305093539231;14890;0;14890;45.6801049836726;14890;504.06841469798718;14890;3.9301736503189182;14890;4.02356028931547
14900;153.1785027619251;14900;0;14900;45.716727195043795;14900;504.06841469798718;14900;3.9301736503189182;14900;4.0348521378215887
14910;152.95876949369793;14910;0;14910;45.6801049836726;14910;504.02887172333772;14910;3.9301736503189182;14910;4.032410657063509
14920;152.98318430127873;14920;0;14920;45.6678975798822;14920;504.06841469798718;14920;3.9301736503189182;14920;4.0287484359263894
14930;153.10525833918271;14930;0;14930;45.741142002624592;14930;504.10795767263659;14930;3.9301736503189182;14930;4.02722251045259
14940;153.00759910885952;14940;0;14940;45.692312387463;14940;504.147500647286;14940;3.9301736503189182;14940;4.0354625080111086
14950;152.90993987853633;14950;0;14950;45.6801049836726;14950;504.18704362193535;14950;3.9301736503189182;14950;4.0333262123477889
14960;152.89773247474594;14960;0;14960;45.692312387463;14960;504.147500647286;14960;3.9301736503189182;14960;4.02600177007355
14970;152.82448805200355;14970;0.024414807580797754;14970;45.6801049836726;14970;504.10795767263659;14970;3.9301736503189182;14970;4.0327158421582689
14980;152.70241401409953;14980;0.024414807580797754;14980;45.753349406414991;14980;504.06841469798718;14980;3.9301736503189182;14980;4.0339365825373088
14990;152.80007324442275;14990;0;14990;45.875423444318983;14990;504.10795767263659;14990;3.9301736503189182;14990;4.0314951017792291
15000;152.97097689748833;15000;0;15000;45.89983825189978;15000;504.10795767263659;15000;3.9301736503189182;15000;4.02478102969451
15010;153.06863612781152;15010;0;15010;45.912045655690179;15010;504.06841469798718;15010;3.9301736503189182;15010;4.0348521378215887
15020;152.89773247474594;15020;0.024414807580797754;15020;45.875423444318983;15020;504.10795767263659;15020;3.9301736503189182;15020;4.032410657063509
15030;152.95876949369793;15030;0.012207403790398877;15030;45.838801232947787;15030;504.10795767263659;15030;3.9301736503189182;15030;4.0281380657368695
15040;153.04422132023072;15040;0;15040;45.973082674642171;15040;504.06841469798718;15040;3.9301736503189182;15040;4.0281380657368695
15050;153.01980651264992;15050;0.012207403790398877;15050;45.98529007843257;15050;504.06841469798718;15050;3.9301736503189182;15050;4.0351573229163487
15060;153.01980651264992;15060;0.024414807580797754;15060;45.948667867061374;15060;504.10795767263659;15060;3.9301736503189182;15060;4.0330210272530289
15070;152.90993987853633;15070;0.024414807580797754;15070;46.009704886013374;15070;504.10795767263659;15070;3.9301736503189182;15070;4.02508621478927
15080;152.95876949369793;15080;0.024414807580797754;15080;46.119571520126961;15080;504.10795767263659;15080;3.9301736503189182;15080;4.0336313974425488
15090;152.92214728232673;15090;0;15090;46.143986327707758;15090;504.10795767263659;15090;3.9301736503189182;15090;4.0348521378215887
15100;152.95876949369793;15100;0;15100;46.058534501174968;15100;504.10795767263659;15100;3.9301736503189182;15100;4.0314951017792291
15110;153.00759910885952;15110;0.024414807580797754;15110;45.98529007843257;15110;504.10795767263659;15110;3.9301736503189182;15110;4.02478102969451
15120;153.00759910885952;15120;0.024414807580797754;15120;46.095156712546164;15120;504.10795767263659;15120;3.9301736503189182;15120;4.0339365825373088
15130;152.83669545579394;15130;0.012207403790398877;15130;46.241645558030946;15130;504.147500647286;15130;3.9301736503189182;15130;4.032105471968749
15140;152.82448805200355;15140;0;15140;46.156193731498156;15140;504.147500647286;15140;3.9301736503189182;15140;4.02722251045259
15150;152.97097689748833;15150;0.012207403790398877;15150;46.241645558030946;15150;504.147500647286;15150;3.9301736503189182;15150;4.0302743614001892
15160;152.92214728232673;15160;0.012207403790398877;15160;46.241645558030946;15160;504.06841469798718;15160;3.9301736503189182;15160;4.0357676931058686
15170;152.98318430127873;15170;0.012207403790398877;15170;46.156193731498156;15170;504.10795767263659;15170;3.9301736503189182;15170;4.0333262123477889
15180;153.00759910885952;15180;0.024414807580797754;15180;46.119571520126961;15180;504.10795767263659;15180;3.9301736503189182;15180;4.02478102969451
15190;153.01980651264992;15190;0;15190;46.180608539078953;15190;504.06841469798718;15190;3.9301736503189182;15190;4.0336313974425488
15200;152.89773247474594;15200;0;15200;46.180608539078953;15200;504.06841469798718;15200;3.9301736503189182;15200;4.0333262123477889
15210;153.01980651264992;15210;0;15210;46.143986327707758;15210;504.06841469798718;15210;3.9301736503189182;15210;4.0299691763054293
15220;153.09305093539231;15220;0.024414807580797754;15220;46.180608539078953;15220;504.06841469798718;15220;3.9301736503189182;15220;4.02539139988403
15230;153.04422132023072;15230;0.024414807580797754;15230;46.119571520126961;15230;504.02887172333772;15230;3.9301736503189182;15230;4.0345469527268287
15240;153.00759910885952;15240;0.012207403790398877;15240;46.168401135288555;15240;504.10795767263659;15240;3.9301736503189182;15240;4.0330210272530289
15250;152.95876949369793;15250;0;15250;46.217230750450149;15250;504.10795767263659;15250;3.9301736503189182;15250;4.02722251045259
15260;153.06863612781152;15260;0.012207403790398877;15260;46.241645558030946;15260;504.06841469798718;15260;3.9301736503189182;15260;4.0311899166844691
15270;153.11746574297311;15270;0;15270;46.217230750450149;15270;503.98932874868837;15270;3.9301736503189182;15270;4.0345469527268287
15280;153.00759910885952;15280;0.024414807580797754;15280;46.278267769402142;15280;504.02887172333772;15280;3.9301736503189182;15280;4.032410657063509
15290;152.92214728232673;15290;0.024414807580797754;15290;46.266060365611743;15290;504.06841469798718;15290;3.9301736503189182;15290;4.02478102969451
15300;152.99539170506912;15300;0;15300;46.217230750450149;15300;504.06841469798718;15300;3.9301736503189182;15300;4.0339365825373088
15310;152.87331766716514;15310;0;15310;46.168401135288555;15310;504.06841469798718;15310;3.9301736503189182;15310;4.032410657063509
15320;152.92214728232673;15320;0.012207403790398877;15320;46.241645558030946;15320;504.10795767263659;15320;3.9301736503189182;15320;4.0290536210211494
15330;152.98318430127873;15330;0.061037018951994385;15330;46.241645558030946;15330;504.147500647286;15330;3.9301736503189182;15330;4.02722251045259
15340;153.00759910885952;15340;0.048829615161595508;15340;46.168401135288555;15340;504.10795767263659;15340;3.9301736503189182;15340;4.0348521378215887
15350;152.92214728232673;15350;0;15350;46.217230750450149;15350;504.06841469798718;15350;3.9301736503189182;15350;4.032410657063509
15360;152.89773247474594;15360;0;15360;46.168401135288555;15360;504.06841469798718;15360;3.9301736503189182;15360;4.02600177007355
15370;153.08084353160191;15370;0.012207403790398877;15370;46.119571520126961;15370;504.10795767263659;15370;3.9301736503189182;15370;4.0330210272530289
15380;153.01980651264992;15380;0.036622211371196631;15380;46.180608539078953;15380;504.02887172333772;15380;3.9301736503189182;15380;4.0336313974425488
15390;152.87331766716514;15390;0.036622211371196631;15390;46.192815942869352;15390;504.02887172333772;15390;3.9301736503189182;15390;4.0314951017792291
15400;152.88552507095554;15400;0.024414807580797754;15400;46.180608539078953;15400;504.06841469798718;15400;3.9301736503189182;15400;4.02539139988403
15410;153.06863612781152;15410;0.036622211371196631;15410;46.241645558030946;15410;504.147500647286;15410;3.9301736503189182;15410;4.0351573229163487
15420;152.92214728232673;15420;0.024414807580797754;15420;46.278267769402142;15420;504.10795767263659;15420;3.9301736503189182;15420;4.032410657063509
15430;152.95876949369793;15430;0;15430;46.20502334665975;15430;504.02887172333772;15430;3.9301736503189182;15430;4.0284432508316295
15440;153.15408795434431;15440;0;15440;46.156193731498156;15440;504.10795767263659;15440;3.9301736503189182;15440;4.0287484359263894
15450;153.10525833918271;15450;0;15450;46.168401135288555;15450;504.06841469798718;15450;3.9301736503189182;15450;4.0348521378215887
15460;153.05642872402112;15460;0;15460;46.192815942869352;15460;504.02887172333772;15460;3.9301736503189182;15460;4.0327158421582689
15470;153.06863612781152;15470;0.036622211371196631;15470;46.192815942869352;15470;504.02887172333772;15470;3.9301736503189182;15470;4.02539139988403
15480;153.04422132023072;15480;0.036622211371196631;15480;46.119571520126961;15480;504.02887172333772;15480;3.9301736503189182;15480;4.0333262123477889
15490;152.95876949369793;15490;0.012207403790398877;15490;46.143986327707758;15490;504.02887172333772;15490;3.9301736503189182;15490;4.0330210272530289
15500;153.05642872402112;15500;0.024414807580797754;15500;46.143986327707758;15500;504.02887172333772;15500;3.9301736503189182;15500;4.0308847315897092
15510;153.05642872402112;15510;0.012207403790398877;15510;46.143986327707758;15510;504.06841469798718;15510;3.9301736503189182;15510;4.02539139988403
15520;152.97097689748833;15520;0.024414807580797754;15520;46.156193731498156;15520;504.06841469798718;15520;3.9301736503189182;15520;4.0339365825373088
15530;152.78786584063235;15530;0.024414807580797754;15530;46.082949308755765;15530;504.06841469798718;15530;3.9301736503189182;15530;4.0314951017792291
15540;152.77565843684195;15540;0.012207403790398877;15540;46.009704886013374;15540;504.02887172333772;15540;3.9301736503189182;15540;4.02752769554735
15550;152.99539170506912;15550;0.061037018951994385;15550;45.973082674642171;15550;504.06841469798718;15550;3.9301736503189182;15550;4.0299691763054293
15560;153.05642872402112;15560;0.061037018951994385;15560;45.960875270851773;15560;504.02887172333772;15560;3.9301736503189182;15560;4.0339365825373088
15570;153.06863612781152;15570;0.036622211371196631;15570;45.997497482222975;15570;504.02887172333772;15570;3.9301736503189182;15570;4.032105471968749
15580;153.01980651264992;15580;0.048829615161595508;15580;45.98529007843257;15580;504.02887172333772;15580;3.9301736503189182;15580;4.02447584459975
15590;153.04422132023072;15590;0.036622211371196631;15590;45.875423444318983;15590;504.02887172333772;15590;3.9301736503189182;15590;4.0333262123477889
15600;152.97097689748833;15600;0.036622211371196631;15600;45.81438642536699;15600;504.02887172333772;15600;3.9301736503189182;15600;4.032410657063509
15610;153.06863612781152;15610;0.036622211371196631;15610;45.875423444318983;15610;504.02887172333772;15610;3.9301736503189182;15610;4.0299691763054293
15620;153.1785027619251;15620;0.036622211371196631;15620;45.948667867061374;15620;504.02887172333772;15620;3.9301736503189182;15620;4.02539139988403
15630;153.05642872402112;15630;0.048829615161595508;15630;45.875423444318983;15630;504.02887172333772;15630;3.9301736503189182;15630;4.0336313974425488
15640;152.86111026337474;15640;0.048829615161595508;15640;45.838801232947787;15640;504.06841469798718;15640;3.9301736503189182;15640;4.032410657063509
15650;152.97097689748833;15650;0.048829615161595508;15650;45.838801232947787;15650;504.02887172333772;15650;3.9301736503189182;15650;4.02569658497879
15660;153.09305093539231;15660;0.048829615161595508;15660;45.802179021576592;15660;503.98932874868837;15660;3.9301736503189182;15660;4.0311899166844691
15670;152.94656208990753;15670;0.036622211371196631;15670;45.741142002624592;15670;504.02887172333772;15670;3.9301736503189182;15670;4.0348521378215887
15680;152.95876949369793;15680;0.036622211371196631;15680;45.6678975798822;15680;503.98932874868837;15680;3.9301736503189182;15680;4.032410657063509
15690;152.95876949369793;15690;0.036622211371196631;15690;45.6801049836726;15690;503.98932874868837;15690;3.9301736503189182;15690;4.02447584459975
15700;153.04422132023072;15700;0.061037018951994385;15700;45.6556901760918;15700;504.06841469798718;15700;3.9301736503189182;15700;4.0339365825373088
15710;153.00759910885952;15710;0.036622211371196631;15710;45.545823541978216;15710;503.98932874868837;15710;3.9301736503189182;15710;4.0327158421582689
15720;153.11746574297311;15720;0;15720;45.50920133060702;15720;504.02887172333772;15720;3.9301736503189182;15720;4.0290536210211494
15730;153.09305093539231;15730;0.048829615161595508;15730;45.606860560930208;15730;504.06841469798718;15730;3.9301736503189182;15730;4.02630695516831
15740;152.94656208990753;15740;0.036622211371196631;15740;45.50920133060702;15740;503.98932874868837;15740;3.9301736503189182;15740;4.0339365825373088
15750;152.94656208990753;15750;0.012207403790398877;15750;45.521408734397419;15750;504.02887172333772;15750;3.9301736503189182;15750;4.0327158421582689
15760;152.98318430127873;15760;0.036622211371196631;15760;45.570238349559013;15760;503.98932874868837;15760;3.9301736503189182;15760;4.02569658497879
15770;153.04422132023072;15770;0.048829615161595508;15770;45.50920133060702;15770;504.02887172333772;15770;3.9301736503189182;15770;4.032410657063509
15780;152.89773247474594;15780;0.061037018951994385;15780;45.484786523026223;15780;504.06841469798718;15780;3.9301736503189182;15780;4.0330210272530289
15790;152.81228064821315;15790;0.097659230323191015;15790;45.399334696493419;15790;503.98932874868837;15790;3.9301736503189182;15790;4.0308847315897092
15800;152.92214728232673;15800;0.048829615161595508;15800;45.472579119235824;15800;503.98932874868837;15800;3.9301736503189182;15800;4.02386547441023
15810;153.10525833918271;15810;0.036622211371196631;15810;45.558030945768614;15810;504.06841469798718;15810;3.9301736503189182;15810;4.0336313974425488
15820;152.98318430127873;15820;0.048829615161595508;15820;45.472579119235824;15820;504.06841469798718;15820;3.9301736503189182;15820;4.0314951017792291
15830;153.09305093539231;15830;0.012207403790398877;15830;45.289468062379832;15830;503.98932874868837;15830;3.9301736503189182;15830;4.0278328806421095
15840;153.10525833918271;15840;0.012207403790398877;15840;45.179601428266238;15840;503.98932874868837;15840;3.9301736503189182;15840;4.0284432508316295
15850;152.94656208990753;15850;0.061037018951994385;15850;45.16739402447584;15850;503.98932874868837;15850;3.9301736503189182;15850;4.0339365825373088
15860;152.90993987853633;15860;0.048829615161595508;15860;45.16739402447584;15860;503.94978577403896;15860;3.9301736503189182;15860;4.032410657063509
15870;152.94656208990753;15870;0.012207403790398877;15870;45.142979216895043;15870;503.98932874868837;15870;3.9301736503189182;15870;4.02508621478927
15880;152.99539170506912;15880;0.012207403790398877;15880;45.118564409314246;15880;504.02887172333772;15880;3.9301736503189182;15880;4.0333262123477889
15890;152.83669545579394;15890;0.012207403790398877;15890;45.057527390362253;15890;504.02887172333772;15890;3.9301736503189182;15890;4.0333262123477889
15900;152.88552507095554;15900;0.012207403790398877;15900;45.020905178991057;15900;504.02887172333772;15900;3.9301736503189182;15900;4.0299691763054293
15910;152.98318430127873;15910;0.012207403790398877;15910;45.118564409314246;15910;503.94978577403896;15910;3.9301736503189182;15910;4.02386547441023
15920;153.09305093539231;15920;0.024414807580797754;15920;45.191808832056637;15920;503.94978577403896;15920;3.9301736503189182;15920;4.0336313974425488
15930;152.99539170506912;15930;0.036622211371196631;15930;45.118564409314246;15930;503.98932874868837;15930;3.9301736503189182;15930;4.032410657063509
15940;152.95876949369793;15940;0.024414807580797754;15940;45.020905178991057;15940;503.87069982474009;15940;3.9301736503189182;15940;4.02691732535783
15950;152.94656208990753;15950;0.048829615161595508;15950;45.020905178991057;15950;503.94978577403896;15950;3.9301736503189182;15950;4.0290536210211494
15960;152.94656208990753;15960;0.048829615161595508;15960;44.947660756248666;15960;503.98932874868837;15960;3.9301736503189182;15960;4.0336313974425488
15970;153.06863612781152;15970;0.024414807580797754;15970;44.874416333506275;15970;504.02887172333772;15970;3.9301736503189182;15970;4.032410657063509
15980;153.00759910885952;15980;0.036622211371196631;15980;44.862208929715877;15980;504.02887172333772;15980;3.9301736503189182;15980;4.02478102969451
15990;153.00759910885952;15990;0.036622211371196631;15990;44.886623737296674;15990;503.98932874868837;15990;3.9301736503189182;15990;4.0330210272530289
16000;152.86111026337474;16000;0;16000;44.862208929715877;16000;504.06841469798718;16000;3.9301736503189182;16000;4.032105471968749
16010;152.98318430127873;16010;0;16010;44.850001525925478;16010;504.10795767263659;16010;3.9301736503189182;16010;4.0299691763054293
16020;153.08084353160191;16020;0.048829615161595508;16020;44.886623737296674;16020;504.02887172333772;16020;3.9301736503189182;16020;4.02600177007355
16030;153.06863612781152;16030;0.024414807580797754;16030;44.788964506973478;16030;503.98932874868837;16030;3.9301736503189182;16030;4.0336313974425488
16040;152.95876949369793;16040;0.024414807580797754;16040;44.788964506973478;16040;504.02887172333772;16040;3.9301736503189182;16040;4.032105471968749
16050;152.98318430127873;16050;0.097659230323191015;16050;44.813379314554275;16050;504.02887172333772;16050;3.9301736503189182;16050;4.02600177007355
16060;153.11746574297311;16060;0.097659230323191015;16060;44.703512680440689;16060;503.98932874868837;16060;3.9301736503189182;16060;4.0305795464949492
16070;152.89773247474594;16070;0.036622211371196631;16070;44.666890469069493;16070;503.94978577403896;16070;3.9301736503189182;16070;4.0330210272530289
16080;152.90993987853633;16080;0.048829615161595508;16080;44.727927488021486;16080;503.98932874868837;16080;3.9301736503189182;16080;4.0314951017792291
16090;152.95876949369793;16090;0.061037018951994385;16090;44.69130527665029;16090;503.94978577403896;16090;3.9301736503189182;16090;4.02386547441023
16100;152.95876949369793;16100;0.048829615161595508;16100;44.593646046327088;16100;503.94978577403896;16100;3.9301736503189182;16100;4.0333262123477889
16110;152.83669545579394;16110;0.036622211371196631;16110;44.557023834955892;16110;504.02887172333772;16110;3.9301736503189182;16110;4.0327158421582689
16120;153.00759910885952;16120;0.024414807580797754;16120;44.532609027375095;16120;503.94978577403896;16120;3.9301736503189182;16120;4.0290536210211494
16130;153.1907101657155;16130;0.036622211371196631;16130;44.4837794122135;16130;503.94978577403896;16130;3.9301736503189182;16130;4.02691732535783
16140;153.14188055055391;16140;0.048829615161595508;16140;44.447157200842305;16140;503.98932874868837;16140;3.9301736503189182;16140;4.0336313974425488
16150;152.99539170506912;16150;0.061037018951994385;16150;44.4959868160039;16150;504.02887172333772;16150;3.9301736503189182;16150;4.032410657063509
16160;153.00759910885952;16160;0.048829615161595508;16160;44.373912778099914;16160;503.94978577403896;16160;3.9301736503189182;16160;4.02569658497879
16170;153.11746574297311;16170;0.048829615161595508;16170;44.32508316293832;16170;503.94978577403896;16170;3.9301736503189182;16170;4.032410657063509
16180;153.04422132023072;16180;0.036622211371196631;16180;44.300668355357523;16180;503.94978577403896;16180;3.9301736503189182;16180;4.0327158421582689
16190;152.86111026337474;16190;0.036622211371196631;16190;44.264046143986327;16190;503.87069982474009;16190;3.9301736503189182;16190;4.0305795464949492
16200;152.76345103305155;16200;0.012207403790398877;16200;44.300668355357523;16200;503.87069982474009;16200;3.9301736503189182;16200;4.02386547441023
16210;152.98318430127873;16210;0.012207403790398877;16210;44.276253547776726;16210;503.94978577403896;16210;3.9301736503189182;16210;4.0336313974425488
16220;152.98318430127873;16220;0.048829615161595508;16220;44.227423932615132;16220;503.94978577403896;16220;3.9301736503189182;16220;4.0314951017792291
16230;153.00759910885952;16230;0.024414807580797754;16230;44.178594317453538;16230;503.94978577403896;16230;3.9301736503189182;16230;4.0281380657368695
16240;153.00759910885952;16240;0.048829615161595508;16240;44.129764702291943;16240;503.98932874868837;16240;3.9750358592486346;16240;4.0281380657368695
16250;153.09305093539231;16250;0.036622211371196631;16250;44.129764702291943;16250;503.98932874868837;16250;4.0202032532731105;16250;4.0339365825373088
16260;153.2029175695059;16260;0.036622211371196631;16260;44.276253547776726;16260;504.02887172333772;16260;4.0650654622028259;16260;4.032410657063509
16270;153.11746574297311;16270;0.036622211371196631;16270;44.227423932615132;16270;503.98932874868837;16270;4.1102328562273014;16270;4.02722251045259
16280;153.1662953581347;16280;0.012207403790398877;16280;44.093142490920748;16280;503.98932874868837;16280;4.1550950651570178;16280;4.0452284310434274
16290;153.11746574297311;16290;0.048829615161595508;16290;43.99548326059756;16290;503.98932874868837;16290;4.2002624591814932;16290;4.0635395367290261
16300;153.11746574297311;16300;0.036622211371196631;16300;43.922238837855168;16300;503.98932874868837;16300;4.24512466811121;16300;4.0903958250679038
EOF
