Name;Scope Project1;
File;C:\Users\Tobno\Desktop\VentilDeadband\MainOpp\23-4prosent.csv;
Starttime of export;134214198102400000;torsdag 23. april 2026;14:10:10.240
Endtime of export;134214198212604504;torsdag 23. april 2026;14:10:21.260


Name;fPresSupply_bar (1);Name;fPres2A_bar;Name;fPres2B_bar;Name;fCylinder2_mm;Name;fValve2_V;Name;fSensor2_V

0;153.06863612781152;0;39.478743858149969;0;0.18311105685598317;0;89.064895752422544;0;6.1702322458571128;0;6.064638203070162
10;153.00759910885952;10;39.588610492263562;10;0.20752586443678089;10;89.104438727071951;10;6.1702322458571128;10;6.0625019074068422
20;153.05642872402112;20;39.783928952909939;20;0.20752586443678089;20;89.104438727071951;20;6.1702322458571128;20;6.0631122775963622
30;152.95876949369793;30;39.85717337565233;30;0.20752586443678089;30;89.064895752422544;30;6.1702322458571128;30;6.0628070925016022
40;153.05642872402112;40;40.162358470412308;40;0.20752586443678089;40;89.104438727071951;40;6.1702322458571128;40;6.064333017975402
50;153.1662953581347;50;40.186773277993105;50;0.17090365306558428;50;89.064895752422544;50;6.1702322458571128;50;6.0628070925016022
60;153.1662953581347;60;40.272225104525894;60;0.18311105685598317;60;89.104438727071951;60;6.1702322458571128;60;6.0621967223120823
70;152.94656208990753;70;40.467543565172271;70;0.18311105685598317;70;89.025352777773122;70;6.1702322458571128;70;6.0631122775963622
80;153.00759910885952;80;40.675069429609053;80;0.18311105685598317;80;89.025352777773122;80;6.1702322458571128;80;6.0628070925016022
90;153.01980651264992;90;40.797143467513052;90;0.18311105685598317;90;89.104438727071951;90;6.1702322458571128;90;6.0634174626911221
100;153.14188055055391;100;40.882595294045842;100;0.18311105685598317;100;89.064895752422544;100;6.1702322458571128;100;6.0621967223120823
110;153.2029175695059;110;41.21219519638661;110;0.20752586443678089;110;89.104438727071951;110;6.1702322458571128;110;6.064638203070162
120;153.08084353160191;120;41.383098849452189;120;0.18311105685598317;120;89.143981701721358;120;6.1702322458571128;120;6.0625019074068422
130;153.06863612781152;130;41.541795098727377;130;0.20752586443678089;130;89.104438727071951;130;6.1702322458571128;130;6.0625019074068422
140;152.99539170506912;140;41.541795098727377;140;0.17090365306558428;140;89.143981701721358;140;6.1702322458571128;140;6.0628070925016022
150;152.94656208990753;150;41.688283944212159;150;0.18311105685598317;150;89.143981701721358;150;6.1702322458571128;150;6.0637226477858821
160;152.95876949369793;160;41.895809808648941;160;0.20752586443678089;160;89.104438727071951;160;6.1702322458571128;160;6.0621967223120823
170;153.00759910885952;170;42.042298654133724;170;0.20752586443678089;170;89.104438727071951;170;6.1702322458571128;170;6.0615863521225624
180;152.97097689748833;180;42.115543076876129;180;0.18311105685598317;180;89.143981701721358;180;6.1702322458571128;180;6.0634174626911221
190;153.09305093539231;190;42.262031922360912;190;0.18311105685598317;190;89.143981701721358;190;6.1702322458571128;190;6.0628070925016022
200;153.04422132023072;200;42.457350383007295;200;0.18311105685598317;200;89.064895752422544;200;6.1702322458571128;200;6.0631122775963622
210;152.99539170506912;210;42.518387401959288;210;0.18311105685598317;210;89.025352777773122;210;6.1702322458571128;210;6.0618915372173223
220;153.00759910885952;220;42.701498458815273;220;0.20752586443678089;220;89.064895752422544;220;6.1702322458571128;220;6.0637226477858821
230;153.05642872402112;230;42.774742881557664;230;0.18311105685598317;230;89.104438727071951;230;6.1702322458571128;230;6.0621967223120823
240;153.01980651264992;240;42.982268745994453;240;0.20752586443678089;240;89.104438727071951;240;6.1702322458571128;240;6.0625019074068422
250;152.98318430127873;250;43.043305764946446;250;0.20752586443678089;250;89.064895752422544;250;6.1702322458571128;250;6.0628070925016022
260;153.00759910885952;260;43.202002014221627;260;0.21973326822717978;260;89.104438727071951;260;6.1702322458571128;260;6.0631122775963622
270;152.92214728232673;270;43.275246436964018;270;0.20752586443678089;270;89.064895752422544;270;6.1702322458571128;270;6.0625019074068422
280;153.01980651264992;280;43.299661244544815;280;0.20752586443678089;280;89.025352777773122;280;6.1702322458571128;280;6.0618915372173223
290;153.00759910885952;290;43.568224127933583;290;0.21973326822717978;290;89.104438727071951;290;6.1702322458571128;290;6.064333017975402
300;153.11746574297311;300;43.763542588579973;300;0.21973326822717978;300;89.104438727071951;300;6.1702322458571128;300;6.0621967223120823
310;153.04422132023072;310;43.897824030274371;310;0.23194067201757868;310;89.025352777773122;310;6.1702322458571128;310;6.0628070925016022
320;152.94656208990753;320;44.007690664387958;320;0.20752586443678089;320;89.025352777773122;320;6.1702322458571128;320;6.0615863521225624
330;152.87331766716514;330;44.215216528824733;330;0.23194067201757868;330;89.064895752422544;330;6.1702322458571128;330;6.0634174626911221
340;152.83669545579394;340;44.32508316293832;340;0.21973326822717978;340;89.025352777773122;340;6.1702322458571128;340;6.0621967223120823
350;152.99539170506912;350;44.4837794122135;350;0.18311105685598317;350;89.064895752422544;350;6.1702322458571128;350;6.0621967223120823
360;152.99539170506912;360;44.459364604632704;360;0.18311105685598317;360;89.104438727071951;360;6.1702322458571128;360;6.0625019074068422
370;152.99539170506912;370;44.593646046327088;370;0.18311105685598317;370;89.104438727071951;370;6.1702322458571128;370;6.0634174626911221
380;152.88552507095554;380;44.874416333506275;380;0.18311105685598317;380;89.064895752422544;380;6.1702322458571128;380;6.0634174626911221
390;152.99539170506912;390;45.045319986571855;390;0.20752586443678089;390;89.064895752422544;390;6.1702322458571128;390;6.0609759819330424
400;153.00759910885952;400;45.240638447218238;400;0.20752586443678089;400;89.104438727071951;400;6.1702322458571128;400;6.0637226477858821
410;153.08084353160191;410;45.362712485122223;410;0.18311105685598317;410;89.064895752422544;410;6.1702322458571128;410;6.0621967223120823
420;153.14188055055391;420;45.484786523026223;420;0.20752586443678089;420;89.104438727071951;420;6.1702322458571128;420;6.0625019074068422
430;153.01980651264992;430;45.545823541978216;430;0.20752586443678089;430;89.104438727071951;430;6.1702322458571128;430;6.0618915372173223
440;153.06863612781152;440;45.741142002624592;440;0.21973326822717978;440;89.104438727071951;440;6.1702322458571128;440;6.064638203070162
450;152.95876949369793;450;45.826593829157389;450;0.18311105685598317;450;89.104438727071951;450;6.1702322458571128;450;6.0634174626911221
460;152.89773247474594;460;45.98529007843257;460;0.20752586443678089;460;89.104438727071951;460;6.1702322458571128;460;6.0625019074068422
470;152.94656208990753;470;46.107364116336562;470;0.20752586443678089;470;89.104438727071951;470;6.1702322458571128;470;6.0634174626911221
480;153.08084353160191;480;46.143986327707758;480;0.18311105685598317;480;89.143981701721358;480;6.1702322458571128;480;6.0631122775963622
490;153.04422132023072;490;46.302682576982939;490;0.21973326822717978;490;89.143981701721358;490;6.1702322458571128;490;6.0634174626911221
500;153.04422132023072;500;46.473586230048525;500;0.20752586443678089;500;89.104438727071951;500;6.1702322458571128;500;6.0609759819330424
510;153.04422132023072;510;46.6566972869045;510;0.20752586443678089;510;89.104438727071951;510;6.1702322458571128;510;6.0637226477858821
520;153.11746574297311;520;46.8276009399701;520;0.17090365306558428;520;89.064895752422544;520;6.1702322458571128;520;6.0618915372173223
530;153.10525833918271;530;46.937467574083684;530;0.18311105685598317;530;89.104438727071951;530;6.1702322458571128;530;6.0625019074068422
540;153.05642872402112;540;46.852015747550894;540;0.20752586443678089;540;89.104438727071951;540;6.1702322458571128;540;6.0625019074068422
550;153.14188055055391;550;47.096163823358872;550;0.20752586443678089;550;89.143981701721358;550;6.1702322458571128;550;6.0634174626911221
560;153.01980651264992;560;47.364726706747646;560;0.20752586443678089;560;89.143981701721358;560;6.1702322458571128;560;6.0628070925016022
570;153.01980651264992;570;47.486800744651632;570;0.20752586443678089;570;89.104438727071951;570;6.1702322458571128;570;6.0628070925016022
580;153.05642872402112;580;47.608874782555617;580;0.20752586443678089;580;89.064895752422544;580;6.1702322458571128;580;6.064638203070162
590;153.15408795434431;590;47.718741416669204;590;0.18311105685598317;590;89.104438727071951;590;6.1702322458571128;590;6.0628070925016022
600;153.00759910885952;600;47.8164006469924;600;0.20752586443678089;600;89.143981701721358;600;6.1702322458571128;600;6.0634174626911221
610;153.09305093539231;610;47.901852473525189;610;0.18311105685598317;610;89.104438727071951;610;6.1702322458571128;610;6.0615863521225624
620;153.1662953581347;620;48.133793145542768;620;0.20752586443678089;620;89.143981701721358;620;6.1702322458571128;620;6.0634174626911221
630;153.11746574297311;630;48.170415356913963;630;0.20752586443678089;630;89.104438727071951;630;6.1702322458571128;630;6.0618915372173223
640;153.08084353160191;640;48.329111606189144;640;0.20752586443678089;640;89.064895752422544;640;6.1702322458571128;640;6.0625019074068422
650;153.01980651264992;650;48.463393047883542;650;0.17090365306558428;650;89.025352777773122;650;6.1702322458571128;650;6.0625019074068422
660;153.08084353160191;660;48.609881893368332;660;0.17090365306558428;660;89.064895752422544;660;6.1702322458571128;660;6.0621967223120823
670;153.11746574297311;670;48.805200354014708;670;0.18311105685598317;670;89.104438727071951;670;6.1702322458571128;670;6.0621967223120823
680;153.34940641499068;680;48.9028595843379;680;0.21973326822717978;680;89.104438727071951;680;6.1702322458571128;680;6.0621967223120823
690;153.2029175695059;690;49.024933622241889;690;0.20752586443678089;690;89.064895752422544;690;6.1702322458571128;690;6.064333017975402
700;153.05642872402112;700;49.159215063936287;700;0.20752586443678089;700;89.064895752422544;700;6.1702322458571128;700;6.0625019074068422
710;152.86111026337474;710;49.293496505630671;710;0.23194067201757868;710;89.104438727071951;710;6.1702322458571128;710;6.0634174626911221
720;152.95876949369793;720;49.46440015869625;720;0.21973326822717978;720;89.104438727071951;720;6.1702322458571128;720;6.0618915372173223
730;152.99539170506912;730;49.647511215552228;730;0.21973326822717978;730;89.143981701721358;730;6.1702322458571128;730;6.0634174626911221
740;152.99539170506912;740;49.63530381176183;740;0.20752586443678089;740;89.104438727071951;740;6.1702322458571128;740;6.0621967223120823
750;153.11746574297311;750;49.781792657246612;750;0.23194067201757868;750;89.143981701721358;750;6.1702322458571128;750;6.0628070925016022
760;153.10525833918271;760;49.842829676198605;760;0.21973326822717978;760;89.104438727071951;760;6.1702322458571128;760;6.0628070925016022
770;153.11746574297311;770;50.062562944425792;770;0.20752586443678089;770;89.104438727071951;770;6.1702322458571128;770;6.0631122775963622
780;153.00759910885952;780;50.392162846766567;780;0.21973326822717978;780;89.064895752422544;780;6.1702322458571128;780;6.064333017975402
790;153.08084353160191;790;50.404370250556966;790;0.21973326822717978;790;89.025352777773122;790;6.1702322458571128;790;6.0625019074068422
800;153.00759910885952;800;50.379955442976168;800;0.18311105685598317;800;89.104438727071951;800;6.1702322458571128;800;6.064333017975402
810;153.06863612781152;810;50.477614673299357;810;0.17090365306558428;810;89.104438727071951;810;6.1702322458571128;810;6.0618915372173223
820;153.15408795434431;820;50.697347941526537;820;0.20752586443678089;820;89.104438727071951;820;6.1702322458571128;820;6.0628070925016022
830;153.04422132023072;830;50.733970152897733;830;0.18311105685598317;830;89.104438727071951;830;6.1702322458571128;830;6.0621967223120823
840;153.00759910885952;840;50.892666402172914;840;0.20752586443678089;840;89.143981701721358;840;6.1702322458571128;840;6.0637226477858821
850;153.05642872402112;850;51.03915524765771;850;0.20752586443678089;850;89.104438727071951;850;6.1702322458571128;850;6.0628070925016022
860;153.09305093539231;860;51.197851496932891;860;0.18311105685598317;860;89.104438727071951;860;6.1702322458571128;860;6.0621967223120823
870;153.05642872402112;870;51.258888515884884;870;0.20752586443678089;870;89.064895752422544;870;6.1702322458571128;870;6.0625019074068422
880;152.95876949369793;880;51.551866206854456;880;0.18311105685598317;880;89.104438727071951;880;6.1702322458571128;880;6.0625019074068422
890;152.86111026337474;890;51.832636494033636;890;0.18311105685598317;890;89.104438727071951;890;6.1702322458571128;890;6.0634174626911221
900;153.15408795434431;900;51.722769859920035;900;0.21973326822717978;900;89.104438727071951;900;6.1702322458571128;900;6.0618915372173223
910;153.05642872402112;910;51.808221686452839;910;0.21973326822717978;910;89.104438727071951;910;6.1702322458571128;910;6.064333017975402
920;152.94656208990753;920;51.918088320566426;920;0.18311105685598317;920;89.064895752422544;920;6.1702322458571128;920;6.0621967223120823
930;153.09305093539231;930;52.088991973632005;930;0.20752586443678089;930;89.104438727071951;930;6.1702322458571128;930;6.0628070925016022
940;153.00759910885952;940;52.1866512039552;940;0.20752586443678089;940;89.104438727071951;940;6.1702322458571128;940;6.0618915372173223
950;153.15408795434431;950;52.296517838068787;950;0.20752586443678089;950;89.104438727071951;950;6.1702322458571128;950;6.0628070925016022
960;153.15408795434431;960;52.381969664601577;960;0.20752586443678089;960;89.064895752422544;960;6.1702322458571128;960;6.0628070925016022
970;153.06863612781152;970;52.577288125247968;970;0.18311105685598317;970;89.025352777773122;970;6.1702322458571128;970;6.0621967223120823
980;153.04422132023072;980;52.72377697073275;980;0.17090365306558428;980;89.064895752422544;980;6.1702322458571128;980;6.0634174626911221
990;153.1662953581347;990;52.833643604846337;990;0.20752586443678089;990;89.064895752422544;990;6.1702322458571128;990;6.0625019074068422
1000;153.09305093539231;1000;53.028962065492721;1000;0.21973326822717978;1000;89.025352777773122;1000;6.1702322458571128;1000;6.0631122775963622
1010;153.10525833918271;1010;53.126621295815909;1010;0.21973326822717978;1010;89.064895752422544;1010;6.1702322458571128;1010;6.0615863521225624
1020;153.1785027619251;1020;53.2242805261391;1020;0.21973326822717978;1020;89.104438727071951;1020;6.1702322458571128;1020;6.0637226477858821
1030;153.08084353160191;1030;53.260902737510293;1030;0.18311105685598317;1030;89.104438727071951;1030;6.1702322458571128;1030;6.0621967223120823
1040;153.04422132023072;1040;53.444013794366285;1040;0.18311105685598317;1040;89.143981701721358;1040;6.1702322458571128;1040;6.0631122775963622
1050;153.00759910885952;1050;53.517258217108676;1050;0.18311105685598317;1050;89.064895752422544;1050;6.1702322458571128;1050;6.0628070925016022
1060;153.01980651264992;1060;53.785821100497458;1060;0.18311105685598317;1060;89.064895752422544;1060;6.1702322458571128;1060;6.0631122775963622
1070;153.01980651264992;1070;53.920102542191842;1070;0.20752586443678089;1070;89.104438727071951;1070;6.1702322458571128;1070;6.0628070925016022
1080;153.1785027619251;1080;53.981139561143834;1080;0.20752586443678089;1080;89.064895752422544;1080;6.1702322458571128;1080;6.0618915372173223
1090;153.06863612781152;1090;54.103213599047827;1090;0.20752586443678089;1090;89.064895752422544;1090;6.1702322458571128;1090;6.064333017975402
1100;153.10525833918271;1100;54.200872829371015;1100;0.20752586443678089;1100;89.104438727071951;1100;6.1702322458571128;1100;6.0625019074068422
1110;153.14188055055391;1110;54.383983886226993;1110;0.18311105685598317;1110;89.104438727071951;1110;6.1702322458571128;1110;6.0631122775963622
1120;153.26395458845789;1120;54.457228308969384;1120;0.18311105685598317;1120;89.064895752422544;1120;6.1702322458571128;1120;6.0618915372173223
1130;153.11746574297311;1130;54.554887539292586;1130;0.20752586443678089;1130;89.064895752422544;1130;6.1702322458571128;1130;6.064333017975402
1140;152.94656208990753;1140;54.542680135502188;1140;0.18311105685598317;1140;89.025352777773122;1140;6.1702322458571128;1140;6.0625019074068422
1150;152.94656208990753;1150;54.799035615100557;1150;0.20752586443678089;1150;89.104438727071951;1150;6.1702322458571128;1150;6.0628070925016022
1160;153.00759910885952;1160;54.92110965300455;1160;0.20752586443678089;1160;89.143981701721358;1160;6.1702322458571128;1160;6.0631122775963622
1170;153.1662953581347;1170;55.030976287118136;1170;0.20752586443678089;1170;89.064895752422544;1170;6.1702322458571128;1170;6.0628070925016022
1180;152.99539170506912;1180;55.201879940183716;1180;0.17090365306558428;1180;89.025352777773122;1180;6.1702322458571128;1180;6.0637226477858821
1190;153.04422132023072;1190;55.238502151554911;1190;0.17090365306558428;1190;89.064895752422544;1190;6.1702322458571128;1190;6.0625019074068422
1200;153.08084353160191;1200;55.372783593249309;1200;0.18311105685598317;1200;89.064895752422544;1200;6.1702322458571128;1200;6.0637226477858821
1210;153.15408795434431;1210;55.555894650105287;1210;0.18311105685598317;1210;89.025352777773122;1210;6.1702322458571128;1210;6.0615863521225624
1220;153.10525833918271;1220;55.690176091799678;1220;0.23194067201757868;1220;89.104438727071951;1220;6.1702322458571128;1220;6.0631122775963622
1230;153.05642872402112;1230;55.763420514542069;1230;0.21973326822717978;1230;89.025352777773122;1230;6.1702322458571128;1230;6.0621967223120823
1240;153.1662953581347;1240;55.897701956236453;1240;0.20752586443678089;1240;89.025352777773122;1240;6.1702322458571128;1240;6.0637226477858821
1250;153.1662953581347;1250;55.934324167607649;1250;0.17090365306558428;1250;89.104438727071951;1250;6.1702322458571128;1250;6.0631122775963622
1260;153.06863612781152;1260;56.105227820673242;1260;0.18311105685598317;1260;89.143981701721358;1260;6.1702322458571128;1260;6.0634174626911221
1270;152.86111026337474;1270;56.239509262367626;1270;0.20752586443678089;1270;89.064895752422544;1270;6.1702322458571128;1270;6.0634174626911221
1280;152.83669545579394;1280;56.337168492690815;1280;0.20752586443678089;1280;89.025352777773122;1280;6.1702322458571128;1280;6.0625019074068422
1290;152.94656208990753;1290;56.447035126804415;1290;0.18311105685598317;1290;89.104438727071951;1290;6.1702322458571128;1290;6.064333017975402
1300;153.11746574297311;1300;56.605731376079596;1300;0.18311105685598317;1300;89.143981701721358;1300;6.1702322458571128;1300;6.0625019074068422
1310;153.00759910885952;1310;56.862086855677973;1310;0.20752586443678089;1310;89.143981701721358;1310;6.1702322458571128;1310;6.0634174626911221
1320;152.97097689748833;1320;56.862086855677973;1320;0.20752586443678089;1320;89.104438727071951;1320;6.1702322458571128;1320;6.0621967223120823
1330;153.11746574297311;1330;56.910916470839567;1330;0.20752586443678089;1330;89.104438727071951;1330;6.1702322458571128;1330;6.0634174626911221
1340;153.09305093539231;1340;57.069612720114748;1340;0.18311105685598317;1340;89.104438727071951;1340;6.1702322458571128;1340;6.0621967223120823
1350;153.11746574297311;1350;57.240516373180341;1350;0.18311105685598317;1350;89.143981701721358;1350;6.1702322458571128;1350;6.0634174626911221
1360;153.14188055055391;1360;57.203894161809131;1360;0.20752586443678089;1360;89.104438727071951;1360;6.1702322458571128;1360;6.0631122775963622
1370;153.09305093539231;1370;57.325968199713131;1370;0.23194067201757868;1370;89.104438727071951;1370;6.1702322458571128;1370;6.0628070925016022
1380;153.04422132023072;1380;57.472457045197913;1380;0.21973326822717978;1380;89.064895752422544;1380;6.1702322458571128;1380;6.064333017975402
1390;153.05642872402112;1390;57.5701162755211;1390;0.20752586443678089;1390;89.064895752422544;1390;6.1702322458571128;1390;6.0625019074068422
1400;153.00759910885952;1400;57.6677755058443;1400;0.18311105685598317;1400;89.104438727071951;1400;6.1702322458571128;1400;6.064333017975402
1410;153.15408795434431;1410;57.741019928586688;1410;0.17090365306558428;1410;89.025352777773122;1410;6.1702322458571128;1410;6.0625019074068422
1420;153.10525833918271;1420;57.960753196813862;1420;0.20752586443678089;1420;89.064895752422544;1420;6.1702322458571128;1420;6.064333017975402
1430;153.06863612781152;1430;58.082827234717861;1430;0.21973326822717978;1430;89.064895752422544;1430;6.1702322458571128;1430;6.0628070925016022
1440;153.00759910885952;1440;58.229316080202643;1440;0.21973326822717978;1440;89.104438727071951;1440;6.1702322458571128;1440;6.064638203070162
1450;152.99539170506912;1450;58.265938291573839;1450;0.18311105685598317;1450;89.143981701721358;1450;6.1702322458571128;1450;6.0634174626911221
1460;153.06863612781152;1460;58.436841944639426;1460;0.18311105685598317;1460;89.104438727071951;1460;6.1702322458571128;1460;6.0628070925016022
1470;152.94656208990753;1470;58.6565752128666;1470;0.18311105685598317;1470;89.064895752422544;1470;6.1702322458571128;1470;6.0631122775963622
1480;153.01980651264992;1480;58.680990020447396;1480;0.20752586443678089;1480;89.064895752422544;1480;6.1702322458571128;1480;6.0628070925016022
1490;153.06863612781152;1490;58.778649250770584;1490;0.24414807580797754;1490;89.064895752422544;1490;6.1702322458571128;1490;6.064333017975402
1500;153.14188055055391;1500;58.839686269722591;1500;0.24414807580797754;1500;89.025352777773122;1500;6.1702322458571128;1500;6.0625019074068422
1510;153.04422132023072;1510;58.93734550004578;1510;0.21973326822717978;1510;89.104438727071951;1510;6.1702322458571128;1510;6.0637226477858821
1520;152.95876949369793;1520;59.047212134159366;1520;0.18311105685598317;1520;89.104438727071951;1520;6.1702322458571128;1520;6.0618915372173223
1530;153.00759910885952;1530;59.266945402386554;1530;0.21973326822717978;1530;89.143981701721358;1530;6.1702322458571128;1530;6.0628070925016022
1540;153.11746574297311;1540;59.413434247871336;1540;0.23194067201757868;1540;89.104438727071951;1540;6.1702322458571128;1540;6.0615863521225624
1550;153.15408795434431;1550;59.559923093356119;1550;0.24414807580797754;1550;89.143981701721358;1550;6.1702322458571128;1550;6.0628070925016022
1560;153.14188055055391;1560;59.535508285775322;1560;0.20752586443678089;1560;89.143981701721358;1560;6.1702322458571128;1560;6.0625019074068422
1570;153.25174718466749;1570;59.620960112308119;1570;0.20752586443678089;1570;89.104438727071951;1570;6.1702322458571128;1570;6.0621967223120823
1580;153.10525833918271;1580;59.620960112308119;1580;0.20752586443678089;1580;89.064895752422544;1580;6.1702322458571128;1580;6.064333017975402
1590;153.04422132023072;1590;59.877315591906488;1590;0.20752586443678089;1590;89.104438727071951;1590;6.1702322458571128;1590;6.0628070925016022
1600;152.97097689748833;1600;60.084841456343277;1600;0.18311105685598317;1600;89.064895752422544;1600;6.1702322458571128;1600;6.0631122775963622
1610;152.99539170506912;1610;60.084841456343277;1610;0.17090365306558428;1610;89.025352777773122;1610;6.1702322458571128;1610;6.0615863521225624
1620;153.06863612781152;1620;60.267952513199255;1620;0.20752586443678089;1620;89.064895752422544;1620;6.1702322458571128;1620;6.064638203070162
1630;153.08084353160191;1630;60.30457472457045;1630;0.21973326822717978;1630;89.064895752422544;1630;6.1702322458571128;1630;6.0621967223120823
1640;153.05642872402112;1640;60.475478377636037;1640;0.23194067201757868;1640;89.104438727071951;1640;6.1702322458571128;1640;6.0628070925016022
1650;153.10525833918271;1650;60.585345011749624;1650;0.21973326822717978;1650;89.104438727071951;1650;6.1702322458571128;1650;6.0628070925016022
1660;153.2395397808771;1660;60.670796838282413;1660;0.18311105685598317;1660;89.104438727071951;1660;6.1702322458571128;1660;6.0628070925016022
1670;153.08084353160191;1670;60.841700491348007;1670;0.17090365306558428;1670;89.025352777773122;1670;6.1702322458571128;1670;6.0631122775963622
1680;153.10525833918271;1680;60.963774529251992;1680;0.17090365306558428;1680;89.064895752422544;1680;6.1702322458571128;1680;6.0621967223120823
1690;153.00759910885952;1690;61.085848567155978;1690;0.18311105685598317;1690;89.143981701721358;1690;6.1702322458571128;1690;6.064638203070162
1700;152.92214728232673;1700;61.244544816431166;1700;0.20752586443678089;1700;89.104438727071951;1700;6.1702322458571128;1700;6.0634174626911221
1710;152.92214728232673;1710;61.317789239173557;1710;0.20752586443678089;1710;89.104438727071951;1710;6.1702322458571128;1710;6.064333017975402
1720;152.95876949369793;1720;61.256752220221564;1720;0.18311105685598317;1720;89.104438727071951;1720;6.1702322458571128;1720;6.0621967223120823
1730;153.00759910885952;1730;61.317789239173557;1730;0.20752586443678089;1730;89.064895752422544;1730;6.1702322458571128;1730;6.064333017975402
1740;153.00759910885952;1740;61.488692892239136;1740;0.18311105685598317;1740;89.025352777773122;1740;6.1702322458571128;1740;6.0625019074068422
1750;153.15408795434431;1750;61.793877986999114;1750;0.20752586443678089;1750;89.064895752422544;1750;6.1702322458571128;1750;6.0628070925016022
1760;153.09305093539231;1760;61.9037446211127;1760;0.21973326822717978;1760;89.064895752422544;1760;6.1702322458571128;1760;6.0628070925016022
1770;153.00759910885952;1770;61.9037446211127;1770;0.20752586443678089;1770;89.104438727071951;1770;6.1702322458571128;1770;6.0625019074068422
1780;153.05642872402112;1780;61.915952024903106;1780;0.18311105685598317;1780;89.104438727071951;1780;6.1702322458571128;1780;6.0631122775963622
1790;153.06863612781152;1790;62.123477889339881;1790;0.18311105685598317;1790;89.064895752422544;1790;6.1702322458571128;1790;6.0618915372173223
1800;153.01980651264992;1800;62.306588946195873;1800;0.21973326822717978;1800;89.064895752422544;1800;6.1702322458571128;1800;6.064333017975402
1810;153.09305093539231;1810;62.233344523453468;1810;0.23194067201757868;1810;89.064895752422544;1810;6.1702322458571128;1810;6.0625019074068422
1820;153.04422132023072;1820;62.477492599261453;1820;0.21973326822717978;1820;89.104438727071951;1820;6.1702322458571128;1820;6.0637226477858821
1830;153.04422132023072;1830;62.636188848536634;1830;0.20752586443678089;1830;89.064895752422544;1830;6.1702322458571128;1830;6.0621967223120823
1840;153.05642872402112;1840;62.831507309183024;1840;0.21973326822717978;1840;89.104438727071951;1840;6.1702322458571128;1840;6.0631122775963622
1850;153.00759910885952;1850;62.831507309183024;1850;0.18311105685598317;1850;89.143981701721358;1850;6.1702322458571128;1850;6.0628070925016022
1860;152.99539170506912;1860;62.965788750877408;1860;0.18311105685598317;1860;89.143981701721358;1860;6.1702322458571128;1860;6.0631122775963622
1870;152.98318430127873;1870;63.1000701925718;1870;0.18311105685598317;1870;89.143981701721358;1870;6.1702322458571128;1870;6.0634174626911221
1880;153.14188055055391;1880;63.1000701925718;1880;0.18311105685598317;1880;89.143981701721358;1880;6.1702322458571128;1880;6.0628070925016022
1890;153.11746574297311;1890;63.136692403942995;1890;0.20752586443678089;1890;89.143981701721358;1890;6.1702322458571128;1890;6.064333017975402
1900;153.1907101657155;1900;63.222144230475784;1900;0.20752586443678089;1900;89.143981701721358;1900;6.1702322458571128;1900;6.0625019074068422
1910;153.10525833918271;1910;63.478499710074168;1910;0.20752586443678089;1910;89.18352467637078;1910;6.1702322458571128;1910;6.064333017975402
1920;153.10525833918271;1920;63.478499710074168;1920;0.17090365306558428;1920;89.104438727071951;1920;6.1702322458571128;1920;6.0621967223120823
1930;153.2029175695059;1930;63.759269997253334;1930;0.17090365306558428;1930;89.064895752422544;1930;6.1702322458571128;1930;6.064333017975402
1940;153.09305093539231;1940;63.820307016205327;1940;0.18311105685598317;1940;89.064895752422544;1940;6.1702322458571128;1940;6.0628070925016022
1950;153.05642872402112;1950;63.747062593462935;1950;0.20752586443678089;1950;89.064895752422544;1950;6.1702322458571128;1950;6.0628070925016022
1960;153.10525833918271;1960;63.917966246528522;1960;0.20752586443678089;1960;89.025352777773122;1960;6.1702322458571128;1960;6.0628070925016022
1970;153.1907101657155;1970;64.0522476882229;1970;0.20752586443678089;1970;88.985809803123715;1970;6.1702322458571128;1970;6.0621967223120823
1980;153.00759910885952;1980;64.18652912991729;1980;0.18311105685598317;1980;88.985809803123715;1980;6.1702322458571128;1980;6.0631122775963622
1990;152.95876949369793;1990;64.247566148869282;1990;0.18311105685598317;1990;89.064895752422544;1990;6.1702322458571128;1990;6.0625019074068422
2000;152.87331766716514;2000;64.394054994354079;2000;0.20752586443678089;2000;89.18352467637078;2000;6.1702322458571128;2000;6.064333017975402
2010;152.95876949369793;2010;64.540543839838861;2010;0.21973326822717978;2010;89.143981701721358;2010;6.1702322458571128;2010;6.0625019074068422
2020;152.99539170506912;2020;64.735862300485252;2020;0.23194067201757868;2020;89.104438727071951;2020;6.1702322458571128;2020;6.064638203070162
2030;152.98318430127873;2030;64.772484511856447;2030;0.23194067201757868;2030;89.104438727071951;2030;6.1702322458571128;2030;6.0625019074068422
2040;153.01980651264992;2040;64.796899319437244;2040;0.21973326822717978;2040;89.064895752422544;2040;6.1702322458571128;2040;6.0628070925016022
2050;153.11746574297311;2050;64.857936338389237;2050;0.20752586443678089;2050;89.104438727071951;2050;6.1702322458571128;2050;6.0625019074068422
2060;153.2029175695059;2060;64.992217780083621;2060;0.20752586443678089;2060;89.143981701721358;2060;6.1702322458571128;2060;6.0628070925016022
2070;153.06863612781152;2070;65.053254799035614;2070;0.21973326822717978;2070;89.104438727071951;2070;6.1702322458571128;2070;6.0625019074068422
2080;152.98318430127873;2080;65.18753624073;2080;0.24414807580797754;2080;89.143981701721358;2080;6.1702322458571128;2080;6.0621967223120823
2090;152.92214728232673;2090;65.297402874843584;2090;0.21973326822717978;2090;89.064895752422544;2090;6.1702322458571128;2090;6.064333017975402
2100;153.08084353160191;2100;65.382854701376374;2100;0.20752586443678089;2100;89.064895752422544;2100;6.1702322458571128;2100;6.0625019074068422
2110;153.06863612781152;2110;65.578173162022765;2110;0.21973326822717978;2110;89.104438727071951;2110;6.1702322458571128;2110;6.0637226477858821
2120;153.05642872402112;2120;65.712454603717148;2120;0.20752586443678089;2120;89.064895752422544;2120;6.1702322458571128;2120;6.0609759819330424
2130;153.01980651264992;2130;65.78569902645954;2130;0.20752586443678089;2130;89.143981701721358;2130;6.1702322458571128;2130;6.0631122775963622
2140;152.92214728232673;2140;65.883358256782742;2140;0.17090365306558428;2140;89.064895752422544;2140;6.1702322458571128;2140;6.0625019074068422
2150;153.01980651264992;2150;66.042054506057923;2150;0.18311105685598317;2150;89.104438727071951;2150;6.1702322458571128;2150;6.0631122775963622
2160;153.04422132023072;2160;66.017639698477126;2160;0.18311105685598317;2160;89.064895752422544;2160;6.1702322458571128;2160;6.0621967223120823
2170;153.08084353160191;2170;66.164128543961908;2170;0.20752586443678089;2170;89.104438727071951;2170;6.1702322458571128;2170;6.0618915372173223
2180;152.92214728232673;2180;66.225165562913915;2180;0.18311105685598317;2180;89.143981701721358;2180;6.1702322458571128;2180;6.0621967223120823
2190;152.90993987853633;2190;66.3228247932371;2190;0.18311105685598317;2190;89.064895752422544;2190;6.1702322458571128;2190;6.0597552415540026
2200;152.89773247474594;2200;66.566972869045074;2200;0.20752586443678089;2200;89.064895752422544;2200;6.1702322458571128;2200;6.0628070925016022
2210;153.08084353160191;2210;66.603595080416284;2210;0.20752586443678089;2210;89.104438727071951;2210;6.1702322458571128;2210;6.0594500564592426
2220;153.1785027619251;2220;66.701254310739472;2220;0.21973326822717978;2220;89.143981701721358;2220;6.1702322458571128;2220;6.0576189458906828
2230;153.1662953581347;2230;66.762291329691465;2230;0.20752586443678089;2230;89.064895752422544;2230;6.1702322458571128;2230;6.0603656117435225
2240;153.06863612781152;2240;66.933194982757044;2240;0.20752586443678089;2240;89.064895752422544;2240;6.1702322458571128;2240;6.0658589434492018
2250;153.00759910885952;2250;67.043061616870631;2250;0.18311105685598317;2250;89.064895752422544;2250;6.1702322458571128;2250;6.0628070925016022
2260;153.08084353160191;2260;67.128513443403421;2260;0.20752586443678089;2260;89.104438727071951;2260;6.1702322458571128;2260;6.0628070925016022
2270;153.00759910885952;2270;67.165135654774616;2270;0.20752586443678089;2270;89.143981701721358;2270;6.1702322458571128;2270;6.064638203070162
2280;153.11746574297311;2280;67.3848689230018;2280;0.20752586443678089;2280;89.143981701721358;2280;6.1702322458571128;2280;6.064333017975402
2290;152.99539170506912;2290;67.506942960905789;2290;0.18311105685598317;2290;89.064895752422544;2290;6.1702322458571128;2290;6.0658589434492018
2300;152.98318430127873;2300;67.604602191228977;2300;0.21973326822717978;2300;89.104438727071951;2300;6.1702322458571128;2300;6.0628070925016022
2310;152.99539170506912;2310;67.616809595019376;2310;0.21973326822717978;2310;89.143981701721358;2310;6.1702322458571128;2310;6.0637226477858821
2320;152.92214728232673;2320;67.629016998809774;2320;0.20752586443678089;2320;89.104438727071951;2320;6.1702322458571128;2320;6.0634174626911221
2330;152.97097689748833;2330;67.799920651875368;2330;0.20752586443678089;2330;89.143981701721358;2330;6.1702322458571128;2330;6.0667744987334817
2340;152.98318430127873;2340;67.726676229132963;2340;0.21973326822717978;2340;89.104438727071951;2340;6.1702322458571128;2340;6.0637226477858821
2350;152.87331766716514;2350;67.726676229132963;2350;0.24414807580797754;2350;89.025352777773122;2350;6.1702322458571128;2350;6.064943388164922
2360;152.77565843684195;2360;67.677846613971369;2360;0.23194067201757868;2360;89.025352777773122;2360;6.1702322458571128;2360;6.0661641285439618
2370;152.83669545579394;2370;67.66563921018097;2370;0.20752586443678089;2370;89.064895752422544;2370;6.1702322458571128;2370;6.0658589434492018
2380;152.90993987853633;2380;67.78771324808497;2380;0.17090365306558428;2380;89.064895752422544;2380;6.1702322458571128;2380;6.0661641285439618
2390;153.06863612781152;2390;67.873165074617759;2390;0.20752586443678089;2390;89.064895752422544;2390;6.1702322458571128;2390;6.064943388164922
2400;152.92214728232673;2400;67.836542863246564;2400;0.23194067201757868;2400;89.143981701721358;2400;6.1702322458571128;2400;6.064943388164922
2410;152.90993987853633;2410;67.897579882198556;2410;0.20752586443678089;2410;89.143981701721358;2410;6.1702322458571128;2410;6.0628070925016022
2420;152.94656208990753;2420;68.019653920102542;2420;0.20752586443678089;2420;89.104438727071951;2420;6.1702322458571128;2420;6.0667744987334817
2430;152.95876949369793;2430;68.11731315042573;2430;0.21973326822717978;2430;89.064895752422544;2430;6.1702322458571128;2430;6.064638203070162
2440;153.01980651264992;2440;68.166142765587338;2440;0.21973326822717978;2440;89.104438727071951;2440;6.1702322458571128;2440;6.0655537583544419
2450;152.99539170506912;2450;67.958616901150549;2450;0.20752586443678089;2450;89.064895752422544;2450;6.1702322458571128;2450;6.0637226477858821
2460;153.08084353160191;2460;67.983031708731346;2460;0.21973326822717978;2460;89.104438727071951;2460;6.1702322458571128;2460;6.0628070925016022
2470;152.99539170506912;2470;68.044068727683339;2470;0.21973326822717978;2470;89.104438727071951;2470;6.1702322458571128;2470;6.0628070925016022
2480;153.06863612781152;2480;68.11731315042573;2480;0.21973326822717978;2480;89.064895752422544;2480;6.1702322458571128;2480;6.0621967223120823
2490;153.04422132023072;2490;68.019653920102542;2490;0.23194067201757868;2490;89.025352777773122;2490;6.1702322458571128;2490;6.0628070925016022
2500;153.00759910885952;2500;68.007446516312143;2500;0.20752586443678089;2500;89.025352777773122;2500;6.1702322458571128;2500;6.0621967223120823
2510;152.92214728232673;2510;68.019653920102542;2510;0.20752586443678089;2510;89.104438727071951;2510;6.1702322458571128;2510;6.0652485732596819
2520;153.01980651264992;2520;68.056276131473737;2520;0.21973326822717978;2520;89.025352777773122;2520;6.1702322458571128;2520;6.0618915372173223
2530;152.95876949369793;2530;68.141727958006527;2530;0.23194067201757868;2530;89.025352777773122;2530;6.1702322458571128;2530;6.0634174626911221
2540;152.87331766716514;2540;68.056276131473737;2540;0.21973326822717978;2540;89.025352777773122;2540;6.1702322458571128;2540;6.0621967223120823
2550;152.94656208990753;2550;68.105105746635331;2550;0.21973326822717978;2550;89.064895752422544;2550;6.1702322458571128;2550;6.0637226477858821
2560;152.94656208990753;2560;68.105105746635331;2560;0.21973326822717978;2560;89.064895752422544;2560;6.1702322458571128;2560;6.0621967223120823
2570;152.98318430127873;2570;68.153935361796925;2570;0.23194067201757868;2570;89.064895752422544;2570;6.1702322458571128;2570;6.0609759819330424
2580;152.92214728232673;2580;68.092898342844933;2580;0.23194067201757868;2580;89.064895752422544;2580;6.1702322458571128;2580;6.0634174626911221
2590;153.04422132023072;2590;68.11731315042573;2590;0.21973326822717978;2590;89.104438727071951;2590;6.1702322458571128;2590;6.0625019074068422
2600;153.04422132023072;2600;68.105105746635331;2600;0.20752586443678089;2600;89.104438727071951;2600;6.1702322458571128;2600;6.064333017975402
2610;153.09305093539231;2610;68.056276131473737;2610;0.20752586443678089;2610;89.104438727071951;2610;6.1702322458571128;2610;6.0618915372173223
2620;153.08084353160191;2620;68.080690939054534;2620;0.21973326822717978;2620;89.104438727071951;2620;6.1702322458571128;2620;6.0631122775963622
2630;153.09305093539231;2630;68.092898342844933;2630;0.20752586443678089;2630;89.064895752422544;2630;6.1702322458571128;2630;6.0609759819330424
2640;153.04422132023072;2640;68.166142765587338;2640;0.21973326822717978;2640;89.104438727071951;2640;6.1702322458571128;2640;6.0621967223120823
2650;152.97097689748833;2650;68.105105746635331;2650;0.20752586443678089;2650;89.064895752422544;2650;6.1702322458571128;2650;6.0615863521225624
2660;153.01980651264992;2660;68.166142765587338;2660;0.20752586443678089;2660;89.025352777773122;2660;6.1702322458571128;2660;6.0618915372173223
2670;152.89773247474594;2670;68.190557573168135;2670;0.17090365306558428;2670;89.143981701721358;2670;6.1702322458571128;2670;6.0615863521225624
2680;152.92214728232673;2680;68.239387188329729;2680;0.17090365306558428;2680;89.18352467637078;2680;6.1702322458571128;2680;6.0618915372173223
2690;152.83669545579394;2690;68.11731315042573;2690;0.18311105685598317;2690;89.104438727071951;2690;6.1702322458571128;2690;6.064333017975402
2700;152.95876949369793;2700;68.007446516312143;2700;0.20752586443678089;2700;89.064895752422544;2700;6.1702322458571128;2700;6.0618915372173223
2710;152.92214728232673;2710;68.044068727683339;2710;0.21973326822717978;2710;89.064895752422544;2710;6.1702322458571128;2710;6.0637226477858821
2720;152.99539170506912;2720;68.044068727683339;2720;0.20752586443678089;2720;89.104438727071951;2720;6.1702322458571128;2720;6.0609759819330424
2730;153.06863612781152;2730;68.044068727683339;2730;0.20752586443678089;2730;89.104438727071951;2730;6.1702322458571128;2730;6.0628070925016022
2740;153.06863612781152;2740;68.044068727683339;2740;0.20752586443678089;2740;89.104438727071951;2740;6.1702322458571128;2740;6.0609759819330424
2750;153.01980651264992;2750;68.068483535264136;2750;0.20752586443678089;2750;89.143981701721358;2750;6.1702322458571128;2750;6.0618915372173223
2760;152.86111026337474;2760;67.958616901150549;2760;0.20752586443678089;2760;89.064895752422544;2760;6.1702322458571128;2760;6.0618915372173223
2770;153.05642872402112;2770;68.019653920102542;2770;0.21973326822717978;2770;89.104438727071951;2770;6.1702322458571128;2770;6.0606707968382825
2780;152.99539170506912;2780;68.092898342844933;2780;0.20752586443678089;2780;89.104438727071951;2780;6.1702322458571128;2780;6.0618915372173223
2790;152.94656208990753;2790;68.153935361796925;2790;0.18311105685598317;2790;89.104438727071951;2790;6.1702322458571128;2790;6.0609759819330424
2800;152.82448805200355;2800;68.166142765587338;2800;0.18311105685598317;2800;89.143981701721358;2800;6.1702322458571128;2800;6.0637226477858821
2810;152.98318430127873;2810;68.080690939054534;2810;0.21973326822717978;2810;89.104438727071951;2810;6.1702322458571128;2810;6.0615863521225624
2820;153.11746574297311;2820;68.056276131473737;2820;0.20752586443678089;2820;89.18352467637078;2820;6.1702322458571128;2820;6.0631122775963622
2830;152.92214728232673;2830;68.007446516312143;2830;0.18311105685598317;2830;89.143981701721358;2830;6.1702322458571128;2830;6.0609759819330424
2840;152.94656208990753;2840;68.007446516312143;2840;0.21973326822717978;2840;89.143981701721358;2840;6.1702322458571128;2840;6.0628070925016022
2850;152.95876949369793;2850;67.958616901150549;2850;0.23194067201757868;2850;89.143981701721358;2850;6.1702322458571128;2850;6.0618915372173223
2860;153.04422132023072;2860;68.068483535264136;2860;0.21973326822717978;2860;89.143981701721358;2860;6.1702322458571128;2860;6.0621967223120823
2870;153.01980651264992;2870;68.068483535264136;2870;0.18311105685598317;2870;89.143981701721358;2870;6.1702322458571128;2870;6.0628070925016022
2880;152.98318430127873;2880;68.007446516312143;2880;0.21973326822717978;2880;89.143981701721358;2880;6.1702322458571128;2880;6.0615863521225624
2890;152.92214728232673;2890;68.056276131473737;2890;0.24414807580797754;2890;89.143981701721358;2890;6.1702322458571128;2890;6.0628070925016022
2900;153.04422132023072;2900;68.080690939054534;2900;0.23194067201757868;2900;89.143981701721358;2900;6.1702322458571128;2900;6.0609759819330424
2910;152.99539170506912;2910;68.092898342844933;2910;0.20752586443678089;2910;89.18352467637078;2910;6.1702322458571128;2910;6.0625019074068422
2920;153.11746574297311;2920;68.068483535264136;2920;0.17090365306558428;2920;89.18352467637078;2920;6.1702322458571128;2920;6.0603656117435225
2930;153.06863612781152;2930;68.166142765587338;2930;0.18311105685598317;2930;89.18352467637078;2930;6.1702322458571128;2930;6.0634174626911221
2940;152.97097689748833;2940;68.141727958006527;2940;0.23194067201757868;2940;89.143981701721358;2940;6.1702322458571128;2940;6.0618915372173223
2950;153.01980651264992;2950;68.153935361796925;2950;0.24414807580797754;2950;89.104438727071951;2950;6.1702322458571128;2950;6.0621967223120823
2960;153.06863612781152;2960;68.166142765587338;2960;0.21973326822717978;2960;89.104438727071951;2960;6.1702322458571128;2960;6.0628070925016022
2970;153.09305093539231;2970;68.239387188329729;2970;0.20752586443678089;2970;89.104438727071951;2970;6.1702322458571128;2970;6.0625019074068422
2980;152.92214728232673;2980;68.166142765587338;2980;0.20752586443678089;2980;89.064895752422544;2980;6.1702322458571128;2980;6.0625019074068422
2990;152.88552507095554;2990;68.092898342844933;2990;0.21973326822717978;2990;89.104438727071951;2990;6.1702322458571128;2990;6.0615863521225624
3000;152.88552507095554;3000;68.044068727683339;3000;0.20752586443678089;3000;89.143981701721358;3000;6.1702322458571128;3000;6.0637226477858821
3010;153.01980651264992;3010;68.105105746635331;3010;0.18311105685598317;3010;89.143981701721358;3010;6.1702322458571128;3010;6.0618915372173223
3020;153.00759910885952;3020;68.263801995910526;3020;0.20752586443678089;3020;89.143981701721358;3020;6.1702322458571128;3020;6.0637226477858821
3030;152.95876949369793;3030;68.153935361796925;3030;0.21973326822717978;3030;89.104438727071951;3030;6.1702322458571128;3030;6.0609759819330424
3040;152.87331766716514;3040;68.056276131473737;3040;0.23194067201757868;3040;89.104438727071951;3040;6.1702322458571128;3040;6.0621967223120823
3050;152.99539170506912;3050;68.044068727683339;3050;0.20752586443678089;3050;89.104438727071951;3050;6.1702322458571128;3050;6.0625019074068422
3060;153.15408795434431;3060;68.166142765587338;3060;0.20752586443678089;3060;89.143981701721358;3060;6.1702322458571128;3060;6.0634174626911221
3070;153.1662953581347;3070;68.227179784539331;3070;0.20752586443678089;3070;89.143981701721358;3070;6.1702322458571128;3070;6.0625019074068422
3080;153.11746574297311;3080;68.190557573168135;3080;0.20752586443678089;3080;89.104438727071951;3080;6.1702322458571128;3080;6.0609759819330424
3090;152.92214728232673;3090;68.141727958006527;3090;0.21973326822717978;3090;89.104438727071951;3090;6.1702322458571128;3090;6.0634174626911221
3100;153.08084353160191;3100;68.227179784539331;3100;0.20752586443678089;3100;89.143981701721358;3100;6.1702322458571128;3100;6.0618915372173223
3110;153.08084353160191;3110;68.239387188329729;3110;0.20752586443678089;3110;89.143981701721358;3110;6.1702322458571128;3110;6.0631122775963622
3120;153.05642872402112;3120;68.056276131473737;3120;0.21973326822717978;3120;89.025352777773122;3120;6.1702322458571128;3120;6.0615863521225624
3130;152.99539170506912;3130;68.11731315042573;3130;0.21973326822717978;3130;89.104438727071951;3130;6.1702322458571128;3130;6.0634174626911221
3140;152.99539170506912;3140;68.080690939054534;3140;0.20752586443678089;3140;89.143981701721358;3140;6.1702322458571128;3140;6.0618915372173223
3150;152.90993987853633;3150;68.105105746635331;3150;0.21973326822717978;3150;89.104438727071951;3150;6.1702322458571128;3150;6.0625019074068422
3160;152.95876949369793;3160;68.251594592120128;3160;0.21973326822717978;3160;89.064895752422544;3160;6.1702322458571128;3160;6.0618915372173223
3170;152.98318430127873;3170;68.324839014862519;3170;0.21973326822717978;3170;89.104438727071951;3170;6.1702322458571128;3170;6.0618915372173223
3180;152.87331766716514;3180;68.166142765587338;3180;0.20752586443678089;3180;89.143981701721358;3180;6.1702322458571128;3180;6.0628070925016022
3190;152.97097689748833;3190;68.080690939054534;3190;0.18311105685598317;3190;89.143981701721358;3190;6.1702322458571128;3190;6.0615863521225624
3200;152.95876949369793;3200;68.068483535264136;3200;0.20752586443678089;3200;89.104438727071951;3200;6.1702322458571128;3200;6.0631122775963622
3210;153.09305093539231;3210;68.068483535264136;3210;0.18311105685598317;3210;89.064895752422544;3210;6.1702322458571128;3210;6.0615863521225624
3220;153.09305093539231;3220;68.080690939054534;3220;0.21973326822717978;3220;89.18352467637078;3220;6.1702322458571128;3220;6.0628070925016022
3230;153.00759910885952;3230;68.11731315042573;3230;0.21973326822717978;3230;89.143981701721358;3230;6.1702322458571128;3230;6.0606707968382825
3240;153.00759910885952;3240;68.227179784539331;3240;0.20752586443678089;3240;89.104438727071951;3240;6.1702322458571128;3240;6.0637226477858821
3250;152.99539170506912;3250;68.166142765587338;3250;0.20752586443678089;3250;89.104438727071951;3250;6.1702322458571128;3250;6.0628070925016022
3260;153.05642872402112;3260;68.178350169377737;3260;0.21973326822717978;3260;89.104438727071951;3260;6.1702322458571128;3260;6.0634174626911221
3270;153.08084353160191;3270;68.153935361796925;3270;0.18311105685598317;3270;89.104438727071951;3270;6.1702322458571128;3270;6.0625019074068422
3280;153.08084353160191;3280;68.141727958006527;3280;0.18311105685598317;3280;89.143981701721358;3280;6.1702322458571128;3280;6.0615863521225624
3290;152.97097689748833;3290;68.080690939054534;3290;0.23194067201757868;3290;89.18352467637078;3290;6.1702322458571128;3290;6.0621967223120823
3300;153.04422132023072;3300;68.080690939054534;3300;0.21973326822717978;3300;89.104438727071951;3300;6.1702322458571128;3300;6.0618915372173223
3310;152.95876949369793;3310;68.190557573168135;3310;0.21973326822717978;3310;89.104438727071951;3310;6.1702322458571128;3310;6.0628070925016022
3320;152.92214728232673;3320;68.178350169377737;3320;0.20752586443678089;3320;89.143981701721358;3320;6.1702322458571128;3320;6.0606707968382825
3330;153.04422132023072;3330;68.178350169377737;3330;0.21973326822717978;3330;89.143981701721358;3330;6.1702322458571128;3330;6.0631122775963622
3340;153.08084353160191;3340;68.227179784539331;3340;0.20752586443678089;3340;89.064895752422544;3340;6.1702322458571128;3340;6.0606707968382825
3350;153.14188055055391;3350;68.276009399700925;3350;0.21973326822717978;3350;89.104438727071951;3350;6.1702322458571128;3350;6.0618915372173223
3360;153.01980651264992;3360;68.190557573168135;3360;0.21973326822717978;3360;89.104438727071951;3360;6.1702322458571128;3360;6.0609759819330424
3370;153.06863612781152;3370;68.202764976958534;3370;0.23194067201757868;3370;89.104438727071951;3370;6.1702322458571128;3370;6.0625019074068422
3380;153.04422132023072;3380;68.153935361796925;3380;0.21973326822717978;3380;89.143981701721358;3380;6.1702322458571128;3380;6.0631122775963622
3390;153.04422132023072;3390;68.202764976958534;3390;0.21973326822717978;3390;89.143981701721358;3390;6.1702322458571128;3390;6.0621967223120823
3400;152.88552507095554;3400;68.202764976958534;3400;0.20752586443678089;3400;89.18352467637078;3400;6.1702322458571128;3400;6.0631122775963622
3410;152.90993987853633;3410;68.239387188329729;3410;0.18311105685598317;3410;89.18352467637078;3410;6.1702322458571128;3410;6.0618915372173223
3420;152.94656208990753;3420;68.288216803491324;3420;0.20752586443678089;3420;89.104438727071951;3420;6.1702322458571128;3420;6.0634174626911221
3430;152.99539170506912;3430;68.239387188329729;3430;0.20752586443678089;3430;89.104438727071951;3430;6.1702322458571128;3430;6.0618915372173223
3440;153.08084353160191;3440;68.239387188329729;3440;0.20752586443678089;3440;89.18352467637078;3440;6.1702322458571128;3440;6.0637226477858821
3450;153.2029175695059;3450;68.190557573168135;3450;0.21973326822717978;3450;89.104438727071951;3450;6.1702322458571128;3450;6.0621967223120823
3460;153.1785027619251;3460;68.227179784539331;3460;0.23194067201757868;3460;89.104438727071951;3460;6.1702322458571128;3460;6.0631122775963622
3470;153.05642872402112;3470;68.105105746635331;3470;0.21973326822717978;3470;89.104438727071951;3470;6.1702322458571128;3470;6.0609759819330424
3480;153.05642872402112;3480;68.190557573168135;3480;0.21973326822717978;3480;89.104438727071951;3480;6.1702322458571128;3480;6.0603656117435225
3490;152.90993987853633;3490;68.337046418652918;3490;0.18311105685598317;3490;89.104438727071951;3490;6.1702322458571128;3490;6.0621967223120823
3500;153.05642872402112;3500;68.300424207281722;3500;0.20752586443678089;3500;89.064895752422544;3500;6.1702322458571128;3500;6.0615863521225624
3510;153.04422132023072;3510;68.239387188329729;3510;0.21973326822717978;3510;89.104438727071951;3510;6.1702322458571128;3510;6.0628070925016022
3520;153.01980651264992;3520;68.239387188329729;3520;0.23194067201757868;3520;89.064895752422544;3520;6.1702322458571128;3520;6.0621967223120823
3530;152.87331766716514;3530;68.288216803491324;3530;0.23194067201757868;3530;89.064895752422544;3530;6.1702322458571128;3530;6.0637226477858821
3540;152.88552507095554;3540;68.202764976958534;3540;0.18311105685598317;3540;89.104438727071951;3540;6.1702322458571128;3540;6.0615863521225624
3550;153.08084353160191;3550;68.227179784539331;3550;0.21973326822717978;3550;89.143981701721358;3550;6.1702322458571128;3550;6.0628070925016022
3560;153.08084353160191;3560;68.227179784539331;3560;0.21973326822717978;3560;89.18352467637078;3560;6.1702322458571128;3560;6.0621967223120823
3570;153.08084353160191;3570;68.300424207281722;3570;0.20752586443678089;3570;89.18352467637078;3570;6.1702322458571128;3570;6.0634174626911221
3580;153.01980651264992;3580;68.324839014862519;3580;0.18311105685598317;3580;89.104438727071951;3580;6.1702322458571128;3580;6.0631122775963622
3590;153.04422132023072;3590;68.337046418652918;3590;0.20752586443678089;3590;89.064895752422544;3590;6.1702322458571128;3590;6.0621967223120823
3600;152.95876949369793;3600;68.263801995910526;3600;0.20752586443678089;3600;89.104438727071951;3600;6.1702322458571128;3600;6.0628070925016022
3610;153.00759910885952;3610;68.190557573168135;3610;0.18311105685598317;3610;89.104438727071951;3610;6.1702322458571128;3610;6.0609759819330424
3620;152.97097689748833;3620;68.300424207281722;3620;0.20752586443678089;3620;89.104438727071951;3620;6.1702322458571128;3620;6.0634174626911221
3630;153.05642872402112;3630;68.300424207281722;3630;0.18311105685598317;3630;89.104438727071951;3630;6.1702322458571128;3630;6.0615863521225624
3640;153.11746574297311;3640;68.361461226233715;3640;0.18311105685598317;3640;89.143981701721358;3640;6.1702322458571128;3640;6.0631122775963622
3650;153.11746574297311;3650;68.39808343760491;3650;0.18311105685598317;3650;89.104438727071951;3650;6.1702322458571128;3650;6.0628070925016022
3660;153.04422132023072;3660;68.385876033814512;3660;0.20752586443678089;3660;89.143981701721358;3660;6.1702322458571128;3660;6.0634174626911221
3670;152.90993987853633;3670;68.227179784539331;3670;0.18311105685598317;3670;89.104438727071951;3670;6.1702322458571128;3670;6.0621967223120823
3680;152.98318430127873;3680;68.190557573168135;3680;0.20752586443678089;3680;89.025352777773122;3680;6.1702322458571128;3680;6.0618915372173223
3690;152.90993987853633;3690;68.190557573168135;3690;0.21973326822717978;3690;89.104438727071951;3690;6.1702322458571128;3690;6.0621967223120823
3700;153.09305093539231;3700;68.190557573168135;3700;0.21973326822717978;3700;89.18352467637078;3700;6.1702322458571128;3700;6.0615863521225624
3710;153.00759910885952;3710;68.300424207281722;3710;0.21973326822717978;3710;89.18352467637078;3710;6.1702322458571128;3710;6.0637226477858821
3720;152.90993987853633;3720;68.288216803491324;3720;0.20752586443678089;3720;89.064895752422544;3720;6.1702322458571128;3720;6.0606707968382825
3730;152.92214728232673;3730;68.251594592120128;3730;0.20752586443678089;3730;89.143981701721358;3730;6.1702322458571128;3730;6.0618915372173223
3740;152.92214728232673;3740;68.202764976958534;3740;0.23194067201757868;3740;89.104438727071951;3740;6.1702322458571128;3740;6.0609759819330424
3750;152.90993987853633;3750;68.239387188329729;3750;0.23194067201757868;3750;89.104438727071951;3750;6.1702322458571128;3750;6.0631122775963622
3760;152.95876949369793;3760;68.337046418652918;3760;0.18311105685598317;3760;89.18352467637078;3760;6.1702322458571128;3760;6.0615863521225624
3770;153.01980651264992;3770;68.349253822443316;3770;0.20752586443678089;3770;89.18352467637078;3770;6.1702322458571128;3770;6.0621967223120823
3780;152.95876949369793;3780;68.276009399700925;3780;0.24414807580797754;3780;89.143981701721358;3780;6.1702322458571128;3780;6.0615863521225624
3790;153.10525833918271;3790;68.227179784539331;3790;0.23194067201757868;3790;89.104438727071951;3790;6.1702322458571128;3790;6.0606707968382825
3800;153.05642872402112;3800;68.178350169377737;3800;0.20752586443678089;3800;89.104438727071951;3800;6.1702322458571128;3800;6.0625019074068422
3810;153.09305093539231;3810;68.276009399700925;3810;0.20752586443678089;3810;89.104438727071951;3810;6.1702322458571128;3810;6.0609759819330424
3820;152.99539170506912;3820;68.251594592120128;3820;0.18311105685598317;3820;89.104438727071951;3820;6.1702322458571128;3820;6.0631122775963622
3830;152.97097689748833;3830;68.300424207281722;3830;0.20752586443678089;3830;89.104438727071951;3830;6.1702322458571128;3830;6.0609759819330424
3840;153.01980651264992;3840;68.349253822443316;3840;0.23194067201757868;3840;89.143981701721358;3840;6.1702322458571128;3840;6.0628070925016022
3850;152.95876949369793;3850;68.288216803491324;3850;0.21973326822717978;3850;89.143981701721358;3850;6.1702322458571128;3850;6.0618915372173223
3860;153.05642872402112;3860;68.373668630024113;3860;0.20752586443678089;3860;89.143981701721358;3860;6.1702322458571128;3860;6.0628070925016022
3870;153.11746574297311;3870;68.300424207281722;3870;0.20752586443678089;3870;89.104438727071951;3870;6.1702322458571128;3870;6.0628070925016022
3880;153.14188055055391;3880;68.337046418652918;3880;0.20752586443678089;3880;89.104438727071951;3880;6.1702322458571128;3880;6.0628070925016022
3890;153.10525833918271;3890;68.190557573168135;3890;0.20752586443678089;3890;89.104438727071951;3890;6.1702322458571128;3890;6.0618915372173223
3900;153.11746574297311;3900;68.11731315042573;3900;0.18311105685598317;3900;89.104438727071951;3900;6.1702322458571128;3900;6.0609759819330424
3910;153.00759910885952;3910;68.202764976958534;3910;0.20752586443678089;3910;89.143981701721358;3910;6.1702322458571128;3910;6.0631122775963622
3920;153.08084353160191;3920;68.263801995910526;3920;0.20752586443678089;3920;89.18352467637078;3920;6.1702322458571128;3920;6.0615863521225624
3930;153.05642872402112;3930;68.361461226233715;3930;0.20752586443678089;3930;89.262610625669652;3930;6.1702322458571128;3930;6.0637226477858821
3940;153.00759910885952;3940;68.276009399700925;3940;0.20752586443678089;3940;89.18352467637078;3940;6.1702322458571128;3940;6.0621967223120823
3950;152.99539170506912;3950;68.276009399700925;3950;0.20752586443678089;3950;89.18352467637078;3950;6.1702322458571128;3950;6.0625019074068422
3960;152.97097689748833;3960;68.337046418652918;3960;0.18311105685598317;3960;89.18352467637078;3960;6.1702322458571128;3960;6.0609759819330424
3970;153.06863612781152;3970;68.4469130527665;3970;0.20752586443678089;3970;89.18352467637078;3970;6.1702322458571128;3970;6.0625019074068422
3980;152.97097689748833;3980;68.349253822443316;3980;0.20752586443678089;3980;89.18352467637078;3980;6.1702322458571128;3980;6.0628070925016022
3990;152.97097689748833;3990;68.324839014862519;3990;0.20752586443678089;3990;89.18352467637078;3990;6.1702322458571128;3990;6.0621967223120823
4000;152.94656208990753;4000;68.263801995910526;4000;0.20752586443678089;4000;89.143981701721358;4000;6.1702322458571128;4000;6.0634174626911221
4010;153.09305093539231;4010;68.227179784539331;4010;0.20752586443678089;4010;89.143981701721358;4010;6.1702322458571128;4010;6.0625019074068422
4020;153.08084353160191;4020;68.349253822443316;4020;0.20752586443678089;4020;89.143981701721358;4020;6.1702322458571128;4020;6.0634174626911221
4030;153.11746574297311;4030;68.324839014862519;4030;0.17090365306558428;4030;89.064895752422544;4030;6.1702322458571128;4030;6.0618915372173223
4040;153.09305093539231;4040;68.251594592120128;4040;0.20752586443678089;4040;89.104438727071951;4040;6.1702322458571128;4040;6.0637226477858821
4050;152.95876949369793;4050;68.239387188329729;4050;0.20752586443678089;4050;89.104438727071951;4050;6.1702322458571128;4050;6.0625019074068422
4060;153.01980651264992;4060;68.337046418652918;4060;0.20752586443678089;4060;89.18352467637078;4060;6.1702322458571128;4060;6.0625019074068422
4070;153.09305093539231;4070;68.349253822443316;4070;0.18311105685598317;4070;89.18352467637078;4070;6.1702322458571128;4070;6.0621967223120823
4080;153.08084353160191;4080;68.373668630024113;4080;0.20752586443678089;4080;89.143981701721358;4080;6.1702322458571128;4080;6.0621967223120823
4090;153.00759910885952;4090;68.288216803491324;4090;0.20752586443678089;4090;89.143981701721358;4090;6.1702322458571128;4090;6.0628070925016022
4100;153.08084353160191;4100;68.324839014862519;4100;0.20752586443678089;4100;89.104438727071951;4100;6.1702322458571128;4100;6.0621967223120823
4110;152.98318430127873;4110;68.324839014862519;4110;0.21973326822717978;4110;89.104438727071951;4110;6.1702322458571128;4110;6.0634174626911221
4120;153.05642872402112;4120;68.202764976958534;4120;0.21973326822717978;4120;89.143981701721358;4120;6.1702322458571128;4120;6.0621967223120823
4130;152.99539170506912;4130;68.300424207281722;4130;0.21973326822717978;4130;89.18352467637078;4130;6.1702322458571128;4130;6.0631122775963622
4140;152.94656208990753;4140;68.288216803491324;4140;0.20752586443678089;4140;89.143981701721358;4140;6.1702322458571128;4140;6.0621967223120823
4150;153.05642872402112;4150;68.337046418652918;4150;0.20752586443678089;4150;89.143981701721358;4150;6.1702322458571128;4150;6.0637226477858821
4160;153.15408795434431;4160;68.239387188329729;4160;0.18311105685598317;4160;89.143981701721358;4160;6.1702322458571128;4160;6.0621967223120823
4170;153.1785027619251;4170;68.190557573168135;4170;0.18311105685598317;4170;89.104438727071951;4170;6.1702322458571128;4170;6.0628070925016022
4180;153.01980651264992;4180;68.276009399700925;4180;0.20752586443678089;4180;89.104438727071951;4180;6.1702322458571128;4180;6.0631122775963622
4190;153.04422132023072;4190;68.373668630024113;4190;0.23194067201757868;4190;89.143981701721358;4190;6.1702322458571128;4190;6.0625019074068422
4200;152.95876949369793;4200;68.324839014862519;4200;0.21973326822717978;4200;89.143981701721358;4200;6.1702322458571128;4200;6.0625019074068422
4210;153.00759910885952;4210;68.202764976958534;4210;0.21973326822717978;4210;89.143981701721358;4210;6.1702322458571128;4210;6.0618915372173223
4220;153.06863612781152;4220;68.300424207281722;4220;0.21973326822717978;4220;89.18352467637078;4220;6.1702322458571128;4220;6.064333017975402
4230;153.04422132023072;4230;68.276009399700925;4230;0.18311105685598317;4230;89.104438727071951;4230;6.1702322458571128;4230;6.0615863521225624
4240;153.05642872402112;4240;68.239387188329729;4240;0.21973326822717978;4240;89.064895752422544;4240;6.1702322458571128;4240;6.0628070925016022
4250;152.98318430127873;4250;68.166142765587338;4250;0.21973326822717978;4250;89.064895752422544;4250;6.1702322458571128;4250;6.0625019074068422
4260;153.08084353160191;4260;68.324839014862519;4260;0.20752586443678089;4260;89.143981701721358;4260;6.1702322458571128;4260;6.0634174626911221
4270;153.11746574297311;4270;68.300424207281722;4270;0.18311105685598317;4270;89.143981701721358;4270;6.1702322458571128;4270;6.0628070925016022
4280;153.11746574297311;4280;68.349253822443316;4280;0.18311105685598317;4280;89.18352467637078;4280;6.1702322458571128;4280;6.0628070925016022
4290;152.98318430127873;4290;68.422498245185707;4290;0.23194067201757868;4290;89.064895752422544;4290;6.1702322458571128;4290;6.0625019074068422
4300;153.05642872402112;4300;68.385876033814512;4300;0.21973326822717978;4300;89.025352777773122;4300;6.1702322458571128;4300;6.0621967223120823
4310;153.09305093539231;4310;68.337046418652918;4310;0.18311105685598317;4310;89.143981701721358;4310;6.1702322458571128;4310;6.064638203070162
4320;153.15408795434431;4320;68.288216803491324;4320;0.20752586443678089;4320;89.18352467637078;4320;6.1702322458571128;4320;6.0625019074068422
4330;153.00759910885952;4330;68.361461226233715;4330;0.21973326822717978;4330;89.262610625669652;4330;6.1702322458571128;4330;6.0637226477858821
4340;152.99539170506912;4340;68.276009399700925;4340;0.18311105685598317;4340;89.18352467637078;4340;6.1702322458571128;4340;6.0618915372173223
4350;153.09305093539231;4350;68.190557573168135;4350;0.21973326822717978;4350;89.143981701721358;4350;6.1702322458571128;4350;6.0631122775963622
4360;153.08084353160191;4360;68.227179784539331;4360;0.21973326822717978;4360;89.104438727071951;4360;6.1702322458571128;4360;6.0625019074068422
4370;153.00759910885952;4370;68.349253822443316;4370;0.18311105685598317;4370;89.143981701721358;4370;6.1702322458571128;4370;6.0631122775963622
4380;153.00759910885952;4380;68.324839014862519;4380;0.20752586443678089;4380;89.143981701721358;4380;6.1702322458571128;4380;6.0634174626911221
4390;153.1785027619251;4390;68.276009399700925;4390;0.21973326822717978;4390;89.104438727071951;4390;6.1702322458571128;4390;6.0625019074068422
4400;153.08084353160191;4400;68.227179784539331;4400;0.21973326822717978;4400;89.143981701721358;4400;6.1702322458571128;4400;6.0628070925016022
4410;153.14188055055391;4410;68.251594592120128;4410;0.21973326822717978;4410;89.143981701721358;4410;6.1702322458571128;4410;6.0618915372173223
4420;153.01980651264992;4420;68.288216803491324;4420;0.21973326822717978;4420;89.143981701721358;4420;6.1702322458571128;4420;6.0634174626911221
4430;153.04422132023072;4430;68.288216803491324;4430;0.20752586443678089;4430;89.143981701721358;4430;6.1702322458571128;4430;6.0625019074068422
4440;153.08084353160191;4440;68.276009399700925;4440;0.18311105685598317;4440;89.143981701721358;4440;6.1702322458571128;4440;6.0637226477858821
4450;153.00759910885952;4450;68.178350169377737;4450;0.18311105685598317;4450;89.143981701721358;4450;6.1702322458571128;4450;6.0625019074068422
4460;153.06863612781152;4460;68.349253822443316;4460;0.18311105685598317;4460;89.104438727071951;4460;6.1702322458571128;4460;6.0631122775963622
4470;153.01980651264992;4470;68.39808343760491;4470;0.18311105685598317;4470;89.143981701721358;4470;6.1702322458571128;4470;6.0628070925016022
4480;153.08084353160191;4480;68.276009399700925;4480;0.20752586443678089;4480;89.143981701721358;4480;6.1702322458571128;4480;6.0628070925016022
4490;153.04422132023072;4490;68.202764976958534;4490;0.20752586443678089;4490;89.104438727071951;4490;6.1702322458571128;4490;6.0628070925016022
4500;153.11746574297311;4500;68.239387188329729;4500;0.21973326822717978;4500;89.18352467637078;4500;6.1702322458571128;4500;6.0621967223120823
4510;153.05642872402112;4510;68.227179784539331;4510;0.20752586443678089;4510;89.262610625669652;4510;6.1702322458571128;4510;6.0637226477858821
4520;152.98318430127873;4520;68.153935361796925;4520;0.20752586443678089;4520;89.262610625669652;4520;6.1702322458571128;4520;6.0618915372173223
4530;152.99539170506912;4530;68.251594592120128;4530;0.20752586443678089;4530;89.262610625669652;4530;6.1702322458571128;4530;6.0631122775963622
4540;153.05642872402112;4540;68.324839014862519;4540;0.18311105685598317;4540;89.18352467637078;4540;6.1702322458571128;4540;6.0621967223120823
4550;153.09305093539231;4550;68.288216803491324;4550;0.20752586443678089;4550;89.262610625669652;4550;6.1702322458571128;4550;6.0628070925016022
4560;152.98318430127873;4560;68.105105746635331;4560;0.18311105685598317;4560;89.262610625669652;4560;6.1702322458571128;4560;6.0621967223120823
4570;152.88552507095554;4570;68.080690939054534;4570;0.17090365306558428;4570;89.262610625669652;4570;6.1702322458571128;4570;6.0631122775963622
4580;153.00759910885952;4580;68.11731315042573;4580;0.18311105685598317;4580;89.143981701721358;4580;6.1702322458571128;4580;6.0634174626911221
4590;153.1907101657155;4590;68.178350169377737;4590;0.18311105685598317;4590;89.064895752422544;4590;6.1702322458571128;4590;6.0628070925016022
4600;152.99539170506912;4600;68.227179784539331;4600;0.20752586443678089;4600;89.104438727071951;4600;6.1702322458571128;4600;6.0634174626911221
4610;153.01980651264992;4610;68.239387188329729;4610;0.20752586443678089;4610;89.143981701721358;4610;6.1702322458571128;4610;6.0621967223120823
4620;152.99539170506912;4620;68.263801995910526;4620;0.18311105685598317;4620;89.143981701721358;4620;6.1702322458571128;4620;6.0637226477858821
4630;153.05642872402112;4630;68.178350169377737;4630;0.20752586443678089;4630;89.143981701721358;4630;6.1702322458571128;4630;6.0621967223120823
4640;153.09305093539231;4640;68.190557573168135;4640;0.20752586443678089;4640;89.104438727071951;4640;6.1702322458571128;4640;6.0631122775963622
4650;153.09305093539231;4650;68.153935361796925;4650;0.18311105685598317;4650;89.104438727071951;4650;6.1702322458571128;4650;6.0621967223120823
4660;153.04422132023072;4660;68.288216803491324;4660;0.20752586443678089;4660;89.143981701721358;4660;6.1702322458571128;4660;6.0634174626911221
4670;152.95876949369793;4670;68.263801995910526;4670;0.20752586443678089;4670;89.143981701721358;4670;6.1702322458571128;4670;6.0631122775963622
4680;153.04422132023072;4680;68.166142765587338;4680;0.21973326822717978;4680;89.143981701721358;4680;6.1702322458571128;4680;6.0628070925016022
4690;152.95876949369793;4690;68.202764976958534;4690;0.21973326822717978;4690;89.104438727071951;4690;6.1702322458571128;4690;6.0625019074068422
4700;153.06863612781152;4700;68.202764976958534;4700;0.18311105685598317;4700;89.064895752422544;4700;6.1702322458571128;4700;6.0618915372173223
4710;152.94656208990753;4710;68.202764976958534;4710;0.23194067201757868;4710;89.104438727071951;4710;6.1702322458571128;4710;6.0637226477858821
4720;153.06863612781152;4720;68.190557573168135;4720;0.21973326822717978;4720;89.143981701721358;4720;6.1702322458571128;4720;6.0625019074068422
4730;153.10525833918271;4730;68.178350169377737;4730;0.20752586443678089;4730;89.143981701721358;4730;6.1702322458571128;4730;6.064333017975402
4740;153.05642872402112;4740;68.178350169377737;4740;0.21973326822717978;4740;89.143981701721358;4740;6.1702322458571128;4740;6.0625019074068422
4750;153.05642872402112;4750;68.166142765587338;4750;0.21973326822717978;4750;89.143981701721358;4750;6.1702322458571128;4750;6.0634174626911221
4760;153.04422132023072;4760;68.11731315042573;4760;0.18311105685598317;4760;89.18352467637078;4760;6.1702322458571128;4760;6.0625019074068422
4770;153.11746574297311;4770;68.141727958006527;4770;0.17090365306558428;4770;89.18352467637078;4770;6.1702322458571128;4770;6.0628070925016022
4780;153.05642872402112;4780;68.080690939054534;4780;0.18311105685598317;4780;89.18352467637078;4780;6.1702322458571128;4780;6.0628070925016022
4790;153.06863612781152;4790;68.190557573168135;4790;0.20752586443678089;4790;89.262610625669652;4790;6.1702322458571128;4790;6.0631122775963622
4800;153.06863612781152;4800;68.202764976958534;4800;0.20752586443678089;4800;89.143981701721358;4800;6.1702322458571128;4800;6.064333017975402
4810;153.1662953581347;4810;68.190557573168135;4810;0.18311105685598317;4810;89.143981701721358;4810;6.1702322458571128;4810;6.0621967223120823
4820;153.01980651264992;4820;68.178350169377737;4820;0.17090365306558428;4820;89.18352467637078;4820;6.1702322458571128;4820;6.0637226477858821
4830;153.00759910885952;4830;68.166142765587338;4830;0.17090365306558428;4830;89.143981701721358;4830;6.1702322458571128;4830;6.0628070925016022
4840;152.98318430127873;4840;68.202764976958534;4840;0.20752586443678089;4840;89.104438727071951;4840;6.1702322458571128;4840;6.0637226477858821
4850;152.97097689748833;4850;68.227179784539331;4850;0.18311105685598317;4850;89.064895752422544;4850;6.1702322458571128;4850;6.0625019074068422
4860;153.15408795434431;4860;68.276009399700925;4860;0.20752586443678089;4860;89.143981701721358;4860;6.1702322458571128;4860;6.0637226477858821
4870;153.14188055055391;4870;68.227179784539331;4870;0.20752586443678089;4870;89.18352467637078;4870;6.1702322458571128;4870;6.0628070925016022
4880;153.11746574297311;4880;68.227179784539331;4880;0.18311105685598317;4880;89.18352467637078;4880;6.1702322458571128;4880;6.0621967223120823
4890;153.05642872402112;4890;68.178350169377737;4890;0.20752586443678089;4890;89.143981701721358;4890;6.1702322458571128;4890;6.0628070925016022
4900;153.10525833918271;4900;68.178350169377737;4900;0.21973326822717978;4900;89.18352467637078;4900;6.1702322458571128;4900;6.0625019074068422
4910;153.05642872402112;4910;68.202764976958534;4910;0.21973326822717978;4910;89.143981701721358;4910;6.1702322458571128;4910;6.064638203070162
4920;153.11746574297311;4920;68.251594592120128;4920;0.21973326822717978;4920;89.143981701721358;4920;6.1702322458571128;4920;6.0631122775963622
4930;153.1785027619251;4930;68.337046418652918;4930;0.21973326822717978;4930;89.18352467637078;4930;6.1702322458571128;4930;6.064638203070162
4940;153.2395397808771;4940;68.263801995910526;4940;0.20752586443678089;4940;89.143981701721358;4940;6.1702322458571128;4940;6.0631122775963622
4950;153.2395397808771;4950;68.227179784539331;4950;0.18311105685598317;4950;89.143981701721358;4950;6.1702322458571128;4950;6.0637226477858821
4960;153.01980651264992;4960;68.178350169377737;4960;0.23194067201757868;4960;89.143981701721358;4960;6.1702322458571128;4960;6.0631122775963622
4970;152.90993987853633;4970;68.288216803491324;4970;0.23194067201757868;4970;89.18352467637078;4970;6.1702322458571128;4970;6.0634174626911221
4980;152.94656208990753;4980;68.178350169377737;4980;0.20752586443678089;4980;89.18352467637078;4980;6.1702322458571128;4980;6.0628070925016022
4990;153.08084353160191;4990;68.141727958006527;4990;0.21973326822717978;4990;89.18352467637078;4990;6.1702322458571128;4990;6.0625019074068422
5000;152.92214728232673;5000;68.153935361796925;5000;0.17090365306558428;5000;89.18352467637078;5000;6.1702322458571128;5000;6.064638203070162
5010;152.90993987853633;5010;68.080690939054534;5010;0.15869624927518539;5010;89.143981701721358;5010;6.1702322458571128;5010;6.0637226477858821
5020;152.99539170506912;5020;68.202764976958534;5020;0.18311105685598317;5020;89.143981701721358;5020;6.1702322458571128;5020;6.064943388164922
5030;153.01980651264992;5030;68.178350169377737;5030;0.17090365306558428;5030;89.18352467637078;5030;6.1702322458571128;5030;6.0631122775963622
5040;152.97097689748833;5040;68.202764976958534;5040;0.20752586443678089;5040;89.18352467637078;5040;6.1702322458571128;5040;6.064638203070162
5050;152.97097689748833;5050;68.141727958006527;5050;0.18311105685598317;5050;89.143981701721358;5050;6.1702322458571128;5050;6.0631122775963622
5060;153.01980651264992;5060;68.251594592120128;5060;0.17090365306558428;5060;89.143981701721358;5060;6.1702322458571128;5060;6.0637226477858821
5070;152.97097689748833;5070;68.227179784539331;5070;0.18311105685598317;5070;89.143981701721358;5070;6.1702322458571128;5070;6.0637226477858821
5080;153.06863612781152;5080;68.056276131473737;5080;0.20752586443678089;5080;89.143981701721358;5080;6.1702322458571128;5080;6.064638203070162
5090;153.15408795434431;5090;68.105105746635331;5090;0.20752586443678089;5090;89.18352467637078;5090;6.1702322458571128;5090;6.064638203070162
5100;153.1785027619251;5100;68.166142765587338;5100;0.18311105685598317;5100;89.18352467637078;5100;6.1702322458571128;5100;6.0631122775963622
5110;153.01980651264992;5110;68.178350169377737;5110;0.18311105685598317;5110;89.18352467637078;5110;6.1702322458571128;5110;6.064943388164922
5120;153.05642872402112;5120;68.276009399700925;5120;0.21973326822717978;5120;89.18352467637078;5120;6.1702322458571128;5120;6.0634174626911221
5130;153.06863612781152;5130;68.276009399700925;5130;0.21973326822717978;5130;89.18352467637078;5130;6.1702322458571128;5130;6.0637226477858821
5140;153.14188055055391;5140;68.190557573168135;5140;0.18311105685598317;5140;89.18352467637078;5140;6.1702322458571128;5140;6.0628070925016022
5150;153.26395458845789;5150;68.239387188329729;5150;0.21973326822717978;5150;89.18352467637078;5150;6.1702322458571128;5150;6.064943388164922
5160;153.2395397808771;5160;68.190557573168135;5160;0.20752586443678089;5160;89.143981701721358;5160;6.1702322458571128;5160;6.0634174626911221
5170;153.10525833918271;5170;68.276009399700925;5170;0.18311105685598317;5170;89.143981701721358;5170;6.1702322458571128;5170;6.0631122775963622
5180;153.09305093539231;5180;68.11731315042573;5180;0.17090365306558428;5180;89.143981701721358;5180;6.1702322458571128;5180;6.0637226477858821
5190;153.11746574297311;5190;68.11731315042573;5190;0.18311105685598317;5190;89.143981701721358;5190;6.1702322458571128;5190;6.064333017975402
5200;153.05642872402112;5200;68.324839014862519;5200;0.18311105685598317;5200;89.104438727071951;5200;6.1702322458571128;5200;6.064333017975402
5210;153.06863612781152;5210;68.288216803491324;5210;0.18311105685598317;5210;89.104438727071951;5210;6.1702322458571128;5210;6.0628070925016022
5220;152.94656208990753;5220;68.153935361796925;5220;0.17090365306558428;5220;89.18352467637078;5220;6.1702322458571128;5220;6.0655537583544419
5230;153.04422132023072;5230;68.190557573168135;5230;0.18311105685598317;5230;89.18352467637078;5230;6.1702322458571128;5230;6.0634174626911221
5240;152.99539170506912;5240;68.251594592120128;5240;0.21973326822717978;5240;89.143981701721358;5240;6.1702322458571128;5240;6.0625019074068422
5250;153.04422132023072;5250;68.239387188329729;5250;0.20752586443678089;5250;89.104438727071951;5250;6.1702322458571128;5250;6.0618915372173223
5260;153.26395458845789;5260;68.276009399700925;5260;0.20752586443678089;5260;89.143981701721358;5260;6.1702322458571128;5260;6.064638203070162
5270;153.2395397808771;5270;68.153935361796925;5270;0.20752586443678089;5270;89.104438727071951;5270;6.1702322458571128;5270;6.0628070925016022
5280;153.11746574297311;5280;68.166142765587338;5280;0.23194067201757868;5280;89.143981701721358;5280;6.1702322458571128;5280;6.0615863521225624
5290;153.05642872402112;5290;68.11731315042573;5290;0.23194067201757868;5290;89.143981701721358;5290;6.1702322458571128;5290;6.0634174626911221
5300;153.10525833918271;5300;68.105105746635331;5300;0.23194067201757868;5300;89.143981701721358;5300;6.1702322458571128;5300;6.0631122775963622
5310;153.09305093539231;5310;68.190557573168135;5310;0.20752586443678089;5310;89.262610625669652;5310;6.1702322458571128;5310;6.0634174626911221
5320;153.2029175695059;5320;68.251594592120128;5320;0.17090365306558428;5320;89.262610625669652;5320;6.1702322458571128;5320;6.0621967223120823
5330;153.04422132023072;5330;68.276009399700925;5330;0.20752586443678089;5330;89.18352467637078;5330;6.1702322458571128;5330;6.064943388164922
5340;152.97097689748833;5340;68.227179784539331;5340;0.20752586443678089;5340;89.143981701721358;5340;6.1702322458571128;5340;6.0631122775963622
5350;152.99539170506912;5350;68.263801995910526;5350;0.20752586443678089;5350;89.18352467637078;5350;6.1702322458571128;5350;6.0628070925016022
5360;153.00759910885952;5360;68.202764976958534;5360;0.21973326822717978;5360;89.18352467637078;5360;6.1702322458571128;5360;6.0628070925016022
5370;153.06863612781152;5370;68.190557573168135;5370;0.21973326822717978;5370;89.18352467637078;5370;6.1702322458571128;5370;6.0634174626911221
5380;153.01980651264992;5380;68.166142765587338;5380;0.20752586443678089;5380;89.104438727071951;5380;6.1702322458571128;5380;6.0628070925016022
5390;152.97097689748833;5390;68.276009399700925;5390;0.21973326822717978;5390;89.143981701721358;5390;6.1702322458571128;5390;6.0621967223120823
5400;152.86111026337474;5400;68.202764976958534;5400;0.21973326822717978;5400;89.18352467637078;5400;6.1702322458571128;5400;6.0637226477858821
5410;152.94656208990753;5410;68.141727958006527;5410;0.18311105685598317;5410;89.18352467637078;5410;6.1702322458571128;5410;6.0631122775963622
5420;152.86111026337474;5420;68.202764976958534;5420;0.18311105685598317;5420;89.143981701721358;5420;6.1702322458571128;5420;6.0625019074068422
5430;152.98318430127873;5430;68.239387188329729;5430;0.18311105685598317;5430;89.143981701721358;5430;6.1702322458571128;5430;6.0615863521225624
5440;153.06863612781152;5440;68.349253822443316;5440;0.20752586443678089;5440;89.302153600319059;5440;6.1702322458571128;5440;6.064638203070162
5450;153.00759910885952;5450;68.288216803491324;5450;0.18311105685598317;5450;89.18352467637078;5450;6.1702322458571128;5450;6.0625019074068422
5460;153.15408795434431;5460;68.178350169377737;5460;0.20752586443678089;5460;89.18352467637078;5460;6.1702322458571128;5460;6.0625019074068422
5470;153.11746574297311;5470;68.166142765587338;5470;0.21973326822717978;5470;89.18352467637078;5470;6.1702322458571128;5470;6.0625019074068422
5480;153.04422132023072;5480;68.227179784539331;5480;0.20752586443678089;5480;89.143981701721358;5480;6.1702322458571128;5480;6.0631122775963622
5490;152.97097689748833;5490;68.141727958006527;5490;0.18311105685598317;5490;89.104438727071951;5490;6.1702322458571128;5490;6.0631122775963622
5500;153.05642872402112;5500;68.239387188329729;5500;0.21973326822717978;5500;89.143981701721358;5500;6.1702322458571128;5500;6.0621967223120823
5510;153.04422132023072;5510;68.227179784539331;5510;0.21973326822717978;5510;89.143981701721358;5510;6.1702322458571128;5510;6.0637226477858821
5520;153.09305093539231;5520;68.105105746635331;5520;0.18311105685598317;5520;89.104438727071951;5520;6.1702322458571128;5520;6.0625019074068422
5530;153.2029175695059;5530;68.141727958006527;5530;0.18311105685598317;5530;89.143981701721358;5530;6.1702322458571128;5530;6.0621967223120823
5540;153.15408795434431;5540;68.105105746635331;5540;0.20752586443678089;5540;89.143981701721358;5540;6.1702322458571128;5540;6.0615863521225624
5550;152.97097689748833;5550;68.227179784539331;5550;0.21973326822717978;5550;89.143981701721358;5550;6.1702322458571128;5550;6.064333017975402
5560;152.95876949369793;5560;68.190557573168135;5560;0.20752586443678089;5560;89.18352467637078;5560;6.1702322458571128;5560;6.0625019074068422
5570;152.99539170506912;5570;68.227179784539331;5570;0.18311105685598317;5570;89.262610625669652;5570;6.1702322458571128;5570;6.0615863521225624
5580;152.94656208990753;5580;68.202764976958534;5580;0.20752586443678089;5580;89.143981701721358;5580;6.1702322458571128;5580;6.0618915372173223
5590;153.06863612781152;5590;68.239387188329729;5590;0.21973326822717978;5590;89.143981701721358;5590;6.1702322458571128;5590;6.0628070925016022
5600;153.11746574297311;5600;68.153935361796925;5600;0.20752586443678089;5600;89.18352467637078;5600;6.1702322458571128;5600;6.0631122775963622
5610;153.11746574297311;5610;68.056276131473737;5610;0.20752586443678089;5610;89.18352467637078;5610;6.1702322458571128;5610;6.0618915372173223
5620;153.01980651264992;5620;68.044068727683339;5620;0.18311105685598317;5620;89.143981701721358;5620;6.1702322458571128;5620;6.064333017975402
5630;153.1662953581347;5630;68.105105746635331;5630;0.18311105685598317;5630;89.143981701721358;5630;6.1702322458571128;5630;6.0621967223120823
5640;153.09305093539231;5640;68.141727958006527;5640;0.18311105685598317;5640;89.143981701721358;5640;6.1702322458571128;5640;6.0618915372173223
5650;153.00759910885952;5650;68.092898342844933;5650;0.18311105685598317;5650;89.104438727071951;5650;6.1702322458571128;5650;6.0615863521225624
5660;153.08084353160191;5660;68.202764976958534;5660;0.20752586443678089;5660;89.104438727071951;5660;6.1702322458571128;5660;6.0637226477858821
5670;153.14188055055391;5670;68.166142765587338;5670;0.23194067201757868;5670;89.143981701721358;5670;6.1702322458571128;5670;6.0628070925016022
5680;153.15408795434431;5680;68.251594592120128;5680;0.24414807580797754;5680;89.143981701721358;5680;6.1702322458571128;5680;6.0621967223120823
5690;153.11746574297311;5690;68.251594592120128;5690;0.18311105685598317;5690;89.143981701721358;5690;6.1702322458571128;5690;6.0625019074068422
5700;153.10525833918271;5700;68.166142765587338;5700;0.18311105685598317;5700;89.143981701721358;5700;6.1702322458571128;5700;6.0625019074068422
5710;152.95876949369793;5710;68.068483535264136;5710;0.21973326822717978;5710;89.104438727071951;5710;6.1702322458571128;5710;6.0618915372173223
5720;152.97097689748833;5720;68.019653920102542;5720;0.21973326822717978;5720;89.143981701721358;5720;6.1702322458571128;5720;6.0603656117435225
5730;152.99539170506912;5730;68.105105746635331;5730;0.21973326822717978;5730;89.18352467637078;5730;6.1702322458571128;5730;6.0631122775963622
5740;153.11746574297311;5740;68.044068727683339;5740;0.20752586443678089;5740;89.18352467637078;5740;6.1702322458571128;5740;6.0615863521225624
5750;153.05642872402112;5750;68.044068727683339;5750;0.20752586443678089;5750;89.262610625669652;5750;6.1702322458571128;5750;6.0618915372173223
5760;153.06863612781152;5760;68.068483535264136;5760;0.21973326822717978;5760;89.262610625669652;5760;6.1702322458571128;5760;6.0615863521225624
5770;153.14188055055391;5770;68.239387188329729;5770;0.20752586443678089;5770;89.18352467637078;5770;6.1702322458571128;5770;6.0618915372173223
5780;153.01980651264992;5780;68.300424207281722;5780;0.18311105685598317;5780;89.104438727071951;5780;6.1702322458571128;5780;6.0603656117435225
5790;152.98318430127873;5790;68.190557573168135;5790;0.20752586443678089;5790;89.18352467637078;5790;6.1702322458571128;5790;6.0606707968382825
5800;152.94656208990753;5800;68.166142765587338;5800;0.20752586443678089;5800;89.262610625669652;5800;6.1702322458571128;5800;6.0628070925016022
5810;153.11746574297311;5810;68.190557573168135;5810;0.18311105685598317;5810;89.18352467637078;5810;6.1702322458571128;5810;6.0618915372173223
5820;153.14188055055391;5820;68.178350169377737;5820;0.20752586443678089;5820;89.18352467637078;5820;6.1702322458571128;5820;6.0628070925016022
5830;153.14188055055391;5830;68.105105746635331;5830;0.21973326822717978;5830;89.18352467637078;5830;6.1702322458571128;5830;6.0609759819330424
5840;153.10525833918271;5840;68.178350169377737;5840;0.18311105685598317;5840;89.143981701721358;5840;6.1702322458571128;5840;6.0631122775963622
5850;153.05642872402112;5850;68.166142765587338;5850;0.18311105685598317;5850;89.143981701721358;5850;6.1702322458571128;5850;6.0618915372173223
5860;153.1785027619251;5860;68.239387188329729;5860;0.20752586443678089;5860;89.18352467637078;5860;6.1702322458571128;5860;6.0618915372173223
5870;153.2029175695059;5870;68.202764976958534;5870;0.17090365306558428;5870;89.143981701721358;5870;6.1702322458571128;5870;6.0618915372173223
5880;153.10525833918271;5880;68.178350169377737;5880;0.20752586443678089;5880;89.104438727071951;5880;6.1702322458571128;5880;6.0631122775963622
5890;153.01980651264992;5890;68.288216803491324;5890;0.18311105685598317;5890;89.104438727071951;5890;6.1702322458571128;5890;6.0621967223120823
5900;153.09305093539231;5900;68.263801995910526;5900;0.17090365306558428;5900;89.143981701721358;5900;6.1702322458571128;5900;6.0609759819330424
5910;153.05642872402112;5910;68.190557573168135;5910;0.18311105685598317;5910;89.18352467637078;5910;6.1702322458571128;5910;6.0634174626911221
5920;153.1907101657155;5920;68.166142765587338;5920;0.18311105685598317;5920;89.18352467637078;5920;6.1702322458571128;5920;6.0631122775963622
5930;153.15408795434431;5930;68.190557573168135;5930;0.20752586443678089;5930;89.262610625669652;5930;6.1702322458571128;5930;6.0631122775963622
5940;153.04422132023072;5940;68.178350169377737;5940;0.20752586443678089;5940;89.262610625669652;5940;6.1702322458571128;5940;6.0618915372173223
5950;153.04422132023072;5950;68.11731315042573;5950;0.23194067201757868;5950;89.302153600319059;5950;6.1702322458571128;5950;6.064333017975402
5960;153.05642872402112;5960;68.068483535264136;5960;0.21973326822717978;5960;89.262610625669652;5960;6.1702322458571128;5960;6.0625019074068422
5970;153.06863612781152;5970;68.178350169377737;5970;0.20752586443678089;5970;89.262610625669652;5970;6.1702322458571128;5970;6.0618915372173223
5980;153.05642872402112;5980;68.276009399700925;5980;0.20752586443678089;5980;89.18352467637078;5980;6.1702322458571128;5980;6.0621967223120823
5990;153.08084353160191;5990;68.227179784539331;5990;0.20752586443678089;5990;89.143981701721358;5990;6.1702322458571128;5990;6.0631122775963622
6000;153.04422132023072;6000;68.068483535264136;6000;0.18311105685598317;6000;89.143981701721358;6000;6.1702322458571128;6000;6.0628070925016022
6010;153.05642872402112;6010;68.153935361796925;6010;0.20752586443678089;6010;89.143981701721358;6010;6.1702322458571128;6010;6.0606707968382825
6020;153.01980651264992;6020;68.202764976958534;6020;0.20752586443678089;6020;89.143981701721358;6020;6.1702322458571128;6020;6.0631122775963622
6030;153.08084353160191;6030;68.178350169377737;6030;0.17090365306558428;6030;89.143981701721358;6030;6.1702322458571128;6030;6.0621967223120823
6040;153.08084353160191;6040;68.239387188329729;6040;0.21973326822717978;6040;89.262610625669652;6040;6.1702322458571128;6040;6.0634174626911221
6050;153.10525833918271;6050;68.178350169377737;6050;0.21973326822717978;6050;89.18352467637078;6050;6.1702322458571128;6050;6.0628070925016022
6060;153.00759910885952;6060;68.190557573168135;6060;0.18311105685598317;6060;89.18352467637078;6060;6.1702322458571128;6060;6.064333017975402
6070;153.00759910885952;6070;68.141727958006527;6070;0.15869624927518539;6070;89.262610625669652;6070;6.1702322458571128;6070;6.0628070925016022
6080;153.1785027619251;6080;68.239387188329729;6080;0.18311105685598317;6080;89.18352467637078;6080;6.1702322458571128;6080;6.0628070925016022
6090;153.08084353160191;6090;68.239387188329729;6090;0.21973326822717978;6090;89.18352467637078;6090;6.1702322458571128;6090;6.0634174626911221
6100;153.06863612781152;6100;68.190557573168135;6100;0.23194067201757868;6100;89.143981701721358;6100;6.1702322458571128;6100;6.0625019074068422
6110;152.99539170506912;6110;68.178350169377737;6110;0.20752586443678089;6110;89.104438727071951;6110;6.1702322458571128;6110;6.0634174626911221
6120;153.14188055055391;6120;68.227179784539331;6120;0.18311105685598317;6120;89.18352467637078;6120;6.1702322458571128;6120;6.0628070925016022
6130;153.1662953581347;6130;68.276009399700925;6130;0.21973326822717978;6130;89.262610625669652;6130;6.1702322458571128;6130;6.064638203070162
6140;153.2029175695059;6140;68.092898342844933;6140;0.23194067201757868;6140;89.143981701721358;6140;6.1702322458571128;6140;6.0628070925016022
6150;153.11746574297311;6150;68.166142765587338;6150;0.18311105685598317;6150;89.143981701721358;6150;6.1702322458571128;6150;6.0634174626911221
6160;153.05642872402112;6160;68.166142765587338;6160;0.15869624927518539;6160;89.143981701721358;6160;6.1702322458571128;6160;6.0625019074068422
6170;153.11746574297311;6170;68.202764976958534;6170;0.18311105685598317;6170;89.262610625669652;6170;6.1702322458571128;6170;6.0637226477858821
6180;153.06863612781152;6180;68.239387188329729;6180;0.20752586443678089;6180;89.18352467637078;6180;6.1702322458571128;6180;6.0631122775963622
6190;153.08084353160191;6190;68.166142765587338;6190;0.18311105685598317;6190;89.143981701721358;6190;6.1702322458571128;6190;6.0628070925016022
6200;153.06863612781152;6200;68.105105746635331;6200;0.18311105685598317;6200;89.18352467637078;6200;6.1702322458571128;6200;6.064333017975402
6210;153.10525833918271;6210;68.202764976958534;6210;0.18311105685598317;6210;89.262610625669652;6210;6.1702322458571128;6210;6.0634174626911221
6220;152.89773247474594;6220;68.239387188329729;6220;0.17090365306558428;6220;89.143981701721358;6220;6.1702322458571128;6220;6.064333017975402
6230;152.90993987853633;6230;68.11731315042573;6230;0.20752586443678089;6230;89.143981701721358;6230;6.1702322458571128;6230;6.0625019074068422
6240;152.98318430127873;6240;68.276009399700925;6240;0.21973326822717978;6240;89.262610625669652;6240;6.1702322458571128;6240;6.0637226477858821
6250;153.11746574297311;6250;68.288216803491324;6250;0.18311105685598317;6250;89.18352467637078;6250;6.1702322458571128;6250;6.0621967223120823
6260;153.15408795434431;6260;68.202764976958534;6260;0.17090365306558428;6260;89.262610625669652;6260;6.1702322458571128;6260;6.0628070925016022
6270;153.15408795434431;6270;68.263801995910526;6270;0.15869624927518539;6270;89.302153600319059;6270;6.1702322458571128;6270;6.0625019074068422
6280;153.2395397808771;6280;68.337046418652918;6280;0.18311105685598317;6280;89.262610625669652;6280;6.1702322458571128;6280;6.0637226477858821
6290;152.95876949369793;6290;68.202764976958534;6290;0.20752586443678089;6290;89.262610625669652;6290;6.1702322458571128;6290;6.0634174626911221
6300;152.88552507095554;6300;68.190557573168135;6300;0.18311105685598317;6300;89.262610625669652;6300;6.1702322458571128;6300;6.0625019074068422
6310;152.88552507095554;6310;68.166142765587338;6310;0.18311105685598317;6310;89.143981701721358;6310;6.1702322458571128;6310;6.064333017975402
6320;153.01980651264992;6320;68.11731315042573;6320;0.18311105685598317;6320;89.143981701721358;6320;6.1702322458571128;6320;6.0625019074068422
6330;153.04422132023072;6330;68.202764976958534;6330;0.23194067201757868;6330;89.143981701721358;6330;6.1702322458571128;6330;6.0637226477858821
6340;152.99539170506912;6340;68.239387188329729;6340;0.21973326822717978;6340;89.18352467637078;6340;6.1702322458571128;6340;6.0631122775963622
6350;153.09305093539231;6350;68.190557573168135;6350;0.20752586443678089;6350;89.18352467637078;6350;6.1702322458571128;6350;6.064943388164922
6360;153.11746574297311;6360;68.068483535264136;6360;0.20752586443678089;6360;89.143981701721358;6360;6.1702322458571128;6360;6.0628070925016022
6370;153.06863612781152;6370;68.178350169377737;6370;0.20752586443678089;6370;89.18352467637078;6370;6.1702322458571128;6370;6.0634174626911221
6380;152.97097689748833;6380;68.190557573168135;6380;0.21973326822717978;6380;89.18352467637078;6380;6.1702322458571128;6380;6.064333017975402
6390;153.10525833918271;6390;68.178350169377737;6390;0.23194067201757868;6390;89.262610625669652;6390;6.1702322458571128;6390;6.0634174626911221
6400;153.01980651264992;6400;68.227179784539331;6400;0.18311105685598317;6400;89.18352467637078;6400;6.1702322458571128;6400;6.0631122775963622
6410;152.95876949369793;6410;68.263801995910526;6410;0.20752586443678089;6410;89.18352467637078;6410;6.1702322458571128;6410;6.0628070925016022
6420;152.94656208990753;6420;68.251594592120128;6420;0.18311105685598317;6420;89.262610625669652;6420;6.1702322458571128;6420;6.064638203070162
6430;152.92214728232673;6430;68.166142765587338;6430;0.15869624927518539;6430;89.262610625669652;6430;6.1702322458571128;6430;6.0625019074068422
6440;152.89773247474594;6440;68.239387188329729;6440;0.18311105685598317;6440;89.18352467637078;6440;6.1702322458571128;6440;6.0631122775963622
6450;153.00759910885952;6450;68.202764976958534;6450;0.18311105685598317;6450;89.18352467637078;6450;6.1702322458571128;6450;6.0628070925016022
6460;153.1907101657155;6460;68.239387188329729;6460;0.20752586443678089;6460;89.262610625669652;6460;6.1702322458571128;6460;6.064943388164922
6470;153.15408795434431;6470;68.190557573168135;6470;0.20752586443678089;6470;89.143981701721358;6470;6.1702322458571128;6470;6.0631122775963622
6480;153.10525833918271;6480;68.11731315042573;6480;0.20752586443678089;6480;89.262610625669652;6480;6.1702322458571128;6480;6.0625019074068422
6490;153.14188055055391;6490;68.227179784539331;6490;0.18311105685598317;6490;89.18352467637078;6490;6.1702322458571128;6490;6.0631122775963622
6500;153.2029175695059;6500;68.324839014862519;6500;0.18311105685598317;6500;89.143981701721358;6500;6.1702322458571128;6500;6.0625019074068422
6510;153.10525833918271;6510;68.202764976958534;6510;0.18311105685598317;6510;89.143981701721358;6510;6.1702322458571128;6510;6.0634174626911221
6520;153.25174718466749;6520;68.251594592120128;6520;0.20752586443678089;6520;89.18352467637078;6520;6.1702322458571128;6520;6.0628070925016022
6530;153.10525833918271;6530;68.227179784539331;6530;0.20752586443678089;6530;89.262610625669652;6530;6.1702322458571128;6530;6.064943388164922
6540;153.04422132023072;6540;68.227179784539331;6540;0.18311105685598317;6540;89.143981701721358;6540;6.1702322458571128;6540;6.0628070925016022
6550;153.06863612781152;6550;68.178350169377737;6550;0.21973326822717978;6550;89.143981701721358;6550;6.1702322458571128;6550;6.0631122775963622
6560;153.05642872402112;6560;68.044068727683339;6560;0.21973326822717978;6560;89.143981701721358;6560;6.1702322458571128;6560;6.0628070925016022
6570;153.08084353160191;6570;68.227179784539331;6570;0.21973326822717978;6570;89.262610625669652;6570;6.1702322458571128;6570;6.0637226477858821
6580;153.00759910885952;6580;68.251594592120128;6580;0.18311105685598317;6580;89.18352467637078;6580;6.1702322458571128;6580;6.0625019074068422
6590;153.06863612781152;6590;68.202764976958534;6590;0.18311105685598317;6590;89.104438727071951;6590;6.1702322458571128;6590;6.0625019074068422
6600;153.04422132023072;6600;68.141727958006527;6600;0.18311105685598317;6600;89.143981701721358;6600;6.1702322458571128;6600;6.064638203070162
6610;153.09305093539231;6610;68.202764976958534;6610;0.21973326822717978;6610;89.143981701721358;6610;6.1702322458571128;6610;6.0634174626911221
6620;153.04422132023072;6620;68.239387188329729;6620;0.21973326822717978;6620;89.18352467637078;6620;6.1702322458571128;6620;6.0637226477858821
6630;153.11746574297311;6630;68.178350169377737;6630;0.20752586443678089;6630;89.18352467637078;6630;6.1702322458571128;6630;6.0625019074068422
6640;152.99539170506912;6640;68.153935361796925;6640;0.18311105685598317;6640;89.262610625669652;6640;6.1702322458571128;6640;6.064638203070162
6650;152.87331766716514;6650;68.178350169377737;6650;0.20752586443678089;6650;89.143981701721358;6650;6.1702322458571128;6650;6.0621967223120823
6660;153.00759910885952;6660;68.276009399700925;6660;0.23194067201757868;6660;89.104438727071951;6660;6.1702322458571128;6660;6.0621967223120823
6670;153.11746574297311;6670;68.153935361796925;6670;0.20752586443678089;6670;89.143981701721358;6670;6.1702322458571128;6670;6.0625019074068422
6680;153.08084353160191;6680;68.178350169377737;6680;0.20752586443678089;6680;89.18352467637078;6680;6.1702322458571128;6680;6.0634174626911221
6690;153.01980651264992;6690;68.251594592120128;6690;0.20752586443678089;6690;89.18352467637078;6690;6.1702322458571128;6690;6.0625019074068422
6700;153.08084353160191;6700;68.263801995910526;6700;0.20752586443678089;6700;89.18352467637078;6700;6.1702322458571128;6700;6.0625019074068422
6710;152.88552507095554;6710;68.239387188329729;6710;0.20752586443678089;6710;89.18352467637078;6710;6.1702322458571128;6710;6.064638203070162
6720;152.90993987853633;6720;68.141727958006527;6720;0.20752586443678089;6720;89.143981701721358;6720;6.1702322458571128;6720;6.0631122775963622
6730;153.00759910885952;6730;68.166142765587338;6730;0.20752586443678089;6730;89.143981701721358;6730;6.1702322458571128;6730;6.064333017975402
6740;152.98318430127873;6740;68.288216803491324;6740;0.20752586443678089;6740;89.262610625669652;6740;6.1702322458571128;6740;6.0625019074068422
6750;152.92214728232673;6750;68.324839014862519;6750;0.23194067201757868;6750;89.262610625669652;6750;6.1702322458571128;6750;6.064333017975402
6760;152.98318430127873;6760;68.251594592120128;6760;0.21973326822717978;6760;89.143981701721358;6760;6.1702322458571128;6760;6.0621967223120823
6770;153.14188055055391;6770;68.361461226233715;6770;0.21973326822717978;6770;89.18352467637078;6770;6.1702322458571128;6770;6.0618915372173223
6780;153.01980651264992;6780;68.300424207281722;6780;0.20752586443678089;6780;89.143981701721358;6780;6.1702322458571128;6780;6.0621967223120823
6790;153.05642872402112;6790;68.239387188329729;6790;0.17090365306558428;6790;89.143981701721358;6790;6.1702322458571128;6790;6.0628070925016022
6800;153.08084353160191;6800;68.141727958006527;6800;0.18311105685598317;6800;89.143981701721358;6800;6.1702322458571128;6800;6.0631122775963622
6810;153.05642872402112;6810;68.166142765587338;6810;0.18311105685598317;6810;89.143981701721358;6810;6.1702322458571128;6810;6.0628070925016022
6820;153.08084353160191;6820;68.227179784539331;6820;0.18311105685598317;6820;89.143981701721358;6820;6.1702322458571128;6820;6.0652485732596819
6830;153.1662953581347;6830;68.178350169377737;6830;0.20752586443678089;6830;89.18352467637078;6830;6.1702322458571128;6830;6.0631122775963622
6840;153.15408795434431;6840;68.153935361796925;6840;0.20752586443678089;6840;89.143981701721358;6840;6.1702322458571128;6840;6.0631122775963622
6850;153.11746574297311;6850;68.153935361796925;6850;0.20752586443678089;6850;89.18352467637078;6850;6.1702322458571128;6850;6.0621967223120823
6860;153.08084353160191;6860;68.227179784539331;6860;0.21973326822717978;6860;89.302153600319059;6860;6.1702322458571128;6860;6.064638203070162
6870;153.05642872402112;6870;68.166142765587338;6870;0.18311105685598317;6870;89.262610625669652;6870;6.1702322458571128;6870;6.0631122775963622
6880;153.10525833918271;6880;68.11731315042573;6880;0.20752586443678089;6880;89.18352467637078;6880;6.1702322458571128;6880;6.0625019074068422
6890;153.06863612781152;6890;67.970824304940948;6890;0.18311105685598317;6890;89.18352467637078;6890;6.1702322458571128;6890;6.0634174626911221
6900;153.08084353160191;6900;68.007446516312143;6900;0.20752586443678089;6900;89.262610625669652;6900;6.1702322458571128;6900;6.0631122775963622
6910;152.95876949369793;6910;68.068483535264136;6910;0.21973326822717978;6910;89.302153600319059;6910;6.1702322458571128;6910;6.0631122775963622
6920;152.90993987853633;6920;68.153935361796925;6920;0.23194067201757868;6920;89.302153600319059;6920;6.1702322458571128;6920;6.0618915372173223
6930;152.86111026337474;6930;68.227179784539331;6930;0.20752586443678089;6930;89.262610625669652;6930;6.1702322458571128;6930;6.0637226477858821
6940;153.05642872402112;6940;68.11731315042573;6940;0.20752586443678089;6940;89.143981701721358;6940;6.1702322458571128;6940;6.0621967223120823
6950;153.08084353160191;6950;68.092898342844933;6950;0.20752586443678089;6950;89.18352467637078;6950;6.1702322458571128;6950;6.0628070925016022
6960;152.99539170506912;6960;68.227179784539331;6960;0.20752586443678089;6960;89.262610625669652;6960;6.1702322458571128;6960;6.0625019074068422
6970;153.05642872402112;6970;68.361461226233715;6970;0.20752586443678089;6970;89.18352467637078;6970;6.1702322458571128;6970;6.0637226477858821
6980;153.09305093539231;6980;68.202764976958534;6980;0.20752586443678089;6980;89.143981701721358;6980;6.1702322458571128;6980;6.0634174626911221
6990;153.10525833918271;6990;68.190557573168135;6990;0.21973326822717978;6990;89.18352467637078;6990;6.1702322458571128;6990;6.0621967223120823
7000;153.10525833918271;7000;68.178350169377737;7000;0.20752586443678089;7000;89.18352467637078;7000;6.1702322458571128;7000;6.0628070925016022
7010;153.2029175695059;7010;68.166142765587338;7010;0.18311105685598317;7010;89.262610625669652;7010;6.1702322458571128;7010;6.0625019074068422
7020;153.00759910885952;7020;68.178350169377737;7020;0.20752586443678089;7020;89.262610625669652;7020;6.1702322458571128;7020;6.0637226477858821
7030;153.15408795434431;7030;68.166142765587338;7030;0.20752586443678089;7030;89.143981701721358;7030;6.1702322458571128;7030;6.0615863521225624
7040;153.2029175695059;7040;68.202764976958534;7040;0.20752586443678089;7040;89.262610625669652;7040;6.1702322458571128;7040;6.0628070925016022
7050;153.04422132023072;7050;68.141727958006527;7050;0.18311105685598317;7050;89.262610625669652;7050;6.1702322458571128;7050;6.0618915372173223
7060;153.01980651264992;7060;68.11731315042573;7060;0.17090365306558428;7060;89.302153600319059;7060;6.1702322458571128;7060;6.0621967223120823
7070;153.05642872402112;7070;68.080690939054534;7070;0.18311105685598317;7070;89.302153600319059;7070;6.1702322458571128;7070;6.0625019074068422
7080;153.08084353160191;7080;68.105105746635331;7080;0.21973326822717978;7080;89.18352467637078;7080;6.1702322458571128;7080;6.0637226477858821
7090;153.06863612781152;7090;68.092898342844933;7090;0.20752586443678089;7090;89.18352467637078;7090;6.1702322458571128;7090;6.0625019074068422
7100;153.11746574297311;7100;68.153935361796925;7100;0.23194067201757868;7100;89.262610625669652;7100;6.1702322458571128;7100;6.0621967223120823
7110;153.01980651264992;7110;68.105105746635331;7110;0.2563554795983764;7110;89.143981701721358;7110;6.1702322458571128;7110;6.0637226477858821
7120;153.06863612781152;7120;68.056276131473737;7120;0.23194067201757868;7120;89.143981701721358;7120;6.1702322458571128;7120;6.0625019074068422
7130;153.05642872402112;7130;68.141727958006527;7130;0.17090365306558428;7130;89.262610625669652;7130;6.1702322458571128;7130;6.0634174626911221
7140;153.06863612781152;7140;68.153935361796925;7140;0.17090365306558428;7140;89.18352467637078;7140;6.1702322458571128;7140;6.0615863521225624
7150;152.99539170506912;7150;68.080690939054534;7150;0.18311105685598317;7150;89.18352467637078;7150;6.1702322458571128;7150;6.0634174626911221
7160;153.01980651264992;7160;68.044068727683339;7160;0.18311105685598317;7160;89.104438727071951;7160;6.1702322458571128;7160;6.0621967223120823
7170;153.2029175695059;7170;68.190557573168135;7170;0.20752586443678089;7170;89.143981701721358;7170;6.1702322458571128;7170;6.0621967223120823
7180;153.15408795434431;7180;68.178350169377737;7180;0.17090365306558428;7180;89.18352467637078;7180;6.1702322458571128;7180;6.0621967223120823
7190;153.09305093539231;7190;68.227179784539331;7190;0.15869624927518539;7190;89.262610625669652;7190;6.1702322458571128;7190;6.0628070925016022
7200;153.04422132023072;7200;68.263801995910526;7200;0.17090365306558428;7200;89.143981701721358;7200;6.1702322458571128;7200;6.0625019074068422
7210;153.10525833918271;7210;68.153935361796925;7210;0.18311105685598317;7210;89.143981701721358;7210;6.1702322458571128;7210;6.0615863521225624
7220;153.06863612781152;7220;68.068483535264136;7220;0.18311105685598317;7220;89.18352467637078;7220;6.1702322458571128;7220;6.064333017975402
7230;153.04422132023072;7230;68.080690939054534;7230;0.18311105685598317;7230;89.18352467637078;7230;6.1702322458571128;7230;6.0621967223120823
7240;153.01980651264992;7240;68.080690939054534;7240;0.20752586443678089;7240;89.18352467637078;7240;6.1702322458571128;7240;6.0631122775963622
7250;153.01980651264992;7250;67.983031708731346;7250;0.17090365306558428;7250;89.18352467637078;7250;6.1702322458571128;7250;6.0625019074068422
7260;153.08084353160191;7260;68.080690939054534;7260;0.20752586443678089;7260;89.262610625669652;7260;6.1702322458571128;7260;6.064333017975402
7270;153.14188055055391;7270;68.11731315042573;7270;0.17090365306558428;7270;89.262610625669652;7270;6.1702322458571128;7270;6.0618915372173223
7280;153.1907101657155;7280;68.141727958006527;7280;0.17090365306558428;7280;89.302153600319059;7280;6.1702322458571128;7280;6.0615863521225624
7290;153.01980651264992;7290;68.11731315042573;7290;0.20752586443678089;7290;89.262610625669652;7290;6.1702322458571128;7290;6.0628070925016022
7300;152.99539170506912;7300;68.153935361796925;7300;0.18311105685598317;7300;89.18352467637078;7300;6.1702322458571128;7300;6.0625019074068422
7310;153.06863612781152;7310;68.239387188329729;7310;0.17090365306558428;7310;89.262610625669652;7310;6.1702322458571128;7310;6.0628070925016022
7320;153.10525833918271;7320;68.202764976958534;7320;0.18311105685598317;7320;89.262610625669652;7320;6.1702322458571128;7320;6.0615863521225624
7330;152.95876949369793;7330;68.153935361796925;7330;0.20752586443678089;7330;89.262610625669652;7330;6.1702322458571128;7330;6.0634174626911221
7340;153.08084353160191;7340;68.166142765587338;7340;0.21973326822717978;7340;89.18352467637078;7340;6.1702322458571128;7340;6.0615863521225624
7350;153.11746574297311;7350;68.202764976958534;7350;0.18311105685598317;7350;89.18352467637078;7350;6.1702322458571128;7350;6.0618915372173223
7360;153.1907101657155;7360;68.080690939054534;7360;0.15869624927518539;7360;89.18352467637078;7360;6.1702322458571128;7360;6.0606707968382825
7370;153.1662953581347;7370;68.11731315042573;7370;0.18311105685598317;7370;89.302153600319059;7370;6.1702322458571128;7370;6.0618915372173223
7380;153.04422132023072;7380;68.080690939054534;7380;0.18311105685598317;7380;89.302153600319059;7380;6.1702322458571128;7380;6.0609759819330424
7390;153.08084353160191;7390;68.141727958006527;7390;0.18311105685598317;7390;89.262610625669652;7390;6.1702322458571128;7390;6.0609759819330424
7400;153.06863612781152;7400;68.166142765587338;7400;0.17090365306558428;7400;89.262610625669652;7400;6.1702322458571128;7400;6.0625019074068422
7410;153.1785027619251;7410;68.178350169377737;7410;0.17090365306558428;7410;89.262610625669652;7410;6.1702322458571128;7410;6.0615863521225624
7420;153.10525833918271;7420;68.11731315042573;7420;0.17090365306558428;7420;89.262610625669652;7420;6.1702322458571128;7420;6.0618915372173223
7430;153.08084353160191;7430;68.105105746635331;7430;0.17090365306558428;7430;89.262610625669652;7430;6.1702322458571128;7430;6.0603656117435225
7440;153.00759910885952;7440;68.141727958006527;7440;0.18311105685598317;7440;89.18352467637078;7440;6.1702322458571128;7440;6.0628070925016022
7450;153.04422132023072;7450;68.11731315042573;7450;0.18311105685598317;7450;89.143981701721358;7450;6.1702322458571128;7450;6.0618915372173223
7460;153.08084353160191;7460;68.190557573168135;7460;0.20752586443678089;7460;89.262610625669652;7460;6.1702322458571128;7460;6.0618915372173223
7470;153.10525833918271;7470;68.11731315042573;7470;0.20752586443678089;7470;89.262610625669652;7470;6.1702322458571128;7470;6.0615863521225624
7480;153.05642872402112;7480;68.202764976958534;7480;0.20752586443678089;7480;89.262610625669652;7480;6.1702322458571128;7480;6.0628070925016022
7490;152.95876949369793;7490;68.166142765587338;7490;0.21973326822717978;7490;89.18352467637078;7490;6.1702322458571128;7490;6.0621967223120823
7500;153.1662953581347;7500;68.190557573168135;7500;0.18311105685598317;7500;89.18352467637078;7500;6.1702322458571128;7500;6.0615863521225624
7510;153.09305093539231;7510;68.141727958006527;7510;0.21973326822717978;7510;89.18352467637078;7510;6.1702322458571128;7510;6.0631122775963622
7520;153.06863612781152;7520;67.995239112521745;7520;0.24414807580797754;7520;89.18352467637078;7520;6.1702322458571128;7520;6.0618915372173223
7530;152.92214728232673;7530;68.044068727683339;7530;0.21973326822717978;7530;89.143981701721358;7530;6.1702322458571128;7530;6.0618915372173223
7540;152.95876949369793;7540;68.105105746635331;7540;0.20752586443678089;7540;89.143981701721358;7540;6.1702322458571128;7540;6.0606707968382825
7550;153.1662953581347;7550;68.239387188329729;7550;0.21973326822717978;7550;89.262610625669652;7550;6.1702322458571128;7550;6.0634174626911221
7560;153.14188055055391;7560;68.105105746635331;7560;0.21973326822717978;7560;89.262610625669652;7560;6.1702322458571128;7560;6.0618915372173223
7570;153.00759910885952;7570;68.11731315042573;7570;0.21973326822717978;7570;89.262610625669652;7570;6.1702322458571128;7570;6.0618915372173223
7580;152.99539170506912;7580;68.263801995910526;7580;0.20752586443678089;7580;89.18352467637078;7580;6.1702322458571128;7580;6.0621967223120823
7590;153.09305093539231;7590;68.276009399700925;7590;0.20752586443678089;7590;89.262610625669652;7590;6.1702322458571128;7590;6.0634174626911221
7600;153.00759910885952;7600;68.105105746635331;7600;0.17090365306558428;7600;89.302153600319059;7600;6.1702322458571128;7600;6.0631122775963622
7610;153.00759910885952;7610;68.019653920102542;7610;0.18311105685598317;7610;89.262610625669652;7610;6.1702322458571128;7610;6.0615863521225624
7620;152.98318430127873;7620;68.007446516312143;7620;0.21973326822717978;7620;89.18352467637078;7620;6.1702322458571128;7620;6.0631122775963622
7630;153.15408795434431;7630;68.080690939054534;7630;0.18311105685598317;7630;89.143981701721358;7630;6.1702322458571128;7630;6.0618915372173223
7640;153.08084353160191;7640;68.239387188329729;7640;0.20752586443678089;7640;89.18352467637078;7640;6.1702322458571128;7640;6.0628070925016022
7650;153.01980651264992;7650;68.105105746635331;7650;0.23194067201757868;7650;89.262610625669652;7650;6.1702322458571128;7650;6.0615863521225624
7660;152.98318430127873;7660;68.056276131473737;7660;0.21973326822717978;7660;89.302153600319059;7660;6.1702322458571128;7660;6.0625019074068422
7670;152.97097689748833;7670;68.044068727683339;7670;0.20752586443678089;7670;89.262610625669652;7670;6.1702322458571128;7670;6.0615863521225624
7680;153.11746574297311;7680;68.056276131473737;7680;0.20752586443678089;7680;89.302153600319059;7680;6.1702322458571128;7680;6.0621967223120823
7690;153.10525833918271;7690;68.080690939054534;7690;0.18311105685598317;7690;89.262610625669652;7690;6.1702322458571128;7690;6.0631122775963622
7700;153.11746574297311;7700;68.251594592120128;7700;0.18311105685598317;7700;89.18352467637078;7700;6.1702322458571128;7700;6.0621967223120823
7710;153.06863612781152;7710;68.251594592120128;7710;0.17090365306558428;7710;89.262610625669652;7710;6.1702322458571128;7710;6.0625019074068422
7720;153.1662953581347;7720;68.153935361796925;7720;0.20752586443678089;7720;89.18352467637078;7720;6.1702322458571128;7720;6.0618915372173223
7730;153.08084353160191;7730;68.178350169377737;7730;0.21973326822717978;7730;89.262610625669652;7730;6.1702322458571128;7730;6.0634174626911221
7740;153.11746574297311;7740;68.141727958006527;7740;0.18311105685598317;7740;89.302153600319059;7740;6.1702322458571128;7740;6.0609759819330424
7750;153.11746574297311;7750;68.153935361796925;7750;0.17090365306558428;7750;89.262610625669652;7750;6.1702322458571128;7750;6.0615863521225624
7760;152.98318430127873;7760;68.068483535264136;7760;0.18311105685598317;7760;89.302153600319059;7760;6.1702322458571128;7760;6.0609759819330424
7770;152.97097689748833;7770;68.056276131473737;7770;0.21973326822717978;7770;89.302153600319059;7770;6.1702322458571128;7770;6.0631122775963622
7780;153.08084353160191;7780;68.105105746635331;7780;0.20752586443678089;7780;89.262610625669652;7780;6.1702322458571128;7780;6.0625019074068422
7790;153.1785027619251;7790;68.080690939054534;7790;0.17090365306558428;7790;89.262610625669652;7790;6.1702322458571128;7790;6.0615863521225624
7800;153.06863612781152;7800;67.995239112521745;7800;0.20752586443678089;7800;89.18352467637078;7800;6.1702322458571128;7800;6.0621967223120823
7810;153.01980651264992;7810;68.105105746635331;7810;0.20752586443678089;7810;89.18352467637078;7810;6.1702322458571128;7810;6.0621967223120823
7820;152.89773247474594;7820;68.202764976958534;7820;0.18311105685598317;7820;89.143981701721358;7820;6.1702322458571128;7820;6.0625019074068422
7830;152.97097689748833;7830;68.166142765587338;7830;0.18311105685598317;7830;89.104438727071951;7830;6.1702322458571128;7830;6.0606707968382825
7840;152.92214728232673;7840;68.092898342844933;7840;0.18311105685598317;7840;89.143981701721358;7840;6.1702322458571128;7840;6.0634174626911221
7850;153.06863612781152;7850;68.153935361796925;7850;0.18311105685598317;7850;89.18352467637078;7850;6.1702322458571128;7850;6.0606707968382825
7860;153.11746574297311;7860;68.202764976958534;7860;0.18311105685598317;7860;89.18352467637078;7860;6.1702322458571128;7860;6.0603656117435225
7870;153.04422132023072;7870;68.068483535264136;7870;0.18311105685598317;7870;89.18352467637078;7870;6.1702322458571128;7870;6.0615863521225624
7880;153.08084353160191;7880;68.141727958006527;7880;0.21973326822717978;7880;89.262610625669652;7880;6.1702322458571128;7880;6.0628070925016022
7890;153.09305093539231;7890;68.068483535264136;7890;0.21973326822717978;7890;89.262610625669652;7890;6.1702322458571128;7890;6.0606707968382825
7900;153.1662953581347;7900;67.995239112521745;7900;0.20752586443678089;7900;89.302153600319059;7900;6.1702322458571128;7900;6.0597552415540026
7910;152.97097689748833;7910;68.153935361796925;7910;0.17090365306558428;7910;89.302153600319059;7910;6.1702322458571128;7910;6.0628070925016022
7920;152.95876949369793;7920;68.361461226233715;7920;0.18311105685598317;7920;89.262610625669652;7920;6.1702322458571128;7920;6.0625019074068422
7930;152.98318430127873;7930;68.337046418652918;7930;0.20752586443678089;7930;89.262610625669652;7930;6.1702322458571128;7930;6.0621967223120823
7940;153.05642872402112;7940;68.141727958006527;7940;0.20752586443678089;7940;89.262610625669652;7940;6.1702322458571128;7940;6.0600604266487625
7950;153.08084353160191;7950;68.068483535264136;7950;0.20752586443678089;7950;89.262610625669652;7950;6.1702322458571128;7950;6.0625019074068422
7960;153.1785027619251;7960;68.153935361796925;7960;0.18311105685598317;7960;89.262610625669652;7960;6.1702322458571128;7960;6.0603656117435225
7970;153.1662953581347;7970;68.227179784539331;7970;0.18311105685598317;7970;89.302153600319059;7970;6.1702322458571128;7970;6.0606707968382825
7980;153.11746574297311;7980;68.068483535264136;7980;0.18311105685598317;7980;89.18352467637078;7980;6.1702322458571128;7980;6.0618915372173223
7990;153.09305093539231;7990;68.092898342844933;7990;0.18311105685598317;7990;89.18352467637078;7990;6.1702322458571128;7990;6.0621967223120823
8000;153.08084353160191;8000;68.178350169377737;8000;0.17090365306558428;8000;89.18352467637078;8000;6.1702322458571128;8000;6.0606707968382825
8010;153.11746574297311;8010;68.263801995910526;8010;0.18311105685598317;8010;89.18352467637078;8010;6.1702322458571128;8010;6.0603656117435225
8020;153.00759910885952;8020;68.263801995910526;8020;0.18311105685598317;8020;89.18352467637078;8020;6.1702322458571128;8020;6.0634174626911221
8030;153.10525833918271;8030;68.227179784539331;8030;0.20752586443678089;8030;89.262610625669652;8030;6.1702322458571128;8030;6.0615863521225624
8040;153.11746574297311;8040;68.276009399700925;8040;0.21973326822717978;8040;89.341696574968466;8040;6.1702322458571128;8040;6.0618915372173223
8050;153.1907101657155;8050;68.300424207281722;8050;0.20752586443678089;8050;89.262610625669652;8050;6.1702322458571128;8050;6.0609759819330424
8060;153.09305093539231;8060;68.263801995910526;8060;0.21973326822717978;8060;89.18352467637078;8060;6.1702322458571128;8060;6.0628070925016022
8070;152.99539170506912;8070;68.178350169377737;8070;0.20752586443678089;8070;89.262610625669652;8070;6.1702322458571128;8070;6.0609759819330424
8080;153.10525833918271;8080;68.251594592120128;8080;0.21973326822717978;8080;89.302153600319059;8080;6.1702322458571128;8080;6.0609759819330424
8090;153.09305093539231;8090;68.190557573168135;8090;0.18311105685598317;8090;89.302153600319059;8090;6.1702322458571128;8090;6.0621967223120823
8100;153.15408795434431;8100;68.153935361796925;8100;0.18311105685598317;8100;89.341696574968466;8100;6.1702322458571128;8100;6.0621967223120823
8110;153.05642872402112;8110;68.178350169377737;8110;0.18311105685598317;8110;89.341696574968466;8110;6.1702322458571128;8110;6.0621967223120823
8120;153.15408795434431;8120;68.227179784539331;8120;0.18311105685598317;8120;89.341696574968466;8120;6.1702322458571128;8120;6.0603656117435225
8130;153.04422132023072;8130;68.166142765587338;8130;0.20752586443678089;8130;89.302153600319059;8130;6.1702322458571128;8130;6.0634174626911221
8140;153.06863612781152;8140;68.105105746635331;8140;0.20752586443678089;8140;89.262610625669652;8140;6.1702322458571128;8140;6.0618915372173223
8150;153.1785027619251;8150;68.239387188329729;8150;0.23194067201757868;8150;89.302153600319059;8150;6.1702322458571128;8150;6.0615863521225624
8160;153.05642872402112;8160;68.178350169377737;8160;0.20752586443678089;8160;89.262610625669652;8160;6.1702322458571128;8160;6.0606707968382825
8170;152.99539170506912;8170;68.251594592120128;8170;0.18311105685598317;8170;89.302153600319059;8170;6.1702322458571128;8170;6.0634174626911221
8180;153.09305093539231;8180;68.178350169377737;8180;0.20752586443678089;8180;89.262610625669652;8180;6.1702322458571128;8180;6.0615863521225624
8190;153.1662953581347;8190;68.166142765587338;8190;0.23194067201757868;8190;89.262610625669652;8190;6.1702322458571128;8190;6.0603656117435225
8200;152.98318430127873;8200;68.337046418652918;8200;0.23194067201757868;8200;89.262610625669652;8200;6.1702322458571128;8200;6.0631122775963622
8210;153.10525833918271;8210;68.361461226233715;8210;0.20752586443678089;8210;89.262610625669652;8210;6.1702322458571128;8210;6.0628070925016022
8220;153.14188055055391;8220;68.166142765587338;8220;0.18311105685598317;8220;89.18352467637078;8220;6.1702322458571128;8220;6.0625019074068422
8230;153.15408795434431;8230;68.166142765587338;8230;0.20752586443678089;8230;89.18352467637078;8230;6.1702322458571128;8230;6.0606707968382825
8240;153.11746574297311;8240;68.276009399700925;8240;0.18311105685598317;8240;89.302153600319059;8240;6.1702322458571128;8240;6.0637226477858821
8250;153.08084353160191;8250;68.251594592120128;8250;0.20752586443678089;8250;89.302153600319059;8250;6.1702322458571128;8250;6.0621967223120823
8260;153.01980651264992;8260;68.251594592120128;8260;0.21973326822717978;8260;89.262610625669652;8260;6.1702322458571128;8260;6.0615863521225624
8270;153.05642872402112;8270;68.239387188329729;8270;0.21973326822717978;8270;89.143981701721358;8270;6.1702322458571128;8270;6.0609759819330424
8280;153.1785027619251;8280;68.349253822443316;8280;0.20752586443678089;8280;89.18352467637078;8280;6.1702322458571128;8280;6.0637226477858821
8290;153.09305093539231;8290;68.349253822443316;8290;0.17090365306558428;8290;89.18352467637078;8290;6.1702322458571128;8290;6.0628070925016022
8300;153.08084353160191;8300;68.251594592120128;8300;0.20752586443678089;8300;89.262610625669652;8300;6.1702322458571128;8300;6.0618915372173223
8310;153.05642872402112;8310;68.202764976958534;8310;0.20752586443678089;8310;89.262610625669652;8310;6.1702322458571128;8310;6.064333017975402
8320;153.05642872402112;8320;68.190557573168135;8320;0.18311105685598317;8320;89.262610625669652;8320;6.1702322458571128;8320;6.0625019074068422
8330;152.97097689748833;8330;68.190557573168135;8330;0.18311105685598317;8330;89.262610625669652;8330;6.1702322458571128;8330;6.0628070925016022
8340;152.97097689748833;8340;68.202764976958534;8340;0.17090365306558428;8340;89.341696574968466;8340;6.1702322458571128;8340;6.0621967223120823
8350;152.92214728232673;8350;68.239387188329729;8350;0.17090365306558428;8350;89.381239549617874;8350;6.1702322458571128;8350;6.064638203070162
8360;152.97097689748833;8360;68.153935361796925;8360;0.15869624927518539;8360;89.302153600319059;8360;6.1702322458571128;8360;6.0618915372173223
8370;153.09305093539231;8370;68.263801995910526;8370;0.17090365306558428;8370;89.341696574968466;8370;6.1702322458571128;8370;6.0609759819330424
8380;153.01980651264992;8380;68.251594592120128;8380;0.21973326822717978;8380;89.262610625669652;8380;6.1702322458571128;8380;6.0618915372173223
8390;152.99539170506912;8390;68.251594592120128;8390;0.23194067201757868;8390;89.262610625669652;8390;6.1702322458571128;8390;6.0637226477858821
8400;153.05642872402112;8400;68.300424207281722;8400;0.18311105685598317;8400;89.302153600319059;8400;6.1702322458571128;8400;6.0618915372173223
8410;153.09305093539231;8410;68.263801995910526;8410;0.18311105685598317;8410;89.302153600319059;8410;6.1702322458571128;8410;6.0609759819330424
8420;153.01980651264992;8420;68.276009399700925;8420;0.20752586443678089;8420;89.262610625669652;8420;6.1702322458571128;8420;6.0637226477858821
8430;153.10525833918271;8430;68.227179784539331;8430;0.20752586443678089;8430;89.262610625669652;8430;6.1702322458571128;8430;6.0631122775963622
8440;153.15408795434431;8440;68.166142765587338;8440;0.20752586443678089;8440;89.302153600319059;8440;6.1702322458571128;8440;6.0634174626911221
8450;153.15408795434431;8450;68.11731315042573;8450;0.21973326822717978;8450;89.302153600319059;8450;6.1702322458571128;8450;6.0618915372173223
8460;153.08084353160191;8460;68.227179784539331;8460;0.21973326822717978;8460;89.341696574968466;8460;6.1702322458571128;8460;6.0637226477858821
8470;153.11746574297311;8470;68.251594592120128;8470;0.18311105685598317;8470;89.262610625669652;8470;6.1702322458571128;8470;6.0615863521225624
8480;153.1907101657155;8480;68.178350169377737;8480;0.20752586443678089;8480;89.262610625669652;8480;6.1702322458571128;8480;6.0618915372173223
8490;153.11746574297311;8490;68.11731315042573;8490;0.21973326822717978;8490;89.262610625669652;8490;6.1702322458571128;8490;6.0625019074068422
8500;153.06863612781152;8500;68.178350169377737;8500;0.21973326822717978;8500;89.302153600319059;8500;6.1702322458571128;8500;6.0628070925016022
8510;152.83669545579394;8510;68.190557573168135;8510;0.21973326822717978;8510;89.262610625669652;8510;6.1702322458571128;8510;6.0609759819330424
8520;152.95876949369793;8520;68.178350169377737;8520;0.21973326822717978;8520;89.302153600319059;8520;6.1702322458571128;8520;6.0603656117435225
8530;153.00759910885952;8530;68.202764976958534;8530;0.20752586443678089;8530;89.262610625669652;8530;6.1702322458571128;8530;6.0637226477858821
8540;153.11746574297311;8540;68.239387188329729;8540;0.21973326822717978;8540;89.18352467637078;8540;6.1702322458571128;8540;6.0618915372173223
8550;153.27616199224829;8550;68.227179784539331;8550;0.23194067201757868;8550;89.18352467637078;8550;6.1702322458571128;8550;6.0618915372173223
8560;153.14188055055391;8560;68.166142765587338;8560;0.18311105685598317;8560;89.302153600319059;8560;6.1702322458571128;8560;6.0609759819330424
8570;152.95876949369793;8570;68.251594592120128;8570;0.18311105685598317;8570;89.302153600319059;8570;6.1702322458571128;8570;6.064333017975402
8580;152.87331766716514;8580;68.202764976958534;8580;0.18311105685598317;8580;89.262610625669652;8580;6.1702322458571128;8580;6.0621967223120823
8590;153.01980651264992;8590;68.11731315042573;8590;0.20752586443678089;8590;89.302153600319059;8590;6.1702322458571128;8590;6.0606707968382825
8600;153.09305093539231;8600;68.007446516312143;8600;0.20752586443678089;8600;89.302153600319059;8600;6.1702322458571128;8600;6.0625019074068422
8610;153.04422132023072;8610;68.141727958006527;8610;0.18311105685598317;8610;89.302153600319059;8610;6.1702322458571128;8610;6.0628070925016022
8620;152.83669545579394;8620;68.239387188329729;8620;0.17090365306558428;8620;89.262610625669652;8620;6.1702322458571128;8620;6.0621967223120823
8630;153.04422132023072;8630;68.092898342844933;8630;0.21973326822717978;8630;89.262610625669652;8630;6.1702322458571128;8630;6.0615863521225624
8640;153.09305093539231;8640;68.227179784539331;8640;0.24414807580797754;8640;89.302153600319059;8640;6.1702322458571128;8640;6.064333017975402
8650;153.08084353160191;8650;68.227179784539331;8650;0.20752586443678089;8650;89.262610625669652;8650;6.1702322458571128;8650;6.0621967223120823
8660;153.14188055055391;8660;68.190557573168135;8660;0.18311105685598317;8660;89.262610625669652;8660;6.1702322458571128;8660;6.0618915372173223
8670;153.10525833918271;8670;68.153935361796925;8670;0.21973326822717978;8670;89.302153600319059;8670;6.1702322458571128;8670;6.0615863521225624
8680;153.04422132023072;8680;68.239387188329729;8680;0.23194067201757868;8680;89.302153600319059;8680;6.1702322458571128;8680;6.0637226477858821
8690;152.89773247474594;8690;68.239387188329729;8690;0.21973326822717978;8690;89.262610625669652;8690;6.1702322458571128;8690;6.0606707968382825
8700;153.01980651264992;8700;68.227179784539331;8700;0.20752586443678089;8700;89.18352467637078;8700;6.1702322458571128;8700;6.0609759819330424
8710;153.1907101657155;8710;68.190557573168135;8710;0.20752586443678089;8710;89.262610625669652;8710;6.1702322458571128;8710;6.0637226477858821
8720;153.26395458845789;8720;68.263801995910526;8720;0.20752586443678089;8720;89.262610625669652;8720;6.1702322458571128;8720;6.0628070925016022
8730;152.97097689748833;8730;68.276009399700925;8730;0.18311105685598317;8730;89.262610625669652;8730;6.1702322458571128;8730;6.0621967223120823
8740;152.97097689748833;8740;68.202764976958534;8740;0.18311105685598317;8740;89.262610625669652;8740;6.1702322458571128;8740;6.0606707968382825
8750;153.11746574297311;8750;68.227179784539331;8750;0.18311105685598317;8750;89.302153600319059;8750;6.1702322458571128;8750;6.0637226477858821
8760;153.1785027619251;8760;68.166142765587338;8760;0.18311105685598317;8760;89.18352467637078;8760;6.1702322458571128;8760;6.0615863521225624
8770;153.14188055055391;8770;68.166142765587338;8770;0.20752586443678089;8770;89.262610625669652;8770;6.1702322458571128;8770;6.0615863521225624
8780;153.08084353160191;8780;68.178350169377737;8780;0.18311105685598317;8780;89.262610625669652;8780;6.1702322458571128;8780;6.0615863521225624
8790;153.14188055055391;8790;68.276009399700925;8790;0.18311105685598317;8790;89.18352467637078;8790;6.1702322458571128;8790;6.0634174626911221
8800;153.09305093539231;8800;68.239387188329729;8800;0.17090365306558428;8800;89.262610625669652;8800;6.1702322458571128;8800;6.0615863521225624
8810;153.01980651264992;8810;68.11731315042573;8810;0.18311105685598317;8810;89.262610625669652;8810;6.1702322458571128;8810;6.0609759819330424
8820;152.95876949369793;8820;68.178350169377737;8820;0.18311105685598317;8820;89.262610625669652;8820;6.1702322458571128;8820;6.0634174626911221
8830;153.06863612781152;8830;68.166142765587338;8830;0.18311105685598317;8830;89.262610625669652;8830;6.1702322458571128;8830;6.0618915372173223
8840;153.08084353160191;8840;68.276009399700925;8840;0.20752586443678089;8840;89.302153600319059;8840;6.1702322458571128;8840;6.0618915372173223
8850;153.08084353160191;8850;68.337046418652918;8850;0.20752586443678089;8850;89.262610625669652;8850;6.1702322458571128;8850;6.0606707968382825
8860;153.08084353160191;8860;68.239387188329729;8860;0.20752586443678089;8860;89.262610625669652;8860;6.1702322458571128;8860;6.064333017975402
8870;153.15408795434431;8870;68.227179784539331;8870;0.21973326822717978;8870;89.18352467637078;8870;6.1702322458571128;8870;6.0618915372173223
8880;153.11746574297311;8880;68.263801995910526;8880;0.23194067201757868;8880;89.262610625669652;8880;6.1702322458571128;8880;6.0615863521225624
8890;153.06863612781152;8890;68.251594592120128;8890;0.20752586443678089;8890;89.341696574968466;8890;6.1702322458571128;8890;6.0621967223120823
8900;153.09305093539231;8900;68.300424207281722;8900;0.21973326822717978;8900;89.302153600319059;8900;6.1702322458571128;8900;6.0631122775963622
8910;153.05642872402112;8910;68.239387188329729;8910;0.20752586443678089;8910;89.302153600319059;8910;6.1702322458571128;8910;6.0618915372173223
8920;153.11746574297311;8920;68.11731315042573;8920;0.17090365306558428;8920;89.341696574968466;8920;6.1702322458571128;8920;6.0609759819330424
8930;153.09305093539231;8930;68.166142765587338;8930;0.20752586443678089;8930;89.302153600319059;8930;6.1702322458571128;8930;6.064333017975402
8940;153.1662953581347;8940;68.239387188329729;8940;0.18311105685598317;8940;89.262610625669652;8940;6.1702322458571128;8940;6.0618915372173223
8950;153.10525833918271;8950;68.251594592120128;8950;0.18311105685598317;8950;89.302153600319059;8950;6.1702322458571128;8950;6.0621967223120823
8960;153.01980651264992;8960;68.166142765587338;8960;0.20752586443678089;8960;89.302153600319059;8960;6.1702322458571128;8960;6.0609759819330424
8970;153.11746574297311;8970;68.227179784539331;8970;0.20752586443678089;8970;89.341696574968466;8970;6.1702322458571128;8970;6.0634174626911221
8980;153.2029175695059;8980;68.276009399700925;8980;0.17090365306558428;8980;89.262610625669652;8980;6.1702322458571128;8980;6.0609759819330424
8990;153.06863612781152;8990;68.263801995910526;8990;0.18311105685598317;8990;89.262610625669652;8990;6.1702322458571128;8990;6.0606707968382825
9000;153.05642872402112;9000;68.153935361796925;9000;0.18311105685598317;9000;89.302153600319059;9000;6.1702322458571128;9000;6.0625019074068422
9010;153.14188055055391;9010;68.11731315042573;9010;0.20752586443678089;9010;89.341696574968466;9010;6.1702322458571128;9010;6.0625019074068422
9020;152.94656208990753;9020;68.11731315042573;9020;0.20752586443678089;9020;89.341696574968466;9020;6.1702322458571128;9020;6.0618915372173223
9030;153.06863612781152;9030;68.166142765587338;9030;0.17090365306558428;9030;89.341696574968466;9030;6.1702322458571128;9030;6.0609759819330424
9040;152.99539170506912;9040;68.202764976958534;9040;0.18311105685598317;9040;89.302153600319059;9040;6.1702322458571128;9040;6.064333017975402
9050;152.89773247474594;9050;68.11731315042573;9050;0.20752586443678089;9050;89.302153600319059;9050;6.1702322458571128;9050;6.0615863521225624
9060;153.00759910885952;9060;68.166142765587338;9060;0.20752586443678089;9060;89.341696574968466;9060;6.1702322458571128;9060;6.0618915372173223
9070;153.04422132023072;9070;68.141727958006527;9070;0.18311105685598317;9070;89.302153600319059;9070;6.1702322458571128;9070;6.0615863521225624
9080;153.1907101657155;9080;68.190557573168135;9080;0.21973326822717978;9080;89.302153600319059;9080;6.1702322458571128;9080;6.064638203070162
9090;153.1907101657155;9090;68.190557573168135;9090;0.21973326822717978;9090;89.262610625669652;9090;6.1702322458571128;9090;6.0621967223120823
9100;153.08084353160191;9100;68.227179784539331;9100;0.21973326822717978;9100;89.262610625669652;9100;6.1702322458571128;9100;6.0606707968382825
9110;153.09305093539231;9110;68.153935361796925;9110;0.18311105685598317;9110;89.302153600319059;9110;6.1702322458571128;9110;6.0628070925016022
9120;153.1662953581347;9120;68.202764976958534;9120;0.17090365306558428;9120;89.341696574968466;9120;6.1702322458571128;9120;6.0628070925016022
9130;153.14188055055391;9130;68.239387188329729;9130;0.20752586443678089;9130;89.381239549617874;9130;6.1702322458571128;9130;6.0625019074068422
9140;153.15408795434431;9140;68.153935361796925;9140;0.18311105685598317;9140;89.341696574968466;9140;6.1702322458571128;9140;6.0609759819330424
9150;153.01980651264992;9150;68.202764976958534;9150;0.17090365306558428;9150;89.302153600319059;9150;6.1702322458571128;9150;6.0637226477858821
9160;153.10525833918271;9160;68.141727958006527;9160;0.17090365306558428;9160;89.262610625669652;9160;6.1702322458571128;9160;6.0615863521225624
9170;153.08084353160191;9170;68.239387188329729;9170;0.18311105685598317;9170;89.341696574968466;9170;6.1702322458571128;9170;6.0618915372173223
9180;153.06863612781152;9180;68.202764976958534;9180;0.17090365306558428;9180;89.302153600319059;9180;6.1702322458571128;9180;6.0625019074068422
9190;153.2029175695059;9190;68.190557573168135;9190;0.21973326822717978;9190;89.262610625669652;9190;6.1702322458571128;9190;6.0637226477858821
9200;153.2273323770867;9200;68.166142765587338;9200;0.21973326822717978;9200;89.262610625669652;9200;6.1702322458571128;9200;6.0615863521225624
9210;153.1785027619251;9210;68.202764976958534;9210;0.18311105685598317;9210;89.302153600319059;9210;6.1702322458571128;9210;6.0606707968382825
9220;153.05642872402112;9220;68.276009399700925;9220;0.15869624927518539;9220;89.262610625669652;9220;6.1702322458571128;9220;6.0631122775963622
9230;153.1785027619251;9230;68.227179784539331;9230;0.15869624927518539;9230;89.262610625669652;9230;6.1702322458571128;9230;6.0621967223120823
9240;153.1785027619251;9240;68.202764976958534;9240;0.20752586443678089;9240;89.302153600319059;9240;6.1702322458571128;9240;6.0621967223120823
9250;153.06863612781152;9250;68.092898342844933;9250;0.20752586443678089;9250;89.302153600319059;9250;6.1702322458571128;9250;6.0609759819330424
9260;152.97097689748833;9260;68.105105746635331;9260;0.20752586443678089;9260;89.341696574968466;9260;6.1702322458571128;9260;6.064638203070162
9270;153.04422132023072;9270;68.190557573168135;9270;0.20752586443678089;9270;89.341696574968466;9270;6.1702322458571128;9270;6.0621967223120823
9280;153.2273323770867;9280;68.263801995910526;9280;0.20752586443678089;9280;89.341696574968466;9280;6.1702322458571128;9280;6.0621967223120823
9290;153.15408795434431;9290;68.190557573168135;9290;0.17090365306558428;9290;89.341696574968466;9290;6.1702322458571128;9290;6.0625019074068422
9300;153.00759910885952;9300;68.337046418652918;9300;0.18311105685598317;9300;89.302153600319059;9300;6.1702322458571128;9300;6.0628070925016022
9310;152.95876949369793;9310;68.324839014862519;9310;0.21973326822717978;9310;89.302153600319059;9310;6.1702322458571128;9310;6.0618915372173223
9320;153.05642872402112;9320;68.190557573168135;9320;0.18311105685598317;9320;89.302153600319059;9320;6.1702322458571128;9320;6.0603656117435225
9330;152.98318430127873;9330;68.227179784539331;9330;0.20752586443678089;9330;89.341696574968466;9330;6.1702322458571128;9330;6.0634174626911221
9340;153.05642872402112;9340;68.153935361796925;9340;0.21973326822717978;9340;89.341696574968466;9340;6.1702322458571128;9340;6.0618915372173223
9350;153.08084353160191;9350;68.11731315042573;9350;0.21973326822717978;9350;89.381239549617874;9350;6.1702322458571128;9350;6.0615863521225624
9360;153.11746574297311;9360;68.044068727683339;9360;0.20752586443678089;9360;89.302153600319059;9360;6.1702322458571128;9360;6.0606707968382825
9370;153.10525833918271;9370;68.178350169377737;9370;0.20752586443678089;9370;89.381239549617874;9370;6.1702322458571128;9370;6.064333017975402
9380;153.04422132023072;9380;68.300424207281722;9380;0.20752586443678089;9380;89.341696574968466;9380;6.1702322458571128;9380;6.0618915372173223
9390;153.09305093539231;9390;68.239387188329729;9390;0.21973326822717978;9390;89.302153600319059;9390;6.1702322458571128;9390;6.0609759819330424
9400;153.09305093539231;9400;68.105105746635331;9400;0.18311105685598317;9400;89.341696574968466;9400;6.1702322458571128;9400;6.0625019074068422
9410;153.09305093539231;9410;68.263801995910526;9410;0.18311105685598317;9410;89.302153600319059;9410;6.1702322458571128;9410;6.0628070925016022
9420;152.99539170506912;9420;68.349253822443316;9420;0.20752586443678089;9420;89.302153600319059;9420;6.1702322458571128;9420;6.0615863521225624
9430;153.08084353160191;9430;68.239387188329729;9430;0.20752586443678089;9430;89.341696574968466;9430;6.1702322458571128;9430;6.0600604266487625
9440;153.04422132023072;9440;68.227179784539331;9440;0.20752586443678089;9440;89.420782524267281;9440;6.1702322458571128;9440;6.0637226477858821
9450;153.06863612781152;9450;68.178350169377737;9450;0.20752586443678089;9450;89.381239549617874;9450;6.1702322458571128;9450;6.0621967223120823
9460;153.04422132023072;9460;68.227179784539331;9460;0.24414807580797754;9460;89.341696574968466;9460;6.1702322458571128;9460;6.0621967223120823
9470;153.04422132023072;9470;68.166142765587338;9470;0.21973326822717978;9470;89.341696574968466;9470;6.1702322458571128;9470;6.0609759819330424
9480;153.06863612781152;9480;68.166142765587338;9480;0.18311105685598317;9480;89.341696574968466;9480;6.1702322458571128;9480;6.0628070925016022
9490;152.92214728232673;9490;68.166142765587338;9490;0.20752586443678089;9490;89.302153600319059;9490;6.1702322458571128;9490;6.0618915372173223
9500;152.99539170506912;9500;68.251594592120128;9500;0.24414807580797754;9500;89.262610625669652;9500;6.1702322458571128;9500;6.0621967223120823
9510;152.97097689748833;9510;68.263801995910526;9510;0.20752586443678089;9510;89.262610625669652;9510;6.1702322458571128;9510;6.0631122775963622
9520;153.06863612781152;9520;68.239387188329729;9520;0.17090365306558428;9520;89.302153600319059;9520;6.1702322458571128;9520;6.0621967223120823
9530;153.01980651264992;9530;68.166142765587338;9530;0.20752586443678089;9530;89.302153600319059;9530;6.1702322458571128;9530;6.0618915372173223
9540;153.1662953581347;9540;68.190557573168135;9540;0.18311105685598317;9540;89.341696574968466;9540;6.1702322458571128;9540;6.0606707968382825
9550;153.11746574297311;9550;68.337046418652918;9550;0.18311105685598317;9550;89.341696574968466;9550;6.1702322458571128;9550;6.064638203070162
9560;153.2273323770867;9560;68.263801995910526;9560;0.18311105685598317;9560;89.262610625669652;9560;6.1702322458571128;9560;6.0615863521225624
9570;153.1785027619251;9570;68.300424207281722;9570;0.21973326822717978;9570;89.341696574968466;9570;6.1702322458571128;9570;6.0609759819330424
9580;152.95876949369793;9580;68.263801995910526;9580;0.23194067201757868;9580;89.302153600319059;9580;6.1702322458571128;9580;6.0618915372173223
9590;153.08084353160191;9590;68.263801995910526;9590;0.23194067201757868;9590;89.302153600319059;9590;6.1702322458571128;9590;6.0637226477858821
9600;153.11746574297311;9600;68.324839014862519;9600;0.20752586443678089;9600;89.341696574968466;9600;6.1702322458571128;9600;6.0618915372173223
9610;153.04422132023072;9610;68.361461226233715;9610;0.18311105685598317;9610;89.381239549617874;9610;6.1702322458571128;9610;6.0606707968382825
9620;152.90993987853633;9620;68.190557573168135;9620;0.20752586443678089;9620;89.341696574968466;9620;6.1702322458571128;9620;6.0631122775963622
9630;152.98318430127873;9630;68.166142765587338;9630;0.20752586443678089;9630;89.302153600319059;9630;6.1702322458571128;9630;6.0621967223120823
9640;153.08084353160191;9640;68.166142765587338;9640;0.18311105685598317;9640;89.341696574968466;9640;6.1702322458571128;9640;6.0628070925016022
9650;153.1785027619251;9650;68.007446516312143;9650;0.17090365306558428;9650;89.302153600319059;9650;6.1702322458571128;9650;6.0618915372173223
9660;153.05642872402112;9660;68.080690939054534;9660;0.20752586443678089;9660;89.341696574968466;9660;6.1702322458571128;9660;6.0652485732596819
9670;153.08084353160191;9670;68.105105746635331;9670;0.20752586443678089;9670;89.302153600319059;9670;6.1702322458571128;9670;6.0628070925016022
9680;153.2273323770867;9680;68.251594592120128;9680;0.20752586443678089;9680;89.302153600319059;9680;6.1702322458571128;9680;6.0618915372173223
9690;153.09305093539231;9690;68.373668630024113;9690;0.18311105685598317;9690;89.302153600319059;9690;6.1702322458571128;9690;6.0618915372173223
9700;152.97097689748833;9700;68.337046418652918;9700;0.20752586443678089;9700;89.302153600319059;9700;6.1702322458571128;9700;6.0634174626911221
9710;152.90993987853633;9710;68.251594592120128;9710;0.18311105685598317;9710;89.341696574968466;9710;6.1702322458571128;9710;6.0621967223120823
9720;153.00759910885952;9720;68.300424207281722;9720;0.17090365306558428;9720;89.302153600319059;9720;6.1702322458571128;9720;6.0606707968382825
9730;152.98318430127873;9730;68.276009399700925;9730;0.18311105685598317;9730;89.302153600319059;9730;6.1702322458571128;9730;6.0634174626911221
9740;153.08084353160191;9740;68.202764976958534;9740;0.20752586443678089;9740;89.302153600319059;9740;6.1702322458571128;9740;6.0615863521225624
9750;153.08084353160191;9750;68.288216803491324;9750;0.20752586443678089;9750;89.341696574968466;9750;6.1702322458571128;9750;6.0615863521225624
9760;153.05642872402112;9760;68.276009399700925;9760;0.17090365306558428;9760;89.341696574968466;9760;6.1702322458571128;9760;6.0609759819330424
9770;153.08084353160191;9770;68.251594592120128;9770;0.17090365306558428;9770;89.302153600319059;9770;6.1702322458571128;9770;6.064638203070162
9780;153.11746574297311;9780;68.239387188329729;9780;0.18311105685598317;9780;89.341696574968466;9780;6.1702322458571128;9780;6.0609759819330424
9790;153.09305093539231;9790;68.288216803491324;9790;0.23194067201757868;9790;89.381239549617874;9790;6.1702322458571128;9790;6.0597552415540026
9800;153.06863612781152;9800;68.190557573168135;9800;0.23194067201757868;9800;89.341696574968466;9800;6.1702322458571128;9800;6.0621967223120823
9810;153.11746574297311;9810;68.239387188329729;9810;0.23194067201757868;9810;89.302153600319059;9810;6.1702322458571128;9810;6.0625019074068422
9820;152.94656208990753;9820;68.251594592120128;9820;0.20752586443678089;9820;89.302153600319059;9820;6.1702322458571128;9820;6.0618915372173223
9830;153.06863612781152;9830;68.202764976958534;9830;0.18311105685598317;9830;89.302153600319059;9830;6.1702322458571128;9830;6.0609759819330424
9840;153.1785027619251;9840;68.239387188329729;9840;0.23194067201757868;9840;89.302153600319059;9840;6.1702322458571128;9840;6.064333017975402
9850;153.1785027619251;9850;68.227179784539331;9850;0.23194067201757868;9850;89.341696574968466;9850;6.1702322458571128;9850;6.0615863521225624
9860;153.06863612781152;9860;68.324839014862519;9860;0.21973326822717978;9860;89.381239549617874;9860;6.1702322458571128;9860;6.0609759819330424
9870;153.08084353160191;9870;68.276009399700925;9870;0.20752586443678089;9870;89.302153600319059;9870;6.1702322458571128;9870;6.0609759819330424
9880;153.10525833918271;9880;68.276009399700925;9880;0.20752586443678089;9880;89.262610625669652;9880;6.1702322458571128;9880;6.0634174626911221
9890;153.06863612781152;9890;68.227179784539331;9890;0.18311105685598317;9890;89.341696574968466;9890;6.1702322458571128;9890;6.0606707968382825
9900;153.06863612781152;9900;68.178350169377737;9900;0.18311105685598317;9900;89.420782524267281;9900;6.1702322458571128;9900;6.0606707968382825
9910;152.87331766716514;9910;68.141727958006527;9910;0.20752586443678089;9910;89.381239549617874;9910;6.1702322458571128;9910;6.0634174626911221
9920;152.88552507095554;9920;68.153935361796925;9920;0.21973326822717978;9920;89.341696574968466;9920;6.1702322458571128;9920;6.0625019074068422
9930;152.90993987853633;9930;68.227179784539331;9930;0.21973326822717978;9930;89.302153600319059;9930;6.1702322458571128;9930;6.0621967223120823
9940;153.05642872402112;9940;68.202764976958534;9940;0.20752586443678089;9940;89.302153600319059;9940;6.1702322458571128;9940;6.0618915372173223
9950;153.01980651264992;9950;68.190557573168135;9950;0.21973326822717978;9950;89.302153600319059;9950;6.1702322458571128;9950;6.064638203070162
9960;153.10525833918271;9960;68.202764976958534;9960;0.21973326822717978;9960;89.302153600319059;9960;6.1702322458571128;9960;6.0615863521225624
9970;153.1662953581347;9970;68.337046418652918;9970;0.21973326822717978;9970;89.341696574968466;9970;6.1702322458571128;9970;6.0625019074068422
9980;153.14188055055391;9980;68.288216803491324;9980;0.21973326822717978;9980;89.341696574968466;9980;6.1702322458571128;9980;6.0625019074068422
9990;153.14188055055391;9990;68.324839014862519;9990;0.21973326822717978;9990;89.420782524267281;9990;6.1702322458571128;9990;6.064333017975402
10000;152.99539170506912;10000;68.227179784539331;10000;0.21973326822717978;10000;89.341696574968466;10000;6.1702322458571128;10000;6.0618915372173223
10010;152.98318430127873;10010;68.227179784539331;10010;0.21973326822717978;10010;89.262610625669652;10010;6.1702322458571128;10010;6.0600604266487625
10020;152.83669545579394;10020;68.166142765587338;10020;0.20752586443678089;10020;89.302153600319059;10020;6.1702322458571128;10020;6.0637226477858821
10030;152.89773247474594;10030;68.166142765587338;10030;0.18311105685598317;10030;89.341696574968466;10030;6.1702322458571128;10030;6.0628070925016022
10040;152.98318430127873;10040;68.251594592120128;10040;0.18311105685598317;10040;89.381239549617874;10040;6.1702322458571128;10040;6.0621967223120823
10050;153.09305093539231;10050;68.190557573168135;10050;0.20752586443678089;10050;89.341696574968466;10050;6.1702322458571128;10050;6.0609759819330424
10060;153.05642872402112;10060;68.276009399700925;10060;0.21973326822717978;10060;89.381239549617874;10060;6.1702322458571128;10060;6.064638203070162
10070;153.05642872402112;10070;68.227179784539331;10070;0.20752586443678089;10070;89.341696574968466;10070;6.1702322458571128;10070;6.0615863521225624
10080;153.14188055055391;10080;68.227179784539331;10080;0.20752586443678089;10080;89.341696574968466;10080;6.1702322458571128;10080;6.0615863521225624
10090;153.14188055055391;10090;68.190557573168135;10090;0.20752586443678089;10090;89.341696574968466;10090;6.1702322458571128;10090;6.0625019074068422
10100;153.2273323770867;10100;68.080690939054534;10100;0.24414807580797754;10100;89.381239549617874;10100;6.1702322458571128;10100;6.0631122775963622
10110;153.1907101657155;10110;68.141727958006527;10110;0.23194067201757868;10110;89.341696574968466;10110;6.1702322458571128;10110;6.0615863521225624
10120;153.11746574297311;10120;68.251594592120128;10120;0.21973326822717978;10120;89.302153600319059;10120;6.1702322458571128;10120;6.0603656117435225
10130;153.04422132023072;10130;68.190557573168135;10130;0.21973326822717978;10130;89.302153600319059;10130;6.1702322458571128;10130;6.064333017975402
10140;153.1662953581347;10140;68.251594592120128;10140;0.18311105685598317;10140;89.341696574968466;10140;6.1702322458571128;10140;6.0625019074068422
10150;153.06863612781152;10150;68.276009399700925;10150;0.18311105685598317;10150;89.420782524267281;10150;6.1702322458571128;10150;6.0631122775963622
10160;153.08084353160191;10160;68.227179784539331;10160;0.18311105685598317;10160;89.381239549617874;10160;6.1702322458571128;10160;6.0618915372173223
10170;153.1662953581347;10170;68.251594592120128;10170;0.18311105685598317;10170;89.381239549617874;10170;6.1702322458571128;10170;6.064333017975402
10180;153.01980651264992;10180;68.190557573168135;10180;0.18311105685598317;10180;89.341696574968466;10180;6.1702322458571128;10180;6.0618915372173223
10190;152.95876949369793;10190;68.227179784539331;10190;0.21973326822717978;10190;89.302153600319059;10190;6.1702322458571128;10190;6.0606707968382825
10200;152.99539170506912;10200;68.11731315042573;10200;0.20752586443678089;10200;89.302153600319059;10200;6.1702322458571128;10200;6.0625019074068422
10210;153.15408795434431;10210;68.141727958006527;10210;0.18311105685598317;10210;89.341696574968466;10210;6.1702322458571128;10210;6.0628070925016022
10220;153.10525833918271;10220;68.141727958006527;10220;0.18311105685598317;10220;89.341696574968466;10220;6.1702322458571128;10220;6.0621967223120823
10230;153.06863612781152;10230;68.092898342844933;10230;0.21973326822717978;10230;89.341696574968466;10230;6.1702322458571128;10230;6.0606707968382825
10240;153.09305093539231;10240;68.153935361796925;10240;0.24414807580797754;10240;89.381239549617874;10240;6.1702322458571128;10240;6.064333017975402
10250;153.26395458845789;10250;68.068483535264136;10250;0.20752586443678089;10250;89.341696574968466;10250;6.1702322458571128;10250;6.0615863521225624
10260;153.15408795434431;10260;68.153935361796925;10260;0.20752586443678089;10260;89.381239549617874;10260;6.1702322458571128;10260;6.0615863521225624
10270;153.11746574297311;10270;68.263801995910526;10270;0.20752586443678089;10270;89.302153600319059;10270;6.1702322458571128;10270;6.0618915372173223
10280;153.28836939603869;10280;68.251594592120128;10280;0.20752586443678089;10280;89.302153600319059;10280;6.1702322458571128;10280;6.0634174626911221
10290;153.2395397808771;10290;68.153935361796925;10290;0.21973326822717978;10290;89.302153600319059;10290;6.1702322458571128;10290;6.0609759819330424
10300;153.06863612781152;10300;68.178350169377737;10300;0.20752586443678089;10300;89.341696574968466;10300;6.1702322458571128;10300;6.0615863521225624
10310;153.00759910885952;10310;68.239387188329729;10310;0.17090365306558428;10310;89.341696574968466;10310;6.1702322458571128;10310;6.064333017975402
10320;153.08084353160191;10320;68.251594592120128;10320;0.18311105685598317;10320;89.341696574968466;10320;6.1702322458571128;10320;6.0631122775963622
10330;152.99539170506912;10330;68.276009399700925;10330;0.18311105685598317;10330;89.341696574968466;10330;6.1702322458571128;10330;6.0628070925016022
10340;153.05642872402112;10340;68.178350169377737;10340;0.20752586443678089;10340;89.302153600319059;10340;6.1702322458571128;10340;6.0625019074068422
10350;153.11746574297311;10350;68.190557573168135;10350;0.20752586443678089;10350;89.381239549617874;10350;6.1702322458571128;10350;6.0652485732596819
10360;153.25174718466749;10360;68.239387188329729;10360;0.20752586443678089;10360;89.341696574968466;10360;6.1702322458571128;10360;6.0621967223120823
10370;153.15408795434431;10370;68.227179784539331;10370;0.23194067201757868;10370;89.341696574968466;10370;6.1702322458571128;10370;6.0618915372173223
10380;153.08084353160191;10380;68.153935361796925;10380;0.20752586443678089;10380;89.341696574968466;10380;6.1702322458571128;10380;6.0625019074068422
10390;153.10525833918271;10390;68.178350169377737;10390;0.20752586443678089;10390;89.381239549617874;10390;6.1702322458571128;10390;6.0637226477858821
10400;153.05642872402112;10400;68.11731315042573;10400;0.21973326822717978;10400;89.381239549617874;10400;6.1702322458571128;10400;6.0621967223120823
10410;153.06863612781152;10410;68.153935361796925;10410;0.21973326822717978;10410;89.341696574968466;10410;6.1702322458571128;10410;6.0615863521225624
10420;153.01980651264992;10420;68.288216803491324;10420;0.23194067201757868;10420;89.341696574968466;10420;6.1702322458571128;10420;6.0637226477858821
10430;153.26395458845789;10430;68.166142765587338;10430;0.23194067201757868;10430;89.302153600319059;10430;6.1702322458571128;10430;6.0628070925016022
10440;153.14188055055391;10440;68.092898342844933;10440;0.21973326822717978;10440;89.341696574968466;10440;6.1702322458571128;10440;6.0628070925016022
10450;153.11746574297311;10450;68.007446516312143;10450;0.18311105685598317;10450;89.341696574968466;10450;6.1702322458571128;10450;6.0618915372173223
10460;153.05642872402112;10460;68.11731315042573;10460;0.20752586443678089;10460;89.420782524267281;10460;6.1702322458571128;10460;6.064638203070162
10470;153.00759910885952;10470;68.251594592120128;10470;0.21973326822717978;10470;89.381239549617874;10470;6.1702322458571128;10470;6.0618915372173223
10480;153.1662953581347;10480;68.288216803491324;10480;0.21973326822717978;10480;89.381239549617874;10480;6.1702322458571128;10480;6.0618915372173223
10490;153.04422132023072;10490;68.227179784539331;10490;0.18311105685598317;10490;89.341696574968466;10490;6.1702322458571128;10490;6.0628070925016022
10500;152.95876949369793;10500;68.202764976958534;10500;0.20752586443678089;10500;89.302153600319059;10500;6.1702322458571128;10500;6.0634174626911221
10510;152.98318430127873;10510;68.105105746635331;10510;0.20752586443678089;10510;89.302153600319059;10510;6.1702322458571128;10510;6.0621967223120823
10520;153.09305093539231;10520;68.166142765587338;10520;0.20752586443678089;10520;89.381239549617874;10520;6.1702322458571128;10520;6.0609759819330424
10530;153.01980651264992;10530;68.251594592120128;10530;0.21973326822717978;10530;89.341696574968466;10530;6.1702322458571128;10530;6.064943388164922
10540;153.14188055055391;10540;68.190557573168135;10540;0.20752586443678089;10540;89.302153600319059;10540;6.1702322458571128;10540;6.0625019074068422
10550;153.09305093539231;10550;68.227179784539331;10550;0.20752586443678089;10550;89.381239549617874;10550;6.1702322458571128;10550;6.0621967223120823
10560;153.09305093539231;10560;68.239387188329729;10560;0.20752586443678089;10560;89.381239549617874;10560;6.1702322458571128;10560;6.0618915372173223
10570;153.09305093539231;10570;68.276009399700925;10570;0.18311105685598317;10570;89.381239549617874;10570;6.1702322458571128;10570;6.064638203070162
10580;153.00759910885952;10580;68.178350169377737;10580;0.18311105685598317;10580;89.381239549617874;10580;6.1702322458571128;10580;6.0628070925016022
10590;152.97097689748833;10590;68.239387188329729;10590;0.20752586443678089;10590;89.341696574968466;10590;6.1702322458571128;10590;6.0615863521225624
10600;152.99539170506912;10600;68.263801995910526;10600;0.21973326822717978;10600;89.341696574968466;10600;6.1702322458571128;10600;6.0621967223120823
10610;153.09305093539231;10610;68.263801995910526;10610;0.23194067201757868;10610;89.381239549617874;10610;6.1702322458571128;10610;6.0631122775963622
10620;153.04422132023072;10620;68.276009399700925;10620;0.21973326822717978;10620;89.381239549617874;10620;6.1702322458571128;10620;6.0621967223120823
10630;153.01980651264992;10630;68.202764976958534;10630;0.20752586443678089;10630;89.381239549617874;10630;6.1702322458571128;10630;6.0609759819330424
10640;152.98318430127873;10640;68.190557573168135;10640;0.20752586443678089;10640;89.420782524267281;10640;6.1702322458571128;10640;6.0652485732596819
10650;153.06863612781152;10650;68.227179784539331;10650;0.18311105685598317;10650;89.302153600319059;10650;6.1702322458571128;10650;6.0625019074068422
10660;153.05642872402112;10660;68.202764976958534;10660;0.18311105685598317;10660;89.262610625669652;10660;6.1702322458571128;10660;6.0618915372173223
10670;152.98318430127873;10670;68.068483535264136;10670;0.17090365306558428;10670;89.302153600319059;10670;6.1702322458571128;10670;6.0618915372173223
10680;153.05642872402112;10680;68.153935361796925;10680;0.18311105685598317;10680;89.381239549617874;10680;6.1702322458571128;10680;6.064638203070162
10690;153.1785027619251;10690;68.141727958006527;10690;0.21973326822717978;10690;89.381239549617874;10690;6.1702322458571128;10690;6.0625019074068422
10700;153.1907101657155;10700;68.190557573168135;10700;0.20752586443678089;10700;89.381239549617874;10700;6.1702322458571128;10700;6.0618915372173223
10710;153.15408795434431;10710;68.300424207281722;10710;0.18311105685598317;10710;89.381239549617874;10710;6.1702322458571128;10710;6.064333017975402
10720;153.04422132023072;10720;68.276009399700925;10720;0.20752586443678089;10720;89.381239549617874;10720;6.1702322458571128;10720;6.0631122775963622
10730;152.94656208990753;10730;68.239387188329729;10730;0.21973326822717978;10730;89.381239549617874;10730;6.1702322458571128;10730;6.0625019074068422
10740;153.06863612781152;10740;68.239387188329729;10740;0.23194067201757868;10740;89.341696574968466;10740;6.1702322458571128;10740;6.0615863521225624
10750;152.99539170506912;10750;68.251594592120128;10750;0.23194067201757868;10750;89.381239549617874;10750;6.1702322458571128;10750;6.064943388164922
10760;153.09305093539231;10760;68.153935361796925;10760;0.23194067201757868;10760;89.381239549617874;10760;6.1702322458571128;10760;6.0621967223120823
10770;153.04422132023072;10770;68.141727958006527;10770;0.21973326822717978;10770;89.341696574968466;10770;6.1702322458571128;10770;6.0621967223120823
10780;152.97097689748833;10780;68.141727958006527;10780;0.18311105685598317;10780;89.302153600319059;10780;6.1702322458571128;10780;6.0628070925016022
10790;153.04422132023072;10790;68.178350169377737;10790;0.20752586443678089;10790;89.420782524267281;10790;6.1702322458571128;10790;6.064333017975402
10800;152.99539170506912;10800;68.227179784539331;10800;0.20752586443678089;10800;89.4603254989167;10800;6.1702322458571128;10800;6.0621967223120823
10810;153.09305093539231;10810;68.373668630024113;10810;0.21973326822717978;10810;89.420782524267281;10810;6.1702322458571128;10810;6.0615863521225624
10820;153.06863612781152;10820;68.361461226233715;10820;0.23194067201757868;10820;89.341696574968466;10820;6.1702322458571128;10820;6.064943388164922
10830;153.05642872402112;10830;68.190557573168135;10830;0.21973326822717978;10830;89.381239549617874;10830;6.1702322458571128;10830;6.0634174626911221
10840;152.97097689748833;10840;68.190557573168135;10840;0.21973326822717978;10840;89.420782524267281;10840;6.1702322458571128;10840;6.0628070925016022
10850;153.09305093539231;10850;68.11731315042573;10850;0.21973326822717978;10850;89.381239549617874;10850;6.1702322458571128;10850;6.0621967223120823
10860;152.97097689748833;10860;68.153935361796925;10860;0.20752586443678089;10860;89.381239549617874;10860;6.1702322458571128;10860;6.064943388164922
10870;152.98318430127873;10870;68.153935361796925;10870;0.18311105685598317;10870;89.381239549617874;10870;6.1702322458571128;10870;6.0621967223120823
10880;153.2273323770867;10880;68.202764976958534;10880;0.20752586443678089;10880;89.341696574968466;10880;6.1702322458571128;10880;6.0621967223120823
10890;153.1907101657155;10890;68.166142765587338;10890;0.20752586443678089;10890;89.341696574968466;10890;6.1702322458571128;10890;6.0628070925016022
10900;153.01980651264992;10900;68.239387188329729;10900;0.21973326822717978;10900;89.381239549617874;10900;6.1702322458571128;10900;6.064333017975402
10910;153.04422132023072;10910;68.178350169377737;10910;0.20752586443678089;10910;89.341696574968466;10910;6.1702322458571128;10910;6.0631122775963622
10920;153.1785027619251;10920;68.239387188329729;10920;0.18311105685598317;10920;89.341696574968466;10920;6.1702322458571128;10920;6.0618915372173223
10930;153.11746574297311;10930;68.324839014862519;10930;0.20752586443678089;10930;89.381239549617874;10930;6.1702322458571128;10930;6.064638203070162
10940;153.2029175695059;10940;68.166142765587338;10940;0.23194067201757868;10940;89.420782524267281;10940;6.1702322458571128;10940;6.0628070925016022
10950;152.99539170506912;10950;68.288216803491324;10950;0.24414807580797754;10950;89.420782524267281;10950;6.1702322458571128;10950;6.0631122775963622
10960;152.97097689748833;10960;68.300424207281722;10960;0.20752586443678089;10960;89.420782524267281;10960;6.1702322458571128;10960;6.0625019074068422
10970;152.99539170506912;10970;68.300424207281722;10970;0.18311105685598317;10970;89.4603254989167;10970;6.1702322458571128;10970;6.064638203070162
10980;153.05642872402112;10980;68.324839014862519;10980;0.18311105685598317;10980;89.420782524267281;10980;6.1702322458571128;10980;6.0621967223120823
10990;153.1907101657155;10990;68.276009399700925;10990;0.20752586443678089;10990;89.381239549617874;10990;6.1702322458571128;10990;6.0618915372173223
11000;153.2395397808771;11000;68.251594592120128;11000;0.20752586443678089;11000;89.381239549617874;11000;6.1702322458571128;11000;6.0631122775963622
11010;153.1907101657155;11010;68.288216803491324;11010;0.21973326822717978;11010;89.420782524267281;11010;6.1702322458571128;11010;6.0634174626911221
11020;153.00759910885952;11020;68.202764976958534;11020;0.23194067201757868;11020;89.381239549617874;11020;6.1702322458571128;11020;6.0628070925016022
EOF
