Name;YT Scope Project;
File;C:\Users\Tobno\Desktop\Kv Tester\MainNed120bar\-20prosent.csv;
Starttime of export;134212456209090000;tirsdag 21. april 2026;13:47:00.909
Endtime of export;134212456294527116;tirsdag 21. april 2026;13:47:09.452


Name;fPresSupply_bar (1);Name;fPres2A_bar;Name;fPres2B_bar;Name;fCylinder2_m;Name;fSensor2_V;Name;fValve2_V

0;121.42704550309762;0;0;0;0.45167394024475843;0;0.52597522265376062;0;4.0876491592150641;0;4.000061037018952
10;121.42704550309762;10;0;10;0.43946653645435957;10;0.52593567967911137;10;4.0836817529831846;10;4.000061037018952
20;121.54911954100163;20;0;20;0.41505172887356179;20;0.52597522265376062;20;4.112369151890622;20;4.000061037018952
30;121.37821588793602;30;0;30;0.3784295175023652;30;0.52597522265376062;30;4.13068025757622;30;4.000061037018952
40;121.30497146519363;40;0;40;0.41505172887356179;40;0.52597522265376062;40;4.1047395245216221;40;4.000061037018952
50;121.36600848414562;50;0;50;0.43946653645435957;50;0.52597522265376062;50;4.0757469405194255;50;4.000061037018952
60;121.41483809930722;60;0;60;0.3784295175023652;60;0.52593567967911137;60;4.1096224860377815;60;4.000061037018952
70;121.32938627277443;70;0;70;0.40284432508316292;70;0.52597522265376062;70;4.1029084139530623;70;4.000061037018952
80;121.45146031067841;80;0;80;0.40284432508316292;80;0.52593567967911137;80;4.088869899594104;80;4.000061037018952
90;121.54911954100163;90;0;90;0.40284432508316292;90;0.52589613670446189;90;4.0961943418683431;90;4.000061037018952
100;121.39042329172642;100;0;100;0.40284432508316292;100;0.52597522265376062;100;4.1248817407757805;100;4.000061037018952
110;121.26834925382244;110;0;110;0.42725913266396071;110;0.52597522265376062;110;4.120609149449141;110;4.000061037018952
120;121.31717886898403;120;0;120;0.42725913266396071;120;0.52589613670446189;120;4.0949736014893032;120;4.000061037018952
130;121.52470473342083;130;0;130;0.47608874782555621;130;0.52589613670446189;130;4.112369151890622;130;4.000061037018952
140;121.30497146519363;140;0;140;0.46388134403515735;140;0.52593567967911137;140;4.1068758201849418;140;4.000061037018952
150;121.31717886898403;150;0;150;0.47608874782555621;150;0.52597522265376062;150;4.0827661976989047;150;4.000061037018952
160;121.40263069551682;160;0;160;0.43946653645435957;160;0.52593567967911137;160;4.0739158299508658;160;4.000061037018952
170;121.36600848414562;170;0;170;0.3784295175023652;170;0.52593567967911137;170;4.105044709616382;170;4.000061037018952
180;121.30497146519363;180;0;180;0.45167394024475843;180;0.52593567967911137;180;4.105349894711142;180;4.000061037018952
190;121.41483809930722;190;0;190;0.43946653645435957;190;0.52589613670446189;190;4.0873439741203041;190;4.000061037018952
200;121.63457136753442;200;0;200;0.42725913266396071;200;0.52589613670446189;200;4.1013824884792625;200;4.000061037018952
210;121.39042329172642;210;0;210;0.47608874782555621;210;0.52589613670446189;210;4.1203039643543811;210;4.000061037018952
220;121.35380108035523;220;0;220;0.50050355540635394;220;0.52597522265376062;220;4.0980254524369029;220;4.000061037018952
230;121.41483809930722;230;0;230;0.46388134403515735;230;0.52593567967911137;230;4.0763573107089455;230;4.000061037018952
240;121.47587511825921;240;0;240;0.50050355540635394;240;0.52597522265376062;240;4.0998565630054626;240;4.000061037018952
250;121.21951963866084;250;0;250;0.45167394024475843;250;0.52597522265376062;250;4.1132847071749019;250;4.000061037018952
260;121.31717886898403;260;0;260;0.40284432508316292;260;0.52597522265376062;260;4.1007721182897425;260;4.000061037018952
270;121.68340098269601;270;0;270;0.40284432508316292;270;0.52593567967911137;270;4.0928373058259835;270;4.000061037018952
280;121.63457136753442;280;0;280;0.46388134403515735;280;0.52593567967911137;280;4.121219519638661;280;4.000061037018952
290;121.50028992584004;290;0;290;0.47608874782555621;290;0.52597522265376062;290;4.1007721182897425;290;4.000061037018952
300;121.47587511825921;300;0;300;0.46388134403515735;300;0.52597522265376062;300;4.0739158299508658;300;4.000061037018952
310;121.41483809930722;310;0;310;0.5127109591967528;310;0.52593567967911137;310;4.0861232337412643;310;4.000061037018952
320;121.35380108035523;320;0;320;0.52491836298715167;320;0.52593567967911137;320;4.1108432264168213;320;4.000061037018952
330;121.40263069551682;330;0;330;0.52491836298715167;330;0.52605430860305957;330;4.1022980437635423;330;4.000061037018952
340;121.42704550309762;340;0;340;0.5127109591967528;340;0.52597522265376062;340;4.0855128635517444;340;4.000061037018952
350;121.54911954100163;350;0;350;0.5127109591967528;350;0.52597522265376062;350;4.121219519638661;350;4.000061037018952
360;121.39042329172642;360;0;360;0.5127109591967528;360;0.52597522265376062;360;4.1111484115115813;360;4.000061037018952
370;121.40263069551682;370;0;370;0.46388134403515735;370;0.52609385157770894;370;4.0821558275093848;370;4.000061037018952
380;121.50028992584004;380;0;380;0.52491836298715167;380;0.52605430860305957;380;4.0781884212775052;380;4.000061037018952
390;121.56132694479203;390;0;390;0.56154057435834837;390;0.52597522265376062;390;4.1080965605639816;390;4.000061037018952
400;121.47587511825921;400;0;400;0.5493331705679495;400;0.52597522265376062;400;4.1062654499954219;400;4.000061037018952
410;121.42704550309762;410;0;410;0.5493331705679495;410;0.52597522265376062;410;4.0894802697836239;410;4.000061037018952
420;121.52470473342083;420;0;420;0.57374797814874723;420;0.52605430860305957;420;4.1132847071749019;420;4.000061037018952
430;121.30497146519363;430;0;430;0.53712576677755064;430;0.52593567967911137;430;4.1157261879329816;430;4.000061037018952
440;121.36600848414562;440;0;440;0.5493331705679495;440;0.52589613670446189;440;4.0894802697836239;440;4.000061037018952
450;121.47587511825921;450;0;450;0.57374797814874723;450;0.52593567967911137;450;4.0720847193823051;450;4.000061037018952
460;121.47587511825921;460;0;460;0.56154057435834837;460;0.52597522265376062;460;4.0986358226264228;460;4.000061037018952
470;121.32938627277443;470;0;470;0.53712576677755064;470;0.52609385157770894;470;4.1035187841425822;470;4.000061037018952
480;121.40263069551682;480;0;480;0.53712576677755064;480;0.52605430860305957;480;4.0922269356364636;480;4.000061037018952
490;121.59794915616322;490;0;490;0.56154057435834837;490;0.52609385157770894;490;4.1044343394268621;490;4.000061037018952
500;121.47587511825921;500;0;500;0.50050355540635394;500;0.52605430860305957;500;4.1248817407757805;500;4.000061037018952
510;121.42704550309762;510;0;510;0.50050355540635394;510;0.52593567967911137;510;4.0974150822473829;510;4.000061037018952
520;121.57353434858243;520;0;520;0.57374797814874723;520;0.52593567967911137;520;4.0687276833399455;520;4.000061037018952
530;121.59794915616322;530;0;530;0.57374797814874723;530;0.52597522265376062;530;4.0864284188360243;530;4.000061037018952
540;121.42704550309762;540;0;540;0.5127109591967528;540;0.52593567967911137;540;4.1032135990478222;540;4.000061037018952
550;121.50028992584004;550;0;550;0.52491836298715167;550;0.52593567967911137;550;4.1010773033845025;550;4.000061037018952
560;121.42704550309762;560;0;560;0.52491836298715167;560;0.52597522265376062;560;4.0983306375316628;560;4.000061037018952
570;121.42704550309762;570;0;570;0.56154057435834837;570;0.52593567967911137;570;4.12793359172338;570;4.000061037018952
580;121.48808252204964;580;0;580;0.63478499710074154;580;0.52597522265376062;580;4.105044709616382;580;4.000061037018952
590;121.41483809930722;590;0;590;0.65919980468153938;590;0.52597522265376062;590;4.0720847193823051;590;4.000061037018952
600;121.46366771446881;600;0;600;0.62257759331034268;600;0.52597522265376062;600;4.0763573107089455;600;4.000061037018952
610;121.36600848414562;610;0;610;0.56154057435834837;610;0.52593567967911137;610;4.1001617481002226;610;4.000061037018952
620;121.35380108035523;620;0;620;0.598162785729545;620;0.52597522265376062;620;4.1019928586687824;620;4.000061037018952
630;121.45146031067841;630;0;630;0.598162785729545;630;0.52597522265376062;630;4.097109897152623;630;4.000061037018952
640;121.56132694479203;640;0;640;0.62257759331034268;640;0.52597522265376062;640;4.12762840662862;640;4.000061037018952
650;121.30497146519363;650;0;650;0.67140720847193835;650;0.52593567967911137;650;4.1218298898281809;650;4.000061037018952
660;121.28055665761283;660;0;660;0.68361461226233711;660;0.52597522265376062;660;4.0903958250679038;660;4.000061037018952
670;121.45146031067841;670;0;670;0.68361461226233711;670;0.52597522265376062;670;4.0772728659932254;670;4.000061037018952
680;121.40263069551682;680;0;680;0.64699240089114041;680;0.52593567967911137;680;4.0961943418683431;680;4.000061037018952
690;121.29276406140323;690;0;690;0.65919980468153938;690;0.52593567967911137;690;4.0833765678884246;690;4.000061037018952
700;121.32938627277443;700;0;700;0.63478499710074154;700;0.52589613670446189;700;4.080324716940825;700;4.000061037018952
710;121.48808252204964;710;0;710;0.598162785729545;710;0.52589613670446189;710;4.1062654499954219;710;4.000061037018952
720;121.35380108035523;720;0;720;0.68361461226233711;720;0.52593567967911137;720;4.1285439619129;720;4.000061037018952
730;121.37821588793602;730;0;730;0.73244422742393267;730;0.52605430860305957;730;4.1080965605639816;730;4.000061037018952
740;121.47587511825921;740;0;740;0.65919980468153938;740;0.52593567967911137;740;4.0794091616565451;740;4.000061037018952
750;121.42704550309762;750;0;750;0.67140720847193835;750;0.52593567967911137;750;4.1132847071749019;750;4.000061037018952
760;121.26834925382244;760;0;760;0.72023682363353381;760;0.52597522265376062;760;4.1080965605639816;760;4.000061037018952
770;121.30497146519363;770;0;770;0.70802941984313483;770;0.52597522265376062;770;4.0897854548783839;770;4.000061037018952
780;121.51249732963043;780;0;780;0.68361461226233711;780;0.52593567967911137;780;4.0910061952574237;780;4.000061037018952
790;121.46366771446881;790;0;790;0.68361461226233711;790;0.52593567967911137;790;4.1203039643543811;790;4.000061037018952
800;121.28055665761283;800;0;800;0.70802941984313483;800;0.52593567967911137;800;4.1175572985015414;800;4.000061037018952
810;121.37821588793602;810;0;810;0.73244422742393267;810;0.52593567967911137;810;4.0946684163945433;810;4.000061037018952
820;121.57353434858243;820;0;820;0.7568590350047304;820;0.52593567967911137;820;4.112674336985382;820;4.000061037018952
830;121.39042329172642;830;0;830;0.7568590350047304;830;0.52597522265376062;830;4.1105380413220614;830;4.000061037018952
840;121.51249732963043;840;0;840;0.78127384258552812;840;0.52609385157770894;840;4.0845973082674645;840;4.000061037018952
850;121.67119357890562;850;0;850;0.73244422742393267;850;0.52597522265376062;850;4.0720847193823051;850;4.000061037018952
860;121.70781579027681;860;0;860;0.67140720847193835;860;0.52597522265376062;860;4.1007721182897425;860;4.000061037018952
870;121.48808252204964;870;0;870;0.70802941984313483;870;0.52597522265376062;870;4.1035187841425822;870;4.000061037018952
880;121.57353434858243;880;0;880;0.70802941984313483;880;0.52589613670446189;880;4.0907010101626637;880;4.000061037018952
890;121.7688528092288;890;0;890;0.67140720847193835;890;0.52593567967911137;890;4.1026032288583023;890;4.000061037018952
900;121.54911954100163;900;0;900;0.65919980468153938;900;0.52593567967911137;900;4.1224402600177008;900;4.000061037018952
910;121.57353434858243;910;0;910;0.73244422742393267;910;0.52593567967911137;910;4.0986358226264228;910;4.000061037018952
920;121.54911954100163;920;0;920;0.76906643879512937;920;0.52593567967911137;920;4.0745262001403857;920;4.000061037018952
930;121.40263069551682;930;0;930;0.78127384258552812;930;0.52605430860305957;930;4.0928373058259835;930;4.000061037018952
940;121.28055665761283;940;0;940;0.78127384258552812;940;0.52597522265376062;940;4.1087069307535016;940;4.000061037018952
950;121.37821588793602;950;0;950;0.76906643879512937;950;0.52593567967911137;950;4.1007721182897425;950;4.000061037018952
960;121.54911954100163;960;0;960;0.76906643879512937;960;0.52593567967911137;960;4.0925321207312235;960;4.000061037018952
970;121.52470473342083;970;0;970;0.74465163121433142;970;0.52593567967911137;970;4.1230506302072207;970;4.000061037018952
980;121.36600848414562;980;0;980;0.76906643879512937;980;0.52593567967911137;980;4.1038239692373422;980;4.000061037018952
990;121.39042329172642;990;0;990;0.74465163121433142;990;0.52589613670446189;990;4.0745262001403857;990;4.000061037018952
1000;121.59794915616322;1000;0;1000;0.68361461226233711;1000;0.52593567967911137;1000;4.0794091616565451;1000;4.000061037018952
1010;121.52470473342083;1010;0;1010;0.73244422742393267;1010;0.52597522265376062;1010;4.1035187841425822;1010;4.000061037018952
1020;121.35380108035523;1020;0;1020;0.76906643879512937;1020;0.52605430860305957;1020;4.1029084139530623;1020;4.000061037018952
1030;121.39042329172642;1030;0;1030;0.74465163121433142;1030;0.52589613670446189;1030;4.0937528611102634;1030;4.000061037018952
1040;121.48808252204964;1040;0;1040;0.76906643879512937;1040;0.52597522265376062;1040;4.1248817407757805;1040;4.000061037018952
1050;121.31717886898403;1050;0;1050;0.84231086153752255;1050;0.52593567967911137;1050;4.1117587817011021;1050;4.000061037018952
1060;121.41483809930722;1060;0;1060;0.84231086153752255;1060;0.52593567967911137;1060;4.0794091616565451;1060;4.000061037018952
1070;121.50028992584004;1070;0;1070;0.81789605395672471;1070;0.52593567967911137;1070;4.0696432386242254;1070;4.000061037018952
1080;121.46366771446881;1080;0;1080;0.84231086153752255;1080;0.52585659372981242;1080;4.0961943418683431;1080;4.000061037018952
1090;121.24393444624164;1090;0;1090;0.84231086153752255;1090;0.52589613670446189;1090;4.1001617481002226;1090;4.000061037018952
1100;121.23172704245124;1100;0;1100;0.81789605395672471;1100;0.52593567967911137;1100;4.0980254524369029;1100;4.000061037018952
1110;121.56132694479203;1110;0;1110;0.81789605395672471;1110;0.52597522265376062;1110;4.1181676686910613;1110;4.000061037018952
1120;121.37821588793602;1120;0;1120;0.81789605395672471;1120;0.52593567967911137;1120;4.1300698873867;1120;4.000061037018952
1130;121.36600848414562;1130;0;1130;0.78127384258552812;1130;0.52593567967911137;1130;4.1056550798059019;1130;4.000061037018952
1140;121.51249732963043;1140;0;1140;0.73244422742393267;1140;0.52593567967911137;1140;4.0797143467513051;1140;4.000061037018952
1150;121.48808252204964;1150;0;1150;0.78127384258552812;1150;0.52593567967911137;1150;4.1013824884792625;1150;4.000061037018952
1160;121.30497146519363;1160;0;1160;0.83010345774712357;1160;0.52589613670446189;1160;4.0900906399731438;1160;4.000061037018952
1170;121.32938627277443;1170;0;1170;0.80568865016632585;1170;0.52589613670446189;1170;4.080629902035585;1170;4.000061037018952
1180;121.51249732963043;1180;0;1180;0.85451826532792141;1180;0.52593567967911137;1180;4.0919217505417036;1180;4.000061037018952
1190;121.51249732963043;1190;0;1190;0.86672566911832027;1190;0.52593567967911137;1190;4.120914334543901;1190;4.000061037018952
1200;121.28055665761283;1200;0;1200;0.87893307290871914;1200;0.52597522265376062;1200;4.112369151890622;1200;4.000061037018952
1210;121.19510483108004;1210;0;1210;0.90334788048951686;1210;0.52597522265376062;1210;4.0864284188360243;1210;4.000061037018952
1220;121.40263069551682;1220;0;1220;0.90334788048951686;1220;0.52597522265376062;1220;4.1102328562273014;1220;4.000061037018952
1230;121.36600848414562;1230;0;1230;0.84231086153752255;1230;0.52589613670446189;1230;4.1132847071749019;1230;4.000061037018952
1240;121.46366771446881;1240;0;1240;0.87893307290871914;1240;0.52593567967911137;1240;4.0922269356364636;1240;4.000061037018952
1250;121.57353434858243;1250;0;1250;0.9277626880703147;1250;0.52593567967911137;1250;4.080324716940825;1250;4.000061037018952
1260;121.58574175237283;1260;0;1260;0.90334788048951686;1260;0.52593567967911137;1260;4.1068758201849418;1260;4.000061037018952
1270;121.31717886898403;1270;0;1270;0.86672566911832027;1270;0.52597522265376062;1270;4.112674336985382;1270;4.000061037018952
1280;121.32938627277443;1280;0;1280;0.87893307290871914;1280;0.52593567967911137;1280;4.0980254524369029;1280;4.000061037018952
1290;121.47587511825921;1290;0;1290;0.91555528427991573;1290;0.52593567967911137;1290;4.1035187841425822;1290;4.000061037018952
1300;121.29276406140323;1300;0;1300;0.93997009186071356;1300;0.52593567967911137;1300;4.1187780388805812;1300;4.000061037018952
1310;121.26834925382244;1310;0;1310;0.9277626880703147;1310;0.52593567967911137;1310;4.0928373058259835;1310;4.000061037018952
1320;121.47587511825921;1320;0;1320;0.83010345774712357;1320;0.52593567967911137;1320;4.0696432386242254;1320;4.000061037018952
1330;121.59794915616322;1330;0;1330;0.86672566911832027;1330;0.52597522265376062;1330;4.0922269356364636;1330;4.000061037018952
1340;121.46366771446881;1340;0;1340;0.9277626880703147;1340;0.52593567967911137;1340;4.1071810052797018;1340;4.000061037018952
1350;121.54911954100163;1350;0;1350;0.9277626880703147;1350;0.52593567967911137;1350;4.097109897152623;1350;4.000061037018952
1360;121.52470473342083;1360;0;1360;0.87893307290871914;1360;0.52593567967911137;1360;4.0910061952574237;1360;4.000061037018952
1370;121.45146031067841;1370;0;1370;0.85451826532792141;1370;0.52597522265376062;1370;4.1227454451124608;1370;4.000061037018952
1380;121.39042329172642;1380;0;1380;0.93997009186071356;1380;0.52593567967911137;1380;4.1047395245216221;1380;4.000061037018952
1390;121.35380108035523;1390;0;1390;0.93997009186071356;1390;0.52597522265376062;1390;4.0775780510879853;1390;4.000061037018952
1400;121.40263069551682;1400;0;1400;0.87893307290871914;1400;0.52605430860305957;1400;4.0849024933622244;1400;4.000061037018952
1410;121.45146031067841;1410;0;1410;0.91555528427991573;1410;0.52597522265376062;1410;4.1093173009430215;1410;4.000061037018952
1420;121.51249732963043;1420;0;1420;1.0010071108127079;1420;0.52589613670446189;1420;4.1035187841425822;1420;4.000061037018952
1430;121.50028992584004;1430;0;1430;0.91555528427991573;1430;0.52589613670446189;1430;4.0879543443098241;1430;4.000061037018952
1440;121.52470473342083;1440;0;1440;0.85451826532792141;1440;0.52605430860305957;1440;4.1203039643543811;1440;4.000061037018952
1450;121.39042329172642;1450;0;1450;0.96438489944151129;1450;0.52605430860305957;1450;4.1111484115115813;1450;4.000061037018952
1460;121.42704550309762;1460;0;1460;1.0376293221839046;1460;0.52605430860305957;1460;4.0824610126041447;1460;4.000061037018952
1470;121.47587511825921;1470;0;1470;1.0010071108127079;1470;0.52597522265376062;1470;4.0751365703299056;1470;4.000061037018952
1480;121.50028992584004;1480;0;1480;0.96438489944151129;1480;0.52605430860305957;1480;4.1013824884792625;1480;4.000061037018952
1490;121.41483809930722;1490;0;1490;0.95217749565111243;1490;0.52593567967911137;1490;4.1022980437635423;1490;4.000061037018952
1500;121.36600848414562;1500;0;1500;0.95217749565111243;1500;0.52593567967911137;1500;4.0928373058259835;1500;4.000061037018952
1510;121.50028992584004;1510;0;1510;0.95217749565111243;1510;0.52597522265376062;1510;4.1148106326487017;1510;4.000061037018952
1520;121.28055665761283;1520;0;1520;1.0010071108127079;1520;0.52597522265376062;1520;4.1187780388805812;1520;4.000061037018952
1530;121.42704550309762;1530;0;1530;1.0498367259743033;1530;0.52593567967911137;1530;4.0900906399731438;1530;4.000061037018952
1540;121.54911954100163;1540;0;1540;0.97659230323191015;1540;0.52593567967911137;1540;4.0675069429609056;1540;4.000061037018952
1550;121.51249732963043;1550;0;1550;0.93997009186071356;1550;0.52593567967911137;1550;4.0903958250679038;1550;4.000061037018952
1560;121.45146031067841;1560;0;1560;0.95217749565111243;1560;0.52593567967911137;1560;4.1001617481002226;1560;4.000061037018952
1570;121.47587511825921;1570;0;1570;1.0010071108127079;1570;0.52593567967911137;1570;4.1019928586687824;1570;4.000061037018952
1580;121.61015655995362;1580;0;1580;1.0254219183935056;1580;0.52597522265376062;1580;4.1120639667958621;1580;4.000061037018952
1590;121.51249732963043;1590;0;1590;1.0742515335551013;1590;0.52593567967911137;1590;4.13098544267098;1590;4.000061037018952
1600;121.40263069551682;1600;0;1600;1.0742515335551013;1600;0.52589613670446189;1600;4.1013824884792625;1600;4.000061037018952
1610;121.47587511825921;1610;0;1610;1.0742515335551013;1610;0.52593567967911137;1610;4.0678121280556656;1610;4.000061037018952
1620;121.48808252204964;1620;0;1620;1.0498367259743033;1620;0.52597522265376062;1620;4.0842921231727045;1620;4.000061037018952
1630;121.30497146519363;1630;0;1630;1.0376293221839046;1630;0.52597522265376062;1630;4.0907010101626637;1630;4.000061037018952
1640;121.40263069551682;1640;0;1640;1.0742515335551013;1640;0.52597522265376062;1640;4.0870387890255442;1640;4.000061037018952
1650;121.47587511825921;1650;0;1650;1.0742515335551013;1650;0.52593567967911137;1650;4.0910061952574237;1650;4.000061037018952
1660;121.48808252204964;1660;0;1660;1.0376293221839046;1660;0.52605430860305957;1660;4.12579729606006;1660;4.000061037018952
1670;121.20731223487044;1670;0;1670;0.97659230323191015;1670;0.52605430860305957;1670;4.1184728537858213;1670;4.000061037018952
1680;121.29276406140323;1680;0;1680;0.93997009186071356;1680;0.52597522265376062;1680;4.0870387890255442;1680;4.000061037018952
1690;121.58574175237283;1690;0;1690;1.0254219183935056;1690;0.52597522265376062;1690;4.088564714499344;1690;4.000061037018952
1700;121.48808252204964;1700;0;1700;1.1108737449262978;1700;0.52593567967911137;1700;4.1038239692373422;1700;4.000061037018952
1710;121.37821588793602;1710;0;1710;1.1230811487166967;1710;0.52593567967911137;1710;4.0919217505417036;1710;4.000061037018952
1720;121.41483809930722;1720;0;1720;1.0742515335551013;1720;0.52597522265376062;1720;4.0897854548783839;1720;4.000061037018952
1730;121.50028992584004;1730;0;1730;1.098666341135899;1730;0.52597522265376062;1730;4.1154210028382217;1730;4.000061037018952
1740;121.26834925382244;1740;0;1740;1.098666341135899;1740;0.52593567967911137;1740;4.12732322153386;1740;4.000061037018952
1750;121.36600848414562;1750;0;1750;1.098666341135899;1750;0.52593567967911137;1750;4.1154210028382217;1750;4.000061037018952
1760;121.56132694479203;1760;0;1760;1.1474959562974945;1760;0.52593567967911137;1760;4.1001617481002226;1760;4.000061037018952
1770;121.56132694479203;1770;0;1770;1.098666341135899;1770;0.52597522265376062;1770;4.1184728537858213;1770;4.000061037018952
1780;121.36600848414562;1780;0;1780;1.0376293221839046;1780;0.52605430860305957;1780;4.0949736014893032;1780;4.000061037018952
1790;121.31717886898403;1790;0;1790;1.0376293221839046;1790;0.52597522265376062;1790;4.0720847193823051;1790;4.000061037018952
1800;121.40263069551682;1800;0;1800;1.0742515335551013;1800;0.52593567967911137;1800;4.0842921231727045;1800;4.000061037018952
1810;121.45146031067841;1810;0;1810;1.0620441297647023;1810;0.52593567967911137;1810;4.1080965605639816;1810;4.000061037018952
1820;121.54911954100163;1820;0;1820;1.098666341135899;1820;0.52593567967911137;1820;4.1019928586687824;1820;4.000061037018952
1830;121.54911954100163;1830;0;1830;1.0620441297647023;1830;0.52593567967911137;1830;4.0870387890255442;1830;4.000061037018952
1840;121.54911954100163;1840;0;1840;1.098666341135899;1840;0.52597522265376062;1840;4.1203039643543811;1840;4.000061037018952
1850;121.39042329172642;1850;0;1850;1.1474959562974945;1850;0.52597522265376062;1850;4.1135898922696619;1850;4.000061037018952
1860;121.52470473342083;1860;0;1860;1.1230811487166967;1860;0.52593567967911137;1860;4.0879543443098241;1860;4.000061037018952
1870;121.57353434858243;1870;0;1870;1.098666341135899;1870;0.52589613670446189;1870;4.0757469405194255;1870;4.000061037018952
1880;121.41483809930722;1880;0;1880;1.0742515335551013;1880;0.52589613670446189;1880;4.1001617481002226;1880;4.000061037018952
1890;121.42704550309762;1890;0;1890;1.1230811487166967;1890;0.52589613670446189;1890;4.1026032288583023;1890;4.000061037018952
1900;121.47587511825921;1900;0;1900;1.1597033600878932;1900;0.52589613670446189;1900;4.0949736014893032;1900;4.000061037018952
1910;121.63457136753442;1910;0;1910;1.1474959562974945;1910;0.52593567967911137;1910;4.1117587817011021;1910;4.000061037018952
1920;121.48808252204964;1920;0;1920;1.1474959562974945;1920;0.52593567967911137;1920;4.1218298898281809;1920;4.000061037018952
1930;121.57353434858243;1930;0;1930;1.2207403790398876;1930;0.52593567967911137;1930;4.0928373058259835;1930;4.000061037018952
1940;121.48808252204964;1940;0;1940;1.19632557145909;1940;0.52593567967911137;1940;4.0668965727713857;1940;4.000061037018952
1950;121.42704550309762;1950;0;1950;1.1474959562974945;1950;0.52605430860305957;1950;4.0876491592150641;1950;4.000061037018952
1960;121.37821588793602;1960;0;1960;1.098666341135899;1960;0.52593567967911137;1960;4.1004669331949826;1960;4.000061037018952
1970;121.54911954100163;1970;0;1970;1.1230811487166967;1970;0.52589613670446189;1970;4.1032135990478222;1970;4.000061037018952
1980;121.61015655995362;1980;0;1980;1.1719107638782922;1980;0.52593567967911137;1980;4.1077913754692217;1980;4.000061037018952
1990;121.46366771446881;1990;0;1990;1.2085329752494889;1990;0.52589613670446189;1990;4.13129062776574;1990;4.000061037018952
2000;121.28055665761283;2000;0;2000;1.2451551866206854;2000;0.52589613670446189;2000;4.1062654499954219;2000;4.000061037018952
2010;121.39042329172642;2010;0;2010;1.19632557145909;2010;0.52593567967911137;2010;4.0726950895718259;2010;4.000061037018952
2020;121.69560838648641;2020;0;2020;1.1597033600878932;2020;0.52597522265376062;2020;4.0833765678884246;2020;4.000061037018952
2030;121.45146031067841;2030;0;2030;1.19632557145909;2030;0.52597522265376062;2030;4.0919217505417036;2030;4.000061037018952
2040;121.39042329172642;2040;0;2040;1.2085329752494889;2040;0.52589613670446189;2040;4.0842921231727045;2040;4.000061037018952
2050;121.50028992584004;2050;0;2050;1.2329477828302866;2050;0.52589613670446189;2050;4.0864284188360243;2050;4.000061037018952
2060;121.56132694479203;2060;0;2060;1.19632557145909;2060;0.52589613670446189;2060;4.120609149449141;2060;4.000061037018952
2070;121.28055665761283;2070;0;2070;1.1719107638782922;2070;0.52585659372981242;2070;4.1193884090701012;2070;4.000061037018952
2080;121.35380108035523;2080;0;2080;1.2207403790398876;2080;0.52585659372981242;2080;4.0919217505417036;2080;4.000061037018952
2090;121.51249732963043;2090;0;2090;1.2573625904110843;2090;0.52589613670446189;2090;4.088564714499344;2090;4.000061037018952
2100;121.39042329172642;2100;0;2100;1.2451551866206854;2100;0.52589613670446189;2100;4.1108432264168213;2100;4.000061037018952
2110;121.37821588793602;2110;0;2110;1.2207403790398876;2110;0.52589613670446189;2110;4.097109897152623;2110;4.000061037018952
2120;121.46366771446881;2120;0;2120;1.2695699942014831;2120;0.52593567967911137;2120;4.0879543443098241;2120;4.000061037018952
2130;121.57353434858243;2130;0;2130;1.2695699942014831;2130;0.52597522265376062;2130;4.1080965605639816;2130;4.000061037018952
2140;121.40263069551682;2140;0;2140;1.2451551866206854;2140;0.52605430860305957;2140;4.12671285134434;2140;4.000061037018952
2150;121.40263069551682;2150;0;2150;1.2695699942014831;2150;0.52609385157770894;2150;4.1181676686910613;2150;4.000061037018952
2160;121.46366771446881;2160;0;2160;1.3061922055726798;2160;0.52593567967911137;2160;4.0983306375316628;2160;4.000061037018952
2170;121.51249732963043;2170;0;2170;1.3306070131534775;2170;0.52593567967911137;2170;4.1193884090701012;2170;4.000061037018952
2180;121.35380108035523;2180;0;2180;1.3061922055726798;2180;0.52593567967911137;2180;4.0977202673421429;2180;4.000061037018952
2190;121.32938627277443;2190;0;2190;1.3183996093630788;2190;0.52593567967911137;2190;4.0711691640980252;2190;4.000061037018952
2200;121.56132694479203;2200;0;2200;1.3061922055726798;2200;0.52593567967911137;2200;4.0778832361827453;2200;4.000061037018952
2210;121.52470473342083;2210;0;2210;1.3183996093630788;2210;0.52585659372981242;2210;4.1059602649006619;2210;4.000061037018952
2220;121.37821588793602;2220;0;2220;1.2939848017822808;2220;0.52589613670446189;2220;4.1004669331949826;2220;4.000061037018952
2230;121.37821588793602;2230;0;2230;1.2695699942014831;2230;0.52593567967911137;2230;4.0849024933622244;2230;4.000061037018952
2240;121.48808252204964;2240;0;2240;1.2939848017822808;2240;0.52597522265376062;2240;4.1169469283120215;2240;4.000061037018952
2250;121.24393444624164;2250;0;2250;1.2207403790398876;2250;0.52597522265376062;2250;4.112674336985382;2250;4.000061037018952
2260;121.24393444624164;2260;0;2260;1.3061922055726798;2260;0.52593567967911137;2260;4.0858180486465043;2260;4.000061037018952
2270;121.40263069551682;2270;0;2270;1.2939848017822808;2270;0.52589613670446189;2270;4.0745262001403857;2270;4.000061037018952
2280;121.61015655995362;2280;0;2280;1.2451551866206854;2280;0.52593567967911137;2280;4.1007721182897425;2280;4.000061037018952
2290;121.45146031067841;2290;0;2290;1.3306070131534775;2290;0.52597522265376062;2290;4.1038239692373422;2290;4.000061037018952
2300;121.31717886898403;2300;0;2300;1.3183996093630788;2300;0.52585659372981242;2300;4.0937528611102634;2300;4.000061037018952
2310;121.45146031067841;2310;0;2310;1.3428144169438767;2310;0.52585659372981242;2310;4.1111484115115813;2310;4.000061037018952
2320;121.24393444624164;2320;0;2320;1.3428144169438767;2320;0.52593567967911137;2320;4.1221350749229408;2320;4.000061037018952
2330;121.46366771446881;2330;0;2330;1.3794366283150732;2330;0.52597522265376062;2330;4.0943632312997833;2330;4.000061037018952
2340;121.56132694479203;2340;0;2340;1.3794366283150732;2340;0.52589613670446189;2340;4.0693380535294654;2340;4.000061037018952
2350;121.57353434858243;2350;0;2350;1.3306070131534775;2350;0.52585659372981242;2350;4.0897854548783839;2350;4.000061037018952
2360;121.41483809930722;2360;0;2360;1.3061922055726798;2360;0.52589613670446189;2360;4.1007721182897425;2360;4.000061037018952
2370;121.41483809930722;2370;0;2370;1.3183996093630788;2370;0.52593567967911137;2370;4.0998565630054626;2370;4.000061037018952
2380;121.61015655995362;2380;0;2380;1.3306070131534775;2380;0.52593567967911137;2380;4.1035187841425822;2380;4.000061037018952
2390;121.48808252204964;2390;0;2390;1.3306070131534775;2390;0.52597522265376062;2390;4.1285439619129;2390;4.000061037018952
2400;121.35380108035523;2400;0;2400;1.3672292245246742;2400;0.52597522265376062;2400;4.1010773033845025;2400;4.000061037018952
2410;121.37821588793602;2410;0;2410;1.3428144169438767;2410;0.52589613670446189;2410;4.0672017578661457;2410;4.000061037018952
2420;121.57353434858243;2420;0;2420;1.3428144169438767;2420;0.52597522265376062;2420;4.080019531846065;2420;4.000061037018952
2430;121.32938627277443;2430;0;2430;1.4282662434766686;2430;0.52593567967911137;2430;4.0961943418683431;2430;4.000061037018952
2440;121.31717886898403;2440;0;2440;1.4282662434766686;2440;0.52589613670446189;2440;4.0946684163945433;2440;4.000061037018952
2450;121.56132694479203;2450;0;2450;1.3672292245246742;2450;0.52585659372981242;2450;4.0928373058259835;2450;4.000061037018952
2460;121.48808252204964;2460;0;2460;1.4404736472670676;2460;0.52593567967911137;2460;4.12579729606006;2460;4.000061037018952
2470;121.28055665761283;2470;0;2470;1.4404736472670676;2470;0.52593567967911137;2470;4.121219519638661;2470;4.000061037018952
2480;121.45146031067841;2480;0;2480;1.3794366283150732;2480;0.52597522265376062;2480;4.0910061952574237;2480;4.000061037018952
2490;121.63457136753442;2490;0;2490;1.4038514358958709;2490;0.52597522265376062;2490;4.0873439741203041;2490;4.000061037018952
2500;121.50028992584004;2500;0;2500;1.3794366283150732;2500;0.52597522265376062;2500;4.1074861903744617;2500;4.000061037018952
2510;121.45146031067841;2510;0;2510;1.4282662434766686;2510;0.52597522265376062;2510;4.0925321207312235;2510;4.000061037018952
2520;121.52470473342083;2520;0;2520;1.4648884548478653;2520;0.52589613670446189;2520;4.0858180486465043;2520;4.000061037018952
2530;121.51249732963043;2530;0;2530;1.4404736472670676;2530;0.52589613670446189;2530;4.1102328562273014;2530;4.000061037018952
2540;121.42704550309762;2540;0;2540;1.3794366283150732;2540;0.52593567967911137;2540;4.12915433210242;2540;4.000061037018952
2550;121.46366771446881;2550;0;2550;1.4282662434766686;2550;0.52593567967911137;2550;4.1151158177434617;2550;4.000061037018952
2560;121.40263069551682;2560;0;2560;1.5259254737998595;2560;0.52589613670446189;2560;4.0910061952574237;2560;4.000061037018952
2570;121.48808252204964;2570;0;2570;1.5259254737998595;2570;0.52597522265376062;2570;4.1148106326487017;2570;4.000061037018952
2580;121.37821588793602;2580;0;2580;1.4770958586382641;2580;0.52593567967911137;2580;4.0980254524369029;2580;4.000061037018952
2590;121.36600848414562;2590;0;2590;1.4526810510574664;2590;0.52593567967911137;2590;4.0772728659932254;2590;4.000061037018952
2600;121.51249732963043;2600;0;2600;1.4404736472670676;2600;0.52609385157770894;2600;4.0861232337412643;2600;4.000061037018952
2610;121.54911954100163;2610;0;2610;1.4282662434766686;2610;0.52597522265376062;2610;4.1157261879329816;2610;4.000061037018952
2620;121.50028992584004;2620;0;2620;1.4404736472670676;2620;0.52593567967911137;2620;4.1071810052797018;2620;4.000061037018952
2630;121.46366771446881;2630;0;2630;1.4160588396862697;2630;0.52589613670446189;2630;4.0827661976989047;2630;4.000061037018952
2640;121.59794915616322;2640;0;2640;1.4160588396862697;2640;0.52593567967911137;2640;4.1129795220801419;2640;4.000061037018952
2650;121.45146031067841;2650;0;2650;1.4282662434766686;2650;0.52593567967911137;2650;4.1108432264168213;2650;4.000061037018952
2660;121.45146031067841;2660;0;2660;1.5137180700094608;2660;0.52593567967911137;2660;4.0879543443098241;2660;4.000061037018952
2670;121.51249732963043;2670;0;2670;1.5747550889614552;2670;0.52593567967911137;2670;4.080019531846065;2670;4.000061037018952
2680;121.40263069551682;2680;0;2680;1.5259254737998595;2680;0.52597522265376062;2680;4.1093173009430215;2680;4.000061037018952
2690;121.31717886898403;2690;0;2690;1.5137180700094608;2690;0.52593567967911137;2690;4.112369151890622;2690;4.000061037018952
2700;121.47587511825921;2700;0;2700;1.5015106662190618;2700;0.52593567967911137;2700;4.0928373058259835;2700;4.000061037018952
2710;121.67119357890562;2710;0;2710;1.5015106662190618;2710;0.52605430860305957;2710;4.1038239692373422;2710;4.000061037018952
2720;121.45146031067841;2720;0;2720;1.5015106662190618;2720;0.52597522265376062;2720;4.1148106326487017;2720;4.000061037018952
2730;121.48808252204964;2730;0;2730;1.5503402813806573;2730;0.52597522265376062;2730;4.0903958250679038;2730;4.000061037018952
2740;121.41483809930722;2740;0;2740;1.5381328775902587;2740;0.52597522265376062;2740;4.0711691640980252;2740;4.000061037018952
2750;121.37821588793602;2750;0;2750;1.5137180700094608;2750;0.52597522265376062;2750;4.0983306375316628;2750;4.000061037018952
2760;121.21951963866084;2760;0;2760;1.5625476851710562;2760;0.52593567967911137;2760;4.1093173009430215;2760;4.000061037018952
2770;121.41483809930722;2770;0;2770;1.5747550889614552;2770;0.52593567967911137;2770;4.0949736014893032;2770;4.000061037018952
2780;121.70781579027681;2780;0;2780;1.5747550889614552;2780;0.52593567967911137;2780;4.0931424909207434;2780;4.000061037018952
2790;121.59794915616322;2790;0;2790;1.5625476851710562;2790;0.52589613670446189;2790;4.1218298898281809;2790;4.000061037018952
2800;121.47587511825921;2800;0;2800;1.5625476851710562;2800;0.52585659372981242;2800;4.1007721182897425;2800;4.000061037018952
2810;121.57353434858243;2810;0;2810;1.5259254737998595;2810;0.52593567967911137;2810;4.0748313852351457;2810;4.000061037018952
2820;121.69560838648641;2820;0;2820;1.5503402813806573;2820;0.52593567967911137;2820;4.088564714499344;2820;4.000061037018952
2830;121.51249732963043;2830;0;2830;1.5991698965422529;2830;0.52585659372981242;2830;4.112369151890622;2830;4.000061037018952
2840;121.36600848414562;2840;0;2840;1.5747550889614552;2840;0.52593567967911137;2840;4.1038239692373422;2840;4.000061037018952
2850;121.37821588793602;2850;0;2850;1.5503402813806573;2850;0.52593567967911137;2850;4.0864284188360243;2850;4.000061037018952
2860;121.59794915616322;2860;0;2860;1.5625476851710562;2860;0.52593567967911137;2860;4.1196935941648611;2860;4.000061037018952
2870;121.45146031067841;2870;0;2870;1.5503402813806573;2870;0.52597522265376062;2870;4.1056550798059019;2870;4.000061037018952
2880;121.37821588793602;2880;0;2880;1.5381328775902587;2880;0.52593567967911137;2880;4.0778832361827453;2880;4.000061037018952
2890;121.50028992584004;2890;0;2890;1.5991698965422529;2890;0.52593567967911137;2890;4.0778832361827453;2890;4.000061037018952
2900;121.51249732963043;2900;0;2900;1.5747550889614552;2900;0.52597522265376062;2900;4.1071810052797018;2900;4.000061037018952
2910;121.40263069551682;2910;0;2910;1.5625476851710562;2910;0.52597522265376062;2910;4.1038239692373422;2910;4.000061037018952
2920;121.41483809930722;2920;0;2920;1.5991698965422529;2920;0.52597522265376062;2920;4.0873439741203041;2920;4.000061037018952
2930;121.58574175237283;2930;0;2930;1.6357921079134494;2930;0.52597522265376062;2930;4.1148106326487017;2930;4.000061037018952
2940;121.30497146519363;2940;0;2940;1.6235847041230507;2940;0.52589613670446189;2940;4.1157261879329816;2940;4.000061037018952
2950;121.40263069551682;2950;0;2950;1.6113773003326517;2950;0.52585659372981242;2950;4.088259529404584;2950;4.000061037018952
2960;121.63457136753442;2960;0;2960;1.6357921079134494;2960;0.52593567967911137;2960;4.0723899044770659;2960;4.000061037018952
2970;121.59794915616322;2970;0;2970;1.6357921079134494;2970;0.52605430860305957;2970;4.0977202673421429;2970;4.000061037018952
2980;121.39042329172642;2980;0;2980;1.6357921079134494;2980;0.52605430860305957;2980;4.1019928586687824;2980;4.000061037018952
2990;121.48808252204964;2990;0;2990;1.6968291268654438;2990;0.52597522265376062;2990;4.0943632312997833;2990;4.000061037018952
3000;121.69560838648641;3000;0;3000;1.7212439344462416;3000;0.52597522265376062;3000;4.1077913754692217;3000;4.000061037018952
3010;121.39042329172642;3010;0;3010;1.7090365306558428;3010;0.52597522265376062;3010;4.1251869258705405;3010;4.000061037018952
3020;121.26834925382244;3020;0;3020;1.6968291268654438;3020;0.52597522265376062;3020;4.0961943418683431;3020;4.000061037018952
3030;121.29276406140323;3030;0;3030;1.6602069154942471;3030;0.52597522265376062;3030;4.0659810174871058;3030;4.000061037018952
3040;121.40263069551682;3040;0;3040;1.6357921079134494;3040;0.52597522265376062;3040;4.0870387890255442;3040;4.000061037018952
3050;121.21951963866084;3050;0;3050;1.6602069154942471;3050;0.52597522265376062;3050;4.1022980437635423;3050;4.000061037018952
3060;121.41483809930722;3060;0;3060;1.7334513382366405;3060;0.52605430860305957;3060;4.1029084139530623;3060;4.000061037018952
3070;121.70781579027681;3070;0;3070;1.6724143192846461;3070;0.52597522265376062;3070;4.1032135990478222;3070;4.000061037018952
3080;121.63457136753442;3080;0;3080;1.6479995117038484;3080;0.52597522265376062;3080;4.13098544267098;3080;4.000061037018952
3090;121.47587511825921;3090;0;3090;1.7456587420270393;3090;0.52597522265376062;3090;4.1096224860377815;3090;4.000061037018952
3100;121.50028992584004;3100;0;3100;1.794488357188635;3100;0.52597522265376062;3100;4.0751365703299056;3100;4.000061037018952
3110;121.52470473342083;3110;0;3110;1.7578661458174383;3110;0.52605430860305957;3110;4.0818506424146248;3110;4.000061037018952
3120;121.29276406140323;3120;0;3120;1.7700735496078372;3120;0.52593567967911137;3120;4.0937528611102634;3120;4.000061037018952
3130;121.40263069551682;3130;0;3130;1.8066957609790337;3130;0.52589613670446189;3130;4.0849024933622244;3130;4.000061037018952
3140;121.50028992584004;3140;0;3140;1.7578661458174383;3140;0.52593567967911137;3140;4.0855128635517444;3140;4.000061037018952
3150;121.45146031067841;3150;0;3150;1.7578661458174383;3150;0.52605430860305957;3150;4.120609149449141;3150;4.000061037018952
3160;121.26834925382244;3160;0;3160;1.7334513382366405;3160;0.52605430860305957;3160;4.1254921109653;3160;4.000061037018952
3170;121.47587511825921;3170;0;3170;1.7212439344462416;3170;0.52605430860305957;3170;4.0980254524369029;3170;4.000061037018952
3180;121.58574175237283;3180;0;3180;1.7456587420270393;3180;0.52597522265376062;3180;4.0870387890255442;3180;4.000061037018952
3190;121.39042329172642;3190;0;3190;1.794488357188635;3190;0.52593567967911137;3190;4.1163365581225015;3190;4.000061037018952
3200;121.36600848414562;3200;0;3200;1.7700735496078372;3200;0.52597522265376062;3200;4.1032135990478222;3200;4.000061037018952
3210;121.46366771446881;3210;0;3210;1.7334513382366405;3210;0.52593567967911137;3210;4.0864284188360243;3210;4.000061037018952
3220;121.50028992584004;3220;0;3220;1.7212439344462416;3220;0.52593567967911137;3220;4.1026032288583023;3220;4.000061037018952
3230;121.41483809930722;3230;0;3230;1.7334513382366405;3230;0.52589613670446189;3230;4.12579729606006;3230;4.000061037018952
3240;121.45146031067841;3240;0;3240;1.7212439344462416;3240;0.52593567967911137;3240;4.1163365581225015;3240;4.000061037018952
3250;121.61015655995362;3250;0;3250;1.7212439344462416;3250;0.52593567967911137;3250;4.0919217505417036;3250;4.000061037018952
3260;121.63457136753442;3260;0;3260;1.794488357188635;3260;0.52593567967911137;3260;4.1154210028382217;3260;4.000061037018952
3270;121.41483809930722;3270;0;3270;1.794488357188635;3270;0.52593567967911137;3270;4.0995513779107027;3270;4.000061037018952
3280;121.42704550309762;3280;0;3280;1.7212439344462416;3280;0.52589613670446189;3280;4.0763573107089455;3280;4.000061037018952
3290;121.48808252204964;3290;0;3290;1.7212439344462416;3290;0.52589613670446189;3290;4.0809350871303449;3290;4.000061037018952
3300;121.45146031067841;3300;0;3300;1.7456587420270393;3300;0.52593567967911137;3300;4.1105380413220614;3300;4.000061037018952
3310;121.30497146519363;3310;0;3310;1.7700735496078372;3310;0.52593567967911137;3310;4.1022980437635423;3310;4.000061037018952
3320;121.35380108035523;3320;0;3320;1.8189031647694327;3320;0.52597522265376062;3320;4.0809350871303449;3320;4.000061037018952
3330;121.46366771446881;3330;0;3330;1.8433179723502304;3330;0.52605430860305957;3330;4.1099276711325414;3330;4.000061037018952
3340;121.19510483108004;3340;0;3340;1.8311105685598315;3340;0.52597522265376062;3340;4.112674336985382;3340;4.000061037018952
3350;121.31717886898403;3350;0;3350;1.8189031647694327;3350;0.52605430860305957;3350;4.0910061952574237;3350;4.000061037018952
3360;121.42704550309762;3360;0;3360;1.7700735496078372;3360;0.52593567967911137;3360;4.0797143467513051;3360;4.000061037018952
3370;121.50028992584004;3370;0;3370;1.8066957609790337;3370;0.52589613670446189;3370;4.1080965605639816;3370;4.000061037018952
3380;121.36600848414562;3380;0;3380;1.8433179723502304;3380;0.52593567967911137;3380;4.1117587817011021;3380;4.000061037018952
3390;121.35380108035523;3390;0;3390;1.8311105685598315;3390;0.52593567967911137;3390;4.0931424909207434;3390;4.000061037018952
3400;121.63457136753442;3400;0;3400;1.8677327799310282;3400;0.52589613670446189;3400;4.1007721182897425;3400;4.000061037018952
3410;121.48808252204964;3410;0;3410;1.8921475875118259;3410;0.52593567967911137;3410;4.1181676686910613;3410;4.000061037018952
3420;121.42704550309762;3420;0;3420;1.8921475875118259;3420;0.52597522265376062;3420;4.0949736014893032;3420;4.000061037018952
3430;121.48808252204964;3430;0;3430;1.9043549913022249;3430;0.52593567967911137;3430;4.0730002746665859;3430;4.000061037018952
3440;121.45146031067841;3440;0;3440;1.9043549913022249;3440;0.52593567967911137;3440;4.0961943418683431;3440;4.000061037018952
3450;121.19510483108004;3450;0;3450;1.8921475875118259;3450;0.52597522265376062;3450;4.1105380413220614;3450;4.000061037018952
3460;121.40263069551682;3460;0;3460;1.8677327799310282;3460;0.52597522265376062;3460;4.0983306375316628;3460;4.000061037018952
3470;121.57353434858243;3470;0;3470;1.8921475875118259;3470;0.52593567967911137;3470;4.0910061952574237;3470;4.000061037018952
3480;121.46366771446881;3480;0;3480;1.9165623950926236;3480;0.52593567967911137;3480;4.1224402600177008;3480;4.000061037018952
3490;121.37821588793602;3490;0;3490;1.8921475875118259;3490;0.52597522265376062;3490;4.1032135990478222;3490;4.000061037018952
3500;121.52470473342083;3500;0;3500;1.9287697988830226;3500;0.52593567967911137;3500;4.0754417554246656;3500;4.000061037018952
3510;121.63457136753442;3510;0;3510;2.06305124057741;3510;0.52593567967911137;3510;4.0845973082674645;3510;4.000061037018952
3520;121.46366771446881;3520;0;3520;2.0264290292062137;3520;0.52593567967911137;3520;4.1108432264168213;3520;4.000061037018952
3530;121.42704550309762;3530;0;3530;1.9165623950926236;3530;0.52597522265376062;3530;4.1047395245216221;3530;4.000061037018952
3540;121.39042329172642;3540;0;3540;1.8677327799310282;3540;0.52597522265376062;3540;4.0870387890255442;3540;4.000061037018952
3550;121.52470473342083;3550;0;3550;1.9287697988830226;3550;0.52597522265376062;3550;4.120609149449141;3550;4.000061037018952
3560;121.32938627277443;3560;0;3560;1.9653920102542193;3560;0.52597522265376062;3560;4.1105380413220614;3560;4.000061037018952
3570;121.31717886898403;3570;0;3570;1.9653920102542193;3570;0.52593567967911137;3570;4.0818506424146248;3570;4.000061037018952
3580;121.48808252204964;3580;0;3580;1.989806817835017;3580;0.52597522265376062;3580;4.0739158299508658;3580;4.000061037018952
3590;121.51249732963043;3590;0;3590;1.989806817835017;3590;0.52597522265376062;3590;4.1007721182897425;3590;4.000061037018952
3600;121.47587511825921;3600;0;3600;2.0020142216254158;3600;0.52605430860305957;3600;4.1026032288583023;3600;4.000061037018952
3610;121.50028992584004;3610;0;3610;2.0020142216254158;3610;0.52597522265376062;3610;4.0928373058259835;3610;4.000061037018952
3620;121.56132694479203;3620;0;3620;2.0020142216254158;3620;0.52589613670446189;3620;4.1160313730277416;3620;4.000061037018952
3630;121.23172704245124;3630;0;3630;2.0020142216254158;3630;0.52585659372981242;3630;4.1184728537858213;3630;4.000061037018952
3640;121.40263069551682;3640;0;3640;2.0020142216254158;3640;0.52593567967911137;3640;4.0879543443098241;3640;4.000061037018952
3650;121.63457136753442;3650;0;3650;1.9531846064638203;3650;0.52593567967911137;3650;4.0659810174871058;3650;4.000061037018952
3660;121.51249732963043;3660;0;3660;2.0142216254158147;3660;0.52593567967911137;3660;4.0910061952574237;3660;4.000061037018952
3670;121.29276406140323;3670;0;3670;2.0020142216254158;3670;0.52589613670446189;3670;4.0986358226264228;3670;4.000061037018952
3680;121.47587511825921;3680;0;3680;2.0264290292062137;3680;0.52589613670446189;3680;4.0992461928159427;3680;4.000061037018952
3690;121.68340098269601;3690;0;3690;2.0996734519486067;3690;0.52593567967911137;3690;4.1102328562273014;3690;4.000061037018952
3700;121.51249732963043;3700;0;3700;2.0386364329966122;3700;0.52597522265376062;3700;4.13220618305002;3700;4.000061037018952
3710;121.32938627277443;3710;0;3710;2.0264290292062137;3710;0.52597522265376062;3710;4.1056550798059019;3710;4.000061037018952
3720;121.41483809930722;3720;0;3720;2.0264290292062137;3720;0.52593567967911137;3720;4.0714743491927852;3720;4.000061037018952
3730;121.67119357890562;3730;0;3730;2.0386364329966122;3730;0.52593567967911137;3730;4.088564714499344;3730;4.000061037018952
3740;121.32938627277443;3740;0;3740;2.0142216254158147;3740;0.52589613670446189;3740;4.088869899594104;3740;4.000061037018952
3750;121.36600848414562;3750;0;3750;1.989806817835017;3750;0.52593567967911137;3750;4.0812402722251049;3750;4.000061037018952
3760;121.52470473342083;3760;0;3760;2.0142216254158147;3760;0.52589613670446189;3760;4.0864284188360243;3760;4.000061037018952
3770;121.48808252204964;3770;0;3770;2.1118808557390056;3770;0.52593567967911137;3770;4.1196935941648611;3770;4.000061037018952
3780;121.32938627277443;3780;0;3780;2.1118808557390056;3780;0.52597522265376062;3780;4.1160313730277416;3780;4.000061037018952
3790;121.39042329172642;3790;0;3790;2.0386364329966122;3790;0.52593567967911137;3790;4.0903958250679038;3790;4.000061037018952
3800;121.59794915616322;3800;0;3800;2.0752586443678092;3800;0.52597522265376062;3800;4.0992461928159427;3800;4.000061037018952
3810;121.45146031067841;3810;0;3810;2.1118808557390056;3810;0.52605430860305957;3810;4.1184728537858213;3810;4.000061037018952
3820;121.40263069551682;3820;0;3820;2.0996734519486067;3820;0.52597522265376062;3820;4.0986358226264228;3820;4.000061037018952
3830;121.52470473342083;3830;0;3830;2.1240882595294046;3830;0.52589613670446189;3830;4.0821558275093848;3830;4.000061037018952
3840;121.56132694479203;3840;0;3840;2.1240882595294046;3840;0.52593567967911137;3840;4.1038239692373422;3840;4.000061037018952
3850;121.35380108035523;3850;0;3850;2.1362956633198036;3850;0.52589613670446189;3850;4.1175572985015414;3850;4.000061037018952
3860;121.48808252204964;3860;0;3860;2.1362956633198036;3860;0.52589613670446189;3860;4.105349894711142;3860;4.000061037018952
3870;121.63457136753442;3870;0;3870;2.0996734519486067;3870;0.52593567967911137;3870;4.0946684163945433;3870;4.000061037018952
3880;121.51249732963043;3880;0;3880;2.0996734519486067;3880;0.52589613670446189;3880;4.1199987792596211;3880;4.000061037018952
3890;121.37821588793602;3890;0;3890;2.1240882595294046;3890;0.52589613670446189;3890;4.0986358226264228;3890;4.000061037018952
3900;121.46366771446881;3900;0;3900;2.1118808557390056;3900;0.52589613670446189;3900;4.0726950895718259;3900;4.000061037018952
3910;121.64677877132482;3910;0;3910;2.0752586443678092;3910;0.52593567967911137;3910;4.0842921231727045;3910;4.000061037018952
3920;121.59794915616322;3920;0;3920;2.1485030671102026;3920;0.52593567967911137;3920;4.1093173009430215;3920;4.000061037018952
3930;121.54911954100163;3930;0;3930;2.1485030671102026;3930;0.52593567967911137;3930;4.1022980437635423;3930;4.000061037018952
3940;121.58574175237283;3940;0;3940;2.0752586443678092;3940;0.52589613670446189;3940;4.0870387890255442;3940;4.000061037018952
3950;121.58574175237283;3950;0;3950;2.1362956633198036;3950;0.52593567967911137;3950;4.1221350749229408;3950;4.000061037018952
3960;121.24393444624164;3960;0;3960;2.1485030671102026;3960;0.52589613670446189;3960;4.1108432264168213;3960;4.000061037018952
3970;121.28055665761283;3970;0;3970;2.1607104709006011;3970;0.52589613670446189;3970;4.0809350871303449;3970;4.000061037018952
3980;121.46366771446881;3980;0;3980;2.1607104709006011;3980;0.52593567967911137;3980;4.0751365703299056;3980;4.000061037018952
3990;121.50028992584004;3990;0;3990;2.172917874691;3990;0.52593567967911137;3990;4.1013824884792625;3990;4.000061037018952
4000;121.37821588793602;4000;0;4000;2.2095400860621965;4000;0.52593567967911137;4000;4.1019928586687824;4000;4.000061037018952
4010;121.40263069551682;4010;0;4010;2.1607104709006011;4010;0.52593567967911137;4010;4.0925321207312235;4010;4.000061037018952
4020;121.67119357890562;4020;0;4020;2.1607104709006011;4020;0.52605430860305957;4020;4.1172521134067814;4020;4.000061037018952
4030;121.39042329172642;4030;0;4030;2.197332682271798;4030;0.52593567967911137;4030;4.120609149449141;4030;4.000061037018952
4040;121.36600848414562;4040;0;4040;2.172917874691;4040;0.52597522265376062;4040;4.0910061952574237;4040;4.000061037018952
4050;121.45146031067841;4050;0;4050;2.2095400860621965;4050;0.52597522265376062;4050;4.0684224982451855;4050;4.000061037018952
4060;121.57353434858243;4060;0;4060;2.2461622974333935;4060;0.52593567967911137;4060;4.0922269356364636;4060;4.000061037018952
4070;121.52470473342083;4070;0;4070;2.2583697012237924;4070;0.52593567967911137;4070;4.0998565630054626;4070;4.000061037018952
4080;121.36600848414562;4080;0;4080;2.2583697012237924;4080;0.52589613670446189;4080;4.1013824884792625;4080;4.000061037018952
4090;121.40263069551682;4090;0;4090;2.2339548936429945;4090;0.52589613670446189;4090;4.1093173009430215;4090;4.000061037018952
4100;121.39042329172642;4100;0;4100;2.2339548936429945;4100;0.52593567967911137;4100;4.1334269234290595;4100;4.000061037018952
4110;121.30497146519363;4110;0;4110;2.2095400860621965;4110;0.52593567967911137;4110;4.1071810052797018;4110;4.000061037018952
4120;121.29276406140323;4120;0;4120;2.2095400860621965;4120;0.52593567967911137;4120;4.0739158299508658;4120;4.000061037018952
4130;121.40263069551682;4130;0;4130;2.2339548936429945;4130;0.52593567967911137;4130;4.0873439741203041;4130;4.000061037018952
4140;121.39042329172642;4140;0;4140;2.172917874691;4140;0.52593567967911137;4140;4.0922269356364636;4140;4.000061037018952
4150;121.48808252204964;4150;0;4150;2.172917874691;4150;0.52597522265376062;4150;4.0827661976989047;4150;4.000061037018952
4160;121.46366771446881;4160;0;4160;2.2339548936429945;4160;0.52589613670446189;4160;4.0836817529831846;4160;4.000061037018952
4170;121.45146031067841;4170;0;4170;2.270577105014191;4170;0.52589613670446189;4170;4.1172521134067814;4170;4.000061037018952
4180;121.31717886898403;4180;0;4180;2.2461622974333935;4180;0.52593567967911137;4180;4.1175572985015414;4180;4.000061037018952
4190;121.42704550309762;4190;0;4190;2.3071993163853879;4190;0.52593567967911137;4190;4.0934476760155034;4190;4.000061037018952
4200;121.63457136753442;4200;0;4200;2.3438215277565844;4200;0.52589613670446189;4200;4.0946684163945433;4200;4.000061037018952
4210;121.50028992584004;4210;0;4210;2.3438215277565844;4210;0.52585659372981242;4210;4.1187780388805812;4210;4.000061037018952
4220;121.47587511825921;4220;0;4220;2.3438215277565844;4220;0.52589613670446189;4220;4.1007721182897425;4220;4.000061037018952
4230;121.37821588793602;4230;0;4230;2.270577105014191;4230;0.52593567967911137;4230;4.0830713827936647;4230;4.000061037018952
4240;121.48808252204964;4240;0;4240;2.2217474898525955;4240;0.52605430860305957;4240;4.1013824884792625;4240;4.000061037018952
4250;121.32938627277443;4250;0;4250;2.197332682271798;4250;0.52597522265376062;4250;4.120609149449141;4250;4.000061037018952
4260;121.26834925382244;4260;0;4260;2.2583697012237924;4260;0.52593567967911137;4260;4.1117587817011021;4260;4.000061037018952
4270;121.46366771446881;4270;0;4270;2.3071993163853879;4270;0.52589613670446189;4270;4.0946684163945433;4270;4.000061037018952
4280;121.52470473342083;4280;0;4280;2.2949919125949889;4280;0.52589613670446189;4280;4.120914334543901;4280;4.000061037018952
4290;121.46366771446881;4290;0;4290;2.3194067201757864;4290;0.52593567967911137;4290;4.1022980437635423;4290;4.000061037018952
4300;121.42704550309762;4300;0;4300;2.3682363353373823;4300;0.52593567967911137;4300;4.0754417554246656;4300;4.000061037018952
4310;121.57353434858243;4310;0;4310;2.3438215277565844;4310;0.52589613670446189;4310;4.0812402722251049;4310;4.000061037018952
4320;121.42704550309762;4320;0;4320;2.270577105014191;4320;0.52589613670446189;4320;4.1077913754692217;4320;4.000061037018952
4330;121.32938627277443;4330;0;4330;2.3194067201757864;4330;0.52589613670446189;4330;4.1013824884792625;4330;4.000061037018952
4340;121.48808252204964;4340;0;4340;2.3560289315469833;4340;0.52585659372981242;4340;4.0855128635517444;4340;4.000061037018952
4350;121.57353434858243;4350;0;4350;2.3560289315469833;4350;0.52593567967911137;4350;4.1178624835963014;4350;4.000061037018952
4360;121.39042329172642;4360;0;4360;2.3560289315469833;4360;0.52597522265376062;4360;4.1132847071749019;4360;4.000061037018952
4370;121.56132694479203;4370;0;4370;2.3316141239661854;4370;0.52593567967911137;4370;4.0855128635517444;4370;4.000061037018952
4380;121.63457136753442;4380;0;4380;2.3316141239661854;4380;0.52593567967911137;4380;4.0736106448561058;4380;4.000061037018952
4390;121.47587511825921;4390;0;4390;2.3438215277565844;4390;0.52593567967911137;4390;4.0983306375316628;4390;4.000061037018952
4400;121.32938627277443;4400;0;4400;2.3560289315469833;4400;0.52589613670446189;4400;4.1022980437635423;4400;4.000061037018952
4410;121.36600848414562;4410;0;4410;2.3560289315469833;4410;0.52589613670446189;4410;4.0977202673421429;4410;4.000061037018952
4420;121.54911954100163;4420;0;4420;2.3682363353373823;4420;0.52593567967911137;4420;4.1160313730277416;4420;4.000061037018952
4430;121.32938627277443;4430;0;4430;2.3560289315469833;4430;0.52593567967911137;4430;4.1227454451124608;4430;4.000061037018952
4440;121.32938627277443;4440;0;4440;2.3560289315469833;4440;0.52589613670446189;4440;4.0922269356364636;4440;4.000061037018952
4450;121.57353434858243;4450;0;4450;2.4170659504989778;4450;0.52589613670446189;4450;4.0656758323923459;4450;4.000061037018952
4460;121.59794915616322;4460;0;4460;2.4170659504989778;4460;0.52605430860305957;4460;4.088259529404584;4460;4.000061037018952
4470;121.36600848414562;4470;0;4470;2.3682363353373823;4470;0.52597522265376062;4470;4.097109897152623;4470;4.000061037018952
4480;121.50028992584004;4480;0;4480;2.3560289315469833;4480;0.52585659372981242;4480;4.0998565630054626;4480;4.000061037018952
4490;121.59794915616322;4490;0;4490;2.39265114291818;4490;0.52589613670446189;4490;4.1059602649006619;4490;4.000061037018952
4500;121.51249732963043;4500;0;4500;2.39265114291818;4500;0.52593567967911137;4500;4.13068025757622;4500;4.000061037018952
4510;121.42704550309762;4510;0;4510;2.39265114291818;4510;0.52589613670446189;4510;4.112674336985382;4510;4.000061037018952
4520;121.37821588793602;4520;0;4520;2.3682363353373823;4520;0.52589613670446189;4520;4.0821558275093848;4520;4.000061037018952
4530;121.48808252204964;4530;0;4530;2.4170659504989778;4530;0.52593567967911137;4530;4.0974150822473829;4530;4.000061037018952
4540;121.36600848414562;4540;0;4540;2.4536881618701742;4540;0.52589613670446189;4540;4.1013824884792625;4540;4.000061037018952
4550;121.47587511825921;4550;0;4550;2.4903103732413707;4550;0.52589613670446189;4550;4.0873439741203041;4550;4.000061037018952
4560;121.54911954100163;4560;0;4560;2.4658955656605732;4560;0.52585659372981242;4560;4.0833765678884246;4560;4.000061037018952
4570;121.48808252204964;4570;0;4570;2.4170659504989778;4570;0.52593567967911137;4570;4.1120639667958621;4570;4.000061037018952
4580;121.39042329172642;4580;0;4580;2.3682363353373823;4580;0.52593567967911137;4580;4.1154210028382217;4580;4.000061037018952
4590;121.46366771446881;4590;0;4590;2.4292733542893763;4590;0.52589613670446189;4590;4.0995513779107027;4590;4.000061037018952
4600;121.59794915616322;4600;0;4600;2.4903103732413707;4600;0.52589613670446189;4600;4.1019928586687824;4600;4.000061037018952
4610;121.50028992584004;4610;0;4610;2.4903103732413707;4610;0.52593567967911137;4610;4.1199987792596211;4610;4.000061037018952
4620;121.51249732963043;4620;0;4620;2.5147251808221687;4620;0.52593567967911137;4620;4.0961943418683431;4620;4.000061037018952
4630;121.63457136753442;4630;0;4630;2.5025177770317697;4630;0.52585659372981242;4630;4.0748313852351457;4630;4.000061037018952
4640;121.61015655995362;4640;0;4640;2.5269325846125672;4640;0.52589613670446189;4640;4.0931424909207434;4640;4.000061037018952
4650;121.31717886898403;4650;0;4650;2.5391399884029662;4650;0.52589613670446189;4650;4.1105380413220614;4650;4.000061037018952
4660;121.35380108035523;4660;0;4660;2.5391399884029662;4660;0.52589613670446189;4660;4.1022980437635423;4660;4.000061037018952
4670;121.51249732963043;4670;0;4670;2.5025177770317697;4670;0.52589613670446189;4670;4.0922269356364636;4670;4.000061037018952
4680;121.59794915616322;4680;0;4680;2.5147251808221687;4680;0.52593567967911137;4680;4.1233558153019807;4680;4.000061037018952
4690;121.48808252204964;4690;0;4690;2.4903103732413707;4690;0.52597522265376062;4690;4.1044343394268621;4690;4.000061037018952
4700;121.54911954100163;4700;0;4700;2.4414807580797753;4700;0.52593567967911137;4700;4.0754417554246656;4700;4.000061037018952
4710;121.57353434858243;4710;0;4710;2.5513473921933656;4710;0.52589613670446189;4710;4.0794091616565451;4710;4.000061037018952
4720;121.32938627277443;4720;0;4720;2.5513473921933656;4720;0.52589613670446189;4720;4.1035187841425822;4720;4.000061037018952
4730;121.41483809930722;4730;0;4730;2.5269325846125672;4730;0.52593567967911137;4730;4.1022980437635423;4730;4.000061037018952
4740;121.54911954100163;4740;0;4740;2.5269325846125672;4740;0.52589613670446189;4740;4.0928373058259835;4740;4.000061037018952
4750;121.61015655995362;4750;0;4750;2.5147251808221687;4750;0.52593567967911137;4750;4.1230506302072207;4750;4.000061037018952
4760;121.31717886898403;4760;0;4760;2.5147251808221687;4760;0.52589613670446189;4760;4.112369151890622;4760;4.000061037018952
4770;121.42704550309762;4770;0;4770;2.5635547959837641;4770;0.52593567967911137;4770;4.0809350871303449;4770;4.000061037018952
4780;121.58574175237283;4780;0;4780;2.6367992187261575;4780;0.52597522265376062;4780;4.0687276833399455;4780;4.000061037018952
4790;121.61015655995362;4790;0;4790;2.6367992187261575;4790;0.52589613670446189;4790;4.0943632312997833;4790;4.000061037018952
4800;121.50028992584004;4800;0;4800;2.5513473921933656;4800;0.52585659372981242;4800;4.0992461928159427;4800;4.000061037018952
4810;121.40263069551682;4810;0;4810;2.5025177770317697;4810;0.52589613670446189;4810;4.0986358226264228;4810;4.000061037018952
4820;121.45146031067841;4820;0;4820;2.5147251808221687;4820;0.52589613670446189;4820;4.1175572985015414;4820;4.000061037018952
4830;121.28055665761283;4830;0;4830;2.5269325846125672;4830;0.52585659372981242;4830;4.12945951719718;4830;4.000061037018952
4840;121.32938627277443;4840;0;4840;2.5391399884029662;4840;0.52589613670446189;4840;4.1035187841425822;4840;4.000061037018952
4850;121.47587511825921;4850;0;4850;2.5635547959837641;4850;0.52593567967911137;4850;4.0754417554246656;4850;4.000061037018952
4860;121.47587511825921;4860;0;4860;2.5513473921933656;4860;0.52589613670446189;4860;4.0955839716788232;4860;4.000061037018952
4870;121.29276406140323;4870;0;4870;2.5147251808221687;4870;0.52593567967911137;4870;4.0870387890255442;4870;4.000061037018952
4880;121.47587511825921;4880;0;4880;2.5513473921933656;4880;0.52597522265376062;4880;4.0809350871303449;4880;4.000061037018952
4890;121.61015655995362;4890;0;4890;2.5635547959837641;4890;0.52597522265376062;4890;4.0925321207312235;4890;4.000061037018952
4900;121.50028992584004;4900;0;4900;2.6245918149357581;4900;0.52597522265376062;4900;4.1221350749229408;4900;4.000061037018952
4910;121.30497146519363;4910;0;4910;2.6367992187261575;4910;0.52593567967911137;4910;4.112674336985382;4910;4.000061037018952
4920;121.28055665761283;4920;0;4920;2.5635547959837641;4920;0.52589613670446189;4920;4.0870387890255442;4920;4.000061037018952
4930;121.51249732963043;4930;0;4930;2.5391399884029662;4930;0.52593567967911137;4930;4.1093173009430215;4930;4.000061037018952
4940;121.46366771446881;4940;0;4940;2.6245918149357581;4940;0.52593567967911137;4940;4.1154210028382217;4940;4.000061037018952
4950;121.59794915616322;4950;0;4950;2.6856288338877534;4950;0.52589613670446189;4950;4.0937528611102634;4950;4.000061037018952
4960;121.61015655995362;4960;0;4960;2.6123844111453596;4960;0.52585659372981242;4960;4.080629902035585;4960;4.000061037018952
4970;121.54911954100163;4970;0;4970;2.6001770073549606;4970;0.52593567967911137;4970;4.1068758201849418;4970;4.000061037018952
4980;121.30497146519363;4980;0;4980;2.5879696035645616;4980;0.52593567967911137;4980;4.1120639667958621;4980;4.000061037018952
4990;121.26834925382244;4990;0;4990;2.6001770073549606;4990;0.52589613670446189;4990;4.0977202673421429;4990;4.000061037018952
5000;121.45146031067841;5000;0;5000;2.6367992187261575;5000;0.52593567967911137;5000;4.1029084139530623;5000;4.000061037018952
5010;121.31717886898403;5010;0;5010;2.661214026306955;5010;0.52593567967911137;5010;4.120609149449141;5010;4.000061037018952
5020;121.36600848414562;5020;0;5020;2.6978362376781519;5020;0.52597522265376062;5020;4.0955839716788232;5020;4.000061037018952
5030;121.54911954100163;5030;0;5030;2.6856288338877534;5030;0.52593567967911137;5030;4.0726950895718259;5030;4.000061037018952
5040;121.57353434858243;5040;0;5040;2.6856288338877534;5040;0.52589613670446189;5040;4.0910061952574237;5040;4.000061037018952
5050;121.30497146519363;5050;0;5050;2.6978362376781519;5050;0.52593567967911137;5050;4.1068758201849418;5050;4.000061037018952
5060;121.39042329172642;5060;0;5060;2.661214026306955;5060;0.52593567967911137;5060;4.1001617481002226;5060;4.000061037018952
5070;121.51249732963043;5070;0;5070;2.6123844111453596;5070;0.52593567967911137;5070;4.0931424909207434;5070;4.000061037018952
5080;121.54911954100163;5080;0;5080;2.6856288338877534;5080;0.52589613670446189;5080;4.1236610003967407;5080;4.000061037018952
5090;121.50028992584004;5090;0;5090;2.7100436414685505;5090;0.52589613670446189;5090;4.1044343394268621;5090;4.000061037018952
5100;121.48808252204964;5100;0;5100;2.6245918149357581;5100;0.52593567967911137;5100;4.0739158299508658;5100;4.000061037018952
5110;121.54911954100163;5110;0;5110;2.661214026306955;5110;0.52597522265376062;5110;4.0778832361827453;5110;4.000061037018952
5120;121.45146031067841;5120;0;5120;2.661214026306955;5120;0.52597522265376062;5120;4.1022980437635423;5120;4.000061037018952
5130;121.39042329172642;5130;0;5130;2.6367992187261575;5130;0.52593567967911137;5130;4.1038239692373422;5130;4.000061037018952
5140;121.40263069551682;5140;0;5140;2.6490066225165565;5140;0.52589613670446189;5140;4.096804712057863;5140;4.000061037018952
5150;121.39042329172642;5150;0;5150;2.661214026306955;5150;0.52593567967911137;5150;4.12671285134434;5150;4.000061037018952
5160;121.20731223487044;5160;0;5160;2.7100436414685505;5160;0.52589613670446189;5160;4.1145054475539418;5160;4.000061037018952
5170;121.32938627277443;5170;0;5170;2.7954954680013429;5170;0.52589613670446189;5170;4.0809350871303449;5170;4.000061037018952
5180;121.51249732963043;5180;0;5180;2.7954954680013429;5180;0.52589613670446189;5180;4.0702536088137453;5180;4.000061037018952
5190;121.54911954100163;5190;0;5190;2.7588732566301464;5190;0.52593567967911137;5190;4.0934476760155034;5190;4.000061037018952
5200;121.46366771446881;5200;0;5200;2.7344584490493484;5200;0.52593567967911137;5200;4.0925321207312235;5200;4.000061037018952
5210;121.52470473342083;5210;0;5210;2.7344584490493484;5210;0.52585659372981242;5210;4.0922269356364636;5210;4.000061037018952
5220;121.67119357890562;5220;0;5220;2.7588732566301464;5220;0.52593567967911137;5220;4.112674336985382;5220;4.000061037018952
5230;121.40263069551682;5230;0;5230;2.8321176793725393;5230;0.52593567967911137;5230;4.12945951719718;5230;4.000061037018952
5240;121.26834925382244;5240;0;5240;2.8077028717917418;5240;0.52593567967911137;5240;4.1074861903744617;5240;4.000061037018952
5250;121.36600848414562;5250;0;5250;2.7588732566301464;5250;0.52589613670446189;5250;4.0809350871303449;5250;4.000061037018952
5260;121.56132694479203;5260;0;5260;2.7710806604205449;5260;0.52593567967911137;5260;4.1068758201849418;5260;4.000061037018952
5270;121.45146031067841;5270;0;5270;2.7588732566301464;5270;0.52589613670446189;5270;4.096804712057863;5270;4.000061037018952
5280;121.40263069551682;5280;0;5280;2.7954954680013429;5280;0.52593567967911137;5280;4.0842921231727045;5280;4.000061037018952
5290;121.52470473342083;5290;0;5290;2.8077028717917418;5290;0.52597522265376062;5290;4.0907010101626637;5290;4.000061037018952
5300;121.51249732963043;5300;0;5300;2.8687398907437363;5300;0.52589613670446189;5300;4.1193884090701012;5300;4.000061037018952
5310;121.37821588793602;5310;0;5310;2.8687398907437363;5310;0.52585659372981242;5310;4.1145054475539418;5310;4.000061037018952
5320;121.40263069551682;5320;0;5320;2.8077028717917418;5320;0.52589613670446189;5320;4.0900906399731438;5320;4.000061037018952
5330;121.64677877132482;5330;0;5330;2.7710806604205449;5330;0.52589613670446189;5330;4.1093173009430215;5330;4.000061037018952
5340;121.50028992584004;5340;0;5340;2.7588732566301464;5340;0.52593567967911137;5340;4.112369151890622;5340;4.000061037018952
5350;121.46366771446881;5350;0;5350;2.8687398907437363;5350;0.52593567967911137;5350;4.0919217505417036;5350;4.000061037018952
5360;121.48808252204964;5360;0;5360;2.8931546983245338;5360;0.52589613670446189;5360;4.080629902035585;5360;4.000061037018952
5370;121.52470473342083;5370;0;5370;2.8931546983245338;5370;0.52585659372981242;5370;4.105349894711142;5370;4.000061037018952
5380;121.29276406140323;5380;0;5380;2.8687398907437363;5380;0.52585659372981242;5380;4.1096224860377815;5380;4.000061037018952
5390;121.35380108035523;5390;0;5390;2.8199102755821404;5390;0.52589613670446189;5390;4.0980254524369029;5390;4.000061037018952
5400;121.64677877132482;5400;0;5400;2.8565324869533373;5400;0.52589613670446189;5400;4.105044709616382;5400;4.000061037018952
5410;121.52470473342083;5410;0;5410;2.8321176793725393;5410;0.52589613670446189;5410;4.120914334543901;5410;4.000061037018952
5420;121.54911954100163;5420;0;5420;2.8321176793725393;5420;0.52589613670446189;5420;4.0946684163945433;5420;4.000061037018952
5430;121.48808252204964;5430;0;5430;2.8199102755821404;5430;0.52589613670446189;5430;4.0696432386242254;5430;4.000061037018952
5440;121.47587511825921;5440;0;5440;2.8443250831629387;5440;0.52593567967911137;5440;4.0879543443098241;5440;4.000061037018952
5450;121.47587511825921;5450;0;5450;2.8443250831629387;5450;0.52597522265376062;5450;4.1038239692373422;5450;4.000061037018952
5460;121.45146031067841;5460;0;5460;2.8931546983245338;5460;0.52605430860305957;5460;4.1010773033845025;5460;4.000061037018952
5470;121.50028992584004;5470;0;5470;2.9175695059053313;5470;0.52597522265376062;5470;4.0983306375316628;5470;4.000061037018952
5480;121.63457136753442;5480;0;5480;2.8687398907437363;5480;0.52593567967911137;5480;4.1270180364391;5480;4.000061037018952
5490;121.45146031067841;5490;0;5490;2.8565324869533373;5490;0.52593567967911137;5490;4.1044343394268621;5490;4.000061037018952
5500;121.41483809930722;5500;0;5500;2.7954954680013429;5500;0.52593567967911137;5500;4.0723899044770659;5500;4.000061037018952
5510;121.59794915616322;5510;0;5510;2.8077028717917418;5510;0.52593567967911137;5510;4.0763573107089455;5510;4.000061037018952
5520;121.57353434858243;5520;0;5520;2.9053621021149327;5520;0.52589613670446189;5520;4.1001617481002226;5520;4.000061037018952
5530;121.45146031067841;5530;0;5530;2.9541917172765282;5530;0.52585659372981242;5530;4.1038239692373422;5530;4.000061037018952
5540;121.45146031067841;5540;0;5540;2.9297769096957307;5540;0.52589613670446189;5540;4.0998565630054626;5540;4.000061037018952
5550;121.63457136753442;5550;0;5550;2.9297769096957307;5550;0.52593567967911137;5550;4.12732322153386;5550;4.000061037018952
5560;121.26834925382244;5560;0;5560;2.8687398907437363;5560;0.52589613670446189;5560;4.1199987792596211;5560;4.000061037018952
5570;121.32938627277443;5570;0;5570;2.8443250831629387;5570;0.52585659372981242;5570;4.0922269356364636;5570;4.000061037018952
5580;121.61015655995362;5580;0;5580;2.9175695059053313;5580;0.52585659372981242;5580;4.080629902035585;5580;4.000061037018952
5590;121.69560838648641;5590;0;5590;2.9297769096957307;5590;0.52589613670446189;5590;4.0974150822473829;5590;4.000061037018952
5600;121.52470473342083;5600;0;5600;2.9419843134861297;5600;0.52593567967911137;5600;4.0821558275093848;5600;4.000061037018952
5610;121.40263069551682;5610;0;5610;2.9175695059053313;5610;0.52589613670446189;5610;4.0754417554246656;5610;4.000061037018952
5620;121.46366771446881;5620;0;5620;2.9541917172765282;5620;0.52589613670446189;5620;4.1010773033845025;5620;4.000061037018952
5630;121.40263069551682;5630;0;5630;2.9908139286477247;5630;0.52585659372981242;5630;4.1224402600177008;5630;4.000061037018952
5640;121.31717886898403;5640;0;5640;2.9419843134861297;5640;0.52589613670446189;5640;4.1038239692373422;5640;4.000061037018952
5650;121.35380108035523;5650;0;5650;2.9175695059053313;5650;0.52589613670446189;5650;4.0809350871303449;5650;4.000061037018952
5660;121.70781579027681;5660;0;5660;2.9419843134861297;5660;0.52593567967911137;5660;4.1102328562273014;5660;4.000061037018952
5670;121.45146031067841;5670;0;5670;2.9297769096957307;5670;0.52589613670446189;5670;4.1007721182897425;5670;4.000061037018952
5680;121.42704550309762;5680;0;5680;2.9541917172765282;5680;0.52589613670446189;5680;4.0873439741203041;5680;4.000061037018952
5690;121.65898617511522;5690;0;5690;3.0030213324381236;5690;0.52589613670446189;5690;4.0928373058259835;5690;4.000061037018952
5700;121.63457136753442;5700;0;5700;2.9297769096957307;5700;0.52589613670446189;5700;4.120914334543901;5700;4.000061037018952
5710;121.47587511825921;5710;0;5710;2.9419843134861297;5710;0.52589613670446189;5710;4.1184728537858213;5710;4.000061037018952
5720;121.36600848414562;5720;0;5720;3.0030213324381236;5720;0.52589613670446189;5720;4.096804712057863;5720;4.000061037018952
5730;121.48808252204964;5730;0;5730;2.9663991210669272;5730;0.52589613670446189;5730;4.1132847071749019;5730;4.000061037018952
5740;121.29276406140323;5740;0;5740;3.0152287362285222;5740;0.52589613670446189;5740;4.1105380413220614;5740;4.000061037018952
5750;121.40263069551682;5750;0;5750;3.0274361400189216;5750;0.52589613670446189;5750;4.0852076784569844;5750;4.000061037018952
5760;121.45146031067841;5760;0;5760;2.9908139286477247;5760;0.52585659372981242;5760;4.0726950895718259;5760;4.000061037018952
5770;121.37821588793602;5770;0;5770;2.9541917172765282;5770;0.52589613670446189;5770;4.0998565630054626;5770;4.000061037018952
5780;121.24393444624164;5780;0;5780;2.9297769096957307;5780;0.52589613670446189;5780;4.1032135990478222;5780;4.000061037018952
5790;121.45146031067841;5790;0;5790;2.9908139286477247;5790;0.52585659372981242;5790;4.0925321207312235;5790;4.000061037018952
5800;121.65898617511522;5800;0;5800;3.0396435438093206;5800;0.525817050755163;5800;4.1038239692373422;5800;4.000061037018952
5810;121.56132694479203;5810;0;5810;3.0640583513901181;5810;0.52585659372981242;5810;4.1221350749229408;5810;4.000061037018952
5820;121.47587511825921;5820;0;5820;3.088473158970916;5820;0.52589613670446189;5820;4.0977202673421429;5820;4.000061037018952
5830;121.48808252204964;5830;0;5830;3.088473158970916;5830;0.52589613670446189;5830;4.0736106448561058;5830;4.000061037018952
5840;121.47587511825921;5840;0;5840;3.0396435438093206;5840;0.52593567967911137;5840;4.0928373058259835;5840;4.000061037018952
5850;121.41483809930722;5850;0;5850;3.0274361400189216;5850;0.52585659372981242;5850;4.1074861903744617;5850;4.000061037018952
5860;121.54911954100163;5860;0;5860;3.0396435438093206;5860;0.52589613670446189;5860;4.1001617481002226;5860;4.000061037018952
5870;121.56132694479203;5870;0;5870;3.0030213324381236;5870;0.52593567967911137;5870;4.0937528611102634;5870;4.000061037018952
5880;121.61015655995362;5880;0;5880;3.0518509475997191;5880;0.52593567967911137;5880;4.1236610003967407;5880;4.000061037018952
5890;121.58574175237283;5890;0;5890;3.1006805627613145;5890;0.52593567967911137;5890;4.1038239692373422;5890;4.000061037018952
5900;121.58574175237283;5900;0;5900;3.1006805627613145;5900;0.52593567967911137;5900;4.0751365703299056;5900;4.000061037018952
5910;121.54911954100163;5910;0;5910;3.1006805627613145;5910;0.52593567967911137;5910;4.0812402722251049;5910;4.000061037018952
5920;121.56132694479203;5920;0;5920;3.088473158970916;5920;0.52593567967911137;5920;4.1056550798059019;5920;4.000061037018952
5930;121.59794915616322;5930;0;5930;3.1373027741325119;5930;0.52597522265376062;5930;4.1029084139530623;5930;4.000061037018952
5940;121.50028992584004;5940;0;5940;3.1128879665517131;5940;0.52593567967911137;5940;4.0928373058259835;5940;4.000061037018952
5950;121.50028992584004;5950;0;5950;3.1373027741325119;5950;0.52597522265376062;5950;4.1242713705862606;5950;4.000061037018952
5960;121.35380108035523;5960;0;5960;3.1495101779229104;5960;0.52593567967911137;5960;4.1111484115115813;5960;4.000061037018952
5970;121.48808252204964;5970;0;5970;3.1983397930845059;5970;0.52589613670446189;5970;4.080629902035585;5970;4.000061037018952
5980;121.64677877132482;5980;0;5980;3.1495101779229104;5980;0.52585659372981242;5980;4.0693380535294654;5980;4.000061037018952
5990;121.56132694479203;5990;0;5990;3.088473158970916;5990;0.52589613670446189;5990;4.0937528611102634;5990;4.000061037018952
6000;121.36600848414562;6000;0;6000;3.1128879665517131;6000;0.52589613670446189;6000;4.1004669331949826;6000;4.000061037018952
6010;121.41483809930722;6010;0;6010;3.1861323892941074;6010;0.52593567967911137;6010;4.0998565630054626;6010;4.000061037018952
6020;121.57353434858243;6020;0;6020;3.1861323892941074;6020;0.52593567967911137;6020;4.1151158177434617;6020;4.000061037018952
6030;121.36600848414562;6030;0;6030;3.1983397930845059;6030;0.52593567967911137;6030;4.12793359172338;6030;4.000061037018952
6040;121.36600848414562;6040;0;6040;3.1861323892941074;6040;0.52593567967911137;6040;4.0980254524369029;6040;4.000061037018952
6050;121.37821588793602;6050;0;6050;3.088473158970916;6050;0.52593567967911137;6050;4.0687276833399455;6050;4.000061037018952
6060;121.45146031067841;6060;0;6060;3.1373027741325119;6060;0.52593567967911137;6060;4.088869899594104;6060;4.000061037018952
6070;121.29276406140323;6070;0;6070;3.1861323892941074;6070;0.52589613670446189;6070;4.0858180486465043;6070;4.000061037018952
6080;121.39042329172642;6080;0;6080;3.1250953703421125;6080;0.52589613670446189;6080;4.0827661976989047;6080;4.000061037018952
6090;121.51249732963043;6090;0;6090;3.1373027741325119;6090;0.52589613670446189;6090;4.0934476760155034;6090;4.000061037018952
6100;121.45146031067841;6100;0;6100;3.1861323892941074;6100;0.52585659372981242;6100;4.1254921109653;6100;4.000061037018952
6110;121.45146031067841;6110;0;6110;3.2105471968749049;6110;0.52589613670446189;6110;4.1157261879329816;6110;4.000061037018952
6120;121.41483809930722;6120;0;6120;3.2593768120365003;6120;0.52589613670446189;6120;4.0858180486465043;6120;4.000061037018952
6130;121.58574175237283;6130;0;6130;3.2227546006653034;6130;0.52589613670446189;6130;4.0992461928159427;6130;4.000061037018952
6140;121.45146031067841;6140;0;6140;3.1861323892941074;6140;0.52589613670446189;6140;4.1102328562273014;6140;4.000061037018952
6150;121.42704550309762;6150;0;6150;3.2105471968749049;6150;0.52593567967911137;6150;4.0961943418683431;6150;4.000061037018952
6160;121.52470473342083;6160;0;6160;3.2105471968749049;6160;0.52589613670446189;6160;4.0894802697836239;6160;4.000061037018952
6170;121.64677877132482;6170;0;6170;3.2837916196172983;6170;0.52593567967911137;6170;4.1163365581225015;6170;4.000061037018952
6180;121.45146031067841;6180;0;6180;3.2837916196172983;6180;0.52593567967911137;6180;4.1251869258705405;6180;4.000061037018952
6190;121.40263069551682;6190;0;6190;3.3204138309884943;6190;0.52589613670446189;6190;4.1099276711325414;6190;4.000061037018952
6200;121.56132694479203;6200;0;6200;3.2593768120365003;6200;0.52585659372981242;6200;4.1019928586687824;6200;4.000061037018952
6210;121.58574175237283;6210;0;6210;3.2959990234076968;6210;0.52589613670446189;6210;4.1172521134067814;6210;4.000061037018952
6220;121.61015655995362;6220;0;6220;3.2959990234076968;6220;0.52589613670446189;6220;4.0907010101626637;6220;4.000061037018952
6230;121.50028992584004;6230;0;6230;3.1983397930845059;6230;0.52589613670446189;6230;4.0687276833399455;6230;4.000061037018952
6240;121.52470473342083;6240;0;6240;3.2837916196172983;6240;0.52589613670446189;6240;4.088564714499344;6240;4.000061037018952
6250;121.36600848414562;6250;0;6250;3.3082064271980958;6250;0.52585659372981242;6250;4.1084017456587416;6250;4.000061037018952
6260;121.40263069551682;6260;0;6260;3.2471694082461013;6260;0.52589613670446189;6260;4.0983306375316628;6260;4.000061037018952
6270;121.63457136753442;6270;0;6270;3.2471694082461013;6270;0.52585659372981242;6270;4.0855128635517444;6270;4.000061037018952
6280;121.56132694479203;6280;0;6280;3.3326212347788937;6280;0.52589613670446189;6280;4.1193884090701012;6280;4.000061037018952
6290;121.28055665761283;6290;0;6290;3.3204138309884943;6290;0.52589613670446189;6290;4.1062654499954219;6290;4.000061037018952
6300;121.41483809930722;6300;0;6300;3.2593768120365003;6300;0.52589613670446189;6300;4.0821558275093848;6300;4.000061037018952
6310;121.57353434858243;6310;0;6310;3.2471694082461013;6310;0.52593567967911137;6310;4.0852076784569844;6310;4.000061037018952
6320;121.39042329172642;6320;0;6320;3.2837916196172983;6320;0.52593567967911137;6320;4.112674336985382;6320;4.000061037018952
6330;121.31717886898403;6330;0;6330;3.1983397930845059;6330;0.52589613670446189;6330;4.1074861903744617;6330;4.000061037018952
6340;121.37821588793602;6340;0;6340;3.2227546006653034;6340;0.52589613670446189;6340;4.088564714499344;6340;4.000061037018952
6350;121.51249732963043;6350;0;6350;3.3448286385692922;6350;0.52593567967911137;6350;4.1157261879329816;6350;4.000061037018952
6360;121.41483809930722;6360;0;6360;3.3936582537308877;6360;0.52589613670446189;6360;4.1117587817011021;6360;4.000061037018952
6370;121.56132694479203;6370;0;6370;3.4546952726828826;6370;0.52593567967911137;6370;4.0873439741203041;6370;4.000061037018952
6380;121.56132694479203;6380;0;6380;3.4546952726828826;6380;0.52589613670446189;6380;4.0772728659932254;6380;4.000061037018952
6390;121.40263069551682;6390;0;6390;3.4058656575212871;6390;0.52589613670446189;6390;4.1038239692373422;6390;4.000061037018952
6400;121.37821588793602;6400;0;6400;3.3326212347788937;6400;0.52589613670446189;6400;4.1059602649006619;6400;4.000061037018952
6410;121.37821588793602;6410;0;6410;3.3204138309884943;6410;0.52585659372981242;6410;4.0925321207312235;6410;4.000061037018952
6420;121.64677877132482;6420;0;6420;3.3448286385692922;6420;0.52585659372981242;6420;4.1059602649006619;6420;4.000061037018952
6430;121.48808252204964;6430;0;6430;3.3326212347788937;6430;0.52585659372981242;6430;4.1193884090701012;6430;4.000061037018952
6440;121.39042329172642;6440;0;6440;3.2959990234076968;6440;0.52589613670446189;6440;4.0946684163945433;6440;4.000061037018952
6450;121.39042329172642;6450;0;6450;3.3448286385692922;6450;0.52589613670446189;6450;4.0730002746665859;6450;4.000061037018952
6460;121.45146031067841;6460;0;6460;3.3570360423596917;6460;0.52593567967911137;6460;4.0955839716788232;6460;4.000061037018952
6470;121.29276406140323;6470;0;6470;3.3326212347788937;6470;0.52589613670446189;6470;4.1068758201849418;6470;4.000061037018952
6480;121.48808252204964;6480;0;6480;3.4669026764732811;6480;0.52593567967911137;6480;4.0980254524369029;6480;4.000061037018952
6490;121.58574175237283;6490;0;6490;3.4669026764732811;6490;0.52593567967911137;6490;4.096804712057863;6490;4.000061037018952
6500;121.50028992584004;6500;0;6500;3.3936582537308877;6500;0.52589613670446189;6500;4.1248817407757805;6500;4.000061037018952
6510;121.42704550309762;6510;0;6510;3.3448286385692922;6510;0.52593567967911137;6510;4.1029084139530623;6510;4.000061037018952
6520;121.37821588793602;6520;0;6520;3.3570360423596917;6520;0.52589613670446189;6520;4.0748313852351457;6520;4.000061037018952
6530;121.48808252204964;6530;0;6530;3.5157322916348765;6530;0.52589613670446189;6530;4.0842921231727045;6530;4.000061037018952
6540;121.50028992584004;6540;0;6540;3.6133915219580675;6540;0.52589613670446189;6540;4.105349894711142;6540;4.000061037018952
6550;121.59794915616322;6550;0;6550;3.4669026764732811;6550;0.52593567967911137;6550;4.1026032288583023;6550;4.000061037018952
6560;121.47587511825921;6560;0;6560;3.3936582537308877;6560;0.52593567967911137;6560;4.0928373058259835;6560;4.000061037018952
6570;121.46366771446881;6570;0;6570;3.4546952726828826;6570;0.52589613670446189;6570;4.1245765556810206;6570;4.000061037018952
6580;121.30497146519363;6580;0;6580;3.4669026764732811;6580;0.52585659372981242;6580;4.1080965605639816;6580;4.000061037018952
6590;121.42704550309762;6590;0;6590;3.4424878688924831;6590;0.52589613670446189;6590;4.0775780510879853;6590;4.000061037018952
6600;121.69560838648641;6600;0;6600;3.4180730613116856;6600;0.52593567967911137;6600;4.0730002746665859;6600;4.000061037018952
6610;121.51249732963043;6610;0;6610;3.4424878688924831;6610;0.52589613670446189;6610;4.0983306375316628;6610;4.000061037018952
6620;121.32938627277443;6620;0;6620;3.503524887844478;6620;0.52585659372981242;6620;4.1026032288583023;6620;4.000061037018952
6630;121.47587511825921;6630;0;6630;3.503524887844478;6630;0.52585659372981242;6630;4.0986358226264228;6630;4.000061037018952
6640;121.65898617511522;6640;0;6640;3.3936582537308877;6640;0.52589613670446189;6640;4.1218298898281809;6640;4.000061037018952
6650;121.31717886898403;6650;0;6650;3.3448286385692922;6650;0.52589613670446189;6650;4.1242713705862606;6650;4.000061037018952
6660;121.37821588793602;6660;0;6660;3.4058656575212871;6660;0.52593567967911137;6660;4.0949736014893032;6660;4.000061037018952
6670;121.59794915616322;6670;0;6670;3.503524887844478;6670;0.52593567967911137;6670;4.0733054597613458;6670;4.000061037018952
6680;121.56132694479203;6680;0;6680;3.5157322916348765;6680;0.52593567967911137;6680;4.0922269356364636;6680;4.000061037018952
6690;121.32938627277443;6690;0;6690;3.4302804651020846;6690;0.52589613670446189;6690;4.0809350871303449;6690;4.000061037018952
6700;121.30497146519363;6700;0;6700;3.4669026764732811;6700;0.52589613670446189;6700;4.0787987914670252;6700;4.000061037018952
6710;121.47587511825921;6710;0;6710;3.503524887844478;6710;0.52589613670446189;6710;4.0977202673421429;6710;4.000061037018952
6720;121.37821588793602;6720;0;6720;3.4546952726828826;6720;0.52585659372981242;6720;4.12579729606006;6720;4.000061037018952
6730;121.37821588793602;6730;0;6730;3.503524887844478;6730;0.52593567967911137;6730;4.1099276711325414;6730;4.000061037018952
6740;121.45146031067841;6740;0;6740;3.5401470992156745;6740;0.52589613670446189;6740;4.080629902035585;6740;4.000061037018952
6750;121.45146031067841;6750;0;6750;3.6011841181676689;6750;0.52593567967911137;6750;4.1074861903744617;6750;4.000061037018952
6760;121.29276406140323;6760;0;6760;3.4546952726828826;6760;0.52597522265376062;6760;4.1074861903744617;6760;4.000061037018952
6770;121.37821588793602;6770;0;6770;3.4180730613116856;6770;0.52593567967911137;6770;4.0925321207312235;6770;4.000061037018952
6780;121.48808252204964;6780;0;6780;3.5401470992156745;6780;0.52589613670446189;6780;4.0910061952574237;6780;4.000061037018952
6790;121.51249732963043;6790;0;6790;3.5157322916348765;6790;0.52589613670446189;6790;4.1199987792596211;6790;4.000061037018952
6800;121.40263069551682;6800;0;6800;3.527939695425276;6800;0.52589613670446189;6800;4.1227454451124608;6800;4.000061037018952
6810;121.48808252204964;6810;0;6810;3.564561906796472;6810;0.52589613670446189;6810;4.1038239692373422;6810;4.000061037018952
6820;121.56132694479203;6820;0;6820;3.6133915219580675;6820;0.52585659372981242;6820;4.1080965605639816;6820;4.000061037018952
6830;121.32938627277443;6830;0;6830;3.6133915219580675;6830;0.52585659372981242;6830;4.112674336985382;6830;4.000061037018952
6840;121.36600848414562;6840;0;6840;3.6133915219580675;6840;0.52589613670446189;6840;4.0870387890255442;6840;4.000061037018952
6850;121.45146031067841;6850;0;6850;3.6133915219580675;6850;0.525817050755163;6850;4.0699484237189854;6850;4.000061037018952
6860;121.51249732963043;6860;0;6860;3.4913174840540786;6860;0.52589613670446189;6860;4.0943632312997833;6860;4.000061037018952
6870;121.28055665761283;6870;0;6870;3.4913174840540786;6870;0.52589613670446189;6870;4.1044343394268621;6870;4.000061037018952
6880;121.32938627277443;6880;0;6880;3.503524887844478;6880;0.52589613670446189;6880;4.0955839716788232;6880;4.000061037018952
6890;121.56132694479203;6890;0;6890;3.4669026764732811;6890;0.52589613670446189;6890;4.0961943418683431;6890;4.000061037018952
6900;121.61015655995362;6900;0;6900;3.6133915219580675;6900;0.52585659372981242;6900;4.1230506302072207;6900;4.000061037018952
6910;121.59794915616322;6910;0;6910;3.6988433484908603;6910;0.52585659372981242;6910;4.1019928586687824;6910;4.000061037018952
6920;121.46366771446881;6920;0;6920;3.6866359447004609;6920;0.52589613670446189;6920;4.0775780510879853;6920;4.000061037018952
6930;121.42704550309762;6930;0;6930;3.564561906796472;6930;0.52589613670446189;6930;4.0897854548783839;6930;4.000061037018952
6940;121.50028992584004;6940;0;6940;3.5401470992156745;6940;0.52585659372981242;6940;4.1105380413220614;6940;4.000061037018952
6950;121.46366771446881;6950;0;6950;3.6866359447004609;6950;0.52589613670446189;6950;4.1038239692373422;6950;4.000061037018952
6960;121.51249732963043;6960;0;6960;3.6622211371196629;6960;0.52585659372981242;6960;4.0910061952574237;6960;4.000061037018952
6970;121.50028992584004;6970;0;6970;3.6011841181676689;6970;0.52589613670446189;6970;4.1224402600177008;6970;4.000061037018952
6980;121.28055665761283;6980;0;6980;3.6255989257484669;6980;0.52589613670446189;6980;4.1074861903744617;6980;4.000061037018952
6990;121.46366771446881;6990;0;6990;3.6500137333292644;6990;0.52589613670446189;6990;4.0809350871303449;6990;4.000061037018952
7000;121.54911954100163;7000;0;7000;3.6378063295388654;7000;0.52589613670446189;7000;4.0784936063722652;7000;4.000061037018952
7010;121.51249732963043;7010;0;7010;3.6866359447004609;7010;0.52585659372981242;7010;4.1035187841425822;7010;4.000061037018952
7020;121.46366771446881;7020;0;7020;3.6378063295388654;7020;0.52585659372981242;7020;4.1026032288583023;7020;4.000061037018952
7030;121.40263069551682;7030;0;7030;3.58897671437727;7030;0.52589613670446189;7030;4.0919217505417036;7030;4.000061037018952
7040;121.56132694479203;7040;0;7040;3.6500137333292644;7040;0.52593567967911137;7040;4.1181676686910613;7040;4.000061037018952
7050;121.35380108035523;7050;0;7050;3.6988433484908603;7050;0.52589613670446189;7050;4.1157261879329816;7050;4.000061037018952
7060;121.31717886898403;7060;0;7060;3.6866359447004609;7060;0.52585659372981242;7060;4.0873439741203041;7060;4.000061037018952
7070;121.45146031067841;7070;0;7070;3.6133915219580675;7070;0.525817050755163;7070;4.0702536088137453;7070;4.000061037018952
7080;121.45146031067841;7080;0;7080;3.6133915219580675;7080;0.52585659372981242;7080;4.0922269356364636;7080;4.000061037018952
7090;121.39042329172642;7090;0;7090;3.7110507522812588;7090;0.52585659372981242;7090;4.0995513779107027;7090;4.000061037018952
7100;121.42704550309762;7100;0;7100;3.7232581560716578;7100;0.52585659372981242;7100;4.1029084139530623;7100;4.000061037018952
7110;121.59794915616322;7110;0;7110;3.6255989257484669;7110;0.52589613670446189;7110;4.1175572985015414;7110;4.000061037018952
7120;121.42704550309762;7120;0;7120;3.6988433484908603;7120;0.52593567967911137;7120;4.13098544267098;7120;4.000061037018952
7130;121.36600848414562;7130;0;7130;3.7965025788140512;7130;0.52593567967911137;7130;4.1001617481002226;7130;4.000061037018952
7140;121.52470473342083;7140;0;7140;3.7476729636524557;7140;0.52585659372981242;7140;4.0684224982451855;7140;4.000061037018952
7150;121.54911954100163;7150;0;7150;3.7354655598620563;7150;0.52585659372981242;7150;4.0870387890255442;7150;4.000061037018952
7160;121.29276406140323;7160;0;7160;3.6988433484908603;7160;0.52585659372981242;7160;4.0852076784569844;7160;4.000061037018952
7170;121.51249732963043;7170;0;7170;3.6378063295388654;7170;0.52589613670446189;7170;4.080324716940825;7170;4.000061037018952
7180;121.67119357890562;7180;0;7180;3.7842951750236518;7180;0.52589613670446189;7180;4.088869899594104;7180;4.000061037018952
7190;121.50028992584004;7190;0;7190;3.7598803674428543;7190;0.52585659372981242;7190;4.121219519638661;7190;4.000061037018952
7200;121.31717886898403;7200;0;7200;3.6011841181676689;7200;0.52589613670446189;7200;4.1135898922696619;7200;4.000061037018952
7210;121.32938627277443;7210;0;7210;3.6255989257484669;7210;0.52589613670446189;7210;4.0870387890255442;7210;4.000061037018952
7220;121.58574175237283;7220;0;7220;3.7110507522812588;7220;0.52585659372981242;7220;4.0980254524369029;7220;4.000061037018952
7230;121.50028992584004;7230;0;7230;3.7598803674428543;7230;0.52589613670446189;7230;4.1099276711325414;7230;4.000061037018952
7240;121.41483809930722;7240;0;7240;3.8209173863948487;7240;0.52593567967911137;7240;4.0952787865840632;7240;4.000061037018952
7250;121.50028992584004;7250;0;7250;3.7598803674428543;7250;0.52585659372981242;7250;4.0897854548783839;7250;4.000061037018952
7260;121.52470473342083;7260;0;7260;3.8941618091372421;7260;0.52589613670446189;7260;4.1163365581225015;7260;4.000061037018952
7270;121.36600848414562;7270;0;7270;3.8941618091372421;7270;0.52585659372981242;7270;4.12610248115482;7270;4.000061037018952
7280;121.46366771446881;7280;0;7280;3.6988433484908603;7280;0.52589613670446189;7280;4.1129795220801419;7280;4.000061037018952
7290;121.54911954100163;7290;0;7290;3.7354655598620563;7290;0.52589613670446189;7290;4.1026032288583023;7290;4.000061037018952
7300;121.63457136753442;7300;0;7300;3.8575395977660452;7300;0.52589613670446189;7300;4.1175572985015414;7300;4.000061037018952
7310;121.51249732963043;7310;0;7310;3.7354655598620563;7310;0.52593567967911137;7310;4.0913113803521837;7310;4.000061037018952
7320;121.42704550309762;7320;0;7320;3.6866359447004609;7320;0.52589613670446189;7320;4.0699484237189854;7320;4.000061037018952
7330;121.51249732963043;7330;0;7330;3.7476729636524557;7330;0.52589613670446189;7330;4.0873439741203041;7330;4.000061037018952
7340;121.36600848414562;7340;0;7340;3.7476729636524557;7340;0.52589613670446189;7340;4.1093173009430215;7340;4.000061037018952
7350;121.36600848414562;7350;0;7350;3.7842951750236518;7350;0.52593567967911137;7350;4.1001617481002226;7350;4.000061037018952
7360;121.46366771446881;7360;0;7360;3.8331247901852472;7360;0.52593567967911137;7360;4.0873439741203041;7360;4.000061037018952
7370;121.51249732963043;7370;0;7370;3.8087099826044497;7370;0.52593567967911137;7370;4.120914334543901;7370;4.000061037018952
7380;121.30497146519363;7380;0;7380;3.7965025788140512;7380;0.52593567967911137;7380;4.1080965605639816;7380;4.000061037018952
7390;121.31717886898403;7390;0;7390;3.8209173863948487;7390;0.52593567967911137;7390;4.0827661976989047;7390;4.000061037018952
7400;121.54911954100163;7400;0;7400;3.8453321939756466;7400;0.52593567967911137;7400;4.0821558275093848;7400;4.000061037018952
7410;121.64677877132482;7410;0;7410;3.8209173863948487;7410;0.52593567967911137;7410;4.1093173009430215;7410;4.000061037018952
7420;121.42704550309762;7420;0;7420;3.8087099826044497;7420;0.52593567967911137;7420;4.1068758201849418;7420;4.000061037018952
7430;121.36600848414562;7430;0;7430;3.8453321939756466;7430;0.52589613670446189;7430;4.0900906399731438;7430;4.000061037018952
7440;121.57353434858243;7440;0;7440;3.8331247901852472;7440;0.52593567967911137;7440;4.1148106326487017;7440;4.000061037018952
7450;121.41483809930722;7450;0;7450;3.8331247901852472;7450;0.52589613670446189;7450;4.1135898922696619;7450;4.000061037018952
7460;121.51249732963043;7460;0;7460;3.9429914242988375;7460;0.52589613670446189;7460;4.0876491592150641;7460;4.000061037018952
7470;121.52470473342083;7470;0;7470;3.91857661671804;7470;0.52589613670446189;7470;4.0739158299508658;7470;4.000061037018952
7480;121.41483809930722;7480;0;7480;3.7965025788140512;7480;0.52589613670446189;7480;4.1004669331949826;7480;4.000061037018952
7490;121.30497146519363;7490;0;7490;3.8087099826044497;7490;0.52585659372981242;7490;4.1035187841425822;7490;4.000061037018952
7500;121.36600848414562;7500;0;7500;3.8575395977660452;7500;0.52589613670446189;7500;4.0925321207312235;7500;4.000061037018952
7510;121.51249732963043;7510;0;7510;3.8941618091372421;7510;0.52593567967911137;7510;4.1062654499954219;7510;4.000061037018952
7520;121.45146031067841;7520;0;7520;3.8453321939756466;7520;0.52585659372981242;7520;4.1230506302072207;7520;4.000061037018952
7530;121.52470473342083;7530;0;7530;3.8819544053468427;7530;0.52589613670446189;7530;4.0958891567735831;7530;4.000061037018952
7540;121.63457136753442;7540;0;7540;3.979613635670034;7540;0.52593567967911137;7540;4.0723899044770659;7540;4.000061037018952
7550;121.64677877132482;7550;0;7550;3.9429914242988375;7550;0.52589613670446189;7550;4.0928373058259835;7550;4.000061037018952
7560;121.41483809930722;7560;0;7560;3.9063692129276406;7560;0.52589613670446189;7560;4.1062654499954219;7560;4.000061037018952
7570;121.51249732963043;7570;0;7570;4.0162358470412309;7570;0.52589613670446189;7570;4.1001617481002226;7570;4.000061037018952
7580;121.65898617511522;7580;0;7580;4.0040284432508315;7580;0.52589613670446189;7580;4.0974150822473829;7580;4.000061037018952
7590;121.61015655995362;7590;0;7590;3.9429914242988375;7590;0.52589613670446189;7590;4.1254921109653;7590;4.000061037018952
7600;121.45146031067841;7600;0;7600;4.0772728659932245;7600;0.52589613670446189;7600;4.1032135990478222;7600;4.000061037018952
7610;121.41483809930722;7610;0;7610;4.0284432508316295;7610;0.52585659372981242;7610;4.0751365703299056;7610;4.000061037018952
7620;121.48808252204964;7620;0;7620;3.9551988280892361;7620;0.52589613670446189;7620;4.0824610126041447;7620;4.000061037018952
7630;121.45146031067841;7630;0;7630;3.991821039460433;7630;0.52589613670446189;7630;4.105349894711142;7630;4.000061037018952
7640;121.45146031067841;7640;0;7640;3.9429914242988375;7640;0.52589613670446189;7640;4.1026032288583023;7640;4.000061037018952
7650;121.56132694479203;7650;0;7650;3.8575395977660452;7650;0.52593567967911137;7650;4.0925321207312235;7650;4.000061037018952
7660;121.63457136753442;7660;0;7660;3.91857661671804;7660;0.52593567967911137;7660;4.1242713705862606;7660;4.000061037018952
7670;121.29276406140323;7670;0;7670;3.8575395977660452;7670;0.52585659372981242;7670;4.1099276711325414;7670;4.000061037018952
7680;121.37821588793602;7680;0;7680;3.9307840205084386;7680;0.52585659372981242;7680;4.0797143467513051;7680;4.000061037018952
7690;121.54911954100163;7690;0;7690;4.0040284432508315;7690;0.52589613670446189;7690;4.0714743491927852;7690;4.000061037018952
7700;121.51249732963043;7700;0;7700;3.9551988280892361;7700;0.52589613670446189;7700;4.096804712057863;7700;4.000061037018952
7710;121.46366771446881;7710;0;7710;4.0040284432508315;7710;0.52589613670446189;7710;4.1022980437635423;7710;4.000061037018952
7720;121.40263069551682;7720;0;7720;4.1138950773644218;7720;0.52585659372981242;7720;4.1004669331949826;7720;4.000061037018952
7730;121.52470473342083;7730;0;7730;3.991821039460433;7730;0.52589613670446189;7730;4.120914334543901;7730;4.000061037018952
7740;121.36600848414562;7740;0;7740;3.8575395977660452;7740;0.52589613670446189;7740;4.1230506302072207;7740;4.000061037018952
7750;121.31717886898403;7750;0;7750;4.0162358470412309;7750;0.52589613670446189;7750;4.0919217505417036;7750;4.000061037018952
7760;121.50028992584004;7760;0;7760;4.0894802697836239;7760;0.52589613670446189;7760;4.0684224982451855;7760;4.000061037018952
7770;121.59794915616322;7770;0;7770;4.0284432508316295;7770;0.52589613670446189;7770;4.0900906399731438;7770;4.000061037018952
7780;121.40263069551682;7780;0;7780;3.9063692129276406;7780;0.52589613670446189;7780;4.0812402722251049;7780;4.000061037018952
7790;121.42704550309762;7790;0;7790;3.979613635670034;7790;0.52589613670446189;7790;4.0794091616565451;7790;4.000061037018952
7800;121.48808252204964;7800;0;7800;4.0406506546220289;7800;0.52585659372981242;7800;4.0952787865840632;7800;4.000061037018952
7810;121.50028992584004;7810;0;7810;3.9063692129276406;7810;0.525817050755163;7810;4.1245765556810206;7810;4.000061037018952
7820;121.46366771446881;7820;0;7820;3.9307840205084386;7820;0.52585659372981242;7820;4.112674336985382;7820;4.000061037018952
7830;121.37821588793602;7830;0;7830;4.0528580584124274;7830;0.52585659372981242;7830;4.0861232337412643;7830;4.000061037018952
7840;121.57353434858243;7840;0;7840;4.1138950773644218;7840;0.52585659372981242;7840;4.1035187841425822;7840;4.000061037018952
7850;121.45146031067841;7850;0;7850;4.1138950773644218;7850;0.52585659372981242;7850;4.1145054475539418;7850;4.000061037018952
7860;121.46366771446881;7860;0;7860;4.12610248115482;7860;0.52589613670446189;7860;4.0977202673421429;7860;4.000061037018952
7870;121.47587511825921;7870;0;7870;4.1016876735740224;7870;0.52589613670446189;7870;4.0876491592150641;7870;4.000061037018952
7880;121.46366771446881;7880;0;7880;4.0894802697836239;7880;0.52589613670446189;7880;4.1145054475539418;7880;4.000061037018952
7890;121.24393444624164;7890;0;7890;4.1016876735740224;7890;0.52589613670446189;7890;4.1224402600177008;7890;4.000061037018952
7900;121.32938627277443;7900;0;7900;4.0772728659932245;7900;0.52593567967911137;7900;4.1077913754692217;7900;4.000061037018952
7910;121.58574175237283;7910;0;7910;4.0040284432508315;7910;0.52597522265376062;7910;4.1032135990478222;7910;4.000061037018952
7920;121.32938627277443;7920;0;7920;4.0406506546220289;7920;0.52589613670446189;7920;4.1169469283120215;7920;4.000061037018952
7930;121.21951963866084;7930;0;7930;4.1505172887356183;7930;0.52593567967911137;7930;4.0907010101626637;7930;4.000061037018952
7940;121.40263069551682;7940;0;7940;4.1871395001068148;7940;0.52597522265376062;7940;4.0687276833399455;7940;4.000061037018952
7950;121.51249732963043;7950;0;7950;4.13830988494522;7950;0.52593567967911137;7950;4.088259529404584;7950;4.000061037018952
7960;121.36600848414562;7960;0;7960;4.1016876735740224;7960;0.52589613670446189;7960;4.1062654499954219;7960;4.000061037018952
7970;121.46366771446881;7970;0;7970;4.1138950773644218;7970;0.52589613670446189;7970;4.0995513779107027;7970;4.000061037018952
7980;121.64677877132482;7980;0;7980;4.0528580584124274;7980;0.52585659372981242;7980;4.0897854548783839;7980;4.000061037018952
7990;121.61015655995362;7990;0;7990;4.0772728659932245;7990;0.52585659372981242;7990;4.121219519638661;7990;4.000061037018952
8000;121.45146031067841;8000;0;8000;4.2359691152684107;8000;0.52585659372981242;8000;4.1059602649006619;8000;4.000061037018952
8010;121.54911954100163;8010;0;8010;4.2237617114780113;8010;0.52589613670446189;8010;4.0781884212775052;8010;4.000061037018952
8020;121.57353434858243;8020;0;8020;4.1871395001068148;8020;0.52589613670446189;8020;4.080019531846065;8020;4.000061037018952
8030;121.52470473342083;8030;0;8030;4.2115543076876127;8030;0.52585659372981242;8030;4.1059602649006619;8030;4.000061037018952
8040;121.47587511825921;8040;0;8040;4.12610248115482;8040;0.52589613670446189;8040;4.1038239692373422;8040;4.000061037018952
8050;121.42704550309762;8050;0;8050;4.0772728659932245;8050;0.52589613670446189;8050;4.0919217505417036;8050;4.000061037018952
8060;121.58574175237283;8060;0;8060;4.0528580584124274;8060;0.52585659372981242;8060;4.120914334543901;8060;4.000061037018952
8070;121.32938627277443;8070;0;8070;4.0406506546220289;8070;0.525817050755163;8070;4.1148106326487017;8070;4.000061037018952
8080;121.39042329172642;8080;0;8080;4.12610248115482;8080;0.52585659372981242;8080;4.0836817529831846;8080;4.000061037018952
8090;121.54911954100163;8090;0;8090;4.2115543076876127;8090;0.52585659372981242;8090;4.0696432386242254;8090;4.000061037018952
8100;121.61015655995362;8100;0;8100;4.2847987304300066;8100;0.52589613670446189;8100;4.0946684163945433;8100;4.000061037018952
8110;121.45146031067841;8110;0;8110;4.2603839228492086;8110;0.52593567967911137;8110;4.1001617481002226;8110;4.000061037018952
8120;121.32938627277443;8120;0;8120;4.2603839228492086;8120;0.52593567967911137;8120;4.1007721182897425;8120;4.000061037018952
8130;121.50028992584004;8130;0;8130;4.3336283455916016;8130;0.52593567967911137;8130;4.1178624835963014;8130;4.000061037018952
8140;121.41483809930722;8140;0;8140;4.2970061342204051;8140;0.52585659372981242;8140;4.13098544267098;8140;4.000061037018952
8150;121.45146031067841;8150;0;8150;4.2115543076876127;8150;0.52589613670446189;8150;4.1032135990478222;8150;4.000061037018952
8160;121.36600848414562;8160;0;8160;4.2237617114780113;8160;0.52585659372981242;8160;4.0730002746665859;8160;4.000061037018952
8170;121.41483809930722;8170;0;8170;4.2847987304300066;8170;0.52585659372981242;8170;4.0931424909207434;8170;4.000061037018952
8180;121.41483809930722;8180;0;8180;4.2603839228492086;8180;0.52589613670446189;8180;4.0864284188360243;8180;4.000061037018952
8190;121.41483809930722;8190;0;8190;4.1505172887356183;8190;0.52589613670446189;8190;4.080629902035585;8190;4.000061037018952
8200;121.54911954100163;8200;0;8200;4.1871395001068148;8200;0.52585659372981242;8200;4.0910061952574237;8200;4.000061037018952
8210;121.47587511825921;8210;0;8210;4.2603839228492086;8210;0.52589613670446189;8210;4.1236610003967407;8210;4.000061037018952
8220;121.26834925382244;8220;0;8220;4.3092135380108036;8220;0.52593567967911137;8220;4.1148106326487017;8220;4.000061037018952
8230;121.45146031067841;8230;0;8230;4.3336283455916016;8230;0.52589613670446189;8230;4.0845973082674645;8230;4.000061037018952
8240;121.63457136753442;8240;0;8240;4.3214209418012022;8240;0.52589613670446189;8240;4.1022980437635423;8240;4.000061037018952
8250;121.37821588793602;8250;0;8250;4.2359691152684107;8250;0.52589613670446189;8250;4.1148106326487017;8250;4.000061037018952
8260;121.48808252204964;8260;0;8260;4.2481765190588092;8260;0.52589613670446189;8260;4.0977202673421429;8260;4.000061037018952
8270;121.54911954100163;8270;0;8270;4.2970061342204051;8270;0.52589613670446189;8270;4.0852076784569844;8270;4.000061037018952
8280;121.48808252204964;8280;0;8280;4.3214209418012022;8280;0.52589613670446189;8280;4.1102328562273014;8280;4.000061037018952
8290;121.20731223487044;8290;0;8290;4.345835749382;8290;0.52585659372981242;8290;4.1187780388805812;8290;4.000061037018952
8300;121.28055665761283;8300;0;8300;4.394665364543596;8300;0.52589613670446189;8300;4.1026032288583023;8300;4.000061037018952
8310;121.57353434858243;8310;0;8310;4.3336283455916016;8310;0.52589613670446189;8310;4.0974150822473829;8310;4.000061037018952
8320;121.41483809930722;8320;0;8320;4.2237617114780113;8320;0.52585659372981242;8320;4.1160313730277416;8320;4.000061037018952
8330;121.35380108035523;8330;0;8330;4.2603839228492086;8330;0.52589613670446189;8330;4.0946684163945433;8330;4.000061037018952
8340;121.45146031067841;8340;0;8340;4.2970061342204051;8340;0.52589613670446189;8340;4.0730002746665859;8340;4.000061037018952
8350;121.51249732963043;8350;0;8350;4.2847987304300066;8350;0.52585659372981242;8350;4.0922269356364636;8350;4.000061037018952
8360;121.41483809930722;8360;0;8360;4.2237617114780113;8360;0.525817050755163;8360;4.1108432264168213;8360;4.000061037018952
8370;121.51249732963043;8370;0;8370;4.2970061342204051;8370;0.52589613670446189;8370;4.0977202673421429;8370;4.000061037018952
8380;121.57353434858243;8380;0;8380;4.3092135380108036;8380;0.52589613670446189;8380;4.0842921231727045;8380;4.000061037018952
8390;121.42704550309762;8390;0;8390;4.3336283455916016;8390;0.52585659372981242;8390;4.1199987792596211;8390;4.000061037018952
8400;121.35380108035523;8400;0;8400;4.443494979705191;8400;0.52585659372981242;8400;4.1062654499954219;8400;4.000061037018952
8410;121.48808252204964;8410;0;8410;4.3580431531723995;8410;0.52585659372981242;8410;4.080324716940825;8410;4.000061037018952
8420;121.58574175237283;8420;0;8420;4.3092135380108036;8420;0.525817050755163;8420;4.0833765678884246;8420;4.000061037018952
8430;121.47587511825921;8430;0;8430;4.3580431531723995;8430;0.52585659372981242;8430;4.112674336985382;8430;4.000061037018952
8440;121.36600848414562;8440;0;8440;4.3336283455916016;8440;0.52585659372981242;8440;4.1077913754692217;8440;4.000061037018952
8450;121.42704550309762;8450;0;8450;4.345835749382;8450;0.52585659372981242;8450;4.0858180486465043;8450;4.000061037018952
8460;121.54911954100163;8460;0;8460;4.2970061342204051;8460;0.52593567967911137;8460;4.1129795220801419;8460;4.000061037018952
8470;121.32938627277443;8470;0;8470;4.2970061342204051;8470;0.52589613670446189;8470;4.1096224860377815;8470;4.000061037018952
8480;121.42704550309762;8480;0;8480;4.3824579607531975;8480;0.52585659372981242;8480;4.0855128635517444;8480;4.000061037018952
8490;121.59794915616322;8490;0;8490;4.345835749382;8490;0.52589613670446189;8490;4.0772728659932254;8490;4.000061037018952
8500;121.58574175237283;8500;0;8500;4.2970061342204051;8500;0.52597522265376062;8500;4.1047395245216221;8500;4.000061037018952
8510;121.31717886898403;8510;0;8510;4.2970061342204051;8510;0.52593567967911137;8510;4.105349894711142;8510;4.000061037018952
8520;121.32938627277443;8520;0;8520;4.3214209418012022;8520;0.52589613670446189;8520;4.0910061952574237;8520;4.000061037018952
8530;121.64677877132482;8530;0;8530;4.394665364543596;8530;0.52593567967911137;8530;4.1071810052797018;8530;4.000061037018952
8540;121.47587511825921;8540;0;8540;4.4312875759147925;8540;0.52585659372981242;8540;4.1199987792596211;8540;4.000061037018952
EOF
